feature_key,feature_label,shap_value,feature_value_raw,feature_value_norm,y_offset
citation,Citation,0.019664245729064753,0.8379814688873755,0.08845026541253222,-0.14466666666666667
citation,Citation,0.014359071771839841,0.8560020011143293,0.0916938455986419,-0.242972972972973
citation,Citation,0.015593739063029452,0.8365946951394869,0.08820065503506842,0.10891891891891892
citation,Citation,0.022973386488112382,0.7998144178406525,0.0815804410933471,0.31
citation,Citation,0.015428379703831424,0.8379363467862183,0.08844214372381483,0.058648648648648605
citation,Citation,0.01129596149677651,0.894185732208111,0.09856667221928303,-0.2108
citation,Citation,0.020056883035524282,0.7922823036266498,0.08022470885878455,-0.062
citation,Citation,0.014882546120771533,0.858739540218248,0.09218658507405482,-0.05864864864864866
citation,Citation,0.01082278501888469,0.6498722214633618,0.05459180773302391,0.28568627450980394
citation,Citation,0.01299363536782937,0.8950651193117451,0.09872495625603316,0.17359999999999998
citation,Citation,0.022549141831907028,0.8160639595522013,0.08450525434886832,0.10333333333333333
citation,Citation,0.015236427168767936,0.843233511404253,0.0893955993699205,-0.008378378378378404
citation,Citation,0.011793820395071371,0.9862665558015873,0.11514062970105637,-0.08680000000000002
citation,Citation,0.020682769044565685,0.8153644230543865,0.08437934226729402,0.062
citation,Citation,0.012675576809594653,1.1337324605540517,0.1416835464561118,0.124
citation,Citation,0.012030977634109315,0.9642180599902999,0.11117204191206503,-0.012400000000000022
citation,Citation,0.009425085845860446,1.1808173259060633,0.15015852013602304,-0.0303921568627451
citation,Citation,0.01128323419621373,0.7643994632738321,0.0752059764838559,-0.248
citation,Citation,0.015881448847484936,0.8646993673133305,0.09325931571457025,0.17594594594594593
citation,Citation,0.010218730932017663,1.3647815207407001,0.1832708949429525,0.16411764705882353
citation,Citation,0.013960996233915168,0.9319778654461185,0.10536901373826818,-0.29324324324324325
citation,Citation,0.021990825530935683,0.777518529921181,0.07756732431208183,0.31
citation,Citation,0.016947478874088318,0.6931471805599453,0.06238102273026108,-0.279
citation,Citation,0.02224157078860323,0.7310279124455668,0.06919931143739236,-0.31
citation,Citation,0.0106269999846177,0.8595261808677596,0.09232817534409844,0.2613725490196079
citation,Citation,0.013557905263930685,1.0926053998591923,0.1342809393908639,0.28519999999999995
citation,Citation,0.01349808440648708,1.207353895105341,0.15493493234061725,0.2728
citation,Citation,0.015896536241797685,1.0819391194678327,0.132361077352319,0.20945945945945937
citation,Citation,0.0077752761145015266,0.6663222394850651,0.0575527054381725,0.11809523809523814
citation,Citation,0.014785585779214464,0.8507965528321888,0.09075689830457055,-0.10891891891891892
citation,Citation,0.018131491995834376,0.9034214418063453,0.10022904069321124,0.030999999999999972
citation,Citation,0.013611998066223869,0.737443556244691,0.07035408616024162,0.29760000000000003
citation,Citation,0.01851143239082224,0.8779336525643576,0.09564140215224765,0.21700000000000003
citation,Citation,0.009816598013645272,1.1409034073471152,0.14297427087205536,0.0911764705882353
citation,Citation,0.011862550898447592,0.8673567253218534,0.09373762310723163,-0.04960000000000003
citation,Citation,0.010451596962658766,1.28201053965651,0.1683726493834805,0.21274509803921576
citation,Citation,0.01666689855001237,1.0325498240468542,0.12347132104457854,-0.31
citation,Citation,0.01726833156187054,0.9749198308275537,0.11309829200317406,-0.155
citation,Citation,0.011657029940781213,0.592086727423699,0.0441907895416044,-0.09920000000000001
citation,Citation,0.03846562211506885,0.5795193140759233,0.04192873576804689,0.31
citation,Citation,0.01733503420285895,0.44793986730701374,0.018245279526918404,-0.093
citation,Citation,0.04033337560851879,0.6060331993808371,0.04670106501718917,0.186
citation,Citation,0.04954852429348297,0.6873022436756177,0.06132897159057777,0.31
citation,Citation,0.03341080322286151,0.34657359027997264,0.0,-0.20666666666666667
citation,Citation,0.047969297904799604,0.6395289954604773,0.05273009341177705,-0.31
citation,Citation,0.026298213128999052,1.2688874965901065,0.16601058582533634,-0.10333333333333333
citation,Citation,0.035581788338523185,0.7377758908227872,0.07041390425213236,0.25833333333333336
citation,Citation,0.03902117216412874,0.5052080380491484,0.02855318284378581,-0.186
citation,Citation,0.0329724708253304,0.5127030334819843,0.029902233935882132,0.31
citation,Citation,0.012146223118580329,1.1865861854596158,0.15119687784425792,0.012399999999999967
citation,Citation,0.010529464020351348,1.3099311967794183,0.17339818853440356,0.23705882352941182
citation,Citation,0.011432558916512679,1.1968729356955112,0.15304842688977963,-0.1612
citation,Citation,0.014781996806046555,1.1500201456344812,0.14461522527331427,-0.1256756756756757
citation,Citation,0.012024912097549325,1.3647815207407001,0.1832708949429525,-0.02479999999999999
citation,Citation,0.011564091598138529,1.1715313664387512,0.14848710700805007,-0.1364
citation,Citation,0.017954557967852953,1.0176555610682718,0.1207904492658984,0.0
citation,Citation,0.013001618997928212,1.174082741096267,0.14894633807749,0.186
citation,Citation,0.013671135576736973,1.0799561125674866,0.13200414883267955,0.31
citation,Citation,0.017873034732750145,0.9432122444178453,0.10739112987651611,-0.030999999999999972
citation,Citation,0.009745288080185285,0.8958797346140275,0.09887158178409788,0.06686274509803924
citation,Citation,0.011339068135977813,1.141087047866959,0.14300732498744056,-0.19840000000000002
citation,Citation,0.0147285018253791,0.9088425355834293,0.10120480279285066,-0.1591891891891892
citation,Citation,0.017342187632649192,1.0214508017506023,0.12147356823950517,-0.062
citation,Citation,0.011099336027413875,0.9474187814055732,0.10814827954633126,-0.2852
citation,Citation,0.012870548714079423,0.994543665612592,0.11663045636339393,0.1488
citation,Citation,0.019611699454661718,1.0624909755034073,0.1288605362126258,-0.186
citation,Citation,0.009525362840450914,1.1656971352709162,0.14743698282865053,-0.006078431372548987
citation,Citation,0.008932413309065391,0.9371775146040264,0.10630491722718319,-0.11549019607843136
citation,Citation,0.015498266560700382,0.8810191247670968,0.0961967673532059,0.07540540540540536
citation,Citation,0.010206960829158817,0.6972017878538503,0.06311082602992696,0.1519607843137255
citation,Citation,0.011291896003740072,0.6371899631896872,0.05230908260961785,-0.2232
citation,Citation,0.007994230075321119,0.6310989159734336,0.051212733189163556,0.22142857142857147
citation,Citation,0.017305589814893354,0.6726485784273767,0.0586914058597507,-0.124
citation,Citation,0.006927828469792566,0.7094029590212311,0.06530695856072173,-0.10333333333333333
citation,Citation,0.01474580976672737,0.8246374051133272,0.08604841954501961,-0.14243243243243245
citation,Citation,0.014807100205393981,0.6819376518045284,0.060363379471516834,-0.09216216216216216
citation,Citation,-0.015868121552963722,2.2238794869302145,0.3379030171225346,-0.22653846153846152
citation,Citation,-0.0024200846588224587,2.287927892646299,0.3494313192346039,-0.22142857142857142
citation,Citation,0.018801902598197535,2.1931992232259376,0.3323807664918365,0.24800000000000005
citation,Citation,-0.018377885171693257,2.236931099421474,0.34025222363543167,-0.14588235294117646
citation,Citation,-0.022189004572362885,2.232832219507365,0.33951445154816995,0.26866666666666666
citation,Citation,0.015884186287718618,2.2125650098360135,0.3358664838361287,0.19270270270270268
citation,Citation,0.012504344397453872,2.1942587327174947,0.3325714714027974,0.09920000000000001
citation,Citation,-0.01629551715654124,2.240595567277293,0.3409118043392686,-0.28615384615384615
citation,Citation,-0.015299648055066725,2.242066963060072,0.3411766461401011,-0.13115384615384615
citation,Citation,-0.014259542014517748,2.237744466166688,0.34039862443123453,0.08346153846153848
citation,Citation,-0.02210799804214828,2.250174211951743,0.34263589892673924,0.31
citation,Citation,-0.019106489653606416,2.237196512044266,0.3402999962047204,-0.2917647058823529
citation,Citation,0.010197416337536765,2.1878509495050533,0.33141811153511974,0.13980392156862748
citation,Citation,-0.014884793895813181,2.2239436485064594,0.3379145657946158,-0.0476923076923077
citation,Citation,-0.002397910898904102,2.343737557260494,0.35947670080581345,-0.19612244897959186
citation,Citation,-0.0014750249510839877,2.3044959300029495,0.3524134596628637,0.05693877551020404
citation,Citation,-0.016518727053739475,2.2233300533056255,0.33780412259512255,0.31
citation,Citation,0.012665030633554376,2.1840540253614,0.33073468954927543,0.11159999999999998
citation,Citation,0.021206472574301756,2.2064895514261993,0.33477294030082005,0.22733333333333333
citation,Citation,-0.001964377425085256,2.3068600744896384,0.3528389905027717,-0.06959183673469388
citation,Citation,0.01888174320098076,2.1879455765106313,0.3314351437890231,0.31
citation,Citation,-0.024866012098135427,2.2318877767410568,0.3393444579095176,0.2066666666666666
citation,Citation,0.021842639696874746,2.2109037730459873,0.335567471871959,0.26866666666666666
citation,Citation,0.01504589049321744,2.2154083994216567,0.3363782757191447,-0.025135135135135156
citation,Citation,0.008350922625528218,2.156652255756003,0.32580254682246584,-0.28568627450980394
citation,Citation,-0.0026374727437352315,2.2935361209867193,0.3504407643550404,-0.2973469387755102
citation,Citation,-0.015360725263810408,2.2607043214434626,0.3445312510769837,-0.14307692307692307
citation,Citation,0.020382532815585115,2.2148459944539827,0.33627704643319783,0.020666666666666667
citation,Citation,0.011204621474458127,2.0481099099777715,0.30626562096000215,-0.2604
citation,Citation,0.03820041562127109,2.2216576275525672,0.3375030966893923,0.186
citation,Citation,-0.0019287067438754433,2.3120166198074688,0.35376713557701506,-0.04428571428571432
citation,Citation,0.02107484664985141,2.2100106534932147,0.3354067160824675,0.186
citation,Citation,-0.02328862745803927,2.2353216672493192,0.33996253617011474,0.020666666666666667
citation,Citation,-0.001957350986271962,2.489306780007219,0.38567822696842197,-0.0569387755102041
citation,Citation,0.031556964124448944,2.1950643813760795,0.3327164829925241,0.028181818181818197
citation,Citation,-0.01578681281173932,2.261214481788384,0.34462307666602215,-0.2146153846153846
citation,Citation,0.03704754672604385,2.222184719875046,0.33759796992576024,-0.186
citation,Citation,0.0005816523366913982,2.263338360615661,0.3450053612287139,-0.17714285714285716
citation,Citation,0.010341751096641344,2.048363963421699,0.3063113489499726,0.18843137254901965
citation,Citation,-0.03761604467000442,2.244883986247575,0.34168369224061135,-0.31
citation,Citation,-0.004557123183687529,2.478282625070667,0.3836939498077664,-0.1690909090909091
citation,Citation,0.019611123514191687,2.1586054706272826,0.3261541129680108,-0.22733333333333333
citation,Citation,0.03894085869486044,2.203845262786332,0.33429698531066726,-0.31
citation,Citation,0.04509932791556186,2.2038452627863316,0.33429698531066715,0.31
citation,Citation,-0.01628833634544533,2.30928846190844,0.3532760846582951,-0.2742307692307692
citation,Citation,-0.024843591446527796,2.3415747448146496,0.3590874084415669,0.31
citation,Citation,0.02723504629881753,2.001353180397926,0.29784970961385254,0.31
citation,Citation,-0.004149253824433302,2.293172653705585,0.35037534257634156,-0.056363636363636394
citation,Citation,-0.0021645999793700314,2.425048426208243,0.37411213554840095,-0.17081632653061224
citation,Citation,-0.018439026903121308,2.252340051149318,0.3430257360868785,-0.16411764705882353
citation,Citation,-0.0035184458473811113,2.304863433500733,0.3524796079346641,0.14090909090909093
citation,Citation,-0.002482504806582677,2.401132925901144,0.3698074989283471,-0.24673469387755104
citation,Citation,-0.024397079337792383,2.2269144803950165,0.3384492964745218,-0.186
citation,Citation,-0.004033138769241529,2.3104288689108166,0.3534813506021875,-0.028181818181818197
citation,Citation,-0.0007932391316473384,2.2642431138704064,0.34516821100992184,0.1961224489795918
citation,Citation,-0.0015668432317109497,2.3087813725993866,0.35318481183600997,0.03163265306122448
citation,Citation,-0.014377738394567461,2.25844801666241,0.3441251306922206,0.059615384615384626
citation,Citation,-0.017170107800236752,2.26156251944931,0.3446857212120756,0.1276470588235294
citation,Citation,-0.0021213447773711313,2.279497859349524,0.3479139673259425,-0.13285714285714287
citation,Citation,0.011381406459043886,2.1835268621526396,0.33063980355383166,-0.186
citation,Citation,-0.017469177221182724,2.2321019010674896,0.3393829989145131,0.07294117647058823
citation,Citation,-0.01668396030889607,2.223263641280475,0.3377921688566766,0.27352941176470585
citation,Citation,-0.002227929949473675,2.273797247192772,0.3468878937112753,-0.18346938775510205
citation,Citation,0.01931486742685547,2.1727600578592914,0.32870184785786233,-0.31
citation,Citation,-0.018479324776923222,2.2460566552534913,0.34189476513815686,-0.1823529411764706
citation,Citation,0.011598102600715716,2.1880530508410443,0.3314544884789719,-0.1116
citation,Citation,-0.0036017891470607063,2.3122700500730287,0.35381275139887747,0.12212121212121213
citation,Citation,0.015365110202966032,2.1950254006722765,0.33270946671592894,0.0251351351351351
citation,Citation,0.010151915676833245,2.139789163680909,0.3227672984378757,0.12764705882352945
citation,Citation,0.01158693412319939,2.1950203664195005,0.33270856058272763,-0.124
citation,Citation,0.010493526122737415,2.0129002856534366,0.2999281144768164,0.22490196078431374
citation,Citation,0.012006859094862663,2.1845791827138643,0.330829214503455,-0.03720000000000001
citation,Citation,0.007974531467028045,2.1411932284787154,0.32302002109339006,0.20666666666666672
citation,Citation,0.004184446631612709,2.170519577124393,0.32829857569988424,0.08454545454545453
citation,Citation,0.007645493509569647,2.060248987607534,0.30845057705240053,0.07380952380952382
citation,Citation,-0.01209038383292303,3.2427900574740027,0.521300382772494,0.07971428571428568
citation,Citation,-0.009617885507746587,3.276314125580129,0.5273344999504639,-0.13052631578947368
citation,Citation,-0.014646543665917765,3.2162277506226586,0.5165193379556535,-0.011923076923076925
citation,Citation,-0.01765113595523416,3.2229150935327757,0.5177230167753353,0.018235294117647072
citation,Citation,-0.007493449195219211,3.306826187833897,0.5328264753992044,-0.17594594594594595
citation,Citation,-0.010539972977261539,3.1846585888747185,0.5108370913800195,-0.26105263157894737
citation,Citation,-0.014122509676045324,3.234327271592228,0.5197771356086641,0.13115384615384618
citation,Citation,-0.008607188903514891,3.2737764505599496,0.5268777347278515,0.1631578947368421
citation,Citation,-0.004479894521878803,3.3411454293495155,0.5390037186892706,-0.1409090909090909
citation,Citation,-0.01399499309247736,3.272866443207387,0.5267139392427452,0.17884615384615388
citation,Citation,-0.018106477154399198,3.231278676997168,0.5192284081404916,-0.10941176470588238
citation,Citation,-0.007516981775273837,3.3107357377784963,0.533530169306643,-0.18432432432432433
citation,Citation,-0.01121832894364757,3.1547799355222383,0.5054591254697349,0.25685714285714284
citation,Citation,-0.01481913270938654,3.259488334740975,0.5243059655490285,-0.035769230769230775
citation,Citation,-0.006332856565197901,3.3995110676767974,0.5495091591304165,0.10054054054054051
citation,Citation,-0.007591400764282252,3.304644253300633,0.5324337411819042,-0.21783783783783783
citation,Citation,-0.016806474924146168,3.217501682500169,0.5167486375204114,0.2370588235294117
citation,Citation,-0.012270614000070979,3.1945209718630547,0.5126122570436032,0.04428571428571426
citation,Citation,-0.013987985212646667,3.195139260603964,0.5127235450501977,0.19076923076923075
citation,Citation,-0.01494583025479622,3.2183004107096376,0.5168924034736968,-0.07153846153846152
citation,Citation,-0.010819152153368383,3.1972458052365886,0.5131027095690633,-0.29368421052631577
citation,Citation,-0.014428276514766093,3.2024415790233216,0.5140379155160303,0.0476923076923077
citation,Citation,-0.018686994831845355,3.0816574020173206,0.4922975385727654,-0.23705882352941177
citation,Citation,-0.008284087926142299,3.162384085893869,0.5068278237505065,0.27736842105263154
citation,Citation,-0.013296266712370143,3.15865188172221,0.5061560509443956,-0.186
citation,Citation,-0.007074498248804676,3.2979084143668764,0.5312213333891045,-0.07540540540540541
citation,Citation,-0.012353433990080948,3.200345631921515,0.513660658484721,0.02657142857142858
citation,Citation,-0.014202859490524411,3.101629877172422,0.49589245596281656,0.10730769230769233
citation,Citation,-0.016196088250166184,3.111379217014543,0.49764727458533514,-0.2623076923076923
citation,Citation,-0.015149797240490663,3.239436182586597,0.520696706810293,-0.09538461538461537
citation,Citation,-0.0170662661770422,3.2406262889545396,0.52091091832113,0.16411764705882353
citation,Citation,-0.011015165278183673,3.1471162812243394,0.5040797168639958,0.2745714285714285
citation,Citation,-0.017410992850447997,3.220770291408775,0.5173369661534712,0.09117647058823525
citation,Citation,-0.0054206890058095996,3.3085226953360896,0.5331318358652769,-0.31
citation,Citation,-0.008507686110799606,3.3177610954261127,0.5347946886104656,0.17947368421052634
citation,Citation,-0.007069883962438642,3.321694471850897,0.5355026711314734,-0.06702702702702704
citation,Citation,-0.014031615632627817,3.1798511530774416,0.5099717837796859,0.15500000000000003
citation,Citation,-0.016007740925206924,3.2210342279785578,0.5173844730426883,-0.25038461538461537
citation,Citation,-0.019581635970489203,3.06561324474157,0.4894096931979982,0.124
citation,Citation,-0.04578819353646376,3.243527083866333,0.5214330427945563,-0.31
citation,Citation,-0.008672764065160965,3.1939804024364067,0.5125149580149503,0.09789473684210526
citation,Citation,-0.04248200522247899,3.2539842065262294,0.5233152577833359,0.31
citation,Citation,-0.0494233397720306,3.269176062882899,0.5260496944607951,0.0
citation,Citation,-0.03844896256470071,3.3226719987190796,0.5356786196962048,-0.31
citation,Citation,-0.030071569023434854,3.151191349871461,0.5048132030759662,-0.31
citation,Citation,-0.03844896256470071,3.3226719987190796,0.5356786196962048,0.31
citation,Citation,-0.007684217197021972,3.323155597399505,0.5357656643560462,-0.22621621621621624
citation,Citation,-0.007703327017702942,3.330210563915484,0.537035513066212,-0.23459459459459459
citation,Citation,-0.008436502291738809,3.366082729772648,0.543492272774624,0.21210526315789474
citation,Citation,-0.008304488604943719,3.2952991823573283,0.5307516883674954,0.26105263157894737
citation,Citation,-0.00806889769188643,3.4268828409239553,0.5544359027051914,-0.3016216216216216
citation,Citation,-0.0012106602685329705,3.2963276221110824,0.5309368009249867,0.09489795918367344
citation,Citation,-0.013606528283621362,3.2719752073703354,0.5265535225099982,-0.29228571428571426
citation,Citation,-0.013706382111320607,3.2528245308056234,0.523106523593785,0.2980769230769231
citation,Citation,-0.014926858237599202,3.2165447302928576,0.5165763922626355,-0.059615384615384626
citation,Citation,-0.011949391659681428,3.1911858919600715,0.512011964058015,0.11514285714285716
citation,Citation,-0.018097005105269424,3.2174259498362194,0.5167350061267802,-0.0911764705882353
citation,Citation,-0.005909574596144287,3.3452549996474064,0.5397434149770265,0.19270270270270268
citation,Citation,-0.011249175449670887,3.1819835303339516,0.510355598005116,0.23914285714285716
citation,Citation,-0.014564993974214636,3.2559536264092235,0.5236697407270225,0.011923076923076925
citation,Citation,-0.013691560315781878,3.1890271672208694,0.5116234074547384,0.31
citation,Citation,-0.00942550376984403,3.3071480593483433,0.5328844102067662,-0.11421052631578948
citation,Citation,-0.011637610395970967,3.0992547087545814,0.4954649408860278,0.16828571428571426
citation,Citation,-0.017091959932103027,3.2009395627887423,0.5137675622303259,0.14588235294117646
citation,Citation,-0.012080521294830315,3.2534340001931383,0.5232162241733509,0.09742857142857142
citation,Citation,-0.008719610961980262,3.178198464427768,0.509674310425937,0.04894736842105263
citation,Citation,-0.012719300186574505,3.1786504208142574,0.5097556596758782,-0.07971428571428571
citation,Citation,-0.01350145930445768,3.181246130050177,0.5102228706849925,-0.23914285714285716
citation,Citation,-0.006269590814506155,3.2440359573758304,0.5215246367614744,0.10891891891891892
citation,Citation,-0.019424595216502877,3.026044584462208,0.4822875882092746,0.24800000000000005
citation,Citation,-0.016913864037258117,3.160452907123996,0.5064802239618372,0.2188235294117647
citation,Citation,-0.024110738071020512,3.219578622081829,0.5171224733200412,-0.10333333333333333
citation,Citation,-0.008806979234823322,3.1160608786518917,0.49848994364381394,0.016315789473684228
citation,Citation,-0.01161224843406743,3.2124332676288376,0.5158363553611173,0.186
citation,Citation,-0.01568617039182073,4.876588640610204,0.815373645737959,-0.19076923076923075
citation,Citation,-0.015496635377342265,4.906452913492596,0.8207490232558889,-0.155
citation,Citation,-0.013937946264704543,4.839644093220078,0.8087238642337166,0.2146153846153846
citation,Citation,-0.021219207781468755,4.7631282980299705,0.7949515120036398,-0.186
citation,Citation,0.013234872449162619,5.095871194053184,0.8548430985015867,0.23559999999999998
citation,Citation,-0.007526589395756455,4.217954782017255,0.6968237768035846,-0.1927027027027027
citation,Citation,-0.014530881735691212,4.828691034520446,0.8067523839395728,0.02384615384615385
citation,Citation,-0.0036058078839978896,4.9439885884955785,0.8275052039379346,0.11272727272727273
citation,Citation,-0.0060191235289468225,4.94317681220813,0.8273590894143257,0.17594594594594593
citation,Citation,0.011849701211768765,5.044615009273913,0.8456173140867984,-0.062
citation,Citation,-0.01796358815760964,4.691255596396578,0.7820148868249699,-0.07294117647058823
citation,Citation,0.013189346285127336,5.104289760419538,0.856358386436341,0.21079999999999993
citation,Citation,-0.007392744950439879,4.206513814759398,0.6947644760992465,-0.15081081081081082
citation,Citation,-0.013961332180435786,4.897397193312653,0.8191190517224909,0.20269230769230767
citation,Citation,0.02245109742782679,5.243637412307989,0.8814400697603352,-0.10333333333333333
citation,Citation,-0.002036839827671067,4.620777218259599,0.7693292309300611,-0.10755102040816328
citation,Citation,-0.003403556447400655,4.5444578794206425,0.755592239582782,0.15969696969696967
citation,Citation,-0.005801197400022985,4.110467204393266,0.6774767024417843,0.22621621621621618
citation,Citation,-0.02363168316620522,4.6519774660330295,0.7749450753571332,-0.020666666666666667
citation,Citation,0.002317169397905868,4.615221166852342,0.7683291773228413,0.2657142857142856
citation,Citation,-0.02757827159114709,4.665104461941256,0.7773078504014452,0.23249999999999998
citation,Citation,-0.025362892043896197,4.64039410317022,0.7728601443574743,0.10333333333333333
citation,Citation,-0.007566439608813978,4.565934586106108,0.759457908997566,-0.20108108108108108
citation,Citation,-0.026210891584414094,4.769354889870624,0.7960722585868694,-0.31
citation,Citation,-0.00038741179931656546,4.38968409314134,0.7277339510382389,0.2720408163265306
citation,Citation,0.003105105935343728,4.452435755540502,0.739028847672808,-0.25363636363636366
citation,Citation,-0.025777357869361747,4.789384072994574,0.7996773830474907,-0.10333333333333333
citation,Citation,-0.030923688855173,4.8757430439811,0.815221443769834,0.31
citation,Citation,-0.02400507515519168,4.702785598246838,0.7840902131847194,-0.062
citation,Citation,-0.026171783794785547,4.8188967781717436,0.8049894806340415,-0.20666666666666667
citation,Citation,-0.019174733642117175,4.682318329483705,0.7804062361196811,-0.31
citation,Citation,-0.024170072368559347,4.87089448813359,0.8143487348242733,-0.14466666666666667
citation,Citation,0.0038736410338969774,4.455074759724591,0.7395038514948244,0.028181818181818197
citation,Citation,-0.001105466161482104,3.977537136631348,0.6535501430871243,0.13285714285714284
citation,Citation,-0.01146561211002431,4.618215120955289,0.7688680698529917,0.22142857142857136
citation,Citation,0.0145257866103703,5.902327169033812,1.0,-0.20945945945945946
citation,Citation,-0.01957449081830131,4.170388259830517,0.6882621079835994,0.186
citation,Citation,0.011088457148646445,5.100949028032757,0.8557570760399339,-0.2976
citation,Citation,-0.0038944934280903238,4.152707125797813,0.68507961729497,0.009393939393939399
citation,Citation,-0.0299777447291465,4.774522736293632,0.79700243778754,-0.23249999999999998
citation,Citation,-0.006402004358619053,5.089113326313829,0.8536267256651098,0.07540540540540536
citation,Citation,-0.007969447081884205,5.050777868733981,0.8467265892504119,-0.25972972972972974
citation,Citation,0.00857005062927561,4.943394948255499,0.8273983525033515,-0.22490196078431374
citation,Citation,-0.04272220665015948,4.919990484758424,0.8231856992304314,-0.31
citation,Citation,0.03310618638301566,5.66855262483141,0.9579220818762738,-0.31
citation,Citation,-0.0030105509388474914,4.000335605750923,0.6576537212599866,0.263030303030303
citation,Citation,-0.006346343890332224,4.993752179392519,0.8364623310299721,0.08378378378378376
citation,Citation,-0.006163181998109533,4.583291766340404,0.7625820900808798,0.12567567567567567
citation,Citation,-0.0066044176114468155,4.569672023255066,0.7601306237060172,0.016756756756756752
citation,Citation,-0.012591296967239379,4.35770065492363,0.7219771373559295,-0.02657142857142858
citation,Citation,-0.017909377126937333,4.740739495092034,0.7909216711151678,-0.054705882352941215
citation,Citation,-0.0006821289971426349,4.615218503047839,0.7683286978551211,0.22142857142857136
citation,Citation,-0.001050267376264953,4.469128137478155,0.7420333693278878,0.14551020408163262
citation,Citation,0.0003476775985041659,4.618082107360273,0.7688441282592673,-0.26571428571428574
citation,Citation,-0.005462868225670503,4.521370321754423,0.751436627326236,0.31
citation,Citation,-0.008100423666218768,4.841453186947919,0.8090494894980839,-0.31
citation,Citation,0.010603790143123628,4.9519450822168745,0.8289373217611086,0.2492156862745098
citation,Citation,-0.013309820674561093,4.3608512338180505,0.7225442213436838,-0.2037142857142857
citation,Citation,-0.003122454726600443,4.592090807995086,0.7641658611265092,0.2536363636363636
citation,Citation,-0.0017995201926485184,4.31457168865889,0.7142142001317745,-0.0189795918367347
citation,Citation,-0.006051098892629934,4.647619479807729,0.7741606657962113,0.14243243243243242
citation,Citation,-0.007427373791831832,4.175457364712306,0.689174514340349,-0.1591891891891892
citation,Citation,-0.005882660902618742,3.942247670342212,0.6471982655625184,0.20108108108108108
citation,Citation,-0.004273763172324523,4.024926249281948,0.6620798793288152,-0.07515151515151516
citation,Citation,-0.0021598731027631895,4.1492550302295035,0.684458262240363,-0.15816326530612246
citation,Citation,-0.009087887520013679,3.34909706080489,0.5404349613357736,-0.0326315789473684
citation,Citation,-0.0011137663087861396,2.5632504401894383,0.3989876113991845,0.120204081632653
citation,Citation,-0.0040149430612163315,2.4433281085749727,0.3774023610970348,-0.009393939393939399
citation,Citation,-0.009994398656215627,3.2560779914472104,0.5236921256359686,-0.14684210526315788
citation,Citation,0.016978292268549126,2.211890961032976,0.3357451593760924,-0.248
citation,Citation,-0.0005364043707288401,2.6889473799126837,0.42161225411262887,0.24673469387755104
citation,Citation,-0.011690052930968968,3.0967767664502093,0.4950189271690321,0.15057142857142858
citation,Citation,-0.004443864127519659,3.6355655714460884,0.5919974553485937,-0.11272727272727273
citation,Citation,-0.008994899124777479,3.3502238675034577,0.5406377793122362,-0.016315789473684228
citation,Citation,-0.00640995671079843,2.357254631993499,0.3619096875359479,0.06702702702702701
citation,Citation,-0.007972443599557065,3.2545063474169282,0.5234092397937504,-0.2681081081081081
citation,Citation,-0.0003144844094288251,2.653075525681597,0.41515555049491143,0.29734693877551016
citation,Citation,-0.01286165161845595,3.1785709928190604,0.5097413631463308,-0.13285714285714287
citation,Citation,-0.0007074550001439976,4.575887527939699,0.7612493746722951,0.20877551020408164
citation,Citation,-0.01385298627279122,4.711981951922942,0.7857454978451608,0.2623076923076923
citation,Citation,-0.007576538183309851,4.746799330748325,0.7920124026550736,-0.20945945945945946
citation,Citation,-0.008690561729154474,3.2928039629811803,0.530302564888425,0.06526315789473686
citation,Citation,0.0007087192188767654,4.994713302524669,0.8366353270274594,-0.08857142857142858
citation,Citation,-0.008927207590687783,3.128600548981815,0.5007470038521495,0.0
citation,Citation,-0.005765983609323409,4.333192739944605,0.7175658698956973,0.2513513513513513
citation,Citation,-0.00727831303532047,3.49912444131779,0.5674389272939887,-0.1256756756756757
citation,Citation,-0.004406964915172878,3.916206607201574,0.6425110412694498,-0.09393939393939393
citation,Citation,-0.008680019385473537,3.397796869539994,0.5492006144636121,0.08157894736842103
citation,Citation,-0.01787096292817888,3.2625965140592172,0.5248654178850947,-0.018235294117647072
citation,Citation,-0.006455157250560769,3.55414129728815,0.5773416083957484,0.050270270270270256
citation,Citation,0.008575620072077877,2.8620450771473824,0.4527687290680074,-0.21274509803921568
citation,Citation,-0.008757222602067983,3.55955328568273,0.5783157315849548,0.0326315789473684
citation,Citation,0.0005903916525449504,2.8433196661907294,0.4493982752328585,-0.13285714285714287
citation,Citation,-0.01781661030976574,3.0865805008691014,0.49318366478084774,0.0
citation,Citation,-0.0027238910128921205,2.489306780007219,0.38567822696842197,0.31
citation,Citation,0.0028578026462285065,2.85431259193266,0.45137693133884016,-0.31
citation,Citation,0.01697957226135286,2.877638123009429,0.45557537728251374,-0.217
citation,Citation,-0.0031701204011493466,2.4527791367347107,0.37910348553060946,0.216060606060606
citation,Citation,-0.018866381256463727,2.975135488293009,0.47312427751747493,-0.2735294117647059
citation,Citation,0.007273106691401594,1.5754345006817314,0.2211870798411821,-0.04428571428571426
citation,Citation,0.0025891665397980534,1.6207626071281473,0.22934584818896456,0.31
citation,Citation,0.0076772530684220755,1.0646971067913955,0.12925762569053656,0.10333333333333333
citation,Citation,0.007775715593961594,1.6170714119904486,0.2286814567458641,0.1328571428571429
citation,Citation,0.005585519570520593,1.5398413549591625,0.21478054196688126,-0.2804761904761905
citation,Citation,0.00643425583835049,2.014318466892865,0.3001833780012556,-0.16238095238095238
citation,Citation,0.003873212177937964,1.5025669645375515,0.208071390833153,-0.02818181818181814
citation,Citation,-0.0017886950874433187,2.4064510423294627,0.37076472576588293,-0.006326530612244918
citation,Citation,-0.014644702079473637,3.2250668573914663,0.5181103204647788,0.0
citation,Citation,-0.003953930985166517,2.42057080831505,0.3733061930547821,0.0
citation,Citation,-0.004930695752837109,2.330519697180751,0.3570975707935879,-0.24424242424242426
citation,Citation,0.012088082149584402,1.8984857153220471,0.27933422586935,0.0
citation,Citation,0.009556821362948335,1.6763742775201727,0.23935559207045956,0.006078431372549042
citation,Citation,-0.004417906486091679,2.3126210465824197,0.3538759285186715,-0.10333333333333333
citation,Citation,-0.005859985029312646,3.6050334746775667,0.5865018738157335,0.20945945945945937
citation,Citation,-0.005494446292240354,3.9928109670362817,0.6562993345673483,0.3016216216216216
citation,Citation,-0.0044653230035086025,3.6143900162127762,0.588185991263093,-0.12212121212121213
citation,Citation,-0.006469158422872093,3.312727131069945,0.5338886073228761,0.04189189189189185
citation,Citation,0.008090120690330025,1.9620346771500519,0.2907726312858585,0.250952380952381
citation,Citation,-0.00800087770802021,3.340101797606855,0.5388158716712438,-0.28486486486486484
citation,Citation,0.002181918727404543,2.7930358120922723,0.4403475041024125,0.13285714285714284
citation,Citation,-0.012486636590062048,3.069852409892644,0.4901727157278824,0.008857142857142841
citation,Citation,0.0038275246795756988,2.8251243105756303,0.4461232279585011,-0.08454545454545453
citation,Citation,-0.0025763511775780635,2.567662508354398,0.3997817553622703,-0.2593877551020408
citation,Citation,-0.007077558503848041,2.7030749843633184,0.4241551322749471,-0.08378378378378379
citation,Citation,-0.0010138913697787292,3.399527931029398,0.549512194425694,0.17081632653061224
citation,Citation,0.004189818979867546,2.7562672102437085,0.43372939166683344,0.14090909090909093
citation,Citation,0.014863099834215571,2.190492074284663,0.3318934970507247,-0.07540540540540541
citation,Citation,0.027723476150785225,2.2023359461675507,0.33402531800264385,-0.31
citation,Citation,0.009304052357305668,2.1072733422475776,0.31691465919237755,-0.06686274509803919
citation,Citation,-0.004778841584129288,2.428861003686151,0.3747983750339836,-0.20666666666666667
citation,Citation,0.009456879919006664,1.545521226679158,0.21580288243599716,-0.018235294117647072
citation,Citation,0.008854681307739665,1.5306232023785964,0.21312133364349234,-0.16411764705882353
citation,Citation,0.007407027954896212,2.024242045408793,0.30196955846719226,-0.014761904761904754
citation,Citation,0.010250282806530946,1.1021293671107313,0.13599519239300573,0.17627450980392162
citation,Citation,0.005657522630434327,1.9390370533210681,0.28663320654302427,-0.2509523809523809
citation,Citation,0.006827147968367595,0.9497596739782774,0.10856962519089983,-0.11809523809523809
citation,Citation,0.011825623804287306,1.2217620303681682,0.1575283042493222,-0.0744
citation,Citation,0.008932316712117661,1.3900439768749577,0.1878179749701995,-0.1276470588235294
citation,Citation,0.01318924022893984,1.1606064794170585,0.1465206974351937,0.19839999999999997
citation,Citation,-0.001670111569109695,2.648337563727994,0.414302747740714,0.006326530612244863
citation,Citation,-0.013726467189689374,3.1032213707194907,0.49617891459070734,0.28615384615384615
citation,Citation,-0.004393600524996802,2.4391363952883034,0.3766478795983054,-0.08454545454545453
citation,Citation,-0.021204185310811644,2.9147108698876396,0.462248233872119,-0.124
citation,Citation,0.006284237853469586,1.8430237449239948,0.2693514270263364,-0.1919047619047619
citation,Citation,-0.0038195742196844313,2.4107569676534353,0.3715397646985741,0.028181818181818197
citation,Citation,-0.0067149672436287375,3.755600628361608,0.6136029954817188,0.0
citation,Citation,-0.008392340009697746,4.08530692440038,0.6729480134644504,0.2284210526315789
citation,Citation,-0.008237145614498443,3.7131427921208884,0.6059608573561033,0.31
citation,Citation,-0.008034749303210487,3.97522932237708,0.653134751327653,-0.29324324324324325
citation,Citation,-0.009097695417220395,3.2025682823626855,0.5140607213042222,-0.04894736842105263
citation,Citation,-0.0018104313394715211,2.627990791814623,0.4106404593355586,-0.03163265306122448
citation,Citation,0.007956120006516507,2.815336170953767,0.44436142562455766,0.19190476190476197
citation,Citation,-0.0035222524302550755,2.3879289355186044,0.36743086537263403,0.13151515151515153
citation,Citation,0.0065540699287739805,2.8193418412844995,0.44508242058481845,-0.13285714285714284
citation,Citation,0.008332034282427972,1.752498457342594,0.25305745604684854,-0.29784313725490197
citation,Citation,0.008498818774947745,2.7781377280565915,0.43766594455796953,-0.2613725490196078
citation,Citation,0.00941783110775889,2.0918819426608626,0.31414430601372423,-0.04254901960784313
citation,Citation,-0.003407430595952059,2.4117710539405413,0.3717222937241565,0.15030303030303027
citation,Citation,0.009603577910773393,1.8070645034147623,0.26287899425920525,0.0303921568627451
citation,Citation,-0.004971994714192728,2.3604768287260445,0.36248966227508456,-0.25363636363636366
citation,Citation,-0.005737865501844859,2.401280290080221,0.3698340235351332,0.2597297297297297
citation,Citation,0.011157660660592641,2.000714394471069,0.29773473224529184,-0.2728
citation,Citation,0.018503470364915484,1.047982061876096,0.1262490248448798,0.15499999999999997
citation,Citation,0.013348837433211688,1.2012760953562978,0.15384096737926875,0.24799999999999994
citation,Citation,0.008156282201276285,0.875491608993484,0.09520184997696535,0.26571428571428574
citation,Citation,0.014688781244405565,0.906319169093692,0.10075061301391822,-0.17594594594594595
citation,Citation,0.00956127481124616,1.1526205747718856,0.14508328583441418,0.018235294117647072
citation,Citation,0.012182990804905803,1.3461496685638044,0.17991728108791272,0.03720000000000001
citation,Citation,0.03406035329101595,1.6605335286699001,0.23650435890726632,0.15499999999999997
citation,Citation,-0.002996475427875517,2.600552560942562,0.40570175381467494,0.2724242424242424
citation,Citation,0.030714462769222968,1.4435274664583047,0.19744465995995086,-0.19727272727272727
citation,Citation,0.034959947572689165,1.7505743622498877,0.25271113127462247,0.2066666666666666
citation,Citation,0.03341080322286151,0.34657359027997264,0.0,-0.155
citation,Citation,0.0315394907976632,1.4971229473862142,0.20709150267321805,-0.02818181818181814
citation,Citation,-0.029202402827820374,3.0221077520958946,0.48157898364096385,-0.155
citation,Citation,-0.0070553506428518604,3.8540673172302315,0.6313263677430763,-0.05864864864864866
citation,Citation,-0.016588303122887314,2.473623182702799,0.38285528007524144,0.29176470588235287
citation,Citation,-0.01866299374866757,3.1394517096350714,0.5027001431516953,-0.2188235294117647
citation,Citation,-0.021220262137336944,2.5408063890322476,0.39494782618570407,-0.248
citation,Citation,-0.028932342543529645,2.368601162581482,0.3639519902455882,-0.07750000000000001
citation,Citation,-0.006848772347091253,2.5184763012068148,0.39092855364078294,-0.016756756756756752
citation,Citation,0.014421784983014718,2.108886166241306,0.31720495716381675,-0.22621621621621624
citation,Citation,-0.04543771538394787,2.249515078741225,0.342517259177662,0.31
citation,Citation,-0.03224381118291753,2.494761254313465,0.38665999734915035,-0.31
citation,Citation,0.040699581434562315,1.0220247120658386,0.12157686841419812,0.31
citation,Citation,0.040246441532212816,1.1867522564988726,0.15122676956585837,0.062
citation,Citation,0.04292887364101054,1.3562882931415687,0.18174216846530403,0.31
citation,Citation,0.04184650845267475,1.1833970350236023,0.1506228512264811,-0.31
citation,Citation,0.033977708375627254,0.5815446511555252,0.04229328344837368,0.10333333333333333
citation,Citation,0.01631413735846367,0.5972531564093516,0.04512071361264489,0.2932432432432432
citation,Citation,0.029874253351296454,0.43158452433574224,0.015301422723438648,0.31
citation,Citation,0.04407647606580084,0.631654958551163,0.051312817285739734,-0.31
citation,Citation,0.04273907284404084,0.6317627140127827,0.05133221257750209,0.10333333333333333
citation,Citation,0.0033593419440630396,2.8359218370204635,0.44806671344463295,-0.1409090909090909
citation,Citation,0.01560308994061602,0.8336416428526657,0.08766912456940591,0.12567567567567567
citation,Citation,0.012755034553816552,0.8129797606616009,0.08395011833592583,0.13639999999999997
citation,Citation,0.018352615319007625,0.8299201775540286,0.08699928469154151,0.062
citation,Citation,0.015837910687368912,0.6980575480118746,0.06326485736805125,0.15918918918918917
citation,Citation,0.015382126312864272,0.8157940893026131,0.0844566794353552,0.04189189189189185
citation,Citation,0.009609250981444786,0.9428088870386039,0.10731852813608184,0.04254901960784313
citation,Citation,0.019563175533171395,0.7464304259279425,0.07197166504596089,-0.26866666666666666
citation,Citation,0.013957809114299993,0.8243076868373496,0.08598907237072474,-0.31
citation,Citation,0.016075021182826794,0.8914392718777424,0.09807232698034522,0.2597297297297297
citation,Citation,0.014610590243970442,0.8027159475598964,0.08210269782740019,-0.1927027027027027
citation,Citation,0.03991656346728786,0.5901270954368409,0.043838068356425834,-0.062
citation,Citation,0.009714529003667309,1.2680875783947843,0.16586660568223185,0.054705882352941215
citation,Citation,0.014993235014707338,1.1446478869434737,0.14364825317585625,-0.04189189189189191
citation,Citation,0.01717339886317034,1.0900986712581335,0.13382974432514952,-0.186
citation,Citation,0.007912091157016526,0.6479425046971539,0.054244471095634614,0.17714285714285716
citation,Citation,0.03265667187716112,2.2136439963408763,0.3360606944845255,0.14090909090909093
citation,Citation,0.0023135223903721688,2.2723514958843185,0.3466276677512935,0.22142857142857136
citation,Citation,0.02483476075873135,2.2044830722225703,0.3344117869171815,-0.31
citation,Citation,-0.01595174613661733,2.2431740096852324,0.3413759074301256,-0.23846153846153845
citation,Citation,-0.02324302980758794,2.2309450662362886,0.3391747760668287,0.062
citation,Citation,0.005445100171303658,2.142721722488241,0.32329514020871064,0.31
citation,Citation,0.0328781568459353,2.207427637207473,0.33494178972295086,0.2536363636363637
citation,Citation,-0.017901450432860438,2.2333662579537137,0.33961057504227,-0.036470588235294144
citation,Citation,0.02000621322592236,2.1941809275587536,0.3325574669734004,-0.10333333333333333
citation,Citation,0.04268988027220072,2.218842200265019,0.3369963378406351,-0.10333333333333333
citation,Citation,-0.023070788982855167,2.2690220212776553,0.34602838368308075,0.10333333333333333
citation,Citation,-0.0028804142086215306,2.299297325389066,0.3514777441851715,0.2912121212121212
citation,Citation,-0.002627490657173789,2.288803017976027,0.34958883617939335,-0.2846938775510204
citation,Citation,0.032736052613052256,2.195040495601447,0.33271218370633476,0.19727272727272732
citation,Citation,0.008319107403352703,2.101709635271386,0.3159132276318656,-0.31
citation,Citation,-0.014121748372757098,3.238285534874308,0.5204895976043179,0.1430769230769231
citation,Citation,-0.0068562769550039315,3.2996463801667613,0.5315341560827767,-0.025135135135135156
citation,Citation,-0.01269687133334915,3.1908230140938816,0.5119466483702246,-0.062
citation,Citation,-0.020112955796583374,3.1095556599931222,0.497319046020916,0.0
citation,Citation,-0.007980449534167417,3.3083088510588863,0.533093345267346,-0.2764864864864865
citation,Citation,-0.00718723089257004,3.194408089498242,0.5125919389421589,-0.10891891891891892
citation,Citation,-0.014668530168213744,3.2416494267778266,0.5210950765651529,-0.02384615384615385
citation,Citation,-0.01352753878081858,3.2725088254266934,0.526649570336597,-0.25685714285714284
citation,Citation,-0.010347868975132334,3.1711896746092667,0.5084127732250605,-0.22842105263157894
citation,Citation,-0.008317035214637942,3.280235940097526,0.52804040140232,0.2447368421052632
citation,Citation,-0.03723737944775856,3.204816324991505,0.5144653545545911,0.31
citation,Citation,-0.00693405260924596,3.4171305890594232,0.5526805599373216,-0.05027027027027031
citation,Citation,-0.014026810415475991,3.2582948359779142,0.5240911434288349,0.16692307692307695
citation,Citation,-0.01273483051377681,3.1258673464386506,0.5002550449298502,-0.09742857142857142
citation,Citation,-0.017565790587126796,3.1141818422207552,0.4981517291415865,0.05470588235294116
citation,Citation,-0.01854103517106608,4.8428108791355475,0.80929386538128,-0.20058823529411765
citation,Citation,-0.024575499116358528,4.754702089572643,0.7934348485415397,-0.31
citation,Citation,-0.016998168534365796,4.806242323962745,0.8027117600638939,0.18235294117647055
citation,Citation,-0.0011346306516185581,4.948185731633929,0.8282606627751301,0.10755102040816322
citation,Citation,-0.006343907701921824,5.000101550766748,0.8376051771415256,0.09216216216216216
citation,Citation,-0.022196342853977594,4.762320069025914,0.7948060359682829,0.22733333333333333
citation,Citation,-0.014302555833557025,4.919003644091411,0.8230080742416654,0.07153846153846155
citation,Citation,-0.028521107223040645,4.643321990659954,0.7733871453211116,0.07750000000000001
citation,Citation,-0.024514182712430267,4.671065571442089,0.7783808118667681,-0.26866666666666666
citation,Citation,-0.022802020258756446,3.974569911518664,0.6530160616037355,0.14466666666666667
citation,Citation,-0.008441821662465767,5.062097414057053,0.8487640347854982,0.19578947368421057
citation,Citation,-0.007824489949034135,4.473266104632126,0.7427781768675518,-0.242972972972973
citation,Citation,-0.0048357579371168646,4.498310456073777,0.7472859994494289,-0.22545454545454546
citation,Citation,-0.011900397517236018,3.108920261953877,0.4972046784503897,0.13285714285714284
citation,Citation,-0.00203612676562006,2.5706420023194054,0.40031804516036384,-0.0948979591836735
citation,Citation,0.012293291265791373,1.9964807923973316,0.29697271103363704,0.04959999999999998
citation,Citation,-0.0033562808935383034,3.3391111461580265,0.5386375607661998,0.16909090909090907
citation,Citation,0.007426675481165714,1.7982386503008607,0.26129039732293124,0.014761904761904754
citation,Citation,-0.0012215667936293702,2.6992215027811035,0.42346153031301864,0.08224489795918366
citation,Citation,-0.010316818557024146,3.2887311485921464,0.5295694844284476,-0.21210526315789474
citation,Citation,-0.006880971664121247,3.358474675250324,0.5421228717717755,-0.033513513513513504
citation,Citation,-0.01388038136995118,3.2659639109969647,0.5254715277296035,0.25038461538461537
citation,Citation,0.008044458079933273,2.7174659642112107,0.4267454163190282,0.23619047619047623
citation,Citation,-0.0033562808935383034,3.3074431497935537,0.5329375245936856,0.17848484848484847
citation,Citation,-0.02171722049163483,2.2619169081904396,0.34474950891181894,-0.31
citation,Citation,-0.012980016019911176,3.1675754244188346,0.5077622313788105,-0.1682857142857143
citation,Citation,-0.012833300897218977,4.808897148069971,0.8031896113705788,-0.11514285714285716
citation,Citation,-0.006556751895554665,3.6225009157812855,0.5896459011481402,0.033513513513513504
citation,Citation,-0.0005368384028683936,2.6828150520113936,0.4205084744337134,0.2340816326530612
citation,Citation,0.0061861955938709535,1.3019094776540792,0.17195433055696993,-0.20666666666666667
citation,Citation,-0.0031798954823071567,2.3484687281935077,0.36032828121987404,0.2066666666666666
citation,Citation,0.009092330909923755,2.7586725198503834,0.4341623319642349,-0.10333333333333333
citation,Citation,-0.004046981218730588,2.3833449771832864,0.36660578228168345,-0.037575757575757596
citation,Citation,0.012307364731500585,1.5926454798589988,0.2242849456722163,0.062
citation,Citation,0.0064918166304600835,1.9526443848278197,0.2890824389133706,-0.14761904761904762
citation,Citation,0.01611298172922902,1.058526626149315,0.12814697876305628,0.2764864864864865
citation,Citation,-0.004628337246594156,2.301984159758396,0.351961357133666,-0.18787878787878787
citation,Citation,-0.0066177240481381065,3.9168313852159167,0.6426234973036288,0.008378378378378348
citation,Citation,0.0008578997611534145,2.857931993929748,0.4520284004772356,-0.04428571428571432
citation,Citation,0.011510395416791504,2.0062180140577923,0.2987253484612036,-0.14880000000000002
citation,Citation,0.00856813218747255,0.9898483500213768,0.11578532968081914,-0.23705882352941177
citation,Citation,-0.0026821158783432255,2.4828434171461002,0.38451486312056604,-0.31
citation,Citation,-0.0015799960324284752,2.3214414977300533,0.35546355313567474,0.018979591836734644
citation,Citation,-0.0014845503036703092,2.5210229644205193,0.3913869366805641,0.04428571428571426
citation,Citation,-0.00912242797690954,2.5465474292860044,0.39598117659845666,-0.06526315789473683
citation,Citation,0.007658532907062582,1.7754532534671656,0.25718917207765934,0.08857142857142858
citation,Citation,0.00046286908616032706,2.5008310567303362,0.38775252284201656,-0.22142857142857142
citation,Citation,-0.006042787327764571,3.7828537787111878,0.6185083876959813,0.15918918918918917
citation,Citation,0.008243588135581159,2.7386720687971575,0.4305623790920069,0.29523809523809524
citation,Citation,0.010344753567604857,1.9867814549240952,0.2952268925167164,0.20058823529411768
citation,Citation,0.006966326001021687,1.1836799164851417,0.15067376807466912,-0.08857142857142855
citation,Citation,0.030653948906537522,1.583191634218175,0.2225833141101224,-0.25363636363636366
citation,Citation,0.030894549488453875,1.4243156323990744,0.19398665308709395,-0.1409090909090909
citation,Citation,0.03033986727664211,1.3938594665017479,0.1885047386238974,-0.31
citation,Citation,0.031133833618357504,1.5185650839804703,0.2109509496933765,-0.08454545454545453
citation,Citation,-0.004700958888872271,2.7308538583712623,0.42915515137481774,-0.19727272727272727
citation,Citation,-0.027710422671553044,2.583368379610528,0.4026087114238552,0.15499999999999997
citation,Citation,0.035756555949652165,1.2309350994983674,0.159179397840888,0.31
citation,Citation,0.026789718783851807,0.4854839791518689,0.025002978786372667,0.10333333333333333
citation,Citation,-0.00034503004486882385,4.362702899131321,0.7228775092203009,0.2846938775510203
citation,Citation,-0.003146636188858725,4.421809383562131,0.7335162972070185,0.2254545454545454
citation,Citation,-0.004797593656611737,4.149008071281279,0.6844138112141027,-0.21606060606060606
citation,Citation,-0.011579753023463943,3.8545953973981772,0.6314214187852905,0.20371428571428568
citation,Citation,-0.03554910541161366,4.924690340073418,0.8240316430341609,0.0
citation,Citation,-0.009195678910631708,2.66839894355805,0.41791366740186936,-0.08157894736842106
citation,Citation,-0.006034516286359079,4.177456998600027,0.6895344356110418,0.16756756756756752
citation,Citation,-0.00861283505543708,3.273753901771455,0.5268736760905892,0.14684210526315788
citation,Citation,-0.007923789524446535,3.299246102841534,0.5314621087323043,-0.25135135135135134
citation,Citation,-0.01811251232120731,2.9157901004585494,0.4624424884508384,-0.12764705882352942
citation,Citation,-0.025371091784830803,2.978022639169503,0.4736439461520837,0.0
citation,Citation,-0.005843552859665058,3.7307596086472,0.6091317713062254,0.21783783783783778
citation,Citation,0.020818797094196897,2.8797153501562605,0.4559492648420295,0.10333333333333333
citation,Citation,-0.012956280721574672,3.1992153859442465,0.5134572214601577,-0.15057142857142858
citation,Citation,-0.0031278005990296566,2.2993027929644145,0.35147872831365584,0.2442424242424242
citation,Citation,-0.0012396327967241832,2.3305452188008453,0.3571021645214652,0.06959183673469388
citation,Citation,0.01094598935443512,2.087411362069249,0.3133396301892403,0.31
citation,Citation,0.013387010754596912,1.8348984538400956,0.26788892676085097,0.2604
citation,Citation,0.006162350895839477,2.804435387951839,0.4423993546206142,-0.22142857142857142
citation,Citation,0.008512534205712343,1.327936712621399,0.17663906586755904,-0.2492156862745098
citation,Citation,-0.003656476820899489,2.3248368224039053,0.3560746897935057,0.06575757575757574
citation,Citation,0.008615225586503211,1.1295587239638767,0.14093230064741788,-0.20058823529411762
citation,Citation,0.004623341591247849,1.6526899186249298,0.23509255942160057,0.19727272727272732
citation,Citation,0.007788545049572351,0.9016271088020034,0.09990607226437312,0.14761904761904765
citation,Citation,0.011405351730610084,1.0369914786275436,0.12427079037267744,-0.1736
citation,Citation,0.005574912883639269,1.2844462081588799,0.1688110540873328,-0.31
citation,Citation,0.009289645988511782,1.0458840795342113,0.12587140148341397,-0.07901960784313725
citation,Citation,0.00844394721178616,1.1082841750673453,0.13710301833765365,-0.2735294117647059
citation,Citation,0.002146741008984698,2.741580419690895,0.4310858635937061,0.08857142857142852
citation,Citation,0.01884982024454389,0.8422964959161725,0.08922694259369778,0.27899999999999997
citation,Citation,0.0185061910915525,0.8769884598717577,0.09547127353167408,0.186
citation,Citation,0.012473355874528143,0.8572141869659928,0.09191203127489272,0.08679999999999999
citation,Citation,0.020839442679455335,0.8150020103524103,0.08431411030607779,0.14466666666666667
citation,Citation,0.012174683378869478,0.8680744194722368,0.09386680344977384,0.02479999999999999
citation,Citation,0.013190098267630974,0.8632437245887065,0.09299730936313835,0.2232
citation,Citation,0.01525802797224904,0.8894609100925664,0.09771623455163465,0.008378378378378348
citation,Citation,0.01567879373529828,0.8860763450236887,0.09710703455366843,0.14243243243243242
citation,Citation,0.02037006942836617,0.8206763537011887,0.08533545570384311,-0.020666666666666667
citation,Citation,0.014180204241443603,0.885354487871649,0.09697710489753676,-0.25972972972972974
citation,Citation,0.04473569488158405,0.5675279090592337,0.039770359798575024,0.0
citation,Citation,0.014124936839287245,1.1416198997022813,0.14310323489916882,-0.2764864864864865
citation,Citation,0.015566894343341036,0.9639280385826094,0.11111983991937775,0.09216216216216216
citation,Citation,0.015975767376364403,0.9135755782387678,0.10205672010492123,0.242972972972973
citation,Citation,0.012472628127207407,0.7476566846793988,0.07219238375388663,0.07439999999999997
citation,Citation,-0.01964509718048944,2.2320841262121442,0.3393797995545895,0.062
citation,Citation,-0.0025817623475630222,2.2996896616298352,0.35154836219138935,-0.2720408163265306
citation,Citation,0.009815623725541048,2.1525773668380586,0.3250690929605942,0.07901960784313727
citation,Citation,-0.02444975322803042,2.2363882376594075,0.34015451200111035,-0.22733333333333333
citation,Citation,-0.021012786878411148,2.234314982791782,0.3397813394263666,-0.062
citation,Citation,-0.02253727558951251,2.237010160407734,0.3402664541057251,0.186
citation,Citation,0.00724330498520589,2.1681603583646294,0.3278739314592207,-0.059047619047619015
citation,Citation,-0.018716909882576196,2.2449178527458877,0.3416897879930296,-0.25529411764705884
citation,Citation,0.028062230697342438,2.2207721998761607,0.3373437253882978,0.0
citation,Citation,-0.015550696139672556,2.2239481446678613,0.33791537507482206,-0.17884615384615385
citation,Citation,0.037407477607128564,2.2000562069059986,0.33361497956173997,-0.062
citation,Citation,-0.0031956045096379307,2.290017519808034,0.34980743871724734,0.1972727272727272
citation,Citation,-0.01762196017962958,2.242139200175348,0.3411896483573975,0.03647058823529409
citation,Citation,-0.019302205647267857,2.2522707632283647,0.34301326470563903,0.31
citation,Citation,0.007580171289074636,2.1646873168717518,0.32724880627257474,0.05904761904761907
citation,Citation,-0.01392428075956281,3.2464360157139653,0.5219566318642294,0.22653846153846152
citation,Citation,-0.013681424342619652,3.268109376714501,0.5258576977940463,-0.31
citation,Citation,-0.007441761396311364,3.2943961707112024,0.5305891520646653,-0.16756756756756758
citation,Citation,-0.016711841009958005,3.2298554670147954,0.5189722394745855,0.25529411764705884
citation,Citation,-0.007157937754217382,3.305105239447749,0.5325167157308257,-0.10054054054054054
citation,Citation,-0.010090190391517163,3.1820929308158967,0.5103752893899829,-0.1631578947368421
citation,Citation,-0.014127436043712605,3.2193286633894678,0.517077482359082,0.11923076923076925
citation,Citation,-0.00866012551583449,3.2749421560845016,0.5270875542434271,0.11421052631578948
citation,Citation,-0.014449291458596195,3.2178543318566653,0.5168121121420801,0.035769230769230775
citation,Citation,-0.014234226905528193,3.224436271736991,0.5179968190926361,0.0953846153846154
citation,Citation,-0.010961018302406025,3.276707734330471,0.5274053470002408,0.31
citation,Citation,-0.004602436620027743,3.277127030055872,0.5274808175407277,-0.1784848484848485
citation,Citation,-0.013559274591329096,3.2458663026264687,0.5218540871636013,-0.2745714285714286
citation,Citation,-0.013759333563125205,3.2352028345154333,0.5199347313174719,0.2742307692307692
citation,Citation,-0.013899642485411964,3.207417559447025,0.5149335600677851,0.23846153846153845
citation,Citation,-0.015282125830577493,4.918561662245925,0.822928520345111,-0.11923076923076922
citation,Citation,-0.004906543821973689,4.961287244825016,0.830618851093847,-0.23484848484848486
citation,Citation,0.006341044745056834,4.966165946467551,0.8314969860891053,-0.17714285714285713
citation,Citation,-0.010503983546496386,4.751243875688432,0.7928123922293239,-0.24473684210526314
citation,Citation,0.01593289401796535,5.266308694817182,0.8855207551593226,0.22621621621621618
citation,Citation,-0.007102763102142588,4.203039159048472,0.6941390603637081,-0.09216216216216216
citation,Citation,-0.005696041093071222,5.004297547391401,0.8383604296136115,0.2764864864864865
citation,Citation,-0.0021596798460218605,4.980077952634932,0.8340010579436568,-0.14551020408163268
citation,Citation,-0.015157493800024345,4.664548513598685,0.777207783266593,-0.1073076923076923
citation,Citation,-0.027471268586893118,4.856994645310281,0.8118468522936181,0.31
citation,Citation,0.011088457148646445,5.100949028032757,0.8557570760399339,-0.31
citation,Citation,0.01849874772862658,5.1249321762722495,0.8600738888538082,0.124
citation,Citation,-0.015736404436685385,4.741453655046054,0.791050215325039,-0.20269230769230767
citation,Citation,-0.006045276148869706,4.538665221014906,0.7545495982338408,0.15081081081081077
citation,Citation,-0.005801197400022985,4.110467204393266,0.6774767024417843,0.23459459459459459
citation,Citation,-0.006056234550747705,3.4547748522993347,0.5594562858053423,0.13405405405405402
citation,Citation,-0.00401663860857738,2.5385239049689523,0.3945369936980963,-0.018787878787878798
citation,Citation,-0.004132253120727749,2.4852200444666264,0.3849426407904783,-0.046969696969696995
citation,Citation,-0.010193006592083184,3.1505817610658364,0.5047034810019068,-0.1794736842105263
citation,Citation,-0.004549891895490573,2.3670105775575205,0.363665695146028,-0.1503030303030303
citation,Citation,-0.0028738556100656515,2.666583448668926,0.41758688996953924,0.3006060606060606
citation,Citation,-0.013485752980935734,2.9156877266936654,0.462424061829961,-0.22142857142857142
citation,Citation,-0.0036232655212344,3.8445990545411393,0.6296221412047899,0.08454545454545453
citation,Citation,-0.003621801857809391,3.698650174138415,0.6033522790998798,0.09393939393939393
citation,Citation,-0.006837297543231368,2.3255748079873815,0.35620752246382037,-0.008378378378378404
citation,Citation,-0.010216265360241535,3.1873995928889842,0.511330454517065,-0.1957894736842105
citation,Citation,0.008287771888699197,2.748480066533099,0.4323277557590803,0.31
citation,Citation,-0.012627044810568575,3.2029734384792095,0.5141336468058272,-0.04428571428571432
citation,Citation,-0.00103761901126101,4.26726551452212,0.7056993922904626,0.1581632653061224
citation,Citation,-0.007304419221721152,3.351777680387101,0.5409174556624591,-0.13405405405405407
citation,Citation,-0.01640484836893434,2.983879920028254,0.4746982191279678,-0.31
citation,Citation,0.005646486562401514,1.7337910929608988,0.24969025047941026,-0.2657142857142857
citation,Citation,-0.005132826452197386,2.4793278958764886,0.3838820918466464,-0.26303030303030306
citation,Citation,-0.005693690194184578,3.6914611949325478,0.6020583089653224,0.2848648648648648
citation,Citation,-0.002477740866319941,2.6197979415943053,0.40916579885895854,-0.23408163265306123
citation,Citation,-0.005982707927837947,2.3696988591624373,0.364149568587643,0.18432432432432427
citation,Citation,0.011288334643126912,1.8714063805691612,0.2744601193473397,-0.2356
citation,Citation,0.008878054991486249,1.882323494643792,0.276425129839594,-0.15196078431372548
citation,Citation,-0.004477168348294676,2.3492015598065015,0.3604601862085683,-0.13151515151515153
citation,Citation,-0.005266420327530045,3.312482348740348,0.5338445480740042,-0.2724242424242424
citation,Citation,-0.01065039047481171,2.7099103656937067,0.4253854570605042,-0.2773684210526316
citation,Citation,-0.005724502535944974,2.446781284485254,0.37802391060626556,0.2681081081081081
citation,Citation,0.016382387608360537,1.2625308200955234,0.16486642483898659,0.31
citation,Citation,0.0010866164737508219,2.7495100986829164,0.4325131549376465,0.0
citation,Citation,-0.012098823653350048,3.204459052113806,0.514401047728769,0.062
citation,Citation,-0.0036564861038021353,2.311950873019118,0.35375530157692503,0.05636363636363634
citation,Citation,-0.017321069292766705,2.922123556611163,0.46358246992460894,0.10941176470588232
citation,Citation,0.008925993082892396,1.9202471637318006,0.2832511469676818,-0.13980392156862745
citation,Citation,-0.01697593487358801,2.2583238938309895,0.3441027893789026,0.20058823529411757
citation,Citation,-0.0038122810645321746,3.744537468318709,0.6116116976521666,0.037575757575757596
citation,Citation,-0.00044162731055799446,2.5590417995959944,0.3982300830938366,0.25938775510204076
citation,Citation,0.008661724104642136,2.1658415451422917,0.3274565599560631,-0.1884313725490196
citation,Citation,0.018435081790354673,0.8991521568210137,0.09946059678640118,0.09300000000000003
citation,Citation,0.03384508843190957,1.7510801368085045,0.252802167450264,0.051666666666666694
citation,Citation,-0.002996475427875517,2.600552560942562,0.40570175381467494,0.2818181818181818
citation,Citation,0.03336712196878234,1.4735981632466648,0.20285719245659645,-0.2583333333333333
citation,Citation,0.03155753282821865,2.071617768423213,0.31049688466027486,0.08454545454545453
citation,Citation,0.03341080322286151,0.34657359027997264,0.0,-0.10333333333333333
citation,Citation,0.033545168697178725,1.4581372444875662,0.20007432627292987,0.0
citation,Citation,-0.02870949641250366,3.2162770145789827,0.5165282051517279,0.0
citation,Citation,0.03353710242706522,2.019604434909281,0.3011348183309042,-0.051666666666666694
citation,Citation,0.03818861628054326,0.8479327225387308,0.09024142722528981,0.062
citation,Citation,0.03667993217045314,0.7629925871624313,0.0749527478099311,-0.31
citation,Citation,-0.003798612276983057,3.8211442310529176,0.6254004234565591,0.04696969696969694
citation,Citation,-0.003644320844291081,4.250523299801028,0.702685901054077,0.07515151515151514
citation,Citation,-0.005304361388493946,3.454372784502806,0.5593839161815228,-0.2818181818181818
citation,Citation,-0.005770290615515199,3.5661826295878845,0.5795089709558487,0.242972972972973
citation,Citation,-0.00939117296964375,4.894263368089649,0.8185549832881046,-0.09789473684210526
citation,Citation,-0.006908490717349641,3.086031747001316,0.49308489260529914,-0.04189189189189191
citation,Citation,-0.004554748059785563,3.307026908767083,0.532862603879408,-0.1596969696969697
citation,Citation,-0.014978152489128082,2.967472712201186,0.47174502698319515,-0.08346153846153845
citation,Citation,-0.0073423786924550075,3.4143471580700444,0.5521795602169555,-0.14243243243243245
citation,Citation,-0.003608206364988325,2.326804193194557,0.35642880391371706,0.10333333333333333
citation,Citation,-0.0003074774567721667,2.8120656304277762,0.44377274931276117,0.31
citation,Citation,-0.006207820829962155,3.3532261732864894,0.5411781750912198,0.11729729729729726
citation,Citation,-0.0009578987659233096,2.6830855720295594,0.4205571663014018,0.18346938775510202
citation,Citation,0.0031872740948232395,2.842921837850385,0.44932666868395293,-0.19727272727272727
citation,Citation,-0.00240468570849933,2.6048515003729418,0.40647553533133896,-0.20877551020408164
citation,Citation,0.002278887948616044,2.863526990633835,0.4530354639880225,0.1771428571428571
citation,Citation,0.01090097134707811,1.767620459104101,0.2557793193453462,0.297843137254902
citation,Citation,-0.004216101690912362,2.610528596731106,0.4074973762531311,-0.06575757575757576
citation,Citation,-0.015500382640468999,2.9976392408884194,0.47717480860680705,-0.16692307692307692
citation,Citation,-0.001968761068620933,2.661264554867513,0.4166295232098338,-0.08224489795918369
citation,Citation,-0.005316519200141121,2.3918347231870816,0.36813388209450837,-0.2912121212121212
citation,Citation,0.007418705265682153,1.5355359590725752,0.2140055983295227,0.0
citation,Citation,0.007458852730409449,1.3382430916229358,0.17849414796496343,0.029523809523809563
citation,Citation,0.00815882665606707,0.9560359667245827,0.10969931761827943,0.2804761904761905
citation,Citation,0.007133944100284419,1.450915032124119,0.19877437438322293,-0.0738095238095238
citation,Citation,0.006011829605975158,1.756545338579073,0.253785868705746,-0.23619047619047617
citation,Citation,0.00939580688651187,1.5898495122014253,0.2237816894320069,-0.05470588235294116
citation,Citation,0.009900963137722095,1.740011083718417,0.25080980891002613,0.10333333333333333
citation,Citation,-0.010993360167194653,4.077712451107083,0.6715810569956935,0.2922857142857143
citation,Citation,-0.0065886966323446755,4.285788081751843,0.7090333355561532,0.0251351351351351
citation,Citation,-0.005327603133996547,3.9142017771589783,0.6421501847242166,-0.3006060606060606
citation,Citation,-0.0072645600714399804,3.5825078805960144,0.5824474113990248,-0.11729729729729732
citation,Citation,-0.008272947824185447,4.913169447768884,0.8219579563341978,0.2936842105263158
citation,Citation,-0.016321288773850536,2.9816235461405,0.47429208630444175,-0.2980769230769231
citation,Citation,-0.005660604223453926,3.8406574161018523,0.6289126715741784,0.2932432432432432
citation,Citation,-0.010927689269071545,3.126590530739711,0.5003852134642909,-0.31
citation,Citation,-0.008659866884167861,3.370844397038797,0.5443493423329929,0.1305263157894737
citation,Citation,0.0012373127623671253,2.7889315973555355,0.4396087717813046,0.04428571428571426
citation,Citation,6.876229458089111e-05,2.8232537433766565,0.44578653786372674,-0.31
citation,Citation,-0.006438681803684097,3.5700034361710262,0.5801966916275778,0.058648648648648605
citation,Citation,0.00880722614625383,2.7237675950902562,0.4278796694477386,-0.17627450980392156
citation,Citation,-0.012586382288754177,3.10137311626044,0.4958462406459668,-0.008857142857142841
citation,Citation,-0.0031312770798859425,2.4525472216031527,0.37906174229483225,0.2348484848484848
citation,Citation,-0.0020708039450426665,2.6929728236472776,0.42233680815872404,-0.12020408163265306
citation,Citation,0.01078613453257689,2.0252297976038034,0.3021473475251497,0.27352941176470585
citation,Citation,-0.003202049862509195,2.529272105571095,0.39287172916346363,0.18787878787878787
citation,Citation,-0.03205803386013768,2.8920926915989913,0.45817710689212765,0.0
citation,Citation,0.00920570855252366,2.0552064447556435,0.3075429516906181,-0.09117647058823528
citation,Citation,-0.0038377088368286034,2.346901999308544,0.36004628007227896,0.018787878787878798
citation,Citation,0.012948414548284647,1.3529079019416106,0.18113371973696493,0.1612
citation,Citation,0.007481522855954859,1.4692626028737665,0.2020768194052289,0.04428571428571432
citation,Citation,0.007283053580124234,0.9089071672564332,0.10121643607933246,-0.029523809523809508
citation,Citation,0.007856070001790715,1.4092018058027587,0.19126626126588112,0.1623809523809524
citation,Citation,0.005585519570520593,1.525035188084555,0.2121155269217164,-0.29523809523809524
citation,Citation,0.010122207772252666,1.4708570738054723,0.2023638139432522,0.11549019607843142
citation,Citation,0.005210684234458658,1.2750884711718418,0.1671267214663138,0.2536363636363637
journal_impact,Journal Impact Factor,0.0010605415037112692,1.2431504909553044,0.34895241768222013,0.30515624999999996
journal_impact,Journal Impact Factor,-0.0005976427868663648,1.3348818380563303,0.38462161833257613,-0.04359374999999999
journal_impact,Journal Impact Factor,0.001294161710474023,1.0216429945489618,0.2628205163794485,-0.2643157894736842
journal_impact,Journal Impact Factor,-0.0021100893964009367,1.2329116020621727,0.3449710853034031,0.28244444444444444
journal_impact,Journal Impact Factor,0.0018971424023558814,1.6023331368279572,0.48861849989561584,-0.14031578947368423
journal_impact,Journal Impact Factor,-0.00279032629631152,1.2741278978648023,0.3609978021402256,0.04822222222222222
journal_impact,Journal Impact Factor,0.0011330444166442767,1.1462309206181431,0.31126580661026915,-0.30673684210526314
journal_impact,Journal Impact Factor,0.005428917382342406,1.562184468409505,0.47300692375594333,-0.022142857142857186
journal_impact,Journal Impact Factor,-0.0050575686522166576,1.8358243720754748,0.5794102083284034,0.31
journal_impact,Journal Impact Factor,-0.0028270952022995096,1.520045069909486,0.45662126380562007,0.006888888888888889
journal_impact,Journal Impact Factor,0.0136058095773947,1.5610349911706882,0.4725599562189986,-0.22545454545454546
journal_impact,Journal Impact Factor,0.0019837784709307075,1.6265719995295203,0.49804364064151924,-0.12073684210526317
journal_impact,Journal Impact Factor,-0.007054669042382378,1.4814771212583864,0.4416243413512532,-0.31
journal_impact,Journal Impact Factor,0.006406502234523853,1.5955233470707457,0.4859705527661661,0.17160714285714285
journal_impact,Journal Impact Factor,-0.0011366128674712569,1.529936577715977,0.4604675190698726,-0.14046875
journal_impact,Journal Impact Factor,0.002690380052184824,1.4299526520094616,0.4215893512401962,0.04568421052631577
journal_impact,Journal Impact Factor,-0.005085983383168078,1.490674213028321,0.4452005769796284,0.25608695652173913
journal_impact,Journal Impact Factor,0.0021555331181746275,1.5924660429455448,0.4847817378437073,-0.07178947368421054
journal_impact,Journal Impact Factor,0.0021084491913760705,1.145352763341848,0.3109243402622797,-0.08810526315789474
journal_impact,Journal Impact Factor,-0.0005237197905110887,1.2290674113966829,0.3434762941276606,-0.03875000000000001
journal_impact,Journal Impact Factor,0.0008884365998244566,1.099252697203639,0.2929985977430131,0.26640625
journal_impact,Journal Impact Factor,-0.0024086501719535634,1.1628129775298575,0.3177136429701578,0.15844444444444444
journal_impact,Journal Impact Factor,0.004664825081614229,0.9398042229852236,0.23099798617425346,-0.18267857142857144
journal_impact,Journal Impact Factor,-0.0017272084789030167,1.330797693677664,0.3830335225514553,-0.25671875
journal_impact,Journal Impact Factor,-0.01250528537558294,1.150446634789176,0.31290506253971184,0.0
journal_impact,Journal Impact Factor,0.0004895483239820742,1.0678521268152268,0.2807886686280904,0.15984375
journal_impact,Journal Impact Factor,0.0012910302583086265,1.134468604962393,0.3066920985977213,-0.267578947368421
journal_impact,Journal Impact Factor,0.00010035927741389289,1.1604659781302966,0.31680102590789005,0.0678125
journal_impact,Journal Impact Factor,0.0015953505723430553,1.1484688658495714,0.31213601859370826,-0.1957894736842105
journal_impact,Journal Impact Factor,0.008274847163626942,0.9332142700236056,0.22843552130381517,-0.05636363636363634
journal_impact,Journal Impact Factor,0.0011393701897735556,1.1040109614158629,0.2948488210995534,-0.30347368421052634
journal_impact,Journal Impact Factor,0.014949035271761942,0.7895818624537039,0.17258489523743703,0.056363636363636394
journal_impact,Journal Impact Factor,0.0001973564022755318,0.9987039454974637,0.2539008006093844,0.10171875000000002
journal_impact,Journal Impact Factor,-0.001787868464786351,1.3383504242284305,0.3859703578862364,-0.26640625
journal_impact,Journal Impact Factor,0.018042341897199835,0.8991915471653799,0.21520598345602818,0.2536363636363637
journal_impact,Journal Impact Factor,0.01059723450343672,0.88179404296746,0.20844106516296548,-0.248
journal_impact,Journal Impact Factor,0.00817119551448055,0.9685354776849913,0.2421699674130533,-0.08454545454545453
journal_impact,Journal Impact Factor,0.012678245862728648,0.9140442015789505,0.2209813517157419,0.23249999999999998
journal_impact,Journal Impact Factor,0.007777209586003335,0.9456039195443919,0.23325316444011196,-0.19727272727272727
journal_impact,Journal Impact Factor,-0.01388038997642544,0.5102014238220429,0.06394943704055485,-0.2583333333333333
journal_impact,Journal Impact Factor,0.020382808323865596,0.7879402970982554,0.17194658209918476,-0.07750000000000001
journal_impact,Journal Impact Factor,-0.01752328772359421,0.480008552725697,0.05220911476926168,0.31
journal_impact,Journal Impact Factor,-0.006578211189605417,0.5299490112534496,0.07162817152676644,-0.2291304347826087
journal_impact,Journal Impact Factor,-0.006500746169815498,0.5689165009106955,0.08678045317694434,-0.17521739130434782
journal_impact,Journal Impact Factor,-0.014666881098283893,0.5201951381471528,0.06783543471496047,0.23249999999999998
journal_impact,Journal Impact Factor,-0.02491169477588644,0.3525967647159515,0.002665782251370331,0.10333333333333333
journal_impact,Journal Impact Factor,-0.015202479920389938,0.5026696646838607,0.06102075631755071,0.07750000000000001
journal_impact,Journal Impact Factor,-0.012690081824510117,0.4413074794144586,0.03716042756528556,-0.051666666666666694
journal_impact,Journal Impact Factor,-0.019545228737934437,0.5747124591632643,0.08903417782403014,-0.07750000000000001
journal_impact,Journal Impact Factor,0.0007134923073833398,1.0619142069675436,0.27847974304064116,0.23249999999999998
journal_impact,Journal Impact Factor,-0.00015067702643154705,1.0152357213970176,0.2603290854902167,0.019374999999999976
journal_impact,Journal Impact Factor,0.00998114378618965,0.9163625830620914,0.22188284086770158,0.23954545454545456
journal_impact,Journal Impact Factor,0.0008042607605907183,1.2125247200243006,0.33704376482872245,0.24703124999999998
journal_impact,Journal Impact Factor,0.00034443347354128014,1.2384016264271616,0.34710584933814975,0.12593749999999998
journal_impact,Journal Impact Factor,0.0008580290535090187,1.0099426275829206,0.25827089675449205,0.2615625
journal_impact,Journal Impact Factor,0.0011652640986837362,1.1247638295819338,0.30291845315096905,-0.2969473684210526
journal_impact,Journal Impact Factor,0.0014142806173742977,1.095544540152082,0.29155670244663917,-0.2414736842105263
journal_impact,Journal Impact Factor,0.01063964980459815,0.9335343801162524,0.228559994251021,-0.23249999999999998
journal_impact,Journal Impact Factor,-0.000933115264113862,1.1022179710153763,0.29415162721349086,-0.09687499999999999
journal_impact,Journal Impact Factor,-0.0065201069978588965,1.4647962355247228,0.4351380759789107,-0.20217391304347826
journal_impact,Journal Impact Factor,-0.002573439799116005,1.0495409727152745,0.2736684828860074,0.1308888888888889
journal_impact,Journal Impact Factor,0.0005585080148287875,1.1072072389426466,0.2960916750207055,0.16953125000000002
journal_impact,Journal Impact Factor,0.007108108631593227,1.1356106171877627,0.30713616340761674,0.3044642857142857
journal_impact,Journal Impact Factor,-0.002163071869371572,1.2911008158204775,0.36759762254312733,0.2548888888888889
journal_impact,Journal Impact Factor,0.010031397044694293,0.9833557603170309,0.24793274809384955,0.26772727272727276
journal_impact,Journal Impact Factor,-0.0008101514092940476,1.060917773055339,0.278092285510882,-0.07265625
journal_impact,Journal Impact Factor,-0.005121427419053146,1.4784141498598888,0.4404333227425437,0.20217391304347826
journal_impact,Journal Impact Factor,-0.002364293161121674,1.2892017511111717,0.36685918227919406,0.21355555555555555
journal_impact,Journal Impact Factor,0.013520694582593648,0.948684542509986,0.23445104675799455,-0.25363636363636366
journal_impact,Journal Impact Factor,0.0004085531480453432,1.319861076278526,0.3787808825022864,0.1453125
journal_impact,Journal Impact Factor,-0.005633953381254933,1.4538261243429922,0.43087241206723925,0.06739130434782609
journal_impact,Journal Impact Factor,0.0006679955853220082,1.0748576656916744,0.283512731663736,0.2034375
journal_impact,Journal Impact Factor,-0.0018139981467743137,1.30306113640847,0.3722483236216349,-0.27125
journal_impact,Journal Impact Factor,0.001019680272371278,1.6668745351919658,0.5137150471638575,0.29546875
journal_impact,Journal Impact Factor,-0.0014068852385003083,1.3122620489338412,0.37582604492853333,-0.19859375
journal_impact,Journal Impact Factor,-0.0017483114549898897,1.2489750285605647,0.3512172552443325,-0.2615625
journal_impact,Journal Impact Factor,0.0019161158804485126,1.288231077315264,0.36648174142079104,-0.13378947368421054
journal_impact,Journal Impact Factor,0.005158890142751656,1.317961420076523,0.378042212239859,-0.07750000000000001
journal_impact,Journal Impact Factor,0.0024903704957187,1.0599910146264047,0.27773192088743803,0.0
journal_impact,Journal Impact Factor,0.002478523321795004,1.3112351211953794,0.3754267300518394,-0.009789473684210515
journal_impact,Journal Impact Factor,0.003082369564594589,1.5105211950530362,0.4529179604751952,0.11421052631578943
journal_impact,Journal Impact Factor,0.0003950007115048323,1.3315949208018492,0.383343519680628,0.135625
journal_impact,Journal Impact Factor,0.0006722072372666507,1.2094109373059423,0.3358329885338926,0.20828125000000003
journal_impact,Journal Impact Factor,0.011219721525439388,1.5661500026556054,0.47454889867705996,-0.10849999999999999
journal_impact,Journal Impact Factor,0.0069878763380616755,1.621462854727913,0.4960569794091321,0.27678571428571425
journal_impact,Journal Impact Factor,0.006344452361311531,1.6682219024448273,0.5142389630814893,0.14946428571428566
journal_impact,Journal Impact Factor,0.011524536077041181,1.595808782661468,0.48608154273502613,-0.030999999999999972
journal_impact,Journal Impact Factor,0.0037343717067816217,1.529180733792729,0.4601736135576272,0.26757894736842097
journal_impact,Journal Impact Factor,0.0034734793662901256,1.4422865488900194,0.4263853152866949,0.19578947368421046
journal_impact,Journal Impact Factor,0.00026627692354203465,1.5320725738081529,0.46129808872362776,0.11140624999999998
journal_impact,Journal Impact Factor,0.0032949727412795106,1.408460669826488,0.4132323190032871,0.14684210526315788
journal_impact,Journal Impact Factor,-0.0002263746809302122,1.4607160226398923,0.43355150893629557,0.00484374999999998
journal_impact,Journal Impact Factor,0.0008963608339365848,1.5496448919384518,0.46813098239727263,0.27125000000000005
journal_impact,Journal Impact Factor,0.00205695125755083,1.6902132587836078,0.5227901740536508,-0.0913684210526316
journal_impact,Journal Impact Factor,0.0006791083243963277,1.1760642432061812,0.3228663205358695,0.21312499999999995
journal_impact,Journal Impact Factor,0.004133935312647581,1.235626594098797,0.34602679416170445,-0.31
journal_impact,Journal Impact Factor,0.0024364065499021623,1.1230206573954584,0.3022406307875949,-0.0293684210526316
journal_impact,Journal Impact Factor,0.0014023260381770878,1.2014750258933193,0.3327471555502284,-0.24473684210526314
journal_impact,Journal Impact Factor,-0.005105724377994488,1.0720220346702571,0.2824101130380451,0.2291304347826087
journal_impact,Journal Impact Factor,-0.0037672224352459623,1.4978661367769954,0.447997114688499,-0.14466666666666667
journal_impact,Journal Impact Factor,0.00019428524523489772,1.151338792981736,0.3132519730625371,0.09687499999999999
journal_impact,Journal Impact Factor,0.0027245162465516317,1.126377765572932,0.3035460227715955,0.05873684210526314
journal_impact,Journal Impact Factor,0.0034502901473433306,1.2150592508579263,0.3380293023981157,0.186
journal_impact,Journal Impact Factor,0.0022711840304294197,1.1304368505084499,0.3051243743340376,-0.05547368421052634
journal_impact,Journal Impact Factor,-3.9152830007627556e-05,1.238126178686137,0.34699874308653794,0.04843750000000002
journal_impact,Journal Impact Factor,0.01471719244659954,0.9040535286268344,0.21709653666153098,-0.02818181818181814
journal_impact,Journal Impact Factor,0.0053326681234377215,1.0922343232974405,0.2902695438807199,-0.04428571428571432
journal_impact,Journal Impact Factor,0.008851159876619311,0.7619862663093672,0.16185450822094102,0.014090909090909098
journal_impact,Journal Impact Factor,0.003940051968851087,1.0047112986604168,0.25623672493753075,0.29694736842105257
journal_impact,Journal Impact Factor,0.00391863150210549,1.236980406154668,0.3465532161034923,0.2936842105263157
journal_impact,Journal Impact Factor,0.014937538513735069,0.9294175518451278,0.22695918952846433,0.028181818181818197
journal_impact,Journal Impact Factor,0.012594605587313238,0.840166031805869,0.1922542552040671,0.20149999999999996
journal_impact,Journal Impact Factor,0.016901104724740393,0.8820115945397641,0.20852565882619564,-0.31
journal_impact,Journal Impact Factor,0.01234614678345281,0.9334718314101027,0.22853567255052729,0.1395
journal_impact,Journal Impact Factor,0.009825223391807828,0.9935596061446325,0.2519004541805069,0.22545454545454552
journal_impact,Journal Impact Factor,-0.05792863508667118,0.525839761471308,0.0700303136555611,-0.10333333333333333
journal_impact,Journal Impact Factor,0.02140571697792282,0.7729506884859726,0.16611795999606685,0.23249999999999998
journal_impact,Journal Impact Factor,-0.05780000311020807,0.4101959532417118,0.02506289161203784,0.10333333333333333
journal_impact,Journal Impact Factor,-0.0161998194380256,0.5609256462394696,0.08367325582681841,-0.07750000000000001
journal_impact,Journal Impact Factor,-0.02303431678935131,0.557347183498324,0.08228179140851906,-0.186
journal_impact,Journal Impact Factor,-0.04063814001826871,0.4930175283217091,0.05726757924682685,0.0
journal_impact,Journal Impact Factor,-0.059520479838107196,0.5471801672814298,0.07832840630171987,-0.31
journal_impact,Journal Impact Factor,-0.012175391471532258,0.507878967014414,0.06304636322237722,0.15499999999999997
journal_impact,Journal Impact Factor,0.0024248984492982427,1.114532004402495,0.29893986745612655,-0.032631578947368456
journal_impact,Journal Impact Factor,0.0022599534012924007,1.1542889823218172,0.314399137023969,-0.05873684210526314
journal_impact,Journal Impact Factor,0.012433718541366405,0.911711092990708,0.22007413601464204,0.186
journal_impact,Journal Impact Factor,8.958875523414346e-05,1.157989392569873,0.31583802002087047,0.06296875000000002
journal_impact,Journal Impact Factor,0.004892124833976911,1.3456748925924253,0.38881843479766326,-0.12732142857142859
journal_impact,Journal Impact Factor,0.0014181954370358493,1.1077443080622873,0.2963005112233449,-0.23821052631578948
journal_impact,Journal Impact Factor,0.0025038271301321257,1.1154641602102098,0.2993023308189087,0.013052631578947371
journal_impact,Journal Impact Factor,0.0034143567244745033,1.2101696089196203,0.3361279935771109,0.17947368421052629
journal_impact,Journal Impact Factor,0.0036588497366968863,1.213332259456367,0.3373577718388204,0.24147368421052634
journal_impact,Journal Impact Factor,0.004912652146417288,1.0335848007707704,0.2674640182543773,-0.1217857142857143
journal_impact,Journal Impact Factor,0.001256866553655675,1.211308835772415,0.3365709753110852,-0.2708421052631579
journal_impact,Journal Impact Factor,-0.0006139268694647437,1.466138251842517,0.43565991121657205,-0.04843750000000002
journal_impact,Journal Impact Factor,0.001624564795756885,1.2057093891817083,0.3343936630804591,-0.18926315789473686
journal_impact,Journal Impact Factor,0.0045387908176416115,1.1018460178839087,0.29400699540224934,-0.20482142857142857
journal_impact,Journal Impact Factor,0.0011105721133154865,1.2504689917512228,0.3517981741395183,-0.31
journal_impact,Journal Impact Factor,0.004947001734492988,1.3433270934517076,0.3879055067606994,-0.11071428571428574
journal_impact,Journal Impact Factor,0.0025758934820480847,1.0810838350316703,0.285933741389308,0.022842105263157886
journal_impact,Journal Impact Factor,0.0020506892877859262,1.2460545177434876,0.3500816316039086,-0.09463157894736843
journal_impact,Journal Impact Factor,-0.0014663321413705588,1.5024724772163232,0.4497882633698029,-0.21796875
journal_impact,Journal Impact Factor,0.001481763465169649,1.0695069229137968,0.2814321264638323,-0.20884210526315788
journal_impact,Journal Impact Factor,0.000578178482640474,1.205443611567599,0.3342903170014399,0.174375
journal_impact,Journal Impact Factor,-0.001594562017366179,1.513363814609642,0.45402329655213663,-0.24703124999999998
journal_impact,Journal Impact Factor,-0.0026973270491093848,1.5192505935792822,0.45631233630668355,0.062
journal_impact,Journal Impact Factor,0.000547440351372783,1.237279393248423,0.3466694754954673,0.1646875
journal_impact,Journal Impact Factor,-0.0040631116973597085,1.4942593526211199,0.44659463765284885,-0.19977777777777778
journal_impact,Journal Impact Factor,0.0017780776856426343,1.6531328506518124,0.5083716730760791,-0.15989473684210526
journal_impact,Journal Impact Factor,-0.014199792294095721,1.8980182409603004,0.6035939324160001,0.31
journal_impact,Journal Impact Factor,-0.0013655393846646736,1.4056086796527245,0.4121233392163798,-0.18890625
journal_impact,Journal Impact Factor,0.005644014955028366,1.4014614182353184,0.410510700741944,0.03874999999999995
journal_impact,Journal Impact Factor,-0.0010863011391591304,1.4612269798010338,0.4337501916557852,-0.13078125
journal_impact,Journal Impact Factor,0.0030057591972450074,1.2215913851680469,0.34056928482229354,0.10115789473684211
journal_impact,Journal Impact Factor,0.0024812105593620855,1.31613716389704,0.37733286083753015,-0.006526315789473713
journal_impact,Journal Impact Factor,0.005408318218433131,1.6885508450240443,0.5221437541347491,-0.03321428571428575
journal_impact,Journal Impact Factor,0.004970074355060291,1.3381880567402,0.38590722223305113,-0.10517857142857145
journal_impact,Journal Impact Factor,0.002875008793084955,1.3909497623684706,0.40642330451228714,0.08484210526315789
journal_impact,Journal Impact Factor,0.006723833624525154,1.6533967548826893,0.5084742907009272,0.22142857142857136
journal_impact,Journal Impact Factor,0.011519671188873202,1.9028387644661995,0.6054683649366771,-0.046499999999999986
journal_impact,Journal Impact Factor,0.005981723288875472,1.645697303971947,0.5054804040077516,0.1051785714285714
journal_impact,Journal Impact Factor,0.0121424311528301,1.6253403083676055,0.4975647046988776,0.09300000000000003
journal_impact,Journal Impact Factor,0.005511572225672128,1.6980293915035636,0.5258294317895136,0.0
journal_impact,Journal Impact Factor,-0.00022211280923190065,1.4839737355742295,0.4425951353032953,0.009687500000000016
journal_impact,Journal Impact Factor,0.007008559662698225,1.6745122699062813,0.5166849358731019,0.28785714285714287
journal_impact,Journal Impact Factor,0.0011648498091688573,1.52190413698379,0.45734415122187905,-0.3002105263157895
journal_impact,Journal Impact Factor,0.006924726842465541,1.5853435650212455,0.48201220373962644,0.27124999999999994
journal_impact,Journal Impact Factor,0.006512656890125603,1.706043978281028,0.528945857231083,0.18821428571428567
journal_impact,Journal Impact Factor,-0.011958089338502991,1.862978566271196,0.5899689587651457,0.31
journal_impact,Journal Impact Factor,0.002442800061921857,1.1573983877741947,0.31560821124438804,-0.026105263157894742
journal_impact,Journal Impact Factor,0.0038434071008110592,1.2017949294472932,0.3328715481860728,0.2741052631578947
journal_impact,Journal Impact Factor,0.0043929902603061085,1.1100671971992855,0.2972037531502826,-0.22142857142857142
journal_impact,Journal Impact Factor,0.001423374617721404,1.1990297967699577,0.3317963424313365,-0.23494736842105263
journal_impact,Journal Impact Factor,0.0005865645511407969,1.1293166027324313,0.3046887725036523,0.17921874999999998
journal_impact,Journal Impact Factor,0.0019109795499382231,1.2664561811562876,0.3580146997302356,-0.13705263157894737
journal_impact,Journal Impact Factor,0.0020320324661527306,1.1555572005871475,0.31489227631826816,-0.1076842105263158
journal_impact,Journal Impact Factor,0.0010158263649342554,1.1539965745973535,0.3142854359814658,0.29062499999999997
journal_impact,Journal Impact Factor,0.002705524070201231,1.1524843968777774,0.3136974344726778,0.055473684210526286
journal_impact,Journal Impact Factor,0.003161160434472525,1.1604399981683313,0.31679092375082474,0.124
journal_impact,Journal Impact Factor,0.0033283530448897894,1.2262291438401773,0.3423726503006394,0.15989473684210526
journal_impact,Journal Impact Factor,0.010447087273781906,0.992360584255806,0.2514342214946441,-0.279
journal_impact,Journal Impact Factor,0.002787331303142771,1.0797277214421166,0.2854064245095374,0.0652631578947368
journal_impact,Journal Impact Factor,0.02213146685446151,0.7692193373118018,0.16466704580005204,0.31
journal_impact,Journal Impact Factor,0.0016604222776193866,1.043242042096493,0.27121918036048637,-0.1794736842105263
journal_impact,Journal Impact Factor,-9.129674655590863e-05,1.0439227587522597,0.2714838730718432,0.03875000000000001
journal_impact,Journal Impact Factor,0.016079588863303997,0.9742517178240929,0.2443926941354973,0.2818181818181818
journal_impact,Journal Impact Factor,0.006845788000414284,0.9847403994495885,0.24847115696506278,0.2435714285714285
journal_impact,Journal Impact Factor,0.011877421922192733,0.9711764884686,0.2431969090915239,0.015500000000000014
journal_impact,Journal Impact Factor,0.0048390691541984575,1.0317009266177926,0.26673148474989733,-0.14392857142857143
journal_impact,Journal Impact Factor,-0.0001333198364971882,1.0296194171811583,0.26592210191515986,0.02421875000000001
journal_impact,Journal Impact Factor,-0.057086000326480514,0.5887692491769407,0.09450007884198366,0.31
journal_impact,Journal Impact Factor,0.02128558799273991,0.8102102046116776,0.180606106075065,0.15499999999999997
journal_impact,Journal Impact Factor,-0.07211937770210708,0.41846924734210894,0.02827991389103554,0.0
journal_impact,Journal Impact Factor,-0.05655215793260986,0.6450536040281738,0.11638592277768249,0.0
journal_impact,Journal Impact Factor,-0.06365590436245736,0.5783594724665155,0.09045229772959437,0.10333333333333333
journal_impact,Journal Impact Factor,-0.03455207969553132,0.6009139886724365,0.09922249013977107,-0.10333333333333333
journal_impact,Journal Impact Factor,-0.06365590436245736,0.5783594724665155,0.09045229772959437,0.31
journal_impact,Journal Impact Factor,0.0021305505893156043,1.220478807421251,0.3401366654381491,-0.08484210526315791
journal_impact,Journal Impact Factor,0.0024942939630601744,1.2302982433206342,0.34395489596061896,0.003263157894736801
journal_impact,Journal Impact Factor,0.0021323757766039298,1.2306062770491828,0.3440746730839024,-0.08157894736842106
journal_impact,Journal Impact Factor,0.00193607169513218,1.1461537653545781,0.3112358052349018,-0.12726315789473686
journal_impact,Journal Impact Factor,0.003630888596494084,1.3878029517950687,0.4051996855281713,0.23168421052631577
journal_impact,Journal Impact Factor,0.01562071868318242,0.8188357250887673,0.18396008953147527,0.22545454545454552
journal_impact,Journal Impact Factor,0.0019175128858273693,1.23152001843178,0.34442997610460807,-0.13052631578947368
journal_impact,Journal Impact Factor,0.003715566332260891,1.3512482220912925,0.39098559154907025,0.26105263157894737
journal_impact,Journal Impact Factor,-0.0010217140093937746,1.4489633590204753,0.4289815540619226,-0.11624999999999999
journal_impact,Journal Impact Factor,0.0027046146853816713,1.1908962176140796,0.32863364749568863,0.052210526315789485
journal_impact,Journal Impact Factor,0.00143889589578113,1.2483225530264737,0.35096354392883955,-0.22189473684210526
journal_impact,Journal Impact Factor,0.0031697236697622623,1.5305327079082414,0.4606993208269992,0.1272631578947368
journal_impact,Journal Impact Factor,0.00368974655042857,1.3501676930864592,0.39056543413178646,0.2512631578947368
journal_impact,Journal Impact Factor,0.0016250099239180538,1.2761360542232345,0.36177866205725395,-0.186
journal_impact,Journal Impact Factor,8.37575483368617e-06,1.4919888702121764,0.445711773777226,0.05812499999999998
journal_impact,Journal Impact Factor,0.005508642205675629,1.6310938244362712,0.49980192594967066,-0.0055357142857143105
journal_impact,Journal Impact Factor,0.0035579235601358714,1.2557430671583756,0.353848967678347,0.2153684210526316
journal_impact,Journal Impact Factor,0.0026769171333815888,1.4015600125696186,0.4105490385752397,0.042421052631578915
journal_impact,Journal Impact Factor,-0.0029504561270247203,1.849160886390156,0.5845960343311853,-0.006888888888888889
journal_impact,Journal Impact Factor,0.0018244472883800424,1.2921304610013822,0.36799799408150574,-0.1533684210526316
journal_impact,Journal Impact Factor,0.0025717383327276866,1.5369826689832704,0.4632073506667749,0.01957894736842103
journal_impact,Journal Impact Factor,-0.025913676942713744,1.7667116393805609,0.5525361243004613,-0.31
journal_impact,Journal Impact Factor,0.0016818874962593196,2.48267947461331,0.8309360517101434,-0.1696842105263158
journal_impact,Journal Impact Factor,0.0040277952910680445,1.6965826049824457,0.5252668572678166,0.30673684210526314
journal_impact,Journal Impact Factor,0.0034677799690092156,1.5768996247165632,0.47872882667686906,0.1892631578947368
journal_impact,Journal Impact Factor,-0.00991390034002531,2.0826395900892654,0.6753828699442799,-0.062
journal_impact,Journal Impact Factor,0.004177531399095276,1.7348260830922486,0.5401376112398882,-0.28785714285714287
journal_impact,Journal Impact Factor,-0.0031640672012214254,1.8738256702700757,0.5941867920493905,-0.062
journal_impact,Journal Impact Factor,0.009787711545380627,1.7373867340479612,0.5411333054667945,0.18318181818181822
journal_impact,Journal Impact Factor,0.008038392375176891,1.619001789879652,0.49510000866074133,-0.11272727272727273
journal_impact,Journal Impact Factor,0.009105810131844217,1.4323975692524724,0.422540043086228,0.07045454545454549
journal_impact,Journal Impact Factor,0.005124119590534802,1.3336721644400098,0.3841512437844464,-0.08857142857142858
journal_impact,Journal Impact Factor,0.005540573141479082,2.448917120719483,0.8178077568194018,0.01660714285714282
journal_impact,Journal Impact Factor,0.006904110730079823,1.6031941515923436,0.48895330047758034,0.2657142857142856
journal_impact,Journal Impact Factor,0.008016542969464443,1.6327958541960266,0.500463750319771,-0.1268181818181818
journal_impact,Journal Impact Factor,0.010672397573577712,2.0261674653178847,0.6534240127675297,-0.217
journal_impact,Journal Impact Factor,0.01430858792374761,1.9832836295769893,0.63674888272704,-0.1409090909090909
journal_impact,Journal Impact Factor,0.012998471819517264,1.9099945100545679,0.6082508349783883,0.27899999999999997
journal_impact,Journal Impact Factor,0.013456363049645094,1.7299610760072257,0.5382458815382631,-0.2818181818181818
journal_impact,Journal Impact Factor,0.005540573141479082,2.448917120719483,0.8178077568194018,0.011071428571428565
journal_impact,Journal Impact Factor,0.005991452759533681,1.646084337056093,0.5056308995708608,0.11071428571428571
journal_impact,Journal Impact Factor,0.002495676330947831,1.8118583748276518,0.5700911697267244,0.006526315789473658
journal_impact,Journal Impact Factor,0.014640466393236955,2.121821688143757,0.6906186008211891,-0.11272727272727273
journal_impact,Journal Impact Factor,-0.002676295202795098,1.8831131147625135,0.5977981608082616,0.08955555555555555
journal_impact,Journal Impact Factor,0.009149693720406115,1.989158744787316,0.6390333870966347,0.08454545454545453
journal_impact,Journal Impact Factor,-0.003972678807043389,1.8660309886806536,0.5911558754608385,-0.17222222222222222
journal_impact,Journal Impact Factor,-0.005409998831766585,1.1844203865327008,0.326115558254449,0.17521739130434782
journal_impact,Journal Impact Factor,0.002014441016037843,1.2487795086351556,0.3511412284588229,-0.11094736842105263
journal_impact,Journal Impact Factor,-0.00547356835483645,1.1519738361776763,0.3134989059147571,0.12130434782608696
journal_impact,Journal Impact Factor,-0.005448176820831818,1.1981114224783507,0.33143923793091545,0.1482608695652174
journal_impact,Journal Impact Factor,0.0012516657735740448,1.1613010466745928,0.3171257374531211,-0.27410526315789474
journal_impact,Journal Impact Factor,-0.005077215607983471,1.1758146336234252,0.3227692613017805,0.28304347826086956
journal_impact,Journal Impact Factor,0.0031753878842440604,1.2145851579156093,0.3378449541156491,0.13052631578947366
journal_impact,Journal Impact Factor,0.0029388227111942227,1.1584373362032205,0.31601220029667443,0.0946315789473684
journal_impact,Journal Impact Factor,-0.0003672104388056409,0.9631994217546321,0.24009507310836284,-0.02421875000000001
journal_impact,Journal Impact Factor,-0.006108553487993859,1.0830690381621344,0.28670567607717706,-0.013478260869565217
journal_impact,Journal Impact Factor,-0.002486641239201009,0.7412115007043408,0.15377636147778137,0.14466666666666667
journal_impact,Journal Impact Factor,-0.004757680639973572,1.061374917530114,0.2782700434803468,-0.28244444444444444
journal_impact,Journal Impact Factor,-0.006679147391273413,1.0594529192181985,0.27752268561846066,-0.25608695652173913
journal_impact,Journal Impact Factor,0.0012308836388320338,0.9595060510763125,0.2386589274071988,-0.28389473684210526
journal_impact,Journal Impact Factor,0.0050165903061831375,1.0173929491385243,0.26116791094729386,-0.09410714285714286
journal_impact,Journal Impact Factor,0.024198239103399594,0.8789289587761868,0.20732699384352724,0.0
journal_impact,Journal Impact Factor,-0.03661800078045039,0.6335730271532738,0.11192176725098286,0.0
journal_impact,Journal Impact Factor,0.01915855902539573,0.7884573603642702,0.1721476391420307,0.31
journal_impact,Journal Impact Factor,-0.030831430712621045,0.45807392662854046,0.04367996302151349,0.0
journal_impact,Journal Impact Factor,0.014696392866106333,0.6721930590366677,0.12693894196722028,-0.08454545454545453
journal_impact,Journal Impact Factor,0.01307288568828721,0.6489330512192213,0.11789442324827445,0.31
journal_impact,Journal Impact Factor,-0.03527933815310302,0.6446140432195607,0.11621500211450739,-0.31
journal_impact,Journal Impact Factor,0.005710230878461395,1.7305449271738556,0.5384729086677081,0.05535714285714283
journal_impact,Journal Impact Factor,0.0004599219235551698,1.5232593665066443,0.45787112433745686,0.15499999999999997
journal_impact,Journal Impact Factor,0.007783926337245894,1.4323245025549525,0.422511631525981,-0.18318181818181817
journal_impact,Journal Impact Factor,-0.00695619760535572,1.1749802119534856,0.3224448012898796,-0.28304347826086956
journal_impact,Journal Impact Factor,-0.00932342814448085,2.917465324592596,1.0,0.0
journal_impact,Journal Impact Factor,0.0007032439238119008,1.2604210874626411,0.35566798865811655,0.22765624999999995
journal_impact,Journal Impact Factor,0.003539165099456213,1.5354656659184003,0.462617472850542,0.20557894736842103
journal_impact,Journal Impact Factor,0.0056650752537244714,1.7189788362440408,0.533975501498254,0.04428571428571426
journal_impact,Journal Impact Factor,0.0056845955482422985,1.7443965333600715,0.5438590251480614,0.04982142857142857
journal_impact,Journal Impact Factor,-0.0028024064417584114,1.4789621448273216,0.44064640739753314,0.034444444444444444
journal_impact,Journal Impact Factor,0.013924679632706329,1.6211116093731062,0.4959203996963725,-0.16909090909090907
journal_impact,Journal Impact Factor,-0.0034941653322131017,1.948649817064341,0.6232817262222964,-0.10333333333333333
journal_impact,Journal Impact Factor,-0.004299265778429259,1.8485512978199063,0.5843589993620765,-0.2548888888888889
journal_impact,Journal Impact Factor,0.006895258976543535,1.6643166984558162,0.5127204472298558,0.2546428571428571
journal_impact,Journal Impact Factor,-0.001559238999266895,1.8325248997438326,0.5781272277077436,-0.23249999999999998
journal_impact,Journal Impact Factor,0.00881007862700974,2.260398130920705,0.7445032443921572,0.0
journal_impact,Journal Impact Factor,0.00558587593065708,1.353009475394854,0.39167044464963185,0.02214285714285713
journal_impact,Journal Impact Factor,0.002178925110331428,1.3749052291464348,0.4001844811119525,-0.06852631578947369
journal_impact,Journal Impact Factor,0.002691203631174324,2.197325701984579,0.7199778973398535,0.04894736842105263
journal_impact,Journal Impact Factor,-0.005583455052148057,1.8553403987613841,0.5869989017658904,0.09434782608695652
journal_impact,Journal Impact Factor,0.015254571265123126,2.017065287742502,0.6498846839715192,0.14090909090909093
journal_impact,Journal Impact Factor,-0.002278958676966613,1.7682906713372615,0.5531501216904139,0.22733333333333333
journal_impact,Journal Impact Factor,0.006383937681323772,1.7160736523496063,0.5328458376425316,0.16053571428571423
journal_impact,Journal Impact Factor,0.004662475381420518,1.5946284157293114,0.4856225639205345,-0.18821428571428572
journal_impact,Journal Impact Factor,-0.0009524231690349197,2.2633633880825093,0.7456562673884054,-0.1065625
journal_impact,Journal Impact Factor,-0.000981301964104394,1.4744511599070151,0.4388923371550463,-0.11140625000000001
journal_impact,Journal Impact Factor,0.00424303538905294,1.1660011534950112,0.31895334664620295,-0.26571428571428574
journal_impact,Journal Impact Factor,0.002136331755864318,1.2926892554975522,0.36821527807041576,-0.07831578947368423
journal_impact,Journal Impact Factor,-0.008904384020788199,1.891785259519605,0.6011702738447022,0.124
journal_impact,Journal Impact Factor,-0.0004058614345520678,1.3479499130070514,0.38970306325039467,-0.02906249999999999
journal_impact,Journal Impact Factor,0.005007874722339013,1.3388653424547476,0.38617058084287526,-0.09964285714285714
journal_impact,Journal Impact Factor,0.007569817451349386,1.7358327550577368,0.5405290497771043,-0.23954545454545453
journal_impact,Journal Impact Factor,-0.0036373100762841196,1.885643130484535,0.5987819427027752,-0.1308888888888889
journal_impact,Journal Impact Factor,0.0057852616923107746,1.7278082969357886,0.5374087859206613,0.0719642857142857
journal_impact,Journal Impact Factor,0.012375328185401834,1.6090684329268796,0.4912374805994251,0.15499999999999997
journal_impact,Journal Impact Factor,0.007833553622339288,1.9088452446478341,0.6078039498111166,-0.16909090909090907
journal_impact,Journal Impact Factor,0.003000969989150848,1.5053709019702044,0.45091529897304433,0.09789473684210526
journal_impact,Journal Impact Factor,0.008080657685142016,1.683388403733802,0.5201363688728218,-0.09863636363636363
journal_impact,Journal Impact Factor,0.010150543232422132,1.9466356075304443,0.6224985125632047,0.31
journal_impact,Journal Impact Factor,-0.00027135158876996033,1.8841561123471398,0.5982037243511462,-0.00484374999999998
journal_impact,Journal Impact Factor,0.00040515858864004505,1.8499855992088032,0.5849167191127448,0.14046874999999998
journal_impact,Journal Impact Factor,0.009823023816026198,1.5849157599182802,0.48184585421420073,0.21136363636363636
journal_impact,Journal Impact Factor,0.010792703658294201,2.5639860338478804,0.8625516342474188,-0.2015
journal_impact,Journal Impact Factor,0.002043260162092443,1.1751804757310327,0.32252267269469465,-0.09789473684210528
journal_impact,Journal Impact Factor,0.008723550440812161,1.6390029635774197,0.5028773486913264,-0.02818181818181814
journal_impact,Journal Impact Factor,0.006085075162410393,1.6675397374162604,0.5139737071787954,0.12178571428571427
journal_impact,Journal Impact Factor,-0.0030055504152703503,1.8603317450480015,0.5889397577310459,-0.020666666666666667
journal_impact,Journal Impact Factor,0.0056185992039318525,1.6835635247357936,0.5202044636556363,0.033214285714285696
journal_impact,Journal Impact Factor,0.010484511927898002,1.7175005423068876,0.533400675501134,-0.2635
journal_impact,Journal Impact Factor,0.005234606577553113,1.6850077817960571,0.5207660546111958,-0.06642857142857145
journal_impact,Journal Impact Factor,0.0022907411591957,1.4940719041086257,0.44652174938929373,-0.04894736842105263
journal_impact,Journal Impact Factor,0.006663634676198262,1.6311911966729913,0.49983978857743205,0.21035714285714285
journal_impact,Journal Impact Factor,0.006791959345285038,1.675378407563785,0.5170217284622514,0.23249999999999998
journal_impact,Journal Impact Factor,0.0007960715568774536,1.940581178728231,0.6201442831466061,0.24218749999999994
journal_impact,Journal Impact Factor,0.006298496410860884,1.6524020376475006,0.5080875006910386,0.1439285714285714
journal_impact,Journal Impact Factor,0.019518382599853876,1.572368657981991,0.4769669866221543,-0.31
journal_impact,Journal Impact Factor,-0.0021008217304957846,1.7725400326536263,0.5548024611165684,0.2962222222222222
journal_impact,Journal Impact Factor,0.0026447477395875516,1.5505110156228266,0.4684677695530522,0.0326315789473684
journal_impact,Journal Impact Factor,0.007306704286217348,1.7430395510225754,0.5433313704607076,-0.2959090909090909
journal_impact,Journal Impact Factor,0.001795563205308794,1.6624910773961712,0.5120105651018163,-0.15663157894736843
journal_impact,Journal Impact Factor,-0.008925449432446744,1.8731650792622219,0.5939299250791387,0.062
journal_impact,Journal Impact Factor,0.003547908566437582,1.5948676921924199,0.485715605181164,0.20884210526315788
journal_impact,Journal Impact Factor,0.0018718831039335427,1.5999429701486456,0.4876890974877533,-0.1468421052631579
journal_impact,Journal Impact Factor,0.00431408982875843,1.7283898403299198,0.5376349156861963,-0.24357142857142858
journal_impact,Journal Impact Factor,-0.012006963211307904,1.8186547397622768,0.5727338966920136,0.25833333333333336
journal_impact,Journal Impact Factor,0.0054715097649077815,1.7439754407542654,0.5436952857381046,-0.016607142857142876
journal_impact,Journal Impact Factor,0.0041094437642214855,1.163419859676948,0.3179496255623665,0.31
journal_impact,Journal Impact Factor,0.0036105907975690923,1.2309647811174935,0.3442140753051786,0.22515789473684206
journal_impact,Journal Impact Factor,0.004352305636518485,1.1166797596750582,0.29977500959876346,-0.23249999999999998
journal_impact,Journal Impact Factor,0.0013144765243042471,1.190628205717582,0.3285294326289613,-0.26105263157894737
journal_impact,Journal Impact Factor,0.0009149162274034401,1.0406815570112848,0.27022355063136066,0.2809375
journal_impact,Journal Impact Factor,-0.0012707002169826803,1.3315745264021501,0.3833355894369545,-0.174375
journal_impact,Journal Impact Factor,0.0021405338018969065,1.1534526496450428,0.3140739339281782,-0.07505263157894737
journal_impact,Journal Impact Factor,0.0018891912815040739,1.152017576355458,0.3135159140284182,-0.14357894736842106
journal_impact,Journal Impact Factor,0.010423606425940393,1.1365674587934482,0.307508225699324,-0.2945
journal_impact,Journal Impact Factor,0.009222058755777326,1.1425278714909342,0.3098258975005613,0.09863636363636363
journal_impact,Journal Impact Factor,-0.000819014571092053,1.1591413874497125,0.31628596652788,-0.07750000000000001
journal_impact,Journal Impact Factor,0.001678828402501435,0.9932517730102833,0.2517807550571109,-0.17294736842105263
journal_impact,Journal Impact Factor,0.0007004040450562379,1.118482519300166,0.3004760021909851,0.22281250000000002
journal_impact,Journal Impact Factor,0.0026562389624825906,1.179885778944895,0.3243523024751358,0.039157894736842114
journal_impact,Journal Impact Factor,0.0030247724422652134,1.2717614505744717,0.360077622878775,0.10768421052631577
journal_impact,Journal Impact Factor,0.0035029243247925966,1.130826435957473,0.3052758623693802,0.20231578947368417
journal_impact,Journal Impact Factor,0.0014831968738043628,1.2063191670236557,0.3346307716467664,-0.20557894736842106
journal_impact,Journal Impact Factor,0.0018428723052620467,1.1889886750383472,0.32789191066271745,-0.15010526315789474
journal_impact,Journal Impact Factor,0.0022728624972175003,1.33500106673234,0.3846679797096001,-0.052210526315789485
journal_impact,Journal Impact Factor,0.0020137675225649376,1.1509961125780055,0.3131187237811748,-0.11421052631578948
journal_impact,Journal Impact Factor,0.0034701861790114204,1.1473978390078068,0.31171955603725254,0.1925263157894737
journal_impact,Journal Impact Factor,0.0001328600812618903,1.3135871522509397,0.37634130364426965,0.08234375
journal_impact,Journal Impact Factor,0.0026111258188757543,1.0862776659387803,0.2879533323211374,0.029368421052631544
journal_impact,Journal Impact Factor,0.001470156624702662,1.1985009809370313,0.3315907154712204,-0.21210526315789474
journal_impact,Journal Impact Factor,0.009497464589021133,0.9130804479726937,0.22060660173282473,0.15500000000000003
journal_impact,Journal Impact Factor,-0.0022363557349931343,1.175358613989539,0.32259194072015124,0.2411111111111111
journal_impact,Journal Impact Factor,-0.0008050882358025923,1.1744614464969891,0.3222430823601678,-0.0678125
journal_impact,Journal Impact Factor,-0.0018297866414413143,1.1738913724373126,0.3220214123786099,-0.27609375
journal_impact,Journal Impact Factor,-0.002821191548853094,1.323254490688239,0.3801003919534729,0.020666666666666667
journal_impact,Journal Impact Factor,-0.0002461791415730304,1.112145290513167,0.2980118076455618,0.0
journal_impact,Journal Impact Factor,-0.0034949906396566856,1.1848873414463985,0.32629713095601426,-0.11711111111111111
journal_impact,Journal Impact Factor,-0.0011393884681340954,1.393375583301157,0.4073665708691469,-0.1453125
journal_impact,Journal Impact Factor,-0.0011493200493510542,1.172016759539206,0.3212924800592069,-0.15015625
journal_impact,Journal Impact Factor,0.011466505004824318,0.9458250771755414,0.23333916029834503,-0.062
journal_impact,Journal Impact Factor,0.0031913785978784407,1.0878422036478816,0.28856169370723506,0.13705263157894737
journal_impact,Journal Impact Factor,0.015961439831393646,0.7664310458379622,0.16358283488202716,0.2536363636363637
journal_impact,Journal Impact Factor,0.0013648892907871283,1.0301133655451036,0.26611417086281275,-0.25126315789473685
journal_impact,Journal Impact Factor,-0.0023986301932506083,1.275871659897596,0.3616758538619091,0.186
journal_impact,Journal Impact Factor,0.017124688965849455,0.9490726516061099,0.23460196072210132,-0.19727272727272727
journal_impact,Journal Impact Factor,0.007026177727380559,0.9388107220966964,0.23061166913368764,0.29339285714285707
journal_impact,Journal Impact Factor,0.00015378561262999042,1.0699015842929531,0.28158558824507673,0.08718749999999997
journal_impact,Journal Impact Factor,0.0009120686524316463,0.7580106859410212,0.16030862692363515,0.27609374999999997
journal_impact,Journal Impact Factor,0.001220072881697398,1.057647515604935,0.2768206649268267,-0.2871578947368421
journal_impact,Journal Impact Factor,0.021120892304749457,0.8952132547090105,0.21365904757907264,0.07750000000000001
journal_impact,Journal Impact Factor,0.011814370888957502,0.9461428460546975,0.23346272287830552,0.0
journal_impact,Journal Impact Factor,0.00431092264527731,1.0884204727499787,0.2887865502833615,-0.25464285714285717
journal_impact,Journal Impact Factor,0.017830006209438056,0.7724475149685688,0.1659223039011612,0.028181818181818197
journal_impact,Journal Impact Factor,0.002490139037157529,1.0390911140372212,0.26960511613369276,-0.0032631578947368567
journal_impact,Journal Impact Factor,-0.000856123722148622,1.2352291352544347,0.34587224460238963,-0.08234375
journal_impact,Journal Impact Factor,0.017371423061744898,0.9736070200138787,0.244142007142685,-0.08454545454545453
journal_impact,Journal Impact Factor,0.009484527890947954,0.9500859541265396,0.23499597751203152,0.14090909090909093
journal_impact,Journal Impact Factor,0.004825405570919967,1.120669300713827,0.30132631942154364,-0.14946428571428572
journal_impact,Journal Impact Factor,0.015414062012148243,0.7751744377460615,0.1669826519586392,0.16909090909090913
journal_impact,Journal Impact Factor,0.01221117681767116,0.9767980887103561,0.24538283564047614,0.124
journal_impact,Journal Impact Factor,0.0020431972348559876,1.3728159015958452,0.39937205824908734,-0.10115789473684211
journal_impact,Journal Impact Factor,0.013054627629680881,0.9560374067041949,0.23731016522280038,0.29450000000000004
journal_impact,Journal Impact Factor,0.009798379596237375,0.9546339790627374,0.23676445054920822,0.19727272727272732
journal_impact,Journal Impact Factor,-5.0702511317462854e-05,1.0995888798129276,0.29312932039480927,0.04359374999999999
journal_impact,Journal Impact Factor,0.012842449256386635,0.7621902232168685,0.16193381567785298,0.24800000000000005
journal_impact,Journal Impact Factor,-0.0015701821823725544,1.0160137304941235,0.26063160980136535,-0.23734375
journal_impact,Journal Impact Factor,-0.0014176431018538935,1.3497173925792803,0.3903903373993049,-0.2034375
journal_impact,Journal Impact Factor,0.015087769984988642,0.9904681931154851,0.25069837620918545,0.08454545454545453
journal_impact,Journal Impact Factor,-0.017568448719126942,0.5348952407424653,0.07355148408765257,0.23249999999999998
journal_impact,Journal Impact Factor,0.0178311253670791,0.7914129840789376,0.17329691622840462,0.08454545454545453
journal_impact,Journal Impact Factor,-0.02452601287494163,0.45620952206013105,0.04295500015172377,0.31
journal_impact,Journal Impact Factor,-0.008592052397838829,0.5651703056556191,0.08532376694642854,0.186
journal_impact,Journal Impact Factor,-0.006500746169815498,0.5689165009106955,0.08678045317694434,-0.1482608695652174
journal_impact,Journal Impact Factor,-0.020089998883758113,0.5428576959227828,0.07664763846095986,-0.31
journal_impact,Journal Impact Factor,-0.03841380744306311,0.5422224806105267,0.07640063868231181,-0.31
journal_impact,Journal Impact Factor,0.017985289176437127,0.8008875570770745,0.17698104881805032,0.19727272727272732
journal_impact,Journal Impact Factor,-0.05283716187335347,0.34574110794378987,0.0,0.31
journal_impact,Journal Impact Factor,0.005296852567928337,0.6868107860802992,0.13262296008588145,-0.05535714285714288
journal_impact,Journal Impact Factor,-0.03636720427731075,0.5806092377476783,0.09132710587060662,0.31
journal_impact,Journal Impact Factor,-0.0653302887112069,0.55624968160313,0.08185503418156254,-0.31
journal_impact,Journal Impact Factor,0.0199023492789028,0.7651973525468238,0.1631031204230849,-0.23249999999999998
journal_impact,Journal Impact Factor,-0.03298480517178463,0.4788732819769715,0.05176767134333911,0.31
journal_impact,Journal Impact Factor,-0.05349530147180556,0.553957566794059,0.08096375867300205,-0.31
journal_impact,Journal Impact Factor,-0.061863248443958525,0.5862962741797504,0.09353847690147199,-0.31
journal_impact,Journal Impact Factor,-0.013020654262441757,0.4577417334067791,0.04355079161984809,-0.155
journal_impact,Journal Impact Factor,-0.014106311767656504,0.4318552118620082,0.03348496831842761,-0.31
journal_impact,Journal Impact Factor,-0.008132153570772755,0.45156405177785813,0.04114863605863825,0.31
journal_impact,Journal Impact Factor,-0.011115904161510278,0.48527195818839636,0.05425575936226477,-0.31
journal_impact,Journal Impact Factor,-0.019548630485817235,0.5772948217405385,0.09003831448866802,-0.155
journal_impact,Journal Impact Factor,0.023965221304741935,0.8032746145545481,0.17790924223086663,-0.31
journal_impact,Journal Impact Factor,-0.021671122117500614,0.5306133526305494,0.07188649680628087,0.186
journal_impact,Journal Impact Factor,-0.0056737246934603185,0.5742836535360949,0.08886743925058847,0.04043478260869565
journal_impact,Journal Impact Factor,-0.019369522671855918,0.5496002445261614,0.07926943925893376,0.0
journal_impact,Journal Impact Factor,0.009510519195749694,1.4256792546090316,0.4199276655225888,0.16909090909090913
journal_impact,Journal Impact Factor,0.0008468398421716368,1.2338869458078827,0.3453503420446181,0.25671875000000005
journal_impact,Journal Impact Factor,0.00028622449729317264,1.7044945230014599,0.5283433605599636,0.11625000000000002
journal_impact,Journal Impact Factor,0.0013400248716488987,1.074936618176606,0.28354343187817593,-0.2545263157894737
journal_impact,Journal Impact Factor,0.012088263373253041,0.8998111647543915,0.21544691815073624,0.062
journal_impact,Journal Impact Factor,0.0023262518439936936,1.625520312196046,0.4976346981403497,-0.04242105263157897
journal_impact,Journal Impact Factor,-0.0012138607532901455,1.409377555534585,0.41358884467667056,-0.155
journal_impact,Journal Impact Factor,-0.0008969004559895507,1.217424415711125,0.3389489829913484,-0.09203125000000001
journal_impact,Journal Impact Factor,0.002363552770771466,1.5858257269907035,0.48219968961635334,-0.039157894736842114
journal_impact,Journal Impact Factor,0.0007366904085019096,1.1322013434365479,0.30581048714375303,0.23734375000000002
journal_impact,Journal Impact Factor,0.011155405952315154,0.938057494650037,0.23031878102314174,-0.1395
journal_impact,Journal Impact Factor,-0.019337340773459822,0.5120304357479415,0.0646606376872097,0.07750000000000001
journal_impact,Journal Impact Factor,0.017718721428235426,0.9889277503233629,0.250099383991377,-0.02818181818181814
journal_impact,Journal Impact Factor,0.006653861123893722,1.1395015219543905,0.3086491190898158,0.20482142857142854
journal_impact,Journal Impact Factor,0.00010782892298968332,1.1923852374706339,0.3292126442041672,0.07750000000000001
journal_impact,Journal Impact Factor,-0.0019395595257829423,1.2764982771337843,0.36191951032869957,-0.30515625
journal_impact,Journal Impact Factor,0.0014306274182811925,1.2484846101483573,0.3510265588978765,-0.22842105263157897
journal_impact,Journal Impact Factor,0.004237688540837232,1.3692465670762817,0.3979841432866444,-0.27125
journal_impact,Journal Impact Factor,0.0027882347946216355,1.0876152362022677,0.28847343873644754,0.06852631578947366
journal_impact,Journal Impact Factor,0.002185382653272762,1.0825906570866184,0.2865196603790633,-0.06526315789473686
journal_impact,Journal Impact Factor,0.003316669919116183,1.5478692093628617,0.4674405185582285,0.15336842105263154
journal_impact,Journal Impact Factor,-0.0024073200529573504,1.4924793929599798,0.4459025106939715,0.17222222222222222
journal_impact,Journal Impact Factor,0.0008223982646257105,1.2155251114188443,0.3382104495669692,0.251875
journal_impact,Journal Impact Factor,0.007428634269993623,1.582644608431177,0.48096273017142804,-0.2677272727272727
journal_impact,Journal Impact Factor,0.0006037601676572458,1.1651114835479153,0.3186074036631504,0.18406250000000002
journal_impact,Journal Impact Factor,0.025154338201323623,0.8882123127010072,0.21093677200897823,0.31
journal_impact,Journal Impact Factor,-0.059968176775151684,0.4949046509623401,0.05800137590683191,0.31
journal_impact,Journal Impact Factor,0.00018857931594106647,1.0632175403972803,0.2789865366623286,0.09203125000000001
journal_impact,Journal Impact Factor,0.00473986196625866,1.1759475360704763,0.3228209396451234,-0.1660714285714286
journal_impact,Journal Impact Factor,0.0014495591842469033,1.2284495687985224,0.3432360496278186,-0.21863157894736843
journal_impact,Journal Impact Factor,-0.0043594065093621025,1.4619502469037955,0.4340314298609083,-0.26866666666666666
journal_impact,Journal Impact Factor,0.004363452117672609,1.4177104834120684,0.4168290552029538,-0.22696428571428573
journal_impact,Journal Impact Factor,-0.0016278899983872192,1.8270034841487344,0.5759802573757952,-0.251875
journal_impact,Journal Impact Factor,0.0038162372559313747,1.218569018398669,0.33939405508738973,0.27084210526315783
journal_impact,Journal Impact Factor,0.0019921433328637956,1.350279074693854,0.3906087442218317,-0.11747368421052631
journal_impact,Journal Impact Factor,-0.0063127775101272455,1.7455490891196896,0.5443071897499098,-0.06739130434782609
journal_impact,Journal Impact Factor,0.0016745812046171998,1.2876512516800065,0.3662562795958007,-0.17621052631578948
journal_impact,Journal Impact Factor,0.0074326854047716655,1.4253273638365533,0.41979083484292257,-0.25363636363636366
journal_impact,Journal Impact Factor,0.00592595353198685,1.6571836640077617,0.5099468082829279,0.09410714285714283
journal_impact,Journal Impact Factor,0.0034076065537909784,1.1213202071868404,0.3015794206167649,0.17294736842105263
journal_impact,Journal Impact Factor,0.016325222326251124,0.9709743200336741,0.243118297071768,0.31
journal_impact,Journal Impact Factor,-0.060128412502006456,0.5198300581069055,0.06769347546525405,0.0
journal_impact,Journal Impact Factor,0.0020378792579182265,1.326127289477694,0.3812174630495325,-0.10442105263157894
journal_impact,Journal Impact Factor,0.0037250543085070474,1.3259273992427143,0.3811397368945717,0.2643157894736842
journal_impact,Journal Impact Factor,0.003690338262957628,1.5362399213255455,0.4629185375611874,0.25452631578947366
journal_impact,Journal Impact Factor,0.004319512136804004,1.9502494070814564,0.62390371749444,-0.2380357142857143
journal_impact,Journal Impact Factor,-0.008493442174015306,1.7510674616831239,0.5464529768166991,0.24800000000000005
journal_impact,Journal Impact Factor,0.006733780758842577,1.6579965207095746,0.5102628828824323,0.22696428571428567
journal_impact,Journal Impact Factor,0.00887817052924606,1.4328618187783417,0.42272056381347545,0.028181818181818197
journal_impact,Journal Impact Factor,0.010412533727007069,1.7208535963167275,0.5347044910456363,-0.31
journal_impact,Journal Impact Factor,0.0034083889145165437,2.510917086521145,0.8419160828211896,0.17621052631578943
journal_impact,Journal Impact Factor,0.0010699746240008224,1.523256593952991,0.4578700462460988,0.31
journal_impact,Journal Impact Factor,0.016949718587268615,1.9986851954249492,0.6427376920045875,-0.25363636363636366
journal_impact,Journal Impact Factor,-0.005010169268620331,1.169943417361016,0.3204862730154004,-0.31
journal_impact,Journal Impact Factor,0.008716238881483082,0.8559389874097981,0.19838747722757114,-0.04227272727272724
journal_impact,Journal Impact Factor,-0.049041856655853644,0.5820796513087486,0.091898867629333,0.0
journal_impact,Journal Impact Factor,-0.012334664972682237,1.7635002428341873,0.5512873914365002,0.051666666666666694
journal_impact,Journal Impact Factor,0.005923167038527098,1.6961927439866709,0.5251152620877226,0.08857142857142852
journal_impact,Journal Impact Factor,-0.0015915945652046702,1.9162672105106373,0.6106899380577393,-0.2421875
journal_impact,Journal Impact Factor,0.007366024721790549,1.623269040925112,0.4967593044039764,-0.2818181818181818
journal_impact,Journal Impact Factor,0.0042112114504913225,1.1894902175276714,0.32808693254184323,-0.28232142857142856
journal_impact,Journal Impact Factor,-0.0013609531759069316,1.1144271326798185,0.29889908869688114,-0.1840625
journal_impact,Journal Impact Factor,0.01202039801924987,1.980436376400722,0.6356417448940505,0.046499999999999986
journal_impact,Journal Impact Factor,-0.0008608261416455308,1.3775975255393311,0.40123136490122774,-0.0871875
journal_impact,Journal Impact Factor,0.0049406932964182705,1.3464754178285503,0.38912971437847627,-0.11625000000000002
journal_impact,Journal Impact Factor,-0.022773185503397433,1.7649823997899097,0.551863719545917,0.062
journal_impact,Journal Impact Factor,-0.00200638721401649,1.8330186554295032,0.5783192217335703,0.31
journal_impact,Journal Impact Factor,0.006385993794565372,1.6939191729911154,0.5242311972331645,0.16607142857142854
journal_impact,Journal Impact Factor,0.01210600593345165,1.7030512865550147,0.5277821664641497,0.07750000000000001
journal_impact,Journal Impact Factor,0.01001137004982822,1.9908194230865566,0.6396791321918862,0.2536363636363637
journal_impact,Journal Impact Factor,0.005834568250064493,1.6340389502653996,0.5009471209943268,0.07749999999999996
journal_impact,Journal Impact Factor,0.007155777277730562,1.649117604742154,0.5068103680637981,0.31
journal_impact,Journal Impact Factor,0.017365669114771436,1.9779878789001843,0.6346896608857083,-0.1409090909090909
journal_impact,Journal Impact Factor,0.005428834125540449,1.658961847100357,0.5106382444334623,-0.02767857142857144
journal_impact,Journal Impact Factor,0.006593276226438346,1.6988297730967532,0.5261406555156068,0.19928571428571423
journal_impact,Journal Impact Factor,0.005533816094098022,1.6904914098643746,0.522898331483194,0.005535714285714255
journal_impact,Journal Impact Factor,0.011094391549239888,1.1452163050134765,0.31087127923517266,-0.155
journal_impact,Journal Impact Factor,0.0035842867241758624,1.236980406154668,0.3465532161034923,0.21863157894736834
journal_impact,Journal Impact Factor,0.0036326141023161496,1.1195516974175208,0.30089174588170947,0.23494736842105263
journal_impact,Journal Impact Factor,-0.0019091147447778745,1.1530536218066785,0.3139187742746737,-0.29546875
journal_impact,Journal Impact Factor,-0.0012728178184090928,1.1117214703525724,0.29784700764179356,-0.17921875
journal_impact,Journal Impact Factor,0.015461427188386442,0.9812264166147897,0.24710476518321853,0.19727272727272732
journal_impact,Journal Impact Factor,0.0024659807223077475,1.184671408100377,0.3262131665306596,-0.016315789473684228
journal_impact,Journal Impact Factor,0.004016843699011551,1.1494008695316718,0.31249842280333023,0.3034736842105263
journal_impact,Journal Impact Factor,0.002220789243029678,1.1531806666455093,0.3139681749211382,-0.062
journal_impact,Journal Impact Factor,0.0009980202314622782,1.1299272180408448,0.3049262067139228,0.28578125000000004
journal_impact,Journal Impact Factor,-0.0018327252251424996,1.1514564589560154,0.3132977267920847,-0.2809375
journal_impact,Journal Impact Factor,0.037674654841053944,0.9102598765662612,0.2195098389508076,0.0
journal_impact,Journal Impact Factor,0.002793032636614976,1.1791044662947734,0.3240484935966162,0.07505263157894737
journal_impact,Journal Impact Factor,0.020665732832498604,0.7652229611081661,0.16311307816317872,0.0
journal_impact,Journal Impact Factor,-0.004176588782717308,1.0873117714428826,0.2883554382302422,-0.2411111111111111
journal_impact,Journal Impact Factor,-0.001232496464589429,1.3233173494195447,0.3801248342054448,-0.16953125
journal_impact,Journal Impact Factor,0.011981154856239764,1.007424223807531,0.2572916300978708,0.030999999999999972
journal_impact,Journal Impact Factor,0.01298981670458394,0.8551716841899172,0.19808911583449734,0.2635
journal_impact,Journal Impact Factor,0.026935885431873634,0.8908952193505921,0.21198000465119404,0.0
journal_impact,Journal Impact Factor,0.015214482975284037,0.9628486836457849,0.23995869063524358,0.11272727272727273
journal_impact,Journal Impact Factor,0.01136243824084231,0.9395568822310736,0.23090180916096845,-0.07750000000000001
journal_impact,Journal Impact Factor,-0.022911900584385088,0.5127452311359288,0.06493858171532901,-0.062
journal_impact,Journal Impact Factor,-0.02579923345139577,0.4674377687651829,0.04732103855987132,-0.10333333333333333
journal_impact,Journal Impact Factor,-0.016991145058881954,0.5116484682190107,0.06451211183577583,-0.23249999999999998
journal_impact,Journal Impact Factor,-0.02069176507518246,0.562057190026497,0.08411325004536721,0.31
journal_impact,Journal Impact Factor,-0.043573135414702445,0.419533871944601,0.028693886973996736,0.0
journal_impact,Journal Impact Factor,-0.0652007404448178,0.546381394982267,0.0780178083402465,-0.10333333333333333
journal_impact,Journal Impact Factor,-0.01658299965123986,0.48854990819796107,0.05553037115319629,-0.155
journal_impact,Journal Impact Factor,-0.020060411574826874,0.5451201707187465,0.07752738862286174,-0.23249999999999998
journal_impact,Journal Impact Factor,0.006100233827394661,1.6018504939101916,0.4884308270049377,0.12732142857142853
journal_impact,Journal Impact Factor,-0.0007991886659546269,1.50992450625617,0.45268594150791885,-0.06296874999999999
journal_impact,Journal Impact Factor,0.0027628771377069066,1.3098749164224466,0.3748978223392133,0.062
journal_impact,Journal Impact Factor,-0.0018685943926135618,1.3221281130248608,0.3796624065520498,-0.28578125
journal_impact,Journal Impact Factor,-0.023098062847769232,2.573167902443834,0.8661219504331561,-0.31
journal_impact,Journal Impact Factor,-0.0023841616344287275,1.1539720388989536,0.31427589541788553,0.19977777777777778
journal_impact,Journal Impact Factor,0.0014648802046276863,1.3790413021388213,0.4017927690324108,-0.2153684210526316
journal_impact,Journal Impact Factor,0.004496188226801639,1.388081814202285,0.40530811955286605,-0.21035714285714285
journal_impact,Journal Impact Factor,0.013646341557760858,1.5749599809208525,0.47797460747126613,-0.19727272727272727
journal_impact,Journal Impact Factor,0.002524582241867491,1.1943367195964811,0.3299714666755713,0.016315789473684172
journal_impact,Journal Impact Factor,0.0016350518317237732,1.0027948047413546,0.25549150742678245,-0.18273684210526317
journal_impact,Journal Impact Factor,0.005402044297562117,1.7226908680876674,0.5354189034849818,-0.03875000000000001
journal_impact,Journal Impact Factor,0.003700596810123539,1.3906381319547954,0.4063021288389167,0.2577894736842105
journal_impact,Journal Impact Factor,0.004006086178005922,1.316753478284729,0.3775725111016211,0.3002105263157894
journal_impact,Journal Impact Factor,0.005181779743041748,1.3552736557153977,0.3925508579948443,-0.07196428571428573
journal_impact,Journal Impact Factor,0.007086408599557427,1.6234622172596487,0.4968344198978097,0.2989285714285714
journal_impact,Journal Impact Factor,0.0014306972618831368,1.1277946486434938,0.30409696951051457,-0.2251578947368421
journal_impact,Journal Impact Factor,-0.0009462630075113092,1.0841347311735925,0.287120064604749,-0.10171875
journal_impact,Journal Impact Factor,-0.0015118807716146048,1.8211525205790484,0.5737051442311555,-0.22765625
journal_impact,Journal Impact Factor,-0.001232496464589429,1.3767885305579375,0.40091679190924195,-0.1646875
journal_impact,Journal Impact Factor,0.0038831620707000755,1.3565026997573233,0.39302876462027836,0.27736842105263154
journal_impact,Journal Impact Factor,-0.001076750229138271,1.3540744707628651,0.3920845619026081,-0.1259375
journal_impact,Journal Impact Factor,-0.015108811534271495,1.8680531916017247,0.5919421973020295,0.15499999999999997
journal_impact,Journal Impact Factor,-9.652105135077985e-05,1.1227793277996083,0.3021467911782434,0.03390625000000003
journal_impact,Journal Impact Factor,-0.0026701805550216925,1.1196852844218623,0.30094369041117214,0.10333333333333333
journal_impact,Journal Impact Factor,-0.0037817335470626996,1.8309845224642145,0.5775282609640912,-0.15844444444444444
journal_impact,Journal Impact Factor,-0.006482297361930312,1.4774483224192476,0.4400577663611912,-0.09434782608695652
journal_impact,Journal Impact Factor,-0.0014425908963204943,1.3396324577152021,0.38646886914901957,-0.213125
journal_impact,Journal Impact Factor,0.005967340563533137,1.4072538314665108,0.4127630469280916,0.09964285714285709
journal_impact,Journal Impact Factor,0.0006195396823168414,1.2523867100108461,0.35254386772797086,0.19375000000000003
journal_impact,Journal Impact Factor,0.0068975241555577155,1.1403488459799462,0.30897859610763534,0.2601785714285714
journal_impact,Journal Impact Factor,0.01330150872342093,0.8425764191600774,0.19319152030372438,-0.31
journal_impact,Journal Impact Factor,-0.004793175902547467,1.2833813652906245,0.3645959591144133,-0.2962222222222222
journal_impact,Journal Impact Factor,0.004852903546281504,1.5707728147991686,0.4763464522847275,-0.13839285714285715
journal_impact,Journal Impact Factor,-0.00010906955294391824,1.2065030690299106,0.33470228087200304,0.02906249999999999
journal_impact,Journal Impact Factor,0.011174647692650948,0.9904951501022471,0.2507088582766589,-0.124
journal_impact,Journal Impact Factor,-0.0021271298618247025,1.5434147418995838,0.4657084248001029,0.26866666666666666
journal_impact,Journal Impact Factor,-0.0007335898096320014,1.1670044912347208,0.3193434886891227,-0.05812499999999998
journal_impact,Journal Impact Factor,0.007864918081413274,0.9297332023233579,0.22708192838054914,-0.155
journal_impact,Journal Impact Factor,-0.012224561582925737,0.5081338451232007,0.06314547109216226,0.10333333333333333
journal_impact,Journal Impact Factor,0.0006075437070545674,1.0969477061567505,0.29210231538428805,0.18890625
journal_impact,Journal Impact Factor,0.0012444170397863377,1.1183160891689843,0.30041128680272366,-0.2773684210526316
journal_impact,Journal Impact Factor,0.0010331547958837132,1.0462603951032445,0.27239284936714403,0.30031250000000004
journal_impact,Journal Impact Factor,-0.000409318228736993,1.364069978821214,0.39597125705974834,-0.03390625000000003
journal_impact,Journal Impact Factor,0.005597949096955628,1.3205929549538933,0.3790654692673172,0.027678571428571386
journal_impact,Journal Impact Factor,0.003917272565026282,1.278429119264209,0.36267030705796194,0.29042105263157897
journal_impact,Journal Impact Factor,0.010881990190837182,0.9601188289290533,0.23889720251024982,-0.186
journal_impact,Journal Impact Factor,0.0025015780253387254,1.3316498054908048,0.38336486127262315,0.009789473684210515
journal_impact,Journal Impact Factor,0.00020413320137013623,1.4800894796894744,0.441084765000131,0.1065625
journal_impact,Journal Impact Factor,0.003584818184987784,1.2779667634158054,0.3624905226761801,0.2218947368421052
journal_impact,Journal Impact Factor,-0.00031184583966055625,1.1969518655287075,0.33098835095705703,-0.014531249999999996
journal_impact,Journal Impact Factor,0.009370908551334245,1.5562881484088344,0.4707141740269877,0.12681818181818183
journal_impact,Journal Impact Factor,0.00035844274699251596,1.1887735775266217,0.3278082712466661,0.13078125000000002
journal_impact,Journal Impact Factor,0.01240443836905765,0.9169412975156429,0.22210787061615012,0.17049999999999998
journal_impact,Journal Impact Factor,-0.019298331297950746,0.5832906809879626,0.09236976947462963,0.15499999999999997
journal_impact,Journal Impact Factor,0.009251506387999705,1.1418997185386097,0.3095816438794856,0.11272727272727273
journal_impact,Journal Impact Factor,0.0036717789426956604,1.241870055348301,0.3484545277456888,0.24473684210526309
journal_impact,Journal Impact Factor,0.003226567177261479,1.27289618179564,0.3605188565125457,0.14031578947368417
journal_impact,Journal Impact Factor,-0.0014234760090850351,1.5473067525125315,0.46722181048420985,-0.20828125
journal_impact,Journal Impact Factor,0.004774877624136433,1.388131085945545,0.40532727858358214,-0.155
journal_impact,Journal Impact Factor,0.004162543851890958,1.3338216805338574,0.384209382247692,-0.2933928571428571
journal_impact,Journal Impact Factor,0.0033512791886331694,1.2307359820600092,0.34412510812277114,0.16968421052631577
journal_impact,Journal Impact Factor,0.0024688379199059754,1.31399212238101,0.37649877392333325,-0.013052631578947371
journal_impact,Journal Impact Factor,0.007210464889693031,1.6234099946290212,0.49681411343170834,-0.31
journal_impact,Journal Impact Factor,0.004772162948149847,1.3514872159665665,0.39107852292706435,-0.16053571428571428
journal_impact,Journal Impact Factor,0.0032968420406851054,1.316267386765395,0.3773834972422861,0.15010526315789474
journal_impact,Journal Impact Factor,0.00604987559525958,1.6499143208631508,0.5071201664923538,0.11624999999999996
journal_impact,Journal Impact Factor,0.002814353681250465,1.1916168683312731,0.3289138683345049,0.08157894736842103
journal_impact,Journal Impact Factor,0.0046698627992593665,1.0002231813962954,0.2544915466501132,-0.17714285714285716
journal_impact,Journal Impact Factor,0.005724492998359823,0.6478599843798278,0.11747716745060896,0.06642857142857139
journal_impact,Journal Impact Factor,0.0014238053872454816,1.1659505586179255,0.3189336731225964,-0.2316842105263158
journal_impact,Journal Impact Factor,0.004147762768303697,1.3841652917944438,0.40378520259991807,-0.3044642857142857
journal_impact,Journal Impact Factor,-0.00020336928160486433,1.4600091189873887,0.43327663356360696,0.014531249999999996
journal_impact,Journal Impact Factor,0.006475403191695346,1.6950871446680165,0.5246853562247622,0.1826785714285714
journal_impact,Journal Impact Factor,0.008786857994719295,1.7200984172761293,0.5344108440691413,-0.014090909090909098
journal_impact,Journal Impact Factor,0.006894632830865392,1.6050036813766024,0.4896569256068008,0.2491071428571428
journal_impact,Journal Impact Factor,0.01005182507498997,1.4306531164885983,0.4218617227777825,0.2818181818181818
journal_impact,Journal Impact Factor,0.005147174294078524,1.306295699559838,0.3735060646851704,-0.0830357142857143
journal_impact,Journal Impact Factor,0.0033396583887509907,2.345227522740842,0.7774886598853774,0.16642105263157891
journal_impact,Journal Impact Factor,0.0057192547271533575,1.6772611326130777,0.5177538151444485,0.06089285714285714
journal_impact,Journal Impact Factor,0.006996263082256563,1.9328381757313,0.6171334614780912,0.28232142857142856
journal_impact,Journal Impact Factor,0.011072632079774691,2.065864077385459,0.6688598094251132,-0.17049999999999998
journal_impact,Journal Impact Factor,0.0065898430468892665,1.2054464608058622,0.33429142491116237,0.19374999999999992
journal_impact,Journal Impact Factor,-0.005891097980912569,1.0244910985231088,0.26392798504024384,0.013478260869565217
journal_impact,Journal Impact Factor,0.014696392866106333,0.6721930590366677,0.12693894196722028,-0.05636363636363634
journal_impact,Journal Impact Factor,0.007940890981101317,1.6846428803612512,0.5206241648111763,-0.1409090909090909
journal_impact,Journal Impact Factor,-0.0030139639813004937,1.7512344733356424,0.5465179183261494,-0.034444444444444444
journal_impact,Journal Impact Factor,-0.01569359417985127,1.7743705172668849,0.5555142344091354,0.0
journal_impact,Journal Impact Factor,-0.003972678807043389,1.8660309886806536,0.5911558754608385,-0.186
journal_impact,Journal Impact Factor,0.004159329998990733,1.4081966238373147,0.41312964625655013,-0.29892857142857143
journal_impact,Journal Impact Factor,0.003320091024231011,1.085613114476404,0.28769492535118546,0.1566315789473684
journal_impact,Journal Impact Factor,0.0033381730433054055,1.309964657849271,0.37493271777094095,0.16315789473684206
journal_impact,Journal Impact Factor,-0.0019462435104189919,1.7814059277166454,0.5582499128322784,-0.31
journal_impact,Journal Impact Factor,0.0046350425874820324,1.3382085546035885,0.3859151927079783,-0.19375
journal_impact,Journal Impact Factor,0.003277851543436236,1.321647977355647,0.3794757085903845,0.14357894736842103
journal_impact,Journal Impact Factor,0.0077623283722594565,1.7083330902160645,0.5298359650895451,-0.21136363636363636
journal_impact,Journal Impact Factor,0.006717249103307282,1.9253422958769282,0.61421873220586,0.21589285714285705
journal_impact,Journal Impact Factor,-0.0031367319256657093,1.8679444040583537,0.5918998958986882,-0.04822222222222222
journal_impact,Journal Impact Factor,0.0116931444097637,1.600802839936783,0.48802345285236476,-0.015500000000000014
journal_impact,Journal Impact Factor,-0.0018931844455577548,1.804928483091676,0.5673965216415553,-0.290625
journal_impact,Journal Impact Factor,-0.00028897757855121854,1.473988451166498,0.43871241555321916,-0.009687500000000016
journal_impact,Journal Impact Factor,-0.010234529645005347,1.7594455278117578,0.5497107390893395,-0.124
journal_impact,Journal Impact Factor,0.008212520873394373,1.9051094202857555,0.6063512962420078,-0.07045454545454544
journal_impact,Journal Impact Factor,0.005308836727347001,1.6777841892792529,0.5179572026860788,-0.04982142857142857
journal_impact,Journal Impact Factor,0.0061927622865403775,1.6548411170378718,0.5090359225220347,0.1383928571428571
journal_impact,Journal Impact Factor,0.0017289140286243067,1.6462803585987904,0.5057071214073346,-0.16642105263157894
journal_impact,Journal Impact Factor,0.003898187604344784,1.186299556822779,0.32684626268920636,0.2806315789473684
journal_impact,Journal Impact Factor,0.0034813154375120297,1.2249491560803187,0.34187493450686485,0.19905263157894731
journal_impact,Journal Impact Factor,0.003553717097083352,1.1013095743496568,0.2937984024548489,0.21210526315789474
journal_impact,Journal Impact Factor,0.0013144765243042471,1.1926233163677187,0.32930521979821553,-0.2577894736842105
journal_impact,Journal Impact Factor,0.0019457452352186495,1.0051616003406407,0.25641182212614405,-0.124
journal_impact,Journal Impact Factor,0.0023043871475145936,1.4483572296646035,0.4287458641881999,-0.04568421052631583
journal_impact,Journal Impact Factor,0.003625521927171586,1.046090577884016,0.2723268169294008,0.2284210526315789
journal_impact,Journal Impact Factor,0.0011883632703274644,1.1544727580666654,0.3144705971531922,-0.29368421052631577
journal_impact,Journal Impact Factor,0.002792774289486861,1.2140923272834343,0.3376533197914923,0.07178947368421051
journal_impact,Journal Impact Factor,0.0026454260731232004,1.1716960589733512,0.3211677775099294,0.03589473684210526
journal_impact,Journal Impact Factor,-0.00034172828237137326,1.2059412488391659,0.33448382035936036,-0.019374999999999976
journal_impact,Journal Impact Factor,0.01013794359935765,0.9675673658071257,0.24179352274157637,0.29590909090909095
journal_impact,Journal Impact Factor,0.003091648316288144,1.0760240689166294,0.2839662807719195,0.11747368421052629
journal_impact,Journal Impact Factor,0.014829856242097404,0.7683074327587092,0.16431245701981304,0.0
journal_impact,Journal Impact Factor,0.0015746352472188986,1.0289617197887724,0.26566636011044836,-0.19905263157894737
journal_impact,Journal Impact Factor,0.0004468523030142792,1.2216480147296556,0.34059130489786854,0.15015625
journal_impact,Journal Impact Factor,0.020105018378467114,0.8503238371113968,0.19620405870156823,-0.155
journal_impact,Journal Impact Factor,0.006445244093566161,0.9727632028311314,0.24381389374028958,0.1771428571428571
journal_impact,Journal Impact Factor,0.011251107831006725,0.9805594003949596,0.24684539980666997,-0.093
journal_impact,Journal Impact Factor,0.009029188514528028,0.9411047740944777,0.23150369790680805,0.042272727272727295
journal_impact,Journal Impact Factor,0.009084258159070302,0.9711701497813359,0.2431944443298581,0.056363636363636394
journal_impact,Journal Impact Factor,-0.013545068288161639,0.5608269593062152,0.08363488198695815,-0.20666666666666667
journal_impact,Journal Impact Factor,0.0178311253670791,0.7914129840789376,0.17329691622840462,0.14090909090909093
journal_impact,Journal Impact Factor,-0.017031976135187022,0.438634875043528,0.036121200904188425,-0.31
journal_impact,Journal Impact Factor,-0.00416708556534728,0.6133399593485663,0.10405425654601583,-0.22733333333333333
journal_impact,Journal Impact Factor,-0.006500746169815498,0.5689165009106955,0.08678045317694434,-0.12130434782608696
journal_impact,Journal Impact Factor,-0.012901778273066971,0.5079495248251197,0.06307379921658254,-0.10333333333333333
journal_impact,Journal Impact Factor,-0.033323751919992685,0.6240148863878104,0.10820513982118851,0.10333333333333333
journal_impact,Journal Impact Factor,-0.01209172794846596,0.5722856473620322,0.088090526173701,0.2066666666666666
journal_impact,Journal Impact Factor,-0.01075155830035397,0.43206825441412766,0.03356780867539134,-0.248
journal_impact,Journal Impact Factor,-0.010369491293327406,0.6380691625594789,0.11367006334630213,-0.186
journal_impact,Journal Impact Factor,0.0031834976319691025,1.4086447445618284,0.4133038953932238,0.1337894736842105
journal_impact,Journal Impact Factor,0.002931937867523148,1.3846793867269673,0.403985105423555,0.09136842105263154
journal_impact,Journal Impact Factor,0.00390968551716774,1.230453437878639,0.3440152424616162,0.28389473684210526
journal_impact,Journal Impact Factor,-0.001092992557154516,1.1554810557428024,0.3148626678385361,-0.135625
journal_impact,Journal Impact Factor,0.007608420228466363,2.424516497725411,0.8083197165248368,-0.22545454545454546
journal_impact,Journal Impact Factor,0.0036457281258049077,1.085742031296034,0.28774505390649296,0.23821052631578948
journal_impact,Journal Impact Factor,0.004250754367757667,1.310669800448058,0.3752069083681372,-0.2601785714285714
journal_impact,Journal Impact Factor,0.004871822064453492,1.3900050500011107,0.4060559586043379,-0.13285714285714287
journal_impact,Journal Impact Factor,0.00391393027289069,1.4249051449436876,0.419626657482795,0.2871578947368421
journal_impact,Journal Impact Factor,0.0068322660531680655,1.0051594232491343,0.25641097557677756,0.2380357142857143
journal_impact,Journal Impact Factor,0.0006853715558610247,1.2923697887903864,0.3680910552999112,0.21796875
journal_impact,Journal Impact Factor,0.006351375982909947,1.6128866336323573,0.49272216573042,0.15499999999999997
journal_impact,Journal Impact Factor,0.0042193999570534005,1.29990200528044,0.3710199138615297,-0.2767857142857143
journal_impact,Journal Impact Factor,0.00343250810312613,1.362594161261993,0.39539739398778,0.18273684210526314
journal_impact,Journal Impact Factor,0.005476023284387313,1.35467004788992,0.39231614860354574,-0.011071428571428565
journal_impact,Journal Impact Factor,0.0026089819143452152,1.4979517025610534,0.4480303864458298,0.026105263157894742
journal_impact,Journal Impact Factor,0.012201711358674946,0.9259849365563166,0.2256244370435015,0.10849999999999999
journal_impact,Journal Impact Factor,0.0023981988833746215,1.2975038472634146,0.3700874040684889,-0.03589473684210526
journal_impact,Journal Impact Factor,0.006169697773306413,1.6819029205477996,0.5195587473781118,0.13285714285714284
journal_impact,Journal Impact Factor,0.004599624142965216,1.3000898539568262,0.3710929577264862,-0.1992857142857143
journal_impact,Journal Impact Factor,0.0027944678012535003,1.219556881744329,0.33977818000220944,0.07831578947368417
journal_impact,Journal Impact Factor,-0.004099920086948179,1.4695329304833762,0.4369799122566847,-0.21355555555555555
journal_impact,Journal Impact Factor,-0.0006353241049596654,1.3244598569557562,0.3805690916140795,-0.05328125
journal_impact,Journal Impact Factor,0.0017351366206858588,0.9937828301595838,0.25198725354005963,-0.1631578947368421
journal_impact,Journal Impact Factor,-0.0026907847627009357,1.4230157258963076,0.41889196787838545,0.07577777777777778
journal_impact,Journal Impact Factor,0.002879402229598478,1.6157961260625855,0.49385350493521984,0.08810526315789474
journal_impact,Journal Impact Factor,-0.003407570209309991,1.5013005645737274,0.44933257195662224,-0.08955555555555555
journal_impact,Journal Impact Factor,-0.0019333071788732743,1.41394438316103,0.4153646290305605,-0.3003125
journal_impact,Journal Impact Factor,0.00010084406090248141,1.5023725336802307,0.44974940090723964,0.07265624999999998
journal_impact,Journal Impact Factor,0.0030143209649255522,1.4108041355858192,0.41414356203010944,0.10442105263157891
journal_impact,Journal Impact Factor,0.0012366320794099219,1.2828870353638715,0.3644037417982824,-0.2806315789473684
journal_impact,Journal Impact Factor,-1.7867121646045298e-05,1.165824666194792,0.3188847205862713,0.05328125
journal_impact,Journal Impact Factor,0.012629166234508656,2.5177879673526564,0.8445877848594684,0.21700000000000003
journal_impact,Journal Impact Factor,0.0024492705568288993,1.1003627472109454,0.2934302342303628,-0.022842105263157886
journal_impact,Journal Impact Factor,0.0015126310186026493,1.3534019890047848,0.39182307128330807,-0.20231578947368423
journal_impact,Journal Impact Factor,0.0052718052334230206,1.3889976407731544,0.4056642333869003,-0.060892857142857165
journal_impact,Journal Impact Factor,-0.0014853241550217473,1.4813257632711012,0.44156548667845996,-0.2228125
journal_impact,Journal Impact Factor,0.0024629034118098313,1.1540862310119393,0.314320298356679,-0.019578947368421085
journal_impact,Journal Impact Factor,0.0006245706107945105,1.2718082514614613,0.3600958211314051,0.19859374999999996
journal_impact,Journal Impact Factor,0.004739740321710533,1.6748849428826345,0.5168298475918391,-0.17160714285714287
journal_impact,Journal Impact Factor,0.004472353768859021,1.3193454609963737,0.3785803884995414,-0.21589285714285716
journal_impact,Journal Impact Factor,0.0030658612583120796,1.3285200707067009,0.38214788210983314,0.11094736842105263
journal_impact,Journal Impact Factor,0.005848769576138977,1.3549685559720985,0.392432221734656,0.08303571428571427
journal_impact,Journal Impact Factor,0.0030938315972423047,1.538115067264604,0.46364767715046346,0.12073684210526314
journal_impact,Journal Impact Factor,0.0016018630577082779,1.0901691091018166,0.28946649735564767,-0.19252631578947368
journal_impact,Journal Impact Factor,0.0012194122994772542,1.2751508922444805,0.3613955875532398,-0.29042105263157897
journal_impact,Journal Impact Factor,-0.006285145351069075,1.756169373897799,0.5484368256997351,-0.04043478260869565
journal_impact,Journal Impact Factor,-0.0013737768342302627,1.3307693245972705,0.38302249139958844,-0.19375
journal_impact,Journal Impact Factor,0.0036740668451090315,1.311684068407616,0.3756013005634558,0.24799999999999994
journal_impact,Journal Impact Factor,0.001391778244021122,1.4176295862053483,0.4167975987947603,-0.248
journal_impact,Journal Impact Factor,-0.001074687330535071,1.554796015704048,0.4701339669055838,-0.12109375
journal_impact,Journal Impact Factor,0.00031303917531116823,1.1063116898030096,0.295743445947837,0.12109375
journal_impact,Journal Impact Factor,-0.0026214283635578634,1.3923285995214612,0.4069594573175001,0.11711111111111111
journal_impact,Journal Impact Factor,0.00431408982875843,1.7213212050672306,0.5348863179878395,-0.24910714285714286
journal_impact,Journal Impact Factor,-0.0033072422600619626,1.4966840015760863,0.4475374482929904,-0.07577777777777778
journal_impact,Journal Impact Factor,-0.0012193428000566156,1.3593650028900828,0.3941417545412931,-0.15984375
mathphysics_share,Math/Physics Journals,0.002657715382348534,0.330945558739255,0.330945558739255,-0.2968085106382979
mathphysics_share,Math/Physics Journals,0.0003886487047144213,0.47540983606557374,0.47540983606557374,0.2314084507042254
mathphysics_share,Math/Physics Journals,0.007932080535860551,0.13100436681222707,0.13100436681222707,0.16411764705882353
mathphysics_share,Math/Physics Journals,-0.01925321705243969,1.0,1.0,0.17222222222222222
mathphysics_share,Math/Physics Journals,0.006934401843724487,0.047058823529411764,0.047058823529411764,-0.20058823529411762
mathphysics_share,Math/Physics Journals,-0.002978140489500662,0.0,0.0,-0.1992857142857143
mathphysics_share,Math/Physics Journals,0.005376296528041881,0.17703349282296652,0.17703349282296652,0.03974358974358977
mathphysics_share,Math/Physics Journals,0.0017123233984680313,0.34797297297297297,0.34797297297297297,0.09061538461538465
mathphysics_share,Math/Physics Journals,0.009434678556170655,0.21052631578947367,0.21052631578947367,-0.010333333333333361
mathphysics_share,Math/Physics Journals,0.010014398013597733,0.025,0.025,0.2066666666666666
mathphysics_share,Math/Physics Journals,-0.014651783497904636,1.0,1.0,-0.248
mathphysics_share,Math/Physics Journals,0.006378439861601731,0.012195121951219513,0.012195121951219513,0.27820512820512827
mathphysics_share,Math/Physics Journals,-0.0012178660154552033,0.0,0.0,-0.2488732394366197
mathphysics_share,Math/Physics Journals,0.007987181317525457,0.0410958904109589,0.0410958904109589,0.20058823529411768
mathphysics_share,Math/Physics Journals,0.0034660490936261803,0.5555555555555556,0.5555555555555556,0.09893617021276596
mathphysics_share,Math/Physics Journals,0.0070078140945536325,0.2857142857142857,0.2857142857142857,-0.15196078431372548
mathphysics_share,Math/Physics Journals,0.005277775911097822,0.1836734693877551,0.1836734693877551,0.007948717948717932
mathphysics_share,Math/Physics Journals,-0.00020240701802013537,0.3824884792626728,0.3824884792626728,-0.004366197183098608
mathphysics_share,Math/Physics Journals,0.006593300905640592,0.28110599078341014,0.28110599078341014,-0.31
mathphysics_share,Math/Physics Journals,-0.0021406240614028765,0.0,0.0,0.06642857142857139
mathphysics_share,Math/Physics Journals,-0.003632106596491302,0.0,0.0,0.2066666666666666
mathphysics_share,Math/Physics Journals,-0.019394987126356632,1.0,1.0,0.10333333333333333
mathphysics_share,Math/Physics Journals,-0.0025328894762706353,1.0,1.0,-0.04428571428571432
mathphysics_share,Math/Physics Journals,0.0016011124292749964,0.0,0.0,0.014307692307692355
mathphysics_share,Math/Physics Journals,0.00804135959128696,0.0847457627118644,0.0847457627118644,0.23705882352941182
mathphysics_share,Math/Physics Journals,0.007803583945853668,0.07692307692307693,0.07692307692307693,0.12764705882352945
mathphysics_share,Math/Physics Journals,0.001671276467408792,0.4166666666666667,0.4166666666666667,0.052461538461538504
mathphysics_share,Math/Physics Journals,0.008739390812063331,0.2542372881355932,0.2542372881355932,-0.17566666666666667
mathphysics_share,Math/Physics Journals,0.005474280822204852,0.2892561983471074,0.2892561983471074,0.08743589743589747
mathphysics_share,Math/Physics Journals,0.005063342743726195,0.3,0.3,-0.10333333333333333
mathphysics_share,Math/Physics Journals,-0.0025664534271790367,0.7241379310344828,0.7241379310344828,-0.06642857142857145
mathphysics_share,Math/Physics Journals,0.0092249399192928,0.02702702702702703,0.02702702702702703,-0.08266666666666667
mathphysics_share,Math/Physics Journals,-0.02321458176387901,1.0,1.0,0.2536363636363637
mathphysics_share,Math/Physics Journals,-0.005362701866595803,0.0,0.0,0.22733333333333333
mathphysics_share,Math/Physics Journals,0.009549334608381416,0.03125,0.03125,0.062
mathphysics_share,Math/Physics Journals,-0.002316536352631399,0.3333333333333333,0.3333333333333333,0.02214285714285713
mathphysics_share,Math/Physics Journals,0.00047479034596241627,0.3333333333333333,0.3333333333333333,0.27507042253521125
mathphysics_share,Math/Physics Journals,0.006849948372145126,0.21875,0.21875,-0.22490196078431374
mathphysics_share,Math/Physics Journals,-0.001995003815438822,0.3333333333333333,0.3333333333333333,0.13285714285714284
mathphysics_share,Math/Physics Journals,0.0003183108229661179,0.6326530612244898,0.6326530612244898,0.21394366197183096
mathphysics_share,Math/Physics Journals,0.003111677337509595,0.75,0.75,-0.04617021276595745
mathphysics_share,Math/Physics Journals,-0.006879098413866182,0.7777777777777778,0.7777777777777778,-0.26866666666666666
mathphysics_share,Math/Physics Journals,-0.01894490622237339,1.0,1.0,0.31
mathphysics_share,Math/Physics Journals,0.0006421553270084267,0.0,0.0,-0.30046153846153845
mathphysics_share,Math/Physics Journals,-0.006727788117864947,0.7368421052631579,0.7368421052631579,-0.22733333333333333
mathphysics_share,Math/Physics Journals,-0.0009113723905342045,0.6666666666666666,0.6666666666666666,-0.16154929577464788
mathphysics_share,Math/Physics Journals,-0.009349481232473781,0.8,0.8,0.31
mathphysics_share,Math/Physics Journals,0.0022789419342765667,0.5625,0.5625,0.2623076923076923
mathphysics_share,Math/Physics Journals,-0.006883183464081863,0.64,0.64,-0.31
mathphysics_share,Math/Physics Journals,0.005092360846018482,0.28888888888888886,0.28888888888888886,-0.07153846153846152
mathphysics_share,Math/Physics Journals,-0.0010712881354817349,0.5714285714285714,0.5714285714285714,-0.22267605633802817
mathphysics_share,Math/Physics Journals,0.004170742453451986,0.15,0.15,0.25723404255319143
mathphysics_share,Math/Physics Journals,-0.0167498167458701,1.0,1.0,-0.20666666666666667
mathphysics_share,Math/Physics Journals,0.007329734826954424,0.3333333333333333,0.3333333333333333,-0.018235294117647072
mathphysics_share,Math/Physics Journals,0.003371541107937217,0.1875,0.1875,0.07255319148936168
mathphysics_share,Math/Physics Journals,0.001575246838459914,0.3783783783783784,0.3783783783783784,-0.004769230769230748
mathphysics_share,Math/Physics Journals,0.00044384709182323704,0.625,0.625,0.2488732394366197
mathphysics_share,Math/Physics Journals,0.009228638901219771,0.14814814814814814,0.14814814814814814,-0.07233333333333333
mathphysics_share,Math/Physics Journals,-0.02704813110255938,1.0,1.0,0.31
mathphysics_share,Math/Physics Journals,-0.0012498069391778202,0.0,0.0,-0.27507042253521125
mathphysics_share,Math/Physics Journals,0.00347002595614352,0.0,0.0,0.11212765957446807
mathphysics_share,Math/Physics Journals,0.009774759316567743,0.24,0.24,0.11366666666666664
mathphysics_share,Math/Physics Journals,0.007475704155811388,0.24691358024691357,0.24691358024691357,0.0303921568627451
mathphysics_share,Math/Physics Journals,0.007148429138717228,0.2857142857142857,0.2857142857142857,-0.10333333333333333
mathphysics_share,Math/Physics Journals,0.006393943162650942,0.15384615384615385,0.15384615384615385,0.31
mathphysics_share,Math/Physics Journals,-0.018506064088616905,1.0,1.0,-0.08857142857142858
mathphysics_share,Math/Physics Journals,0.006754290442043972,0.05555555555555555,0.05555555555555555,-0.2492156862745098
mathphysics_share,Math/Physics Journals,-0.0045816520235145005,0.0,0.0,-0.10333333333333333
mathphysics_share,Math/Physics Journals,0.005110051343043926,0.22916666666666666,0.22916666666666666,-0.05564102564102563
mathphysics_share,Math/Physics Journals,-9.291951599322343e-05,0.3597122302158273,0.3597122302158273,0.02183098591549293
mathphysics_share,Math/Physics Journals,-0.0013185155552899324,0.5,0.5,-0.30126760563380284
mathphysics_share,Math/Physics Journals,0.007477927764940453,0.1111111111111111,0.1111111111111111,0.04254901960784313
mathphysics_share,Math/Physics Journals,-0.008046976928426102,1.0,1.0,0.018235294117647072
mathphysics_share,Math/Physics Journals,0.005199595985530961,0.03333333333333333,0.03333333333333333,-0.03974358974358971
mathphysics_share,Math/Physics Journals,-0.0013815379792136554,0.0,0.0,0.31
mathphysics_share,Math/Physics Journals,0.01614327244087203,0.14166666666666666,0.14166666666666666,0.26866666666666666
mathphysics_share,Math/Physics Journals,0.0033578139603982855,0.3671071953010279,0.3671071953010279,0.059361702127659566
mathphysics_share,Math/Physics Journals,0.001703198960172265,0.3488372093023256,0.3488372093023256,0.0810769230769231
mathphysics_share,Math/Physics Journals,0.013251487588868013,0.06521739130434782,0.06521739130434782,-0.06606557377049183
mathphysics_share,Math/Physics Journals,-0.025115973109546632,1.0,1.0,0.23249999999999998
mathphysics_share,Math/Physics Journals,0.006089990382136434,0.08,0.08,0.18282051282051281
mathphysics_share,Math/Physics Journals,0.005069961894126792,0.0,0.0,-0.08743589743589741
mathphysics_share,Math/Physics Journals,0.009505876896491254,0.16463414634146342,0.16463414634146342,0.04133333333333333
mathphysics_share,Math/Physics Journals,0.0014139481691913458,0.347682119205298,0.347682119205298,-0.07153846153846152
mathphysics_share,Math/Physics Journals,0.012908794499091648,0.14705882352941177,0.14705882352941177,-0.2083606557377049
mathphysics_share,Math/Physics Journals,-5.0144811806995074e-05,0.0,0.0,0.039295774647887305
mathphysics_share,Math/Physics Journals,-0.01835172989510735,1.0,1.0,0.0
mathphysics_share,Math/Physics Journals,0.005377853746777778,0.05319148936170213,0.05319148936170213,0.05564102564102563
mathphysics_share,Math/Physics Journals,0.0049332152478484175,0.0,0.0,-0.15102564102564103
mathphysics_share,Math/Physics Journals,0.01253681288345231,0.04838709677419355,0.04838709677419355,-0.23885245901639346
mathphysics_share,Math/Physics Journals,0.006288715965958237,0.22857142857142856,0.22857142857142856,0.24641025641025643
mathphysics_share,Math/Physics Journals,0.009492315047049987,0.14925373134328357,0.14925373134328357,0.020666666666666667
mathphysics_share,Math/Physics Journals,0.004844692338366551,0.3333333333333333,0.3333333333333333,-0.2146153846153846
mathphysics_share,Math/Physics Journals,0.001944361746210479,0.5132743362831859,0.5132743362831859,0.16692307692307695
mathphysics_share,Math/Physics Journals,0.002334130392121949,0.4104803493449782,0.4104803493449782,0.2813846153846154
mathphysics_share,Math/Physics Journals,0.010409803539793115,0.06666666666666667,0.06666666666666667,-0.2998360655737705
mathphysics_share,Math/Physics Journals,0.01316770767125637,0.019801980198019802,0.019801980198019802,-0.09655737704918033
mathphysics_share,Math/Physics Journals,-0.032755533811881246,1.0,1.0,0.15499999999999997
mathphysics_share,Math/Physics Journals,-0.0057610493781261795,0.75,0.75,0.10333333333333333
mathphysics_share,Math/Physics Journals,0.0028014791127152308,0.0,0.0,-0.23085106382978723
mathphysics_share,Math/Physics Journals,0.01193562495388163,0.19230769230769232,0.19230769230769232,0.24901639344262289
mathphysics_share,Math/Physics Journals,0.002410320565965566,0.5384615384615384,0.5384615384615384,0.3004615384615385
mathphysics_share,Math/Physics Journals,0.0029065650835893566,0.4142857142857143,0.4142857142857143,-0.13851063829787236
mathphysics_share,Math/Physics Journals,0.0028903961375321557,0.36666666666666664,0.36666666666666664,-0.15170212765957447
mathphysics_share,Math/Physics Journals,0.002017407506927798,0.4186046511627907,0.4186046511627907,0.1764615384615385
mathphysics_share,Math/Physics Journals,0.007302996900885404,0.29906542056074764,0.29906542056074764,-0.04254901960784313
mathphysics_share,Math/Physics Journals,3.532933731808409e-05,0.6363636363636364,0.6363636363636364,0.07422535211267606
mathphysics_share,Math/Physics Journals,0.011328695743852582,0.023809523809523808,0.023809523809523808,0.09655737704918033
mathphysics_share,Math/Physics Journals,-0.03241472788578574,1.0,1.0,-0.31
mathphysics_share,Math/Physics Journals,0.00804671276668538,0.1836734693877551,0.1836734693877551,0.2613725490196079
mathphysics_share,Math/Physics Journals,0.013420606073556962,0.0625,0.0625,-0.03557377049180327
mathphysics_share,Math/Physics Journals,0.0026849334415427616,0.16666666666666666,0.16666666666666666,-0.2704255319148936
mathphysics_share,Math/Physics Journals,0.008568076836050207,0.2647058823529412,0.2647058823529412,-0.23766666666666666
mathphysics_share,Math/Physics Journals,-0.0006795678846355514,0.4,0.4,-0.06549295774647887
mathphysics_share,Math/Physics Journals,0.00019429859968057457,0.35714285714285715,0.35714285714285715,0.13535211267605635
mathphysics_share,Math/Physics Journals,-0.018396612556335745,0.65,0.65,-0.04428571428571432
mathphysics_share,Math/Physics Journals,-0.0032819057132372972,0.6666666666666666,0.6666666666666666,-0.31
mathphysics_share,Math/Physics Journals,-0.01690943444395004,0.6923076923076923,0.6923076923076923,-0.31
mathphysics_share,Math/Physics Journals,-0.031392310841305164,1.0,1.0,-0.02818181818181814
mathphysics_share,Math/Physics Journals,-0.0102174674481865,0.8461538461538461,0.8461538461538461,0.07750000000000001
mathphysics_share,Math/Physics Journals,-0.007387461382056028,0.6666666666666666,0.6666666666666666,0.31
mathphysics_share,Math/Physics Journals,0.0028406169921324467,0.5,0.5,-0.17808510638297873
mathphysics_share,Math/Physics Journals,-0.0062344152912169725,0.8,0.8,-0.14466666666666667
mathphysics_share,Math/Physics Journals,0.0018366547017805628,0.34,0.34,0.1478461538461539
mathphysics_share,Math/Physics Journals,0.0017909022522653243,0.42857142857142855,0.42857142857142855,0.1287692307692308
mathphysics_share,Math/Physics Journals,0.010663683096798115,0.06896551724137931,0.06896551724137931,-0.19819672131147542
mathphysics_share,Math/Physics Journals,-0.02020460020072141,1.0,1.0,-0.17222222222222222
mathphysics_share,Math/Physics Journals,0.009001724901852418,0.23076923076923078,0.23076923076923078,-0.11366666666666667
mathphysics_share,Math/Physics Journals,-0.0019562576867480372,0.0,0.0,0.1771428571428571
mathphysics_share,Math/Physics Journals,0.008377055027648354,0.3,0.3,-0.31
mathphysics_share,Math/Physics Journals,0.010164568368666319,0.2789473684210526,0.2789473684210526,0.25833333333333336
mathphysics_share,Math/Physics Journals,0.008620868954634342,0.3076923076923077,0.3076923076923077,-0.217
mathphysics_share,Math/Physics Journals,0.01354933736644503,0.06896551724137931,0.06896551724137931,0.03557377049180327
mathphysics_share,Math/Physics Journals,-0.031223845517815985,1.0,1.0,0.08454545454545453
mathphysics_share,Math/Physics Journals,-0.0038002870007851847,0.0,0.0,0.15499999999999997
mathphysics_share,Math/Physics Journals,0.004807464499504263,0.0,0.0,-0.23051282051282052
mathphysics_share,Math/Physics Journals,0.013877013593199053,0.1111111111111111,0.1111111111111111,0.17786885245901635
mathphysics_share,Math/Physics Journals,0.00204431987462939,0.365296803652968,0.365296803652968,0.1955384615384616
mathphysics_share,Math/Physics Journals,-0.0057831715084639855,0.43478260869565216,0.43478260869565216,0.062
mathphysics_share,Math/Physics Journals,0.012304711305184124,0.06666666666666667,0.06666666666666667,-0.2998360655737705
mathphysics_share,Math/Physics Journals,-0.024884139433316077,1.0,1.0,0.31
mathphysics_share,Math/Physics Journals,0.007922214039905348,0.06896551724137931,0.06896551724137931,0.1519607843137255
mathphysics_share,Math/Physics Journals,0.0030897349429708765,0.0,0.0,-0.059361702127659566
mathphysics_share,Math/Physics Journals,0.008320537935395509,0.18,0.18,0.31
mathphysics_share,Math/Physics Journals,0.00333281882851082,0.48255813953488375,0.48255813953488375,0.01978723404255317
mathphysics_share,Math/Physics Journals,0.007522598971659465,0.2608695652173913,0.2608695652173913,0.06686274509803924
mathphysics_share,Math/Physics Journals,0.010257130312019455,0.045454545454545456,0.045454545454545456,0.31
mathphysics_share,Math/Physics Journals,-0.023290973176880496,1.0,1.0,0.19727272727272732
mathphysics_share,Math/Physics Journals,0.00785587586374545,0.11538461538461539,0.11538461538461539,0.13980392156862748
mathphysics_share,Math/Physics Journals,0.008665547045044545,0.0,0.0,-0.20666666666666667
mathphysics_share,Math/Physics Journals,0.008303792818854587,0.10256410256410256,0.10256410256410256,0.297843137254902
mathphysics_share,Math/Physics Journals,0.010217878733541167,0.30014430014430016,0.30014430014430016,0.27899999999999997
mathphysics_share,Math/Physics Journals,0.0009303319576273603,0.3902439024390244,0.3902439024390244,-0.19553846153846152
mathphysics_share,Math/Physics Journals,0.013560755513312482,0.0440251572327044,0.0440251572327044,0.05590163934426229
mathphysics_share,Math/Physics Journals,-0.03354720865385002,1.0,1.0,-0.23249999999999998
mathphysics_share,Math/Physics Journals,-0.004478034617056269,0.008264462809917356,0.008264462809917356,0.0
mathphysics_share,Math/Physics Journals,0.00707265413090508,0.0,0.0,-0.13980392156862745
mathphysics_share,Math/Physics Journals,0.014425239043911475,0.07407407407407407,0.07407407407407407,-0.22733333333333333
mathphysics_share,Math/Physics Journals,0.0097808256227781,0.22251308900523561,0.22251308900523561,0.124
mathphysics_share,Math/Physics Journals,0.017999655121811974,0.03636363636363636,0.03636363636363636,0.25833333333333336
mathphysics_share,Math/Physics Journals,0.012154540606934423,0.02,0.02,0.29983606557377046
mathphysics_share,Math/Physics Journals,-0.021577339690139072,1.0,1.0,-0.31
mathphysics_share,Math/Physics Journals,-0.0046150164893834595,0.0,0.0,-0.12916666666666665
mathphysics_share,Math/Physics Journals,0.00681015673628255,0.0,0.0,-0.23705882352941177
mathphysics_share,Math/Physics Journals,0.013248641290585375,0.058823529411764705,0.058823529411764705,-0.07622950819672131
mathphysics_share,Math/Physics Journals,0.009858603782149445,0.11538461538461539,0.11538461538461539,0.15499999999999997
mathphysics_share,Math/Physics Journals,0.01072525276936093,0.13245033112582782,0.13245033112582782,-0.1778688524590164
mathphysics_share,Math/Physics Journals,-0.016685471412543857,0.3153846153846154,0.3153846153846154,-0.10333333333333333
mathphysics_share,Math/Physics Journals,-0.004390944992097143,0.3673469387755102,0.3673469387755102,0.051666666666666694
mathphysics_share,Math/Physics Journals,0.0013937392366650681,0.32275132275132273,0.32275132275132273,-0.08107692307692305
mathphysics_share,Math/Physics Journals,0.004847160990957629,0.15384615384615385,0.15384615384615385,-0.1987179487179487
mathphysics_share,Math/Physics Journals,0.01319457649035831,0.011494252873563218,0.011494252873563218,-0.08639344262295082
mathphysics_share,Math/Physics Journals,-0.03270852684490655,1.0,1.0,0.23249999999999998
mathphysics_share,Math/Physics Journals,0.0037243810986474944,0.5,0.5,0.1780851063829787
mathphysics_share,Math/Physics Journals,0.004616610171175503,0.0,0.0,-0.2782051282051282
mathphysics_share,Math/Physics Journals,0.013622509089301458,0.0425531914893617,0.0425531914893617,0.08639344262295079
mathphysics_share,Math/Physics Journals,0.008593179609937746,0.2916666666666667,0.2916666666666667,-0.22733333333333333
mathphysics_share,Math/Physics Journals,0.011908902268622996,0.26506024096385544,0.26506024096385544,0.22868852459016392
mathphysics_share,Math/Physics Journals,0.0008096216931265741,0.40384615384615385,0.40384615384615385,-0.22415384615384615
mathphysics_share,Math/Physics Journals,-0.00861252747142149,0.6666666666666666,0.6666666666666666,-0.16411764705882353
mathphysics_share,Math/Physics Journals,-0.00010075304469008818,0.5161290322580645,0.5161290322580645,0.013098591549295768
mathphysics_share,Math/Physics Journals,-0.01340264116992642,0.8333333333333334,0.8333333333333334,0.124
mathphysics_share,Math/Physics Journals,0.004897085460614233,0.0,0.0,-0.18282051282051281
mathphysics_share,Math/Physics Journals,-0.031147221398664403,1.0,1.0,0.19727272727272732
mathphysics_share,Math/Physics Journals,0.003123300574880632,0.0,0.0,-0.03297872340425534
mathphysics_share,Math/Physics Journals,0.014191960149620127,0.037037037037037035,0.037037037037037035,0.29983606557377046
mathphysics_share,Math/Physics Journals,-0.001984950128657274,0.5882352941176471,0.5882352941176471,0.15499999999999997
mathphysics_share,Math/Physics Journals,-0.0008128911161347078,0.5294117647058824,0.5294117647058824,-0.11788732394366197
mathphysics_share,Math/Physics Journals,-0.0013039634824949307,0.43478260869565216,0.43478260869565216,-0.2925352112676056
mathphysics_share,Math/Physics Journals,0.0030353548651828903,0.0,0.0,-0.08574468085106385
mathphysics_share,Math/Physics Journals,-0.01781099888507636,0.6923076923076923,0.6923076923076923,0.13285714285714284
mathphysics_share,Math/Physics Journals,-0.013620436252635003,1.0,1.0,0.062
mathphysics_share,Math/Physics Journals,-0.018807730332073346,0.7142857142857143,0.7142857142857143,-0.31
mathphysics_share,Math/Physics Journals,-0.038124181547452896,1.0,1.0,0.31
mathphysics_share,Math/Physics Journals,-0.019842669442448977,0.7142857142857143,0.7142857142857143,-0.10333333333333333
mathphysics_share,Math/Physics Journals,-0.007506704082582669,0.6666666666666666,0.6666666666666666,0.2370588235294117
mathphysics_share,Math/Physics Journals,-0.019842669442448977,0.7142857142857143,0.7142857142857143,-0.034444444444444444
mathphysics_share,Math/Physics Journals,-0.013208343268209577,0.3150684931506849,0.3150684931506849,0.24800000000000005
mathphysics_share,Math/Physics Journals,-0.002639329158281973,0.5641025641025641,0.5641025641025641,-0.13285714285714287
mathphysics_share,Math/Physics Journals,0.011053662902897297,0.047619047619047616,0.047619047619047616,-0.025409836065573788
mathphysics_share,Math/Physics Journals,-0.02442531990857218,1.0,1.0,-0.1409090909090909
mathphysics_share,Math/Physics Journals,-0.005341337588057972,0.0,0.0,0.26866666666666666
mathphysics_share,Math/Physics Journals,0.004911286316940251,0.0,0.0,-0.16692307692307692
mathphysics_share,Math/Physics Journals,0.012247703227266874,0.0392156862745098,0.0392156862745098,0.31
mathphysics_share,Math/Physics Journals,0.010424417250368854,0.23943661971830985,0.23943661971830985,-0.2795081967213115
mathphysics_share,Math/Physics Journals,0.0001572518370164222,0.40816326530612246,0.40816326530612246,0.11788732394366197
mathphysics_share,Math/Physics Journals,0.013630683987745713,0.06097560975609756,0.06097560975609756,0.10672131147540981
mathphysics_share,Math/Physics Journals,-0.033356008546567145,1.0,1.0,-0.155
mathphysics_share,Math/Physics Journals,0.012008175543454024,0.017543859649122806,0.017543859649122806,0.2591803278688524
mathphysics_share,Math/Physics Journals,0.004200204790782243,0.0,0.0,0.27042553191489366
mathphysics_share,Math/Physics Journals,0.013844105935899007,0.1323529411764706,0.1323529411764706,0.16770491803278686
mathphysics_share,Math/Physics Journals,0.0011356518783381933,0.34951456310679613,0.34951456310679613,-0.11923076923076922
mathphysics_share,Math/Physics Journals,0.00388041817962333,0.1935483870967742,0.1935483870967742,0.2176595744680851
mathphysics_share,Math/Physics Journals,0.0005440709455357133,0.0,0.0,0.31
mathphysics_share,Math/Physics Journals,-0.028089468744163956,1.0,1.0,-0.13285714285714287
mathphysics_share,Math/Physics Journals,0.00027158008845000643,0.0,0.0,0.16154929577464788
mathphysics_share,Math/Physics Journals,0.004359497679407052,0.0,0.0,0.28361702127659577
mathphysics_share,Math/Physics Journals,0.012350082979324946,0.05454545454545454,0.05454545454545454,-0.289672131147541
mathphysics_share,Math/Physics Journals,-0.0075873019269789245,0.38596491228070173,0.38596491228070173,0.16411764705882353
mathphysics_share,Math/Physics Journals,-0.004644667202052371,0.0,0.0,-0.155
mathphysics_share,Math/Physics Journals,-0.0014267952113748842,0.0,0.0,0.28785714285714287
mathphysics_share,Math/Physics Journals,-0.03189061338039985,1.0,1.0,-0.1409090909090909
mathphysics_share,Math/Physics Journals,-0.0047811729585670905,0.0,0.0,-0.23249999999999998
mathphysics_share,Math/Physics Journals,0.004518257756540949,0.0,0.0,-0.31
mathphysics_share,Math/Physics Journals,0.006753066814872121,0.0,0.0,-0.2613725490196078
mathphysics_share,Math/Physics Journals,0.007442302549546258,0.1695906432748538,0.1695906432748538,0.018235294117647072
mathphysics_share,Math/Physics Journals,0.007075013425879304,0.29012345679012347,0.29012345679012347,-0.1276470588235294
mathphysics_share,Math/Physics Journals,0.011776503261788775,0.03164556962025317,0.03164556962025317,0.18803278688524588
mathphysics_share,Math/Physics Journals,-0.02855793105487325,1.0,1.0,-0.31
mathphysics_share,Math/Physics Journals,-0.000648112899801944,0.0,0.0,-0.05676056338028168
mathphysics_share,Math/Physics Journals,0.005229710311785062,0.0,0.0,-0.02384615384615385
mathphysics_share,Math/Physics Journals,0.013028761840262085,0.07428571428571429,0.07428571428571429,-0.1677049180327869
mathphysics_share,Math/Physics Journals,0.013917053021083129,0.08874458874458875,0.08874458874458875,0.19819672131147542
mathphysics_share,Math/Physics Journals,0.01582075303129622,0.07608695652173914,0.07608695652173914,0.186
mathphysics_share,Math/Physics Journals,0.018622871170159407,0.039473684210526314,0.039473684210526314,-0.31
mathphysics_share,Math/Physics Journals,-0.023695902124743165,1.0,1.0,0.08454545454545453
mathphysics_share,Math/Physics Journals,-0.0010155142813973595,0.0,0.0,-0.2052112676056338
mathphysics_share,Math/Physics Journals,0.004803322217623248,0.0,0.0,-0.2464102564102564
mathphysics_share,Math/Physics Journals,0.022005451752220174,0.06923076923076923,0.06923076923076923,0.0
mathphysics_share,Math/Physics Journals,0.016410261184050503,0.047058823529411764,0.047058823529411764,-0.2583333333333333
mathphysics_share,Math/Physics Journals,0.013941586303151935,0.10344827586206896,0.10344827586206896,0.21852459016393438
mathphysics_share,Math/Physics Journals,0.013817663603739079,0.21568627450980393,0.21568627450980393,0.14737704918032785
mathphysics_share,Math/Physics Journals,0.010114793360643385,0.2727272727272727,0.2727272727272727,0.24800000000000005
mathphysics_share,Math/Physics Journals,0.009520064677746437,0.21359223300970873,0.21359223300970873,0.051666666666666694
mathphysics_share,Math/Physics Journals,0.01189504448357542,0.05555555555555555,0.05555555555555555,0.21852459016393438
mathphysics_share,Math/Physics Journals,-0.002520749121940282,0.0,0.0,-0.022142857142857186
mathphysics_share,Math/Physics Journals,-0.029144075853904067,1.0,1.0,0.15499999999999997
mathphysics_share,Math/Physics Journals,0.011794997808442608,0.041666666666666664,0.041666666666666664,0.20836065573770485
mathphysics_share,Math/Physics Journals,0.003650743150706362,0.17142857142857143,0.17142857142857143,0.15170212765957447
mathphysics_share,Math/Physics Journals,0.010966498614133055,0.19230769230769232,0.19230769230769232,-0.08639344262295082
mathphysics_share,Math/Physics Journals,-0.009558198670525287,0.7142857142857143,0.7142857142857143,0.15499999999999997
mathphysics_share,Math/Physics Journals,-0.0017190086883522382,0.4431818181818182,0.4431818181818182,0.22142857142857136
mathphysics_share,Math/Physics Journals,-0.011620984064114498,0.7872340425531915,0.7872340425531915,0.2536363636363637
mathphysics_share,Math/Physics Journals,0.000523728449339275,0.0,0.0,0.2925352112676057
mathphysics_share,Math/Physics Journals,-0.024421392360668554,1.0,1.0,-0.08454545454545453
mathphysics_share,Math/Physics Journals,0.003347934338618019,0.0,0.0,0.032978723404255283
mathphysics_share,Math/Physics Journals,-0.002572906316016983,0.4444444444444444,0.4444444444444444,-0.08857142857142858
mathphysics_share,Math/Physics Journals,0.0010679495297854788,0.46153846153846156,0.46153846153846156,-0.15738461538461537
mathphysics_share,Math/Physics Journals,-0.001456453830749148,0.5,0.5,0.2435714285714285
mathphysics_share,Math/Physics Journals,-0.00024445348249047845,0.5714285714285714,0.5714285714285714,-0.013098591549295768
mathphysics_share,Math/Physics Journals,-0.015401479027391427,1.0,1.0,0.15499999999999997
mathphysics_share,Math/Physics Journals,-0.008225780039922938,0.6666666666666666,0.6666666666666666,-0.054705882352941215
mathphysics_share,Math/Physics Journals,-0.012317217189135633,1.0,1.0,-0.02818181818181814
mathphysics_share,Math/Physics Journals,-0.0009417326287119734,0.5,0.5,-0.18774647887323942
mathphysics_share,Math/Physics Journals,-0.002049497558374035,0.6,0.6,0.11071428571428571
mathphysics_share,Math/Physics Journals,0.0028362333185663513,0.15942028985507245,0.15942028985507245,-0.19127659574468087
mathphysics_share,Math/Physics Journals,-0.0008967573182531714,0.32727272727272727,0.32727272727272727,-0.1528169014084507
mathphysics_share,Math/Physics Journals,0.01515694408430182,0.03278688524590164,0.03278688524590164,-0.062
mathphysics_share,Math/Physics Journals,-0.024430503709751347,1.0,1.0,-0.19727272727272727
mathphysics_share,Math/Physics Journals,-0.001129452719060526,0.0,0.0,-0.24014084507042255
mathphysics_share,Math/Physics Journals,0.003177447629033433,0.0,0.0,-0.01978723404255317
mathphysics_share,Math/Physics Journals,0.014151236356686353,0.0784313725490196,0.0784313725490196,0.2896721311475409
mathphysics_share,Math/Physics Journals,0.008421974853067714,0.14871794871794872,0.14871794871794872,-0.279
mathphysics_share,Math/Physics Journals,0.013918134886956021,0.20454545454545456,0.20454545454545456,0.20836065573770485
mathphysics_share,Math/Physics Journals,4.342742027199371e-05,0.0,0.0,0.08295774647887322
mathphysics_share,Math/Physics Journals,-0.024519024000843614,1.0,1.0,-0.31
mathphysics_share,Math/Physics Journals,-0.00299332618555754,0.0,0.0,-0.22142857142857142
mathphysics_share,Math/Physics Journals,0.010934738867200115,0.0,0.0,-0.10672131147540984
mathphysics_share,Math/Physics Journals,0.014223172440527305,0.05454545454545454,0.05454545454545454,-0.31
mathphysics_share,Math/Physics Journals,0.013039845723929158,0.2857142857142857,0.2857142857142857,-0.15754098360655738
mathphysics_share,Math/Physics Journals,0.01100634163090554,0.2857142857142857,0.2857142857142857,-0.04573770491803281
mathphysics_share,Math/Physics Journals,0.017675952033790316,0.14285714285714285,0.14285714285714285,0.10333333333333333
mathphysics_share,Math/Physics Journals,-0.02558435504468122,1.0,1.0,0.0
mathphysics_share,Math/Physics Journals,-0.004137259075785819,0.0,0.0,0.07750000000000001
mathphysics_share,Math/Physics Journals,0.009314784733268584,0.0,0.0,-0.051666666666666694
mathphysics_share,Math/Physics Journals,0.01905811610234859,0.07142857142857142,0.07142857142857142,0.0
mathphysics_share,Math/Physics Journals,0.00943571557256526,0.25,0.25,0.0
mathphysics_share,Math/Physics Journals,-0.017074078790139578,1.0,1.0,0.31
mathphysics_share,Math/Physics Journals,-0.0008069084526270635,0.0,0.0,-0.10915492957746478
mathphysics_share,Math/Physics Journals,0.013089291997919441,0.25,0.25,-0.12704918032786885
mathphysics_share,Math/Physics Journals,-0.00543746119127967,0.35648148148148145,0.35648148148148145,0.186
mathphysics_share,Math/Physics Journals,0.013627569967963505,0.07397260273972603,0.07397260273972603,0.09655737704918033
mathphysics_share,Math/Physics Journals,-0.030541173687159084,1.0,1.0,-0.31
mathphysics_share,Math/Physics Journals,0.01614681624772915,0.027659574468085105,0.027659574468085105,0.31
mathphysics_share,Math/Physics Journals,0.0008238434892967789,0.0,0.0,-0.2146153846153846
mathphysics_share,Math/Physics Journals,0.013511974866588942,0.12347354138398914,0.12347354138398914,0.005081967213114769
mathphysics_share,Math/Physics Journals,0.009946097266239788,0.231622746185853,0.231622746185853,0.186
mathphysics_share,Math/Physics Journals,0.017006308777603868,0.09,0.09,0.0
mathphysics_share,Math/Physics Journals,0.012451865104088371,0.02631578947368421,0.02631578947368421,-0.2591803278688525
mathphysics_share,Math/Physics Journals,-0.01672532213254585,1.0,1.0,-0.155
mathphysics_share,Math/Physics Journals,0.017894381538118613,0.013363028953229399,0.013363028953229399,0.2066666666666666
mathphysics_share,Math/Physics Journals,0.005554487493780873,0.0,0.0,0.10333333333333333
mathphysics_share,Math/Physics Journals,0.013140205429100302,0.05722070844686648,0.05722070844686648,-0.10672131147540984
mathphysics_share,Math/Physics Journals,0.01672067767743615,0.08831908831908832,0.08831908831908832,-0.155
mathphysics_share,Math/Physics Journals,0.012975767654764067,0.043478260869565216,0.043478260869565216,-0.1778688524590164
mathphysics_share,Math/Physics Journals,0.016446102809625985,0.06666666666666667,0.06666666666666667,-0.20666666666666667
mathphysics_share,Math/Physics Journals,-0.01656757289755534,1.0,1.0,0.0
mathphysics_share,Math/Physics Journals,0.015430864791796534,0.010101010101010102,0.010101010101010102,0.020666666666666667
mathphysics_share,Math/Physics Journals,0.009788319539873535,0.0,0.0,0.13433333333333336
mathphysics_share,Math/Physics Journals,0.01398209609988621,0.08333333333333333,0.08333333333333333,0.2591803278688524
mathphysics_share,Math/Physics Journals,0.010604412388400757,0.1328125,0.1328125,-0.21852459016393444
mathphysics_share,Math/Physics Journals,0.013819891165264692,0.1016949152542373,0.1016949152542373,0.15754098360655738
mathphysics_share,Math/Physics Journals,-0.0009728696075351696,0.0,0.0,-0.19647887323943664
mathphysics_share,Math/Physics Journals,-0.026427668271425606,1.0,1.0,-0.31
mathphysics_share,Math/Physics Journals,-0.004572693345615908,0.0,0.0,-0.07750000000000001
mathphysics_share,Math/Physics Journals,0.0050079637373637706,0.0,0.0,-0.13512820512820511
mathphysics_share,Math/Physics Journals,0.013500503422850516,0.0625,0.0625,-0.005081967213114769
mathphysics_share,Math/Physics Journals,0.008035876193495358,0.28391167192429023,0.28391167192429023,0.22490196078431374
mathphysics_share,Math/Physics Journals,0.010187102544040842,0.10810810810810811,0.10810810810810811,0.26866666666666666
mathphysics_share,Math/Physics Journals,-0.0017857855730770986,0.0,0.0,0.19928571428571423
mathphysics_share,Math/Physics Journals,-0.01865405544993674,1.0,1.0,-0.17714285714285716
mathphysics_share,Math/Physics Journals,0.01178570693431075,0.009708737864077669,0.009708737864077669,0.19819672131147542
mathphysics_share,Math/Physics Journals,0.0043670892509573515,0.0,0.0,0.2968085106382979
mathphysics_share,Math/Physics Journals,0.01207444594396697,0.05263157894736842,0.05263157894736842,0.2795081967213115
mathphysics_share,Math/Physics Journals,0.0009329956608244973,0.4153846153846154,0.4153846153846154,-0.186
mathphysics_share,Math/Physics Journals,0.013978542394445207,0.14285714285714285,0.14285714285714285,0.24901639344262289
mathphysics_share,Math/Physics Journals,-0.004479293397167418,0.0,0.0,-0.02583333333333332
mathphysics_share,Math/Physics Journals,-0.011422325766688014,1.0,1.0,0.31
mathphysics_share,Math/Physics Journals,0.007596644641751817,0.038834951456310676,0.038834951456310676,0.0911764705882353
mathphysics_share,Math/Physics Journals,0.008831446656909592,0.0,0.0,-0.155
mathphysics_share,Math/Physics Journals,0.008388997661176486,0.022988505747126436,0.022988505747126436,-0.29966666666666664
mathphysics_share,Math/Physics Journals,0.002688182856123658,0.3224932249322493,0.3224932249322493,-0.2572340425531915
mathphysics_share,Math/Physics Journals,0.011280316038856892,0.07692307692307693,0.07692307692307693,0.06606557377049177
mathphysics_share,Math/Physics Journals,0.0037479826291746178,0.008746355685131196,0.008746355685131196,0.19127659574468087
mathphysics_share,Math/Physics Journals,-0.03053752774794355,1.0,1.0,-0.155
mathphysics_share,Math/Physics Journals,-0.010400319507654304,0.7777777777777778,0.7777777777777778,0.0
mathphysics_share,Math/Physics Journals,0.0023323131966609782,0.0,0.0,0.2718461538461539
mathphysics_share,Math/Physics Journals,0.012128522435086038,0.0989010989010989,0.0989010989010989,0.2896721311475409
mathphysics_share,Math/Physics Journals,0.008704668731911655,0.2611464968152866,0.2611464968152866,-0.186
mathphysics_share,Math/Physics Journals,0.008920225700334154,0.10526315789473684,0.10526315789473684,-0.13433333333333333
mathphysics_share,Math/Physics Journals,0.009925437944991206,0.0125,0.0125,0.16533333333333333
mathphysics_share,Math/Physics Journals,-0.027338549574530434,1.0,1.0,0.13285714285714284
mathphysics_share,Math/Physics Journals,-0.021356414431191066,1.0,1.0,0.0
mathphysics_share,Math/Physics Journals,0.009433802614528846,0.10869565217391304,0.10869565217391304,-0.020666666666666667
mathphysics_share,Math/Physics Journals,0.0025116188539204246,0.3251231527093596,0.3251231527093596,0.31
mathphysics_share,Math/Physics Journals,0.01128712688544669,0.043478260869565216,0.043478260869565216,0.08639344262295079
mathphysics_share,Math/Physics Journals,0.0001424974378811771,0.0,0.0,0.1004225352112676
mathphysics_share,Math/Physics Journals,-0.030996644768194866,1.0,1.0,0.2536363636363637
mathphysics_share,Math/Physics Journals,0.0039754796819251766,0.3333333333333333,0.3333333333333333,0.24404255319148932
mathphysics_share,Math/Physics Journals,-0.001070710955585843,0.0,0.0,-0.21394366197183098
mathphysics_share,Math/Physics Journals,0.014081294478344263,0.08333333333333333,0.08333333333333333,0.26934426229508196
mathphysics_share,Math/Physics Journals,0.001546352888968466,0.3557692307692308,0.3557692307692308,-0.02384615384615385
mathphysics_share,Math/Physics Journals,0.013514440498076777,0.14285714285714285,0.14285714285714285,0.01524590163934425
mathphysics_share,Math/Physics Journals,0.010607617716199688,0.009900990099009901,0.009900990099009901,-0.2083606557377049
mathphysics_share,Math/Physics Journals,-0.02634212993416743,1.0,1.0,-0.155
mathphysics_share,Math/Physics Journals,-0.016619985758399503,1.0,1.0,-0.051666666666666694
mathphysics_share,Math/Physics Journals,-0.0025731992234571343,0.0,0.0,-0.11071428571428574
mathphysics_share,Math/Physics Journals,0.00965910574034078,0.10526315789473684,0.10526315789473684,0.10333333333333333
mathphysics_share,Math/Physics Journals,-0.0031856039033555674,0.3352941176470588,0.3352941176470588,-0.28785714285714287
mathphysics_share,Math/Physics Journals,-0.0031634357949146203,0.0,0.0,-0.26571428571428574
mathphysics_share,Math/Physics Journals,0.008075823305137063,0.014492753623188406,0.014492753623188406,0.27352941176470585
mathphysics_share,Math/Physics Journals,-0.023711518401361906,1.0,1.0,0.028181818181818197
mathphysics_share,Math/Physics Journals,0.0025894256884294287,0.0,0.0,-0.31
mathphysics_share,Math/Physics Journals,0.00715267209300347,0.1,0.1,-0.09117647058823528
mathphysics_share,Math/Physics Journals,0.00021539492107519034,0.38190954773869346,0.38190954773869346,0.1440845070422535
mathphysics_share,Math/Physics Journals,-0.012602627835322185,0.7579617834394905,0.7579617834394905,-0.19727272727272727
mathphysics_share,Math/Physics Journals,0.010062895680139121,0.016666666666666666,0.016666666666666666,0.21700000000000003
mathphysics_share,Math/Physics Journals,-0.03278581287864545,1.0,1.0,0.0
mathphysics_share,Math/Physics Journals,-0.0008495563323962655,0.0,0.0,-0.13535211267605635
mathphysics_share,Math/Physics Journals,0.013967086048708154,0.0380952380952381,0.0380952380952381,0.23885245901639346
mathphysics_share,Math/Physics Journals,-0.002265393508634485,0.4225352112676056,0.4225352112676056,0.04428571428571426
mathphysics_share,Math/Physics Journals,-0.012443106602263346,0.8088235294117647,0.8088235294117647,-0.1409090909090909
mathphysics_share,Math/Physics Journals,-9.233358138192578e-05,0.0,0.0,0.030563380281690145
mathphysics_share,Math/Physics Journals,-0.025434975100121392,1.0,1.0,0.07750000000000001
mathphysics_share,Math/Physics Journals,0.011283116284379153,0.0,0.0,0.07622950819672131
mathphysics_share,Math/Physics Journals,0.00044601156499369187,0.3939393939393939,0.3939393939393939,0.2576056338028169
mathphysics_share,Math/Physics Journals,-0.010473227415496722,0.8292682926829268,0.8292682926829268,-0.07750000000000001
mathphysics_share,Math/Physics Journals,0.01241472527190873,0.030303030303030304,0.030303030303030304,-0.26934426229508196
mathphysics_share,Math/Physics Journals,-0.030123657343047887,1.0,1.0,0.0
mathphysics_share,Math/Physics Journals,0.004386518397067079,0.0,0.0,0.31
mathphysics_share,Math/Physics Journals,0.013814845731379784,0.04,0.04,0.13721311475409836
mathphysics_share,Math/Physics Journals,-0.0012436725295644734,0.34782608695652173,0.34782608695652173,-0.2663380281690141
mathphysics_share,Math/Physics Journals,-0.0009322749930988758,0.5666666666666667,0.5666666666666667,-0.17028169014084507
mathphysics_share,Math/Physics Journals,0.010556736658878385,0.038461538461538464,0.038461538461538464,-0.24901639344262294
mathphysics_share,Math/Physics Journals,-0.025375874303041872,1.0,1.0,0.15499999999999997
mathphysics_share,Math/Physics Journals,-0.004724486848074957,0.0,0.0,-0.18083333333333335
mathphysics_share,Math/Physics Journals,0.011566053804802906,0.06451612903225806,0.06451612903225806,0.13721311475409836
mathphysics_share,Math/Physics Journals,0.00024893119540050603,0.3230769230769231,0.3230769230769231,0.15281690140845072
mathphysics_share,Math/Physics Journals,0.0007410190781757957,0.7222222222222222,0.7222222222222222,-0.25276923076923075
mathphysics_share,Math/Physics Journals,-0.000852187806558217,0.0,0.0,-0.14408450704225353
mathphysics_share,Math/Physics Journals,-0.015403803810166592,1.0,1.0,0.10333333333333333
mathphysics_share,Math/Physics Journals,-0.0036108414974381883,0.0,0.0,0.25833333333333336
mathphysics_share,Math/Physics Journals,0.00800022371562011,0.05263157894736842,0.05263157894736842,0.21274509803921576
mathphysics_share,Math/Physics Journals,-0.01478676048384839,0.6404494382022472,0.6404494382022472,-0.31
mathphysics_share,Math/Physics Journals,-0.008986823883813892,0.8461538461538461,0.8461538461538461,-0.23705882352941177
mathphysics_share,Math/Physics Journals,-0.01639916257513977,0.7457627118644068,0.7457627118644068,0.051666666666666694
mathphysics_share,Math/Physics Journals,-0.030744887561441014,1.0,1.0,0.31
mathphysics_share,Math/Physics Journals,0.0006421553270084267,0.0,0.0,-0.2909230769230769
mathphysics_share,Math/Physics Journals,0.0003008558220877568,0.7419354838709677,0.7419354838709677,0.19647887323943664
mathphysics_share,Math/Physics Journals,-0.007401181256770239,0.65,0.65,0.27352941176470585
mathphysics_share,Math/Physics Journals,-0.0196084742082631,1.0,1.0,0.034444444444444444
mathphysics_share,Math/Physics Journals,0.0020255458238174796,0.45454545454545453,0.45454545454545453,0.18600000000000005
mathphysics_share,Math/Physics Journals,-0.018666831845759763,1.0,1.0,-0.22142857142857142
mathphysics_share,Math/Physics Journals,-0.014599423309936906,0.8571428571428571,0.8571428571428571,-0.124
mathphysics_share,Math/Physics Journals,0.0014296703129928594,0.6190476190476191,0.6190476190476191,-0.06199999999999997
mathphysics_share,Math/Physics Journals,-0.0008441155006833248,0.5,0.5,-0.12661971830985916
mathphysics_share,Math/Physics Journals,-0.018739269511400557,0.8,0.8,-0.26571428571428574
mathphysics_share,Math/Physics Journals,-0.03289968959170119,1.0,1.0,-0.07750000000000001
mathphysics_share,Math/Physics Journals,-0.02031968040802656,0.75,0.75,-0.2411111111111111
mathphysics_share,Math/Physics Journals,0.00335259930224039,0.6363636363636364,0.6363636363636364,0.04617021276595745
mathphysics_share,Math/Physics Journals,-0.013797590187353242,0.875,0.875,0.0
mathphysics_share,Math/Physics Journals,-0.017487194805298357,1.0,1.0,0.22142857142857136
mathphysics_share,Math/Physics Journals,-0.006422029030282291,0.7368421052631579,0.7368421052631579,-0.186
mathphysics_share,Math/Physics Journals,-0.006099684971803276,0.6538461538461539,0.6538461538461539,0.020666666666666667
mathphysics_share,Math/Physics Journals,0.0017670677554701558,1.0,1.0,0.11923076923076925
mathphysics_share,Math/Physics Journals,-0.00814303409395675,0.7647058823529411,0.7647058823529411,-0.018235294117647072
mathphysics_share,Math/Physics Journals,-0.02120567211175371,1.0,1.0,0.31
mathphysics_share,Math/Physics Journals,-0.0090905542781989,0.7,0.7,-0.31
mathphysics_share,Math/Physics Journals,0.01119597114431003,0.04911032028469751,0.04911032028469751,0.03557377049180327
mathphysics_share,Math/Physics Journals,0.008434936799121343,0.08620689655172414,0.08620689655172414,-0.26866666666666666
mathphysics_share,Math/Physics Journals,-0.0061819781340947426,0.0,0.0,-0.062
mathphysics_share,Math/Physics Journals,0.011604119036891155,0.09248554913294797,0.09248554913294797,0.15754098360655738
mathphysics_share,Math/Physics Journals,-0.03221758000324603,1.0,1.0,-0.25363636363636366
mathphysics_share,Math/Physics Journals,0.006888293813298625,0.02040816326530612,0.02040816326530612,-0.21274509803921568
mathphysics_share,Math/Physics Journals,-0.003386760044198216,0.0,0.0,0.31
mathphysics_share,Math/Physics Journals,0.013290436584265685,0.14788732394366197,0.14788732394366197,-0.05590163934426229
mathphysics_share,Math/Physics Journals,0.006945709940667507,0.05343511450381679,0.05343511450381679,-0.1884313725490196
mathphysics_share,Math/Physics Journals,0.009568661204003376,0.044444444444444446,0.044444444444444446,0.0723333333333333
mathphysics_share,Math/Physics Journals,0.007955686702500952,0.021739130434782608,0.021739130434782608,0.17627450980392162
mathphysics_share,Math/Physics Journals,0.0013177821026081398,0.6153846153846154,0.6153846153846154,-0.0906153846153846
mathphysics_share,Math/Physics Journals,0.0004106292617281107,0.0,0.0,0.2401408450704225
mathphysics_share,Math/Physics Journals,0.018107215212497595,0.09090909090909091,0.09090909090909091,0.31
mathphysics_share,Math/Physics Journals,0.010422008814143372,0.09090909090909091,0.09090909090909091,-0.289672131147541
mathphysics_share,Math/Physics Journals,0.005322576855959467,0.09004739336492891,0.09004739336492891,0.02384615384615385
mathphysics_share,Math/Physics Journals,0.010685978845651478,0.066006600660066,0.066006600660066,-0.1880327868852459
mathphysics_share,Math/Physics Journals,0.010580996839349665,0.02702702702702703,0.02702702702702703,-0.23885245901639346
mathphysics_share,Math/Physics Journals,0.013295030408630688,0.04861111111111111,0.04861111111111111,-0.04573770491803281
mathphysics_share,Math/Physics Journals,-0.02842955194736891,1.0,1.0,-0.22142857142857142
mathphysics_share,Math/Physics Journals,-0.010485654095472186,0.0,0.0,-0.155
mathphysics_share,Math/Physics Journals,-0.0007406638967096149,0.0,0.0,-0.08295774647887325
mathphysics_share,Math/Physics Journals,0.015421360428772258,0.09174311926605505,0.09174311926605505,-0.020666666666666667
mathphysics_share,Math/Physics Journals,0.008967236197308426,0.05309734513274336,0.05309734513274336,-0.124
mathphysics_share,Math/Physics Journals,0.011546166111227146,0.04878048780487805,0.04878048780487805,0.12704918032786883
mathphysics_share,Math/Physics Journals,0.004521319963713626,0.0,0.0,-0.2941025641025641
mathphysics_share,Math/Physics Journals,0.0016492056246587298,0.6153846153846154,0.6153846153846154,0.0333846153846154
mathphysics_share,Math/Physics Journals,0.009847150650771552,0.08823529411764706,0.08823529411764706,0.14466666666666667
mathphysics_share,Math/Physics Journals,0.010857115794490928,0.022222222222222223,0.022222222222222223,-0.13721311475409836
mathphysics_share,Math/Physics Journals,0.010995122696791445,0.08108108108108109,0.08108108108108109,-0.06606557377049183
mathphysics_share,Math/Physics Journals,0.00939175793453896,0.08823529411764706,0.08823529411764706,-0.030999999999999972
mathphysics_share,Math/Physics Journals,0.011015698872412567,0.03870967741935484,0.03870967741935484,-0.03557377049180327
mathphysics_share,Math/Physics Journals,0.01395222070358495,0.03125,0.03125,0.22868852459016392
mathphysics_share,Math/Physics Journals,0.013646901327765169,0.03333333333333333,0.03333333333333333,0.11688524590163935
mathphysics_share,Math/Physics Journals,-0.03817105252785911,1.0,1.0,-0.31
mathphysics_share,Math/Physics Journals,-0.005012614880856208,0.0,0.0,-0.2583333333333333
mathphysics_share,Math/Physics Journals,-0.0001288169309867805,0.0,0.0,0.004366197183098608
mathphysics_share,Math/Physics Journals,0.014103072173734752,0.05511811023622047,0.05511811023622047,0.2795081967213115
mathphysics_share,Math/Physics Journals,0.0102521555546542,0.04371584699453552,0.04371584699453552,0.2996666666666667
mathphysics_share,Math/Physics Journals,0.002920389243270115,0.0,0.0,-0.12531914893617022
mathphysics_share,Math/Physics Journals,0.014230831543617675,0.04,0.04,-0.26866666666666666
mathphysics_share,Math/Physics Journals,0.0005415438518933624,0.5,0.5,0.3012676056338028
mathphysics_share,Math/Physics Journals,0.011268781717162698,0.041666666666666664,0.041666666666666664,0.05590163934426229
mathphysics_share,Math/Physics Journals,0.010999397191331925,0.031446540880503145,0.031446540880503145,-0.05590163934426229
mathphysics_share,Math/Physics Journals,0.009486560954165908,0.04597701149425287,0.04597701149425287,0.010333333333333361
mathphysics_share,Math/Physics Journals,0.01780833645521113,0.0625,0.0625,0.15499999999999997
mathphysics_share,Math/Physics Journals,0.007268182704064809,0.018469656992084433,0.018469656992084433,-0.05470588235294116
mathphysics_share,Math/Physics Journals,0.006381311020763777,0.023255813953488372,0.023255813953488372,0.29410256410256413
mathphysics_share,Math/Physics Journals,0.010597862058123844,0.016,0.016,-0.22868852459016392
mathphysics_share,Math/Physics Journals,-0.023007123726001215,1.0,1.0,0.31
mathphysics_share,Math/Physics Journals,-0.0024415303004298146,0.0,0.0,0.0
mathphysics_share,Math/Physics Journals,0.012919835759596448,0.047244094488188976,0.047244094488188976,-0.1880327868852459
mathphysics_share,Math/Physics Journals,0.014816669172894434,0.02197802197802198,0.02197802197802198,-0.186
mathphysics_share,Math/Physics Journals,-0.0014378648266703629,0.0,0.0,0.2657142857142856
mathphysics_share,Math/Physics Journals,0.009232815715956232,0.03125,0.03125,-0.062
mathphysics_share,Math/Physics Journals,0.002816770377284803,0.0,0.0,-0.20446808510638298
mathphysics_share,Math/Physics Journals,0.011479958653090993,0.01694915254237288,0.01694915254237288,0.11688524590163935
mathphysics_share,Math/Physics Journals,0.010445822987410607,0.02608695652173913,0.02608695652173913,-0.26934426229508196
mathphysics_share,Math/Physics Journals,-0.006229511314457276,0.0,0.0,-0.10333333333333333
mathphysics_share,Math/Physics Journals,0.009940659583507185,0.022727272727272728,0.022727272727272728,0.1756666666666667
mathphysics_share,Math/Physics Journals,0.013563482109479651,0.051601423487544484,0.051601423487544484,0.06606557377049177
mathphysics_share,Math/Physics Journals,-0.02779055953190914,1.0,1.0,0.04428571428571426
mathphysics_share,Math/Physics Journals,0.001673878152471824,0.0038022813688212928,0.0038022813688212928,0.062
mathphysics_share,Math/Physics Journals,-0.0006127690564458586,0.0,0.0,-0.04802816901408452
mathphysics_share,Math/Physics Journals,0.016075651553129365,0.08712871287128712,0.08712871287128712,0.22733333333333333
mathphysics_share,Math/Physics Journals,0.010538286653111165,0.03857142857142857,0.03857142857142857,-0.2591803278688525
mathphysics_share,Math/Physics Journals,0.001559352038606774,0.0,0.0,-0.014307692307692299
mathphysics_share,Math/Physics Journals,0.013550677984138415,0.0196078431372549,0.0196078431372549,0.04573770491803275
mathphysics_share,Math/Physics Journals,-0.01854303962969176,1.0,1.0,-0.13285714285714287
mathphysics_share,Math/Physics Journals,-0.0005753856965160046,0.0,0.0,-0.039295774647887305
mathphysics_share,Math/Physics Journals,-3.738153599484853e-05,0.0,0.0,0.04802816901408452
mathphysics_share,Math/Physics Journals,0.013076117570616448,0.05138339920948617,0.05138339920948617,-0.13721311475409836
mathphysics_share,Math/Physics Journals,0.013581777808032517,0.02,0.02,0.07622950819672131
mathphysics_share,Math/Physics Journals,0.010737027772542672,0.023923444976076555,0.023923444976076555,-0.1677049180327869
mathphysics_share,Math/Physics Journals,0.008774435973595174,0.05405405405405406,0.05405405405405406,-0.16533333333333333
mathphysics_share,Math/Physics Journals,0.006600921655085708,0.06993006993006994,0.06993006993006994,-0.29784313725490197
mathphysics_share,Math/Physics Journals,0.012389769113883667,0.029197080291970802,0.029197080291970802,-0.2795081967213115
mathphysics_share,Math/Physics Journals,0.01024578989126559,0.038461538461538464,0.038461538461538464,0.2893333333333333
mathphysics_share,Math/Physics Journals,0.0008557475887427933,0.0,0.0,-0.20507692307692307
mathphysics_share,Math/Physics Journals,-0.018080313263106197,1.0,1.0,0.08857142857142852
mathphysics_share,Math/Physics Journals,0.0036222441239854453,0.3333333333333333,0.3333333333333333,0.1385106382978723
mathphysics_share,Math/Physics Journals,-0.0002838754555422537,0.0,0.0,-0.021830985915492984
mathphysics_share,Math/Physics Journals,0.013905668380079284,0.028368794326241134,0.028368794326241134,0.18803278688524588
mathphysics_share,Math/Physics Journals,-0.0012745905011720192,0.0,0.0,-0.28380281690140846
mathphysics_share,Math/Physics Journals,0.0014897355806840684,0.0,0.0,-0.0429230769230769
mathphysics_share,Math/Physics Journals,0.011119133614671777,0.049586776859504134,0.049586776859504134,0.01524590163934425
mathphysics_share,Math/Physics Journals,0.008474985193637473,0.06,0.06,-0.248
mathphysics_share,Math/Physics Journals,0.011090074214663972,0.019867549668874173,0.019867549668874173,-0.005081967213114769
mathphysics_share,Math/Physics Journals,0.01283384382363237,0.1111111111111111,0.1111111111111111,-0.21852459016393444
mathphysics_share,Math/Physics Journals,0.003243739475412455,0.0,0.0,0.006595744680851057
mathphysics_share,Math/Physics Journals,-0.018168023457170137,1.0,1.0,0.04428571428571426
mathphysics_share,Math/Physics Journals,-0.003020619571741652,0.0,0.0,-0.24357142857142858
mathphysics_share,Math/Physics Journals,0.009991882904131435,0.0,0.0,0.1963333333333333
mathphysics_share,Math/Physics Journals,0.011741040441052073,0.04878048780487805,0.04878048780487805,0.17786885245901635
mathphysics_share,Math/Physics Journals,0.008404755627718785,0.0,0.0,-0.28933333333333333
mathphysics_share,Math/Physics Journals,0.0030491598539538946,0.0,0.0,-0.0725531914893617
mathphysics_share,Math/Physics Journals,0.009494605250435377,0.029411764705882353,0.029411764705882353,0.030999999999999972
mathphysics_share,Math/Physics Journals,0.0011013595549110077,0.5625,0.5625,-0.14784615384615382
mathphysics_share,Math/Physics Journals,-0.01502802253827393,0.7222222222222222,0.7222222222222222,0.31
mathphysics_share,Math/Physics Journals,-0.012044575117220778,1.0,1.0,0.14090909090909093
mathphysics_share,Math/Physics Journals,-0.012352385256512858,0.675,0.675,-0.08454545454545453
mathphysics_share,Math/Physics Journals,0.002115323827839195,0.375,0.375,0.2146153846153846
mathphysics_share,Math/Physics Journals,0.0015922430532962673,0.5384615384615384,0.5384615384615384,0.004769230769230803
mathphysics_share,Math/Physics Journals,-0.009023856318223413,0.8,0.8,-0.2735294117647059
mathphysics_share,Math/Physics Journals,0.0005143395794567441,0.5294117647058824,0.5294117647058824,0.28380281690140846
mathphysics_share,Math/Physics Journals,0.008697035520716757,0.02694610778443114,0.02694610778443114,-0.19633333333333333
mathphysics_share,Math/Physics Journals,0.008878714920818574,0.05714285714285714,0.05714285714285714,-0.14466666666666667
mathphysics_share,Math/Physics Journals,0.0109451125932779,0.03546099290780142,0.03546099290780142,-0.09655737704918033
mathphysics_share,Math/Physics Journals,-0.03854095016009391,1.0,1.0,0.0
mathphysics_share,Math/Physics Journals,-0.006174777088899634,0.0,0.0,-0.020666666666666667
mathphysics_share,Math/Physics Journals,-0.004088549271559153,0.0,0.0,0.10333333333333333
mathphysics_share,Math/Physics Journals,0.012911779259723382,0.05737704918032787,0.05737704918032787,-0.19819672131147542
mathphysics_share,Math/Physics Journals,0.011340483717920744,0.031088082901554404,0.031088082901554404,0.10672131147540981
mathphysics_share,Math/Physics Journals,0.003915765356650696,0.0,0.0,0.2308510638297872
mathphysics_share,Math/Physics Journals,0.013495003163552965,0.0457516339869281,0.0457516339869281,-0.01524590163934425
mathphysics_share,Math/Physics Journals,-0.04811766535068345,1.0,1.0,0.0
mathphysics_share,Math/Physics Journals,-0.004749268079961671,0.0,0.0,-0.20666666666666667
mathphysics_share,Math/Physics Journals,-0.00047633077446314706,0.0,0.0,-0.030563380281690145
mathphysics_share,Math/Physics Journals,0.016393320380609477,0.08571428571428572,0.08571428571428572,-0.31
mathphysics_share,Math/Physics Journals,0.009601995217535087,0.06790123456790123,0.06790123456790123,0.08266666666666667
mathphysics_share,Math/Physics Journals,0.007986821228875738,0.041666666666666664,0.041666666666666664,0.18843137254901965
mathphysics_share,Math/Physics Journals,0.011588536856987413,0.05517241379310345,0.05517241379310345,0.14737704918032785
mathphysics_share,Math/Physics Journals,-0.03367503935028515,1.0,1.0,-0.31
mathphysics_share,Math/Physics Journals,0.013442899262598944,0.01694915254237288,0.01694915254237288,-0.025409836065573788
mathphysics_share,Math/Physics Journals,-0.004545793265568505,0.0,0.0,-0.051666666666666694
mathphysics_share,Math/Physics Journals,0.010912898474095156,0.10714285714285714,0.10714285714285714,-0.11688524590163935
mathphysics_share,Math/Physics Journals,0.0071700735249807445,0.08783783783783784,0.08783783783783784,-0.07901960784313725
mathphysics_share,Math/Physics Journals,-0.0010994172532223377,0.0,0.0,-0.23140845070422533
mathphysics_share,Math/Physics Journals,0.009061893373892266,0.07317073170731707,0.07317073170731707,-0.10333333333333333
mathphysics_share,Math/Physics Journals,-0.01680801447188919,1.0,1.0,-0.2583333333333333
mathphysics_share,Math/Physics Journals,-0.003619331740931867,0.0,0.0,0.23249999999999998
mathphysics_share,Math/Physics Journals,-0.0037941316475290795,0.0,0.0,0.18083333333333335
mathphysics_share,Math/Physics Journals,0.00592952974695819,0.09923664122137404,0.09923664122137404,0.15102564102564103
mathphysics_share,Math/Physics Journals,0.0029946190598204993,0.5093425605536333,0.5093425605536333,-0.09893617021276596
mathphysics_share,Math/Physics Journals,0.003587195950171177,0.5742857142857143,0.5742857142857143,0.1253191489361702
mathphysics_share,Math/Physics Journals,-0.0021292980013283337,0.7073170731707317,0.7073170731707317,0.08857142857142852
mathphysics_share,Math/Physics Journals,0.0071149094957752455,0.25,0.25,-0.11549019607843136
mathphysics_share,Math/Physics Journals,-0.02081701057647234,1.0,1.0,-0.31
mathphysics_share,Math/Physics Journals,0.007515805892027634,0.08333333333333333,0.08333333333333333,0.054705882352941215
mathphysics_share,Math/Physics Journals,0.0026730085084982276,0.0,0.0,-0.2836170212765957
mathphysics_share,Math/Physics Journals,0.006358713252206092,0.23880597014925373,0.23880597014925373,0.2623076923076923
mathphysics_share,Math/Physics Journals,0.0012429219460868867,0.5818181818181818,0.5818181818181818,-0.10969230769230767
mathphysics_share,Math/Physics Journals,-0.00287357633768468,0.6707317073170732,0.6707317073170732,-0.17714285714285716
mathphysics_share,Math/Physics Journals,-0.005597819461953505,0.5,0.5,0.14466666666666667
mathphysics_share,Math/Physics Journals,-0.0052996370700470145,0.6521739130434783,0.6521739130434783,0.31
mathphysics_share,Math/Physics Journals,-1.7631653852481772e-05,0.4482758620689655,0.4482758620689655,0.06549295774647884
mathphysics_share,Math/Physics Journals,0.0021523589354956233,0.5,0.5,0.2336923076923077
mathphysics_share,Math/Physics Journals,0.000310981447094059,0.49206349206349204,0.49206349206349204,0.20521126760563374
mathphysics_share,Math/Physics Journals,-0.0007127896868778177,0.6359223300970874,0.6359223300970874,-0.07422535211267606
mathphysics_share,Math/Physics Journals,0.0026972586018678473,0.6084656084656085,0.6084656084656085,-0.24404255319148938
mathphysics_share,Math/Physics Journals,0.0016612628278178142,0.5918367346938775,0.5918367346938775,0.04292307692307695
mathphysics_share,Math/Physics Journals,0.011739062925996337,0.125,0.125,0.16770491803278686
mathphysics_share,Math/Physics Journals,-0.02637820308767213,1.0,1.0,-0.23249999999999998
mathphysics_share,Math/Physics Journals,0.011925916215971308,0.14285714285714285,0.14285714285714285,0.23885245901639346
mathphysics_share,Math/Physics Journals,0.005876129809631944,0.0,0.0,0.13512820512820517
mathphysics_share,Math/Physics Journals,-0.015312400709697829,0.3090909090909091,0.3090909090909091,0.2066666666666666
mathphysics_share,Math/Physics Journals,0.00034392957553386626,0.5238095238095238,0.5238095238095238,0.22267605633802817
mathphysics_share,Math/Physics Journals,-0.013076063330954126,0.8301886792452831,0.8301886792452831,0.31
mathphysics_share,Math/Physics Journals,0.0002825257433167171,0.5423728813559322,0.5423728813559322,0.17901408450704226
mathphysics_share,Math/Physics Journals,-0.009381806209499792,0.7142857142857143,0.7142857142857143,0.23249999999999998
mathphysics_share,Math/Physics Journals,0.0018148754408564085,0.4696969696969697,0.4696969696969697,0.13830769230769235
mathphysics_share,Math/Physics Journals,0.0028053387960967173,0.51,0.51,-0.2176595744680851
mathphysics_share,Math/Physics Journals,-0.008526661960196648,0.6574074074074074,0.6574074074074074,-0.12764705882352942
mathphysics_share,Math/Physics Journals,-0.010959142330209082,0.7403846153846154,0.7403846153846154,-0.31
mathphysics_share,Math/Physics Journals,0.0020852566667001237,0.5117493472584856,0.5117493472584856,0.2050769230769231
mathphysics_share,Math/Physics Journals,0.0007126992789769857,0.5164835164835165,0.5164835164835165,-0.2623076923076923
mathphysics_share,Math/Physics Journals,0.011250645302355677,0.07692307692307693,0.07692307692307693,0.04573770491803275
mathphysics_share,Math/Physics Journals,-0.03277506392159434,1.0,1.0,0.07750000000000001
mathphysics_share,Math/Physics Journals,0.009350399045438907,0.017857142857142856,0.017857142857142856,-0.04133333333333333
mathphysics_share,Math/Physics Journals,0.007172799674374836,0.0,0.0,-0.06686274509803919
mathphysics_share,Math/Physics Journals,0.013051686922119016,0.11290322580645161,0.11290322580645161,-0.14737704918032787
mathphysics_share,Math/Physics Journals,0.0012848456732386078,0.3869346733668342,0.3869346733668342,-0.10015384615384615
mathphysics_share,Math/Physics Journals,0.0014841799636026189,0.6288659793814433,0.6288659793814433,-0.05246153846153845
mathphysics_share,Math/Physics Journals,-0.012732663029575235,0.6911764705882353,0.6911764705882353,-0.25363636363636366
mathphysics_share,Math/Physics Journals,-0.0084502205330067,0.8571428571428571,0.8571428571428571,-0.0911764705882353
mathphysics_share,Math/Physics Journals,-0.005039167841442531,0.4489795918367347,0.4489795918367347,-0.2841666666666667
mathphysics_share,Math/Physics Journals,0.002274570726560158,0.504,0.504,0.2527692307692308
mathphysics_share,Math/Physics Journals,0.0010073324375414882,0.5714285714285714,0.5714285714285714,-0.17646153846153845
mathphysics_share,Math/Physics Journals,0.0017621834168832008,0.5121951219512195,0.5121951219512195,0.1096923076923077
mathphysics_share,Math/Physics Journals,0.0017335391581889338,0.35737704918032787,0.35737704918032787,0.1001538461538462
mathphysics_share,Math/Physics Journals,0.0007642692409836013,0.3865546218487395,0.3865546218487395,-0.24323076923076922
mathphysics_share,Math/Physics Journals,0.014907925942752084,0.09090909090909091,0.09090909090909091,-0.14466666666666667
mathphysics_share,Math/Physics Journals,-0.027943851688624365,1.0,1.0,-0.04428571428571432
mathphysics_share,Math/Physics Journals,0.0038530020282121886,0.0,0.0,0.20446808510638298
mathphysics_share,Math/Physics Journals,0.005791545009339178,0.0,0.0,0.11923076923076925
mathphysics_share,Math/Physics Journals,0.01972282324057288,0.14583333333333334,0.14583333333333334,0.31
mathphysics_share,Math/Physics Journals,0.010105108906112293,0.18518518518518517,0.18518518518518517,0.22733333333333333
mathphysics_share,Math/Physics Journals,0.0019320087013492537,0.5238095238095238,0.5238095238095238,0.1573846153846154
mathphysics_share,Math/Physics Journals,-0.007698348035198697,0.6785714285714286,0.6785714285714286,0.09117647058823525
mathphysics_share,Math/Physics Journals,-0.012317217189135633,1.0,1.0,0.028181818181818197
mathphysics_share,Math/Physics Journals,0.0002734622625238038,0.34831460674157305,0.34831460674157305,0.17028169014084504
mathphysics_share,Math/Physics Journals,0.0011114906190517753,0.325,0.325,-0.12876923076923075
mathphysics_share,Math/Physics Journals,-0.007663264048842,0.5,0.5,0.1276470588235294
mathphysics_share,Math/Physics Journals,0.010114793360643385,0.2727272727272727,0.2727272727272727,0.23766666666666664
mathphysics_share,Math/Physics Journals,0.0021458392084064467,0.5033333333333333,0.5033333333333333,0.2241538461538462
mathphysics_share,Math/Physics Journals,0.006997550015840347,0.1488095238095238,0.1488095238095238,-0.16411764705882353
mathphysics_share,Math/Physics Journals,-0.03116396921153459,1.0,1.0,0.14090909090909093
mathphysics_share,Math/Physics Journals,0.015743255983819007,0.057971014492753624,0.057971014492753624,0.10333333333333333
mathphysics_share,Math/Physics Journals,0.00624740283585905,0.0,0.0,0.23051282051282057
mathphysics_share,Math/Physics Journals,0.010905940312700948,0.2025862068965517,0.2025862068965517,-0.12704918032786885
mathphysics_share,Math/Physics Journals,0.001630039925259326,0.4137466307277628,0.4137466307277628,0.02384615384615385
mathphysics_share,Math/Physics Journals,0.010366905650258438,0.15789473684210525,0.15789473684210525,-0.31
mathphysics_share,Math/Physics Journals,0.014962325882809716,0.05405405405405406,0.05405405405405406,-0.10333333333333333
mathphysics_share,Math/Physics Journals,-0.017188424887812855,1.0,1.0,0.2657142857142856
mathphysics_share,Math/Physics Journals,0.015601965447944233,0.030303030303030304,0.030303030303030304,0.062
mathphysics_share,Math/Physics Journals,0.0061386272042544725,0.0,0.0,0.19871794871794873
mathphysics_share,Math/Physics Journals,0.01687083738777443,0.07017543859649122,0.07017543859649122,-0.10333333333333333
mathphysics_share,Math/Physics Journals,0.008436773373165923,0.17880794701986755,0.17880794701986755,-0.2583333333333333
mathphysics_share,Math/Physics Journals,0.00824633664545047,0.26285714285714284,0.26285714285714284,0.28568627450980394
mathphysics_share,Math/Physics Journals,-2.948350918349898e-05,0.48520710059171596,0.48520710059171596,0.05676056338028168
mathphysics_share,Math/Physics Journals,0.00014588695784966075,0.6153846153846154,0.6153846153846154,0.10915492957746481
mathphysics_share,Math/Physics Journals,-0.012077996039151778,0.691131498470948,0.691131498470948,0.08454545454545453
mathphysics_share,Math/Physics Journals,0.009105207474070816,0.11538461538461539,0.11538461538461539,-0.093
mathphysics_share,Math/Physics Journals,0.012046325473132422,0.05555555555555555,0.05555555555555555,0.26934426229508196
mathphysics_share,Math/Physics Journals,-0.03263565889962083,1.0,1.0,0.31
mathphysics_share,Math/Physics Journals,-0.0271892837309303,1.0,1.0,0.22142857142857136
mathphysics_share,Math/Physics Journals,0.0032004792689291506,0.0,0.0,-0.006595744680851057
mathphysics_share,Math/Physics Journals,0.000671962013018786,0.34146341463414637,0.34146341463414637,-0.27184615384615385
mathphysics_share,Math/Physics Journals,0.00047105919040754245,0.5061728395061729,0.5061728395061729,0.26633802816901403
mathphysics_share,Math/Physics Journals,-0.015217154154532739,0.7415730337078652,0.7415730337078652,0.25833333333333336
mathphysics_share,Math/Physics Journals,-0.013273929018521027,0.7816091954022989,0.7816091954022989,0.186
mathphysics_share,Math/Physics Journals,-0.004416972708568871,0.7285714285714285,0.7285714285714285,0.02583333333333332
mathphysics_share,Math/Physics Journals,0.00029911114590666676,0.6032388663967612,0.6032388663967612,0.18774647887323942
mathphysics_share,Math/Physics Journals,-0.011726395609708857,0.841726618705036,0.841726618705036,0.19727272727272732
mathphysics_share,Math/Physics Journals,0.011108543827303759,0.0425531914893617,0.0425531914893617,0.005081967213114769
mathphysics_share,Math/Physics Journals,-0.03216440796088047,1.0,1.0,-0.19727272727272727
mathphysics_share,Math/Physics Journals,0.005041861130186577,0.0,0.0,-0.11923076923076922
mathphysics_share,Math/Physics Journals,0.011081815218513147,0.10256410256410256,0.10256410256410256,-0.01524590163934425
mathphysics_share,Math/Physics Journals,-0.0007970267078577064,0.5742574257425742,0.5742574257425742,-0.1004225352112676
mathphysics_share,Math/Physics Journals,0.0005889889890057051,0.639344262295082,0.639344262295082,-0.31
mathphysics_share,Math/Physics Journals,-0.0012271291230082425,0.5925925925925926,0.5925925925925926,-0.25760563380281687
mathphysics_share,Math/Physics Journals,-0.005259978788724425,0.6451612903225806,0.6451612903225806,-0.31
mathphysics_share,Math/Physics Journals,-0.00803853971236965,0.7317073170731707,0.7317073170731707,0.05470588235294116
mathphysics_share,Math/Physics Journals,-0.008986823883813892,0.8461538461538461,0.8461538461538461,-0.20058823529411765
mathphysics_share,Math/Physics Journals,-0.01461622189645379,0.782608695652174,0.782608695652174,-0.186
mathphysics_share,Math/Physics Journals,-0.028895469414018785,1.0,1.0,0.31
mathphysics_share,Math/Physics Journals,0.0006421553270084267,0.0,0.0,-0.2813846153846154
mathphysics_share,Math/Physics Journals,-0.012798875999830301,0.8636363636363636,0.8636363636363636,-0.31
mathphysics_share,Math/Physics Journals,-0.007551786817279049,0.8333333333333334,0.8333333333333334,0.20058823529411757
mathphysics_share,Math/Physics Journals,-0.014075510692175077,0.75,0.75,-0.062
mathphysics_share,Math/Physics Journals,0.0029903995656151102,0.5,0.5,-0.11212765957446807
mathphysics_share,Math/Physics Journals,-0.010531591059280287,0.8888888888888888,0.8888888888888888,-0.23249999999999998
mathphysics_share,Math/Physics Journals,0.0010529810990164423,0.40431266846361186,0.40431266846361186,-0.16692307692307692
mathphysics_share,Math/Physics Journals,0.00012944946597466165,0.4888888888888889,0.4888888888888889,0.09169014084507043
mathphysics_share,Math/Physics Journals,0.012589305801879258,0.08333333333333333,0.08333333333333333,-0.22868852459016392
mathphysics_share,Math/Physics Journals,-0.02347266795438953,1.0,1.0,0.14090909090909093
mathphysics_share,Math/Physics Journals,0.012297473640694964,0.10256410256410256,0.10256410256410256,-0.31
mathphysics_share,Math/Physics Journals,0.00771486202195799,0.0,0.0,0.10333333333333333
mathphysics_share,Math/Physics Journals,0.014212317913048545,0.19480519480519481,0.19480519480519481,0.31
mathphysics_share,Math/Physics Journals,0.0023650350487589194,0.4649859943977591,0.4649859943977591,0.290923076923077
mathphysics_share,Math/Physics Journals,0.001105692603970252,0.5316455696202531,0.5316455696202531,-0.1383076923076923
mathphysics_share,Math/Physics Journals,0.01693185098912774,0.14285714285714285,0.14285714285714285,-0.051666666666666694
mathphysics_share,Math/Physics Journals,-0.031348132302149154,1.0,1.0,0.028181818181818197
mathphysics_share,Math/Physics Journals,0.010807848181098603,0.015151515151515152,0.015151515151515152,-0.15754098360655738
mathphysics_share,Math/Physics Journals,0.0060072654608301764,0.0,0.0,0.16692307692307695
mathphysics_share,Math/Physics Journals,0.010818664300047255,0.20754716981132076,0.20754716981132076,-0.14737704918032787
mathphysics_share,Math/Physics Journals,0.001522166065196441,0.5766871165644172,0.5766871165644172,-0.033384615384615346
mathphysics_share,Math/Physics Journals,0.00016644040941279312,0.4117647058823529,0.4117647058823529,0.12661971830985913
mathphysics_share,Math/Physics Journals,0.007412909564653919,0.22857142857142856,0.22857142857142856,0.006078431372549042
mathphysics_share,Math/Physics Journals,-0.025875827860227622,1.0,1.0,-0.07750000000000001
mathphysics_share,Math/Physics Journals,0.006230838497196226,0.04081632653061224,0.04081632653061224,0.2146153846153846
mathphysics_share,Math/Physics Journals,0.004701037272960537,0.0,0.0,-0.2623076923076923
mathphysics_share,Math/Physics Journals,0.0069644739166963504,0.21818181818181817,0.21818181818181817,-0.17627450980392156
mathphysics_share,Math/Physics Journals,-0.003536779547804454,0.6408839779005525,0.6408839779005525,0.2841666666666666
mathphysics_share,Math/Physics Journals,-0.0009388573569837962,0.6285714285714286,0.6285714285714286,-0.17901408450704226
mathphysics_share,Math/Physics Journals,0.007327929296746267,0.2631578947368421,0.2631578947368421,-0.0303921568627451
mathphysics_share,Math/Physics Journals,-0.019054500467282486,1.0,1.0,0.2411111111111111
mathphysics_share,Math/Physics Journals,0.007588199270923347,0.09433962264150944,0.09433962264150944,0.07901960784313727
mathphysics_share,Math/Physics Journals,0.003462976663551681,0.0,0.0,0.08574468085106385
mathphysics_share,Math/Physics Journals,0.008046057186625053,0.19148936170212766,0.19148936170212766,0.2492156862745098
mathphysics_share,Math/Physics Journals,0.006614792554296536,0.225531914893617,0.225531914893617,-0.28568627450980394
mathphysics_share,Math/Physics Journals,-0.0007670377154244913,0.4,0.4,-0.09169014084507043
mathphysics_share,Math/Physics Journals,0.012465642999205289,0.051643192488262914,0.051643192488262914,-0.24901639344262294
mathphysics_share,Math/Physics Journals,-0.024244812686645204,1.0,1.0,-0.02818181818181814
mathphysics_share,Math/Physics Journals,0.015773282464875894,0.038834951456310676,0.038834951456310676,0.14466666666666667
mathphysics_share,Math/Physics Journals,0.005265447102065697,0.0,0.0,-0.007948717948717932
mathphysics_share,Math/Physics Journals,0.006673285820199127,0.11055276381909548,0.11055276381909548,-0.2735294117647059
mathphysics_share,Math/Physics Journals,0.01098830715957189,0.2395693135935397,0.2395693135935397,-0.07622950819672131
mathphysics_share,Math/Physics Journals,0.001678878957347005,0.33070866141732286,0.33070866141732286,0.07153846153846155
mathphysics_share,Math/Physics Journals,0.013134912207899951,0.06666666666666667,0.06666666666666667,-0.11688524590163935
mathphysics_share,Math/Physics Journals,-0.031475985921301866,1.0,1.0,-0.08454545454545453
mathphysics_share,Math/Physics Journals,-0.003983326973095616,0.0064516129032258064,0.0064516129032258064,0.12916666666666665
mathphysics_share,Math/Physics Journals,0.005396211880330454,0.0,0.0,0.07153846153846155
mathphysics_share,Math/Physics Journals,0.013767206795584935,0.11917098445595854,0.11917098445595854,0.12704918032786883
mathphysics_share,Math/Physics Journals,0.002264087728265795,0.3230769230769231,0.3230769230769231,0.2432307692307693
mathphysics_share,Math/Physics Journals,-0.002770115797895519,0.29333333333333333,0.29333333333333333,-0.155
mathphysics_share,Math/Physics Journals,0.013518622396542132,0.08888888888888889,0.08888888888888889,0.025409836065573732
mathphysics_share,Math/Physics Journals,-0.024454175758261577,1.0,1.0,-0.25363636363636366
mathphysics_share,Math/Physics Journals,0.007374870779829691,0.027777777777777776,0.027777777777777776,-0.006078431372548987
mathphysics_share,Math/Physics Journals,-0.0013448847170524933,0.0,0.0,-0.31
mathphysics_share,Math/Physics Journals,0.017343121081865812,0.1437125748502994,0.1437125748502994,0.051666666666666694
mathphysics_share,Math/Physics Journals,0.0036953164822774998,0.39209726443769,0.39209726443769,0.16489361702127658
mathphysics_share,Math/Physics Journals,0.0007949347901592627,0.36666666666666664,0.36666666666666664,-0.2336923076923077
mathphysics_share,Math/Physics Journals,0.011150329547310378,0.09859154929577464,0.09859154929577464,0.025409836065573732
mathphysics_share,Math/Physics Journals,-0.017628954417037056,1.0,1.0,0.1771428571428571
mathphysics_share,Math/Physics Journals,0.007728383329870119,0.04807692307692308,0.04807692307692308,0.11549019607843142
mathphysics_share,Math/Physics Journals,0.0028519230830519626,0.0,0.0,-0.16489361702127658
mathphysics_share,Math/Physics Journals,0.009607712808493058,0.12359550561797752,0.12359550561797752,0.09300000000000003
recent,Publication Year,-0.0058796293517304945,2020.896848137536,0.854539756446996,-0.11624999999999999
recent,Publication Year,-0.0052231293866140775,2019.7540983606557,0.8009733606557348,0.02906249999999999
recent,Publication Year,-0.010524189978324237,2020.1572052401746,0.8198689956331819,-0.08611111111111111
recent,Publication Year,-0.005031794286658242,2021.1298701298701,0.8654626623376624,0.07750000000000001
recent,Publication Year,-0.009517599238215602,2022.2117647058824,0.9161764705882366,0.17222222222222222
recent,Publication Year,-0.010890397634204109,2021.111111111111,0.8645833333333317,-0.2411111111111111
recent,Publication Year,-0.006500544636569897,2020.5406698564593,0.8378438995215299,-0.2809375
recent,Publication Year,-0.007971658998052978,2022.1824324324325,0.9148015202702734,-0.124
recent,Publication Year,-0.02887332345285909,2023.2631578947369,0.965460526315791,0.15499999999999997
recent,Publication Year,-0.006755533643726963,2021.75,0.8945312499999997,0.24800000000000005
recent,Publication Year,-0.006097677157357856,2022.368932038835,0.923543689320393,-0.1646875
recent,Publication Year,-0.009519870594907297,2022.3658536585365,0.9233993902438973,0.15499999999999997
recent,Publication Year,-0.010709720497217235,2021.0,0.8593749999999994,-0.155
recent,Publication Year,-0.007933052741042631,2021.7534246575342,0.8946917808219151,-0.062
recent,Publication Year,0.009336350626532586,2010.2222222222222,0.354166666666662,-0.07233333333333333
recent,Publication Year,0.011860114110248097,2015.6190476190477,0.6071428571428598,0.18787878787878787
recent,Publication Year,-0.014014546719330648,2019.8367346938776,0.8048469387755113,0.2841666666666666
recent,Publication Year,-0.023639604950752114,2023.8433179723502,0.9926555299539146,0.31
recent,Publication Year,-0.0073892217969115746,2020.7142857142858,0.8459821428571453,0.046499999999999986
recent,Publication Year,0.0224507995307762,2016.3333333333333,0.6406249999999951,0.31
recent,Publication Year,-0.011196262516268464,2020.3428571428572,0.8285714285714286,-0.31
recent,Publication Year,-0.006323036357790373,2021.2295081967213,0.8701331967213117,-0.213125
recent,Publication Year,-0.015913845519834276,2018.0,0.718749999999999,-0.2841666666666667
recent,Publication Year,-0.009729518536787277,2022.888888888889,0.9479166666666676,0.10333333333333333
recent,Publication Year,-0.01267035820847218,2020.3559322033898,0.8291843220338956,-0.05812499999999998
recent,Publication Year,-0.009484973689326711,2008.8461538461538,0.2896634615384574,0.18944444444444447
recent,Publication Year,0.010030568155517517,2015.4583333333333,0.599609374999995,0.1395
recent,Publication Year,-0.0015795021745501057,2019.6440677966102,0.7958156779661031,-0.24473684210526314
recent,Publication Year,-0.030495930882782123,2023.5537190082644,0.9790805785123914,-0.155
recent,Publication Year,-0.0002776647876565523,2019.0727272727272,0.769034090909087,-0.0326315789473684
recent,Publication Year,-0.0020832798374445845,2018.6896551724137,0.7510775862068924,0.24694915254237287
recent,Publication Year,0.00026178843654624224,2019.6216216216217,0.794763513513515,0.19578947368421057
recent,Publication Year,-0.0025307161233574273,2018.6666666666667,0.7500000000000027,0.08932203389830506
recent,Publication Year,-0.015286427401837522,2019.888888888889,0.8072916666666672,-0.12916666666666665
recent,Publication Year,0.0003698295544179306,2018.8125,0.7568359374999991,0.26105263157894737
recent,Publication Year,-0.0013993761229932969,2006.5833333333333,0.18359374999999353,-0.1794736842105263
recent,Publication Year,0.012911394819885574,2014.5555555555557,0.5572916666666698,-0.31
recent,Publication Year,-0.0022676647374986654,2019.65625,0.7963867187499992,0.19440677966101688
recent,Publication Year,-0.022184983922521863,2023.5,0.9765624999999999,0.0
recent,Publication Year,-0.00458314957771003,2020.469387755102,0.8345025510204026,0.22281250000000002
recent,Publication Year,-0.008905469555422582,2023.0,0.9531249999999998,-0.279
recent,Publication Year,-0.005020381083830946,2019.861111111111,0.8059895833333315,0.08718749999999997
recent,Publication Year,-0.005413108467876307,2020.225806451613,0.8230846774193552,-0.019374999999999976
recent,Publication Year,-0.013578359749132962,2023.0,0.9531249999999998,-0.251875
recent,Publication Year,-0.004683941753009412,2020.3684210526317,0.8297697368421092,0.1646875
recent,Publication Year,0.02613824846434773,2005.6666666666667,0.1406250000000005,0.0
recent,Publication Year,0.0015976040390099466,2016.0,0.6249999999999987,-0.0911764705882353
recent,Publication Year,-0.006270063479874997,2020.0,0.8124999999999993,-0.2034375
recent,Publication Year,-0.02816834434040085,2023.44,0.9737500000000024,-0.31
recent,Publication Year,-0.009040585038243025,2008.5777777777778,0.277083333333331,0.31
recent,Publication Year,0.004022833282542339,2006.7142857142858,0.18973214285714302,-0.08454545454545453
recent,Publication Year,-0.006504468871773898,2008.9,0.29218750000000177,-0.290625
recent,Publication Year,0.010541164464566495,2006.923076923077,0.19951923076922712,-0.2724242424242424
recent,Publication Year,0.00997904306899026,2011.3333333333333,0.40624999999999434,0.11883333333333335
recent,Publication Year,-0.006465113267272716,2007.25,0.2148437499999972,-0.251875
recent,Publication Year,0.009793145345041544,2015.2567567567567,0.5901604729729669,0.05683333333333335
recent,Publication Year,0.01381160203598408,2014.5,0.5546874999999984,0.11923076923076925
recent,Publication Year,0.011934415912608064,2015.4444444444443,0.5989583333333272,0.216060606060606
recent,Publication Year,0.0062139957279458155,2015.2142857142858,0.5881696428571445,-0.16533333333333333
recent,Publication Year,0.007450768224268083,2015.75,0.6132812499999987,0.14466666666666667
recent,Publication Year,0.01095519919604752,2014.0,0.5312499999999983,-0.037575757575757596
recent,Publication Year,0.010479835385801436,2015.88,0.6193750000000038,-0.31
recent,Publication Year,-0.0033880679849673683,2019.7345679012346,0.8000578703703731,-0.12084745762711865
recent,Publication Year,-0.0009556630346410277,2019.5714285714287,0.7924107142857181,-0.11421052631578948
recent,Publication Year,0.0006675104851087963,2019.5384615384614,0.7908653846153789,0.31
recent,Publication Year,-0.0019746355724579055,2019.55,0.7914062499999971,0.26796610169491525
recent,Publication Year,-0.015779545711355127,2020.2777777777778,0.825520833333335,-0.23249999999999998
recent,Publication Year,-0.015053184947729783,2020.0,0.8124999999999993,-0.02583333333333332
recent,Publication Year,-0.01005031977720376,2019.8333333333333,0.8046874999999958,0.0
recent,Publication Year,-0.02445872189535318,2023.6786570743404,0.9849370503597079,0.028181818181818197
recent,Publication Year,-0.020876153490528872,2024.0,1.0,-0.22142857142857142
recent,Publication Year,-0.03437503751708858,2023.5128205128206,0.9771634615384633,0.15499999999999997
recent,Publication Year,-0.00876853350917003,2023.8866666666668,0.9946875000000048,-0.23249999999999998
recent,Publication Year,-0.02430274169271767,2023.7666666666667,0.9890624999999993,0.08454545454545453
recent,Publication Year,-0.01348593586861395,2023.047619047619,0.9553571428571422,-0.213125
recent,Publication Year,-0.02380719916984112,2023.5666666666666,0.979687499999997,0.19727272727272732
recent,Publication Year,0.008043504328665548,2017.5741556534508,0.6987885462555059,-0.31
recent,Publication Year,0.005868105812854131,2017.1046511627908,0.6767805232558171,-0.2583333333333333
recent,Publication Year,0.01077664934789077,2016.8695652173913,0.6657608695652139,-0.13151515151515153
recent,Publication Year,-0.0027006607647078887,2018.324,0.7339375000000022,0.07881355932203388
recent,Publication Year,-0.03802290381025855,2017.94,0.7159375000000016,-0.31
recent,Publication Year,0.010463370255424475,2015.3703703703704,0.5954861111111128,0.30483333333333335
recent,Publication Year,0.010819920077760089,2016.7865853658536,0.6618711890243875,-0.11272727272727273
recent,Publication Year,-0.004573950281227564,2018.6788079470198,0.7505691225165512,0.23249999999999998
recent,Publication Year,-0.0023781745478229505,2018.8235294117646,0.7573529411764666,0.16288135593220338
recent,Publication Year,0.008795423189861642,2017.5833333333333,0.6992187499999953,-0.14466666666666667
recent,Publication Year,-0.011602116516954012,2020.6761904761904,0.8441964285714251,0.27125000000000005
recent,Publication Year,-0.037954805437212955,2018.212765957447,0.728723404255322,-0.10333333333333333
recent,Publication Year,0.013356623442080568,2014.875,0.5722656249999984,-0.16692307692307692
recent,Publication Year,0.009227567199336116,2016.741935483871,0.6597782258064507,-0.09816666666666668
recent,Publication Year,-0.005565218364348919,2008.4857142857143,0.2727678571428536,-0.05812499999999998
recent,Publication Year,0.010096324743506453,2015.0149253731342,0.5788246268656664,0.16016666666666668
recent,Publication Year,-0.013927164735763385,2019.8275862068965,0.8044181034482734,0.31
recent,Publication Year,-0.00972562547470093,2023.1238938053098,0.958932522123895,0.12055555555555558
recent,Publication Year,0.008229159579719121,2017.480349344978,0.6943913755458471,-0.2841666666666667
recent,Publication Year,0.011001238389900417,2015.6666666666667,0.6093750000000022,-0.018787878787878798
recent,Publication Year,0.01078196761754555,2017.7722772277227,0.7080754950495017,-0.12212121212121213
recent,Publication Year,0.000294063930174325,2016.936170212766,0.6688829787234051,0.21210526315789474
recent,Publication Year,0.00754667446196921,2013.25,0.4960937499999982,0.15499999999999997
recent,Publication Year,-0.012278274665940943,2022.0,0.9062499999999997,0.03875000000000001
recent,Publication Year,0.01015718667577117,2017.826923076923,0.710637019230769,0.2066666666666666
recent,Publication Year,-0.004918267586486145,2008.8846153846155,0.29146634615384776,0.11625000000000002
recent,Publication Year,0.008799300361385567,2015.1142857142856,0.5834821428571381,-0.13433333333333333
recent,Publication Year,-0.0024579250077648445,2019.3777777777777,0.7833333333333307,0.12084745762711863
recent,Publication Year,-0.007758942177218987,2022.5581395348838,0.9324127906976789,-0.030999999999999972
recent,Publication Year,0.010856130521689818,2016.2242990654206,0.6355140186915897,-0.10333333333333333
recent,Publication Year,0.01941257628177953,2016.2424242424242,0.6363636363636354,0.10333333333333333
recent,Publication Year,0.010744030399110219,2015.7142857142858,0.6116071428571446,-0.1409090909090909
recent,Publication Year,7.044176741434031e-05,2017.46875,0.6938476562499989,0.1305263157894737
recent,Publication Year,0.008591657496176817,2015.9565217391305,0.6229619565217406,-0.2015
recent,Publication Year,0.022316474948734136,2016.28125,0.6381835937499987,0.0
recent,Publication Year,-0.01108427298632543,2008.75,0.28515624999999745,-0.27555555555555555
recent,Publication Year,0.01143701877022117,2015.4705882352941,0.6001838235294116,0.10333333333333333
recent,Publication Year,-0.003390306108300499,2019.5142857142857,0.789732142857143,-0.13135593220338984
recent,Publication Year,-0.0037919581477766106,2022.642857142857,0.9363839285714268,-0.2364406779661017
recent,Publication Year,-0.004583436841248654,2014.1,0.5359374999999941,0.21312499999999995
recent,Publication Year,0.005363432459106091,2012.3333333333333,0.4531249999999945,0.23954545454545456
recent,Publication Year,0.003588301603802691,2013.6153846153845,0.513221153846148,-0.23954545454545453
recent,Publication Year,0.004634255940263409,2014.2307692307693,0.5420673076923085,0.11272727272727273
recent,Publication Year,0.005551942024398059,2015.076923076923,0.5817307692307686,0.29590909090909095
recent,Publication Year,0.012860174841882696,2006.6666666666667,0.18750000000000067,0.31
recent,Publication Year,1.342251540674231e-05,2014.875,0.5722656249999984,0.08157894736842103
recent,Publication Year,-0.003470642066312147,2020.2,0.8218750000000015,-0.15237288135593222
recent,Publication Year,-0.006076103064100099,2008.64,0.28000000000000214,-0.155
recent,Publication Year,-0.0020324955815926482,2008.9285714285713,0.29352678571427865,0.257457627118644
recent,Publication Year,-0.010438562242946045,2008.6206896551723,0.2790948275862003,-0.06888888888888889
recent,Publication Year,0.00032303188611186085,2008.8823529411766,0.2913602941176496,0.2447368421052632
recent,Publication Year,0.007658846435106874,2010.6923076923076,0.3762019230769176,0.1756666666666667
recent,Publication Year,-0.007970197135301067,2008.375,0.2675781249999974,-0.10849999999999999
recent,Publication Year,0.0024108471574410743,2006.8333333333333,0.1953124999999936,0.018235294117647072
recent,Publication Year,0.010528273783236612,2015.0842105263157,0.582072368421047,-0.2818181818181818
recent,Publication Year,0.013376540326612237,2014.6538461538462,0.5618990384615385,-0.11923076923076922
recent,Publication Year,0.010155851893982012,2015.2413793103449,0.5894396551724149,0.1963333333333333
recent,Publication Year,0.005632972010918986,2014.9056603773586,0.5737028301886815,-0.31
recent,Publication Year,0.01089586935839358,2015.03125,0.5795898437499986,-0.07515151515151516
recent,Publication Year,0.010900462164218859,2015.2222222222222,0.5885416666666629,-0.06575757575757576
recent,Publication Year,0.010362454292422076,2015.2666666666667,0.5906249999999978,0.26866666666666666
recent,Publication Year,-0.004514873618889007,2019.6027397260275,0.793878424657538,0.27125000000000005
recent,Publication Year,-0.006480424787095209,2019.391304347826,0.7839673913043433,-0.27125
recent,Publication Year,-0.001903022267796426,2019.64,0.7956250000000039,0.2889830508474576
recent,Publication Year,-0.003530382101819556,2019.6125,0.7943359374999971,-0.1628813559322034
recent,Publication Year,-0.016328151457902635,2019.8275862068965,0.8044181034482734,0.31
recent,Publication Year,-0.005585661314856563,2019.0,0.7656249999999991,-0.07750000000000001
recent,Publication Year,-0.001861090105043934,2019.54,0.7909374999999975,0.31
recent,Publication Year,-0.008440803268213986,2022.9360465116279,0.9501271802325559,-0.186
recent,Publication Year,-0.011037063194125995,2022.5652173913043,0.9327445652173869,-0.2583333333333333
recent,Publication Year,-0.007748202515936042,2022.590909090909,0.9339488636363595,-0.015500000000000014
recent,Publication Year,-0.007242534336919351,2023.132530120482,0.9593373493975931,0.09300000000000003
recent,Publication Year,-0.014340190782415482,2023.0384615384614,0.9549278846153796,0.18083333333333335
recent,Publication Year,-0.012313550980379668,2022.5,0.9296874999999998,0.019374999999999976
recent,Publication Year,-0.008674375754510246,2022.6666666666667,0.9375000000000033,-0.217
recent,Publication Year,0.010251476889259216,2015.6652236652237,0.6093073593073605,0.2428333333333333
recent,Publication Year,0.009711274610205803,2014.1626016260163,0.5388719512195143,0.030999999999999972
recent,Publication Year,0.009852548687946647,2014.308176100629,0.5456957547169826,0.07750000000000001
recent,Publication Year,0.003767988653214406,2016.0240384615386,0.626126802884619,-0.16909090909090907
recent,Publication Year,0.004972740373211434,2017.2644628099174,0.6842716942148772,0.18318181818181822
recent,Publication Year,0.009619592066599132,2015.5,0.6015624999999986,-0.005166666666666653
recent,Publication Year,0.009197056283774603,2015.095238095238,0.5825892857142833,-0.11366666666666667
recent,Publication Year,0.0076661782055465946,2016.8952879581152,0.666966623036649,0.1963333333333333
recent,Publication Year,0.019423920711584736,2016.2363636363636,0.6360795454545447,0.2066666666666666
recent,Publication Year,0.010156641577803495,2014.8,0.5687499999999963,0.20149999999999996
recent,Publication Year,-0.0036053880465306463,2018.5411764705882,0.7441176470588209,-0.18389830508474578
recent,Publication Year,0.004949207793156807,2017.2966101694915,0.6857786016949123,0.16909090909090913
recent,Publication Year,0.007256406428198783,2015.857142857143,0.6183035714285716,0.09300000000000003
recent,Publication Year,0.007996342768820578,2016.1666666666667,0.6328125000000022,0.27899999999999997
recent,Publication Year,0.007301827262961033,2009.3846153846155,0.3149038461538478,0.11366666666666664
recent,Publication Year,0.009560194684933809,2015.1986754966888,0.5874379139072857,-0.02583333333333332
recent,Publication Year,-0.010814765477926378,2019.676923076923,0.7973557692307651,-0.17222222222222222
recent,Publication Year,-0.015431731324918685,2022.7142857142858,0.9397321428571457,-0.155
recent,Publication Year,0.009202729555046278,2014.8306878306878,0.5701884920634888,-0.10849999999999999
recent,Publication Year,0.008541782665632144,2011.4615384615386,0.4122596153846182,-0.217
recent,Publication Year,0.010197223683520322,2014.2298850574712,0.5420258620689592,0.21700000000000003
recent,Publication Year,0.002705693066610868,2015.8196721311476,0.6165471311475437,0.1276470588235294
recent,Publication Year,0.008533189635908546,2014.0,0.5312499999999983,-0.22216666666666668
recent,Publication Year,-0.006139137879410314,2018.4,0.7375000000000034,-0.174375
recent,Publication Year,0.0060222373858508,2013.4893617021276,0.5073138297872273,-0.217
recent,Publication Year,-0.004340136670345332,2008.9583333333333,0.29492187499999395,0.29062499999999997
recent,Publication Year,0.010102922263581405,2014.9397590361446,0.5753012048192743,0.17049999999999998
recent,Publication Year,-0.004013869848562293,2019.1923076923076,0.774639423076919,-0.2889830508474576
recent,Publication Year,-0.014350573908337098,2022.5,0.9296874999999998,0.15499999999999997
recent,Publication Year,0.006724061158054032,2013.3225806451612,0.4994959677419306,-0.062
recent,Publication Year,0.005375441481100297,2013.0833333333333,0.4882812499999946,0.26772727272727276
recent,Publication Year,0.009687474945725137,2014.2307692307693,0.5420673076923085,0.010333333333333361
recent,Publication Year,0.004576068966368399,2012.8541666666667,0.4775390625000017,0.07045454545454549
recent,Publication Year,0.007139014143636142,2011.25,0.4023437499999979,0.08266666666666667
recent,Publication Year,0.012281591009733077,2014.5185185185185,0.555555555555552,0.2536363636363636
recent,Publication Year,-0.0054665283802029395,2007.235294117647,0.2141544117647037,-0.03875000000000001
recent,Publication Year,0.010389484213215863,2014.764705882353,0.5670955882352919,0.2738333333333333
recent,Publication Year,-0.004679117487207847,2019.4347826086957,0.7860054347826121,0.174375
recent,Publication Year,-0.012855964224056365,2022.0,0.9062499999999997,-0.07750000000000001
recent,Publication Year,-0.005938398039981825,2011.5384615384614,0.41586538461537764,-0.135625
recent,Publication Year,-0.009662211597105454,2008.0,0.24999999999999734,0.13777777777777778
recent,Publication Year,-0.006871840222739545,2012.142857142857,0.44419642857142505,0.20149999999999996
recent,Publication Year,-0.006991110315925805,2011.7777777777778,0.42708333333333365,0.17049999999999998
recent,Publication Year,-0.010835210409353705,2015.2857142857142,0.5915178571428527,-0.18944444444444444
recent,Publication Year,0.010584850400158968,2007.1666666666667,0.21093750000000075,-0.24424242424242426
recent,Publication Year,-0.010835210409353705,2015.2857142857142,0.5915178571428527,-0.20666666666666667
recent,Publication Year,-0.003981529785612512,2008.6575342465753,0.28082191780821575,-0.26796610169491525
recent,Publication Year,0.007102845105058316,2007.923076923077,0.24639423076922728,0.0723333333333333
recent,Publication Year,-0.004604919965484441,2009.1190476190477,0.3024553571428587,0.2034375
recent,Publication Year,0.0024548568577902044,2008.891304347826,0.2917798913043416,0.05470588235294116
recent,Publication Year,0.007920364272633004,2010.6,0.3718749999999935,0.24800000000000005
recent,Publication Year,0.013545527455972792,2002.6666666666667,0.0,0.02384615384615385
recent,Publication Year,-0.017161447351698014,2008.1568627450981,0.2573529411764719,0.10333333333333333
recent,Publication Year,0.010458562251092847,2015.0598591549297,0.5809308978873261,0.2996666666666667
recent,Publication Year,0.010402721145497111,2014.7551020408164,0.5666454081632664,0.2841666666666666
recent,Publication Year,0.010243495116028751,2014.7926829268292,0.5684070121951186,0.23766666666666664
recent,Publication Year,0.0038913373363874213,2015.0294117647059,0.5795036764705855,-0.1409090909090909
recent,Publication Year,0.00949765874802727,2015.3508771929824,0.5945723684210463,-0.03616666666666668
recent,Publication Year,0.009876237364628308,2015.076923076923,0.5817307692307686,0.10333333333333333
recent,Publication Year,0.009640687181753446,2015.0735294117646,0.581571691176466,0.005166666666666653
recent,Publication Year,-0.005614214769703825,2019.5291262135922,0.7904277912621352,-0.0871875
recent,Publication Year,-0.020514336000378115,2019.967741935484,0.8109879032258072,-0.13285714285714287
recent,Publication Year,-0.002421908132078291,2019.2121212121212,0.7755681818181827,0.1313559322033898
recent,Publication Year,-0.004931604171615003,2019.4583333333333,0.7871093749999957,0.1065625
recent,Publication Year,-0.011496997248793382,2019.7179487179487,0.799278846153846,0.31
recent,Publication Year,-0.0065913932108206735,2019.25,0.7773437499999992,0.31
recent,Publication Year,-0.003666892673731093,2019.5272727272727,0.7903409090909072,-0.19440677966101694
recent,Publication Year,-0.015245510107216566,2022.6666666666667,0.9375000000000033,-0.10333333333333333
recent,Publication Year,-0.01415794870742913,2022.75,0.9414062499999998,0.23249999999999998
recent,Publication Year,-0.010675034917091757,2022.5,0.9296874999999998,-0.13777777777777778
recent,Publication Year,-0.012528996365234921,2022.7727272727273,0.9424715909090897,-0.03875000000000001
recent,Publication Year,-0.015492159853408505,2022.6,0.9343749999999955,-0.18083333333333335
recent,Publication Year,-0.01679638062663896,2022.75,0.9414062499999998,0.186
recent,Publication Year,-0.014745995196921302,2022.5333333333333,0.9312499999999984,0.051666666666666694
recent,Publication Year,0.007010467994895396,2010.609649122807,0.37232730263157654,0.04133333333333333
recent,Publication Year,0.00829885570908414,2009.7037037037037,0.32986111111110833,-0.2635
recent,Publication Year,-0.0029212957014544028,2008.9810126582279,0.2959849683544295,-0.01576271186440681
recent,Publication Year,0.006434780369460112,2011.551724137931,0.4164870689655104,-0.124
recent,Publication Year,0.006812296512548905,2012.1951219512196,0.44664634146341503,-0.020666666666666667
recent,Publication Year,0.007585664370504396,2013.3333333333333,0.49999999999999467,0.16533333333333333
recent,Publication Year,0.006075355879963164,2009.777142857143,0.333303571428574,-0.20666666666666667
recent,Publication Year,0.006208906369079506,2011.2813852813854,0.4038149350649377,-0.186
recent,Publication Year,0.0066491342137374185,2011.0217391304348,0.3916440217391269,-0.08266666666666667
recent,Publication Year,0.006589329574265494,2009.2763157894738,0.30982730263157987,-0.093
recent,Publication Year,0.005301435723580357,2014.1951219512196,0.5403963414634153,0.22545454545454552
recent,Publication Year,0.006812296512548905,2012.0129032258064,0.43810483870967487,-0.030999999999999972
recent,Publication Year,0.007771340405175251,2013.1818181818182,0.4928977272727284,0.2066666666666666
recent,Publication Year,0.0070353559299822415,2010.5384615384614,0.3689903846153775,0.051666666666666694
recent,Publication Year,4.674539015682087e-05,2007.164705882353,0.21084558823529495,0.09789473684210526
recent,Publication Year,0.01015147707280978,2014.8620689655172,0.5716594827586177,0.19116666666666665
recent,Publication Year,-0.00507370331822534,2019.2745098039215,0.7784926470588217,0.05812499999999998
recent,Publication Year,-0.017615573033993352,2022.4545454545455,0.9275568181818199,-0.062
recent,Publication Year,0.006811013470606567,2009.5242718446602,0.3214502427184461,-0.04133333333333333
recent,Publication Year,0.007399111332442368,2009.388888888889,0.3151041666666654,0.13433333333333336
recent,Publication Year,-0.0072941337830850946,2008.86,0.2903124999999928,0.062
recent,Publication Year,0.004020988234263089,2013.3181818181818,0.49928977272726804,-0.09863636363636363
recent,Publication Year,-0.013482932828811578,2007.9583333333333,0.24804687499999378,-0.19375
recent,Publication Year,-0.0022620642305997193,2006.7571428571428,0.1917410714285637,0.20491525423728812
recent,Publication Year,0.011637471257781825,2014.3461538461538,0.5474759615384583,0.15030303030303027
recent,Publication Year,-0.0013526679512769104,2019.2857142857142,0.7790178571428533,-0.14684210526315788
recent,Publication Year,-0.01705417962869974,2008.3295454545455,0.2654474431818175,0.14466666666666667
recent,Publication Year,-0.015130088401202092,2008.1702127659576,0.2579787234042579,-0.051666666666666694
recent,Publication Year,-0.009392660006435013,2008.607142857143,0.2784598214285704,0.2411111111111111
recent,Publication Year,-0.0016568513391660815,2008.3589743589744,0.26682692307692074,-0.31
recent,Publication Year,-0.01970685250814689,2008.2857142857142,0.2633928571428515,0.13285714285714284
recent,Publication Year,0.0011548979452639236,2006.736111111111,0.19075520833332926,-0.20058823529411765
recent,Publication Year,0.010036234005514417,2014.3846153846155,0.5492788461538487,0.14466666666666667
recent,Publication Year,-0.002194833455543861,2019.5,0.7890624999999992,0.2259322033898305
recent,Publication Year,0.005220086396136424,2008.857142857143,0.29017857142857045,0.21136363636363636
recent,Publication Year,0.009889460854793695,2005.0,0.10937499999999684,0.10849999999999999
recent,Publication Year,0.008574883837128055,2008.3333333333333,0.26562499999999384,-0.21183333333333332
recent,Publication Year,0.009301656092105124,2005.75,0.14453124999999695,-0.07750000000000001
recent,Publication Year,0.006588202213153536,2010.0,0.34374999999999767,-0.10333333333333333
recent,Publication Year,0.020850092192780622,2005.2,0.118749999999999,-0.31
recent,Publication Year,-0.004528353146103811,2006.987922705314,0.2025588768115945,0.251875
recent,Publication Year,-0.009447162531133193,2007.0636363636363,0.206107954545449,0.22388888888888886
recent,Publication Year,0.006558686867819087,2007.0,0.20312499999999717,-0.11366666666666667
recent,Publication Year,6.315157474860008e-05,2007.530303030303,0.2279829545454505,0.11421052631578948
recent,Publication Year,0.006168881970097583,2007.5974025974026,0.23112824675324445,-0.19633333333333333
recent,Publication Year,-0.0006290981524915283,2007.6,0.23124999999999302,-0.08157894736842106
recent,Publication Year,0.009809377348997258,2005.1960784313726,0.1185661764705874,0.062
recent,Publication Year,0.011065814617502803,2014.7692307692307,0.5673076923076883,0.0
recent,Publication Year,0.011684521453703878,2014.4545454545455,0.5525568181818186,0.15969696969696967
recent,Publication Year,0.01009392725656884,2014.7142857142858,0.5647321428571443,0.15499999999999997
recent,Publication Year,0.007064292345400726,2014.9655172413793,0.5765086206896533,0.062
recent,Publication Year,0.011239558881163481,2014.758064516129,0.5667842741935465,0.05636363636363634
recent,Publication Year,0.00810949229133119,2013.6666666666667,0.5156250000000019,-0.29966666666666664
recent,Publication Year,0.010215200915497278,2014.8727272727272,0.5721590909090841,0.22216666666666668
recent,Publication Year,-0.0046740800132814495,2019.2857142857142,0.7790178571428533,0.18406250000000002
recent,Publication Year,-0.006798659968721846,2019.4285714285713,0.7857142857142804,0.21700000000000003
recent,Publication Year,0.00032184014186209775,2018.7142857142858,0.752232142857145,0.2284210526315789
recent,Publication Year,-0.004706723706779829,2018.9444444444443,0.7630208333333277,0.1453125
recent,Publication Year,-0.009936170379606384,2019.6363636363637,0.7954545454545495,0.051666666666666694
recent,Publication Year,-0.012323896702080228,2019.6666666666667,0.7968750000000029,-0.019374999999999976
recent,Publication Year,-0.0030896927926303483,2019.5,0.7890624999999992,-0.0788135593220339
recent,Publication Year,-0.014244254098269363,2022.4166666666667,0.9257812500000033,0.2066666666666666
recent,Publication Year,-0.013257614261003477,2022.6666666666667,0.9375000000000033,-0.11624999999999999
recent,Publication Year,-0.016473803176790296,2022.6666666666667,0.9375000000000033,0.26866666666666666
recent,Publication Year,-0.015829222921291606,2022.5,0.9296874999999998,-0.2583333333333333
recent,Publication Year,0.00900015429263265,2013.8657407407406,0.5249565972222162,-0.124
recent,Publication Year,0.009871052184303671,2015.6356164383562,0.6079195205479472,0.09816666666666668
recent,Publication Year,0.0028765268372166904,2017.55900621118,0.698078416149065,0.20058823529411757
recent,Publication Year,0.014113590450539285,2016.5340425531915,0.6500332446808509,0.16692307692307695
recent,Publication Year,0.006872834248660008,2017.2424242424242,0.6832386363636356,-0.010333333333333361
recent,Publication Year,0.009599560802202596,2015.753052917232,0.6134243554952499,-0.010333333333333361
recent,Publication Year,0.01507360782041141,2016.5554785020804,0.6510380547850178,0.31
recent,Publication Year,0.009891764278972526,2014.945,0.5755468749999955,0.11366666666666664
recent,Publication Year,0.009697331609057547,2014.4052631578948,0.5502467105263149,0.015500000000000014
recent,Publication Year,-0.013352154734294993,2019.8592814371257,0.8059038173652653,-0.155
recent,Publication Year,0.014124541132442821,2016.5902004454342,0.6526656458797279,0.2146153846153846
recent,Publication Year,0.007998264093184987,2015.9803921568628,0.6240808823529407,0.2893333333333333
recent,Publication Year,0.008487672643507615,2015.3814713896459,0.5960064713896486,-0.23766666666666666
recent,Publication Year,0.0019728319809354283,2007.7037037037037,0.236111111111108,-0.018235294117647072
recent,Publication Year,-0.01782667583206449,2008.2753623188405,0.26290760869564617,-0.10333333333333333
recent,Publication Year,0.002814449720809868,2007.72,0.23687499999999856,0.16411764705882353
recent,Publication Year,-0.0014897987141178376,2008.6774193548388,0.28175403225806506,-0.22842105263157894
recent,Publication Year,-0.0014319994286793433,2008.3333333333333,0.26562499999999384,-0.1957894736842105
recent,Publication Year,0.017661593221448772,2007.9166666666667,0.2460937500000009,0.31
recent,Publication Year,0.011940408978058861,2006.2222222222222,0.16666666666666133,0.2254545454545454
recent,Publication Year,0.010240089005167437,2015.0625,0.5810546874999986,0.23249999999999998
recent,Publication Year,0.010270638262511194,2014.7288135593221,0.5654131355932235,0.24800000000000005
recent,Publication Year,0.010469306070594942,2015.0,0.5781249999999984,0.31
recent,Publication Year,0.005775657682856962,2015.0392156862745,0.5799632352941145,-0.26866666666666666
recent,Publication Year,0.009517166068320254,2015.0902777777778,0.5823567708333343,-0.030999999999999972
recent,Publication Year,0.010994390644522798,2015.0555555555557,0.58072916666667,-0.028181818181818197
recent,Publication Year,0.010276545539472964,2015.125,0.5839843749999986,0.2531666666666667
recent,Publication Year,-0.009125945376679398,2019.678233438486,0.7974171924290261,0.29277777777777775
recent,Publication Year,-0.018475551524830883,2019.8648648648648,0.8061655405405361,-0.22733333333333333
recent,Publication Year,-0.0022784185518939133,2019.3529411764705,0.7821691176470537,0.18389830508474575
recent,Publication Year,-0.004171676696998259,2019.6,0.793749999999995,0.31
recent,Publication Year,-0.019586806692899795,2019.8252427184466,0.8043082524271832,0.31
recent,Publication Year,-0.006187267569200127,2019.3333333333333,0.7812499999999957,-0.1840625
recent,Publication Year,-0.0045220892411371345,2019.578947368421,0.7927631578947355,0.2615625
recent,Publication Year,-0.02456920856977619,2023.4538461538461,0.9743990384615379,-0.02818181818181814
recent,Publication Year,-0.034703680361703515,2023.2571428571428,0.9651785714285664,0.0
recent,Publication Year,-0.03237834543066075,2023.3823529411766,0.971047794117652,-0.31
recent,Publication Year,-0.015642787355263907,2023.6604938271605,0.9840856481481487,-0.20666666666666667
recent,Publication Year,-0.02722603137605959,2023.388349514563,0.9713288834951433,0.0
recent,Publication Year,-0.012147479686010388,2022.9166666666667,0.9492187500000033,0.09687499999999999
recent,Publication Year,-0.024890790543902627,2023.367816091954,0.9703663793103415,-0.1409090909090909
recent,Publication Year,0.01484754227081247,2016.6422764227643,0.6551067073170765,0.2623076923076923
recent,Publication Year,0.007006019321961654,2012.5192307692307,0.46183894230768796,0.030999999999999972
recent,Publication Year,0.01609938081690046,2016.3615160349855,0.6419460641399427,-0.31
recent,Publication Year,0.001528577252362661,2017.4159663865546,0.6913734243697458,-0.12764705882352942
recent,Publication Year,0.010482361169180747,2015.0,0.5781249999999984,-0.3006060606060606
recent,Publication Year,-0.011957782151172006,2021.375,0.8769531249999996,0.21312499999999995
recent,Publication Year,0.008296764476358845,2016.2252747252746,0.635559752747247,-0.26866666666666666
recent,Publication Year,-0.00817584882177549,2007.9554140127389,0.24791003184713123,-0.155
recent,Publication Year,0.010715288960659106,2006.8947368421052,0.19819078947367855,-0.1784848484848485
recent,Publication Year,-0.002182781661091429,2007.9875,0.2494140624999952,0.23644067796610163
recent,Publication Year,0.00970627620354954,2009.5853658536585,0.3243140243902379,0.02583333333333332
recent,Publication Year,0.004364319859403966,2009.3333333333333,0.312499999999994,0.0
recent,Publication Year,-0.021036947709740125,2007.0869565217392,0.20720108695652403,-0.31
recent,Publication Year,0.00985451237095109,2014.9852216748768,0.577432266009849,0.08266666666666667
recent,Publication Year,0.00987085042031797,2014.1304347826087,0.5373641304347833,0.09300000000000003
recent,Publication Year,0.010429534570831376,2015.010752688172,0.5786290322580626,0.29450000000000004
recent,Publication Year,0.005464168943120274,2015.090909090909,0.5823863636363583,0.2818181818181818
recent,Publication Year,0.011498675276211979,2014.3333333333333,0.5468749999999948,0.13151515151515153
recent,Publication Year,0.008019901761259449,2016.0,0.6249999999999987,0.2996666666666667
recent,Publication Year,0.009837167071203487,2015.1666666666667,0.5859375000000021,0.0723333333333333
recent,Publication Year,-0.0018738291239918407,2019.4038461538462,0.7845552884615393,0.29949152542372875
recent,Publication Year,-0.0023923489141713904,2018.4285714285713,0.7388392857142803,0.1523728813559322
recent,Publication Year,0.00015145205186325935,2019.4851485148515,0.7883663366336641,0.1631578947368421
recent,Publication Year,-0.004945585454598804,2019.3243243243244,0.7808277027027045,0.09687499999999999
recent,Publication Year,-0.0053696879367372986,2020.5,0.8359374999999994,-0.009687500000000016
recent,Publication Year,-0.006209137975360078,2019.75,0.8007812499999993,-0.19375
recent,Publication Year,-0.0022077278325860514,2019.421052631579,0.7853618421052629,0.21542372881355926
recent,Publication Year,-0.052811120521194375,2023.264705882353,0.9655330882352934,0.0
recent,Publication Year,-0.009818919785389901,2022.0,0.9062499999999997,0.08611111111111108
recent,Publication Year,-0.039560212873185105,2023.3188405797102,0.9680706521739174,0.31
recent,Publication Year,-0.04627142097599504,2023.2631578947369,0.965460526315791,-0.31
recent,Publication Year,-0.011172244257393549,2023.1,0.9578124999999956,-0.2927777777777778
recent,Publication Year,-0.0071352377399587314,2023.22,0.9634375000000012,0.124
recent,Publication Year,0.01062012862641168,2014.5879396984924,0.5588096733668293,-0.20666666666666667
recent,Publication Year,0.0062885148897158065,2013.312101910828,0.49900477707006097,-0.155
recent,Publication Year,0.010396957803065487,2015.1,0.5828124999999943,0.27899999999999997
recent,Publication Year,0.0057368988504507635,2013.9342105263158,0.5281661184210532,-0.279
recent,Publication Year,0.00726906840664148,2017.7333333333333,0.7062499999999997,0.10333333333333333
recent,Publication Year,0.010008380025526445,2015.5333333333333,0.6031249999999971,0.12916666666666665
recent,Publication Year,-0.0048041216921192315,2007.1830985915492,0.21170774647886578,0.135625
recent,Publication Year,0.007947634662702418,2006.9117647058824,0.1989889705882362,0.26866666666666666
recent,Publication Year,-0.02630405291808819,2008.05,0.2523437499999952,0.31
recent,Publication Year,-0.0005285599697499782,2007.15,0.21015625000000146,-0.06526315789473683
recent,Publication Year,0.007910466770133755,2006.7666666666667,0.19218749999999643,0.23766666666666664
recent,Publication Year,0.010277622888384422,2014.919191919192,0.5743371212121196,0.25833333333333336
recent,Publication Year,0.01144571389380093,2014.7073170731708,0.5644054878048783,0.11272727272727273
recent,Publication Year,0.01116496094470907,2014.969696969697,0.5767045454545452,0.018787878787878798
recent,Publication Year,0.009385849620057153,2014.7435897435898,0.566105769230772,-0.062
recent,Publication Year,0.011170307368156548,2013.6666666666667,0.5156250000000019,0.028181818181818197
recent,Publication Year,0.012341127746065352,2015.28,0.5912499999999973,0.2818181818181818
recent,Publication Year,-0.002943404186959085,2019.5434782608695,0.7911005434782573,-0.03677966101694918
recent,Publication Year,-0.011665350955480264,2019.6666666666667,0.7968750000000029,0.251875
recent,Publication Year,-9.110063939937542e-05,2019.423076923077,0.7854567307692292,0.0326315789473684
recent,Publication Year,-0.005205762583223029,2019.3125,0.7802734374999992,0.03875000000000001
recent,Publication Year,-0.01857553864985148,2019.8,0.8031249999999972,-0.26866666666666666
recent,Publication Year,-0.004021948411475596,2019.6774193548388,0.7973790322580669,-0.2994915254237288
recent,Publication Year,-0.002770148104028749,2023.246153846154,0.964663461538464,0.03677966101694913
recent,Publication Year,-0.01969872211437749,2023.7222222222222,0.9869791666666643,0.22142857142857136
recent,Publication Year,-0.035947366153149085,2023.3809523809523,0.9709821428571387,0.31
recent,Publication Year,-0.01758530061917387,2023.6190476190477,0.9821428571428611,0.020666666666666667
recent,Publication Year,-0.010246466721708694,2022.5,0.9296874999999998,-0.034444444444444444
recent,Publication Year,-0.006749070242103646,2022.9473684210527,0.9506578947368458,0.2635
recent,Publication Year,0.004430663928199842,2016.8202247191011,0.6634480337078644,0.028181818181818197
recent,Publication Year,0.006017449773666715,2013.1538461538462,0.49158653846153827,-0.22733333333333333
recent,Publication Year,0.004461481533304224,2016.9830508474577,0.6710805084745767,0.042272727272727295
recent,Publication Year,0.009741595963206218,2016.5087719298247,0.6488486842105298,0.04133333333333333
recent,Publication Year,-0.013578359749132962,2023.0,0.9531249999999998,-0.27125
recent,Publication Year,-0.014417753207618521,2018.016129032258,0.7195060483870951,0.12916666666666665
recent,Publication Year,0.024323919925281386,2006.3,0.17031249999999493,0.31
recent,Publication Year,-0.00725118856266072,2007.142857142857,0.20982142857142425,0.07750000000000001
recent,Publication Year,0.034816977533487156,2004.8181818181818,0.10085227272726663,0.0
recent,Publication Year,0.010127140764256637,2005.2307692307693,0.12019230769230703,0.186
recent,Publication Year,0.018596830170796188,2004.142857142857,0.06919642857142375,-0.10333333333333333
recent,Publication Year,-0.007074926382953921,2015.3333333333333,0.593749999999995,0.1395
recent,Publication Year,0.012371533872340254,2014.5,0.5546874999999984,0.2912121212121212
recent,Publication Year,-0.0007391671990117304,2015.4,0.5968750000000028,-0.09789473684210526
recent,Publication Year,-0.01201505206265224,2015.2307692307693,0.5889423076923087,0.135625
recent,Publication Year,-0.009301628892466825,2015.3125,0.5927734374999986,0.2755555555555556
recent,Publication Year,-0.005575850049176292,2020.0454545454545,0.8146306818181792,-0.0678125
recent,Publication Year,-0.005132857132401195,2020.0,0.8124999999999993,0.04843750000000002
recent,Publication Year,-0.0037572427966965525,2020.0714285714287,0.8158482142857182,-0.2154237288135593
recent,Publication Year,-0.005033663373088543,2020.0526315789473,0.8149671052631533,0.0678125
recent,Publication Year,-0.028531874259844908,2023.3846153846155,0.9711538461538501,0.31
recent,Publication Year,0.0029220134490019417,2023.6666666666667,0.9843750000000036,0.27352941176470585
recent,Publication Year,-0.029469639476004738,2023.4117647058824,0.972426470588239,0.0
recent,Publication Year,-0.0037757758371089415,2023.1764705882354,0.9613970588235324,-0.2259322033898305
recent,Publication Year,-0.0028552469689441086,2023.1,0.9578124999999956,0.005254237288135566
recent,Publication Year,0.00935928810672041,2016.1880597014926,0.6338152985074665,-0.06716666666666665
recent,Publication Year,-0.006637415066641171,2021.4080459770114,0.8785021551724088,0.29450000000000004
recent,Publication Year,-0.008099733761765697,2020.95,0.8570312500000016,-0.1395
recent,Publication Year,-0.00544842396256127,2021.1734104046243,0.8675036127167632,-0.02906249999999999
recent,Publication Year,-0.0027401314714843457,2022.1,0.9109374999999954,0.0577966101694915
recent,Publication Year,-0.00882369662653381,2022.2244897959183,0.9167729591836707,-0.248
recent,Publication Year,-0.009956321287613288,2021.142857142857,0.8660714285714266,0.034444444444444444
recent,Publication Year,-0.006514213905333592,2021.4718309859154,0.8814920774647841,-0.31
recent,Publication Year,-0.00796614381692024,2022.4045801526718,0.925214694656489,-0.093
recent,Publication Year,-0.006406422669307226,2021.1555555555556,0.8666666666666667,-0.23249999999999998
recent,Publication Year,-0.005326840132462857,2020.5217391304348,0.8369565217391285,0.0
recent,Publication Year,-0.003982565817107926,2021.3461538461538,0.8756009615384595,-0.27847457627118644
recent,Publication Year,0.003706809204015507,2010.125,0.34960937499999767,-0.19727272727272727
recent,Publication Year,0.011947587783519818,2015.2272727272727,0.5887784090909086,0.2348484848484848
recent,Publication Year,-0.0028387593118870055,2019.7777777777778,0.802083333333335,0.015762711864406753
recent,Publication Year,-0.02765700144135154,2023.6729857819905,0.9846712085308056,-0.155
recent,Publication Year,0.010112082165612879,2017.7095709570958,0.7051361386138656,0.1756666666666667
recent,Publication Year,0.009480327184618158,2017.8648648648648,0.7124155405405358,-0.04133333333333333
recent,Publication Year,0.010946933949809166,2017.2291666666667,0.6826171875000024,-0.046969696969696995
recent,Publication Year,0.004188982574907917,2017.85,0.7117187499999947,-0.04227272727272724
recent,Publication Year,-0.037758559853790306,2018.1818181818182,0.7272727272727292,0.10333333333333333
recent,Publication Year,0.01134513607116224,2013.857142857143,0.5245535714285713,0.09393939393939393
recent,Publication Year,0.010729326482039446,2017.605504587156,0.7002580275229373,-0.1596969696969697
recent,Publication Year,-0.0027841552052124147,2018.3716814159293,0.7361725663716845,0.02627118644067794
recent,Publication Year,0.0008498882607996377,2018.2276422764228,0.729420731707317,-0.31
recent,Publication Year,0.026479547862012766,2016.6458333333333,0.6552734374999952,0.31
recent,Publication Year,-0.002279416028819449,2013.5384615384614,0.5096153846153779,0.17338983050847456
recent,Publication Year,-0.024010435649328546,2008.0882352941176,0.2541360294117583,0.14090909090909093
recent,Publication Year,0.010933345521120451,2015.2666666666667,0.5906249999999978,-0.056363636363636394
recent,Publication Year,-0.0016372192796753776,2019.5855855855855,0.7930743243243185,-0.2773684210526316
recent,Publication Year,-0.008885217699277996,2022.6911764705883,0.9386488970588258,-0.2635
recent,Publication Year,0.00868867627200725,2015.7903225806451,0.6151713709677389,-0.186
recent,Publication Year,0.008799150188744193,2015.6875,0.6103515624999987,-0.1395
recent,Publication Year,0.009785480500068187,2015.1916666666666,0.5871093749999957,0.051666666666666694
recent,Publication Year,0.0037995101774871568,2015.6666666666667,0.6093750000000022,-0.155
recent,Publication Year,0.005960390028896421,2017.1538461538462,0.679086538461539,-0.248
recent,Publication Year,0.00877919847361413,2016.2,0.6343750000000008,-0.16016666666666668
recent,Publication Year,0.00924831026413129,2015.4173228346456,0.5976870078740099,-0.093
recent,Publication Year,0.018487758403840055,2016.344262295082,0.641137295081967,-0.31
recent,Publication Year,0.01008922366708907,2015.0869565217392,0.5822010869565254,0.14983333333333332
recent,Publication Year,0.011813541273486845,2014.96,0.5762500000000002,0.17848484848484847
recent,Publication Year,-0.0029660671840606887,2013.6666666666667,0.5156250000000019,-0.05779661016949156
recent,Publication Year,-0.00772016518171295,2009.0833333333333,0.30078124999999395,0.015500000000000014
recent,Publication Year,0.010594195569345969,2015.125786163522,0.5840212264150914,-0.22545454545454546
recent,Publication Year,-0.003932837915664958,2019.471264367816,0.7877155172413765,-0.25745762711864406
recent,Publication Year,-0.012885665860420644,2022.5,0.9296874999999998,-0.09687499999999999
recent,Publication Year,0.0035564404911543604,2010.5039577836412,0.36737302110818026,-0.2818181818181818
recent,Publication Year,0.0035032453249001032,2010.6511627906978,0.374273255813955,-0.2959090909090909
recent,Publication Year,0.004150078288896061,2009.8,0.3343749999999955,-0.05636363636363634
recent,Publication Year,-0.00592907722732176,2008.857142857143,0.29017857142857045,-0.1259375
recent,Publication Year,0.004212158217916151,2011.9714285714285,0.43616071428571046,-0.014090909090909098
recent,Publication Year,0.0037197651280274423,2009.8267716535433,0.335629921259842,-0.18318181818181817
recent,Publication Year,0.002883927031190263,2011.0,0.39062499999999784,0.2370588235294117
recent,Publication Year,-0.009349013525225457,2008.7377049180327,0.2845799180327805,0.25833333333333336
recent,Publication Year,-0.012236878209348961,2008.78125,0.28662109374999745,0.07750000000000001
recent,Publication Year,-0.0064783195230230664,2013.0,0.48437499999999817,-0.2615625
recent,Publication Year,-0.003006734476876875,2007.385593220339,0.2211996822033847,-0.06830508474576272
recent,Publication Year,0.010730062129820446,2014.8086956521738,0.5691576086956458,-0.1503030303030303
recent,Publication Year,-0.004339607440874034,2019.0,0.7656249999999991,0.30031250000000004
recent,Publication Year,0.009628790125077844,2015.4545454545455,0.5994318181818187,0.0
recent,Publication Year,0.02002412049133442,2016.355871886121,0.6416814946619157,0.31
recent,Publication Year,0.001648157074481552,2018.4057971014493,0.7377717391304328,-0.054705882352941215
recent,Publication Year,0.008788264548010488,2016.2015209125475,0.6344462927756624,-0.155
recent,Publication Year,0.007920825745752957,2017.9259259259259,0.715277777777774,0.25833333333333336
recent,Publication Year,0.009562214489134583,2016.1861386138614,0.6337252475247532,-0.020666666666666667
recent,Publication Year,0.008576572588256469,2015.7214285714285,0.6119419642857111,-0.20666666666666667
recent,Publication Year,0.008977879312141156,2015.7674418604652,0.6140988372093035,-0.12916666666666665
recent,Publication Year,0.009204246123704638,2015.3071895424837,0.5925245098039212,-0.10333333333333333
recent,Publication Year,-0.00138916908029489,2018.3703703703704,0.7361111111111134,-0.1631578947368421
recent,Publication Year,0.008788264548010488,2016.1912350597609,0.6339641434262888,-0.14983333333333332
recent,Publication Year,0.009739367782847515,2015.5,0.6015624999999986,0.03616666666666668
recent,Publication Year,0.009005094847364937,2015.7312252964427,0.6124011857707523,-0.11883333333333335
recent,Publication Year,-0.01028594445019427,2007.965,0.2483593749999935,-0.051666666666666694
recent,Publication Year,0.010631081433695776,2015.1196172248804,0.5837320574162653,-0.19727272727272727
recent,Publication Year,-0.004652083660229443,2019.5675675675675,0.7922297297297255,0.19375000000000003
recent,Publication Year,-0.016563198781365324,2023.4685314685314,0.9750874125874097,0.22733333333333333
recent,Publication Year,0.009780508257798493,2017.0778588807786,0.6755246350364981,0.046499999999999986
recent,Publication Year,0.013190407121109244,2014.6923076923076,0.5637019230769182,-0.2623076923076923
recent,Publication Year,0.00927109818402795,2017.0761245674742,0.6754433391003498,-0.08783333333333332
recent,Publication Year,-0.006944071915460509,2021.6666666666667,0.8906250000000032,0.186
recent,Publication Year,0.013779371622767869,2016.6666666666667,0.6562500000000023,0.07153846153846155
recent,Publication Year,-0.007057072169437864,2020.5,0.8359374999999994,0.15499999999999997
recent,Publication Year,-0.018653049043774163,2016.7021276595744,0.6579122340425508,-0.31
recent,Publication Year,-0.015228040942374014,2008.078947368421,0.2537006578947336,-0.07750000000000001
recent,Publication Year,0.010870183168005882,2015.0263157894738,0.5793585526315809,-0.08454545454545453
recent,Publication Year,-0.00014644773548747273,2019.5206611570247,0.7900309917355336,0.0
recent,Publication Year,-0.03531122538347421,2023.3,0.9671874999999978,-0.31
recent,Publication Year,0.010658845914658424,2015.8807947019868,0.6194122516556306,-0.18787878787878787
recent,Publication Year,0.02589314436748324,2016.4444444444443,0.6458333333333274,-0.31
recent,Publication Year,0.010189595061052829,2015.6712328767123,0.6095890410958895,0.21183333333333337
recent,Publication Year,-0.006508499820744506,2008.6666666666667,0.281250000000001,-0.3003125
recent,Publication Year,-0.01004139551227907,2021.375,0.8769531249999996,0.017222222222222194
recent,Publication Year,0.011607914534635602,2015.7575757575758,0.613636363636362,0.14090909090909093
recent,Publication Year,-0.0036800082700231885,2007.0243902439024,0.20426829268292296,-0.20491525423728812
recent,Publication Year,0.011904047901195963,2015.1315789473683,0.5842927631578888,0.1972727272727272
recent,Publication Year,-5.5022074948025145e-05,2019.578947368421,0.7927631578947355,0.04894736842105263
recent,Publication Year,-0.03990506179960593,2023.264705882353,0.9655330882352934,-0.10333333333333333
recent,Publication Year,0.006980504257419398,2017.75,0.707031249999999,0.0
recent,Publication Year,0.004490213960849652,2017.638888888889,0.7018229166666667,0.056363636363636394
recent,Publication Year,-0.014789498301183836,2018.0740740740741,0.722222222222224,0.02583333333333332
recent,Publication Year,-0.0011947178733008423,2018.5,0.7421874999999991,-0.13052631578947368
recent,Publication Year,0.013386328522251342,2007.0,0.20312499999999717,-0.07153846153846152
recent,Publication Year,-0.007923718110632656,2015.3846153846155,0.5961538461538488,-0.046499999999999986
recent,Publication Year,-0.003161369837803904,2020.0,0.8124999999999993,-0.08932203389830509
recent,Publication Year,-0.03514214547098086,2023.2941176470588,0.9669117647058804,-0.155
recent,Publication Year,-0.0016159273788370985,2007.8323353293413,0.24214071856286964,-0.26105263157894737
recent,Publication Year,-0.010868950429952489,2008.5428571428572,0.27544642857142876,-0.2238888888888889
recent,Publication Year,-0.006679326188990832,2008.4609929078015,0.2716090425531919,0.27899999999999997
recent,Publication Year,0.004621658505383502,2005.2222222222222,0.11979166666666118,0.09863636363636363
recent,Publication Year,-0.008994727192128722,2008.625,0.27929687499999745,-0.31
recent,Publication Year,-0.008985440239459179,2008.75,0.28515624999999745,-0.2945
recent,Publication Year,0.00037231182298643666,2006.5,0.17968749999999709,0.27736842105263154
recent,Publication Year,0.0111942855578539,2015.0699481865286,0.581403821243525,0.037575757575757596
recent,Publication Year,0.011473650762876219,2014.5,0.5546874999999984,0.12212121212121213
recent,Publication Year,0.010303335741491188,2015.0392156862745,0.5799632352941145,0.2635
recent,Publication Year,0.0046802557281536246,2014.9166666666667,0.574218750000002,0.12681818181818183
recent,Publication Year,0.010598956606417641,2015.1573033707866,0.5854985955056214,-0.21606060606060606
recent,Publication Year,0.01134221562928351,2015.0,0.5781249999999984,0.07515151515151514
recent,Publication Year,0.009421637602847414,2015.2285714285715,0.5888392857142882,-0.051666666666666694
recent,Publication Year,-0.002939261093838535,2019.5648148148148,0.7921006944444421,-0.026271186440677996
recent,Publication Year,-0.003349619897197764,2019.5416666666667,0.7910156250000028,-0.11033898305084747
recent,Publication Year,0.00014317745832711132,2019.4827586206898,0.788254310344832,0.14684210526315788
recent,Publication Year,-0.0027251854091634832,2019.7272727272727,0.7997159090909094,0.06830508474576269
recent,Publication Year,-0.010100066335817738,2019.6949152542372,0.7981991525423695,-0.017222222222222194
recent,Publication Year,-0.014848063925270228,2019.8,0.8031249999999972,0.0
recent,Publication Year,-0.0029131728593135794,2019.4732142857142,0.7878069196428533,-0.005254237288135621
recent,Publication Year,-0.030711600012879887,2023.3783783783783,0.9708614864864841,-0.31
recent,Publication Year,-0.013395524550808181,2023.04,0.9549999999999982,-0.174375
recent,Publication Year,-0.03962705492883733,2023.3577235772357,0.9698932926829221,0.10333333333333333
recent,Publication Year,-0.01737269941360293,2023.4615384615386,0.9747596153846202,0.062
recent,Publication Year,-0.013709998740160802,2023.4901960784314,0.9761029411764709,-0.31
recent,Publication Year,-0.014080680459114593,2023.0,0.9531249999999998,0.25833333333333336
recent,Publication Year,-0.02578893661531718,2023.4198473282443,0.9728053435114495,-0.31
recent,Publication Year,0.007378930510207519,2016.2252824858756,0.6355601165254172,0.124
recent,Publication Year,-0.008591422250395405,2020.3885714285714,0.8307142857142823,-0.2015
recent,Publication Year,-0.0027695088297677336,2019.1707317073171,0.7736280487804904,0.047288135593220315
recent,Publication Year,0.010427785723648025,2017.017857142857,0.6727120535714259,0.2893333333333333
recent,Publication Year,-0.005548205285904767,2020.9850746268658,0.8586753731343316,-0.04843750000000002
recent,Publication Year,-0.012001754964924664,2022.1944444444443,0.9153645833333283,0.174375
recent,Publication Year,-0.01157679664020741,2021.090909090909,0.8636363636363593,0.29062499999999997
recent,Publication Year,0.00023187111838743715,2018.5671641791046,0.7453358208955256,0.17947368421052634
recent,Publication Year,-0.009880937200276906,2022.0060606060606,0.9065340909090903,0.06888888888888889
recent,Publication Year,-0.008399212268048994,2019.9878048780488,0.8119283536585364,-0.17049999999999998
recent,Publication Year,-0.034280852605983965,2018.03125,0.720214843749999,0.31
recent,Publication Year,-0.002483862872061841,2019.4782608695652,0.7880434782608702,0.11033898305084744
recent,Publication Year,-0.0034132356242111035,2007.7241379310344,0.23706896551723572,-0.14186440677966103
recent,Publication Year,0.010561068806079781,2015.2692307692307,0.5907451923076884,-0.26303030303030306
recent,Publication Year,-0.005645850490069469,2019.6666666666667,0.7968750000000029,-0.1065625
recent,Publication Year,-0.023325887468815195,2023.6844660194174,0.9852093446601913,-0.31
recent,Publication Year,0.006404072247974575,2017.4656084656085,0.6937003968253979,-0.13433333333333333
recent,Publication Year,0.01858885161921272,2016.530612244898,0.6498724489795956,-0.20666666666666667
recent,Publication Year,0.011917579064752382,2015.575,0.6050781250000007,0.2066666666666666
recent,Publication Year,-0.004377852745507827,2018.3652173913044,0.7358695652173948,0.2809375
recent,Publication Year,0.005636227046513479,2017.75,0.707031249999999,-0.29966666666666664
recent,Publication Year,0.007659132451923181,2015.9,0.6203125000000029,0.186
recent,Publication Year,0.009410119725418973,2015.1636363636364,0.5857954545454568,-0.05683333333333335
recent,Publication Year,-0.006767424923706042,2018.8624338624338,0.7591765873015843,0.23249999999999998
recent,Publication Year,0.012286032713824712,2016.6132075471698,0.6537441037735855,0.2724242424242424
recent,Publication Year,0.008064458227309005,2015.8813559322034,0.6194385593220333,-0.30483333333333335
recent,Publication Year,0.005373815469700922,2015.142857142857,0.5848214285714256,0.2536363636363637
recent,Publication Year,-0.004054801912079231,2008.9242424242425,0.29332386363636437,-0.31
recent,Publication Year,0.009459171347732364,2014.92,0.5743750000000019,-0.046499999999999986
recent,Publication Year,-0.004568679853968172,2019.6203703703704,0.7947048611111135,0.24218749999999994
recent,Publication Year,-0.014469446486198818,2023.0961538461538,0.9576322115384598,0.10333333333333333
recent,Publication Year,0.0070033832950627895,2015.5639686684074,0.604561031331594,0.020666666666666667
recent,Publication Year,0.008165603000545855,2013.6263736263736,0.513736263736261,-0.2945
recent,Publication Year,0.008609190132876286,2011.5897435897436,0.41826923076923145,-0.19633333333333333
recent,Publication Year,0.0024640713705303256,2016.045918367347,0.6271524234693886,0.09117647058823525
recent,Publication Year,0.0035581121153484695,2017.392857142857,0.6902901785714259,-0.2677272727272727
recent,Publication Year,0.008306369410024488,2015.3157894736842,0.5929276315789437,-0.2583333333333333
recent,Publication Year,0.009575982781923316,2014.4354838709678,0.5516633064516141,-0.015500000000000014
recent,Publication Year,0.004740272231471193,2017.4020100502512,0.6907192211055235,0.14090909090909093
recent,Publication Year,0.008286765419429323,2014.5876288659795,0.558795103092786,-0.2738333333333333
recent,Publication Year,0.005665843036923477,2012.7205882352941,0.47127757352941113,-0.28933333333333333
recent,Publication Year,0.006992398196330661,2009.7142857142858,0.3303571428571435,0.010333333333333361
recent,Publication Year,-0.0016485428483942793,2008.4489795918366,0.27104591836733954,-0.29368421052631577
recent,Publication Year,0.008528188818378373,2014.976,0.5770000000000037,-0.22733333333333333
recent,Publication Year,-0.007463112068217939,2019.5714285714287,0.7924107142857181,0.030999999999999972
recent,Publication Year,-0.016290626375464783,2022.7317073170732,0.9405487804878054,-0.31
recent,Publication Year,0.008400662371745214,2010.7409836065574,0.37848360655737556,-0.25316666666666665
recent,Publication Year,0.01009900258724103,2009.361344537815,0.31381302521007837,0.16533333333333333
recent,Publication Year,0.019057463574714963,2005.878787878788,0.15056818181818396,0.0
recent,Publication Year,0.007813517322906556,2011.7247706422017,0.42459862385320485,0.22733333333333333
recent,Publication Year,0.00846535671248487,2012.593220338983,0.465307203389825,-0.24283333333333335
recent,Publication Year,0.008764424590962192,2013.6363636363637,0.5142045454545485,-0.16533333333333333
recent,Publication Year,0.008517038581858368,2009.6458333333333,0.32714843749999406,-0.23249999999999998
recent,Publication Year,0.00816744287729618,2011.6878306878307,0.4228670634920612,-0.28933333333333333
recent,Publication Year,0.008690287786420016,2010.6666666666667,0.37500000000000133,-0.18083333333333335
recent,Publication Year,-0.014522330256161998,2008.0714285714287,0.2533482142857162,0.07750000000000001
recent,Publication Year,0.009301656092105124,2005.75,0.14453124999999695,-0.08266666666666667
recent,Publication Year,0.013295569656518015,2006.4606741573034,0.17784410112359403,-0.2146153846153846
recent,Publication Year,0.008760164142835957,2014.7125,0.5646484375000027,-0.17049999999999998
recent,Publication Year,-0.009460298861478247,2019.5,0.7890624999999992,0.2066666666666666
recent,Publication Year,-0.017615573033993352,2022.4545454545455,0.9275568181818199,-0.020666666666666667
recent,Publication Year,0.009860629827341386,2013.1666666666667,0.4921875000000018,0.08783333333333332
recent,Publication Year,0.006770065837932903,2013.2261904761904,0.4949776785714217,-0.051666666666666694
recent,Publication Year,0.0009957958927811839,2017.4796195652175,0.6943571671195687,-0.2735294117647059
recent,Publication Year,0.003665484318104506,2016.9565217391305,0.6698369565217407,-0.21136363636363636
recent,Publication Year,0.005568443241883407,2016.986111111111,0.6712239583333309,0.31
recent,Publication Year,0.010718218067393188,2014.8103448275863,0.5692349137931052,-0.1690909090909091
recent,Publication Year,0.004933472405505025,2017.3423180592993,0.6879211590296517,0.15500000000000003
recent,Publication Year,0.01086518142678989,2014.3245614035088,0.5464638157894744,-0.09393939393939393
recent,Publication Year,0.00827466568774242,2010.6756756756756,0.3754222972972925,-0.279
recent,Publication Year,-0.013316722956680814,2019.9902280130293,0.8120419381107482,-0.135625
recent,Publication Year,0.0036530887369396092,2017.0959595959596,0.6763731060606044,-0.22545454545454546
recent,Publication Year,0.0077730351691396105,2016.0975609756097,0.6295731707317018,0.21700000000000003
recent,Publication Year,0.008672283716833698,2014.6052631578948,0.559621710526317,-0.19116666666666665
recent,Publication Year,-0.0003966537692896776,2007.3576158940398,0.219888245033112,-0.04894736842105263
recent,Publication Year,0.010489217678811414,2014.9942857142858,0.5778571428571431,-0.2912121212121212
recent,Publication Year,-0.01365644089924224,2019.775147928994,0.8019600591715978,-0.290625
recent,Publication Year,-0.03186539316237945,2023.4453441295548,0.9740005060728797,0.31
recent,Publication Year,0.00459312329327317,2016.0948012232416,0.6294438073394475,0.08454545454545453
recent,Publication Year,0.00998182474842876,2010.3461538461538,0.3599759615384576,0.124
recent,Publication Year,0.006671486563814729,2012.537037037037,0.4626736111111053,-0.07233333333333333
recent,Publication Year,0.0004729771920817963,2017.1902654867256,0.6807936946902611,0.2936842105263158
recent,Publication Year,0.008723531665597833,2014.1666666666667,0.5390625000000019,-0.17566666666666667
recent,Publication Year,-0.011970173097113387,2021.6666666666667,0.8906250000000032,0.19375000000000003
recent,Publication Year,0.011238574697205562,2014.5853658536585,0.5586890243902387,0.04696969696969694
recent,Publication Year,0.001137459476828306,2007.8395061728395,0.2424768518518485,-0.23705882352941177
recent,Publication Year,0.006358243599228894,2014.9325842696628,0.5749648876404427,-0.14466666666666667
recent,Publication Year,-0.0038114969293176603,2019.2413793103449,0.7769396551724156,-0.24694915254237287
recent,Publication Year,-0.005995238407969416,2023.2142857142858,0.9631696428571458,-0.1453125
recent,Publication Year,0.008036895710866796,2013.7975708502024,0.5217611336032367,0.31
recent,Publication Year,0.0062100714816650925,2012.9064748201438,0.4799910071942381,-0.17566666666666667
recent,Publication Year,0.011085719201274925,2014.212765957447,0.5412234042553213,0.009393939393939399
recent,Publication Year,0.004429011126074217,2014.0402684563758,0.5331375838926126,0.014090909090909098
recent,Publication Year,0.011749544967354848,2013.5714285714287,0.5111607142857171,0.16909090909090907
recent,Publication Year,0.01059281554358688,2015.1538461538462,0.5853365384615387,-0.23484848484848486
recent,Publication Year,-0.00249667308059931,2007.2475247524753,0.21472772277227822,0.09983050847457625
recent,Publication Year,0.011344234717566374,2014.7868852459017,0.5681352459016387,0.08454545454545453
recent,Publication Year,-0.0035917370847158452,2019.5185185185185,0.7899305555555528,-0.1733898305084746
recent,Publication Year,-0.004690804923019098,2023.225806451613,0.9637096774193558,0.15499999999999997
recent,Publication Year,0.003970254082917672,2015.7317073170732,0.6124237804878043,-0.1268181818181818
recent,Publication Year,0.006017449773666715,2013.1538461538462,0.49158653846153827,-0.23766666666666666
recent,Publication Year,0.001322276637186298,2015.9565217391305,0.6229619565217406,-0.16411764705882353
recent,Publication Year,0.004198964595037384,2015.1,0.5828124999999943,-0.02818181818181814
recent,Publication Year,-0.013578359749132962,2023.0,0.9531249999999998,-0.23249999999999998
recent,Publication Year,0.003163162027910103,2017.1363636363637,0.6782670454545492,0.31
recent,Publication Year,0.02345550950820442,2005.8333333333333,0.14843749999999342,-0.31
recent,Publication Year,0.003564794401859065,2015.25,0.5898437499999986,-0.25363636363636366
recent,Publication Year,-0.006448261319304542,2020.0833333333333,0.8164062499999958,-0.2421875
recent,Publication Year,-0.02145195386052136,2023.5555555555557,0.9791666666666713,0.31
recent,Publication Year,-3.12169149175577e-05,2007.522911051213,0.227636455525606,0.06526315789473686
recent,Publication Year,-0.007942517023908734,2007.1037037037038,0.20798611111111218,-0.07750000000000001
recent,Publication Year,0.016228966842079327,2006.5555555555557,0.1822916666666685,-0.10333333333333333
recent,Publication Year,0.0041219871324825585,2008.34,0.26593749999999355,-0.07045454545454544
recent,Publication Year,-0.007733182565743074,2008.0,0.24999999999999734,0.0
recent,Publication Year,0.017030409542719418,2006.5,0.17968749999999709,0.10333333333333333
recent,Publication Year,0.013464419831336524,2006.155844155844,0.16355519480518824,-0.02384615384615385
recent,Publication Year,0.008438243941582239,2014.9439775910364,0.5754989495798297,-0.248
recent,Publication Year,0.010009692299193181,2014.6835443037974,0.5632911392404998,0.13433333333333336
recent,Publication Year,0.012214551031776063,2014.8809523809523,0.5725446428571372,0.2442424242424242
recent,Publication Year,0.00518522894574163,2015.0180722891566,0.5789721385542158,0.19727272727272732
recent,Publication Year,0.009825400032345555,2014.9242424242425,0.5745738636363653,0.06716666666666665
recent,Publication Year,0.012284466996943943,2014.7826086956522,0.5679347826086973,0.263030303030303
recent,Publication Year,0.010125012198119038,2015.0,0.5781249999999984,0.18083333333333335
recent,Publication Year,-0.0052624059913430835,2019.5981595092026,0.7936637269938692,0.019374999999999976
recent,Publication Year,-0.012319836793945878,2019.7254901960785,0.7996323529411768,0.0
recent,Publication Year,-0.001959441342688081,2019.5142857142857,0.789732142857143,0.2784745762711864
recent,Publication Year,-0.005325517882042766,2019.462765957447,0.7873171542553222,0.009687500000000016
recent,Publication Year,-0.02252075427779015,2019.9795918367347,0.8115433673469383,-0.155
recent,Publication Year,-0.006371215386932882,2019.5,0.7890624999999992,-0.2228125
recent,Publication Year,-0.017964178757751834,2019.909090909091,0.8082386363636396,-0.14466666666666667
recent,Publication Year,-0.023764538607349086,2023.3701657458564,0.9704765193370192,0.2536363636363637
recent,Publication Year,-0.024775735685562905,2023.5714285714287,0.9799107142857187,-0.08454545454545453
recent,Publication Year,-0.04587240425365906,2023.2631578947369,0.965460526315791,0.31
recent,Publication Year,-0.020005541013917254,2023.5431034482758,0.9785829741379287,0.04428571428571426
recent,Publication Year,-0.02514204154948659,2023.2830188679245,0.9663915094339613,-0.19727272727272727
recent,Publication Year,-0.01224081523671953,2022.84,0.9456249999999959,0.05812499999999998
recent,Publication Year,-0.010576316129374423,2022.8085106382978,0.944148936170208,-0.10333333333333333
recent,Publication Year,-0.011742904528237168,2007.6695035460993,0.2345079787234043,0.23249999999999998
recent,Publication Year,-0.00011532421745740502,2007.4,0.2218750000000015,0.016315789473684228
recent,Publication Year,0.0034187417799597607,2007.8169014084508,0.24141725352112872,-0.31
recent,Publication Year,-0.007138544004031047,2008.1635220125786,0.25766509433961904,0.10849999999999999
recent,Publication Year,-0.0014768370235470787,2008.388349514563,0.26820388349514085,-0.21210526315789474
recent,Publication Year,-0.01200198403698631,2007.0625,0.20605468749999717,0.15499999999999997
recent,Publication Year,-0.0024010904850621873,2006.3668341708542,0.17344535175878723,0.141864406779661
recent,Publication Year,0.011317822573424804,2015.0094212651413,0.5785666218034983,0.06575757575757574
recent,Publication Year,0.01105374426412408,2014.6141732283465,0.5600393700787427,-0.009393939393939399
recent,Publication Year,0.010574601245672555,2015.0051282051281,0.5783653846153797,-0.25363636363636366
recent,Publication Year,0.004018209710337721,2015.0112359550562,0.5786516853932596,-0.11272727272727273
recent,Publication Year,0.010222045003950714,2015.058064516129,0.5808467741935445,0.22733333333333333
recent,Publication Year,0.012509695920989317,2014.8275862068965,0.5700431034482725,0.3006060606060606
recent,Publication Year,0.009700317048073961,2015.1658031088082,0.5858970207253819,0.020666666666666667
recent,Publication Year,-0.004843689176318681,2019.5815384615385,0.7928846153846144,0.12593749999999998
recent,Publication Year,-0.010631595517548937,2019.6666666666667,0.7968750000000029,-0.12055555555555555
recent,Publication Year,-0.00017999972125266398,2019.4888888888888,0.7885416666666628,-0.016315789473684228
recent,Publication Year,-0.0033383633413749583,2019.490476190476,0.7886160714285665,-0.09983050847457628
recent,Publication Year,-0.02020012839784233,2019.8240740740741,0.8042534722222243,-0.04428571428571432
recent,Publication Year,-0.005637516731691059,2019.6363636363637,0.7954545454545495,-0.09687499999999999
recent,Publication Year,-0.002951595568451016,2019.6167664670659,0.794535928143712,-0.04728813559322037
recent,Publication Year,-0.021782742719700317,2023.373860182371,0.9706496960486354,0.15499999999999997
recent,Publication Year,-0.02576643054879519,2023.35,0.9695312499999956,-0.25363636363636366
recent,Publication Year,-0.04000234685836307,2023.3450704225352,0.9693001760563361,-0.31
recent,Publication Year,-0.01841800337040404,2023.5348837209303,0.9781976744186095,-0.186
recent,Publication Year,-0.027223760019367892,2023.3846153846155,0.9711538461538501,0.15499999999999997
recent,Publication Year,-0.012022940389902426,2022.875,0.9472656249999998,0.11625000000000002
recent,Publication Year,-0.04086913558930332,2023.258426966292,0.9652387640449404,0.0
collection_size,Number of Papers,0.013488697153296616,6.548219102762372,0.8894612283409178,-0.10333333333333333
collection_size,Number of Papers,-0.017359982081390404,4.110873864173311,0.519196931230314,0.062
collection_size,Number of Papers,0.006880494757018762,5.43372200355424,0.7201546900070266,0.20414634146341465
collection_size,Number of Papers,0.0062737382329016485,5.442417710521793,0.7214756804753628,-0.007560975609756104
collection_size,Number of Papers,0.0004283458723592955,4.442651256490317,0.5695982125172269,-0.12916666666666665
collection_size,Number of Papers,-0.002486293671310019,3.58351893845611,0.43908489055300415,0.08536231884057971
collection_size,Number of Papers,0.006237333035546703,5.342334251964811,0.706271707378613,-0.052926829268292674
collection_size,Number of Papers,0.0064361725190591685,5.69035945432406,0.7591412413650739,0.06804878048780488
collection_size,Number of Papers,0.0018461443538807273,2.9444389791664403,0.34200037081510964,-0.2846938775510204
collection_size,Number of Papers,-0.0038620627118446395,3.688879454113936,0.4550905169433954,0.23705882352941182
collection_size,Number of Papers,0.002316613501091136,4.634728988229636,0.598777306724754,-0.10755102040816328
collection_size,Number of Papers,0.0005623559171692916,4.406719247264253,0.5641396751179203,-0.06888888888888889
collection_size,Number of Papers,-0.0030626520111918733,2.302585092994046,0.2444944556707676,-0.03144927536231884
collection_size,Number of Papers,0.019375743045304112,4.290459441148391,0.5464783053980427,0.2411111111111111
collection_size,Number of Papers,-0.0014686697222926297,2.1972245773362196,0.22848882928037625,-0.20788235294117646
collection_size,Number of Papers,0.0010874987117431365,3.044522437723423,0.3572043439118595,0.09472222222222221
collection_size,Number of Papers,-0.00803009803569925,3.8918202981106265,0.4859198585433428,0.04043478260869565
collection_size,Number of Papers,0.004177550866641726,5.37989735354046,0.7119780288229453,-0.020666666666666667
collection_size,Number of Papers,0.006852749981473151,5.37989735354046,0.7119780288229453,0.17390243902439023
collection_size,Number of Papers,0.001237802525029076,1.791759469228055,0.16689342995834508,0.13777777777777778
collection_size,Number of Papers,0.00445423922766774,4.653960350157523,0.6016987995826271,0.0723333333333333
collection_size,Number of Papers,-0.02065430176699518,4.110873864173311,0.519196931230314,0.09117647058823525
collection_size,Number of Papers,0.01734363290722052,1.0986122886681098,0.061595399322031154,0.062
collection_size,Number of Papers,-0.0030668510438366637,2.1972245773362196,0.22848882928037625,-0.04043478260869565
collection_size,Number of Papers,-0.018292863948842657,4.07753744390572,0.5141326973978886,0.2657142857142856
collection_size,Number of Papers,-0.0040174358892461435,2.5649493574615367,0.2843509841723398,0.16411764705882353
collection_size,Number of Papers,-0.00015436506973313488,3.1780538303479458,0.37748949123097303,0.2954117647058823
collection_size,Number of Papers,-0.018709643873374558,4.07753744390572,0.5141326973978886,0.13285714285714284
collection_size,Number of Papers,0.0009738117352291375,4.795790545596741,0.6232446424906928,0.017222222222222194
collection_size,Number of Papers,0.002713455710913757,4.700480365792417,0.608765792234271,-0.0189795918367347
collection_size,Number of Papers,-0.00011980140687851966,3.367295829986474,0.40623780101926016,0.31
collection_size,Number of Papers,-0.0073822973896206226,3.610917912644224,0.443247149456132,0.31
collection_size,Number of Papers,-0.0007296850989842876,3.49650756146648,0.42586673588553436,0.062
collection_size,Number of Papers,-0.004448837693082455,2.1972245773362196,0.22848882928037625,0.04254901960784313
collection_size,Number of Papers,-0.005013139200085872,3.4657359027997265,0.42119212254525584,-0.17627450980392156
collection_size,Number of Papers,-0.004055970819926738,2.4849066497880004,0.27219146059465904,0.13980392156862748
collection_size,Number of Papers,0.0038187498067475383,2.8903717578961645,0.33378685991669016,-0.155
collection_size,Number of Papers,-0.0035083630673926674,3.4657359027997265,0.42119212254525584,-0.18420289855072464
collection_size,Number of Papers,-0.004675575337641954,3.871201010907891,0.482787521867287,-0.018235294117647072
collection_size,Number of Papers,-0.011070744023839812,3.8918202981106265,0.4859198585433428,0.22142857142857136
collection_size,Number of Papers,0.027072692680067362,1.3862943611198906,0.10529803063631396,0.31
collection_size,Number of Papers,-0.006883421321093767,3.58351893845611,0.43908489055300415,-0.21565217391304348
collection_size,Number of Papers,-0.006254924173293086,3.4339872044851463,0.4163690842331168,-0.013478260869565217
collection_size,Number of Papers,0.018548810118519544,0.6931471805599453,0.0,-0.2411111111111111
collection_size,Number of Papers,-0.007052222641136898,3.6375861597263857,0.44729840145142363,-0.28304347826086956
collection_size,Number of Papers,0.026628099703961332,1.0986122886681098,0.061595399322031154,-0.31
collection_size,Number of Papers,0.024577985087134213,1.6094379124341005,0.13919642503445365,0.0
collection_size,Number of Papers,-0.006752808691845508,2.772588722239781,0.31589409190894185,-0.1617391304347826
collection_size,Number of Papers,-0.005818220649477248,3.218875824868201,0.3836908807052213,0.20217391304347826
collection_size,Number of Papers,-0.0069874811690079,3.80666248977032,0.4729832849511439,-0.25608695652173913
collection_size,Number of Papers,0.0005874401174341026,1.9459101490553132,0.19031091395351443,-0.051666666666666694
collection_size,Number of Papers,-0.0035485690457015585,2.995732273553991,0.34979248630708154,-0.21115942028985507
collection_size,Number of Papers,0.0003218965676187137,2.5649493574615367,0.2843509841723398,-0.17222222222222222
collection_size,Number of Papers,0.017888535908789204,1.0986122886681098,0.061595399322031154,0.31
collection_size,Number of Papers,-0.003944074463713807,2.772588722239781,0.31589409190894185,0.18843137254901965
collection_size,Number of Papers,-0.0021567785978322223,4.30406509320417,0.5485451800924461,0.25608695652173913
collection_size,Number of Papers,-0.000305600642310445,2.0794415416798357,0.2105960612726279,0.22247058823529414
collection_size,Number of Papers,-0.0011129582910332516,3.295836866004329,0.39538225923872133,-0.10576470588235296
collection_size,Number of Papers,-0.0009276353186874348,3.332204510175204,0.4009069752261423,-0.018235294117647072
collection_size,Number of Papers,0.0135609869756341,1.3862943611198906,0.10529803063631396,-0.034444444444444444
collection_size,Number of Papers,0.01520148063459803,1.3862943611198906,0.10529803063631396,-0.186
collection_size,Number of Papers,-0.00015558081488359376,3.218875824868201,0.3836908807052213,0.28811764705882353
collection_size,Number of Papers,0.007236378293556826,5.087596335232384,0.6675737198333803,-0.25608695652173913
collection_size,Number of Papers,8.022647019132362e-05,2.6390573296152584,0.29560894458982834,-0.24972222222222223
collection_size,Number of Papers,-0.01869197927652152,4.174387269895637,0.5288454398431073,0.1771428571428571
collection_size,Number of Papers,-0.00110499655670916,3.688879454113936,0.4550905169433954,-0.08388235294117646
collection_size,Number of Papers,-0.0022780923763265457,2.8903717578961645,0.33378685991669016,0.19318840579710145
collection_size,Number of Papers,-0.004888364852764474,2.3978952727983707,0.25897330592718937,-0.11549019607843136
collection_size,Number of Papers,-0.0057772098844892745,3.871201010907891,0.482787521867287,0.2291304347826087
collection_size,Number of Papers,0.010402499629810737,6.0330862217988015,0.8112058744957849,0.08454545454545453
collection_size,Number of Papers,-0.001408668738986424,3.4657359027997265,0.42119212254525584,-0.186
collection_size,Number of Papers,0.001275238046485066,4.762173934797756,0.6181378440890299,0.15499999999999997
collection_size,Number of Papers,0.009815816723295036,5.0106352940962555,0.6558823412998802,-0.08454545454545453
collection_size,Number of Papers,-0.0189506287488769,4.0943445622221,0.5166859162654266,0.04428571428571426
collection_size,Number of Papers,-0.00041090101789743703,3.044522437723423,0.3572043439118595,0.17870588235294116
collection_size,Number of Papers,0.00111557377733113,4.787491742782046,0.6219839469017406,0.11194444444444446
collection_size,Number of Papers,0.01412945344666338,6.523562306149512,0.8857155417133865,0.17222222222222222
collection_size,Number of Papers,-0.00299092805379773,4.454347296253507,0.5713749923813721,0.004492753623188406
collection_size,Number of Papers,0.00786864638720865,5.214935757608986,0.6869182267067836,-0.04043478260869565
collection_size,Number of Papers,0.003504309657612117,5.521460917862246,0.7334833670123028,0.29734693877551016
collection_size,Number of Papers,0.0014994130175477983,4.605170185988092,0.5942869419778493,0.23249999999999998
collection_size,Number of Papers,-0.00016068844282627882,3.295836866004329,0.39538225923872133,0.28082352941176464
collection_size,Number of Papers,0.006608338918392381,5.099866427824199,0.6694377057542342,0.12853658536585366
collection_size,Number of Papers,0.0050238226671138675,5.71042701737487,0.7621897639994923,0.186
collection_size,Number of Papers,-0.001132358211637708,3.5263605246161616,0.4304017874827732,-0.11305882352941177
collection_size,Number of Papers,-0.0011671091577821872,3.1780538303479458,0.37748949123097303,-0.12764705882352942
collection_size,Number of Papers,0.00036991374464091954,4.653960350157523,0.6016987995826271,-0.155
collection_size,Number of Papers,-0.00032744319014407227,4.543294782270004,0.5848872670760799,0.21517647058823525
collection_size,Number of Papers,-0.0028761255632100886,2.772588722239781,0.31589409190894185,0.03144927536231884
collection_size,Number of Papers,-0.017948596194857593,4.127134385045092,0.5216671148694308,-0.186
collection_size,Number of Papers,-0.003076329267706689,3.5553480614894135,0.434805369624282,-0.058405797101449275
collection_size,Number of Papers,-0.017970261377437336,4.204692619390966,0.5334492147831215,-0.22733333333333333
collection_size,Number of Papers,-0.002263615163205811,4.465908118654584,0.5731312309776052,0.21115942028985507
collection_size,Number of Papers,0.0019642164414206235,4.727387818712341,0.6128533826932245,-0.22142857142857142
collection_size,Number of Papers,0.006534715968285144,5.43372200355424,0.7201546900070266,0.09829268292682924
collection_size,Number of Papers,-0.0021773297751749954,2.70805020110221,0.3060898549927987,0.2381159420289855
collection_size,Number of Papers,0.004374393713969669,4.61512051684126,0.595798526057542,0.020666666666666667
collection_size,Number of Papers,-0.0019288964991302812,4.543294782270004,0.5848872670760799,0.31
collection_size,Number of Papers,0.016921866517517085,1.3862943611198906,0.10529803063631396,0.0
collection_size,Number of Papers,0.016568264718636014,0.6931471805599453,0.0,-0.186
collection_size,Number of Papers,-0.01098254536925256,3.951243718581427,0.49494704544496765,-0.31
collection_size,Number of Papers,-0.00022558830677852132,3.258096538021482,0.3896490148086537,0.2516470588235294
collection_size,Number of Papers,-0.017146669470012324,4.248495242049359,0.540103400260596,0.186
collection_size,Number of Papers,0.00038034303495502737,4.499809670330265,0.5782813155874578,-0.1463888888888889
collection_size,Number of Papers,-0.014139259479722898,3.7612001156935624,0.4660769617450582,-0.186
collection_size,Number of Papers,-0.0004419975982395554,4.672828834461906,0.6045651666314531,0.16411764705882353
collection_size,Number of Papers,0.003929504500492954,3.49650756146648,0.42586673588553436,-0.10333333333333333
collection_size,Number of Papers,-0.00469651571784272,3.737669618283368,0.46250237454817344,-0.04254901960784313
collection_size,Number of Papers,-0.00038532860679682887,3.4657359027997265,0.42119212254525584,0.186
collection_size,Number of Papers,-0.011038942080744019,3.9318256327243257,0.49199718680480425,0.31
collection_size,Number of Papers,0.0016623312389814609,3.4657359027997265,0.42119212254525584,0.31
collection_size,Number of Papers,-0.0026725655833736623,3.1780538303479458,0.37748949123097303,0.06739130434782609
collection_size,Number of Papers,-0.004361144781093827,3.5263605246161616,0.4304017874827732,0.06686274509803924
collection_size,Number of Papers,-1.2789031308505219e-05,3.5553480614894135,0.434805369624282,-0.27555555555555555
collection_size,Number of Papers,0.0009900267565932078,2.6390573296152584,0.29560894458982834,0.034444444444444444
collection_size,Number of Papers,-0.0047619482311136,2.995732273553991,0.34979248630708154,-0.06686274509803919
collection_size,Number of Papers,0.02839109457185146,1.0986122886681098,0.061595399322031154,0.31
collection_size,Number of Papers,-0.008093302960238625,2.5649493574615367,0.2843509841723398,-0.013478260869565217
collection_size,Number of Papers,-0.007630521002494617,2.5649493574615367,0.2843509841723398,0.17521739130434782
collection_size,Number of Papers,-0.008074563783568862,2.5649493574615367,0.2843509841723398,0.013478260869565217
collection_size,Number of Papers,-0.005953193617631221,1.791759469228055,0.16689342995834508,0.12130434782608696
collection_size,Number of Papers,-0.004683143813383774,2.0794415416798357,0.2105960612726279,-0.0303921568627451
collection_size,Number of Papers,0.0308375006868728,1.6094379124341005,0.13919642503445365,-0.31
collection_size,Number of Papers,0.00283873102670052,4.605170185988092,0.5942869419778493,0.06959183673469388
collection_size,Number of Papers,0.0001245393521187992,2.6390573296152584,0.29560894458982834,-0.2152777777777778
collection_size,Number of Papers,-0.007941684648833018,3.367295829986474,0.40623780101926016,0.09434782608695652
collection_size,Number of Papers,-0.0002992930039359674,3.5263605246161616,0.4304017874827732,0.22976470588235293
collection_size,Number of Papers,-0.003650593560144041,2.5649493574615367,0.2843509841723398,-0.27405797101449275
collection_size,Number of Papers,-0.0036121289625497413,2.0794415416798357,0.2105960612726279,-0.2381159420289855
collection_size,Number of Papers,-0.001565751027901145,3.4011973816621555,0.4113878856291127,-0.2516470588235294
collection_size,Number of Papers,0.004435172572226769,5.247024072160486,0.6917928571221913,0.062
collection_size,Number of Papers,0.0015090717179397518,3.258096538021482,0.3896490148086537,0.2411111111111111
collection_size,Number of Papers,-0.01819433863793604,4.060443010546419,0.511535831655574,-0.31
collection_size,Number of Papers,-0.013838780788939622,3.970291913552122,0.4978407128706512,-0.062
collection_size,Number of Papers,-0.003025756819551931,3.4657359027997265,0.42119212254525584,-0.004492753623188406
collection_size,Number of Papers,-0.0022990182912240175,2.1972245773362196,0.22848882928037625,0.18420289855072464
collection_size,Number of Papers,-0.00490583257754158,3.80666248977032,0.4729832849511439,-0.1276470588235294
collection_size,Number of Papers,0.004881785384609749,5.389071729816501,0.7133717353563878,0.15499999999999997
collection_size,Number of Papers,0.0015946702556506646,3.1354942159291497,0.3710241347978417,0.2841666666666666
collection_size,Number of Papers,-0.000545088951956568,4.31748811353631,0.5505843106635663,0.11305882352941177
collection_size,Number of Papers,-0.005086954160363817,4.382026634673881,0.5603885475797095,-0.20058823529411762
collection_size,Number of Papers,-0.00375668578287651,3.367295829986474,0.40623780101926016,0.28568627450980394
collection_size,Number of Papers,0.015480045712587948,1.3862943611198906,0.10529803063631396,0.062
collection_size,Number of Papers,-0.011074808763692484,3.912023005428146,0.48898891134153516,0.13285714285714284
collection_size,Number of Papers,0.006001107009443068,5.147494476813453,0.6766730230176861,-0.12853658536585366
collection_size,Number of Papers,-0.0004769013513938043,3.1354942159291497,0.3710241347978417,0.13494117647058823
collection_size,Number of Papers,-0.001564376976881537,3.091042453358316,0.36427133656350336,-0.2443529411764706
collection_size,Number of Papers,-0.0037440406289282057,4.418840607796598,0.5659810667133641,0.31
collection_size,Number of Papers,-0.0016911640613876007,3.258096538021482,0.3896490148086537,-0.26623529411764707
collection_size,Number of Papers,-0.0009618946369502484,1.791759469228055,0.16689342995834508,-0.040117647058823536
collection_size,Number of Papers,-0.003823012106050161,3.6635616461296463,0.45124441413068483,0.2492156862745098
collection_size,Number of Papers,0.013781522477266635,6.541029999189903,0.8883691104337079,0.10333333333333333
collection_size,Number of Papers,0.00046204836454555656,4.812184355372417,0.6257350744399514,-0.11194444444444446
collection_size,Number of Papers,0.00562320313912871,5.0689042022202315,0.6647341428289962,-0.2646341463414634
collection_size,Number of Papers,0.0032130590707830494,5.337538079701318,0.7055431067175956,0.18346938775510202
collection_size,Number of Papers,0.002792312360090015,4.795790545596741,0.6232446424906928,0.018979591836734644
collection_size,Number of Papers,0.0006007285305046898,3.1780538303479458,0.37748949123097303,-0.04305555555555557
collection_size,Number of Papers,0.00509544004838356,5.241747015059643,0.6909912038285497,0.21700000000000003
collection_size,Number of Papers,0.01228024360356551,5.945420608606575,0.7978883328789969,0.25833333333333336
collection_size,Number of Papers,-0.015175008973183541,4.007333185232471,0.503467761597957,-0.10333333333333333
collection_size,Number of Papers,-0.011374489686426549,3.912023005428146,0.48898891134153516,-0.04428571428571432
collection_size,Number of Papers,-0.004542769686839114,4.442651256490317,0.5695982125172269,0.018235294117647072
collection_size,Number of Papers,0.0028368760673820013,4.770684624465665,0.6194307280342026,0.05693877551020404
collection_size,Number of Papers,-0.0034001312195543545,2.6390573296152584,0.29560894458982834,-0.13927536231884058
collection_size,Number of Papers,0.0022694921913942873,4.624972813284271,0.5972952174411182,-0.12020408163265306
collection_size,Number of Papers,-0.011219159587356637,3.951243718581427,0.49494704544496765,0.04428571428571426
collection_size,Number of Papers,0.005852285783104795,5.017279836814924,0.6568917333631784,-0.20414634146341465
collection_size,Number of Papers,0.0005523783305891537,4.867534450455582,0.6341434704794213,-0.07750000000000001
collection_size,Number of Papers,-0.006840057022775526,3.8918202981106265,0.4859198585433428,-0.20217391304347826
collection_size,Number of Papers,0.0039771706170740615,5.241747015059643,0.6909912038285497,-0.093
collection_size,Number of Papers,-0.00036838643367951597,2.5649493574615367,0.2843509841723398,0.19329411764705878
collection_size,Number of Papers,-0.0012734778339370666,4.465908118654584,0.5731312309776052,-0.16411764705882353
collection_size,Number of Papers,-0.021254222537436817,4.110873864173311,0.519196931230314,-0.0911764705882353
collection_size,Number of Papers,0.012303640889808025,0.6931471805599453,0.0,0.31
collection_size,Number of Papers,0.019905739287479237,1.6094379124341005,0.13919642503445365,-0.31
collection_size,Number of Papers,-0.005836358450730142,3.8501476017100584,0.47958923643976586,0.1482608695652174
collection_size,Number of Papers,-0.006716515196239422,3.871201010907891,0.482787521867287,-0.12130434782608696
collection_size,Number of Papers,-0.002337092639720218,4.418840607796598,0.5659810667133641,0.17521739130434782
collection_size,Number of Papers,-0.011938473308237526,3.951243718581427,0.49494704544496765,-0.13285714285714287
collection_size,Number of Papers,-0.0015832588967858614,1.791759469228055,0.16689342995834508,-0.25894117647058823
collection_size,Number of Papers,-0.002457542576020946,4.532599493153256,0.583262514191462,0.11231884057971014
collection_size,Number of Papers,-0.0035128580395744017,3.871201010907891,0.482787521867287,-0.19318840579710145
collection_size,Number of Papers,-0.008674962282154294,2.5649493574615367,0.2843509841723398,-0.20217391304347826
collection_size,Number of Papers,-0.0036528225674843625,3.871201010907891,0.482787521867287,-0.28304347826086956
collection_size,Number of Papers,0.017587040773260898,1.3862943611198906,0.10529803063631396,0.186
collection_size,Number of Papers,-0.0007557881999461724,3.295836866004329,0.39538225923872133,0.05470588235294116
collection_size,Number of Papers,-7.323014966845751e-05,3.5263605246161616,0.4304017874827732,-0.31
collection_size,Number of Papers,-0.0014254612144685005,3.5263605246161616,0.4304017874827732,-0.20058823529411765
collection_size,Number of Papers,0.0007253240225109286,3.1354942159291497,0.3710241347978417,-0.008611111111111125
collection_size,Number of Papers,0.00656289317908458,0.6931471805599453,0.0,0.11341463414634145
collection_size,Number of Papers,-0.006199758921878354,2.5649493574615367,0.2843509841723398,0.013478260869565217
collection_size,Number of Papers,0.029790293301947636,1.3862943611198906,0.10529803063631396,0.0
collection_size,Number of Papers,-0.00777396595994023,1.9459101490553132,0.19031091395351443,0.1482608695652174
collection_size,Number of Papers,-0.005995734738424057,2.1972245773362196,0.22848882928037625,0.10782608695652174
collection_size,Number of Papers,-0.008252622661151095,1.9459101490553132,0.19031091395351443,-0.09434782608695652
collection_size,Number of Papers,-0.0054715414312642985,1.791759469228055,0.16689342995834508,-0.29784313725490197
collection_size,Number of Papers,-0.008252622661151095,1.9459101490553132,0.19031091395351443,-0.06739130434782609
collection_size,Number of Papers,0.0037218029526274923,4.983606621708336,0.6517763360343566,-0.22733333333333333
collection_size,Number of Papers,-0.0004367393575866112,3.6635616461296463,0.45124441413068483,0.17141176470588232
collection_size,Number of Papers,-0.0012578722389553316,3.737669618283368,0.46250237454817344,-0.1568235294117647
collection_size,Number of Papers,-0.00407756065418688,3.828641396489095,0.4763221654341557,0.12764705882352945
collection_size,Number of Papers,-0.006703689427454842,2.302585092994046,0.2444944556707676,-0.10782608695652174
collection_size,Number of Papers,0.022007868682765136,1.0986122886681098,0.061595399322031154,0.0
collection_size,Number of Papers,-0.013706643291111112,3.9318256327243257,0.49199718680480425,0.062
collection_size,Number of Papers,0.00448462618278048,5.648974238161206,0.7528542912315016,0.08266666666666667
collection_size,Number of Papers,-0.005799257992270755,3.8918202981106265,0.4859198585433428,0.21565217391304353
collection_size,Number of Papers,-0.0013864741240402064,4.406719247264253,0.5641396751179203,-0.1787058823529412
collection_size,Number of Papers,-0.021098272693214393,4.219507705176107,0.5356998181190872,-0.018235294117647072
collection_size,Number of Papers,-0.019081394161056323,4.04305126783455,0.5088938007734548,-0.04428571428571432
collection_size,Number of Papers,-0.0037018608531591236,2.5649493574615367,0.2843509841723398,-0.31
collection_size,Number of Papers,-0.018953934785729664,4.219507705176107,0.5356998181190872,0.0
collection_size,Number of Papers,0.003923768439218767,5.327876168789581,0.704075337361068,-0.11366666666666667
collection_size,Number of Papers,-0.0004702180515038089,3.4339872044851463,0.4163690842331168,0.14223529411764707
collection_size,Number of Papers,-0.005322921888720251,3.49650756146648,0.42586673588553436,-0.2492156862745098
collection_size,Number of Papers,-0.014693770352955361,4.276666119016055,0.5443829211893181,0.31
collection_size,Number of Papers,-0.004671884379416111,3.6635616461296463,0.45124441413068483,-0.006078431372548987
collection_size,Number of Papers,0.019905739287479237,1.3862943611198906,0.10529803063631396,-0.22142857142857142
collection_size,Number of Papers,-0.0184131857698337,4.007333185232471,0.503467761597957,0.22142857142857136
collection_size,Number of Papers,-0.01792687649131977,4.04305126783455,0.5088938007734548,-0.14466666666666667
collection_size,Number of Papers,0.0202663472069049,1.3862943611198906,0.10529803063631396,-0.04428571428571432
collection_size,Number of Papers,0.010067147778447662,0.6931471805599453,0.0,0.028181818181818197
collection_size,Number of Papers,-0.0010203131111646733,3.091042453358316,0.36427133656350336,-0.062
collection_size,Number of Papers,-0.007492930018690895,2.70805020110221,0.3060898549927987,0.25608695652173913
collection_size,Number of Papers,0.0206949067062314,1.3862943611198906,0.10529803063631396,0.22142857142857136
collection_size,Number of Papers,-0.005090185380807141,2.70805020110221,0.3060898549927987,-0.21274509803921568
collection_size,Number of Papers,0.01410621699051802,6.52795791762255,0.8863832920044278,0.13777777777777778
collection_size,Number of Papers,0.004013262007502656,5.087596335232384,0.6675737198333803,-0.07233333333333333
collection_size,Number of Papers,0.006997274568720825,5.062595033026967,0.6637756983461588,0.24951219512195116
collection_size,Number of Papers,-0.000781681336502555,4.7535901911063645,0.616833862291888,0.04741176470588232
collection_size,Number of Papers,0.012676878867550466,5.099866427824199,0.6694377057542342,-0.31
collection_size,Number of Papers,-0.0024719632633487818,2.4849066497880004,0.27219146059465904,0.09434782608695652
collection_size,Number of Papers,0.004238828544209914,5.1647859739235145,0.6792998252950497,-0.010333333333333361
collection_size,Number of Papers,0.009174197665375852,6.135564891081739,0.8267737111116767,-0.31
collection_size,Number of Papers,-0.0007034281603120523,4.5217885770490405,0.5816201960704697,0.06929411764705884
collection_size,Number of Papers,8.61615757153131e-05,4.330733340286331,0.5525964320877376,-0.2411111111111111
collection_size,Number of Papers,0.0015652416799776209,3.713572066704308,0.4588416444816063,0.2669444444444445
collection_size,Number of Papers,0.011647552021368112,5.043425116919247,0.6608635399038845,0.0
collection_size,Number of Papers,-0.0028749778012338864,2.3978952727983707,0.25897330592718937,0.04043478260869565
collection_size,Number of Papers,0.0013815133818557684,4.867534450455582,0.6341434704794213,0.18083333333333335
collection_size,Number of Papers,0.010629058601506074,5.541263545158426,0.7364916424755719,0.14090909090909093
collection_size,Number of Papers,0.0011001878013224783,4.976733742420574,0.6507322566900277,0.10333333333333333
collection_size,Number of Papers,-0.012976753671305796,3.9318256327243257,0.49199718680480425,0.31
collection_size,Number of Papers,-0.0024120562956165634,2.3978952727983707,0.25897330592718937,0.12130434782608696
collection_size,Number of Papers,-5.2289798638396945e-05,4.634728988229636,0.598777306724754,-0.2841666666666667
collection_size,Number of Papers,0.0014277509883489578,2.8903717578961645,0.33378685991669016,0.21527777777777773
collection_size,Number of Papers,-0.017121046803683853,3.912023005428146,0.48898891134153516,0.22733333333333333
collection_size,Number of Papers,-0.0005065439727313272,3.091042453358316,0.36427133656350336,0.1276470588235294
collection_size,Number of Papers,-0.0036955396374152793,3.1780538303479458,0.37748949123097303,-0.3010144927536232
collection_size,Number of Papers,-0.020317357760640527,4.248495242049359,0.540103400260596,0.2370588235294117
collection_size,Number of Papers,-0.0005745330555637571,3.258096538021482,0.3896490148086537,0.0911764705882353
collection_size,Number of Papers,0.004157000016325094,1.9459101490553132,0.19031091395351443,-0.030999999999999972
collection_size,Number of Papers,0.00015166916246290473,4.477336814478207,0.5748673978361313,-0.20666666666666667
collection_size,Number of Papers,-0.009047870361120845,3.8501476017100584,0.47958923643976586,-0.25608695652173913
collection_size,Number of Papers,-0.01062441701013228,3.332204510175204,0.4009069752261423,-0.155
collection_size,Number of Papers,-0.0018201105255424928,3.6635616461296463,0.45124441413068483,-0.2808235294117647
collection_size,Number of Papers,-0.0003620544140220516,2.6390573296152584,0.29560894458982834,0.20058823529411768
collection_size,Number of Papers,-0.012350905155271473,4.276666119016055,0.5443829211893181,-0.22142857142857142
collection_size,Number of Papers,0.003330906484631174,2.5649493574615367,0.2843509841723398,0.20877551020408164
collection_size,Number of Papers,0.036029837849771436,0.6931471805599453,0.0,0.31
collection_size,Number of Papers,-0.0013088231948402119,1.9459101490553132,0.19031091395351443,-0.17141176470588235
collection_size,Number of Papers,0.031933118676779296,0.6931471805599453,0.0,0.31
collection_size,Number of Papers,0.03290018937336352,1.0986122886681098,0.061595399322031154,-0.31
collection_size,Number of Papers,0.03796343849730252,1.3862943611198906,0.10529803063631396,-0.31
collection_size,Number of Papers,0.034302954546023216,1.3862943611198906,0.10529803063631396,0.31
collection_size,Number of Papers,0.0342001721906063,1.6094379124341005,0.13919642503445365,0.0
collection_size,Number of Papers,0.004409388807971374,6.025865973825314,0.8101090253508458,0.051666666666666694
collection_size,Number of Papers,0.0021648154257597973,4.700480365792417,0.608765792234271,-0.14551020408163268
collection_size,Number of Papers,0.005182111847856668,4.804021044733257,0.6244949618666279,0.26866666666666666
collection_size,Number of Papers,-0.02565035439002251,4.189654742026425,0.5311647665218484,0.31
collection_size,Number of Papers,0.005195434904412067,4.343805421853684,0.5545822505170178,0.27899999999999997
collection_size,Number of Papers,0.019284900413848904,1.6094379124341005,0.13919642503445365,0.17222222222222222
collection_size,Number of Papers,0.0010751916125992364,4.624972813284271,0.5972952174411182,0.07750000000000001
collection_size,Number of Papers,0.004003830170317354,5.272999558563747,0.6957388698014525,-0.08266666666666667
collection_size,Number of Papers,-0.013508145229791208,3.784189633918261,0.4695693671998173,0.186
collection_size,Number of Papers,-0.006131326294374514,3.332204510175204,0.4009069752261423,0.05391304347826087
collection_size,Number of Papers,-0.0006933023435353882,3.367295829986474,0.40623780101926016,0.07658823529411762
collection_size,Number of Papers,-0.021333345550720324,4.127134385045092,0.5216671148694308,-0.20058823529411765
collection_size,Number of Papers,0.02034765151843346,1.0986122886681098,0.061595399322031154,0.04428571428571426
collection_size,Number of Papers,-0.018826085288838584,4.007333185232471,0.503467761597957,0.08857142857142852
collection_size,Number of Papers,-0.01980795133433569,4.143134726391533,0.5240977738702046,-0.17714285714285716
collection_size,Number of Papers,0.0029287573226843503,1.9459101490553132,0.19031091395351443,0.09489795918367344
collection_size,Number of Papers,0.0024841423527820696,1.9459101490553132,0.19031091395351443,-0.04428571428571432
collection_size,Number of Papers,0.00034577979452929554,2.8903717578961645,0.33378685991669016,-0.1636111111111111
collection_size,Number of Papers,-0.006182140340931287,3.091042453358316,0.36427133656350336,0.04043478260869565
collection_size,Number of Papers,0.021511548308151742,1.0986122886681098,0.061595399322031154,0.31
collection_size,Number of Papers,0.0018968185885599106,2.6390573296152584,0.29560894458982834,-0.2593877551020408
collection_size,Number of Papers,-0.0011071936462162212,2.4849066497880004,0.27219146059465904,-0.0911764705882353
collection_size,Number of Papers,0.025163830701858195,1.0986122886681098,0.061595399322031154,0.31
collection_size,Number of Papers,0.01883553469779773,1.0986122886681098,0.061595399322031154,0.034444444444444444
collection_size,Number of Papers,0.020508413879840107,1.3862943611198906,0.10529803063631396,0.13285714285714284
collection_size,Number of Papers,0.005659721230126345,6.068425588244111,0.8165743817839772,-0.234390243902439
collection_size,Number of Papers,0.014280723607404719,6.593044534142437,0.8962707917051242,0.2755555555555556
collection_size,Number of Papers,0.008281969133284038,6.690842277418564,0.9111275350584377,0.1482608695652174
collection_size,Number of Papers,0.0066568931961657404,6.152732694704104,0.8293817227468475,0.14365853658536581
collection_size,Number of Papers,0.006292151217985623,5.262690188904886,0.6941727430788379,0.007560975609756104
collection_size,Number of Papers,0.013492531240194814,6.602587892189336,0.8977205513466249,-0.06888888888888889
collection_size,Number of Papers,0.013375590537522037,7.273786317844895,0.9996842819508964,-0.13777777777777778
collection_size,Number of Papers,0.0049530976467877024,5.298317366548036,0.6995849726141631,0.16533333333333333
collection_size,Number of Papers,0.0063819149141653144,5.247024072160486,0.6917928571221913,0.052926829268292674
collection_size,Number of Papers,0.007864314645827947,5.811140992976701,0.7774895207984157,-0.06739130434782609
collection_size,Number of Papers,0.008908184652964536,6.1070228877422545,0.8224378112820981,0.28304347826086956
collection_size,Number of Papers,-0.00828335991703932,3.9318256327243257,0.49199718680480425,-0.12130434782608696
collection_size,Number of Papers,0.01132087497498833,5.905361848054571,0.7918028885258218,-0.155
collection_size,Number of Papers,0.009617330592382085,5.860786223465865,0.785031274047375,-0.1409090909090909
collection_size,Number of Papers,-0.022632189519784178,4.23410650459726,0.5379175647561868,0.062
collection_size,Number of Papers,0.0010204781129840605,4.31748811353631,0.5505843106635663,0.04305555555555557
collection_size,Number of Papers,-0.002187771212999166,3.4339872044851463,0.4163690842331168,0.2291304347826087
collection_size,Number of Papers,0.005924517572834378,4.59511985013459,0.5927601658438796,-0.15878048780487805
collection_size,Number of Papers,-0.0035508264920932316,2.4849066497880004,0.27219146059465904,-0.22014492753623188
collection_size,Number of Papers,0.001889390161822133,4.68213122712422,0.6059783205113493,-0.2720408163265306
collection_size,Number of Papers,0.01371560964619084,5.950642552587727,0.7986816137762289,0.034444444444444444
collection_size,Number of Papers,-0.01746433625500635,4.07753744390572,0.5141326973978886,0.020666666666666667
collection_size,Number of Papers,-0.0067689834549037875,3.8501476017100584,0.47958923643976586,-0.17521739130434782
collection_size,Number of Papers,-0.01001048132134203,3.9318256327243257,0.49199718680480425,0.23249999999999998
collection_size,Number of Papers,0.002388606252291214,4.969813299576001,0.6496809518256321,-0.08224489795918369
collection_size,Number of Papers,0.005626611194602123,2.8903717578961645,0.33378685991669016,-0.24951219512195122
collection_size,Number of Papers,-0.0007999079084392085,4.564348191467836,0.588085552503601,0.040117647058823536
collection_size,Number of Papers,0.008004975351715621,5.75890177387728,0.7695537070961883,0.04043478260869565
collection_size,Number of Papers,-0.0029767115979060445,3.610917912644224,0.443247149456132,0.013478260869565217
collection_size,Number of Papers,-0.0041726353884989666,3.5263605246161616,0.4304017874827732,0.0911764705882353
collection_size,Number of Papers,-0.0017548854363408574,4.499809670330265,0.5782813155874578,-0.2735294117647059
collection_size,Number of Papers,0.0024811280817176496,4.634728988229636,0.598777306724754,-0.0569387755102041
collection_size,Number of Papers,-0.0021332726554851157,2.1972245773362196,0.22848882928037625,0.26507246376811594
collection_size,Number of Papers,-0.0010808804658337201,4.330733340286331,0.5525964320877376,-0.07658823529411765
collection_size,Number of Papers,0.011112476814273919,5.966146739123692,0.8010369004377664,-0.2583333333333333
collection_size,Number of Papers,-0.0015594806088070517,3.5553480614894135,0.434805369624282,-0.23705882352941177
collection_size,Number of Papers,-0.003678167976434804,3.5263605246161616,0.4304017874827732,-0.2920289855072464
collection_size,Number of Papers,0.002979587135542158,5.087596335232384,0.6675737198333803,0.120204081632653
collection_size,Number of Papers,0.0007990594716693363,4.634728988229636,0.598777306724754,0.008611111111111125
collection_size,Number of Papers,-0.0018245259364011695,2.4849066497880004,0.27219146059465904,-0.28811764705882353
collection_size,Number of Papers,-0.001968376148618712,4.465908118654584,0.5731312309776052,0.28304347826086956
collection_size,Number of Papers,0.011153008458763129,6.6039438246004725,0.8979265350346105,-0.20666666666666667
collection_size,Number of Papers,-0.0102099969482141,3.951243718581427,0.49494704544496765,0.07750000000000001
collection_size,Number of Papers,0.009177675082738332,5.8377304471659395,0.7815288031331712,-0.25363636363636366
collection_size,Number of Papers,0.0035110808611182264,5.472270673671475,0.7260107320726016,0.31
collection_size,Number of Papers,-0.0031797374643728286,2.1972245773362196,0.22848882928037625,-0.08536231884057971
collection_size,Number of Papers,-0.0035639048285423464,2.772588722239781,0.31589409190894185,-0.2291304347826087
collection_size,Number of Papers,0.005050525122367779,5.204006687076795,0.6852579593984821,0.2066666666666666
collection_size,Number of Papers,0.007148277355660012,5.056245805348308,0.662811168460768,-0.31
collection_size,Number of Papers,0.003252354028294742,2.9444389791664403,0.34200037081510964,0.1961224489795918
collection_size,Number of Papers,0.0015756538204826408,4.382026634673881,0.5603885475797095,0.2755555555555556
collection_size,Number of Papers,0.007151380035796102,3.713572066704308,0.4588416444816063,-0.28304347826086956
collection_size,Number of Papers,0.016276682114419468,1.0986122886681098,0.061595399322031154,-0.31
collection_size,Number of Papers,-0.006195908704486056,3.828641396489095,0.4763221654341557,0.026956521739130435
collection_size,Number of Papers,0.0015547353392280808,5.313205979041787,0.7018467456090884,0.25833333333333336
collection_size,Number of Papers,-5.675356499723696e-05,3.1354942159291497,0.3710241347978417,-0.3013888888888889
collection_size,Number of Papers,-0.0012177964437504235,4.532599493153256,0.583262514191462,-0.14223529411764707
collection_size,Number of Papers,-0.02061866937527043,4.189654742026425,0.5311647665218484,0.1276470588235294
collection_size,Number of Papers,0.013741541421204475,1.0986122886681098,0.061595399322031154,0.06888888888888889
collection_size,Number of Papers,0.02709489700364172,0.6931471805599453,0.0,-0.31
collection_size,Number of Papers,-0.005570773875224394,3.871201010907891,0.482787521867287,0.31
collection_size,Number of Papers,0.007073428863094389,5.337538079701318,0.7055431067175956,0.2797560975609756
collection_size,Number of Papers,-0.0011851692216769411,1.9459101490553132,0.19031091395351443,-0.13494117647058823
collection_size,Number of Papers,0.004381256762101509,4.61512051684126,0.595798526057542,0.030999999999999972
collection_size,Number of Papers,-0.004928978707389322,4.30406509320417,0.5485451800924461,-0.13980392156862745
collection_size,Number of Papers,0.016086481317867468,0.6931471805599453,0.0,0.31
collection_size,Number of Papers,0.019631640898560284,1.3862943611198906,0.10529803063631396,0.31
collection_size,Number of Papers,-0.0030325367378901276,3.6375861597263857,0.44729840145142363,-0.013478260869565217
collection_size,Number of Papers,0.004110943030458753,5.135798437050262,0.6748962431535408,-0.062
collection_size,Number of Papers,0.018877064465737656,1.0986122886681098,0.061595399322031154,0.10333333333333333
collection_size,Number of Papers,-0.01829134404883862,4.23410650459726,0.5379175647561868,0.31
collection_size,Number of Papers,-0.020535058742392535,4.04305126783455,0.5088938007734548,0.16411764705882353
collection_size,Number of Papers,-0.00293750968581892,2.302585092994046,0.2444944556707676,0.02246376811594203
collection_size,Number of Papers,-0.010676241245871987,3.912023005428146,0.48898891134153516,-0.23249999999999998
collection_size,Number of Papers,0.005436952436524077,5.986452005284438,0.8041215332520346,-0.2948780487804878
collection_size,Number of Papers,0.00348730107086295,5.056245805348308,0.662811168460768,0.2720408163265306
collection_size,Number of Papers,-0.0008929483634187972,4.787491742782046,0.6219839469017406,-0.003647058823529392
collection_size,Number of Papers,0.00318469655668187,5.0238805208462765,0.6578944627240516,0.1581632653061224
collection_size,Number of Papers,-0.005109426254056848,2.70805020110221,0.3060898549927987,-0.22490196078431374
collection_size,Number of Papers,0.0005452610140728393,4.653960350157523,0.6016987995826271,-0.08611111111111111
collection_size,Number of Papers,0.0034626900597678916,4.955827057601261,0.6475562605951876,0.25938775510204076
collection_size,Number of Papers,-0.020275192500378923,4.219507705176107,0.5356998181190872,0.31
collection_size,Number of Papers,-0.010487402956252317,3.688879454113936,0.4550905169433954,0.0
collection_size,Number of Papers,-0.02142318989794626,4.0943445622221,0.5166859162654266,-0.2735294117647059
collection_size,Number of Papers,-0.0060573419309487295,3.4011973816621555,0.4113878856291127,0.0808695652173913
collection_size,Number of Papers,0.0009792942349982747,4.59511985013459,0.5927601658438796,0.02583333333333332
collection_size,Number of Papers,0.012858526653095535,3.713572066704308,0.4588416444816063,-0.27555555555555555
collection_size,Number of Papers,-0.005651840473506183,3.49650756146648,0.42586673588553436,0.2965217391304347
collection_size,Number of Papers,0.003552269318904023,3.6635616461296463,0.45124441413068483,-0.26866666666666666
collection_size,Number of Papers,0.016887765039731165,1.0986122886681098,0.061595399322031154,-0.062
collection_size,Number of Papers,0.004758340261797356,3.218875824868201,0.3836908807052213,0.124
collection_size,Number of Papers,-0.001502276640036512,4.5217885770490405,0.5816201960704697,-0.22247058823529411
collection_size,Number of Papers,0.0013680080280672373,3.4011973816621555,0.4113878856291127,0.17222222222222222
collection_size,Number of Papers,-0.006442941847170582,3.258096538021482,0.3896490148086537,-0.06739130434782609
collection_size,Number of Papers,-0.0002702671361694986,3.4657359027997265,0.42119212254525584,0.2443529411764706
collection_size,Number of Papers,0.020235738848511056,1.6094379124341005,0.13919642503445365,-0.13285714285714287
collection_size,Number of Papers,-0.0004694686267998874,3.4339872044851463,0.4163690842331168,0.14952941176470586
collection_size,Number of Papers,-0.017004538199581056,4.174387269895637,0.5288454398431073,0.26866666666666666
collection_size,Number of Papers,0.003572831629448991,2.8903717578961645,0.33378685991669016,-0.2583333333333333
collection_size,Number of Papers,-0.00675229840615753,3.044522437723423,0.3572043439118595,-0.1482608695652174
collection_size,Number of Papers,0.0015524725128602558,3.044522437723423,0.3572043439118595,0.24972222222222223
collection_size,Number of Papers,-0.0038744531075282193,1.791759469228055,0.16689342995834508,0.22490196078431374
collection_size,Number of Papers,0.0020526142992899478,2.9444389791664403,0.34200037081510964,-0.19612244897959186
collection_size,Number of Papers,-0.006430265491048347,4.48863636973214,0.5765839465701883,-0.05391304347826087
collection_size,Number of Papers,-0.003632810339778645,2.5649493574615367,0.2843509841723398,-0.25608695652173913
collection_size,Number of Papers,-0.02298305883428939,4.07753744390572,0.5141326973978886,-0.186
collection_size,Number of Papers,-0.024725000511923563,4.04305126783455,0.5088938007734548,0.31
collection_size,Number of Papers,0.018548810118519544,0.6931471805599453,0.0,-0.17222222222222222
collection_size,Number of Papers,-0.022761844736318603,4.127134385045092,0.5216671148694308,-0.062
collection_size,Number of Papers,-0.0018359288567912151,2.995732273553991,0.34979248630708154,-0.30270588235294116
collection_size,Number of Papers,-0.00354618452501794,1.9459101490553132,0.19031091395351443,-0.20217391304347826
collection_size,Number of Papers,-0.0053404501406247185,2.3978952727983707,0.25897330592718937,-0.2613725490196078
collection_size,Number of Papers,-0.004078163780757355,2.5649493574615367,0.2843509841723398,0.11549019607843142
collection_size,Number of Papers,-0.005774606356550819,1.9459101490553132,0.19031091395351443,0.24260869565217386
collection_size,Number of Papers,-0.004081525338021044,3.044522437723423,0.3572043439118595,0.10333333333333333
collection_size,Number of Papers,0.016513308355205265,0.6931471805599453,0.0,-0.248
collection_size,Number of Papers,-0.00883237669006113,2.70805020110221,0.3060898549927987,-0.2291304347826087
collection_size,Number of Papers,-0.0069740248272102175,2.5649493574615367,0.2843509841723398,-0.2426086956521739
collection_size,Number of Papers,-0.008527799342759932,2.772588722239781,0.31589409190894185,-0.17521739130434782
collection_size,Number of Papers,-0.003939178303060121,3.091042453358316,0.36427133656350336,0.20058823529411768
collection_size,Number of Papers,-0.00790352751591559,2.772588722239781,0.31589409190894185,0.12130434782608696
collection_size,Number of Papers,-0.005697393408660032,2.6390573296152584,0.29560894458982834,0.28304347826086956
collection_size,Number of Papers,-0.0032302014580566324,2.9444389791664403,0.34200037081510964,-0.09434782608695652
collection_size,Number of Papers,-0.005818220649477248,3.258096538021482,0.3896490148086537,0.18869565217391304
collection_size,Number of Papers,0.03533739591371553,1.0986122886681098,0.061595399322031154,-0.31
collection_size,Number of Papers,-0.009071569000496571,2.833213344056216,0.3251037568464592,-0.31
collection_size,Number of Papers,-0.007344798827881511,2.833213344056216,0.3251037568464592,-0.31
collection_size,Number of Papers,-0.005380238609926193,2.995732273553991,0.34979248630708154,-0.2735294117647059
collection_size,Number of Papers,0.013099612444069706,7.247792581767846,0.9957354969099154,-0.17222222222222222
collection_size,Number of Papers,0.012156457794126045,5.8522024797744745,0.7837272922502332,0.2066666666666666
collection_size,Number of Papers,-0.0005603538780264068,2.995732273553991,0.34979248630708154,0.09847058823529409
collection_size,Number of Papers,0.0069918871888535895,5.153291594497779,0.6775536802469825,0.23439024390243907
collection_size,Number of Papers,-0.006599955527035522,3.4011973816621555,0.4113878856291127,-0.09434782608695652
collection_size,Number of Papers,-0.007342438744987084,3.8918202981106265,0.4859198585433428,-0.2965217391304348
collection_size,Number of Papers,-0.0049481691062120735,2.6390573296152584,0.29560894458982834,-0.15196078431372548
collection_size,Number of Papers,0.002719483177351242,4.955827057601261,0.6475562605951876,-0.006326530612244918
collection_size,Number of Papers,0.0037953836252389737,4.875197323201151,0.6353075600577317,-0.186
collection_size,Number of Papers,0.003551897142162591,4.90527477843843,0.6398767149094889,-0.279
collection_size,Number of Papers,-0.005395954820922655,3.828641396489095,0.4763221654341557,-0.28568627450980394
collection_size,Number of Papers,-0.004728579338551249,3.258096538021482,0.3896490148086537,-0.05470588235294116
collection_size,Number of Papers,-0.004872645650655701,2.772588722239781,0.31589409190894185,-0.09117647058823528
collection_size,Number of Papers,-0.0009408828486597583,3.091042453358316,0.36427133656350336,-0.032823529411764696
collection_size,Number of Papers,0.0038588839759668312,4.59511985013459,0.5927601658438796,-0.14466666666666667
collection_size,Number of Papers,0.0052557904917574115,5.351858133476067,0.7077185082821942,0.31
collection_size,Number of Papers,0.007675059375308352,5.713732805509369,0.762691956015887,-0.17521739130434782
collection_size,Number of Papers,-0.0005183628299029496,3.610917912644224,0.443247149456132,0.12035294117647055
collection_size,Number of Papers,0.004991563534401884,4.969813299576001,0.6496809518256321,0.1756666666666667
collection_size,Number of Papers,0.00022330400847151994,2.995732273553991,0.34979248630708154,-0.19805555555555554
collection_size,Number of Papers,-0.017180562194251063,3.784189633918261,0.4695693671998173,0.14466666666666667
collection_size,Number of Papers,-0.0034606865883224135,1.9459101490553132,0.19031091395351443,-0.166231884057971
collection_size,Number of Papers,0.003758355473882501,4.6913478822291435,0.6073784497462668,-0.19633333333333333
collection_size,Number of Papers,0.0021069061621228832,4.727387818712341,0.6128533826932245,-0.17081632653061224
collection_size,Number of Papers,0.0037218142934524676,4.812184355372417,0.6257350744399514,-0.217
collection_size,Number of Papers,-0.0063162675321489494,3.871201010907891,0.482787521867287,-0.04043478260869565
collection_size,Number of Papers,-0.006248420763418189,2.5649493574615367,0.2843509841723398,0.0
collection_size,Number of Papers,-0.0045996782305336185,3.5263605246161616,0.4304017874827732,0.006078431372549042
collection_size,Number of Papers,-0.0002832435129218899,4.499809670330265,0.5782813155874578,0.2370588235294117
collection_size,Number of Papers,0.004262001191356333,4.709530201312334,0.6101405794144772,0.010333333333333361
collection_size,Number of Papers,-0.01725587352756979,4.219507705176107,0.5356998181190872,0.10333333333333333
collection_size,Number of Papers,-0.024898340057410217,5.736572297479192,0.7661615705401984,-0.10333333333333333
collection_size,Number of Papers,-0.0015489113423939416,3.4657359027997265,0.42119212254525584,-0.22976470588235293
collection_size,Number of Papers,0.003497094804005784,4.787491742782046,0.6219839469017406,0.2846938775510203
collection_size,Number of Papers,-0.0037488624857734553,2.4849066497880004,0.27219146059465904,0.297843137254902
collection_size,Number of Papers,-0.017811906339620348,4.174387269895637,0.5288454398431073,-0.020666666666666667
collection_size,Number of Papers,0.016078209633381333,1.6094379124341005,0.13919642503445365,0.186
collection_size,Number of Papers,0.0027951075483245054,4.844187086458591,0.6305967036189598,0.03163265306122448
collection_size,Number of Papers,0.004756088172166049,5.209486152841421,0.6860903611886591,0.11366666666666664
collection_size,Number of Papers,-0.0008900565946235946,4.5217885770490405,0.5816201960704697,0.003647058823529392
collection_size,Number of Papers,-0.0006681059611385519,3.218875824868201,0.3836908807052213,0.08388235294117646
collection_size,Number of Papers,-0.00672328596723312,1.791759469228055,0.16689342995834508,-0.13478260869565217
collection_size,Number of Papers,-0.006839158567131808,3.871201010907891,0.482787521867287,-0.18869565217391304
collection_size,Number of Papers,0.006304793067562875,5.0689042022202315,0.6647341428289962,0.022682926829268257
collection_size,Number of Papers,-0.0010399579496580638,4.465908118654584,0.5731312309776052,-0.06929411764705884
collection_size,Number of Papers,-0.005825634371341105,2.772588722239781,0.31589409190894185,0.17521739130434782
collection_size,Number of Papers,0.0070084276666405355,5.937536205082426,0.7966905899073465,0.26463414634146337
collection_size,Number of Papers,-0.01928839002492863,3.7612001156935624,0.4660769617450582,-0.13285714285714287
collection_size,Number of Papers,0.003428075254294487,4.8283137373023015,0.6281853363759888,0.2340816326530612
collection_size,Number of Papers,0.0020857258520566276,1.9459101490553132,0.19031091395351443,-0.18346938775510205
collection_size,Number of Papers,0.00607312871994566,4.653960350157523,0.6016987995826271,-0.08317073170731709
collection_size,Number of Papers,0.001318865416052192,4.844187086458591,0.6305967036189598,0.1636111111111111
collection_size,Number of Papers,0.01148304681837584,5.60947179518496,0.7468533587205133,-0.10333333333333333
collection_size,Number of Papers,-0.02341980717847027,4.110873864173311,0.519196931230314,-0.31
collection_size,Number of Papers,-0.008160347799721229,3.4657359027997265,0.42119212254525584,-0.04043478260869565
collection_size,Number of Papers,0.02374338856797107,1.0986122886681098,0.061595399322031154,-0.31
collection_size,Number of Papers,0.008380573716877036,5.4638318050256105,0.7247287586705166,0.17521739130434782
collection_size,Number of Papers,0.0016239304384901472,4.74493212836325,0.6155185904686094,0.29277777777777775
collection_size,Number of Papers,-0.00651998008361459,3.295836866004329,0.39538225923872133,-0.0808695652173913
collection_size,Number of Papers,0.0028149950500976624,4.882801922586371,0.6364627971581623,0.04428571428571426
collection_size,Number of Papers,0.015327413682352693,6.331501849893691,0.8565390718754617,-0.062
collection_size,Number of Papers,-0.018123260553812866,4.23410650459726,0.5379175647561868,-0.26866666666666666
collection_size,Number of Papers,0.012996240592519432,5.572154032177765,0.741184307381033,-0.2411111111111111
collection_size,Number of Papers,0.0017336168762392705,4.5217885770490405,0.5816201960704697,-0.31
collection_size,Number of Papers,0.017421415700741714,6.22455842927536,0.8402929817283096,0.124
collection_size,Number of Papers,-0.007992995550191487,6.551080335043404,0.8898958865676775,0.06739130434782609
collection_size,Number of Papers,-0.0011127790674040836,4.454347296253507,0.5713749923813721,-0.09847058823529412
collection_size,Number of Papers,0.006980105211926052,5.030437921392435,0.6588906167631493,0.21926829268292686
collection_size,Number of Papers,0.001062403762178811,3.295836866004329,0.39538225923872133,0.06888888888888889
collection_size,Number of Papers,0.014864096552443534,5.5254529391317835,0.7340898067263054,-0.31
collection_size,Number of Papers,-0.00403535933045635,2.302585092994046,0.2444944556707676,0.1519607843137255
collection_size,Number of Papers,0.0062637532909335615,5.53338948872752,0.7352954713613451,-0.022682926829268313
collection_size,Number of Papers,0.011764653486918913,5.298317366548036,0.6995849726141631,0.051666666666666694
collection_size,Number of Papers,0.008629449596868849,5.342334251964811,0.706271707378613,0.25608695652173913
collection_size,Number of Papers,0.0029555094956861963,4.997212273764115,0.65384321072876,0.10755102040816322
collection_size,Number of Papers,0.001657639772443107,4.962844630259907,0.648622320735843,0.3013888888888889
collection_size,Number of Papers,0.012121861087052889,6.018593214496234,0.8090041990511481,0.10333333333333333
collection_size,Number of Papers,0.005151035515255984,3.258096538021482,0.3896490148086537,0.25833333333333336
collection_size,Number of Papers,0.007078152957925921,5.666426688112432,0.7555055443292323,0.2948780487804878
collection_size,Number of Papers,-0.0022775127930547098,2.4849066497880004,0.27219146059465904,0.20217391304347826
collection_size,Number of Papers,0.01413947424714602,1.0986122886681098,0.061595399322031154,0.2066666666666666
collection_size,Number of Papers,0.018653665148266833,1.3862943611198906,0.10529803063631396,-0.034444444444444444
collection_size,Number of Papers,0.0004347810064869827,4.948759890378168,0.646482666398111,-0.12055555555555555
collection_size,Number of Papers,0.0011933686203183765,4.330733340286331,0.5525964320877376,0.12916666666666665
collection_size,Number of Papers,-0.0001423112149858746,4.736198448394496,0.6141918314097687,0.3027058823529412
collection_size,Number of Papers,0.003884913375598773,4.795790545596741,0.6232446424906928,-0.13433333333333333
collection_size,Number of Papers,0.0019516473047776987,4.605170185988092,0.5942869419778493,-0.23408163265306123
collection_size,Number of Papers,0.017597353558277806,5.017279836814924,0.6568917333631784,0.24800000000000005
collection_size,Number of Papers,0.005875855749129423,2.8903717578961645,0.33378685991669016,-0.17390243902439023
collection_size,Number of Papers,0.016591894115554773,4.290459441148391,0.5464783053980427,-0.124
collection_size,Number of Papers,0.006481277585232628,1.0986122886681098,0.061595399322031154,0.08317073170731709
collection_size,Number of Papers,-0.004374168866918766,2.0794415416798357,0.2105960612726279,0.054705882352941215
collection_size,Number of Papers,-0.015686909236898437,4.189654742026425,0.5311647665218484,-0.31
collection_size,Number of Papers,-0.005066938969554852,3.713572066704308,0.4588416444816063,-0.1884313725490196
collection_size,Number of Papers,-0.0022228947310787223,3.6375861597263857,0.44729840145142363,0.22014492753623188
collection_size,Number of Papers,-0.0019398608539951583,3.6375861597263857,0.44729840145142363,0.3010144927536232
collection_size,Number of Papers,-0.002552368883100292,3.5263605246161616,0.4304017874827732,0.0763768115942029
collection_size,Number of Papers,-0.00905152272871531,3.871201010907891,0.482787521867287,-0.28304347826086956
collection_size,Number of Papers,-0.0075690614640117745,3.58351893845611,0.43908489055300415,0.2291304347826087
collection_size,Number of Papers,-0.006952217223559015,3.295836866004329,0.39538225923872133,-0.2291304347826087
collection_size,Number of Papers,-0.0070513382233229,3.688879454113936,0.4550905169433954,-0.26956521739130435
collection_size,Number of Papers,-0.0030886648817459676,2.0794415416798357,0.2105960612726279,-0.0763768115942029
collection_size,Number of Papers,-0.005826363015973625,2.5649493574615367,0.2843509841723398,0.1617391304347826
collection_size,Number of Papers,-0.006109846807405171,2.302585092994046,0.2444944556707676,0.06739130434782609
collection_size,Number of Papers,-0.007603128626617726,2.833213344056216,0.3251037568464592,0.20217391304347826
collection_size,Number of Papers,0.012130862848253045,5.811140992976701,0.7774895207984157,0.15499999999999997
collection_size,Number of Papers,-0.0030375853194882394,3.5553480614894135,0.434805369624282,-0.02246376811594203
collection_size,Number of Papers,0.0052096309433213115,4.948759890378168,0.646482666398111,0.2893333333333333
collection_size,Number of Papers,-0.002822639237399485,2.1972245773362196,0.22848882928037625,0.04942028985507246
collection_size,Number of Papers,-0.025056732738570335,4.1588830833596715,0.5264901531815698,-0.31
collection_size,Number of Papers,0.0028509074583407345,1.3862943611198906,0.10529803063631396,0.08224489795918366
collection_size,Number of Papers,0.002500333229964849,4.804021044733257,0.6244949618666279,-0.03163265306122448
collection_size,Number of Papers,0.013041162947047023,5.955837369464831,0.7994707737151519,-0.20666666666666667
collection_size,Number of Papers,-0.0036395678301082927,3.871201010907891,0.482787521867287,-0.26507246376811594
collection_size,Number of Papers,0.007119643761126485,5.030437921392435,0.6588906167631493,0.31
collection_size,Number of Papers,-0.0032751431685501733,2.4849066497880004,0.27219146059465904,-0.12130434782608696
collection_size,Number of Papers,0.0005275914221793471,4.48863636973214,0.5765839465701883,-0.09472222222222221
collection_size,Number of Papers,0.0003908380285762267,1.791759469228055,0.16689342995834508,-0.13777777777777778
collection_size,Number of Papers,0.002424618760747902,4.941642422609304,0.6454014308969099,-0.06959183673469388
collection_size,Number of Papers,0.010858368263059193,5.780743515792329,0.7728717504696943,-0.31
collection_size,Number of Papers,0.0005839854157315034,3.1780538303479458,0.37748949123097303,-0.06027777777777776
collection_size,Number of Papers,0.004769949207564984,4.976733742420574,0.6507322566900277,0.13433333333333336
collection_size,Number of Papers,-0.0009386783087409432,3.091042453358316,0.36427133656350336,-0.02552941176470591
collection_size,Number of Papers,-0.01679075576026451,4.07753744390572,0.5141326973978886,0.31
collection_size,Number of Papers,-0.004873773736377043,2.302585092994046,0.2444944556707676,-0.10333333333333333
collection_size,Number of Papers,0.0021081658566218077,4.718498871295094,0.6115030364987702,-0.15816326530612246
collection_size,Number of Papers,0.005141690273134069,5.69035945432406,0.7591412413650739,0.24800000000000005
collection_size,Number of Papers,4.019355897964181e-06,3.218875824868201,0.3836908807052213,-0.26694444444444443
collection_size,Number of Papers,0.0013926717450727757,4.812184355372417,0.6257350744399514,0.18944444444444447
collection_size,Number of Papers,-0.0019415779720373429,3.258096538021482,0.3896490148086537,0.2920289855072464
collection_size,Number of Papers,-0.010599457590044738,3.9318256327243257,0.49199718680480425,-0.07750000000000001
collection_size,Number of Papers,-0.0034949663438973225,1.9459101490553132,0.19031091395351443,-0.17521739130434782
collection_size,Number of Papers,0.0014882114378463168,4.875197323201151,0.6353075600577317,0.22388888888888886
collection_size,Number of Papers,0.008910964068320981,7.275864600546533,1.0,0.31
collection_size,Number of Papers,0.011546511807062051,5.857933154483459,0.7845978559313636,-0.051666666666666694
collection_size,Number of Papers,0.008254416619843762,3.713572066704308,0.4588416444816063,0.12130434782608696
collection_size,Number of Papers,-0.024809718331572816,4.02535169073515,0.5062050058624564,0.10333333333333333
collection_size,Number of Papers,0.005219000030755574,5.303304908059076,0.7003426447414666,0.2996666666666667
collection_size,Number of Papers,-0.003070711595801727,3.58351893845611,0.43908489055300415,-0.04942028985507246
collection_size,Number of Papers,-5.5592859928334634e-05,3.091042453358316,0.36427133656350336,-0.2927777777777778
collection_size,Number of Papers,-0.02112138441717613,4.204692619390966,0.5334492147831215,-0.054705882352941215
collection_size,Number of Papers,0.006148975345656655,5.10594547390058,0.670361191556302,-0.06804878048780488
collection_size,Number of Papers,-0.004834197229829919,4.406719247264253,0.5641396751179203,-0.07901960784313725
collection_size,Number of Papers,-0.01980922302549812,4.1588830833596715,0.5264901531815698,-0.22142857142857142
collection_size,Number of Papers,-0.003246525100906184,3.1354942159291497,0.3710241347978417,-0.10333333333333333
collection_size,Number of Papers,-0.0008338752922280027,3.367295829986474,0.40623780101926016,0.018235294117647072
collection_size,Number of Papers,-0.010100051045257841,3.951243718581427,0.49494704544496765,0.15499999999999997
collection_size,Number of Papers,-0.021416167014746162,4.143134726391533,0.5240977738702046,-0.23705882352941177
collection_size,Number of Papers,0.004255098853489292,5.327876168789581,0.704075337361068,0.0
collection_size,Number of Papers,0.010748275709854751,5.934894195619588,0.7962892344648638,0.19727272727272732
collection_size,Number of Papers,-0.0018827367915048095,3.8918202981106265,0.4859198585433428,-0.31
collection_size,Number of Papers,-0.0005530366584674577,3.688879454113936,0.4550905169433954,0.10576470588235293
collection_size,Number of Papers,0.003625386817826395,5.438079308923196,0.7208166211049233,-0.248
collection_size,Number of Papers,-0.01981200230641507,4.02535169073515,0.5062050058624564,-0.26571428571428574
collection_size,Number of Papers,0.0007797098408149624,2.995732273553991,0.34979248630708154,0.0
collection_size,Number of Papers,-0.022481566682375425,4.007333185232471,0.503467761597957,0.186
collection_size,Number of Papers,0.004633084448337948,5.241747015059643,0.6909912038285497,0.09300000000000003
collection_size,Number of Papers,9.283641599169883e-05,4.663439094112067,0.6031387435069652,-0.23249999999999998
collection_size,Number of Papers,-0.02227229347571017,4.07753744390572,0.5141326973978886,0.31
collection_size,Number of Papers,-0.0030801057632018807,1.9459101490553132,0.19031091395351443,-0.06739130434782609
collection_size,Number of Papers,-0.021324734278765536,4.189654742026425,0.5311647665218484,-0.16411764705882353
collection_size,Number of Papers,0.00047474641522840847,4.605170185988092,0.5942869419778493,-0.10333333333333333
collection_size,Number of Papers,0.0006285411473711819,4.68213122712422,0.6059783205113493,-0.034444444444444444
collection_size,Number of Papers,0.0012737723687622192,4.6443908991413725,0.6002450760812816,0.1463888888888889
collection_size,Number of Papers,0.006359128914350298,5.948034989180646,0.7982854911355753,0.037804878048780466
collection_size,Number of Papers,-0.0024114879328775585,4.51085950651685,0.5799599287621681,0.13927536231884058
collection_size,Number of Papers,-0.0011665838904349802,3.6635616461296463,0.45124441413068483,-0.12035294117647058
collection_size,Number of Papers,0.0035363192008522615,5.278114659230517,0.6965159198159707,-0.31
collection_size,Number of Papers,-0.020463734363147745,4.02535169073515,0.5062050058624564,0.20058823529411757
collection_size,Number of Papers,0.0018201401063399855,2.9444389791664403,0.34200037081510964,-0.2973469387755102
collection_size,Number of Papers,-0.02162919438407935,4.127134385045092,0.5216671148694308,-0.31
collection_size,Number of Papers,0.0050363039984604036,5.293304824724492,0.6988235026157207,0.1963333333333333
collection_size,Number of Papers,-0.002177178028186422,4.574710978503383,0.5896597940173082,0.24710144927536232
collection_size,Number of Papers,-0.021267162195874087,4.219507705176107,0.5356998181190872,-0.12764705882352942
collection_size,Number of Papers,-0.0023991983366541303,1.9459101490553132,0.19031091395351443,0.1482608695652174
collection_size,Number of Papers,0.001967616789457812,4.584967478670572,0.5912178891796569,-0.20877551020408164
collection_size,Number of Papers,0.0006691231261715153,4.8283137373023015,0.6281853363759888,-0.02583333333333332
collection_size,Number of Papers,0.00024646515916834985,4.77912349311153,0.6207127014362877,-0.18944444444444444
collection_size,Number of Papers,0.006240436512063403,3.713572066704308,0.4588416444816063,-0.037804878048780466
collection_size,Number of Papers,0.004152971071141341,5.720311776607412,0.7636913869010816,-0.04133333333333333
collection_size,Number of Papers,-0.00035898477441253016,4.77912349311153,0.6207127014362877,0.20788235294117646
collection_size,Number of Papers,-0.002048539942266165,3.49650756146648,0.42586673588553436,0.27405797101449275
collection_size,Number of Papers,-0.0004529091309807071,4.6913478822291435,0.6073784497462668,0.1568235294117647
collection_size,Number of Papers,-0.02730195604164927,4.07753744390572,0.5141326973978886,-0.31
collection_size,Number of Papers,-0.0024719632633487818,2.3978952727983707,0.25897330592718937,0.10333333333333333
collection_size,Number of Papers,-0.008481663996550202,3.871201010907891,0.482787521867287,-0.1482608695652174
collection_size,Number of Papers,0.008058834949491353,5.241747015059643,0.6909912038285497,0.06739130434782609
collection_size,Number of Papers,0.007959393936840984,3.737669618283368,0.46250237454817344,-0.013478260869565217
collection_size,Number of Papers,-0.026350967687831073,4.02535169073515,0.5062050058624564,0.10333333333333333
collection_size,Number of Papers,0.03796343849730252,1.3862943611198906,0.10529803063631396,0.31
collection_size,Number of Papers,0.005529768380171947,5.181783550292085,0.6818819772065022,-0.27975609756097564
collection_size,Number of Papers,-0.005516939413276716,4.382026634673881,0.5603885475797095,-0.31
collection_size,Number of Papers,-0.002394113592999496,3.58351893845611,0.43908489055300415,0.1572463768115942
collection_size,Number of Papers,-0.0024120562956165634,2.3978952727983707,0.25897330592718937,0.13028985507246377
collection_size,Number of Papers,0.003548987663410404,5.703782474656201,0.7611803719361943,-0.28933333333333333
collection_size,Number of Papers,0.004130261573200766,5.123963979403259,0.6730984358208014,-0.051666666666666694
collection_size,Number of Papers,0.007740425912240364,6.601230118728877,0.8975142879794116,-0.12130434782608696
collection_size,Number of Papers,0.00674630159446081,5.332718793265369,0.7048109947145319,0.15878048780487802
collection_size,Number of Papers,0.0010435253478999745,4.61512051684126,0.595798526057542,0.051666666666666694
collection_size,Number of Papers,0.003795616259411875,5.44673737166631,0.722131892928202,-0.17566666666666667
collection_size,Number of Papers,0.014394748705117137,6.60934924316738,0.8987476880967935,0.31
collection_size,Number of Papers,0.001057104355438804,4.736198448394496,0.6141918314097687,0.06027777777777776
collection_size,Number of Papers,-0.0008042284165373791,3.610917912644224,0.443247149456132,0.032823529411764696
collection_size,Number of Papers,0.0034465914796671755,5.726847747587197,0.7646842855116068,0.24673469387755104
collection_size,Number of Papers,0.006870187414797605,5.288267030694535,0.6980581964801935,0.18902439024390244
collection_size,Number of Papers,0.01075779935899263,3.713572066704308,0.4588416444816063,0.31
collection_size,Number of Papers,0.0014127249623718736,4.736198448394496,0.6141918314097687,0.1980555555555556
collection_size,Number of Papers,0.00934178597577178,5.017279836814924,0.6568917333631784,-0.19727272727272727
collection_size,Number of Papers,0.005122477271862478,5.1647859739235145,0.6792998252950497,0.23766666666666664
collection_size,Number of Papers,0.005665842399529017,5.1298987149230735,0.6739999989809935,-0.21926829268292683
collection_size,Number of Papers,0.003757967972437342,5.5093883366279774,0.7316493856237635,-0.20666666666666667
collection_size,Number of Papers,0.008573330085971846,5.7899601708972535,0.7742718797046119,0.2291304347826087
collection_size,Number of Papers,0.002174805843353379,3.258096538021482,0.3896490148086537,-0.13285714285714287
collection_size,Number of Papers,-0.02066624718588588,3.9889840465642745,0.5006802898750353,0.05470588235294116
collection_size,Number of Papers,0.003400342363294283,5.420534999272286,0.7181514133295385,0.22142857142857136
collection_size,Number of Papers,-0.0009177704887616253,1.791759469228055,0.16689342995834508,-0.010941176470588232
collection_size,Number of Papers,-0.002391350024352495,2.4849066497880004,0.27219146059465904,0.166231884057971
collection_size,Number of Papers,0.008458186301840578,3.713572066704308,0.4588416444816063,0.20217391304347826
collection_size,Number of Papers,-0.0043021782784490896,4.394449154672439,0.5622756891970665,0.07901960784313727
collection_size,Number of Papers,-0.005849967057553237,4.48863636973214,0.5765839465701883,0.13478260869565217
collection_size,Number of Papers,-0.005712222700461678,4.465908118654584,0.5731312309776052,0.2695652173913044
collection_size,Number of Papers,-0.017913256558842502,4.248495242049359,0.540103400260596,-0.10333333333333333
collection_size,Number of Papers,0.0010819187188134429,5.5093883366279774,0.7316493856237635,0.08611111111111108
collection_size,Number of Papers,-0.00016513483492705075,4.9344739331306915,0.6443124445374396,0.27352941176470585
collection_size,Number of Papers,-0.007383362595633472,3.8501476017100584,0.47958923643976586,0.28304347826086956
collection_size,Number of Papers,1.8488613272562456e-05,5.003946305945459,0.654866197400024,-0.2583333333333333
collection_size,Number of Papers,-0.000817701409210538,1.9459101490553132,0.19031091395351443,0.025529411764705856
collection_size,Number of Papers,-0.0032576632399296574,3.6635616461296463,0.45124441413068483,-0.11231884057971014
collection_size,Number of Papers,0.0027622873067590223,4.61512051684126,0.595798526057542,0.006326530612244863
collection_size,Number of Papers,-0.01917127037182912,4.110873864173311,0.519196931230314,-0.08857142857142858
collection_size,Number of Papers,-0.019822298470317374,3.9889840465642745,0.5006802898750353,-0.31
collection_size,Number of Papers,-0.0010187057321381563,3.4339872044851463,0.4163690842331168,-0.05470588235294116
collection_size,Number of Papers,0.004406730256008603,3.713572066704308,0.4588416444816063,0.04133333333333333
collection_size,Number of Papers,-0.003632810339778645,2.5649493574615367,0.2843509841723398,-0.24710144927536232
collection_size,Number of Papers,-0.003822896363133656,3.1354942159291497,0.3710241347978417,0.2613725490196079
collection_size,Number of Papers,-0.003391616377129492,3.4011973816621555,0.4113878856291127,-0.13028985507246377
collection_size,Number of Papers,0.018548810118519544,0.6931471805599453,0.0,-0.10333333333333333
collection_size,Number of Papers,-0.003969688944535321,3.091042453358316,0.36427133656350336,0.17627450980392162
collection_size,Number of Papers,-0.003806008969248265,2.4849066497880004,0.27219146059465904,0.27352941176470585
collection_size,Number of Papers,-0.003927583589724447,2.0794415416798357,0.2105960612726279,0.21274509803921576
collection_size,Number of Papers,-0.003412527598464837,2.4849066497880004,0.27219146059465904,-0.1482608695652174
collection_size,Number of Papers,-0.002729098286716174,2.1972245773362196,0.22848882928037625,0.058405797101449275
collection_size,Number of Papers,0.007986260541349844,5.916202062607435,0.7934496574604796,0.013478260869565217
collection_size,Number of Papers,0.001924179160899509,4.90527477843843,0.6398767149094889,-0.24673469387755104
collection_size,Number of Papers,-0.01505051723883966,4.276666119016055,0.5443829211893181,0.10333333333333333
collection_size,Number of Papers,0.010756931426643117,5.0106352940962555,0.6558823412998802,0.2536363636363637
collection_size,Number of Papers,-0.004961218619829088,3.6635616461296463,0.45124441413068483,-0.16411764705882353
collection_size,Number of Papers,-0.0012359195533054197,2.4849066497880004,0.27219146059465904,-0.14952941176470588
collection_size,Number of Papers,-0.006012775773937388,4.343805421853684,0.5545822505170178,0.09434782608695652
collection_size,Number of Papers,0.007477373222652744,5.877735781779639,0.7876061313946326,-0.2291304347826087
collection_size,Number of Papers,-0.005751603251928256,4.3694478524670215,0.5584776677098447,0.25608695652173913
collection_size,Number of Papers,0.007715678736785359,3.737669618283368,0.46250237454817344,-0.1482608695652174
collection_size,Number of Papers,0.0001138998180789277,5.111987788356544,0.6712790973496781,-0.2238888888888889
collection_size,Number of Papers,-0.02105382081904657,4.189654742026425,0.5311647665218484,0.018235294117647072
collection_size,Number of Papers,0.0014271726358952728,3.1354942159291497,0.3710241347978417,0.2066666666666666
collection_size,Number of Papers,-0.014275604363743704,3.970291913552122,0.4978407128706512,-0.31
collection_size,Number of Papers,0.009911661157662217,5.786897381366708,0.773806602322167,-0.02818181818181814
collection_size,Number of Papers,-0.009437344508913002,3.9318256327243257,0.49199718680480425,0.31
collection_size,Number of Papers,-0.004503819965291845,3.5553480614894135,0.434805369624282,0.0303921568627451
collection_size,Number of Papers,0.0038929636595267316,5.236441962829949,0.6901852977123938,-0.124
collection_size,Number of Papers,-0.006310073230560275,3.8918202981106265,0.4859198585433428,-0.026956521739130435
collection_size,Number of Papers,-0.0014214919203179054,2.4849066497880004,0.27219146059465904,-0.19329411764705884
collection_size,Number of Papers,-0.02029815514682339,4.007333185232471,0.503467761597957,0.27352941176470585
collection_size,Number of Papers,0.007845652038147832,5.8916442118257715,0.7897190019857206,-0.09434782608695652
collection_size,Number of Papers,-0.000998105525452438,3.5553480614894135,0.434805369624282,-0.047411764705882375
collection_size,Number of Papers,0.002357239194915327,2.9444389791664403,0.34200037081510964,-0.0948979591836735
collection_size,Number of Papers,0.003188889367329742,5.44673737166631,0.722131892928202,0.17081632653061224
collection_size,Number of Papers,-0.012706009997714261,3.970291913552122,0.4978407128706512,-0.31
collection_size,Number of Papers,-0.00019264132494498714,3.218875824868201,0.3836908807052213,0.26623529411764707
collection_size,Number of Papers,-0.005248349096064274,3.8501476017100584,0.47958923643976586,-0.23705882352941177
collection_size,Number of Papers,-0.027096283299745862,6.558197802812269,0.8909771220688786,-0.10333333333333333
collection_size,Number of Papers,0.006033954174375599,5.135798437050262,0.6748962431535408,-0.11341463414634145
collection_size,Number of Papers,0.008080251483986677,5.3612921657094255,0.7091516599172187,0.09434782608695652
collection_size,Number of Papers,0.0059353790654169515,5.0689042022202315,0.6647341428289962,-0.14365853658536587
collection_size,Number of Papers,0.0058613231525768555,4.634728988229636,0.598777306724754,-0.18902439024390244
collection_size,Number of Papers,-0.003424592880644545,2.772588722239781,0.31589409190894185,-0.1572463768115942
collection_size,Number of Papers,0.0030777484402334412,5.293304824724492,0.6988235026157207,0.14551020408163262
collection_size,Number of Papers,0.01370175666486174,6.610696044717759,0.8989522846888164,0.0
collection_size,Number of Papers,0.0002536023795254429,4.844187086458591,0.6305967036189598,-0.18083333333333335
collection_size,Number of Papers,0.0036385231954399054,5.272999558563747,0.6957388698014525,-0.23766666666666666
collection_size,Number of Papers,-0.00020085297996837916,5.181783550292085,0.6818819772065022,0.2589411764705882
collection_size,Number of Papers,0.0060587215899181365,5.043425116919247,0.6608635399038845,-0.09829268292682927
collection_size,Number of Papers,0.0030185743459001896,3.367295829986474,0.40623780101926016,0.13285714285714284
collection_size,Number of Papers,0.005119007848715839,5.262690188904886,0.6941727430788379,0.22733333333333333
collection_size,Number of Papers,0.014226862729964302,6.476972362889683,0.8786379261501889,0.2411111111111111
collection_size,Number of Papers,-0.001827014235717901,4.31748811353631,0.5505843106635663,-0.2954117647058824
collection_size,Number of Papers,0.007661996860551486,5.19295685089021,0.6835793462237718,-0.20217391304347826
collection_size,Number of Papers,0.004662467914274627,5.3471075307174685,0.7069968302189411,0.10333333333333333
collection_size,Number of Papers,0.003801750908532963,4.68213122712422,0.6059783205113493,-0.16533333333333333
collection_size,Number of Papers,-0.0008752360674857395,3.091042453358316,0.36427133656350336,0.010941176470588232
collection_size,Number of Papers,0.004872014981059712,5.117993812416755,0.6721914901621018,0.14466666666666667
collection_size,Number of Papers,0.018242449397485795,6.489204931325317,0.8804962116659083,-0.31
collection_size,Number of Papers,-0.017836994055448998,4.0943445622221,0.5166859162654266,-0.062
collection_size,Number of Papers,0.0011577290671935644,4.955827057601261,0.6475562605951876,0.12055555555555558
collection_size,Number of Papers,0.0035395809672614425,5.552959584921617,0.7382684223397172,-0.29966666666666664
collection_size,Number of Papers,0.0006816437094996194,4.6443908991413725,0.6002450760812816,-0.017222222222222194
collection_size,Number of Papers,-0.0014856215079854487,3.4657359027997265,0.42119212254525584,-0.2151764705882353
collection_size,Number of Papers,0.0053497471934615595,5.181783550292085,0.6818819772065022,-0.31
empirical_share,Empirical Papers,0.0008910391389283589,0.498567335243553,0.498567335243553,0.2922857142857143
empirical_share,Empirical Papers,-0.003530690024483968,0.32786885245901637,0.32786885245901637,-0.028181818181818197
empirical_share,Empirical Papers,-0.0060693123000726285,0.7554585152838428,0.7554585152838428,-0.04960000000000003
empirical_share,Empirical Papers,0.012764539786665691,0.12987012987012986,0.12987012987012986,-0.17714285714285716
empirical_share,Empirical Papers,-0.003866587299741198,0.5764705882352941,0.5764705882352941,-0.17472727272727273
empirical_share,Empirical Papers,0.004746143511578134,0.3888888888888889,0.3888888888888889,0.216060606060606
empirical_share,Empirical Papers,-0.005633819388854039,0.6794258373205742,0.6794258373205742,0.13639999999999997
empirical_share,Empirical Papers,0.0015079752953075253,0.44256756756756754,0.44256756756756754,-0.09620689655172415
empirical_share,Empirical Papers,-0.002775179616498244,0.5263157894736842,0.5263157894736842,-0.2948780487804878
empirical_share,Empirical Papers,-0.005439994740456984,0.875,0.875,0.29760000000000003
empirical_share,Empirical Papers,-0.0017816474820685334,0.06796116504854369,0.06796116504854369,0.23439024390243907
empirical_share,Empirical Papers,-0.004075739694321994,0.5853658536585366,0.5853658536585366,-0.2649090909090909
empirical_share,Empirical Papers,0.0028039289863228487,0.3,0.3,-0.034444444444444444
empirical_share,Empirical Papers,-0.004617579372761031,0.684931506849315,0.684931506849315,0.033214285714285696
empirical_share,Empirical Papers,0.016613017576336427,0.2222222222222222,0.2222222222222222,-0.10333333333333333
empirical_share,Empirical Papers,0.013386130503800275,0.23809523809523808,0.23809523809523808,0.0
empirical_share,Empirical Papers,-0.008014677285830845,0.6530612244897959,0.6530612244897959,0.31
empirical_share,Empirical Papers,0.0014785024909464502,0.423963133640553,0.423963133640553,-0.11758620689655172
empirical_share,Empirical Papers,-0.005797949624290166,0.6221198156682027,0.6221198156682027,0.07439999999999997
empirical_share,Empirical Papers,-0.013683766142773206,0.8333333333333334,0.8333333333333334,0.19190476190476197
empirical_share,Empirical Papers,-0.014442150900358653,0.8571428571428571,0.8571428571428571,-0.31
empirical_share,Empirical Papers,0.012149752682869682,0.09836065573770492,0.09836065573770492,0.19375000000000003
empirical_share,Empirical Papers,-0.000993510417575675,0.3333333333333333,0.3333333333333333,0.030999999999999972
empirical_share,Empirical Papers,0.0031528594911372065,0.3333333333333333,0.3333333333333333,0.13777777777777778
empirical_share,Empirical Papers,-0.01224870385713944,0.8305084745762712,0.8305084745762712,0.23249999999999998
empirical_share,Empirical Papers,0.002321737222716245,0.38461538461538464,0.38461538461538464,-0.31
empirical_share,Empirical Papers,0.0014507912392182363,0.4583333333333333,0.4583333333333333,-0.1603448275862069
empirical_share,Empirical Papers,-0.006214370809106438,0.711864406779661,0.711864406779661,-0.1364
empirical_share,Empirical Papers,-0.008766113719672916,0.6363636363636364,0.6363636363636364,-0.10333333333333333
empirical_share,Empirical Papers,0.002020324533576404,0.41818181818181815,0.41818181818181815,0.22448275862068962
empirical_share,Empirical Papers,0.00931213789410353,0.1724137931034483,0.1724137931034483,-0.014761904761904754
empirical_share,Empirical Papers,-0.008730514544519924,0.5945945945945946,0.5945945945945946,-0.051666666666666694
empirical_share,Empirical Papers,0.005790354960673845,0.030303030303030304,0.030303030303030304,0.10333333333333333
empirical_share,Empirical Papers,-0.0114704537363087,0.5555555555555556,0.5555555555555556,-0.124
empirical_share,Empirical Papers,-0.004117254903033461,0.5625,0.5625,-0.28745454545454546
empirical_share,Empirical Papers,-0.0038367002228174457,0.3333333333333333,0.3333333333333333,-0.16345454545454546
empirical_share,Empirical Papers,0.01197179666155599,0.16666666666666666,0.16666666666666666,0.03875000000000001
empirical_share,Empirical Papers,0.0017911992513565149,0.5,0.5,0.01068965517241377
empirical_share,Empirical Papers,0.0014709099317381188,0.4791666666666667,0.4791666666666667,-0.13896551724137932
empirical_share,Empirical Papers,-0.005135578067738534,0.5306122448979592,0.5306122448979592,-0.18821428571428572
empirical_share,Empirical Papers,0.00581086845447545,0.0,0.0,0.11711111111111111
empirical_share,Empirical Papers,-0.009560063491964536,0.5833333333333334,0.5833333333333334,0.21700000000000003
empirical_share,Empirical Papers,-0.00021707668681273816,0.5161290322580645,0.5161290322580645,-0.31
empirical_share,Empirical Papers,0.015106581463537664,0.0,0.0,0.16692307692307695
empirical_share,Empirical Papers,-0.008539690135266894,0.6052631578947368,0.6052631578947368,0.0
empirical_share,Empirical Papers,0.0030154082896948274,0.3333333333333333,0.3333333333333333,0.06888888888888889
empirical_share,Empirical Papers,0.005812060211446193,0.4,0.4,0.14466666666666667
empirical_share,Empirical Papers,0.005021977234816233,0.375,0.375,-0.26866666666666666
empirical_share,Empirical Papers,-0.014409722822374443,0.68,0.68,-0.2804761904761905
empirical_share,Empirical Papers,-0.004676600575609228,0.35555555555555557,0.35555555555555557,-0.011071428571428565
empirical_share,Empirical Papers,0.009882749474498643,0.14285714285714285,0.14285714285714285,0.1623809523809524
empirical_share,Empirical Papers,0.0059180902398014755,0.4,0.4,0.2411111111111111
empirical_share,Empirical Papers,0.0095824095291159,0.0,0.0,0.04428571428571432
empirical_share,Empirical Papers,-0.00953683689598775,0.6666666666666666,0.6666666666666666,0.24800000000000005
empirical_share,Empirical Papers,0.002889729752277736,0.4375,0.4375,0.017222222222222194
empirical_share,Empirical Papers,-0.0031662413907665465,0.2972972972972973,0.2972972972972973,0.1521818181818182
empirical_share,Empirical Papers,0.008537214727886508,0.25,0.25,0.14925925925925926
empirical_share,Empirical Papers,0.005741197515398939,0.48148148148148145,0.48148148148148145,0.04822222222222222
empirical_share,Empirical Papers,-0.001195969807911714,0.07142857142857142,0.07142857142857142,-0.062
empirical_share,Empirical Papers,0.014333634075133429,0.25,0.25,-0.11923076923076922
empirical_share,Empirical Papers,0.0157155871948588,0.0,0.0,-0.034444444444444444
empirical_share,Empirical Papers,-0.002667484104167099,0.52,0.52,-0.20414634146341465
empirical_share,Empirical Papers,-0.0054568657652120855,0.6111111111111112,0.6111111111111112,0.28519999999999995
empirical_share,Empirical Papers,0.0027126022661554785,0.5,0.5,-0.08611111111111111
empirical_share,Empirical Papers,-0.008296810332683544,0.7846153846153846,0.7846153846153846,0.12916666666666665
empirical_share,Empirical Papers,0.013099426241855934,0.225,0.225,-0.08857142857142858
empirical_share,Empirical Papers,-0.01111859994166315,0.7222222222222222,0.7222222222222222,0.15499999999999997
empirical_share,Empirical Papers,-0.01376877710003542,0.7272727272727273,0.7272727272727273,0.1328571428571429
empirical_share,Empirical Papers,-0.005047001568190307,0.5833333333333334,0.5833333333333334,-0.13285714285714287
empirical_share,Empirical Papers,-0.0007694483643326159,0.5059952038369304,0.5059952038369304,0.15499999999999997
empirical_share,Empirical Papers,-0.004648590791008376,0.3125,0.3125,0.011071428571428565
empirical_share,Empirical Papers,-0.011343493197710497,0.8632478632478633,0.8632478632478633,-0.030999999999999972
empirical_share,Empirical Papers,0.012682661369565617,0.12666666666666668,0.12666666666666668,-0.22142857142857142
empirical_share,Empirical Papers,-0.005476574735608214,0.55,0.55,0.24799999999999994
empirical_share,Empirical Papers,0.009183176478690103,0.2857142857142857,0.2857142857142857,-0.13285714285714284
empirical_share,Empirical Papers,-0.002553571568338437,0.7833333333333333,0.7833333333333333,-0.15878048780487805
empirical_share,Empirical Papers,0.000544333506614789,0.44493392070484583,0.44493392070484583,0.04428571428571426
empirical_share,Empirical Papers,0.0020665505244351775,0.43023255813953487,0.43023255813953487,0.2672413793103448
empirical_share,Empirical Papers,-0.0021029546744270105,0.782608695652174,0.782608695652174,0.022682926829268257
empirical_share,Empirical Papers,0.0029884286284214516,0.08,0.08,0.034444444444444444
empirical_share,Empirical Papers,0.001990388473249834,0.44,0.44,0.18172413793103448
empirical_share,Empirical Papers,0.01530597779189131,0.25925925925925924,0.25925925925925924,-0.2411111111111111
empirical_share,Empirical Papers,-0.00584845640111556,0.6646341463414634,0.6646341463414634,0.062
empirical_share,Empirical Papers,0.0006485996474433734,0.3741721854304636,0.3741721854304636,0.09742857142857142
empirical_share,Empirical Papers,0.0007691409237033064,0.5,0.5,0.186
empirical_share,Empirical Papers,-0.0062529141120981156,0.7916666666666666,0.7916666666666666,-0.1612
empirical_share,Empirical Papers,0.00425736378194749,0.05714285714285714,0.05714285714285714,0.06575757575757574
empirical_share,Empirical Papers,0.001990388473249834,0.4574468085106383,0.4574468085106383,0.20310344827586208
empirical_share,Empirical Papers,0.016180786799178032,0.1875,0.1875,0.10333333333333333
empirical_share,Empirical Papers,-0.003132226855352177,0.6290322580645161,0.6290322580645161,0.16345454545454546
empirical_share,Empirical Papers,0.006450981856105931,0.2857142857142857,0.2857142857142857,-0.2146153846153846
empirical_share,Empirical Papers,0.002619787971425828,0.43283582089552236,0.43283582089552236,-0.12055555555555555
empirical_share,Empirical Papers,0.001602750529640717,0.42528735632183906,0.42528735632183906,-0.05344827586206896
empirical_share,Empirical Papers,-0.006654558924577201,0.3274336283185841,0.3274336283185841,-0.2852
empirical_share,Empirical Papers,-0.005342745957861364,0.537117903930131,0.537117903930131,-0.26571428571428574
empirical_share,Empirical Papers,-0.00987084813266764,0.8666666666666667,0.8666666666666667,-0.030999999999999972
empirical_share,Empirical Papers,-0.004866743029759238,0.8712871287128713,0.8712871287128713,-0.09964285714285714
empirical_share,Empirical Papers,-0.0005973560773775248,0.06382978723404255,0.06382978723404255,0.186
empirical_share,Empirical Papers,0.00925380310853661,0.25,0.25,-0.04428571428571426
empirical_share,Empirical Papers,0.012658651179011755,0.0,0.0,-0.31
empirical_share,Empirical Papers,-0.0057427628117171356,0.7115384615384616,0.7115384615384616,0.09920000000000001
empirical_share,Empirical Papers,-0.005561175271170429,0.34615384615384615,0.34615384615384615,0.186
empirical_share,Empirical Papers,-0.0020018701794782276,0.5142857142857142,0.5142857142857142,0.11341463414634145
empirical_share,Empirical Papers,-0.0067014348726096165,0.6111111111111112,0.6111111111111112,-0.31
empirical_share,Empirical Papers,-0.007279753204577662,0.5348837209302325,0.5348837209302325,-0.14684210526315788
empirical_share,Empirical Papers,-0.00033806816905246556,0.4485981308411215,0.4485981308411215,0.27899999999999997
empirical_share,Empirical Papers,0.005447374224952287,0.21212121212121213,0.21212121212121213,-0.062
empirical_share,Empirical Papers,-0.014241541772779115,0.5714285714285714,0.5714285714285714,-0.16238095238095238
empirical_share,Empirical Papers,0.004792837500966235,0.0,0.0,0.2536363636363636
empirical_share,Empirical Papers,0.0015518799783505784,0.47668393782383417,0.47668393782383417,-0.07482758620689656
empirical_share,Empirical Papers,-0.002569524942418499,0.6875,0.6875,-0.17390243902439023
empirical_share,Empirical Papers,-0.0056516842043877295,0.3333333333333333,0.3333333333333333,0.124
empirical_share,Empirical Papers,-0.0054848989391054325,0.5294117647058824,0.5294117647058824,0.23559999999999998
empirical_share,Empirical Papers,0.0011990941315399306,0.4,0.4,-0.2672413793103448
empirical_share,Empirical Papers,-0.004072744316034591,0.5714285714285714,0.5714285714285714,-0.25363636363636366
empirical_share,Empirical Papers,-0.008821907168648406,0.65,0.65,-0.155
empirical_share,Empirical Papers,0.008335105364430518,0.0,0.0,0.011481481481481481
empirical_share,Empirical Papers,-0.01464675040101524,0.7692307692307693,0.7692307692307693,0.31
empirical_share,Empirical Papers,-0.01128810161475491,0.6153846153846154,0.6153846153846154,0.030999999999999972
empirical_share,Empirical Papers,-0.003638951763800107,0.7692307692307693,0.7692307692307693,-0.062
empirical_share,Empirical Papers,-0.010694452931686853,0.6666666666666666,0.6666666666666666,0.27899999999999997
empirical_share,Empirical Papers,-0.007114956791717756,0.625,0.625,0.17947368421052634
empirical_share,Empirical Papers,-0.009854118412376186,0.8,0.8,0.030999999999999972
empirical_share,Empirical Papers,-0.006118877776095519,0.34,0.34,-0.08680000000000002
empirical_share,Empirical Papers,0.007678035491930752,0.14285714285714285,0.14285714285714285,-0.17222222222222222
empirical_share,Empirical Papers,-0.009742720769078079,0.6206896551724138,0.6206896551724138,0.062
empirical_share,Empirical Papers,0.0050470538429098636,0.08823529411764706,0.08823529411764706,-0.2548888888888889
empirical_share,Empirical Papers,0.0023392557211606717,0.38461538461538464,0.38461538461538464,-0.2927777777777778
empirical_share,Empirical Papers,0.0035725464380949473,0.375,0.375,0.31
empirical_share,Empirical Papers,0.002350673571247039,0.4,0.4,-0.27555555555555555
empirical_share,Empirical Papers,0.0009671271527128901,0.47368421052631576,0.47368421052631576,0.31
empirical_share,Empirical Papers,-0.0033782338409406735,0.5769230769230769,0.5769230769230769,0.062
empirical_share,Empirical Papers,-0.004638149655967703,0.7931034482758621,0.7931034482758621,0.02214285714285713
empirical_share,Empirical Papers,0.0027243819696691454,0.03773584905660377,0.03773584905660377,-0.06888888888888889
empirical_share,Empirical Papers,0.0035566303627092575,0.4375,0.4375,0.29277777777777775
empirical_share,Empirical Papers,0.014880903219079545,0.2222222222222222,0.2222222222222222,0.07153846153846155
empirical_share,Empirical Papers,-0.005144619925526494,0.6666666666666666,0.6666666666666666,-0.1992857142857143
empirical_share,Empirical Papers,-0.0017301869252240852,0.5068493150684932,0.5068493150684932,0.26463414634146337
empirical_share,Empirical Papers,-0.005468041760895134,0.34782608695652173,0.34782608695652173,0.2604
empirical_share,Empirical Papers,-0.005923303570407039,0.8133333333333334,0.8133333333333334,0.03720000000000001
empirical_share,Empirical Papers,0.006187733258696279,0.1125,0.1125,-0.28615384615384615
empirical_share,Empirical Papers,0.0012170579704203143,0.4482758620689655,0.4482758620689655,-0.24586206896551724
empirical_share,Empirical Papers,0.014277040464772787,0.25,0.25,-0.16692307692307692
empirical_share,Empirical Papers,-0.0016529816828658075,0.78,0.78,0.2797560975609756
empirical_share,Empirical Papers,0.001301564278472785,0.3953488372093023,0.3953488372093023,-0.20310344827586208
empirical_share,Empirical Papers,-0.006208705732516729,0.5217391304347826,0.5217391304347826,-0.1116
empirical_share,Empirical Papers,-0.012922580221040099,0.8636363636363636,0.8636363636363636,0.0
empirical_share,Empirical Papers,-0.007169453146777214,0.07228915662650602,0.07228915662650602,0.04894736842105263
empirical_share,Empirical Papers,0.00726683266758869,0.46153846153846156,0.46153846153846156,0.23846153846153845
empirical_share,Empirical Papers,0.017210143793340134,0.16666666666666666,0.16666666666666666,0.186
empirical_share,Empirical Papers,-0.006370346942311873,0.717948717948718,0.717948717948718,-0.2108
empirical_share,Empirical Papers,0.0006710035890976063,0.44733044733044736,0.44733044733044736,0.13285714285714284
empirical_share,Empirical Papers,0.005177495781187848,0.2601626016260163,0.2601626016260163,-0.186
empirical_share,Empirical Papers,-0.005103002768522391,0.7547169811320755,0.7547169811320755,-0.1660714285714286
empirical_share,Empirical Papers,-0.0012081185001826113,0.057692307692307696,0.057692307692307696,-0.093
empirical_share,Empirical Papers,-0.006144386165759211,0.5371900826446281,0.5371900826446281,-0.09920000000000001
empirical_share,Empirical Papers,0.01767662777558989,0.20833333333333334,0.20833333333333334,0.26866666666666666
empirical_share,Empirical Papers,-0.0046766759984624845,0.671957671957672,0.671957671957672,-0.022142857142857186
empirical_share,Empirical Papers,0.0007600690105179498,0.4790575916230366,0.4790575916230366,0.16828571428571426
empirical_share,Empirical Papers,0.003077527818034917,0.4909090909090909,0.4909090909090909,0.10333333333333333
empirical_share,Empirical Papers,-0.005439092401828853,0.74,0.74,0.31
empirical_share,Empirical Papers,0.006680627710648672,0.09411764705882353,0.09411764705882353,-0.02384615384615385
empirical_share,Empirical Papers,-0.00836762504029565,0.5338983050847458,0.5338983050847458,0.10333333333333333
empirical_share,Empirical Papers,0.015160053406279336,0.21428571428571427,0.21428571428571427,0.31
empirical_share,Empirical Papers,-0.004208938369527995,0.696078431372549,0.696078431372549,0.2989285714285714
empirical_share,Empirical Papers,-4.8626183343802534e-05,0.4807692307692308,0.4807692307692308,-0.186
empirical_share,Empirical Papers,-0.003693326926684178,0.5761589403973509,0.5761589403973509,-0.1070909090909091
empirical_share,Empirical Papers,8.62889873781267e-05,0.43846153846153846,0.43846153846153846,-0.11514285714285716
empirical_share,Empirical Papers,0.001976378890806724,0.2857142857142857,0.2857142857142857,0.16034482758620688
empirical_share,Empirical Papers,-5.4244879481235984e-06,0.48677248677248675,0.48677248677248675,-0.15057142857142858
empirical_share,Empirical Papers,-0.0018223473507279079,0.07692307692307693,0.07692307692307693,0.20414634146341465
empirical_share,Empirical Papers,-0.006209145983429904,0.8045977011494253,0.8045977011494253,-0.124
empirical_share,Empirical Papers,0.0051421621556084545,0.0,0.0,-0.21355555555555555
empirical_share,Empirical Papers,0.00323604754822989,0.5,0.5,0.17222222222222222
empirical_share,Empirical Papers,0.014335495329709631,0.2,0.2,-0.07153846153846152
empirical_share,Empirical Papers,-0.005432599154109081,0.7446808510638298,0.7446808510638298,-0.31
empirical_share,Empirical Papers,0.00032163110668204813,0.375,0.375,-0.008857142857142841
empirical_share,Empirical Papers,-0.003504286292126661,0.6265060240963856,0.6265060240963856,0.0056363636363636616
empirical_share,Empirical Papers,0.0006283479221872852,0.4230769230769231,0.4230769230769231,0.07971428571428568
empirical_share,Empirical Papers,0.012307314403928493,0.0,0.0,0.23249999999999998
empirical_share,Empirical Papers,0.008095865429790608,0.26881720430107525,0.26881720430107525,-0.08037037037037037
empirical_share,Empirical Papers,0.00027049566995860383,0.0625,0.0625,-0.04428571428571432
empirical_share,Empirical Papers,-0.009147926846282146,0.5384615384615384,0.5384615384615384,-0.2583333333333333
empirical_share,Empirical Papers,0.005501951889996681,0.020833333333333332,0.020833333333333332,-0.034444444444444444
empirical_share,Empirical Papers,0.013519419385463706,0.25,0.25,0.1771428571428571
empirical_share,Empirical Papers,-0.003372410662404534,0.5555555555555556,0.5555555555555556,0.07327272727272727
empirical_share,Empirical Papers,0.010915388600055524,0.11764705882352941,0.11764705882352941,0.15499999999999997
empirical_share,Empirical Papers,-0.006653963288318854,0.35294117647058826,0.35294117647058826,-0.2728
empirical_share,Empirical Papers,-0.005982050627700284,0.30434782608695654,0.30434782608695654,0.0
empirical_share,Empirical Papers,-0.015665179940756842,1.0,1.0,-0.22142857142857142
empirical_share,Empirical Papers,-0.0015844884945599661,0.46153846153846156,0.46153846153846156,0.2948780487804878
empirical_share,Empirical Papers,0.010413681255085199,0.0,0.0,-0.03875000000000001
empirical_share,Empirical Papers,-0.008410511814606779,0.5714285714285714,0.5714285714285714,0.07750000000000001
empirical_share,Empirical Papers,-0.007730170314028405,0.3333333333333333,0.3333333333333333,-0.2773684210526316
empirical_share,Empirical Papers,-0.011756833084651537,0.7142857142857143,0.7142857142857143,-0.279
empirical_share,Empirical Papers,0.011986505704942203,0.16666666666666666,0.16666666666666666,0.07750000000000001
empirical_share,Empirical Papers,-0.011756833084651537,0.7142857142857143,0.7142857142857143,-0.248
empirical_share,Empirical Papers,-0.00719067920425592,0.3287671232876712,0.3287671232876712,0.016315789473684228
empirical_share,Empirical Papers,0.008446862131252592,0.1794871794871795,0.1794871794871795,0.1262962962962963
empirical_share,Empirical Papers,-0.003601063210021405,0.47619047619047616,0.47619047619047616,-0.039454545454545464
empirical_share,Empirical Papers,0.005259662662980545,0.043478260869565216,0.043478260869565216,-0.1308888888888889
empirical_share,Empirical Papers,-0.009687514638037657,0.6,0.6,0.09300000000000003
empirical_share,Empirical Papers,0.01634499676653038,0.0,0.0,0.2411111111111111
empirical_share,Empirical Papers,-0.002459802987493502,0.5098039215686274,0.5098039215686274,-0.09829268292682927
empirical_share,Empirical Papers,-0.0030345180927539013,0.5598591549295775,0.5598591549295775,0.23109090909090907
empirical_share,Empirical Papers,0.0007706302059740779,0.2857142857142857,0.2857142857142857,0.20371428571428568
empirical_share,Empirical Papers,-0.010008487317654467,0.8658536585365854,0.8658536585365854,-0.155
empirical_share,Empirical Papers,-0.0054956362576701594,0.07352941176470588,0.07352941176470588,0.21079999999999993
empirical_share,Empirical Papers,-0.007145163888737144,0.5614035087719298,0.5614035087719298,0.08157894736842103
empirical_share,Empirical Papers,0.00032309151035872134,0.3076923076923077,0.3076923076923077,0.008857142857142841
empirical_share,Empirical Papers,-0.008800293376187941,0.8088235294117647,0.8088235294117647,-0.12916666666666665
empirical_share,Empirical Papers,-8.048122794682756e-06,0.4223300970873786,0.4223300970873786,-0.1682857142857143
empirical_share,Empirical Papers,0.005136290478470581,0.25806451612903225,0.25806451612903225,-0.22733333333333333
empirical_share,Empirical Papers,-0.014660469225645182,0.8181818181818182,0.8181818181818182,0.22142857142857136
empirical_share,Empirical Papers,0.0018968487711661442,0.05555555555555555,0.05555555555555555,0.05344827586206896
empirical_share,Empirical Papers,-0.007117426141912682,0.5384615384615384,0.5384615384615384,0.14684210526315788
empirical_share,Empirical Papers,0.012666299847258984,0.25,0.25,-0.26571428571428574
empirical_share,Empirical Papers,-0.0030646739330692867,0.6727272727272727,0.6727272727272727,0.186
empirical_share,Empirical Papers,0.0019761011345400038,0.2807017543859649,0.2807017543859649,0.1389655172413793
empirical_share,Empirical Papers,-0.0021016686337230377,0.75,0.75,0.037804878048780466
empirical_share,Empirical Papers,-0.018692242550225228,1.0,1.0,0.0
empirical_share,Empirical Papers,0.008377913569815905,0.045454545454545456,0.045454545454545456,0.034444444444444444
empirical_share,Empirical Papers,-0.0002787533828720421,0.4,0.4,0.31
empirical_share,Empirical Papers,0.014242715290804628,0.0,0.0,-0.2146153846153846
empirical_share,Empirical Papers,-0.006491816124045096,0.6,0.6,-0.248
empirical_share,Empirical Papers,-0.002775271271401298,0.554093567251462,0.554093567251462,-0.31
empirical_share,Empirical Papers,0.005229057748286603,0.2654320987654321,0.2654320987654321,-0.15844444444444444
empirical_share,Empirical Papers,-0.003884339651159662,0.7911392405063291,0.7911392405063291,-0.186
empirical_share,Empirical Papers,-0.00148506250666012,0.0603448275862069,0.0603448275862069,-0.279
empirical_share,Empirical Papers,-0.0062227413692940445,0.6402439024390244,0.6402439024390244,-0.14880000000000002
empirical_share,Empirical Papers,0.013697781008443478,0.08333333333333333,0.08333333333333333,0.2657142857142856
empirical_share,Empirical Papers,-0.002761956156867318,0.7257142857142858,0.7257142857142858,-0.27975609756097564
empirical_share,Empirical Papers,-0.0013661964834581763,0.5909090909090909,0.5909090909090909,-0.155
empirical_share,Empirical Papers,-0.005331146484842785,0.34782608695652173,0.34782608695652173,-0.25464285714285717
empirical_share,Empirical Papers,-0.007053853242961363,0.8157894736842105,0.8157894736842105,0.2447368421052632
empirical_share,Empirical Papers,0.005867443971669055,0.14634146341463414,0.14634146341463414,0.21355555555555555
empirical_share,Empirical Papers,-0.005537224152011069,0.6258064516129033,0.6258064516129033,0.19839999999999997
empirical_share,Empirical Papers,0.016741162820247103,0.09090909090909091,0.09090909090909091,-0.020666666666666667
empirical_share,Empirical Papers,-0.003010338921287711,0.7153846153846154,0.7153846153846154,0.2987272727272728
empirical_share,Empirical Papers,-0.0019157361367466378,0.6392156862745098,0.6392156862745098,0.14365853658536581
empirical_share,Empirical Papers,-0.003443056616104089,0.6068965517241379,0.6068965517241379,0.01690909090909093
empirical_share,Empirical Papers,0.0023853272066769577,0.43137254901960786,0.43137254901960786,-0.2411111111111111
empirical_share,Empirical Papers,0.005929727526912538,0.0,0.0,0.26866666666666666
empirical_share,Empirical Papers,-0.0029571455310706467,0.5922330097087378,0.5922330097087378,0.31
empirical_share,Empirical Papers,0.0019737579027189777,0.3888888888888889,0.3888888888888889,0.11758620689655169
empirical_share,Empirical Papers,-0.024769044938344052,0.82,0.82,0.0
empirical_share,Empirical Papers,0.0085582694999343,0.0,0.0,0.21814814814814815
empirical_share,Empirical Papers,-0.013966764104552215,0.8333333333333334,0.8333333333333334,0.10333333333333333
empirical_share,Empirical Papers,-0.008754213159966601,0.6285714285714286,0.6285714285714286,-0.07750000000000001
empirical_share,Empirical Papers,-0.003888812521827008,0.5769230769230769,0.5769230769230769,-0.19727272727272727
empirical_share,Empirical Papers,0.00998933441661237,0.2857142857142857,0.2857142857142857,0.2804761904761905
empirical_share,Empirical Papers,-0.005954685596766985,0.36363636363636365,0.36363636363636365,0.012399999999999967
empirical_share,Empirical Papers,-0.002029293460212303,0.06382978723404255,0.06382978723404255,0.09829268292682924
empirical_share,Empirical Papers,-0.011721687421925819,0.7142857142857143,0.7142857142857143,-0.217
empirical_share,Empirical Papers,0.0056498238478643594,0.02564102564102564,0.02564102564102564,0.020666666666666667
empirical_share,Empirical Papers,-0.005891729076292947,0.7857142857142857,0.7857142857142857,0.04959999999999998
empirical_share,Empirical Papers,-0.0047424249358698455,0.3472222222222222,0.3472222222222222,-0.05535714285714288
empirical_share,Empirical Papers,0.00023108978653601036,0.38461538461538464,0.38461538461538464,-0.07971428571428571
empirical_share,Empirical Papers,0.005817464809693794,0.5,0.5,0.15844444444444444
empirical_share,Empirical Papers,-0.0001376770693071904,0.42857142857142855,0.42857142857142855,-0.23914285714285716
empirical_share,Empirical Papers,0.010632304096137477,0.0,0.0,0.03875000000000001
empirical_share,Empirical Papers,-0.004776217671167946,0.3333333333333333,0.3333333333333333,-0.06642857142857145
empirical_share,Empirical Papers,0.011605184618444241,0.0,0.0,-0.19375
empirical_share,Empirical Papers,0.004586442625970506,0.5,0.5,0.17848484848484847
empirical_share,Empirical Papers,0.0061155423390061615,0.4,0.4,0.2962222222222222
empirical_share,Empirical Papers,-0.003305772156390704,0.5700483091787439,0.5700483091787439,0.08454545454545453
empirical_share,Empirical Papers,0.005480733537786664,0.22727272727272727,0.22727272727272727,-0.04822222222222222
empirical_share,Empirical Papers,-0.004286337414744012,0.7786885245901639,0.7786885245901639,0.19928571428571423
empirical_share,Empirical Papers,-0.00012533877935876121,0.06060606060606061,0.06060606060606061,-0.2037142857142857
empirical_share,Empirical Papers,-0.007985108293079976,0.6623376623376623,0.6623376623376623,-0.31
empirical_share,Empirical Papers,0.014454987610134064,0.2,0.2,-0.02384615384615385
empirical_share,Empirical Papers,-0.0049977943613048244,0.7549019607843137,0.7549019607843137,-0.11071428571428574
empirical_share,Empirical Papers,-0.0033869488218430895,0.5897435897435898,0.5897435897435898,0.05072727272727273
empirical_share,Empirical Papers,0.001286796271886658,0.38636363636363635,0.38636363636363635,-0.22448275862068967
empirical_share,Empirical Papers,-0.02271147790137144,0.8214285714285714,0.8214285714285714,-0.31
empirical_share,Empirical Papers,0.009986422209138986,0.10344827586206896,0.10344827586206896,0.250952380952381
empirical_share,Empirical Papers,-0.00609436534019925,0.6774193548387096,0.6774193548387096,-0.062
empirical_share,Empirical Papers,0.014704940675487485,0.0,0.0,0.02384615384615385
empirical_share,Empirical Papers,-0.002054765715239807,0.7636363636363637,0.7636363636363637,0.08317073170731709
empirical_share,Empirical Papers,0.002836924099421216,0.42857142857142855,0.42857142857142855,0.0
empirical_share,Empirical Papers,0.003737660273952155,0.14285714285714285,0.14285714285714285,-0.21606060606060606
empirical_share,Empirical Papers,-0.011550957024319578,0.8571428571428571,0.8571428571428571,-0.186
empirical_share,Empirical Papers,0.007394365666074534,0.0,0.0,0.28615384615384615
empirical_share,Empirical Papers,-0.005934312463643311,0.5454545454545454,0.5454545454545454,0.02479999999999999
empirical_share,Empirical Papers,0.013550759721431431,0.0,0.0,0.22142857142857136
empirical_share,Empirical Papers,-0.0009328116424011617,0.5714285714285714,0.5714285714285714,0.062
empirical_share,Empirical Papers,0.0038363996721375465,0.08333333333333333,0.08333333333333333,-0.1409090909090909
empirical_share,Empirical Papers,0.007255309671476008,0.0,0.0,0.2146153846153846
empirical_share,Empirical Papers,0.013478371210572574,0.0,0.0,0.13285714285714284
empirical_share,Empirical Papers,0.005776563689295103,0.0,0.0,0.08955555555555555
empirical_share,Empirical Papers,-0.006378744931159009,0.3055555555555556,0.3055555555555556,-0.2232
empirical_share,Empirical Papers,-0.004850053045750168,0.7698630136986301,0.7698630136986301,-0.07750000000000001
empirical_share,Empirical Papers,0.0024929491830345506,0.08571428571428572,0.08571428571428572,-0.18944444444444444
empirical_share,Empirical Papers,-0.00456085725112061,0.5595744680851064,0.5595744680851064,0.06642857142857139
empirical_share,Empirical Papers,0.0017406948403719165,0.47668393782383417,0.47668393782383417,-0.010689655172413826
empirical_share,Empirical Papers,-0.00420976673341588,0.6852103120759837,0.6852103120759837,0.28785714285714287
empirical_share,Empirical Papers,-0.0001285707401685502,0.4854368932038835,0.4854368932038835,-0.22142857142857142
empirical_share,Empirical Papers,0.0008646958581490138,0.43,0.43,0.25685714285714284
empirical_share,Empirical Papers,-0.004440475627359281,0.8052631578947368,0.8052631578947368,0.1439285714285714
empirical_share,Empirical Papers,0.0038299942212594407,0.08083832335329341,0.08083832335329341,-0.1596969696969697
empirical_share,Empirical Papers,-0.0034041381868261658,0.5590200445434298,0.5590200445434298,0.039454545454545464
empirical_share,Empirical Papers,0.016419730445735196,0.19607843137254902,0.19607843137254902,0.31
empirical_share,Empirical Papers,-0.004423522290218053,0.6893732970027248,0.6893732970027248,0.15499999999999997
empirical_share,Empirical Papers,-0.0014080029702987903,0.5698005698005698,0.5698005698005698,-0.217
empirical_share,Empirical Papers,-0.0037594656553462586,0.36231884057971014,0.36231884057971014,-0.12963636363636363
empirical_share,Empirical Papers,-0.0027525437943234934,0.7066666666666667,0.7066666666666667,-0.2646341463414634
empirical_share,Empirical Papers,0.013186792384156472,0.12903225806451613,0.12903225806451613,-0.04428571428571432
empirical_share,Empirical Papers,-0.002419704958547444,0.6464646464646465,0.6464646464646465,-0.06804878048780488
empirical_share,Empirical Papers,0.01710994095790204,0.16666666666666666,0.16666666666666666,0.14466666666666667
empirical_share,Empirical Papers,-0.006986446854082642,0.6296296296296297,0.6296296296296297,0.27736842105263154
empirical_share,Empirical Papers,-0.0031888674555333725,0.5442708333333334,0.5442708333333334,0.12963636363636366
empirical_share,Empirical Papers,0.002607076559417383,0.4915254237288136,0.4915254237288136,-0.13777777777777778
empirical_share,Empirical Papers,-0.007229329375441178,0.8723404255319149,0.8723404255319149,-0.04894736842105263
empirical_share,Empirical Papers,0.009660959479965751,0.09803921568627451,0.09803921568627451,0.10333333333333333
empirical_share,Empirical Papers,-0.009442327729591271,0.5625,0.5625,0.27899999999999997
empirical_share,Empirical Papers,0.016215710338078452,0.2777777777777778,0.2777777777777778,0.17222222222222222
empirical_share,Empirical Papers,-0.003927128606493953,0.7083333333333334,0.7083333333333334,-0.2198181818181818
empirical_share,Empirical Papers,0.001061653450865917,0.4668769716088328,0.4668769716088328,-0.2886206896551724
empirical_share,Empirical Papers,-0.005419100061572178,0.35135135135135137,0.35135135135135137,-0.29892857142857143
empirical_share,Empirical Papers,-0.015346405277380376,0.8529411764705882,0.8529411764705882,-0.13285714285714287
empirical_share,Empirical Papers,0.008563110116396091,0.08888888888888889,0.08888888888888889,0.2411111111111111
empirical_share,Empirical Papers,-0.005236895933322057,0.5339805825242718,0.5339805825242718,-0.23249999999999998
empirical_share,Empirical Papers,0.015243780795763339,0.2222222222222222,0.2222222222222222,-0.31
empirical_share,Empirical Papers,-0.004211318414085552,0.75,0.75,0.27678571428571425
empirical_share,Empirical Papers,0.0018117810612756939,0.36666666666666664,0.36666666666666664,0.032068965517241366
empirical_share,Empirical Papers,-0.0046587552451825874,0.5428571428571428,0.5428571428571428,0.0
empirical_share,Empirical Papers,-0.0060498286250242105,0.8823529411764706,0.8823529411764706,-0.03720000000000001
empirical_share,Empirical Papers,0.0006779254149964825,0.06172839506172839,0.06172839506172839,0.15057142857142858
empirical_share,Empirical Papers,0.00202468194818002,0.49514563106796117,0.49514563106796117,0.24586206896551727
empirical_share,Empirical Papers,0.013911748859590472,0.08333333333333333,0.08333333333333333,-0.31
empirical_share,Empirical Papers,-0.005126254945241673,0.6896551724137931,0.6896551724137931,-0.17714285714285716
empirical_share,Empirical Papers,-0.004279930969477507,0.556910569105691,0.556910569105691,0.22142857142857136
empirical_share,Empirical Papers,-0.00035616103758928734,0.5,0.5,0.24800000000000005
empirical_share,Empirical Papers,-0.01305093222493892,0.8425655976676385,0.8425655976676385,-0.23249999999999998
empirical_share,Empirical Papers,0.004181721594266454,0.05042016806722689,0.05042016806722689,0.028181818181818197
empirical_share,Empirical Papers,-0.000865224335294679,0.3333333333333333,0.3333333333333333,0.124
empirical_share,Empirical Papers,0.01653353324654534,0.25,0.25,-0.22733333333333333
empirical_share,Empirical Papers,-0.004078789847987299,0.7747252747252747,0.7747252747252747,-0.2761818181818182
empirical_share,Empirical Papers,0.0006508770718331432,0.4840764331210191,0.4840764331210191,0.11514285714285716
empirical_share,Empirical Papers,-0.004464968064273557,0.3157894736842105,0.3157894736842105,0.11071428571428571
empirical_share,Empirical Papers,-0.006806018979495737,0.675,0.675,0.31
empirical_share,Empirical Papers,0.013047928580472276,0.0,0.0,-0.13285714285714287
empirical_share,Empirical Papers,0.010226486356836519,0.0,0.0,-0.23249999999999998
empirical_share,Empirical Papers,-0.006267556761597701,0.6956521739130435,0.6956521739130435,-0.186
empirical_share,Empirical Papers,-0.003777982520152911,0.5615763546798029,0.5615763546798029,-0.1409090909090909
empirical_share,Empirical Papers,-0.005077688618094684,0.5652173913043478,0.5652173913043478,-0.14392857142857143
empirical_share,Empirical Papers,-0.010127036410934346,0.8817204301075269,0.8817204301075269,-0.186
empirical_share,Empirical Papers,0.006690440082003661,0.0,0.0,0.0
empirical_share,Empirical Papers,-0.005256246931446693,0.6666666666666666,0.6666666666666666,-0.24357142857142858
empirical_share,Empirical Papers,0.004942568387539869,0.5,0.5,-0.31
empirical_share,Empirical Papers,-0.0041342602440829586,0.7916666666666666,0.7916666666666666,-0.31
empirical_share,Empirical Papers,-0.006292080170218208,0.5817307692307693,0.5817307692307693,-0.19840000000000002
empirical_share,Empirical Papers,-0.002073999454316692,0.7142857142857143,0.7142857142857143,0.052926829268292674
empirical_share,Empirical Papers,-0.008413830690150904,0.8910891089108911,0.8910891089108911,0.051666666666666694
empirical_share,Empirical Papers,0.005127317542283863,0.08108108108108109,0.08108108108108109,-0.2411111111111111
empirical_share,Empirical Papers,0.004876832689617395,0.5,0.5,0.31
empirical_share,Empirical Papers,0.00330208730063668,0.5,0.5,0.2066666666666666
empirical_share,Empirical Papers,-0.007057007466534564,0.7631578947368421,0.7631578947368421,0.21210526315789474
empirical_share,Empirical Papers,-0.005707596592291775,0.5882352941176471,0.5882352941176471,0.11159999999999998
empirical_share,Empirical Papers,-0.0061077726538405685,0.6666666666666666,0.6666666666666666,-0.0744
empirical_share,Empirical Papers,-0.009188719679973293,0.9130434782608695,0.9130434782608695,-0.2841666666666667
empirical_share,Empirical Papers,0.01204626136399003,0.10526315789473684,0.10526315789473684,0.15499999999999997
empirical_share,Empirical Papers,0.01749315554818785,0.1,0.1,0.22733333333333333
empirical_share,Empirical Papers,-0.012075754094322884,0.84,0.84,0.31
empirical_share,Empirical Papers,-0.00016969648749078108,0.3793969849246231,0.3793969849246231,-0.2745714285714286
empirical_share,Empirical Papers,0.0073154193226681275,0.11464968152866242,0.11464968152866242,0.2623076923076923
empirical_share,Empirical Papers,-0.007117544303507027,0.6083333333333333,0.6083333333333333,0.11421052631578948
empirical_share,Empirical Papers,0.003200235109174024,0.019736842105263157,0.019736842105263157,0.15499999999999997
empirical_share,Empirical Papers,-0.02229804332469676,0.5333333333333333,0.5333333333333333,0.31
empirical_share,Empirical Papers,-0.003028004601086575,0.6285714285714286,0.6285714285714286,0.2423636363636364
empirical_share,Empirical Papers,-0.006663336163887235,0.2887323943661972,0.2887323943661972,-0.2976
empirical_share,Empirical Papers,0.0037375381506290746,0.04411764705882353,0.04411764705882353,-0.23484848484848486
empirical_share,Empirical Papers,-0.010782900186056961,0.575,0.575,0.21700000000000003
empirical_share,Empirical Papers,0.0023956569028217305,0.03333333333333333,0.03333333333333333,-0.2238888888888889
empirical_share,Empirical Papers,-0.005623229748165772,0.5333333333333333,0.5333333333333333,0.1612
empirical_share,Empirical Papers,0.0007816722210658205,0.3838383838383838,0.3838383838383838,0.22142857142857136
empirical_share,Empirical Papers,0.010227018327677605,0.12195121951219512,0.12195121951219512,-0.19375
empirical_share,Empirical Papers,0.00581089738092731,0.48484848484848486,0.48484848484848486,0.1308888888888889
empirical_share,Empirical Papers,0.006747740399274578,0.0,0.0,0.0476923076923077
empirical_share,Empirical Papers,0.016642447607538594,0.0,0.0,-0.062
empirical_share,Empirical Papers,-0.0019086665238260076,0.88,0.88,0.15878048780487802
empirical_share,Empirical Papers,0.0016300541098644029,0.41304347826086957,0.41304347826086957,-0.032068965517241366
empirical_share,Empirical Papers,0.006488662603360763,0.2,0.2,-0.14307692307692307
empirical_share,Empirical Papers,-0.01077455681878058,0.6538461538461539,0.6538461538461539,0.24800000000000005
empirical_share,Empirical Papers,0.00479890254783662,0.0,0.0,0.2724242424242424
empirical_share,Empirical Papers,-0.008108738940550796,0.8,0.8,0.2066666666666666
empirical_share,Empirical Papers,0.002225308280365849,0.4838709677419355,0.4838709677419355,0.28862068965517235
empirical_share,Empirical Papers,-0.0017856970589782567,0.5230769230769231,0.5230769230769231,0.21926829268292686
empirical_share,Empirical Papers,0.007513921648621914,0.2222222222222222,0.2222222222222222,-0.26407407407407407
empirical_share,Empirical Papers,-0.014104723239674752,0.8095238095238095,0.8095238095238095,-0.04428571428571426
empirical_share,Empirical Papers,0.0055493393508308396,0.047619047619047616,0.047619047619047616,-0.006888888888888889
empirical_share,Empirical Papers,-0.014057316541557844,0.6666666666666666,0.6666666666666666,0.04428571428571432
empirical_share,Empirical Papers,-0.005624960213343274,0.6842105263157895,0.6842105263157895,0.1488
empirical_share,Empirical Papers,-0.0026454188230932104,0.5393258426966292,0.5393258426966292,-0.18902439024390244
empirical_share,Empirical Papers,0.007027590983496901,0.0,0.0,0.11923076923076925
empirical_share,Empirical Papers,-0.013405782603923761,0.6101694915254238,0.6101694915254238,0.2804761904761905
empirical_share,Empirical Papers,0.0019481670162348175,0.47368421052631576,0.47368421052631576,0.0962068965517241
empirical_share,Empirical Papers,0.015106581463537664,0.0,0.0,0.2146153846153846
empirical_share,Empirical Papers,-0.011274914343828251,0.6451612903225806,0.6451612903225806,0.062
empirical_share,Empirical Papers,-0.00015591961192039375,0.4,0.4,-0.25685714285714284
empirical_share,Empirical Papers,0.010796890168733994,0.0,0.0,0.11625000000000002
empirical_share,Empirical Papers,-0.005206152181666818,0.5454545454545454,0.5454545454545454,-0.22142857142857142
empirical_share,Empirical Papers,0.011838950934165862,0.23076923076923078,0.23076923076923078,0.0
empirical_share,Empirical Papers,-0.011178295873724615,0.5714285714285714,0.5714285714285714,0.124
empirical_share,Empirical Papers,-0.007551830427184938,0.6190476190476191,0.6190476190476191,-0.21210526315789474
empirical_share,Empirical Papers,0.007213651325329082,0.0,0.0,0.19076923076923075
empirical_share,Empirical Papers,-0.012303006790940325,0.6,0.6,0.07750000000000001
empirical_share,Empirical Papers,-0.00469074240326927,0.5384615384615384,0.5384615384615384,-0.03321428571428575
empirical_share,Empirical Papers,-0.011470451574055789,0.6875,0.6875,-0.093
empirical_share,Empirical Papers,0.0038448261290248433,0.45454545454545453,0.45454545454545453,-0.12212121212121213
empirical_share,Empirical Papers,0.0023668061243240237,0.5,0.5,-0.2583333333333333
empirical_share,Empirical Papers,-0.005493032022063287,0.5714285714285714,0.5714285714285714,0.2232
empirical_share,Empirical Papers,-0.0025221581882772038,0.5263157894736842,0.5263157894736842,-0.12853658536585366
empirical_share,Empirical Papers,-0.015176241164741816,0.6538461538461539,0.6538461538461539,-0.04428571428571432
empirical_share,Empirical Papers,0.005908923073548705,0.0,0.0,0.22733333333333333
empirical_share,Empirical Papers,-0.016864197136909512,0.7647058823529411,0.7647058823529411,-0.31
empirical_share,Empirical Papers,-0.0015276728864940846,0.5294117647058824,0.5294117647058824,-0.31
empirical_share,Empirical Papers,-0.017040975424862458,0.75,0.75,0.31
empirical_share,Empirical Papers,-0.0021232870501479996,1.0,1.0,0.007560975609756104
empirical_share,Empirical Papers,-0.004455864173401385,1.0,1.0,0.13285714285714284
empirical_share,Empirical Papers,-0.006026213753249552,1.0,1.0,-0.02479999999999999
empirical_share,Empirical Papers,-0.004391449341210163,1.0,1.0,0.1771428571428571
empirical_share,Empirical Papers,-0.011305267398628468,1.0,1.0,0.0
empirical_share,Empirical Papers,-0.0057592996957791945,1.0,1.0,0.08679999999999999
empirical_share,Empirical Papers,-0.014116659566367908,1.0,1.0,-0.0738095238095238
empirical_share,Empirical Papers,-0.0030161158001700654,1.0,1.0,0.2649090909090909
empirical_share,Empirical Papers,-0.0031264847187944117,1.0,1.0,0.17472727272727273
empirical_share,Empirical Papers,-0.004349167402105226,1.0,1.0,0.18821428571428567
empirical_share,Empirical Papers,-0.003524146429769846,1.0,1.0,-0.01690909090909093
empirical_share,Empirical Papers,-0.014225780492175273,1.0,1.0,-0.13285714285714284
empirical_share,Empirical Papers,-0.009649451014826142,1.0,1.0,0.124
empirical_share,Empirical Papers,-0.005185310519348697,1.0,1.0,-0.21035714285714285
empirical_share,Empirical Papers,-0.0032192793398809648,1.0,1.0,0.10709090909090907
empirical_share,Empirical Papers,-0.00425114445181159,1.0,1.0,0.2435714285714285
empirical_share,Empirical Papers,0.0008187895724157389,1.0,1.0,0.23914285714285716
empirical_share,Empirical Papers,-0.002714232504971829,1.0,1.0,-0.234390243902439
empirical_share,Empirical Papers,-0.0008889939634465322,1.0,1.0,0.09300000000000003
empirical_share,Empirical Papers,-0.0042822928220986965,1.0,1.0,0.21035714285714285
empirical_share,Empirical Papers,-0.011532478475632145,1.0,1.0,-0.155
empirical_share,Empirical Papers,-0.014855619484450643,1.0,1.0,0.13285714285714284
empirical_share,Empirical Papers,0.0010166448256420533,1.0,1.0,-0.31
empirical_share,Empirical Papers,-0.0013844373962203307,1.0,1.0,-0.186
empirical_share,Empirical Papers,0.0002669500628996228,1.0,1.0,-0.062
empirical_share,Empirical Papers,0.0022905158637538617,1.0,1.0,0.31
empirical_share,Empirical Papers,-0.010889508471963252,1.0,1.0,0.186
empirical_share,Empirical Papers,-0.008091900918959102,1.0,1.0,0.23249999999999998
empirical_share,Empirical Papers,-0.0014419700266436965,1.0,1.0,-0.248
empirical_share,Empirical Papers,0.00042346908322495063,1.0,1.0,0.02657142857142858
empirical_share,Empirical Papers,-0.0017573758458858599,1.0,1.0,0.24951219512195116
empirical_share,Empirical Papers,-0.003058747018215153,1.0,1.0,0.19727272727272732
empirical_share,Empirical Papers,-0.003667926002267896,1.0,1.0,-0.0958181818181818
empirical_share,Empirical Papers,-0.003709456564692223,1.0,1.0,-0.11836363636363637
empirical_share,Empirical Papers,-0.005344028123609208,1.0,1.0,-0.2767857142857143
empirical_share,Empirical Papers,-0.005584621875596461,1.0,1.0,0.17359999999999998
empirical_share,Empirical Papers,-0.016419430626233928,1.0,1.0,0.10333333333333333
empirical_share,Empirical Papers,-0.0030132943740798362,1.0,1.0,0.27618181818181814
empirical_share,Empirical Papers,2.5338640737070112e-06,1.0,1.0,-0.13285714285714287
empirical_share,Empirical Papers,-0.009955165459973497,1.0,1.0,-0.124
empirical_share,Empirical Papers,-0.003989615586826442,1.0,1.0,-0.24236363636363636
empirical_share,Empirical Papers,-0.01125673730654376,1.0,1.0,0.09300000000000003
empirical_share,Empirical Papers,-0.007248845843588822,1.0,1.0,-0.11421052631578948
empirical_share,Empirical Papers,-0.0031699492337264783,1.0,1.0,0.14090909090909093
empirical_share,Empirical Papers,-0.001960207488564788,1.0,1.0,0.12853658536585366
empirical_share,Empirical Papers,-0.002136458957396128,1.0,1.0,-0.037804878048780466
empirical_share,Empirical Papers,-0.008957572375550312,1.0,1.0,-0.18083333333333335
empirical_share,Empirical Papers,-0.009135344976112115,1.0,1.0,-0.23249999999999998
empirical_share,Empirical Papers,-0.009619694734915328,1.0,1.0,0.186
empirical_share,Empirical Papers,-0.008245862499690759,1.0,1.0,0.15499999999999997
empirical_share,Empirical Papers,-0.013146635724975519,1.0,1.0,-0.31
empirical_share,Empirical Papers,-0.00851288553512719,1.0,1.0,0.02583333333333332
empirical_share,Empirical Papers,-0.007197991710263477,1.0,1.0,-0.016315789473684228
empirical_share,Empirical Papers,-0.00985954279817146,1.0,1.0,0.0
empirical_share,Empirical Papers,-0.009953719492468933,1.0,1.0,-0.093
empirical_share,Empirical Papers,-0.015034484121830938,1.0,1.0,0.04428571428571426
empirical_share,Empirical Papers,-0.010409979137417327,1.0,1.0,-0.279
empirical_share,Empirical Papers,-0.004247888195800687,1.0,1.0,0.2657142857142856
empirical_share,Empirical Papers,-0.008063096185787186,1.0,1.0,0.25833333333333336
empirical_share,Empirical Papers,-0.0022851850055146724,1.0,1.0,-0.052926829268292674
empirical_share,Empirical Papers,-0.0010124235488512992,1.0,1.0,0.0
empirical_share,Empirical Papers,-0.003945487897038124,1.0,1.0,-0.23109090909090907
empirical_share,Empirical Papers,-0.004579686540259705,1.0,1.0,0.05535714285714283
empirical_share,Empirical Papers,-0.011828741093764727,1.0,1.0,-0.31
empirical_share,Empirical Papers,-0.002071345626778467,1.0,1.0,0.06804878048780488
empirical_share,Empirical Papers,-0.002444472604334813,1.0,1.0,-0.08317073170731709
empirical_share,Empirical Papers,-0.0035091719280869607,1.0,1.0,-0.005636363636363606
empirical_share,Empirical Papers,-0.0034045769228741854,1.0,1.0,0.028181818181818197
empirical_share,Empirical Papers,-0.008038232745143306,1.0,1.0,0.2841666666666666
empirical_share,Empirical Papers,-0.005033863126344472,1.0,1.0,-0.1217857142857143
empirical_share,Empirical Papers,-0.013305299276252562,1.0,1.0,0.31
empirical_share,Empirical Papers,-0.0030571257702779802,1.0,1.0,0.20854545454545453
empirical_share,Empirical Papers,-0.007246648754998174,1.0,1.0,-0.08157894736842106
empirical_share,Empirical Papers,-0.002527440026132055,1.0,1.0,-0.14365853658536587
empirical_share,Empirical Papers,-0.0018972903165699899,1.0,1.0,0.17390243902439023
empirical_share,Empirical Papers,-0.0011186478355669262,1.0,1.0,-0.030999999999999972
empirical_share,Empirical Papers,-0.002126274018909144,1.0,1.0,-0.022682926829268313
empirical_share,Empirical Papers,-0.003197533910112306,1.0,1.0,0.1183636363636364
empirical_share,Empirical Papers,-0.010341387951356296,1.0,1.0,-0.248
empirical_share,Empirical Papers,-0.0041294954339587036,1.0,1.0,-0.29872727272727273
empirical_share,Empirical Papers,-0.012991315431344625,1.0,1.0,-0.07750000000000001
empirical_share,Empirical Papers,-0.009622123012295817,1.0,1.0,0.15499999999999997
empirical_share,Empirical Papers,-0.0030410062481081293,1.0,1.0,0.21981818181818186
empirical_share,Empirical Papers,-0.007591271538212889,1.0,1.0,-0.24473684210526314
empirical_share,Empirical Papers,-0.004249342580319299,1.0,1.0,0.2546428571428571
empirical_share,Empirical Papers,-0.0043998872317659215,1.0,1.0,0.16607142857142854
empirical_share,Empirical Papers,-0.004203721932020535,1.0,1.0,0.31
empirical_share,Empirical Papers,-0.0012115520823934851,1.0,1.0,-0.124
empirical_share,Empirical Papers,0.0002956271421138295,1.0,1.0,-0.02657142857142858
empirical_share,Empirical Papers,-0.00854264904155082,1.0,1.0,-0.02583333333333332
empirical_share,Empirical Papers,-0.013471181319032062,1.0,1.0,0.22142857142857147
empirical_share,Empirical Papers,-0.014085073453068211,1.0,1.0,-0.014761904761904754
empirical_share,Empirical Papers,-0.00038203813250777745,1.0,1.0,0.21700000000000003
empirical_share,Empirical Papers,-0.013439236429749323,1.0,1.0,0.250952380952381
empirical_share,Empirical Papers,-0.0036154126729181805,1.0,1.0,-0.05072727272727273
empirical_share,Empirical Papers,-0.004582237624392021,1.0,1.0,0.04428571428571426
empirical_share,Empirical Papers,-0.003660581588704394,1.0,1.0,-0.08454545454545453
empirical_share,Empirical Papers,-0.013763457779861429,1.0,1.0,0.1623809523809524
empirical_share,Empirical Papers,-0.015706975580055366,1.0,1.0,-0.31
empirical_share,Empirical Papers,-0.014368584450026083,1.0,1.0,-0.2509523809523809
empirical_share,Empirical Papers,-0.015902055456802493,1.0,1.0,0.31
empirical_share,Empirical Papers,-0.012302404784751404,1.0,1.0,0.15499999999999997
empirical_share,Empirical Papers,-0.010507776907024358,1.0,1.0,-0.31
empirical_share,Empirical Papers,-0.016471707995807078,1.0,1.0,-0.10333333333333333
empirical_share,Empirical Papers,-0.014208250174541439,1.0,1.0,-0.10333333333333333
empirical_share,Empirical Papers,-0.006528971755373025,1.0,1.0,-0.2604
empirical_share,Empirical Papers,-0.007294454494205258,1.0,1.0,-0.1794736842105263
empirical_share,Empirical Papers,-0.009887236534775936,1.0,1.0,-0.062
empirical_share,Empirical Papers,-0.014345033826474061,1.0,1.0,-0.1919047619047619
empirical_share,Empirical Papers,-0.017286814057421704,1.0,1.0,-0.31
empirical_share,Empirical Papers,-0.020209559426945783,1.0,1.0,0.0
empirical_share,Empirical Papers,-0.013012671477051168,1.0,1.0,-0.155
empirical_share,Empirical Papers,-0.0027185597220041394,1.0,1.0,-0.24951219512195122
empirical_share,Empirical Papers,-0.005457409068781258,1.0,1.0,0.2728
empirical_share,Empirical Papers,-0.004721008592859075,1.0,1.0,-0.04428571428571432
empirical_share,Empirical Papers,-0.010594134079290928,1.0,1.0,0.31
empirical_share,Empirical Papers,-0.004863118186558766,1.0,1.0,-0.08857142857142858
empirical_share,Empirical Papers,-0.013979816804925865,1.0,1.0,0.07380952380952382
empirical_share,Empirical Papers,-0.0030132943740798362,1.0,1.0,0.28745454545454546
empirical_share,Empirical Papers,-0.0021232870501479996,1.0,1.0,-0.007560975609756104
empirical_share,Empirical Papers,-0.0026902979506322356,1.0,1.0,-0.21926829268292683
empirical_share,Empirical Papers,-0.009067342353379347,1.0,1.0,-0.20666666666666667
empirical_share,Empirical Papers,-0.00601396451295342,1.0,1.0,-0.012400000000000022
empirical_share,Empirical Papers,-0.003027289755075766,1.0,1.0,0.2536363636363636
empirical_share,Empirical Papers,-0.014059831361756082,1.0,1.0,0.014761904761904754
empirical_share,Empirical Papers,-0.0018712529935958856,1.0,1.0,0.18902439024390244
empirical_share,Empirical Papers,-0.0032669674525890964,1.0,1.0,0.0958181818181818
empirical_share,Empirical Papers,-0.006262202496062727,1.0,1.0,-0.1736
empirical_share,Empirical Papers,-0.0042585795855973555,1.0,1.0,0.23249999999999998
empirical_share,Empirical Papers,-0.009262443687718589,1.0,1.0,-0.31
empirical_share,Empirical Papers,-0.005406924493133468,1.0,1.0,-0.28785714285714287
empirical_share,Empirical Papers,-0.014352641411763544,1.0,1.0,-0.22142857142857142
empirical_share,Empirical Papers,-0.0015705894134377678,1.0,1.0,0.31
empirical_share,Empirical Papers,0.003419054309669431,0.0,0.0,0.2411111111111111
empirical_share,Empirical Papers,0.004956606166034869,0.0,0.0,-0.2962222222222222
empirical_share,Empirical Papers,0.008955708054045082,0.0,0.0,-0.1919047619047619
empirical_share,Empirical Papers,0.0074708075824365585,0.0,0.0,-0.31
empirical_share,Empirical Papers,0.005717505383054209,0.0,0.0,0.034444444444444444
empirical_share,Empirical Papers,0.01243359433135715,0.0,0.0,0.27125000000000005
empirical_share,Empirical Papers,0.016537370368171014,0.0,0.0,-0.186
empirical_share,Empirical Papers,0.002815995567658115,0.0,0.0,-0.017222222222222194
empirical_share,Empirical Papers,0.006872414776149382,0.0,0.0,0.0953846153846154
empirical_share,Empirical Papers,0.009129569173122775,0.0,0.0,-0.16238095238095238
empirical_share,Empirical Papers,0.0030972771674765654,0.0,0.0,0.12055555555555558
empirical_share,Empirical Papers,0.01097105504729793,0.0,0.0,0.19375000000000003
empirical_share,Empirical Papers,0.00763667235952362,0.0,0.0,-0.19518518518518518
empirical_share,Empirical Papers,0.006732075237907824,0.0,0.0,0.02384615384615385
empirical_share,Empirical Papers,0.003793672338451056,0.0,0.0,-0.1784848484848485
empirical_share,Empirical Papers,0.005387178870919999,0.0,0.0,-0.08955555555555555
empirical_share,Empirical Papers,0.003727321353771462,0.0,0.0,-0.2724242424242424
empirical_share,Empirical Papers,0.0038553404977904417,0.0,0.0,-0.08454545454545453
empirical_share,Empirical Papers,0.01138868917541791,0.0,0.0,-0.27125
empirical_share,Empirical Papers,0.004155479895421973,0.0,0.0,0.009393939393939399
empirical_share,Empirical Papers,0.004807265903570986,0.0,0.0,0.2912121212121212
empirical_share,Empirical Papers,0.015314136642129775,0.0,0.0,-0.17222222222222222
empirical_share,Empirical Papers,0.003353902009463456,0.0,0.0,0.22388888888888886
empirical_share,Empirical Papers,0.00470005756912687,0.0,0.0,0.1972727272727272
empirical_share,Empirical Papers,0.0024280685460839665,0.0,0.0,-0.20666666666666667
empirical_share,Empirical Papers,0.0019344446494401655,0.0,0.0,0.07482758620689656
empirical_share,Empirical Papers,0.007533033495118155,0.0,0.0,-0.2411111111111111
empirical_share,Empirical Papers,0.0032553228936316406,0.0,0.0,0.18944444444444447
empirical_share,Empirical Papers,0.004391693468239064,0.0,0.0,0.12212121212121213
empirical_share,Empirical Papers,0.004194579403077218,0.0,0.0,0.04696969696969694
empirical_share,Empirical Papers,0.00658033881219009,0.0,0.0,-0.11923076923076922
empirical_share,Empirical Papers,0.005363879996175492,0.0,0.0,-0.10333333333333333
empirical_share,Empirical Papers,0.006022314302535749,0.0,0.0,0.28244444444444444
empirical_share,Empirical Papers,0.011031654363803024,0.0,0.0,0.27125000000000005
empirical_share,Empirical Papers,0.005603918183739499,0.0,0.0,0.006888888888888889
empirical_share,Empirical Papers,0.00576841103550645,0.0,0.0,0.07577777777777778
empirical_share,Empirical Papers,0.016927999363217882,0.0,0.0,0.062
empirical_share,Empirical Papers,0.003716923000012883,0.0,0.0,-0.2912121212121212
empirical_share,Empirical Papers,0.005820030072277792,0.0,0.0,0.17222222222222222
empirical_share,Empirical Papers,0.0057432513118127046,0.0,0.0,0.062
empirical_share,Empirical Papers,0.007513203895493645,0.0,0.0,-0.28703703703703703
empirical_share,Empirical Papers,0.011013345045285531,0.0,0.0,0.23249999999999998
empirical_share,Empirical Papers,0.008111143296832986,0.0,0.0,-0.05740740740740741
empirical_share,Empirical Papers,0.0051973338804175715,0.0,0.0,-0.17222222222222222
empirical_share,Empirical Papers,0.005335515408348846,0.0,0.0,-0.11711111111111111
empirical_share,Empirical Papers,0.009996680576399568,0.0,0.0,0.31
empirical_share,Empirical Papers,0.00830471839512671,0.0,0.0,-0.011481481481481481
empirical_share,Empirical Papers,0.008673242558860941,0.0,0.0,0.31
empirical_share,Empirical Papers,0.014173116164772098,0.0,0.0,-0.2623076923076923
empirical_share,Empirical Papers,0.008570686682080804,0.0,0.0,0.26407407407407407
empirical_share,Empirical Papers,0.012484195582910668,0.0,0.0,0.31
empirical_share,Empirical Papers,0.016873881408146992,0.0,0.0,0.020666666666666667
empirical_share,Empirical Papers,0.007419451759592526,0.0,0.0,0.31
empirical_share,Empirical Papers,0.006389540183869948,0.0,0.0,-0.2623076923076923
empirical_share,Empirical Papers,0.01202511840737102,0.0,0.0,0.11625000000000002
empirical_share,Empirical Papers,0.007601714893556559,0.0,0.0,-0.21814814814814815
empirical_share,Empirical Papers,0.011605184618444241,0.0,0.0,-0.155
empirical_share,Empirical Papers,0.009906627472706387,0.0,0.0,0.19190476190476197
empirical_share,Empirical Papers,0.00436773987773694,0.0,0.0,0.10333333333333333
empirical_share,Empirical Papers,0.00640845611799742,0.0,0.0,-0.23846153846153845
empirical_share,Empirical Papers,0.005929727526912538,0.0,0.0,0.2548888888888889
empirical_share,Empirical Papers,0.008754954750534588,0.0,0.0,-0.31
empirical_share,Empirical Papers,0.006668634945830489,0.0,0.0,-0.0476923076923077
empirical_share,Empirical Papers,0.0038472128513199443,0.0,0.0,-0.10333333333333333
empirical_share,Empirical Papers,0.0066433467721956265,0.0,0.0,-0.09538461538461537
empirical_share,Empirical Papers,0.01384811351863829,0.0,0.0,0.31
empirical_share,Empirical Papers,0.0034622179059895604,0.0,0.0,0.25833333333333336
empirical_share,Empirical Papers,0.008391397708522106,0.0,0.0,0.05740740740740741
empirical_share,Empirical Papers,0.0030614926517476843,0.0,0.0,0.08611111111111108
empirical_share,Empirical Papers,0.010412683186794431,0.0,0.0,-0.07750000000000001
empirical_share,Empirical Papers,0.0052570368602108015,0.0,0.0,-0.14466666666666667
empirical_share,Empirical Papers,0.0066433467721956265,0.0,0.0,-0.07153846153846152
empirical_share,Empirical Papers,0.017016576531817793,0.0,0.0,0.10333333333333333
empirical_share,Empirical Papers,0.005164537313436431,0.0,0.0,-0.19977777777777778
empirical_share,Empirical Papers,0.005507803486551227,0.0,0.0,-0.020666666666666667
empirical_share,Empirical Papers,0.004553608540582516,0.0,0.0,0.15969696969696967
empirical_share,Empirical Papers,0.008392063574071294,0.0,0.0,0.08037037037037037
empirical_share,Empirical Papers,0.0058273483902408045,0.0,0.0,0.19977777777777778
empirical_share,Empirical Papers,0.005006225073487766,0.0,0.0,-0.28244444444444444
empirical_share,Empirical Papers,0.010048069112775105,0.0,0.0,-0.31
empirical_share,Empirical Papers,0.009358480259568279,0.0,0.0,0.014761904761904754
empirical_share,Empirical Papers,0.008003353752534057,0.0,0.0,-0.10333333333333333
empirical_share,Empirical Papers,0.011666478631875891,0.0,0.0,-0.11624999999999999
empirical_share,Empirical Papers,0.01657909806610067,0.0,0.0,-0.14466666666666667
empirical_share,Empirical Papers,0.007145201767151262,0.0,0.0,0.16692307692307695
empirical_share,Empirical Papers,0.006803266685724932,0.0,0.0,0.07153846153846155
empirical_share,Empirical Papers,0.003494262844848673,0.0,0.0,0.2755555555555556
empirical_share,Empirical Papers,0.003954178465558769,0.0,0.0,-0.06575757575757576
empirical_share,Empirical Papers,0.008952696187188603,0.0,0.0,-0.22142857142857142
empirical_share,Empirical Papers,0.0037511781046228767,0.0,0.0,-0.19727272727272727
empirical_share,Empirical Papers,0.008544619427399577,0.0,0.0,0.17222222222222222
empirical_share,Empirical Papers,0.010725574239073478,0.0,0.0,0.07750000000000001
empirical_share,Empirical Papers,0.008911150420035801,0.0,0.0,-0.2509523809523809
empirical_share,Empirical Papers,0.017767792754882626,0.0,0.0,0.31
empirical_share,Empirical Papers,0.0040175110656248255,0.0,0.0,-0.028181818181818197
empirical_share,Empirical Papers,0.007905578758253543,0.0,0.0,-0.14925925925925926
empirical_share,Empirical Papers,0.0025538096459091363,0.0,0.0,-0.155
empirical_share,Empirical Papers,0.002497350732101231,0.0,0.0,-0.17222222222222222
empirical_share,Empirical Papers,0.006487609616030573,0.0,0.0,-0.16692307692307692
empirical_share,Empirical Papers,0.013438396030082626,0.0,0.0,0.04428571428571426
empirical_share,Empirical Papers,0.007027590983496901,0.0,0.0,0.1430769230769231
empirical_share,Empirical Papers,0.016000929133416383,0.0,0.0,0.034444444444444444
empirical_share,Empirical Papers,0.011524370925699787,0.0,0.0,-0.23249999999999998
empirical_share,Empirical Papers,0.015106581463537664,0.0,0.0,0.2623076923076923
empirical_share,Empirical Papers,0.011703157403293498,0.0,0.0,-0.07750000000000001
empirical_share,Empirical Papers,0.013462396726178043,0.0,0.0,0.08857142857142852
empirical_share,Empirical Papers,0.011728890153978246,0.0,0.0,-0.03875000000000001
empirical_share,Empirical Papers,0.011179590646862044,0.0,0.0,0.31
empirical_share,Empirical Papers,0.010433642261060985,0.0,0.0,0.0
empirical_share,Empirical Papers,0.008425977232098744,0.0,0.0,0.10333333333333333
empirical_share,Empirical Papers,0.008586300105626091,0.0,0.0,0.28703703703703703
empirical_share,Empirical Papers,0.01023864142982265,0.0,0.0,-0.155
empirical_share,Empirical Papers,0.008827022438971993,0.0,0.0,-0.2804761904761905
empirical_share,Empirical Papers,0.009240645864713279,0.0,0.0,-0.0738095238095238
empirical_share,Empirical Papers,0.021636174726895344,0.0,0.0,0.0
empirical_share,Empirical Papers,0.008235581133835056,0.0,0.0,-0.034444444444444444
empirical_share,Empirical Papers,0.007943875195049724,0.0,0.0,-0.1262962962962963
empirical_share,Empirical Papers,0.004465027432191972,0.0,0.0,0.14090909090909093
empirical_share,Empirical Papers,0.008557110211363623,0.0,0.0,0.19518518518518518
empirical_share,Empirical Papers,0.0040446266335855555,0.0,0.0,-0.009393939393939399
empirical_share,Empirical Papers,0.009652101075232936,0.0,0.0,0.07380952380952382
empirical_share,Empirical Papers,0.01650889637778212,0.0,0.0,-0.31
empirical_share,Empirical Papers,0.003005794383722936,0.0,0.0,0.051666666666666694
empirical_share,Empirical Papers,0.0037333864006418474,0.0,0.0,-0.25363636363636366
empirical_share,Empirical Papers,0.004016343722634601,0.0,0.0,-0.046969696969696995
empirical_share,Empirical Papers,0.00995098174593196,0.0,0.0,0.22142857142857147
empirical_share,Empirical Papers,0.004356274408486761,0.0,0.0,0.08454545454545453
empirical_share,Empirical Papers,0.009663613208941546,0.0,0.0,0.1328571428571429
empirical_share,Empirical Papers,0.015366510638930506,0.0,0.0,-0.10333333333333333
empirical_share,Empirical Papers,0.0005500906055868909,0.0,0.0,0.062
empirical_share,Empirical Papers,0.006457663984841844,0.0,0.0,-0.19076923076923075
empirical_share,Empirical Papers,0.0061846975907955066,0.0,0.0,-0.31
empirical_share,Empirical Papers,0.010183350382136892,0.0,0.0,-0.27125
empirical_share,Empirical Papers,0.005437387703511309,0.0,0.0,-0.07577777777777778
empirical_share,Empirical Papers,0.010340656136549388,0.0,0.0,-0.11624999999999999
empirical_share,Empirical Papers,0.01651728772617205,0.0,0.0,-0.26866666666666666
empirical_share,Empirical Papers,0.0058215809671924475,0.0,0.0,0.186
empirical_share,Empirical Papers,0.0008700920352930472,0.47375886524822697,0.47375886524822697,0.2745714285714285
empirical_share,Empirical Papers,0.006126517596909697,0.20588235294117646,0.20588235294117646,0.31
empirical_share,Empirical Papers,-0.005086364982647848,0.6619718309859155,0.6619718309859155,-0.155
empirical_share,Empirical Papers,0.003642785829931345,0.05660377358490566,0.05660377358490566,-0.31
empirical_share,Empirical Papers,-0.0025153631663951633,0.6213592233009708,0.6213592233009708,-0.11341463414634145
empirical_share,Empirical Papers,0.014948333115638679,0.25,0.25,0.11923076923076925
empirical_share,Empirical Papers,-0.010251738128223902,0.6130653266331658,0.6130653266331658,-0.217
empirical_share,Empirical Papers,-0.0036418395083634733,0.5195154777927322,0.5195154777927322,-0.07327272727272727
empirical_share,Empirical Papers,-0.0002015679471735997,0.3779527559055118,0.3779527559055118,-0.29228571428571426
empirical_share,Empirical Papers,-0.004510707177684182,0.7846153846153846,0.7846153846153846,0.09964285714285709
empirical_share,Empirical Papers,-0.003811406380655148,0.06741573033707865,0.06741573033707865,-0.15218181818181817
empirical_share,Empirical Papers,-0.00930143122937834,0.5741935483870968,0.5741935483870968,0.31
empirical_share,Empirical Papers,0.01811121066095267,0.20689655172413793,0.20689655172413793,0.31
empirical_share,Empirical Papers,-0.004513128577051992,0.7253886010362695,0.7253886010362695,0.08857142857142852
empirical_share,Empirical Papers,0.00012444804870119424,0.49846153846153846,0.49846153846153846,-0.09742857142857142
empirical_share,Empirical Papers,-0.004527662186781702,0.32,0.32,0.07749999999999996
empirical_share,Empirical Papers,-0.00814001590651317,0.8055555555555556,0.8055555555555556,0.18083333333333335
empirical_share,Empirical Papers,0.01135002321856333,0.10476190476190476,0.10476190476190476,-0.31
empirical_share,Empirical Papers,-0.00446410770081728,0.5462962962962963,0.5462962962962963,0.12178571428571427
empirical_share,Empirical Papers,0.004777956929582576,0.45454545454545453,0.45454545454545453,0.2348484848484848
empirical_share,Empirical Papers,-0.003925391231834776,0.6706586826347305,0.6706586826347305,-0.20854545454545453
empirical_share,Empirical Papers,0.0014321150323791919,0.44984802431610943,0.44984802431610943,-0.18172413793103448
empirical_share,Empirical Papers,0.0027854865853322855,0.4166666666666667,0.4166666666666667,-0.051666666666666694
empirical_share,Empirical Papers,-0.011443718277775993,0.8661971830985915,0.8661971830985915,-0.062
empirical_share,Empirical Papers,0.009225194651798834,0.10077519379844961,0.10077519379844961,-0.10333333333333333
empirical_share,Empirical Papers,0.0026515770701461237,0.49038461538461536,0.49038461538461536,-0.10333333333333333
empirical_share,Empirical Papers,0.01787509351000478,0.21875,0.21875,-0.31
empirical_share,Empirical Papers,-0.006401831962236105,0.7359550561797753,0.7359550561797753,-0.2356
psychology_share,Psychology Journals,0.0002999723367453532,0.2994269340974212,0.2994269340974212,0.028181818181818197
psychology_share,Psychology Journals,0.00274148716461777,0.22950819672131148,0.22950819672131148,-0.24673469387755104
psychology_share,Psychology Journals,0.0003222048058457429,0.26200873362445415,0.26200873362445415,0.056363636363636394
psychology_share,Psychology Journals,0.0007763050979324327,0.16017316017316016,0.16017316017316016,-0.12130434782608696
psychology_share,Psychology Journals,-0.002270724418880373,0.058823529411764705,0.058823529411764705,0.17359999999999998
psychology_share,Psychology Journals,-0.002476515426412204,0.0,0.0,-0.09920000000000001
psychology_share,Psychology Journals,0.005177724191754264,1.0,1.0,0.15499999999999997
psychology_share,Psychology Journals,0.0023796598822673804,0.24662162162162163,0.24662162162162163,0.03677966101694913
psychology_share,Psychology Journals,0.0017524182715864518,0.2631578947368421,0.2631578947368421,0.13980392156862748
psychology_share,Psychology Journals,-0.00042425719514485247,0.225,0.225,0.08973684210526317
psychology_share,Psychology Journals,0.0007879189161685692,0.02912621359223301,0.02912621359223301,-0.09434782608695652
psychology_share,Psychology Journals,-0.00211809045298815,0.06097560975609756,0.06097560975609756,-0.2808235294117647
psychology_share,Psychology Journals,-0.002462673297599763,0.0,0.0,-0.08680000000000002
psychology_share,Psychology Journals,0.011414623261562737,1.0,1.0,0.31
psychology_share,Psychology Journals,0.0032672879322430924,0.3333333333333333,0.3333333333333333,0.2846938775510203
psychology_share,Psychology Journals,0.013526431486424469,0.42857142857142855,0.42857142857142855,-0.31
psychology_share,Psychology Journals,-0.0016561278032485422,0.1836734693877551,0.1836734693877551,0.10576470588235293
psychology_share,Psychology Journals,3.8679218463142094e-05,0.23963133640552994,0.23963133640552994,-0.1409090909090909
psychology_share,Psychology Journals,0.0018417412329491355,0.271889400921659,0.271889400921659,0.22490196078431374
psychology_share,Psychology Journals,0.010024045031218898,0.5,0.5,0.2066666666666666
psychology_share,Psychology Journals,-0.0015495871662532404,0.14285714285714285,0.14285714285714285,0.2443529411764706
psychology_share,Psychology Journals,-0.001530162611677695,0.08196721311475409,0.08196721311475409,0.27352941176470585
psychology_share,Psychology Journals,-0.0018137848013505032,0.0,0.0,-0.06929411764705884
psychology_share,Psychology Journals,-0.0016072165604770852,0.0,0.0,0.16411764705882353
psychology_share,Psychology Journals,0.0015671916115735855,1.0,1.0,0.006078431372549042
psychology_share,Psychology Journals,0.0025997604594249655,0.38461538461538464,0.38461538461538464,0.2889830508474576
psychology_share,Psychology Journals,0.0029379359434324377,0.3333333333333333,0.3333333333333333,0.05693877551020404
psychology_share,Psychology Journals,-0.0014554628621790437,0.1864406779661017,0.1864406779661017,-0.289672131147541
psychology_share,Psychology Journals,-0.0001769906116436849,0.2892561983471074,0.2892561983471074,0.27736842105263154
psychology_share,Psychology Journals,0.002229322076382314,0.2909090909090909,0.2909090909090909,-0.12084745762711865
psychology_share,Psychology Journals,-0.0017521464094677887,0.1724137931034483,0.1724137931034483,0.003647058823529392
psychology_share,Psychology Journals,-0.00344170887607882,0.08108108108108109,0.08108108108108109,-0.22733333333333333
psychology_share,Psychology Journals,-0.00106710312066893,0.030303030303030304,0.030303030303030304,0.03557377049180327
psychology_share,Psychology Journals,-0.0039398635421096975,0.0,0.0,-0.155
psychology_share,Psychology Journals,0.009565408104002958,1.0,1.0,-0.20666666666666667
psychology_share,Psychology Journals,0.00683366764482392,0.4166666666666667,0.4166666666666667,-0.19727272727272727
psychology_share,Psychology Journals,-0.0022516493696408575,0.1111111111111111,0.1111111111111111,0.21079999999999993
psychology_share,Psychology Journals,0.006010496189301912,0.40625,0.40625,0.31
psychology_share,Psychology Journals,0.0007314358181338415,0.25,0.25,-0.17521739130434782
psychology_share,Psychology Journals,-0.0005854614649003569,0.7755102040816326,0.7755102040816326,-0.057105263157894715
psychology_share,Psychology Journals,0.0009606367049228661,0.25,0.25,0.04043478260869565
psychology_share,Psychology Journals,-0.000575416449077435,0.8333333333333334,0.8333333333333334,-0.04078947368421054
psychology_share,Psychology Journals,0.0031093958783168616,0.9032258064516129,0.9032258064516129,0.18346938775510202
psychology_share,Psychology Journals,-0.0007067378112760922,0.0,0.0,-0.23657894736842106
psychology_share,Psychology Journals,0.004702932131115623,1.0,1.0,-0.31
psychology_share,Psychology Journals,0.0010020836346319787,0.6666666666666666,0.6666666666666666,0.09434782608695652
psychology_share,Psychology Journals,-0.002144470511174967,0.8,0.8,-0.31
psychology_share,Psychology Journals,-0.0009038742355794076,0.8125,0.8125,0.19819672131147542
psychology_share,Psychology Journals,-0.0011044303189513328,0.76,0.76,-0.01524590163934425
psychology_share,Psychology Journals,0.0021993498697140674,0.35555555555555557,0.35555555555555557,-0.1628813559322034
psychology_share,Psychology Journals,-0.001723566090330125,0.14285714285714285,0.14285714285714285,0.040117647058823536
psychology_share,Psychology Journals,0.0016920240925608696,0.25,0.25,0.0911764705882353
psychology_share,Psychology Journals,0.012384247417082536,0.23076923076923078,0.23076923076923078,-0.31
psychology_share,Psychology Journals,-0.002585454643681843,0.0,0.0,-0.1612
psychology_share,Psychology Journals,0.0023913378211341276,1.0,1.0,0.0577966101694915
psychology_share,Psychology Journals,0.002311136620428057,0.33783783783783783,0.33783783783783783,-0.05779661016949156
psychology_share,Psychology Journals,-0.0015833943776073034,0.125,0.125,0.22247058823529414
psychology_share,Psychology Journals,0.001701476658638821,0.37037037037037035,0.37037037037037035,0.10333333333333333
psychology_share,Psychology Journals,-0.0016537892919387524,0.21428571428571427,0.21428571428571427,0.11305882352941177
psychology_share,Psychology Journals,-0.001760010896004003,0.0,0.0,-0.018235294117647072
psychology_share,Psychology Journals,-0.0016709480025071286,0.0,0.0,0.08388235294117646
psychology_share,Psychology Journals,0.003709672097792217,1.0,1.0,0.08857142857142852
psychology_share,Psychology Journals,0.0018245929743706424,0.2962962962962963,0.2962962962962963,0.21274509803921576
psychology_share,Psychology Journals,-0.001736089446981529,0.21428571428571427,0.21428571428571427,0.032823529411764696
psychology_share,Psychology Journals,-0.0021703703743672295,0.2153846153846154,0.2153846153846154,0.28519999999999995
psychology_share,Psychology Journals,0.0038414770856344234,0.275,0.275,0.19928571428571423
psychology_share,Psychology Journals,-0.0033808772518859422,0.0,0.0,-0.20666666666666667
psychology_share,Psychology Journals,-0.003942785941748412,0.0,0.0,-0.23249999999999998
psychology_share,Psychology Journals,0.006280772252195023,1.0,1.0,0.13285714285714284
psychology_share,Psychology Journals,0.0005533288490516459,0.28776978417266186,0.28776978417266186,0.29590909090909095
psychology_share,Psychology Journals,-0.00025076021210445064,0.28125,0.28125,0.2284210526315789
psychology_share,Psychology Journals,-0.00026842115844591527,0.26495726495726496,0.26495726495726496,0.19578947368421057
psychology_share,Psychology Journals,-0.0008496364100752127,0.11333333333333333,0.11333333333333333,0.2795081967213115
psychology_share,Psychology Journals,-0.0040771428961909155,0.08333333333333333,0.08333333333333333,-0.2583333333333333
psychology_share,Psychology Journals,-0.0015404338619871732,0.0,0.0,0.2589411764705882
psychology_share,Psychology Journals,0.006854127101210661,1.0,1.0,-0.08454545454545453
psychology_share,Psychology Journals,0.003442049127745352,0.24082232011747431,0.24082232011747431,-0.1992857142857143
psychology_share,Psychology Journals,0.002554891988781551,0.2441860465116279,0.2441860465116279,0.21542372881355926
psychology_share,Psychology Journals,-0.0005685813425107087,0.20652173913043478,0.20652173913043478,-0.0326315789473684
psychology_share,Psychology Journals,-0.00036190500954719435,0.108,0.108,0.1386842105263158
psychology_share,Psychology Journals,-0.0035808358581556426,0.05,0.05,0.23249999999999998
psychology_share,Psychology Journals,-0.006710628551102523,0.0,0.0,-0.10333333333333333
psychology_share,Psychology Journals,0.002054178106903338,1.0,1.0,-0.25745762711864406
psychology_share,Psychology Journals,-0.0003774469887328988,0.2052980132450331,0.2052980132450331,0.1305263157894737
psychology_share,Psychology Journals,0.0029355234947849754,0.23529411764705882,0.23529411764705882,0.04428571428571426
psychology_share,Psychology Journals,0.0041055848417147125,0.25,0.25,-0.034444444444444444
psychology_share,Psychology Journals,0.0005934285588283764,0.02857142857142857,0.02857142857142857,-0.31
psychology_share,Psychology Journals,-0.0035392907019681876,0.0425531914893617,0.0425531914893617,0.25833333333333336
psychology_share,Psychology Journals,-0.00193888853036933,0.0,0.0,-0.17141176470588235
psychology_share,Psychology Journals,0.006174092349880666,1.0,1.0,-0.04428571428571432
psychology_share,Psychology Journals,0.0023117910550168124,0.34285714285714286,0.34285714285714286,-0.04728813559322037
psychology_share,Psychology Journals,-0.0008856817433156553,0.208955223880597,0.208955223880597,0.22868852459016392
psychology_share,Psychology Journals,0.0004170120920446824,0.19540229885057472,0.19540229885057472,0.15500000000000003
psychology_share,Psychology Journals,-0.0007009889694331946,0.168141592920354,0.168141592920354,-0.21210526315789474
psychology_share,Psychology Journals,-0.003768400699932064,0.22707423580786026,0.22707423580786026,-0.07750000000000001
psychology_share,Psychology Journals,0.0029826336638452545,0.26666666666666666,0.26666666666666666,0.06959183673469388
psychology_share,Psychology Journals,-0.0006747803086070894,0.2079207920792079,0.2079207920792079,-0.18763157894736843
psychology_share,Psychology Journals,-0.0006015828561752268,0.10638297872340426,0.10638297872340426,-0.08157894736842106
psychology_share,Psychology Journals,0.0038862326044442745,0.25,0.25,0.22142857142857136
psychology_share,Psychology Journals,-0.006107859563637369,0.0,0.0,-0.31
psychology_share,Psychology Journals,0.0027577407808001475,1.0,1.0,-0.20877551020408164
psychology_share,Psychology Journals,0.003454520739726886,0.2692307692307692,0.2692307692307692,-0.13285714285714287
psychology_share,Psychology Journals,-0.00013751021806746724,0.18571428571428572,0.18571428571428572,0.2855263157894737
psychology_share,Psychology Journals,-0.004435381916243937,0.2,0.2,-0.22142857142857142
psychology_share,Psychology Journals,0.003498126325970725,0.32558139534883723,0.32558139534883723,-0.08857142857142858
psychology_share,Psychology Journals,0.005034299126144789,0.29906542056074764,0.29906542056074764,0.0
psychology_share,Psychology Journals,0.002611555841516857,0.2727272727272727,0.2727272727272727,0.31
psychology_share,Psychology Journals,-0.00807502982655343,0.047619047619047616,0.047619047619047616,0.0
psychology_share,Psychology Journals,-0.0021603666308775953,0.0625,0.0625,0.29760000000000003
psychology_share,Psychology Journals,-0.00013254087881344387,0.22674418604651161,0.22674418604651161,0.2936842105263158
psychology_share,Psychology Journals,0.013800189104288188,1.0,1.0,-0.10333333333333333
psychology_share,Psychology Journals,0.0031867942016241776,0.2916666666666667,0.2916666666666667,0.25938775510204076
psychology_share,Psychology Journals,0.006762950389024165,0.3235294117647059,0.3235294117647059,-0.25363636363636366
psychology_share,Psychology Journals,0.003321791474255442,0.2571428571428571,0.2571428571428571,-0.28785714285714287
psychology_share,Psychology Journals,0.004039525294137722,0.35714285714285715,0.35714285714285715,-0.2411111111111111
psychology_share,Psychology Journals,-0.0022656691349902244,0.65,0.65,0.186
psychology_share,Psychology Journals,-0.00042114576339969176,0.0,0.0,0.09789473684210526
psychology_share,Psychology Journals,-0.004207259064544883,0.6923076923076923,0.6923076923076923,0.22142857142857136
psychology_share,Psychology Journals,-0.0016372725143908862,0.8461538461538461,0.8461538461538461,0.14952941176470586
psychology_share,Psychology Journals,0.0014020445340988633,1.0,1.0,-0.20058823529411762
psychology_share,Psychology Journals,0.00886822879151965,0.5,0.5,-0.31
psychology_share,Psychology Journals,0.007532184368695494,0.5,0.5,-0.31
psychology_share,Psychology Journals,-0.0022216834728677054,1.0,1.0,0.23559999999999998
psychology_share,Psychology Journals,0.00283845973621993,0.3,0.3,-0.12020408163265306
psychology_share,Psychology Journals,0.002742550457771962,0.2857142857142857,0.2857142857142857,-0.23408163265306123
psychology_share,Psychology Journals,-0.0020808075543972534,0.20689655172413793,0.20689655172413793,-0.2443529411764706
psychology_share,Psychology Journals,0.005561699536678343,0.2647058823529412,0.2647058823529412,-0.06888888888888889
psychology_share,Psychology Journals,-0.0017785943498246973,0.15384615384615385,0.15384615384615385,-0.032823529411764696
psychology_share,Psychology Journals,-0.0034621077224471736,0.0,0.0,-0.26866666666666666
psychology_share,Psychology Journals,0.001634476852543538,1.0,1.0,0.054705882352941215
psychology_share,Psychology Journals,0.0022057257265949105,0.23684210526315788,0.23684210526315788,-0.15237288135593222
psychology_share,Psychology Journals,0.010100611960249759,0.23076923076923078,0.23076923076923078,0.31
psychology_share,Psychology Journals,-0.000837560394080242,0.20689655172413793,0.20689655172413793,0.2896721311475409
psychology_share,Psychology Journals,-0.0005267899294419372,0.09433962264150944,0.09433962264150944,0.0
psychology_share,Psychology Journals,-0.0023255913623438716,0.03125,0.03125,0.11159999999999998
psychology_share,Psychology Journals,-0.0019809897188017207,0.0,0.0,-0.19329411764705884
psychology_share,Psychology Journals,0.0026413802558106353,1.0,1.0,-0.31
psychology_share,Psychology Journals,0.0015894903921780121,0.228310502283105,0.228310502283105,0.018235294117647072
psychology_share,Psychology Journals,0.002211499246381277,0.2608695652173913,0.2608695652173913,-0.13135593220338984
psychology_share,Psychology Journals,-0.00041931962367250977,0.18666666666666668,0.18666666666666668,0.1060526315789474
psychology_share,Psychology Journals,-0.0002126432907089946,0.1125,0.1125,0.26105263157894737
psychology_share,Psychology Journals,-0.0017574735596154994,0.0,0.0,-0.003647058823529392
psychology_share,Psychology Journals,-0.001333525436987904,0.0,0.0,-0.1778688524590164
psychology_share,Psychology Journals,0.002435226208225096,1.0,1.0,0.09983050847457625
psychology_share,Psychology Journals,0.0008067358324697865,0.22674418604651161,0.22674418604651161,-0.06739130434782609
psychology_share,Psychology Journals,-0.0023391448427951297,0.21739130434782608,0.21739130434782608,0.08679999999999999
psychology_share,Psychology Journals,0.0032535587592965607,0.2727272727272727,0.2727272727272727,0.2720408163265306
psychology_share,Psychology Journals,-0.0007675783985866237,0.04819277108433735,0.04819277108433735,-0.3018421052631579
psychology_share,Psychology Journals,-0.0034702020241083402,0.07692307692307693,0.07692307692307693,-0.28933333333333333
psychology_share,Psychology Journals,-0.0023365698250271765,0.0,0.0,0.09920000000000001
psychology_share,Psychology Journals,0.0034181537525504483,1.0,1.0,-0.22142857142857142
psychology_share,Psychology Journals,0.002601219458573058,0.2727272727272727,0.2727272727272727,0.29949152542372875
psychology_share,Psychology Journals,-0.0007289016958261145,0.17886178861788618,0.17886178861788618,-0.26921052631578946
psychology_share,Psychology Journals,1.0062890002360566e-05,0.22012578616352202,0.22012578616352202,-0.21136363636363636
psychology_share,Psychology Journals,-0.00096689672825934,0.0673076923076923,0.0673076923076923,0.15754098360655738
psychology_share,Psychology Journals,-0.0028132377357592392,0.05785123966942149,0.05785123966942149,-0.2852
psychology_share,Psychology Journals,-0.0016525533973803218,0.0,0.0,0.12035294117647055
psychology_share,Psychology Journals,0.0015964888833265981,1.0,1.0,0.0303921568627451
psychology_share,Psychology Journals,0.0022357101578700496,0.2670157068062827,0.2670157068062827,-0.09983050847457628
psychology_share,Psychology Journals,-0.0018052778737126332,0.2,0.2,-0.047411764705882375
psychology_share,Psychology Journals,0.0031096890649993576,0.24,0.24,0.1961224489795918
psychology_share,Psychology Journals,0.00044733954055260506,0.07058823529411765,0.07058823529411765,0.16909090909090913
psychology_share,Psychology Journals,-0.0028132377357592392,0.059322033898305086,0.059322033898305086,-0.2976
psychology_share,Psychology Journals,-0.0016387112685678803,0.0,0.0,0.14223529411764707
psychology_share,Psychology Journals,0.0028489189967442993,1.0,1.0,-0.10755102040816328
psychology_share,Psychology Journals,0.0025169083405854075,0.40384615384615385,0.40384615384615385,0.17338983050847456
psychology_share,Psychology Journals,-0.0017595680163071425,0.2119205298013245,0.2119205298013245,-0.010941176470588232
psychology_share,Psychology Journals,0.0014996386616744012,0.2846153846153846,0.2846153846153846,-0.07901960784313725
psychology_share,Psychology Journals,0.0020788274067746696,0.24489795918367346,0.24489795918367346,-0.2364406779661017
psychology_share,Psychology Journals,0.002920747880393937,0.24867724867724866,0.24867724867724866,-0.006326530612244918
psychology_share,Psychology Journals,0.0019713204821032336,0.3076923076923077,0.3076923076923077,-0.2889830508474576
psychology_share,Psychology Journals,-0.0008971593935486816,0.19540229885057472,0.19540229885057472,0.21852459016393438
psychology_share,Psychology Journals,-6.555010839600575e-05,0.03278688524590164,0.03278688524590164,-0.2959090909090909
psychology_share,Psychology Journals,-0.0002533567636493103,0.0,0.0,0.22026315789473688
psychology_share,Psychology Journals,-0.001292634915811796,0.0,0.0,-0.11688524590163935
psychology_share,Psychology Journals,0.0019944029200128434,1.0,1.0,-0.26796610169491525
psychology_share,Psychology Journals,0.002377188584098202,0.375,0.375,0.02627118644067794
psychology_share,Psychology Journals,0.003521842415965767,0.2289156626506024,0.2289156626506024,-0.022142857142857186
psychology_share,Psychology Journals,7.567826106878903e-05,0.17307692307692307,0.17307692307692307,-0.11272727272727273
psychology_share,Psychology Journals,-4.00010278331518e-05,0.16666666666666666,0.16666666666666666,-0.2677272727272727
psychology_share,Psychology Journals,0.003024604305566849,0.2903225806451613,0.2903225806451613,0.10755102040816322
psychology_share,Psychology Journals,-0.0007394112031498582,0.10416666666666667,0.10416666666666667,-0.2773684210526316
psychology_share,Psychology Journals,-0.0045780000383838495,0.07692307692307693,0.07692307692307693,-0.31
psychology_share,Psychology Journals,0.001332818677090517,0.020833333333333332,0.020833333333333332,-0.2735294117647059
psychology_share,Psychology Journals,-0.0011073541966571763,0.0,0.0,-0.03557377049180327
psychology_share,Psychology Journals,0.008211251039440214,1.0,1.0,-0.31
psychology_share,Psychology Journals,0.0019128701085466527,0.2647058823529412,0.2647058823529412,0.28568627450980394
psychology_share,Psychology Journals,-0.0002936450017979754,0.20588235294117646,0.20588235294117646,0.17947368421052634
psychology_share,Psychology Journals,0.0025223241583262365,0.391304347826087,0.391304347826087,0.18389830508474575
psychology_share,Psychology Journals,0.007798749826716996,1.0,1.0,0.0
psychology_share,Psychology Journals,-0.0036935105086461657,0.5384615384615384,0.5384615384615384,0.0
psychology_share,Psychology Journals,-0.0003607332307877318,0.0,0.0,0.14684210526315788
psychology_share,Psychology Journals,-0.005635553893145134,0.7142857142857143,0.7142857142857143,0.31
psychology_share,Psychology Journals,-0.006263123523774691,0.5555555555555556,0.5555555555555556,0.31
psychology_share,Psychology Journals,-0.005213800362987066,1.0,1.0,0.07750000000000001
psychology_share,Psychology Journals,0.0028750626670308653,0.0,0.0,-0.0948979591836735
psychology_share,Psychology Journals,-0.005213800362987066,1.0,1.0,0.15499999999999997
psychology_share,Psychology Journals,0.004048111167817748,0.3493150684931507,0.3493150684931507,-0.17222222222222222
psychology_share,Psychology Journals,-0.001241362055767659,0.1282051282051282,0.1282051282051282,-0.10672131147540984
psychology_share,Psychology Journals,0.002369788511300415,0.3333333333333333,0.3333333333333333,0.005254237288135566
psychology_share,Psychology Journals,-5.260583840122871e-05,0.043478260869565216,0.043478260869565216,-0.2818181818181818
psychology_share,Psychology Journals,-0.004190809084318518,0.1,0.1,0.31
psychology_share,Psychology Journals,-0.002507352936680233,0.0,0.0,-0.124
psychology_share,Psychology Journals,0.0018634332674066596,1.0,1.0,0.23705882352941182
psychology_share,Psychology Journals,0.002808460716380571,0.23943661971830985,0.23943661971830985,-0.13285714285714287
psychology_share,Psychology Journals,-0.0017423111724137,0.10204081632653061,0.10204081632653061,0.025529411764705856
psychology_share,Psychology Journals,-0.0006316727162086423,0.18292682926829268,0.18292682926829268,-0.13052631578947368
psychology_share,Psychology Journals,0.0004761470812510381,0.1323529411764706,0.1323529411764706,0.21136363636363636
psychology_share,Psychology Journals,-0.0027892430540947238,0.0,0.0,-0.2728
psychology_share,Psychology Journals,-0.0020815173549669466,0.0,0.0,-0.2516470588235294
psychology_share,Psychology Journals,0.0019564212992628735,1.0,1.0,-0.2994915254237288
psychology_share,Psychology Journals,0.0025743804646140124,0.2669902912621359,0.2669902912621359,0.23644067796610163
psychology_share,Psychology Journals,0.0013307885760765691,0.3225806451612903,0.3225806451612903,-0.28568627450980394
psychology_share,Psychology Journals,-0.002440793357970567,0.18181818181818182,0.18181818181818182,-0.03720000000000001
psychology_share,Psychology Journals,5.6400026502918934e-05,0.041666666666666664,0.041666666666666664,-0.1268181818181818
psychology_share,Psychology Journals,-0.004338086291488418,0.07692307692307693,0.07692307692307693,0.04428571428571426
psychology_share,Psychology Journals,-0.001036486676469545,0.0,0.0,0.07622950819672131
psychology_share,Psychology Journals,0.0028929003971017633,1.0,1.0,-0.06959183673469388
psychology_share,Psychology Journals,0.001347086194825084,0.2631578947368421,0.2631578947368421,-0.2492156862745098
psychology_share,Psychology Journals,0.01080314034586035,0.5,0.5,-0.31
psychology_share,Psychology Journals,-0.0031503823596096344,0.0,0.0,0.10333333333333333
psychology_share,Psychology Journals,-0.009641309553369127,0.0,0.0,0.0
psychology_share,Psychology Journals,-0.003942191013645744,0.2,0.2,-0.18083333333333335
psychology_share,Psychology Journals,-0.0018102528480415194,0.0,0.0,-0.062
psychology_share,Psychology Journals,0.012821185413755886,1.0,1.0,0.31
psychology_share,Psychology Journals,0.0036275500399500535,0.25584795321637427,0.25584795321637427,0.02214285714285713
psychology_share,Psychology Journals,-0.0014044991986126639,0.14814814814814814,0.14814814814814814,-0.21852459016393444
psychology_share,Psychology Journals,-0.001510189686003312,0.06962025316455696,0.06962025316455696,0.2954117647058823
psychology_share,Psychology Journals,-0.0004953216314381668,0.11206896551724138,0.11206896551724138,0.024473684210526314
psychology_share,Psychology Journals,-0.0023457054821788997,0.03048780487804878,0.03048780487804878,0.04959999999999998
psychology_share,Psychology Journals,-0.002453507096788863,0.0,0.0,-0.0744
psychology_share,Psychology Journals,0.005005335347799596,1.0,1.0,-0.10333333333333333
psychology_share,Psychology Journals,0.00292910989841753,0.2813852813852814,0.2813852813852814,0.018979591836734644
psychology_share,Psychology Journals,-0.0016751302128996614,0.16304347826086957,0.16304347826086957,0.07658823529411762
psychology_share,Psychology Journals,-0.001163339347685122,0.039473684210526314,0.039473684210526314,-0.06606557377049183
psychology_share,Psychology Journals,0.0004746372168189412,0.21951219512195122,0.21951219512195122,0.19727272727272732
psychology_share,Psychology Journals,-0.002933613899833501,0.03225806451612903,0.03225806451612903,0.2066666666666666
psychology_share,Psychology Journals,-0.002302180457892403,0.0,0.0,0.13639999999999997
psychology_share,Psychology Journals,0.00529434300733096,1.0,1.0,0.2066666666666666
psychology_share,Psychology Journals,0.002591046330610135,0.2823529411764706,0.2823529411764706,0.24694915254237287
psychology_share,Psychology Journals,0.0027826329417136274,0.2827586206896552,0.2827586206896552,-0.17081632653061224
psychology_share,Psychology Journals,0.0014399925916637555,0.2549019607843137,0.2549019607843137,-0.15196078431372548
psychology_share,Psychology Journals,0.001444474295250799,0.36363636363636365,0.36363636363636365,-0.13980392156862745
psychology_share,Psychology Journals,0.0017265762337996867,0.23300970873786409,0.23300970873786409,0.12764705882352945
psychology_share,Psychology Journals,-0.0006028797463188207,0.2222222222222222,0.2222222222222222,-0.09789473684210526
psychology_share,Psychology Journals,-0.003011820642850979,0.12,0.12,0.186
psychology_share,Psychology Journals,-0.0009787663700007894,0.045454545454545456,0.045454545454545456,0.12704918032786883
psychology_share,Psychology Journals,0.002672818505654675,1.0,1.0,-0.2846938775510204
psychology_share,Psychology Journals,-0.0013043439428207398,0.22857142857142856,0.22857142857142856,-0.13721311475409836
psychology_share,Psychology Journals,0.0047078019969895605,0.3076923076923077,0.3076923076923077,-0.2583333333333333
psychology_share,Psychology Journals,0.0016684261658924673,0.0,0.0,0.06686274509803924
psychology_share,Psychology Journals,0.00022753158895115155,0.1590909090909091,0.1590909090909091,-0.04227272727272724
psychology_share,Psychology Journals,-0.0006742343451328455,0.06382978723404255,0.06382978723404255,-0.1794736842105263
psychology_share,Psychology Journals,-0.0036662976199429848,0.0,0.0,0.02583333333333332
psychology_share,Psychology Journals,-2.6642301525910336e-05,0.0,0.0,-0.25363636363636366
psychology_share,Psychology Journals,0.007778621207426704,1.0,1.0,-0.155
psychology_share,Psychology Journals,0.00019824868335282944,0.125,0.125,-0.05636363636363634
psychology_share,Psychology Journals,0.004796035876025855,0.38461538461538464,0.38461538461538464,-0.20666666666666667
psychology_share,Psychology Journals,0.0007642553466571644,0.0,0.0,-0.1482608695652174
psychology_share,Psychology Journals,-0.00010830681518438568,0.5714285714285714,0.5714285714285714,0.31
psychology_share,Psychology Journals,-0.0011000872418480735,0.0,0.0,-0.005081967213114769
psychology_share,Psychology Journals,-0.00375512192993205,0.6666666666666666,0.6666666666666666,-0.02583333333333332
psychology_share,Psychology Journals,0.012102871281580945,0.5,0.5,0.0
psychology_share,Psychology Journals,0.0005598179594547444,1.0,1.0,0.31
psychology_share,Psychology Journals,0.003967897631248687,0.4,0.4,0.31
psychology_share,Psychology Journals,0.004102751725330507,0.2463768115942029,0.2463768115942029,-0.10333333333333333
psychology_share,Psychology Journals,-0.0012049687534153306,0.11818181818181818,0.11818181818181818,-0.08639344262295082
psychology_share,Psychology Journals,-0.000957797960634806,0.05737704918032787,0.05737704918032787,0.16770491803278686
psychology_share,Psychology Journals,0.00012742325462709495,0.12121212121212122,0.12121212121212122,-0.08454545454545453
psychology_share,Psychology Journals,-0.0020360762048975954,0.012987012987012988,0.012987012987012988,-0.22247058823529411
psychology_share,Psychology Journals,-0.0011046967672263398,0.0,0.0,-0.025409836065573788
psychology_share,Psychology Journals,0.0037893428915330204,1.0,1.0,0.15499999999999997
psychology_share,Psychology Journals,0.0029128879618687026,0.28205128205128205,0.28205128205128205,-0.0189795918367347
psychology_share,Psychology Journals,-0.0015741328820179374,0.20454545454545456,0.20454545454545456,0.22976470588235293
psychology_share,Psychology Journals,-0.0036372669591175737,0.10714285714285714,0.10714285714285714,0.12916666666666665
psychology_share,Psychology Journals,-0.0003301097455819282,0.10344827586206896,0.10344827586206896,0.1713157894736842
psychology_share,Psychology Journals,-0.003370170164758194,0.03225806451612903,0.03225806451612903,-0.186
psychology_share,Psychology Journals,-0.0019062749750624528,0.0,0.0,-0.12035294117647058
psychology_share,Psychology Journals,0.006001614609318941,1.0,1.0,0.2755555555555556
psychology_share,Psychology Journals,-0.000609063483335232,0.2222222222222222,0.2222222222222222,-0.10605263157894737
psychology_share,Psychology Journals,0.0010765535926058863,0.2857142857142857,0.2857142857142857,0.17521739130434782
psychology_share,Psychology Journals,-0.0022165469315823818,0.14285714285714285,0.14285714285714285,0.24799999999999994
psychology_share,Psychology Journals,-0.000742553165673193,0.05555555555555555,0.05555555555555555,-0.2855263157894737
psychology_share,Psychology Journals,-0.004318230395609351,0.09090909090909091,0.09090909090909091,0.13285714285714284
psychology_share,Psychology Journals,-0.0018055597038403582,0.0,0.0,-0.05470588235294116
psychology_share,Psychology Journals,0.010182157478923681,1.0,1.0,-0.31
psychology_share,Psychology Journals,0.0014643197507579028,0.3333333333333333,0.3333333333333333,-0.10333333333333333
psychology_share,Psychology Journals,0.0049782350959236745,0.3333333333333333,0.3333333333333333,-0.155
psychology_share,Psychology Journals,-0.0019572352738129344,0.0,0.0,-0.1787058823529412
psychology_share,Psychology Journals,0.005669981850433359,1.0,1.0,0.13777777777777778
psychology_share,Psychology Journals,-0.00020989593837240426,0.1875,0.1875,0.2692105263157895
psychology_share,Psychology Journals,-0.000244289316301729,0.19726027397260273,0.19726027397260273,0.23657894736842106
psychology_share,Psychology Journals,-0.002062303670682862,0.11304347826086956,0.11304347826086956,-0.22976470588235293
psychology_share,Psychology Journals,-0.0031427969488649677,0.04680851063829787,0.04680851063829787,0.124
psychology_share,Psychology Journals,-0.00667950929922847,0.0,0.0,0.10333333333333333
psychology_share,Psychology Journals,0.0019782339436326454,1.0,1.0,-0.27847457627118644
psychology_share,Psychology Journals,0.002444084499167618,0.25450762829403606,0.25450762829403606,0.1313559322033898
psychology_share,Psychology Journals,-0.001385796729654314,0.195,0.195,-0.2083606557377049
psychology_share,Psychology Journals,-0.0006110243859209181,0.15789473684210525,0.15789473684210525,-0.11421052631578948
psychology_share,Psychology Journals,-0.0006937891283036658,0.06287425149700598,0.06287425149700598,-0.1957894736842105
psychology_share,Psychology Journals,-0.0032549125042032746,0.0467706013363029,0.0467706013363029,-0.10333333333333333
psychology_share,Psychology Journals,-0.00109380784676976,0.0,0.0,0.025409836065573732
psychology_share,Psychology Journals,0.005513706704208194,1.0,1.0,-0.10333333333333333
psychology_share,Psychology Journals,0.0031086447632947952,0.3076923076923077,0.3076923076923077,0.17081632653061224
psychology_share,Psychology Journals,-0.0015936376735283296,0.17391304347826086,0.17391304347826086,0.19329411764705878
psychology_share,Psychology Journals,-0.0007991733916562268,0.14666666666666667,0.14666666666666667,0.29983606557377046
psychology_share,Psychology Journals,0.006443165158468186,0.2903225806451613,0.2903225806451613,0.31
psychology_share,Psychology Journals,-0.0021926611981622902,0.04040404040404041,0.04040404040404041,0.2604
psychology_share,Psychology Journals,-0.001584247059438937,0.0,0.0,0.21517647058823525
psychology_share,Psychology Journals,0.005022939794511024,1.0,1.0,-0.051666666666666694
psychology_share,Psychology Journals,0.002889026873973373,0.25,0.25,-0.08224489795918369
psychology_share,Psychology Journals,-0.001587497179415985,0.15254237288135594,0.15254237288135594,0.20788235294117646
psychology_share,Psychology Journals,-0.0032508652837795805,0.0851063829787234,0.0851063829787234,-0.062
psychology_share,Psychology Journals,0.00013370155164819637,0.11764705882352941,0.11764705882352941,-0.07045454545454544
psychology_share,Psychology Journals,-0.0019367192075547466,0.013888888888888888,0.013888888888888888,-0.16411764705882353
psychology_share,Psychology Journals,-0.0016387112685678803,0.0,0.0,0.13494117647058823
psychology_share,Psychology Journals,0.005620484452993082,1.0,1.0,0.10333333333333333
psychology_share,Psychology Journals,0.002136744752933937,0.23974763406940064,0.23974763406940064,-0.19440677966101694
psychology_share,Psychology Journals,-0.0011607383950842534,0.21621621621621623,0.21621621621621623,-0.05590163934426229
psychology_share,Psychology Journals,-0.002438787515112884,0.20588235294117646,0.20588235294117646,-0.02479999999999999
psychology_share,Psychology Journals,0.0006194590099374244,0.044444444444444446,0.044444444444444446,-0.28304347826086956
psychology_share,Psychology Journals,-0.0020784421572594713,0.04854368932038835,0.04854368932038835,-0.23705882352941177
psychology_share,Psychology Journals,-0.0023657268162770037,0.0,0.0,0.03720000000000001
psychology_share,Psychology Journals,0.005608608470120125,1.0,1.0,0.034444444444444444
psychology_share,Psychology Journals,-0.0002565187838611592,0.2230769230769231,0.2230769230769231,0.21210526315789474
psychology_share,Psychology Journals,0.0039297815031287785,0.2857142857142857,0.2857142857142857,0.2657142857142856
psychology_share,Psychology Journals,0.002799138809650748,0.23529411764705882,0.23529411764705882,-0.14551020408163268
psychology_share,Psychology Journals,0.003449856586802028,0.012345679012345678,0.012345679012345678,-0.155
psychology_share,Psychology Journals,-0.0035114440798734953,0.0970873786407767,0.0970873786407767,0.2841666666666666
psychology_share,Psychology Journals,-0.0026665010708431442,0.0,0.0,-0.2232
psychology_share,Psychology Journals,0.006043666582072855,1.0,1.0,-0.31
psychology_share,Psychology Journals,0.0034467514444266527,0.24661246612466126,0.24661246612466126,-0.17714285714285716
psychology_share,Psychology Journals,0.0013780528172351644,0.28846153846153844,0.28846153846153844,-0.21274509803921568
psychology_share,Psychology Journals,-0.0009199719070613183,0.17201166180758018,0.17201166180758018,0.18803278688524588
psychology_share,Psychology Journals,-0.0010075575116713267,0.07563025210084033,0.07563025210084033,0.09655737704918033
psychology_share,Psychology Journals,-0.0022370156953760434,0.1111111111111111,0.1111111111111111,0.2232
psychology_share,Psychology Journals,-0.0019006137857390012,0.0,0.0,-0.09847058823529412
psychology_share,Psychology Journals,0.0014054718888445534,1.0,1.0,-0.1884313725490196
psychology_share,Psychology Journals,0.002115100672650738,0.2929936305732484,0.2929936305732484,-0.2154237288135593
psychology_share,Psychology Journals,0.012705897334645952,0.42105263157894735,0.42105263157894735,0.10333333333333333
psychology_share,Psychology Journals,-0.0008619967836525452,0.1875,0.1875,0.2591803278688524
psychology_share,Psychology Journals,0.0004786633092808559,0.12195121951219512,0.12195121951219512,0.22545454545454552
psychology_share,Psychology Journals,-0.001695865391539792,0.0,0.0,0.062
psychology_share,Psychology Journals,0.0011579294011659499,1.0,1.0,0.25608695652173913
psychology_share,Psychology Journals,0.003166422207633696,0.23645320197044334,0.23645320197044334,0.24673469387755104
psychology_share,Psychology Journals,-0.0026097555371673038,0.17391304347826086,0.17391304347826086,-0.186
psychology_share,Psychology Journals,-0.0006255157130664192,0.22580645161290322,0.22580645161290322,-0.12236842105263157
psychology_share,Psychology Journals,-0.0004946271882879178,0.06060606060606061,0.06060606060606061,0.0326315789473684
psychology_share,Psychology Journals,0.003781554908187451,0.3333333333333333,0.3333333333333333,0.13285714285714284
psychology_share,Psychology Journals,-0.0016019670627543503,0.0,0.0,0.17870588235294116
psychology_share,Psychology Journals,0.0020822104676676686,1.0,1.0,-0.2259322033898305
psychology_share,Psychology Journals,0.00037800118287501384,0.18269230769230768,0.18269230769230768,0.11272727272727273
psychology_share,Psychology Journals,0.005578392195559235,0.2857142857142857,0.2857142857142857,0.0
psychology_share,Psychology Journals,-0.0021880849259932967,0.09900990099009901,0.09900990099009901,0.2728
psychology_share,Psychology Journals,-0.00013219785077430715,0.05405405405405406,0.05405405405405406,0.30184210526315786
psychology_share,Psychology Journals,-0.0015208005300221393,0.0,0.0,0.28082352941176464
psychology_share,Psychology Journals,-0.0019025562707390472,0.0,0.0,-0.10576470588235296
psychology_share,Psychology Journals,0.003074133991715322,1.0,1.0,0.1581632653061224
psychology_share,Psychology Journals,0.0020736388535978856,0.29411764705882354,0.29411764705882354,-0.24694915254237287
psychology_share,Psychology Journals,0.0034909251355848925,0.3333333333333333,0.3333333333333333,-0.11071428571428574
psychology_share,Psychology Journals,-0.0037583381504590393,0.18840579710144928,0.18840579710144928,-0.051666666666666694
psychology_share,Psychology Journals,-0.0028714568692351,0.08771929824561403,0.08771929824561403,0.24800000000000005
psychology_share,Psychology Journals,-0.0019006137857390012,0.0,0.0,-0.0911764705882353
psychology_share,Psychology Journals,0.003283294063492023,1.0,1.0,0.31
psychology_share,Psychology Journals,0.0033793958478324187,0.2638190954773869,0.2638190954773869,-0.24357142857142858
psychology_share,Psychology Journals,0.00037453828491760665,0.14012738853503184,0.14012738853503184,0.09863636363636363
psychology_share,Psychology Journals,-0.0026048708939265834,0.05,0.05,-0.1736
psychology_share,Psychology Journals,0.001431933708355472,0.02631578947368421,0.02631578947368421,-0.17627450980392156
psychology_share,Psychology Journals,-0.004089121376686802,0.0,0.0,-0.2841666666666667
psychology_share,Psychology Journals,0.007257399168078519,1.0,1.0,0.19727272727272732
psychology_share,Psychology Journals,0.00024033360054105692,0.2112676056338028,0.2112676056338028,-0.02818181818181814
psychology_share,Psychology Journals,0.001263643734757236,0.014705882352941176,0.014705882352941176,-0.31
psychology_share,Psychology Journals,-0.003473935349335621,0.025,0.025,-0.31
psychology_share,Psychology Journals,0.0008326660905204497,0.0,0.0,-0.04043478260869565
psychology_share,Psychology Journals,0.010306550994929086,1.0,1.0,0.31
psychology_share,Psychology Journals,0.003046085509527453,0.25252525252525254,0.25252525252525254,0.13285714285714284
psychology_share,Psychology Journals,0.0002722076864379689,0.14634146341463414,0.14634146341463414,-0.014090909090909098
psychology_share,Psychology Journals,-0.0017426056907332867,0.030303030303030304,0.030303030303030304,0.018235294117647072
psychology_share,Psychology Journals,0.0008478350176954317,0.02564102564102564,0.02564102564102564,-0.013478260869565217
psychology_share,Psychology Journals,-0.0015614001683111453,0.0,0.0,0.2370588235294117
psychology_share,Psychology Journals,0.01123502348769545,1.0,1.0,-0.10333333333333333
psychology_share,Psychology Journals,0.0025134655718147166,0.33695652173913043,0.33695652173913043,0.16288135593220338
psychology_share,Psychology Journals,0.002297666059448863,0.3333333333333333,0.3333333333333333,-0.06830508474576272
psychology_share,Psychology Journals,-0.0034589055214225956,0.11538461538461539,0.11538461538461539,-0.248
psychology_share,Psychology Journals,-0.0016363005498765666,0.0625,0.0625,0.1568235294117647
psychology_share,Psychology Journals,-0.003266149758801333,0.0,0.0,-0.14466666666666667
psychology_share,Psychology Journals,0.009149014711020843,1.0,1.0,0.0
psychology_share,Psychology Journals,0.0028974909937843542,0.2923076923076923,0.2923076923076923,-0.0569387755102041
psychology_share,Psychology Journals,0.002991799474778725,0.2777777777777778,0.2777777777777778,0.09489795918367344
psychology_share,Psychology Journals,-0.0068058937610045375,0.047619047619047616,0.047619047619047616,-0.31
psychology_share,Psychology Journals,-0.0025662201677804472,0.047619047619047616,0.047619047619047616,-0.14880000000000002
psychology_share,Psychology Journals,-0.0036529020332378647,0.0,0.0,0.07750000000000001
psychology_share,Psychology Journals,0.00972823426643157,1.0,1.0,-0.10333333333333333
psychology_share,Psychology Journals,-0.0031963655371580993,0.6966292134831461,0.6966292134831461,0.020666666666666667
psychology_share,Psychology Journals,-0.002382730887644932,0.07692307692307693,0.07692307692307693,0.02479999999999999
psychology_share,Psychology Journals,-0.0024303263241954205,0.7796610169491526,0.7796610169491526,-0.012400000000000022
psychology_share,Psychology Journals,-0.0032490058199888205,0.8070175438596491,0.8070175438596491,-0.04133333333333333
psychology_share,Psychology Journals,-0.0007067378112760922,0.0,0.0,-0.24473684210526314
psychology_share,Psychology Journals,-0.002090076354236182,1.0,1.0,-0.2735294117647059
psychology_share,Psychology Journals,0.006365178176118227,0.35,0.35,0.22142857142857136
psychology_share,Psychology Journals,-0.0004853892535591814,0.0,0.0,0.057105263157894715
psychology_share,Psychology Journals,0.008030522988390059,0.45454545454545453,0.45454545454545453,0.31
psychology_share,Psychology Journals,0.013816078889627256,0.46153846153846156,0.46153846153846156,0.10333333333333333
psychology_share,Psychology Journals,-0.005042174502501244,1.0,1.0,0.23249999999999998
psychology_share,Psychology Journals,-0.0019266222821177142,0.7619047619047619,0.7619047619047619,-0.13494117647058823
psychology_share,Psychology Journals,-0.0014766507831932155,0.0,0.0,0.31
psychology_share,Psychology Journals,-0.0036056331801523817,0.8,0.8,0.15499999999999997
psychology_share,Psychology Journals,-0.00550984429377262,0.9230769230769231,0.9230769230769231,-0.31
psychology_share,Psychology Journals,-0.005024611814056906,1.0,1.0,0.31
psychology_share,Psychology Journals,0.0005089673259788341,0.8636363636363636,0.8636363636363636,0.2536363636363637
psychology_share,Psychology Journals,-0.0008785536502905466,0.875,0.875,0.23885245901639346
psychology_share,Psychology Journals,-0.0004902168748932075,1.0,1.0,0.04894736842105263
psychology_share,Psychology Journals,0.0003489899307474681,1.0,1.0,0.07045454545454549
psychology_share,Psychology Journals,-0.0009868669454972054,0.7692307692307693,0.7692307692307693,0.11688524590163935
psychology_share,Psychology Journals,-2.3153032979300617e-06,0.0,0.0,-0.22545454545454546
psychology_share,Psychology Journals,-0.001768396076920401,0.8823529411764706,0.8823529411764706,-0.02552941176470591
psychology_share,Psychology Journals,-0.0013796366401084745,0.8235294117647058,0.8235294117647058,-0.19819672131147542
psychology_share,Psychology Journals,0.004279050720673933,1.0,1.0,0.034444444444444444
psychology_share,Psychology Journals,0.0025959211718734705,0.3594306049822064,0.3594306049822064,0.26796610169491525
psychology_share,Psychology Journals,0.003964445914229573,0.40804597701149425,0.40804597701149425,0.28785714285714287
psychology_share,Psychology Journals,0.007111788087675543,0.45,0.45,0.028181818181818197
psychology_share,Psychology Journals,0.009930385876867358,0.23121387283236994,0.23121387283236994,0.0
psychology_share,Psychology Journals,0.001543909726737634,0.7,0.7,-0.018235294117647072
psychology_share,Psychology Journals,-0.003255149725696182,0.10204081632653061,0.10204081632653061,-0.124
psychology_share,Psychology Journals,-0.003942785941748412,0.0,0.0,-0.20666666666666667
psychology_share,Psychology Journals,0.005075281207863327,1.0,1.0,0.10333333333333333
psychology_share,Psychology Journals,-0.0002895086345561862,0.3816793893129771,0.3816793893129771,0.18763157894736843
psychology_share,Psychology Journals,0.001888760971631444,0.362962962962963,0.362962962962963,0.2613725490196079
psychology_share,Psychology Journals,0.0004022918530347846,0.391304347826087,0.391304347826087,0.12681818181818183
psychology_share,Psychology Journals,0.005981307214090941,0.8846153846153846,0.8846153846153846,0.2411111111111111
psychology_share,Psychology Journals,0.01126210581439753,0.4375,0.4375,0.10333333333333333
psychology_share,Psychology Journals,0.004562072415229713,0.5909090909090909,0.5909090909090909,0.2411111111111111
psychology_share,Psychology Journals,0.0017215126227994458,0.2828282828282828,0.2828282828282828,0.11549019607843142
psychology_share,Psychology Journals,0.00398987729940201,0.44549763033175355,0.44549763033175355,-0.31
psychology_share,Psychology Journals,0.005437632208790905,0.35973597359735976,0.35973597359735976,-0.2411111111111111
psychology_share,Psychology Journals,0.014730551003447178,0.43243243243243246,0.43243243243243246,-0.31
psychology_share,Psychology Journals,-0.0053806395195417295,0.1875,0.1875,-0.23249999999999998
psychology_share,Psychology Journals,0.009999239926024561,0.5,0.5,0.10333333333333333
psychology_share,Psychology Journals,-0.005240979524564351,0.045454545454545456,0.045454545454545456,0.0
psychology_share,Psychology Journals,-0.0035842863731030444,0.0,0.0,0.2066666666666666
psychology_share,Psychology Journals,0.007163049834065837,1.0,1.0,0.08454545454545453
psychology_share,Psychology Journals,0.0029854459791990467,0.34513274336283184,0.34513274336283184,0.08224489795918366
psychology_share,Psychology Journals,0.0023363341955422333,0.3008130081300813,0.3008130081300813,-0.01576271186440681
psychology_share,Psychology Journals,0.013985468107387145,0.4583333333333333,0.4583333333333333,0.31
psychology_share,Psychology Journals,-0.002018644529639512,0.7692307692307693,0.7692307692307693,-0.20788235294117646
psychology_share,Psychology Journals,0.003912230766149781,0.35294117647058826,0.35294117647058826,0.2435714285714285
psychology_share,Psychology Journals,0.0029331983126500397,0.3333333333333333,0.3333333333333333,0.03163265306122448
psychology_share,Psychology Journals,0.005057362721709633,0.35135135135135137,0.35135135135135137,0.051666666666666694
psychology_share,Psychology Journals,0.006725174615233329,0.4117647058823529,0.4117647058823529,-0.31
psychology_share,Psychology Journals,0.006100851646313112,0.4096774193548387,0.4096774193548387,-0.13285714285714287
psychology_share,Psychology Journals,0.002911322375978672,0.3125,0.3125,-0.03163265306122448
psychology_share,Psychology Journals,-0.0005830448136320596,0.20833333333333334,0.20833333333333334,-0.04894736842105263
psychology_share,Psychology Journals,-0.0036038501987565225,0.5833333333333334,0.5833333333333334,0.18083333333333335
psychology_share,Psychology Journals,-0.004103985565697746,0.09230769230769231,0.09230769230769231,-0.31
psychology_share,Psychology Journals,-0.003120766397716572,0.0,0.0,0.14466666666666667
psychology_share,Psychology Journals,0.001554913041327195,1.0,1.0,-0.006078431372548987
psychology_share,Psychology Journals,0.0026621310281705513,0.3879781420765027,0.3879781420765027,-0.2973469387755102
psychology_share,Psychology Journals,0.00350738134865432,0.3804347826086957,0.3804347826086957,-0.06642857142857145
psychology_share,Psychology Journals,0.00683614544834646,0.6,0.6,-0.1409090909090909
psychology_share,Psychology Journals,-0.0016676633224167654,0.8333333333333334,0.8333333333333334,0.0911764705882353
psychology_share,Psychology Journals,0.003346197724357842,0.5416666666666666,0.5416666666666666,-0.26571428571428574
psychology_share,Psychology Journals,0.00256630985739366,0.34591194968553457,0.34591194968553457,0.2259322033898305
psychology_share,Psychology Journals,0.00561591651996635,0.42528735632183906,0.42528735632183906,0.06888888888888889
psychology_share,Psychology Journals,0.0059752131175167126,0.5625,0.5625,0.2066666666666666
psychology_share,Psychology Journals,0.0022095718934471943,0.33509234828496043,0.33509234828496043,-0.14186440677966103
psychology_share,Psychology Journals,0.002459354940122053,0.2558139534883721,0.2558139534883721,0.141864406779661
psychology_share,Psychology Journals,-0.00140841610170161,0.056,0.056,-0.22868852459016392
psychology_share,Psychology Journals,-0.0031734489593453754,0.8571428571428571,0.8571428571428571,0.04133333333333333
psychology_share,Psychology Journals,-0.0019630910777509746,0.01904761904761905,0.01904761904761905,-0.186
psychology_share,Psychology Journals,0.0036646659841335872,1.0,1.0,0.04428571428571426
psychology_share,Psychology Journals,0.0024436416827866066,0.34065934065934067,0.34065934065934067,0.12084745762711863
psychology_share,Psychology Journals,0.004287321367171271,0.32786885245901637,0.32786885245901637,0.10333333333333333
psychology_share,Psychology Journals,0.002928533949961217,0.34375,0.34375,0.006326530612244863
psychology_share,Psychology Journals,0.005511785027696736,0.6666666666666666,0.6666666666666666,-0.13777777777777778
psychology_share,Psychology Journals,0.0021447077145066783,0.326271186440678,0.326271186440678,-0.18389830508474578
psychology_share,Psychology Journals,0.0026732929971890113,0.3652173913043478,0.3652173913043478,-0.2720408163265306
psychology_share,Psychology Journals,0.0030398759579375757,0.2962962962962963,0.2962962962962963,0.120204081632653
psychology_share,Psychology Journals,0.0017787688454547798,0.3484848484848485,0.3484848484848485,0.16411764705882353
psychology_share,Psychology Journals,-0.0003415339784863231,0.17615658362989323,0.17615658362989323,0.1631578947368421
psychology_share,Psychology Journals,-0.0009328375388242141,0.6376811594202898,0.6376811594202898,0.17786885245901635
psychology_share,Psychology Journals,-0.003158421573422865,0.057034220532319393,0.057034220532319393,0.062
psychology_share,Psychology Journals,-0.002490958279415411,0.0,0.0,-0.1116
psychology_share,Psychology Journals,0.00177145439427421,1.0,1.0,0.1519607843137255
psychology_share,Psychology Journals,0.002425507600431536,0.36142857142857143,0.36142857142857143,0.08932203389830506
psychology_share,Psychology Journals,0.0032745500237180195,0.26744186046511625,0.26744186046511625,0.29734693877551016
psychology_share,Psychology Journals,-0.000666167635238066,0.12418300653594772,0.12418300653594772,-0.1631578947368421
psychology_share,Psychology Journals,0.011523241731513515,0.48148148148148145,0.48148148148148145,-0.31
psychology_share,Psychology Journals,-0.003158421573422865,0.055776892430278883,0.055776892430278883,0.08266666666666667
psychology_share,Psychology Journals,-0.005744465725212701,0.0,0.0,0.0
psychology_share,Psychology Journals,0.005483226094188339,1.0,1.0,-0.17222222222222222
psychology_share,Psychology Journals,0.0024436416827866066,0.34,0.34,0.11033898305084744
psychology_share,Psychology Journals,0.002769281297510041,0.3253588516746411,0.3253588516746411,-0.19612244897959186
psychology_share,Psychology Journals,0.0023900318966273643,0.38513513513513514,0.38513513513513514,0.047288135593220315
psychology_share,Psychology Journals,0.005572614640628228,0.4195804195804196,0.4195804195804196,-0.034444444444444444
psychology_share,Psychology Journals,0.002674132953267281,0.34306569343065696,0.34306569343065696,-0.2593877551020408
psychology_share,Psychology Journals,0.003057377783232639,0.3076923076923077,0.3076923076923077,0.14551020408163262
psychology_share,Psychology Journals,-0.0013162965168122748,0.17301038062283736,0.17301038062283736,-0.14737704918032787
psychology_share,Psychology Journals,0.0053997166370552555,0.3333333333333333,0.3333333333333333,-0.27555555555555555
psychology_share,Psychology Journals,0.0033137828740696356,0.3333333333333333,0.3333333333333333,-0.31
psychology_share,Psychology Journals,-0.004362314723515716,0.0,0.0,-0.04428571428571432
psychology_share,Psychology Journals,0.0018162291478693972,1.0,1.0,0.20058823529411768
psychology_share,Psychology Journals,0.006953799864654986,0.42105263157894735,0.42105263157894735,-0.02818181818181814
psychology_share,Psychology Journals,0.003517701780574682,0.3333333333333333,0.3333333333333333,-0.04428571428571432
psychology_share,Psychology Journals,0.0019384072659168108,0.2396694214876033,0.2396694214876033,0.31
psychology_share,Psychology Journals,0.00532307557448997,0.42,0.42,0.25833333333333336
psychology_share,Psychology Journals,0.00949287778044577,0.4370860927152318,0.4370860927152318,-0.31
psychology_share,Psychology Journals,0.014886241693154343,0.7222222222222222,0.7222222222222222,0.31
psychology_share,Psychology Journals,-0.0023444754590356332,0.0273972602739726,0.0273972602739726,0.062
psychology_share,Psychology Journals,-0.0010565793423826405,0.0,0.0,0.04573770491803275
psychology_share,Psychology Journals,-0.0038358955369832653,0.0,0.0,-0.10333333333333333
psychology_share,Psychology Journals,0.007929064302226533,1.0,1.0,0.15499999999999997
psychology_share,Psychology Journals,0.0025328863491652664,0.3902439024390244,0.3902439024390244,0.19440677966101688
psychology_share,Psychology Journals,0.0085579143600706,0.5789473684210527,0.5789473684210527,0.31
psychology_share,Psychology Journals,0.003700884009260559,0.39473684210526316,0.39473684210526316,0.06642857142857139
psychology_share,Psychology Journals,0.002417658087015316,0.38235294117647056,0.38235294117647056,0.06830508474576269
psychology_share,Psychology Journals,0.0005126712385083481,0.8333333333333334,0.8333333333333334,0.26772727272727276
psychology_share,Psychology Journals,-0.0019322357395085328,0.7777777777777778,0.7777777777777778,-0.14952941176470588
psychology_share,Psychology Journals,-0.0024434666536725666,1.0,1.0,-0.04960000000000003
psychology_share,Psychology Journals,-0.0015919857695492947,1.0,1.0,0.20058823529411768
psychology_share,Psychology Journals,0.006198691681714671,0.5,0.5,0.04428571428571426
psychology_share,Psychology Journals,-0.001413223803520428,0.8461538461538461,0.8461538461538461,-0.24901639344262294
psychology_share,Psychology Journals,0.0003574691675034851,1.0,1.0,0.08454545454545453
psychology_share,Psychology Journals,-0.0010363097832574398,0.8823529411764706,0.8823529411764706,0.08639344262295079
psychology_share,Psychology Journals,0.0023263437216464113,0.3652694610778443,0.3652694610778443,-0.026271186440677996
psychology_share,Psychology Journals,0.003151834405408741,0.3142857142857143,0.3142857142857143,0.22142857142857136
psychology_share,Psychology Journals,-0.0006406913509415483,0.1276595744680851,0.1276595744680851,-0.1386842105263158
psychology_share,Psychology Journals,-0.005334463780233638,0.7777777777777778,0.7777777777777778,-0.155
psychology_share,Psychology Journals,-0.002728030424437312,0.015625,0.015625,-0.248
psychology_share,Psychology Journals,-0.0033668650300234257,0.0,0.0,-0.16533333333333333
psychology_share,Psychology Journals,0.0014355477302451763,1.0,1.0,-0.16411764705882353
psychology_share,Psychology Journals,0.0025957556991439913,0.3626943005181347,0.3626943005181347,0.257457627118644
psychology_share,Psychology Journals,0.003809062231425107,0.3125,0.3125,0.1771428571428571
psychology_share,Psychology Journals,-0.0005339620932104194,0.1895424836601307,0.1895424836601307,-0.008157894736842086
psychology_share,Psychology Journals,-0.005315703697659791,1.0,1.0,-0.07750000000000001
psychology_share,Psychology Journals,-0.0027096974204661333,0.033707865168539325,0.033707865168539325,-0.2356
psychology_share,Psychology Journals,-0.003229644902172654,0.0,0.0,0.0
psychology_share,Psychology Journals,0.001510298489668311,1.0,1.0,-0.06686274509803919
psychology_share,Psychology Journals,0.0023179145138827284,0.345679012345679,0.345679012345679,-0.03677966101694918
psychology_share,Psychology Journals,0.002755705951765718,0.3333333333333333,0.3333333333333333,-0.22142857142857142
psychology_share,Psychology Journals,-0.0004522659949339806,0.15862068965517243,0.15862068965517243,0.07342105263157894
psychology_share,Psychology Journals,-0.0015125953291809276,0.5454545454545454,0.5454545454545454,0.28811764705882353
psychology_share,Psychology Journals,-0.0028406944280294747,0.03389830508474576,0.03389830508474576,0.31
psychology_share,Psychology Journals,-0.003924406676977458,0.0,0.0,-0.12916666666666665
psychology_share,Psychology Journals,0.0018670437145938117,1.0,1.0,0.2492156862745098
psychology_share,Psychology Journals,0.006048525997872302,0.44256756756756754,0.44256756756756754,-0.22142857142857142
psychology_share,Psychology Journals,0.007272705035286365,0.48,0.48,0.2536363636363637
psychology_share,Psychology Journals,0.001532425464877607,0.23577235772357724,0.23577235772357724,-0.0303921568627451
psychology_share,Psychology Journals,0.007350012358547633,0.5,0.5,0.31
psychology_share,Psychology Journals,-0.003252366214030172,0.17647058823529413,0.17647058823529413,-0.08266666666666667
psychology_share,Psychology Journals,-0.0036590835435861406,0.0,0.0,0.051666666666666694
psychology_share,Psychology Journals,0.0025989926586787583,1.0,1.0,0.2784745762711864
psychology_share,Psychology Journals,-0.0007027104542601745,0.16055363321799307,0.16055363321799307,-0.22026315789473683
psychology_share,Psychology Journals,0.0004801497769622528,0.19142857142857142,0.19142857142857142,0.23954545454545456
psychology_share,Psychology Journals,-0.0010387902917603602,0.12195121951219512,0.12195121951219512,0.05590163934426229
psychology_share,Psychology Journals,0.001462135180465488,0.35714285714285715,0.35714285714285715,-0.11549019607843136
psychology_share,Psychology Journals,-0.0013218046799207397,0.07960199004975124,0.07960199004975124,-0.1677049180327869
psychology_share,Psychology Journals,-0.0028278633361954503,0.0,0.0,-0.31
psychology_share,Psychology Journals,-0.0020346440527622116,0.0,0.0,-0.2151764705882353
psychology_share,Psychology Journals,0.005345629944857223,1.0,1.0,0.31
psychology_share,Psychology Journals,-0.0009705726307785821,0.1393939393939394,0.1393939393939394,0.14737704918032785
psychology_share,Psychology Journals,0.0002859837812301103,0.12195121951219512,0.12195121951219512,0.014090909090909098
psychology_share,Psychology Journals,-0.000463533622740552,0.21875,0.21875,0.06526315789473686
psychology_share,Psychology Journals,3.043375761596235e-05,0.6521739130434783,0.6521739130434783,-0.155
psychology_share,Psychology Journals,0.0031310516024840164,0.3103448275862069,0.3103448275862069,0.20877551020408164
psychology_share,Psychology Journals,0.009379643294033973,0.23076923076923078,0.23076923076923078,0.31
psychology_share,Psychology Journals,0.0018897488160110945,0.31746031746031744,0.31746031746031744,0.27352941176470585
psychology_share,Psychology Journals,-0.0004926821104990199,0.1262135922330097,0.1262135922330097,0.04078947368421054
psychology_share,Psychology Journals,-0.0002589288743428205,0.1455026455026455,0.1455026455026455,0.2039473684210526
psychology_share,Psychology Journals,-0.002282206915150884,0.10204081632653061,0.10204081632653061,0.1612
psychology_share,Psychology Journals,0.0017867533904568575,0.275,0.275,0.17627450980392162
psychology_share,Psychology Journals,-0.0021319087202580672,0.07391304347826087,0.07391304347826087,-0.30270588235294116
psychology_share,Psychology Journals,-0.0036498874915348745,0.05357142857142857,0.05357142857142857,0.10333333333333333
psychology_share,Psychology Journals,-0.003065861618147009,0.0,0.0,0.16533333333333333
psychology_share,Psychology Journals,-0.0013201747611505325,1.0,1.0,-0.15754098360655738
psychology_share,Psychology Journals,-0.0004043428353807845,0.12169312169312169,0.12169312169312169,0.11421052631578948
psychology_share,Psychology Journals,-0.0044075798728784275,0.14150943396226415,0.14150943396226415,-0.13285714285714287
psychology_share,Psychology Journals,0.0006279957683025516,0.1694915254237288,0.1694915254237288,-0.25608695652173913
psychology_share,Psychology Journals,0.012531293472310972,0.42857142857142855,0.42857142857142855,-0.10333333333333333
psychology_share,Psychology Journals,0.0035569340125153094,0.2727272727272727,0.2727272727272727,0.0
psychology_share,Psychology Journals,0.00028242594337270715,0.15,0.15,0.0
psychology_share,Psychology Journals,1.7096778655229355e-05,0.10185185185185185,0.10185185185185185,-0.18318181818181817
psychology_share,Psychology Journals,-0.001428053661368279,0.10576923076923077,0.10576923076923077,-0.26934426229508196
psychology_share,Psychology Journals,-0.0007162730187562368,0.1618798955613577,0.1618798955613577,-0.2528947368421053
psychology_share,Psychology Journals,-0.0007598068685811772,0.13186813186813187,0.13186813186813187,-0.29368421052631577
psychology_share,Psychology Journals,0.002482206000045191,0.2564102564102564,0.2564102564102564,0.1523728813559322
psychology_share,Psychology Journals,-0.0010962722316975155,0.03571428571428571,0.03571428571428571,0.005081967213114769
psychology_share,Psychology Journals,-0.0006689576564463296,0.017857142857142856,0.017857142857142856,-0.1713157894736842
psychology_share,Psychology Journals,-0.0016396459813169506,0.0,0.0,0.1276470588235294
psychology_share,Psychology Journals,0.001371124169158049,1.0,1.0,-0.22490196078431374
psychology_share,Psychology Journals,-0.0008501263099703764,0.15577889447236182,0.15577889447236182,0.26934426229508196
psychology_share,Psychology Journals,-0.0002377896855198652,0.12371134020618557,0.12371134020618557,0.2447368421052632
psychology_share,Psychology Journals,0.0004523180659118126,0.17647058823529413,0.17647058823529413,0.18318181818181822
psychology_share,Psychology Journals,0.0053592913166876765,0.2857142857142857,0.2857142857142857,-0.31
psychology_share,Psychology Journals,0.0037147705501492313,0.25510204081632654,0.25510204081632654,0.11071428571428571
psychology_share,Psychology Journals,-0.0015466251689656122,0.104,0.104,0.2516470588235294
psychology_share,Psychology Journals,-0.0013030418611559608,0.15126050420168066,0.15126050420168066,-0.12704918032786885
psychology_share,Psychology Journals,-0.0007962365173586456,0.14634146341463414,0.14634146341463414,0.31
psychology_share,Psychology Journals,0.000720327518330666,0.15737704918032788,0.15737704918032788,-0.2291304347826087
psychology_share,Psychology Journals,-0.0020886253245147373,0.1092436974789916,0.1092436974789916,-0.26623529411764707
psychology_share,Psychology Journals,-0.002413434852617167,0.12121212121212122,0.12121212121212122,0.0
psychology_share,Psychology Journals,0.00041660534696754444,0.06422018348623854,0.06422018348623854,0.14090909090909093
psychology_share,Psychology Journals,-0.0022571357297166135,0.05084745762711865,0.05084745762711865,0.19839999999999997
psychology_share,Psychology Journals,-0.002309296680989749,0.0,0.0,0.124
psychology_share,Psychology Journals,0.0045287369631402735,1.0,1.0,0.17222222222222222
psychology_share,Psychology Journals,-0.0013409810392202763,0.19576719576719576,0.19576719576719576,-0.1880327868852459
psychology_share,Psychology Journals,-0.000971511327774537,0.09523809523809523,0.09523809523809523,0.13721311475409836
psychology_share,Psychology Journals,0.0010834669504070538,0.05357142857142857,0.05357142857142857,0.20217391304347826
psychology_share,Psychology Journals,0.012102871281580945,0.5,0.5,0.31
psychology_share,Psychology Journals,0.0007286730518415518,0.1404494382022472,0.1404494382022472,-0.20217391304347826
psychology_share,Psychology Journals,-0.0006612885152181381,0.1625,0.1625,-0.155
psychology_share,Psychology Journals,-0.0020853021215462035,0.16666666666666666,0.16666666666666666,-0.25894117647058823
psychology_share,Psychology Journals,0.001444474295250799,0.36363636363636365,0.36363636363636365,-0.1276470588235294
psychology_share,Psychology Journals,-0.0014591699828536602,0.11666666666666667,0.11666666666666667,-0.2998360655737705
psychology_share,Psychology Journals,0.0021298386895382583,0.26785714285714285,0.26785714285714285,-0.20491525423728812
psychology_share,Psychology Journals,-0.0021231225960417002,0.06385869565217392,0.06385869565217392,-0.2954117647058824
psychology_share,Psychology Journals,-0.002635279309716583,0.033816425120772944,0.033816425120772944,-0.2108
psychology_share,Psychology Journals,-0.0011093412707328897,0.0,0.0,-0.04573770491803281
psychology_share,Psychology Journals,0.001177470334243873,1.0,1.0,0.31
psychology_share,Psychology Journals,-0.0007211910242220936,0.15363881401617252,0.15363881401617252,-0.26105263157894737
psychology_share,Psychology Journals,-0.0016633654254222113,0.14035087719298245,0.14035087719298245,0.09847058823529409
psychology_share,Psychology Journals,0.002424506734828832,0.2972972972972973,0.2972972972972973,0.07881355932203388
psychology_share,Psychology Journals,0.0013606600323600115,0.026058631921824105,0.026058631921824105,-0.23705882352941177
psychology_share,Psychology Journals,-0.002635279309716583,0.03535353535353535,0.03535353535353535,-0.19840000000000002
psychology_share,Psychology Journals,-0.001174901553195933,0.0,0.0,-0.07622950819672131
psychology_share,Psychology Journals,0.004594612397562441,1.0,1.0,0.31
psychology_share,Psychology Journals,0.0031527813640125314,0.26490066225165565,0.26490066225165565,0.2340816326530612
psychology_share,Psychology Journals,-0.0021192270054207515,0.16,0.16,-0.28811764705882353
psychology_share,Psychology Journals,-0.0017221876822702815,0.11242603550295859,0.11242603550295859,0.04741176470588232
psychology_share,Psychology Journals,-0.002906779236115234,0.10931174089068826,0.10931174089068826,0.22733333333333333
psychology_share,Psychology Journals,0.0005127778648622494,0.12538226299694188,0.12538226299694188,0.2818181818181818
psychology_share,Psychology Journals,0.0019291504658025742,0.2692307692307692,0.2692307692307692,0.297843137254902
psychology_share,Psychology Journals,-0.0005935102809337942,0.16666666666666666,0.16666666666666666,-0.07342105263157894
psychology_share,Psychology Journals,-0.0008655279188858882,0.061946902654867256,0.061946902654867256,0.24901639344262289
psychology_share,Psychology Journals,-0.0009891101306927774,0.0,0.0,0.10672131147540981
psychology_share,Psychology Journals,-0.0019139115191846234,0.0,0.0,-0.12764705882352942
psychology_share,Psychology Journals,-0.0014638884942361418,1.0,1.0,-0.31
psychology_share,Psychology Journals,-0.0005657026302312465,0.1728395061728395,0.1728395061728395,-0.024473684210526314
psychology_share,Psychology Journals,-0.0005143613981773151,0.11235955056179775,0.11235955056179775,0.016315789473684228
psychology_share,Psychology Journals,-0.00037974466815795144,0.10344827586206896,0.10344827586206896,0.12236842105263157
psychology_share,Psychology Journals,-0.0018534831222192364,0.11428571428571428,0.11428571428571428,-0.07658823529411765
psychology_share,Psychology Journals,1.5467038953296714e-05,0.15789473684210525,0.15789473684210525,-0.19727272727272727
psychology_share,Psychology Journals,-0.00023377235802392855,0.06474820143884892,0.06474820143884892,0.2528947368421052
psychology_share,Psychology Journals,-0.002853593411904541,0.0851063829787234,0.0851063829787234,0.2893333333333333
psychology_share,Psychology Journals,0.001800292522771821,0.026845637583892617,0.026845637583892617,0.18843137254901965
psychology_share,Psychology Journals,-0.0017185613715478944,0.0,0.0,0.05470588235294116
psychology_share,Psychology Journals,0.0023421458679328826,1.0,1.0,-0.005254237288135621
psychology_share,Psychology Journals,-8.750965227610678e-05,0.13861386138613863,0.13861386138613863,-0.31
psychology_share,Psychology Journals,-0.0006980310978030353,0.04918032786885246,0.04918032786885246,-0.20394736842105263
psychology_share,Psychology Journals,0.0027797303018906885,0.2962962962962963,0.2962962962962963,-0.18346938775510205
psychology_share,Psychology Journals,-0.0008995184664888228,0.1935483870967742,0.1935483870967742,0.20836065573770485
psychology_share,Psychology Journals,0.007181451465682772,0.5365853658536586,0.5365853658536586,0.14090909090909093
psychology_share,Psychology Journals,-0.002382730887644932,0.07692307692307693,0.07692307692307693,0.012399999999999967
psychology_share,Psychology Journals,-0.002856002927996192,0.782608695652174,0.782608695652174,0.26866666666666666
psychology_share,Psychology Journals,0.0016759884746483046,0.6333333333333333,0.6333333333333333,0.07901960784313727
psychology_share,Psychology Journals,-0.0007067378112760922,0.0,0.0,-0.22842105263157894
psychology_share,Psychology Journals,-0.00253418326200694,1.0,1.0,-0.1364
psychology_share,Psychology Journals,0.005879475897536496,0.25,0.25,0.17222222222222222
psychology_share,Psychology Journals,0.0008741619487917441,0.625,0.625,0.013478260869565217
psychology_share,Psychology Journals,-0.0014102212388320966,0.75,0.75,-0.23885245901639346
psychology_share,Psychology Journals,-0.000447035430198935,0.5555555555555556,0.5555555555555556,0.08157894736842103
psychology_share,Psychology Journals,0.0013372991878049386,0.20754716981132076,0.20754716981132076,-0.2613725490196078
psychology_share,Psychology Journals,-0.001417052630049168,0.08888888888888889,0.08888888888888889,-0.2591803278688525
psychology_share,Psychology Journals,-0.0005874499334575361,0.19444444444444445,0.19444444444444445,-0.06526315789473683
psychology_share,Psychology Journals,-1.3174343260373457e-05,0.1,0.1,-0.23954545454545453
psychology_share,Psychology Journals,-0.0032344424264380014,0.07692307692307693,0.07692307692307693,-0.020666666666666667
psychology_share,Psychology Journals,-0.0015940207119671198,0.0,0.0,0.186
psychology_share,Psychology Journals,0.0010488675573503495,1.0,1.0,0.12130434782608696
psychology_share,Psychology Journals,-0.0014311352234763165,0.1484593837535014,0.1484593837535014,-0.2795081967213115
psychology_share,Psychology Journals,-0.0018798489606536568,0.0759493670886076,0.0759493670886076,-0.08388235294117646
psychology_share,Psychology Journals,0.0022294206390156843,0.2619047619047619,0.2619047619047619,-0.11033898305084747
psychology_share,Psychology Journals,-0.0010962722316975155,0.06626506024096386,0.06626506024096386,0.01524590163934425
psychology_share,Psychology Journals,-0.0015368169840865307,0.0,0.0,0.26623529411764707
psychology_share,Psychology Journals,-0.001905768252784523,0.0,0.0,-0.11305882352941177
psychology_share,Psychology Journals,0.0010721035940795176,1.0,1.0,0.1482608695652174
psychology_share,Psychology Journals,0.0003094047520522408,0.1687116564417178,0.1687116564417178,0.042272727272727295
psychology_share,Psychology Journals,0.002173158019326449,0.2549019607843137,0.2549019607843137,-0.1733898305084746
psychology_share,Psychology Journals,0.001287418850373319,0.34285714285714286,0.34285714285714286,-0.29784313725490197
psychology_share,Psychology Journals,-0.000601896582387838,0.06382978723404255,0.06382978723404255,-0.08973684210526314
psychology_share,Psychology Journals,-0.0024484442901122616,0.061224489795918366,0.061224489795918366,-0.062
psychology_share,Psychology Journals,-0.0017850293424017101,0.0,0.0,-0.040117647058823536
psychology_share,Psychology Journals,-0.0014805202313347646,1.0,1.0,0.3027058823529412
psychology_share,Psychology Journals,-0.0010376710387664798,0.1298342541436464,0.1298342541436464,0.06606557377049177
psychology_share,Psychology Journals,-0.002783551043855475,0.11428571428571428,0.11428571428571428,-0.2604
psychology_share,Psychology Journals,0.005482847575680944,0.42105263157894735,0.42105263157894735,-0.20666666666666667
psychology_share,Psychology Journals,-0.0017458262699548014,0.03879310344827586,0.03879310344827586,0.010941176470588232
psychology_share,Psychology Journals,0.0023757890757262075,0.018867924528301886,0.018867924528301886,0.015762711864406753
psychology_share,Psychology Journals,-0.001933935158345341,0.0,0.0,-0.1568235294117647
psychology_share,Psychology Journals,0.0022581973113952264,1.0,1.0,-0.08932203389830509
psychology_share,Psychology Journals,0.0011709606795206227,0.2822695035460993,0.2822695035460993,0.28304347826086956
psychology_share,Psychology Journals,-0.0006458041249797797,0.13529411764705881,0.13529411764705881,-0.14684210526315788
psychology_share,Psychology Journals,-0.0005382483670506113,0.15023474178403756,0.15023474178403756,-0.016315789473684228
psychology_share,Psychology Journals,0.0011407242264524333,0.13836477987421383,0.13836477987421383,0.2291304347826087
psychology_share,Psychology Journals,-0.0021514527700953853,0.038834951456310676,0.038834951456310676,0.31
psychology_share,Psychology Journals,-0.0012135287177020891,0.0,0.0,-0.09655737704918033
psychology_share,Psychology Journals,0.001514985323127771,1.0,1.0,-0.05470588235294116
psychology_share,Psychology Journals,0.00278412641460699,0.2597577388963661,0.2597577388963661,-0.15816326530612246
psychology_share,Psychology Journals,-0.0007678186564966518,0.16535433070866143,0.16535433070866143,-0.31
psychology_share,Psychology Journals,-0.0005247861957045912,0.20512820512820512,0.20512820512820512,0.008157894736842086
psychology_share,Psychology Journals,1.7663493089185084e-05,0.12921348314606743,0.12921348314606743,-0.16909090909090907
psychology_share,Psychology Journals,-0.002288866652415235,0.01935483870967742,0.01935483870967742,0.1488
psychology_share,Psychology Journals,-0.0016042706985996546,0.0,0.0,0.17141176470588232
psychology_share,Psychology Journals,0.0016127414735592482,1.0,1.0,0.04254901960784313
psychology_share,Psychology Journals,0.002543603695346547,0.2569230769230769,0.2569230769230769,0.20491525423728812
psychology_share,Psychology Journals,0.0009616636154220886,0.28,0.28,0.06739130434782609
psychology_share,Psychology Journals,-0.0003524804404738801,0.19444444444444445,0.19444444444444445,0.15500000000000003
psychology_share,Psychology Journals,0.00011332896520240041,0.11428571428571428,0.11428571428571428,-0.09863636363636363
psychology_share,Psychology Journals,-0.0019955114045463835,0.046296296296296294,0.046296296296296294,-0.20058823529411765
psychology_share,Psychology Journals,-0.002341050322012438,0.0,0.0,0.07439999999999997
psychology_share,Psychology Journals,0.0019464813074764064,1.0,1.0,-0.31
psychology_share,Psychology Journals,0.0022664715730254578,0.270516717325228,0.270516717325228,-0.0788135593220339
psychology_share,Psychology Journals,0.0014646942069066848,0.26666666666666666,0.26666666666666666,-0.09117647058823528
psychology_share,Psychology Journals,0.0015321160299533267,0.2605633802816901,0.2605633802816901,-0.04254901960784313
psychology_share,Psychology Journals,-0.0016768830565406952,0.08527131782945736,0.08527131782945736,0.06929411764705884
psychology_share,Psychology Journals,-0.0035114440798734953,0.09615384615384616,0.09615384615384616,0.31
psychology_share,Psychology Journals,-0.0019268189352479948,0.0,0.0,-0.14223529411764707
psychology_share,Psychology Journals,0.0029001278204668656,1.0,1.0,-0.04428571428571432
biology_share,Biology Journals,0.004101565616096342,0.08739255014326648,0.08739255014326648,-0.18172413793103448
biology_share,Biology Journals,0.0020199794665193846,1.0,1.0,-0.22014492753623188
biology_share,Biology Journals,0.0001105154576968937,0.017467248908296942,0.017467248908296942,-0.16801526717557252
biology_share,Biology Journals,0.0016780741239385364,0.12554112554112554,0.12554112554112554,0.20542168674698796
biology_share,Biology Journals,0.0001977031925589715,0.03529411764705882,0.03529411764705882,-0.11122137404580151
biology_share,Biology Journals,-0.0023039303701242004,0.0,0.0,0.04428571428571432
biology_share,Biology Journals,0.0009002503759223958,0.06698564593301436,0.06698564593301436,-0.27265060240963856
biology_share,Biology Journals,7.582782815312777e-05,0.06418918918918919,0.06418918918918919,-0.20587786259541985
biology_share,Biology Journals,0.006915966168987964,1.0,1.0,0.0
biology_share,Biology Journals,0.002249453238042631,0.1,0.1,-0.058405797101449275
biology_share,Biology Journals,0.0007156831735270949,0.038834951456310676,0.038834951456310676,0.21534351145038172
biology_share,Biology Journals,0.0001977031925589715,0.036585365853658534,0.036585365853658534,-0.1064885496183206
biology_share,Biology Journals,-0.002068517576711233,0.0,0.0,-0.2556140350877193
biology_share,Biology Journals,0.0009477585456943783,0.0684931506849315,0.0684931506849315,-0.25024096385542166
biology_share,Biology Journals,-0.001123611281049993,0.0,0.0,-0.3015068493150685
biology_share,Biology Journals,-0.0018838567889231167,0.0,0.0,-0.1685964912280702
biology_share,Biology Journals,-0.00031389550740489535,0.061224489795918366,0.061224489795918366,0.19534246575342468
biology_share,Biology Journals,0.0013495007120058705,0.07373271889400922,0.07373271889400922,0.00373493975903616
biology_share,Biology Journals,0.0001005780482453842,0.027649769585253458,0.027649769585253458,-0.18694656488549616
biology_share,Biology Journals,0.0038182616601578857,1.0,1.0,0.27736842105263154
biology_share,Biology Journals,-0.005741355511593973,0.0,0.0,0.034444444444444444
biology_share,Biology Journals,-0.0037726384531879638,0.0,0.0,-0.10333333333333333
biology_share,Biology Journals,-0.003985590030787369,0.0,0.0,-0.22733333333333333
biology_share,Biology Journals,-0.0021445250575965976,0.0,0.0,0.31
biology_share,Biology Journals,-0.0004530050943221332,0.05084745762711865,0.05084745762711865,0.12315068493150688
biology_share,Biology Journals,4.9080758622206635e-06,0.07692307692307693,0.07692307692307693,-0.253206106870229
biology_share,Biology Journals,-0.000458602313984689,0.08333333333333333,0.08333333333333333,0.11890410958904113
biology_share,Biology Journals,-0.00020238977448763272,0.03389830508474576,0.03389830508474576,0.2632876712328767
biology_share,Biology Journals,-0.008006103588858253,0.008264462809917356,0.008264462809917356,-0.1919047619047619
biology_share,Biology Journals,-0.000503686534569787,0.2636363636363636,0.2636363636363636,0.09342465753424656
biology_share,Biology Journals,0.0044714476165664116,1.0,1.0,0.032068965517241366
biology_share,Biology Journals,-0.0076057206366761795,0.0,0.0,0.1328571428571429
biology_share,Biology Journals,0.0007865954469552142,0.6363636363636364,0.6363636363636364,0.2626717557251909
biology_share,Biology Journals,-0.007630958113220034,0.0,0.0,0.10333333333333333
biology_share,Biology Journals,0.003685202218435591,0.15625,0.15625,0.21210526315789474
biology_share,Biology Journals,-0.0011716558976165945,0.25,0.25,0.2664912280701754
biology_share,Biology Journals,0.0005338193642822853,0.3333333333333333,0.3333333333333333,0.1017557251908397
biology_share,Biology Journals,0.0012212417717198851,0.25,0.25,-0.09337349397590361
biology_share,Biology Journals,0.001231552664019326,0.25,0.25,-0.07843373493975903
biology_share,Biology Journals,0.0028805974124573456,0.08163265306122448,0.08163265306122448,-0.29368421052631577
biology_share,Biology Journals,0.004353234207662748,1.0,1.0,-0.07482758620689656
biology_share,Biology Journals,-0.009098577025195918,0.0,0.0,-0.2583333333333333
biology_share,Biology Journals,0.0005712039557387521,0.0967741935483871,0.0967741935483871,0.1254198473282443
biology_share,Biology Journals,-0.0016686604954264102,0.0,0.0,-0.05982456140350878
biology_share,Biology Journals,-0.0010001084673010696,0.02631578947368421,0.02631578947368421,-0.23356164383561645
biology_share,Biology Journals,-0.0011231555427183612,0.0,0.0,-0.29726027397260274
biology_share,Biology Journals,-0.005035240329726357,0.0,0.0,-0.20058823529411765
biology_share,Biology Journals,-0.0012922925803561967,0.0625,0.0625,0.19035087719298244
biology_share,Biology Journals,0.003430388752178977,0.12,0.12,0.1631578947368421
biology_share,Biology Journals,0.0009709389362449109,0.15555555555555556,0.15555555555555556,-0.2278313253012048
biology_share,Biology Journals,0.00010878783899306532,1.0,1.0,-0.17274809160305343
biology_share,Biology Journals,-0.0008417488221517125,0.0,0.0,-0.14438356164383562
biology_share,Biology Journals,0.00044384912236346253,0.3076923076923077,0.3076923076923077,0.04022900763358778
biology_share,Biology Journals,-0.0038335234556759056,0.0,0.0,-0.14466666666666667
biology_share,Biology Journals,-0.0008782249101062723,0.0625,0.0625,-0.15712328767123288
biology_share,Biology Journals,0.0003407285547809342,0.10810810810810811,0.10810810810810811,-0.01656488549618318
biology_share,Biology Journals,0.0015414051619475299,1.0,1.0,0.11578313253012051
biology_share,Biology Journals,-0.0024217394860685288,0.0,0.0,-0.16238095238095238
biology_share,Biology Journals,-0.0011699302511026998,0.17857142857142858,0.17857142857142858,0.2882456140350877
biology_share,Biology Journals,-0.0016689307119001878,0.0,0.0,-0.07070175438596493
biology_share,Biology Journals,-0.001205312406841171,0.0,0.0,0.2229824561403509
biology_share,Biology Journals,0.0019393449246763402,0.04,0.04,-0.24710144927536232
biology_share,Biology Journals,0.001617806998714469,0.08641975308641975,0.08641975308641975,0.15313253012048195
biology_share,Biology Journals,0.002909109844528959,1.0,1.0,-0.26105263157894737
biology_share,Biology Journals,-0.006987444158037807,0.015384615384615385,0.015384615384615385,-0.26866666666666666
biology_share,Biology Journals,0.0006140858298014408,0.1,0.1,0.13961832061068702
biology_share,Biology Journals,-0.007563070057639666,0.0,0.0,0.1623809523809524
biology_share,Biology Journals,-0.007630958113220034,0.0,0.0,0.07380952380952382
biology_share,Biology Journals,-0.000731178210539093,0.0625,0.0625,-0.055205479452054784
biology_share,Biology Journals,0.0022257972089624097,0.07673860911270983,0.07673860911270983,-0.10333333333333333
biology_share,Biology Journals,0.0026974107561048987,1.0,1.0,0.22014492753623188
biology_share,Biology Journals,-0.002129456220552265,0.02564102564102564,0.02564102564102564,-0.2773684210526316
biology_share,Biology Journals,0.002141507473656363,0.10666666666666667,0.10666666666666667,-0.12130434782608696
biology_share,Biology Journals,-0.001929140289286524,0.05,0.05,-0.19035087719298247
biology_share,Biology Journals,-0.0020054419368944207,0.0,0.0,-0.24473684210526314
biology_share,Biology Journals,0.00251609393384864,0.075,0.075,0.10333333333333333
biology_share,Biology Journals,0.00382350010400347,0.1262848751835536,0.1262848751835536,0.2936842105263158
biology_share,Biology Journals,0.0009243110015854699,1.0,1.0,-0.26518072289156625
biology_share,Biology Journals,-0.00044282288477487413,0.016304347826086956,0.016304347826086956,0.1316438356164384
biology_share,Biology Journals,0.0017031648571960388,0.12,0.12,0.23530120481927713
biology_share,Biology Journals,-0.00022963567783956712,0.03,0.03,0.2547945205479452
biology_share,Biology Journals,-0.0009272194434125275,0.0,0.0,-0.1910958904109589
biology_share,Biology Journals,0.003057844719441138,0.12804878048780488,0.12804878048780488,-0.11421052631578948
biology_share,Biology Journals,0.000793694364841358,0.11258278145695365,0.11258278145695365,0.2674045801526718
biology_share,Biology Journals,0.0029827482958792494,1.0,1.0,-0.14684210526315788
biology_share,Biology Journals,0.004256008740386389,0.125,0.125,-0.13896551724137932
biology_share,Biology Journals,0.0006767314359746334,0.047619047619047616,0.047619047619047616,0.1822137404580153
biology_share,Biology Journals,-0.00022963567783956712,0.031914893617021274,0.031914893617021274,0.25054794520547946
biology_share,Biology Journals,-0.0007665194366154668,0.0,0.0,-0.0891780821917808
biology_share,Biology Journals,0.0032355670510289102,0.12903225806451613,0.12903225806451613,0.06526315789473686
biology_share,Biology Journals,-8.669923855325966e-05,0.11428571428571428,0.11428571428571428,-0.2816030534351145
biology_share,Biology Journals,-0.0003731027716890725,0.07462686567164178,0.07462686567164178,0.16986301369863016
biology_share,Biology Journals,0.0021307113137714363,0.12643678160919541,0.12643678160919541,-0.13028985507246377
biology_share,Biology Journals,0.0013079923458059568,0.12389380530973451,0.12389380530973451,-0.02614457831325301
biology_share,Biology Journals,0.0013450022135032729,0.06550218340611354,0.06550218340611354,-0.011204819277108424
biology_share,Biology Journals,0.003906329105385431,1.0,1.0,-0.31
biology_share,Biology Journals,-0.008326303416558508,0.0,0.0,0.15499999999999997
biology_share,Biology Journals,-0.0050878156265369056,0.010638297872340425,0.010638297872340425,-0.31
biology_share,Biology Journals,-0.0014983834892755834,0.0,0.0,0.05982456140350878
biology_share,Biology Journals,-0.0009590181060928379,0.0,0.0,-0.2208219178082192
biology_share,Biology Journals,0.00036943886520191015,0.07692307692307693,0.07692307692307693,0.0070992366412213626
biology_share,Biology Journals,-0.0001242515606914983,0.07692307692307693,0.07692307692307693,-0.2910687022900763
biology_share,Biology Journals,0.000606728634349821,0.11428571428571428,0.11428571428571428,0.1348854961832061
biology_share,Biology Journals,-0.00013581329523197944,0.03333333333333333,0.03333333333333333,-0.31
biology_share,Biology Journals,0.0018178894554702516,0.046511627906976744,0.046511627906976744,0.28759036144578315
biology_share,Biology Journals,-0.00036938500790267414,0.308411214953271,0.308411214953271,0.1741095890410959
biology_share,Biology Journals,0.0011395451581360451,1.0,1.0,-0.13819277108433733
biology_share,Biology Journals,-0.006824299234178812,0.0,0.0,-0.10333333333333333
biology_share,Biology Journals,0.0008361421491063485,0.65625,0.65625,0.2958015267175573
biology_share,Biology Journals,-0.000394395402741923,0.09090909090909091,0.09090909090909091,0.1571232876712329
biology_share,Biology Journals,0.005676288288961332,0.28125,0.28125,0.2623076923076923
biology_share,Biology Journals,0.0003907927646846609,0.2916666666666667,0.2916666666666667,0.021297709923664143
biology_share,Biology Journals,0.004794428336378973,0.3235294117647059,0.3235294117647059,0.20310344827586208
biology_share,Biology Journals,0.0003156453441025878,0.2571428571428571,0.2571428571428571,-0.03076335877862596
biology_share,Biology Journals,0.0028299897841213067,0.42857142857142855,0.42857142857142855,0.2920289855072464
biology_share,Biology Journals,0.002937070971860347,0.15,0.15,-0.22842105263157894
biology_share,Biology Journals,0.0028558208533039507,1.0,1.0,-0.31
biology_share,Biology Journals,-0.007292436632249348,0.0,0.0,0.2804761904761905
biology_share,Biology Journals,0.002301092233400806,0.15384615384615385,0.15384615384615385,-0.013478260869565217
biology_share,Biology Journals,-0.007831723146963827,0.0,0.0,-0.04428571428571426
biology_share,Biology Journals,0.0007753595009787537,0.16666666666666666,0.16666666666666666,0.24847328244274808
biology_share,Biology Journals,0.0024496506166318114,0.25,0.25,0.058405797101449275
biology_share,Biology Journals,-0.006091258864515066,0.0,0.0,-0.31
biology_share,Biology Journals,0.0015532568301080516,0.14,0.14,0.1307228915662651
biology_share,Biology Journals,0.000567530234315615,1.0,1.0,0.12068702290076339
biology_share,Biology Journals,-0.008866821246696747,0.0,0.0,-0.155
biology_share,Biology Journals,-0.000596844855941605,0.17647058823529413,0.17647058823529413,0.042465753424657526
biology_share,Biology Journals,0.0012517260414277001,0.15384615384615385,0.15384615384615385,-0.05602409638554218
biology_share,Biology Journals,-0.0034076686610310047,0.0,0.0,0.26866666666666666
biology_share,Biology Journals,0.0002075058862788432,0.13333333333333333,0.13333333333333333,-0.1017557251908397
biology_share,Biology Journals,0.002509073500524554,0.1368421052631579,0.1368421052631579,0.09434782608695652
biology_share,Biology Journals,0.004227412880824452,1.0,1.0,-0.1603448275862069
biology_share,Biology Journals,-0.00027260731896045913,0.017241379310344827,0.017241379310344827,0.22506849315068495
biology_share,Biology Journals,0.0020294558710897406,0.1509433962264151,0.1509433962264151,-0.21115942028985507
biology_share,Biology Journals,-0.0011714232358045944,0.0,0.0,0.27736842105263154
biology_share,Biology Journals,-0.0009272194434125275,0.0,0.0,-0.19534246575342465
biology_share,Biology Journals,0.0042696067205642485,0.13333333333333333,0.13333333333333333,-0.11758620689655172
biology_share,Biology Journals,0.0008448839340146791,0.1050228310502283,0.1050228310502283,0.3052671755725191
biology_share,Biology Journals,0.0016858113438933551,1.0,1.0,0.21289156626506028
biology_share,Biology Journals,-0.004214633186713027,0.013333333333333334,0.013333333333333334,0.27352941176470585
biology_share,Biology Journals,0.0016286409988829267,0.125,0.125,0.1755421686746988
biology_share,Biology Journals,-0.001215612984127417,0.034482758620689655,0.034482758620689655,0.21210526315789474
biology_share,Biology Journals,-0.0010465284121305932,0.0,0.0,-0.2632876712328767
biology_share,Biology Journals,0.002569336812799073,0.12,0.12,0.1572463768115942
biology_share,Biology Journals,0.0026214015470593264,0.13372093023255813,0.13372093023255813,0.19318840579710145
biology_share,Biology Journals,0.00584402456384247,1.0,1.0,0.31
biology_share,Biology Journals,-0.001484734995445943,0.045454545454545456,0.045454545454545456,0.08157894736842103
biology_share,Biology Journals,0.0006457633295737024,0.07228915662650602,0.07228915662650602,0.1538167938931298
biology_share,Biology Journals,-0.0012808133401598022,0.0,0.0,0.2012280701754386
biology_share,Biology Journals,-0.0006603413021542633,0.0,0.0,0.012739726027397258
biology_share,Biology Journals,0.0025909827134275227,0.1282051282051282,0.1282051282051282,0.17521739130434782
biology_share,Biology Journals,0.0007797032358252949,0.1774891774891775,0.1774891774891775,0.2579389312977099
biology_share,Biology Journals,-0.0008118519244201036,1.0,1.0,-0.1358904109589041
biology_share,Biology Journals,0.00017638855631367875,0.025157232704402517,0.025157232704402517,-0.13015267175572517
biology_share,Biology Journals,-0.007328981367279548,0.23076923076923078,0.23076923076923078,0.250952380952381
biology_share,Biology Journals,0.0005058781521743457,0.049586776859504134,0.049586776859504134,0.08282442748091606
biology_share,Biology Journals,-0.0002533625916304067,0.0,0.0,0.2293150684931507
biology_share,Biology Journals,0.00021397701204334965,0.1164021164021164,0.1164021164021164,-0.09702290076335876
biology_share,Biology Journals,0.0029257588020225006,0.14397905759162305,0.14397905759162305,-0.24473684210526314
biology_share,Biology Journals,0.002894714917512245,1.0,1.0,-0.2773684210526316
biology_share,Biology Journals,0.000364484168423014,0.08,0.08,-0.0070992366412213626
biology_share,Biology Journals,0.00017417502480432035,0.023529411764705882,0.023529411764705882,-0.1348854961832061
biology_share,Biology Journals,0.002765346344616245,0.05084745762711865,0.05084745762711865,0.27405797101449275
biology_share,Biology Journals,-0.00017735511074504226,0.0,0.0,0.2845205479452055
biology_share,Biology Journals,0.0002997988148064655,0.10784313725490197,0.10784313725490197,-0.04969465648854959
biology_share,Biology Journals,-0.0007991131095083158,0.19230769230769232,0.19230769230769232,-0.1189041095890411
biology_share,Biology Journals,0.00018994017404871442,0.15894039735099338,0.15894039735099338,-0.11595419847328242
biology_share,Biology Journals,0.001157023160562543,0.13076923076923078,0.13076923076923078,-0.11578313253012046
biology_share,Biology Journals,-0.0005548249520778598,0.08163265306122448,0.08163265306122448,0.06794520547945204
biology_share,Biology Journals,-0.000608479071613455,0.06878306878306878,0.06878306878306878,0.03397260273972602
biology_share,Biology Journals,0.00024662498225951925,1.0,1.0,-0.0780916030534351
biology_share,Biology Journals,-0.0049198094083177804,0.0,0.0,-0.0911764705882353
biology_share,Biology Journals,-0.00047940502440618077,0.03278688524590164,0.03278688524590164,0.10616438356164387
biology_share,Biology Journals,-0.0015862188592962174,0.0,0.0,0.005438596491228076
biology_share,Biology Journals,-0.0009026945399448118,0.0,0.0,-0.17410958904109589
biology_share,Biology Journals,1.6395112220658504e-05,0.0851063829787234,0.0851063829787234,-0.23900763358778626
biology_share,Biology Journals,-0.00039810091537961664,0.10416666666666667,0.10416666666666667,0.1486301369863014
biology_share,Biology Journals,0.000823293616417137,0.07228915662650602,0.07228915662650602,0.29106870229007636
biology_share,Biology Journals,-0.001027955094569637,0.038461538461538464,0.038461538461538464,-0.2463013698630137
biology_share,Biology Journals,-0.0007553392290986765,0.0,0.0,-0.0721917808219178
biology_share,Biology Journals,-0.0018091182222228237,0.5161290322580645,0.5161290322580645,-0.10333333333333333
biology_share,Biology Journals,0.0016262117025548429,1.0,1.0,0.16807228915662653
biology_share,Biology Journals,-0.0052254429292782805,0.0,0.0,0.2411111111111111
biology_share,Biology Journals,0.0008609546178948991,0.8333333333333334,0.8333333333333334,-0.31
biology_share,Biology Journals,-0.00027411634536973837,0.0,0.0,0.2208219178082192
biology_share,Biology Journals,0.0003776867800765661,0.18518518518518517,0.18518518518518517,0.016564885496183235
biology_share,Biology Journals,-0.0009097881509600483,0.5588235294117647,0.5588235294117647,-0.17835616438356164
biology_share,Biology Journals,0.00029644858046447785,0.5,0.5,-0.059160305343511466
biology_share,Biology Journals,0.0004998226956557741,0.5217391304347826,0.5217391304347826,0.07809160305343515
biology_share,Biology Journals,-0.006517211343716568,0.0,0.0,0.062
biology_share,Biology Journals,-0.00024872341405237025,0.3076923076923077,0.3076923076923077,0.23356164383561645
biology_share,Biology Journals,0.0020689077875833697,1.0,1.0,-0.19318840579710145
biology_share,Biology Journals,-0.005979958251744846,0.0,0.0,-0.17222222222222222
biology_share,Biology Journals,-0.002358078323961207,0.4444444444444444,0.4444444444444444,-0.10333333333333333
biology_share,Biology Journals,-0.00693833091995516,0.0,0.0,-0.22733333333333333
biology_share,Biology Journals,-0.0014344624220423172,0.6666666666666666,0.6666666666666666,0.11421052631578943
biology_share,Biology Journals,-0.00693833091995516,0.0,0.0,-0.186
biology_share,Biology Journals,-0.0018610729660272312,0.2671232876712329,0.2671232876712329,-0.1468421052631579
biology_share,Biology Journals,-0.0009243746701699223,1.0,1.0,-0.18684931506849314
biology_share,Biology Journals,-0.0010415047660512883,0.023809523809523808,0.023809523809523808,-0.2547945205479452
biology_share,Biology Journals,0.000299520151853127,0.4782608695652174,0.4782608695652174,-0.0544274809160305
biology_share,Biology Journals,0.0006935718705980741,0.1,0.1,0.2058778625954199
biology_share,Biology Journals,0.0006487150879821084,0.0,0.0,0.1585496183206107
biology_share,Biology Journals,-0.0008087763621681503,0.09803921568627451,0.09803921568627451,-0.1273972602739726
biology_share,Biology Journals,0.0007605124845957677,0.17253521126760563,0.17253521126760563,0.23900763358778626
biology_share,Biology Journals,0.0011610091755396208,1.0,1.0,-0.1083132530120482
biology_share,Biology Journals,-0.00048464381861950187,0.036585365853658534,0.036585365853658534,0.10191780821917812
biology_share,Biology Journals,2.010017008666206e-05,0.29411764705882354,0.29411764705882354,-0.23427480916030535
biology_share,Biology Journals,-0.005870953713324063,0.0,0.0,-0.10333333333333333
biology_share,Biology Journals,-0.0004008416995810888,0.0,0.0,0.14438356164383565
biology_share,Biology Journals,-0.0009556273727048625,0.07352941176470588,0.07352941176470588,-0.21657534246575344
biology_share,Biology Journals,0.0013962877490599178,0.15048543689320387,0.15048543689320387,0.05602409638554218
biology_share,Biology Journals,0.0002889539610229774,1.0,1.0,-0.06389312977099235
biology_share,Biology Journals,-0.0033683453818270695,0.0,0.0,0.31
biology_share,Biology Journals,0.00014602354577449868,0.08333333333333333,0.08333333333333333,-0.14435114503816793
biology_share,Biology Journals,0.0004613376116310247,0.07692307692307693,0.07692307692307693,0.059160305343511466
biology_share,Biology Journals,-0.0006940289793420021,0.0,0.0,-0.01698630136986301
biology_share,Biology Journals,0.0011202595198428948,0.18181818181818182,0.18181818181818182,-0.1680722891566265
biology_share,Biology Journals,-0.0005023994873301575,0.07017543859649122,0.07017543859649122,0.09767123287671237
biology_share,Biology Journals,0.00406548946733698,1.0,1.0,-0.22448275862068967
biology_share,Biology Journals,-0.005010241789391772,0.0,0.0,-0.16411764705882353
biology_share,Biology Journals,-0.001543677188145909,0.0,0.0,0.027192982456140324
biology_share,Biology Journals,0.0022904224736566355,0.13333333333333333,0.13333333333333333,-0.02246376811594203
biology_share,Biology Journals,-0.000601685506579745,0.0,0.0,0.038219178082191774
biology_share,Biology Journals,0.0024579739630491114,0.13333333333333333,0.13333333333333333,0.06739130434782609
biology_share,Biology Journals,0.000750788388115446,0.23684210526315788,0.23684210526315788,0.22954198473282444
biology_share,Biology Journals,-0.0010445171894417078,1.0,1.0,-0.25904109589041097
biology_share,Biology Journals,0.000365296510168427,0.02531645569620253,0.02531645569620253,-0.002366412213740454
biology_share,Biology Journals,-0.0005585149039859731,0.4051724137931034,0.4051724137931034,0.06369863013698629
biology_share,Biology Journals,-0.0037642304041183797,0.03048780487804878,0.03048780487804878,-0.020666666666666667
biology_share,Biology Journals,0.0003023293104854803,0.0,0.0,-0.044961832061068685
biology_share,Biology Journals,0.0028494590126679044,0.13714285714285715,0.13714285714285715,0.31
biology_share,Biology Journals,0.003382935146456833,0.19913419913419914,0.19913419913419914,0.14684210526315788
biology_share,Biology Journals,0.0008209586439268741,1.0,1.0,0.28633587786259546
biology_share,Biology Journals,0.0013713106242188085,0.05263157894736842,0.05263157894736842,0.04108433734939759
biology_share,Biology Journals,-0.0016503123985679806,0.17073170731707318,0.17073170731707318,-0.02719298245614038
biology_share,Biology Journals,-0.0037672744801987915,0.03225806451612903,0.03225806451612903,-0.062
biology_share,Biology Journals,0.00046126367804868264,0.0,0.0,0.05442748091603056
biology_share,Biology Journals,-0.00015341854020739997,0.11538461538461539,0.11538461538461539,0.3015068493150685
biology_share,Biology Journals,0.0008738513404565094,0.21568627450980393,0.21568627450980393,-0.2950602409638554
biology_share,Biology Journals,0.0008977814232680818,0.20689655172413793,0.20689655172413793,-0.28012048192771083
biology_share,Biology Journals,0.0021502598555790016,0.11764705882352941,0.11764705882352941,-0.11231884057971014
biology_share,Biology Journals,-0.0007553637469299711,0.09090909090909091,0.09090909090909091,-0.0806849315068493
biology_share,Biology Journals,-0.0006982789185995834,0.17475728155339806,0.17475728155339806,-0.021232876712328763
biology_share,Biology Journals,0.0008915673514482981,1.0,1.0,-0.28759036144578315
biology_share,Biology Journals,-0.007444415318559987,0.0,0.0,0.19190476190476197
biology_share,Biology Journals,-0.00031060381918894254,0.045454545454545456,0.045454545454545456,0.19958904109589043
biology_share,Biology Journals,-0.0011985663060076707,0.16666666666666666,0.16666666666666666,0.23385964912280705
biology_share,Biology Journals,-0.0004068045083994195,0.15714285714285714,0.15714285714285714,0.1401369863013699
biology_share,Biology Journals,0.005641346363795253,0.2692307692307692,0.2692307692307692,0.16692307692307695
biology_share,Biology Journals,-0.0006754608715781022,0.0,0.0,-0.004246575342465753
biology_share,Biology Journals,-0.0014255972492723977,0.5340909090909091,0.5340909090909091,0.12508771929824558
biology_share,Biology Journals,0.001295966393364681,1.0,1.0,-0.03361445783132527
biology_share,Biology Journals,-0.005077177114749555,0.0,0.0,-0.2735294117647059
biology_share,Biology Journals,0.0010213483873428365,0.9487179487179487,0.9487179487179487,-0.20542168674698796
biology_share,Biology Journals,-0.00013066288454607108,0.21428571428571427,0.21428571428571427,-0.2958015267175573
biology_share,Biology Journals,-0.0021345115417182917,0.5416666666666666,0.5416666666666666,-0.29912280701754385
biology_share,Biology Journals,0.0004175499260133872,0.5384615384615384,0.5384615384615384,0.02603053435114505
biology_share,Biology Journals,0.0008372609739327176,0.5,0.5,0.3005343511450382
biology_share,Biology Journals,0.003156917097881528,0.2857142857142857,0.2857142857142857,0.0
biology_share,Biology Journals,0.0012595138541523524,1.0,1.0,-0.04108433734939759
biology_share,Biology Journals,-0.0015149699880107855,0.0,0.0,0.04894736842105263
biology_share,Biology Journals,-0.0007847642892366587,0.5,0.5,-0.1104109589041096
biology_share,Biology Journals,-0.002136570752702006,0.0,0.0,-0.31
biology_share,Biology Journals,-0.000751445536706783,0.4,0.4,-0.06369863013698629
biology_share,Biology Journals,-0.00475696909846204,0.26570048309178745,0.26570048309178745,-0.018235294117647072
biology_share,Biology Journals,-0.0011777630007403018,1.0,1.0,0.25561403508771924
biology_share,Biology Journals,0.0010731990963552928,0.03278688524590164,0.03278688524590164,-0.1830120481927711
biology_share,Biology Journals,-9.039662577722307e-05,0.5454545454545454,0.5454545454545454,-0.2863358778625954
biology_share,Biology Journals,-0.006827829014678924,0.012987012987012988,0.012987012987012988,-0.14466666666666667
biology_share,Biology Journals,0.0006424196903238666,0.0,0.0,0.14435114503816798
biology_share,Biology Journals,0.0011477743310432309,0.12745098039215685,0.12745098039215685,-0.12325301204819275
biology_share,Biology Journals,0.0008626047524281219,0.22564102564102564,0.22564102564102564,-0.30253012048192773
biology_share,Biology Journals,0.0014528503658390892,1.0,1.0,0.07843373493975908
biology_share,Biology Journals,-0.007891853161421906,0.0,0.0,-0.0738095238095238
biology_share,Biology Journals,9.969234326119583e-05,0.3103448275862069,0.3103448275862069,-0.1916793893129771
biology_share,Biology Journals,-0.004409557932141453,0.03225806451612903,0.03225806451612903,0.20058823529411757
biology_share,Biology Journals,-0.0003685427346192444,0.0,0.0,0.17835616438356167
biology_share,Biology Journals,0.0011246702510608244,0.16363636363636364,0.16363636363636364,-0.15313253012048192
biology_share,Biology Journals,-0.0007020894222753746,0.1111111111111111,0.1111111111111111,-0.025479452054794516
biology_share,Biology Journals,0.001854093370555585,1.0,1.0,-0.31
biology_share,Biology Journals,-0.0040212731886595885,0.0,0.0,-0.26866666666666666
biology_share,Biology Journals,7.175111221244818e-06,0.1111111111111111,0.1111111111111111,-0.24374045801526717
biology_share,Biology Journals,0.0018471987922166282,0.09090909090909091,0.09090909090909091,0.29506024096385547
biology_share,Biology Journals,-0.0006850881369975768,0.0,0.0,-0.012739726027397258
biology_share,Biology Journals,0.004450883957115748,0.14285714285714285,0.14285714285714285,-0.032068965517241366
biology_share,Biology Journals,-0.0007489299121784557,0.08333333333333333,0.08333333333333333,-0.05945205479452054
biology_share,Biology Journals,-0.002245385069494882,0.0,0.0,0.22142857142857147
biology_share,Biology Journals,-0.0006653720678540127,0.0,0.0,0.0
biology_share,Biology Journals,-0.006193457098496515,0.0,0.0,0.26866666666666666
biology_share,Biology Journals,-0.004629771761718932,1.0,1.0,0.09117647058823525
biology_share,Biology Journals,0.0029633073238674403,0.02054794520547945,0.02054794520547945,-0.1957894736842105
biology_share,Biology Journals,-0.002351435134296808,0.19130434782608696,0.19130434782608696,-0.014761904761904754
biology_share,Biology Journals,2.8547053344899102e-05,0.036170212765957444,0.036170212765957444,-0.2248091603053435
biology_share,Biology Journals,-0.001131754726312629,0.0,0.0,-0.30575342465753425
biology_share,Biology Journals,0.0033687443466553424,0.10990502035278155,0.10990502035278155,0.1305263157894737
biology_share,Biology Journals,0.004792172439187568,0.13869625520110956,0.13869625520110956,0.18172413793103448
biology_share,Biology Journals,0.0003286202183090309,1.0,1.0,-0.021297709923664088
biology_share,Biology Journals,0.0009329369564953917,0.07894736842105263,0.07894736842105263,-0.257710843373494
biology_share,Biology Journals,0.0008531649747696324,0.05389221556886228,0.05389221556886228,0.31
biology_share,Biology Journals,0.0016774167228520232,0.0378619153674833,0.0378619153674833,0.19795180722891564
biology_share,Biology Journals,-0.0008564193900213125,0.0,0.0,-0.14863013698630137
biology_share,Biology Journals,0.0013194309110087094,0.10626702997275204,0.10626702997275204,-0.01867469879518069
biology_share,Biology Journals,0.0027931111129335423,0.19658119658119658,0.19658119658119658,0.28304347826086956
biology_share,Biology Journals,0.0004771848522606823,1.0,1.0,0.06862595419847328
biology_share,Biology Journals,0.0016012967710818927,0.06666666666666667,0.06666666666666667,0.13819277108433736
biology_share,Biology Journals,0.00012042285160398101,0.0967741935483871,0.0967741935483871,-0.14908396946564884
biology_share,Biology Journals,0.0020888984271745254,0.04040404040404041,0.04040404040404041,-0.17521739130434782
biology_share,Biology Journals,0.003008160939960598,0.0,0.0,-0.13052631578947368
biology_share,Biology Journals,0.0004557261844607528,0.1111111111111111,0.1111111111111111,0.04496183206106874
biology_share,Biology Journals,0.003922745612559393,0.15364583333333334,0.15364583333333334,-0.2886206896551724
biology_share,Biology Journals,0.0014634085886882694,1.0,1.0,0.08590361445783135
biology_share,Biology Journals,0.0011333859923700928,0.0851063829787234,0.0851063829787234,-0.14566265060240963
biology_share,Biology Journals,0.0006451235884025052,0.11764705882352941,0.11764705882352941,0.1490839694656489
biology_share,Biology Journals,-0.0054353978053106695,0.013888888888888888,0.013888888888888888,0.10333333333333333
biology_share,Biology Journals,0.00011150313872328261,0.0,0.0,-0.1632824427480916
biology_share,Biology Journals,-0.0003417322994091307,0.09375,0.09375,0.19109589041095892
biology_share,Biology Journals,0.0018945435208259074,0.1167192429022082,0.1167192429022082,-0.28304347826086956
biology_share,Biology Journals,0.0017238114900054665,1.0,1.0,0.257710843373494
biology_share,Biology Journals,-0.001320515135965969,0.058823529411764705,0.058823529411764705,0.16859649122807013
biology_share,Biology Journals,0.0002676403698605587,0.044444444444444446,0.044444444444444446,-0.07335877862595419
biology_share,Biology Journals,0.0023314735873130954,0.05825242718446602,0.05825242718446602,0.013478260869565217
biology_share,Biology Journals,-0.0006477538294185029,0.0,0.0,0.021232876712328763
biology_share,Biology Journals,0.00011618760181089363,0.10526315789473684,0.10526315789473684,-0.15381679389312977
biology_share,Biology Journals,0.001943234660683822,0.08974358974358974,0.08974358974358974,-0.2381159420289855
biology_share,Biology Journals,0.004612756620399239,1.0,1.0,0.1389655172413793
biology_share,Biology Journals,0.005127503439698175,0.11764705882352941,0.11764705882352941,-0.11923076923076922
biology_share,Biology Journals,-0.0005072212056277081,0.030864197530864196,0.030864197530864196,0.0891780821917808
biology_share,Biology Journals,-0.001830311454510207,0.04854368932038835,0.04854368932038835,-0.13596491228070176
biology_share,Biology Journals,-0.0006603413021542633,0.0,0.0,0.008493150684931505
biology_share,Biology Journals,0.0018727272709471803,0.11494252873563218,0.11494252873563218,-0.3010144927536232
biology_share,Biology Journals,0.004439501094640979,0.07046070460704607,0.07046070460704607,-0.05344827586206896
biology_share,Biology Journals,0.0013498557652775838,1.0,1.0,0.011204819277108424
biology_share,Biology Journals,-0.0038519153194650443,0.0,0.0,-0.186
biology_share,Biology Journals,-0.00019300273864156147,0.01680672268907563,0.01680672268907563,0.276027397260274
biology_share,Biology Journals,-0.0015431511080366608,0.0,0.0,0.038070175438596476
biology_share,Biology Journals,-0.0007185538828097176,0.0,0.0,-0.05095890410958903
biology_share,Biology Journals,0.0007570221300900628,0.08241758241758242,0.08241758241758242,0.23427480916030535
biology_share,Biology Journals,-0.0008786872015137566,0.12101910828025478,0.12101910828025478,-0.16136986301369863
biology_share,Biology Journals,-0.00013238895211539802,1.0,1.0,-0.3005343511450382
biology_share,Biology Journals,-0.0018679961198055347,0.0,0.0,-0.15771929824561404
biology_share,Biology Journals,-0.00017455767620501463,0.04878048780487805,0.04878048780487805,0.28876712328767123
biology_share,Biology Journals,-0.002284079020986992,0.0,0.0,0.1328571428571429
biology_share,Biology Journals,-0.0008779248652508849,0.17391304347826086,0.17391304347826086,-0.15287671232876712
biology_share,Biology Journals,0.0010605888513775684,0.11330049261083744,0.11330049261083744,-0.19048192771084338
biology_share,Biology Journals,0.0030722824871040424,1.0,1.0,-0.09789473684210526
biology_share,Biology Journals,-0.008050143301679847,0.0,0.0,-0.22142857142857142
biology_share,Biology Journals,-0.0013208697560706513,0.015151515151515152,0.015151515151515152,0.15771929824561404
biology_share,Biology Journals,-0.004443076534515319,0.0,0.0,0.16411764705882353
biology_share,Biology Journals,-0.002266260797073514,0.0,0.0,0.1623809523809524
biology_share,Biology Journals,0.000539463986850211,0.08333333333333333,0.08333333333333333,0.1064885496183206
biology_share,Biology Journals,-0.00013558702289107974,0.03365384615384615,0.03365384615384615,-0.3052671755725191
biology_share,Biology Journals,0.004065567486938604,1.0,1.0,-0.20310344827586208
biology_share,Biology Journals,-0.008119680849369537,0.0,0.0,-0.31
biology_share,Biology Journals,-0.0019438195447414675,0.013513513513513514,0.013513513513513514,-0.21210526315789474
biology_share,Biology Journals,-0.003658840480074185,0.0,0.0,0.186
biology_share,Biology Journals,-0.002349320105795876,0.0,0.0,0.014761904761904754
biology_share,Biology Journals,-0.001079515334459314,0.05263157894736842,0.05263157894736842,-0.276027397260274
biology_share,Biology Journals,-0.0010761050516570356,0.01764705882352941,0.01764705882352941,-0.2717808219178082
biology_share,Biology Journals,0.0033411057248724486,1.0,1.0,0.11421052631578948
biology_share,Biology Journals,-0.010210273943129792,0.0,0.0,0.2066666666666666
biology_share,Biology Journals,-0.004604348597228523,0.0,0.0,0.1276470588235294
biology_share,Biology Journals,-0.0007185538828097176,0.0,0.0,-0.04671232876712328
biology_share,Biology Journals,-0.0019456090713294598,0.02,0.02,-0.2229824561403509
biology_share,Biology Journals,-0.004686740612099919,0.3944723618090452,0.3944723618090452,0.018235294117647072
biology_share,Biology Journals,0.002695608812400245,1.0,1.0,0.20217391304347826
biology_share,Biology Journals,-0.006436942241631561,0.0,0.0,0.14466666666666667
biology_share,Biology Journals,-0.0009477367951290933,0.7828947368421053,0.7828947368421053,-0.20383561643835615
biology_share,Biology Journals,-0.013307360925492418,0.0,0.0,0.0
biology_share,Biology Journals,0.0006788685647464114,0.20952380952380953,0.20952380952380953,0.1869465648854962
biology_share,Biology Journals,-0.002083921118530936,0.4788732394366197,0.4788732394366197,-0.26649122807017545
biology_share,Biology Journals,0.0010818597783146997,1.0,1.0,-0.1755421686746988
biology_share,Biology Journals,-0.005077177114749555,0.0,0.0,-0.23705882352941177
biology_share,Biology Journals,0.0006644877248181225,0.9166666666666666,0.9166666666666666,0.17274809160305343
biology_share,Biology Journals,0.0012225637872951764,0.03333333333333333,0.03333333333333333,-0.08590361445783132
biology_share,Biology Journals,-0.0004517645591410393,0.41414141414141414,0.41414141414141414,0.12739726027397263
biology_share,Biology Journals,0.004798438595590003,1.0,1.0,0.24586206896551727
biology_share,Biology Journals,-0.0011691752319063081,0.0,0.0,0.29912280701754385
biology_share,Biology Journals,0.0024699510884343863,0.8717948717948718,0.8717948717948718,0.0763768115942029
biology_share,Biology Journals,-0.0007184801845998706,0.0,0.0,-0.042465753424657526
biology_share,Biology Journals,0.005046840876788038,0.24,0.24,-0.16692307692307692
biology_share,Biology Journals,-0.00037845071788836953,0.32608695652173914,0.32608695652173914,0.16136986301369866
biology_share,Biology Journals,0.00099615922689485,1.0,1.0,-0.22036144578313252
biology_share,Biology Journals,-0.006615633673576003,0.0,0.0,0.020666666666666667
biology_share,Biology Journals,0.00018797179002369362,0.53125,0.53125,-0.12068702290076336
biology_share,Biology Journals,-0.004762807451897303,0.0,0.0,-0.054705882352941215
biology_share,Biology Journals,0.0017741231801418802,0.3225806451612903,0.3225806451612903,0.2726506024096386
biology_share,Biology Journals,0.008407411453319786,0.27692307692307694,0.27692307692307694,0.0
biology_share,Biology Journals,0.005162938830129346,1.0,1.0,-0.07153846153846152
biology_share,Biology Journals,-0.006342263161054299,0.0,0.0,0.22733333333333333
biology_share,Biology Journals,0.0018512213742691364,0.6190476190476191,0.6190476190476191,0.31
biology_share,Biology Journals,-0.007630958113220034,0.0,0.0,0.04428571428571432
biology_share,Biology Journals,0.002564698869890627,0.2631578947368421,0.2631578947368421,0.1482608695652174
biology_share,Biology Journals,0.0038063331907553237,0.14606741573033707,0.14606741573033707,0.26105263157894737
biology_share,Biology Journals,0.0031241616119665853,1.0,1.0,-0.016315789473684228
biology_share,Biology Journals,-0.00792503085936237,0.0,0.0,-0.10333333333333333
biology_share,Biology Journals,-0.0008023825500346475,0.19298245614035087,0.19298245614035087,-0.12315068493150685
biology_share,Biology Journals,-0.0016686604954264102,0.0,0.0,-0.04894736842105263
biology_share,Biology Journals,-0.001472122307071784,0.016129032258064516,0.016129032258064516,0.09245614035087718
biology_share,Biology Journals,-0.0011418230495693494,0.35,0.35,-0.31
biology_share,Biology Journals,0.0016696569582482772,1.0,1.0,0.19048192771084343
biology_share,Biology Journals,-0.004920531786018491,0.0,0.0,-0.12764705882352942
biology_share,Biology Journals,-0.001015642465645014,0.5384615384615384,0.5384615384615384,-0.2378082191780822
biology_share,Biology Journals,-0.006015306119627724,0.0,0.0,-0.2411111111111111
biology_share,Biology Journals,0.00036423143770776035,0.09523809523809523,0.09523809523809523,-0.011832061068702271
biology_share,Biology Journals,0.001553202388946738,1.0,1.0,0.12325301204819278
biology_share,Biology Journals,-0.008183195550834577,0.0,0.0,0.31
biology_share,Biology Journals,0.0013612317857952905,0.07692307692307693,0.07692307692307693,0.03361445783132533
biology_share,Biology Journals,-0.007977211395571084,0.0,0.0,-0.13285714285714284
biology_share,Biology Journals,-0.0014493259594189022,0.045454545454545456,0.045454545454545456,0.10333333333333333
biology_share,Biology Journals,-0.006184363664911748,0.0,0.0,0.31
biology_share,Biology Journals,-0.0077335882356786905,0.0,0.0,-0.014761904761904754
biology_share,Biology Journals,0.0015036553521711922,0.05263157894736842,0.05263157894736842,0.10084337349397593
biology_share,Biology Journals,0.0011470910963789253,0.11538461538461539,0.11538461538461539,-0.13072289156626504
biology_share,Biology Journals,0.004544878291983686,1.0,1.0,0.0962068965517241
biology_share,Biology Journals,-0.009808561729228433,0.0,0.0,-0.155
biology_share,Biology Journals,0.0032066845562091274,0.17647058823529413,0.17647058823529413,0.0326315789473684
biology_share,Biology Journals,-0.009100355975294589,0.0,0.0,-0.31
biology_share,Biology Journals,0.005338116921596251,0.09395017793594305,0.09395017793594305,0.02384615384615385
biology_share,Biology Journals,0.0017782326127402295,0.05747126436781609,0.05747126436781609,0.28012048192771083
biology_share,Biology Journals,0.004467854122754061,1.0,1.0,-0.010689655172413826
biology_share,Biology Journals,0.0003039042649461577,0.023121387283236993,0.023121387283236993,-0.04022900763358778
biology_share,Biology Journals,-0.010576883771283366,0.0,0.0,-0.10333333333333333
biology_share,Biology Journals,8.147284973292792e-05,0.061224489795918366,0.061224489795918366,-0.20114503816793894
biology_share,Biology Journals,-0.009527569709054969,0.0,0.0,-0.07750000000000001
biology_share,Biology Journals,0.0017703374208555957,0.06338028169014084,0.06338028169014084,0.2651807228915663
biology_share,Biology Journals,0.002573427587956492,0.07633587786259542,0.07633587786259542,0.166231884057971
biology_share,Biology Journals,0.00021562825492005608,0.037037037037037035,0.037037037037037035,-0.09229007633587785
biology_share,Biology Journals,0.002095555895947168,0.10869565217391304,0.10869565217391304,-0.166231884057971
biology_share,Biology Journals,-0.010187629309261008,0.0,0.0,0.31
biology_share,Biology Journals,-0.0004390948701748102,0.0625,0.0625,0.13589041095890414
biology_share,Biology Journals,0.0021264402496980954,0.09090909090909091,0.09090909090909091,-0.13927536231884058
biology_share,Biology Journals,0.002559303453356908,0.0707070707070707,0.0707070707070707,0.13028985507246377
biology_share,Biology Journals,-0.0008104117551372257,0.04739336492890995,0.04739336492890995,-0.13164383561643836
biology_share,Biology Journals,0.0045199538893159865,0.12211221122112212,0.12211221122112212,0.07482758620689656
biology_share,Biology Journals,0.004941864542574363,1.0,1.0,-0.31
biology_share,Biology Journals,6.218254821265605e-05,0.020833333333333332,0.020833333333333332,-0.21534351145038166
biology_share,Biology Journals,0.0005508322664966412,0.05,0.05,0.11595419847328248
biology_share,Biology Journals,-0.011559252434520032,0.0,0.0,-0.31
biology_share,Biology Journals,-0.008246568911365914,0.0,0.0,0.25833333333333336
biology_share,Biology Journals,0.004971514650751127,0.14678899082568808,0.14678899082568808,-0.2623076923076923
biology_share,Biology Journals,0.005413557449845794,0.1504424778761062,0.1504424778761062,0.07153846153846155
biology_share,Biology Journals,0.002236429961175034,0.10569105691056911,0.10569105691056911,-0.0763768115942029
biology_share,Biology Journals,0.005175684967198445,0.14583333333333334,0.14583333333333334,-0.02384615384615385
biology_share,Biology Journals,-0.008987843419951472,0.0,0.0,-0.20666666666666667
biology_share,Biology Journals,-0.0004706584488359344,0.058823529411764705,0.058823529411764705,0.11465753424657538
biology_share,Biology Journals,0.002303951671702928,0.16666666666666666,0.16666666666666666,-0.004492753623188406
biology_share,Biology Journals,0.0022333155125711587,0.07207207207207207,0.07207207207207207,-0.08536231884057971
biology_share,Biology Journals,0.0031712522822291986,0.17647058823529413,0.17647058823529413,0.016315789473684228
biology_share,Biology Journals,0.0015201092483440176,0.1032258064516129,0.1032258064516129,0.1083132530120482
biology_share,Biology Journals,0.003835030722680248,1.0,1.0,0.31
biology_share,Biology Journals,0.0007201475505825104,0.016666666666666666,0.016666666666666666,0.22007633587786263
biology_share,Biology Journals,0.00140634802595886,0.08333333333333333,0.08333333333333333,0.0634939759036145
biology_share,Biology Journals,0.0011242524300141099,0.07692307692307693,0.07692307692307693,-0.1606024096385542
biology_share,Biology Journals,-0.005375091484577252,0.0,0.0,0.17222222222222222
biology_share,Biology Journals,0.000799741143923162,0.07874015748031496,0.07874015748031496,0.28160305343511455
biology_share,Biology Journals,0.004813828850785516,0.14754098360655737,0.14754098360655737,0.2672413793103448
biology_share,Biology Journals,-0.007137727009383924,0.010869565217391304,0.010869565217391304,-0.31
biology_share,Biology Journals,0.0029790484129047687,0.12,0.12,-0.1631578947368421
biology_share,Biology Journals,-0.007712611823875295,0.0,0.0,0.014761904761904754
biology_share,Biology Journals,0.0032083081033418316,0.14583333333333334,0.14583333333333334,0.04894736842105263
biology_share,Biology Journals,0.0013913107241830093,0.0880503144654088,0.0880503144654088,0.04855421686746991
biology_share,Biology Journals,0.0013474855306467672,0.09195402298850575,0.09195402298850575,-0.0037349397590361044
biology_share,Biology Journals,0.0027306265363840044,0.1875,0.1875,0.24710144927536232
biology_share,Biology Journals,0.001660506579639062,0.11345646437994723,0.11345646437994723,0.18301204819277112
biology_share,Biology Journals,0.0025406699787223833,1.0,1.0,0.12130434782608696
biology_share,Biology Journals,0.00045805916344954624,0.016,0.016,0.04969465648854965
biology_share,Biology Journals,0.002487458202303309,0.14285714285714285,0.14285714285714285,0.08536231884057971
biology_share,Biology Journals,-0.0036658233642878207,0.01904761904761905,0.01904761904761905,0.14466666666666667
biology_share,Biology Journals,0.0005993724031797086,0.08661417322834646,0.08661417322834646,0.1301526717557252
biology_share,Biology Journals,0.003992217718592336,0.11721611721611722,0.11721611721611722,-0.24586206896551724
biology_share,Biology Journals,0.0007942680463917518,0.11475409836065574,0.11475409836065574,0.27687022900763364
biology_share,Biology Journals,0.0007942680463917518,0.09375,0.09375,0.27213740458015273
biology_share,Biology Journals,-0.004156447934273633,0.0,0.0,0.31
biology_share,Biology Journals,0.0012432148117310195,0.1059322033898305,0.1059322033898305,-0.07096385542168673
biology_share,Biology Journals,0.003959891318246278,0.14782608695652175,0.14782608695652175,-0.2672413793103448
biology_share,Biology Journals,-0.004055432381134675,0.037037037037037035,0.037037037037037035,-0.31
biology_share,Biology Journals,0.0026969144886643194,1.0,1.0,0.21115942028985507
biology_share,Biology Journals,0.002121835654100359,0.019572953736654804,0.019572953736654804,-0.1482608695652174
biology_share,Biology Journals,-0.0005175192575329824,0.043478260869565216,0.043478260869565216,0.0806849315068493
biology_share,Biology Journals,0.0022783514724178853,0.03802281368821293,0.03802281368821293,-0.03144927536231884
biology_share,Biology Journals,-0.008353583886516202,0.0,0.0,0.051666666666666694
biology_share,Biology Journals,0.0030860049453573413,0.09108910891089109,0.09108910891089109,-0.06526315789473683
biology_share,Biology Journals,0.005607942967038905,0.12285714285714286,0.12285714285714286,0.11923076923076925
biology_share,Biology Journals,0.0024284983223421238,1.0,1.0,0.04942028985507246
biology_share,Biology Journals,0.0016243888044516254,0.0718954248366013,0.0718954248366013,0.16060240963855427
biology_share,Biology Journals,-0.008653991773755552,0.0,0.0,-0.10333333333333333
biology_share,Biology Journals,0.0022783514724178853,0.0398406374501992,0.0398406374501992,-0.04043478260869565
biology_share,Biology Journals,-0.011496193832061588,0.0,0.0,0.0
biology_share,Biology Journals,0.0007767018643447177,0.09090909090909091,0.09090909090909091,0.253206106870229
biology_share,Biology Journals,0.002760495343729565,0.125,0.125,0.26507246376811594
biology_share,Biology Journals,0.004813828850785516,0.13875598086124402,0.13875598086124402,0.28862068965517235
biology_share,Biology Journals,0.002247397375905462,0.08783783783783784,0.08783783783783784,-0.06739130434782609
biology_share,Biology Journals,0.006785885607361847,0.13286713286713286,0.13286713286713286,0.0
biology_share,Biology Journals,0.0035216057209134263,0.06326034063260341,0.06326034063260341,0.17947368421052634
biology_share,Biology Journals,0.004815651027831982,1.0,1.0,0.31
biology_share,Biology Journals,-0.008333321022779856,0.0,0.0,0.10333333333333333
biology_share,Biology Journals,0.0021104013021980336,0.08333333333333333,0.08333333333333333,-0.1572463768115942
biology_share,Biology Journals,-0.006454531483102343,0.0,0.0,0.10333333333333333
biology_share,Biology Journals,-0.006745299104615671,0.0,0.0,-0.062
biology_share,Biology Journals,-0.0004777291297022957,0.05673758865248227,0.05673758865248227,0.11041095890410962
biology_share,Biology Journals,0.0011868324664331541,0.07894736842105263,0.07894736842105263,-0.1008433734939759
biology_share,Biology Journals,0.0018757763223920126,0.11403508771929824,0.11403508771929824,-0.2920289855072464
biology_share,Biology Journals,5.002576971857986e-05,0.04132231404958678,0.04132231404958678,-0.22007633587786257
biology_share,Biology Journals,-0.0009674247307846315,0.02,0.02,-0.22506849315068495
biology_share,Biology Journals,0.004514520189480936,0.11920529801324503,0.11920529801324503,0.05344827586206896
biology_share,Biology Journals,0.011847834151021561,1.0,1.0,0.0
biology_share,Biology Journals,-0.008288655254531698,0.0,0.0,0.2066666666666666
biology_share,Biology Journals,0.0019526019984978519,0.6666666666666666,0.6666666666666666,-0.2291304347826087
biology_share,Biology Journals,-0.008537482745954792,0.0,0.0,0.0
biology_share,Biology Journals,0.00184903414203352,0.19696969696969696,0.19696969696969696,0.3025301204819278
biology_share,Biology Journals,0.00150055314521096,0.07317073170731707,0.07317073170731707,0.09337349397590361
biology_share,Biology Journals,0.00498744944703385,0.13157894736842105,0.13157894736842105,-0.2146153846153846
biology_share,Biology Journals,0.0032655036252046306,0.15789473684210525,0.15789473684210525,0.08157894736842103
biology_share,Biology Journals,0.004782318469254948,0.11764705882352941,0.11764705882352941,0.16034482758620688
biology_share,Biology Journals,-0.009407986856862316,0.0,0.0,0.15499999999999997
biology_share,Biology Journals,-0.0098216424551973,0.0,0.0,-0.23249999999999998
biology_share,Biology Journals,-0.00940155865535115,0.0,0.0,0.23249999999999998
biology_share,Biology Journals,-0.009823421405295973,0.0,0.0,-0.31
biology_share,Biology Journals,-0.005764985248694808,0.0,0.0,-0.034444444444444444
biology_share,Biology Journals,-0.009413194284356465,0.0,0.0,0.07750000000000001
biology_share,Biology Journals,-0.010308448322831978,0.0,0.0,0.10333333333333333
biology_share,Biology Journals,-0.010897614013293524,0.0,0.0,-0.31
biology_share,Biology Journals,0.0027004300662594335,0.10479041916167664,0.10479041916167664,0.2291304347826087
biology_share,Biology Journals,0.0025404314223812937,1.0,1.0,0.11231884057971014
biology_share,Biology Journals,-0.004650340506252779,0.014184397163120567,0.014184397163120567,0.05470588235294116
biology_share,Biology Journals,5.820516812063399e-06,0.2222222222222222,0.2222222222222222,-0.24847328244274808
biology_share,Biology Journals,-0.009175632789244388,0.015625,0.015625,0.31
biology_share,Biology Journals,-0.004308902231247877,0.0,0.0,0.2370588235294117
biology_share,Biology Journals,0.0007350575155015793,0.09016393442622951,0.09016393442622951,0.22480916030534354
biology_share,Biology Journals,0.004796898239508888,0.12435233160621761,0.12435233160621761,0.22448275862068962
biology_share,Biology Journals,0.0037045575424813704,1.0,1.0,0.2284210526315789
biology_share,Biology Journals,0.0006928922959107174,0.0196078431372549,0.0196078431372549,0.201145038167939
biology_share,Biology Journals,-0.008097345854455693,0.0,0.0,-0.2804761904761905
biology_share,Biology Journals,0.0006601351010988343,0.02247191011235955,0.02247191011235955,0.16328244274809162
biology_share,Biology Journals,-0.007992455518113856,0.0,0.0,-0.16238095238095238
biology_share,Biology Journals,0.0007623254807787642,0.10714285714285714,0.10714285714285714,0.24374045801526717
biology_share,Biology Journals,0.003623058686554228,0.07407407407407407,0.07407407407407407,0.19578947368421057
biology_share,Biology Journals,0.004581383277017669,1.0,1.0,0.11758620689655169
biology_share,Biology Journals,-0.008084686962202358,0.013793103448275862,0.013793103448275862,-0.2509523809523809
biology_share,Biology Journals,0.00010173965279223125,0.045454545454545456,0.045454545454545456,-0.18221374045801525
biology_share,Biology Journals,-0.00024322701789499497,0.03389830508474576,0.03389830508474576,0.24205479452054796
biology_share,Biology Journals,-0.008582664719383891,0.0,0.0,-0.051666666666666694
biology_share,Biology Journals,0.0016177808321965255,0.07142857142857142,0.07142857142857142,0.14566265060240968
biology_share,Biology Journals,0.003073058539966312,0.08445945945945946,0.08445945945945946,-0.08157894736842106
biology_share,Biology Journals,0.0042986598485322495,1.0,1.0,-0.09620689655172415
biology_share,Biology Journals,-0.0008956580556811866,0.032520325203252036,0.032520325203252036,-0.16561643835616438
biology_share,Biology Journals,-0.01081487831623793,0.0,0.0,-0.20666666666666667
biology_share,Biology Journals,0.003095951624155017,0.09803921568627451,0.09803921568627451,-0.04894736842105263
biology_share,Biology Journals,-0.009451562228169605,0.0,0.0,0.0
biology_share,Biology Journals,0.0029532712069695053,0.0916030534351145,0.0916030534351145,-0.21210526315789474
biology_share,Biology Journals,-0.0024087929210994427,0.20761245674740483,0.20761245674740483,-0.13285714285714284
biology_share,Biology Journals,0.0023156962159613017,0.11714285714285715,0.11714285714285715,0.004492753623188406
biology_share,Biology Journals,0.004470357534473759,1.0,1.0,0.01068965517241377
biology_share,Biology Journals,-0.0018201545641959795,0.0,0.0,-0.11421052631578948
biology_share,Biology Journals,0.0027226361766992924,0.14427860696517414,0.14427860696517414,0.2381159420289855
biology_share,Biology Journals,-0.0016244167984526335,0.0,0.0,-0.016315789473684228
biology_share,Biology Journals,-0.0017023454482516518,0.0,0.0,-0.08157894736842106
biology_share,Biology Journals,-0.0007023797802983383,0.07462686567164178,0.07462686567164178,-0.02972602739726027
biology_share,Biology Journals,0.0002377708307503344,0.05454545454545454,0.05454545454545454,-0.08282442748091601
biology_share,Biology Journals,-0.002354750867915526,0.012195121951219513,0.012195121951219513,-0.04428571428571426
biology_share,Biology Journals,0.0003746949012833822,0.375,0.375,0.011832061068702326
biology_share,Biology Journals,-0.0010342344047985104,0.17391304347826086,0.17391304347826086,-0.25054794520547946
biology_share,Biology Journals,-0.001620448668801349,0.20689655172413793,0.20689655172413793,-0.005438596491228076
biology_share,Biology Journals,-6.974210310335966e-05,0.11538461538461539,0.11538461538461539,-0.26740458015267177
biology_share,Biology Journals,-0.00016983059093066287,0.1111111111111111,0.1111111111111111,0.29726027397260274
biology_share,Biology Journals,0.0013526521690362893,0.10679611650485436,0.10679611650485436,0.018674698795180744
biology_share,Biology Journals,0.0025632272346867574,0.12962962962962962,0.12962962962962962,0.13927536231884058
biology_share,Biology Journals,0.0012533489543231444,1.0,1.0,-0.04855421686746986
biology_share,Biology Journals,-0.0009768702873027106,0.0,0.0,-0.2293150684931507
biology_share,Biology Journals,0.0016967310224445232,0.12608695652173912,0.12608695652173912,0.2203614457831326
biology_share,Biology Journals,0.0001463664377190187,0.05357142857142857,0.05357142857142857,-0.13961832061068702
biology_share,Biology Journals,-0.003757017646362284,0.0,0.0,0.020666666666666667
biology_share,Biology Journals,-0.00102563430440182,0.09090909090909091,0.09090909090909091,-0.24205479452054796
biology_share,Biology Journals,0.0006704105674998524,0.08994708994708994,0.08994708994708994,0.17748091603053434
biology_share,Biology Journals,-0.000287012783264844,0.018867924528301886,0.018867924528301886,0.2123287671232877
biology_share,Biology Journals,0.0005330374921896137,0.4406779661016949,0.4406779661016949,0.09702290076335879
biology_share,Biology Journals,-0.0002989481283374349,0.42857142857142855,0.42857142857142855,0.20383561643835618
biology_share,Biology Journals,-0.001081611848696237,0.18181818181818182,0.18181818181818182,-0.28027397260273973
biology_share,Biology Journals,0.0005141761102428847,0.11,0.11,0.08755725190839697
biology_share,Biology Journals,0.0026006021094821343,0.1388888888888889,0.1388888888888889,0.18420289855072464
biology_share,Biology Journals,-7.085736176113337e-05,0.10576923076923077,0.10576923076923077,-0.2768702290076336
biology_share,Biology Journals,-0.007237432127978454,0.23759791122715404,0.23759791122715404,0.31
biology_share,Biology Journals,-0.0005735811833061116,1.0,1.0,0.05095890410958903
biology_share,Biology Journals,-0.000296978929693091,0.05128205128205128,0.05128205128205128,0.20808219178082193
biology_share,Biology Journals,-0.0036736760566600233,0.23979591836734693,0.23979591836734693,0.10333333333333333
biology_share,Biology Journals,-0.0005119992960606538,0.017857142857142856,0.017857142857142856,0.08493150684931505
biology_share,Biology Journals,-0.00024706719397216495,0.0,0.0,0.2378082191780822
biology_share,Biology Journals,-0.0014971476561469643,0.1935483870967742,0.1935483870967742,0.07070175438596488
biology_share,Biology Journals,0.0020465586188698295,0.1407035175879397,0.1407035175879397,-0.20217391304347826
biology_share,Biology Journals,0.0006619094054411486,0.12371134020618557,0.12371134020618557,0.16801526717557252
biology_share,Biology Journals,-7.081995348356395e-05,0.6617647058823529,0.6617647058823529,-0.2721374045801527
biology_share,Biology Journals,-0.0003680393945401195,0.5714285714285714,0.5714285714285714,0.18260273972602742
biology_share,Biology Journals,-0.0017155138800091106,0.32653061224489793,0.32653061224489793,-0.09245614035087721
biology_share,Biology Journals,0.0024019368654056854,0.28,0.28,0.04043478260869565
biology_share,Biology Journals,-0.0029090008697653445,0.19327731092436976,0.19327731092436976,-0.31
biology_share,Biology Journals,-0.0005858232394193263,0.024390243902439025,0.024390243902439025,0.04671232876712328
biology_share,Biology Journals,-0.0018297139583764524,0.3901639344262295,0.3901639344262295,-0.1250877192982456
biology_share,Biology Journals,-0.0010647577974220012,1.0,1.0,-0.26753424657534247
biology_share,Biology Journals,-5.362737253222234e-05,0.06060606060606061,0.06060606060606061,-0.26267175572519086
biology_share,Biology Journals,-0.0007756233521719214,0.42201834862385323,0.42201834862385323,-0.09767123287671231
biology_share,Biology Journals,0.0009565295143640578,0.05084745762711865,0.05084745762711865,-0.2427710843373494
biology_share,Biology Journals,0.000308624708143722,0.0,0.0,-0.03549618320610687
biology_share,Biology Journals,0.0033087776599796466,0.2708333333333333,0.2708333333333333,0.09789473684210526
biology_share,Biology Journals,0.00010307128944143758,0.31746031746031744,0.31746031746031744,-0.17748091603053434
biology_share,Biology Journals,-0.001935523586546271,0.2619047619047619,0.2619047619047619,-0.2012280701754386
biology_share,Biology Journals,-0.0002805513252195852,0.7857142857142857,0.7857142857142857,0.21657534246575344
biology_share,Biology Journals,-0.0007847642892366587,0.5,0.5,-0.10616438356164382
biology_share,Biology Journals,-0.0026811848064703307,0.47752808988764045,0.47752808988764045,-0.22142857142857142
biology_share,Biology Journals,-0.0006653353432635151,0.3375,0.3375,0.004246575342465753
biology_share,Biology Journals,-0.0019868567718167563,0.16666666666666666,0.16666666666666666,-0.23385964912280702
biology_share,Biology Journals,-0.0007553637469299711,0.09090909090909091,0.09090909090909091,-0.07643835616438355
biology_share,Biology Journals,-0.0007518118398580844,1.0,1.0,-0.06794520547945204
biology_share,Biology Journals,-0.00017403794948895248,0.023809523809523808,0.023809523809523808,0.293013698630137
biology_share,Biology Journals,-0.0023578689690483233,0.20516304347826086,0.20516304347826086,-0.0738095238095238
biology_share,Biology Journals,-0.00014961453159378438,0.033816425120772944,0.033816425120772944,0.30575342465753425
biology_share,Biology Journals,-0.0005335670532070328,0.0,0.0,0.0721917808219178
biology_share,Biology Journals,0.0005401314506335382,0.15086206896551724,0.15086206896551724,0.11122137404580157
biology_share,Biology Journals,0.003716540545528283,0.15363881401617252,0.15363881401617252,0.2447368421052632
biology_share,Biology Journals,0.001245015818390472,1.0,1.0,-0.06349397590361444
biology_share,Biology Journals,-0.0005611200206699718,0.10810810810810811,0.10810810810810811,0.05945205479452054
biology_share,Biology Journals,0.00011470393788610906,0.05863192182410423,0.05863192182410423,-0.15854961832061068
biology_share,Biology Journals,-0.00014961453159378438,0.03535353535353535,0.03535353535353535,0.31
biology_share,Biology Journals,-0.0006481392409195798,0.0,0.0,0.01698630136986301
biology_share,Biology Journals,0.0010114487157325018,0.14035087719298245,0.14035087719298245,-0.21289156626506023
biology_share,Biology Journals,0.0023872649560510075,0.2913907284768212,0.2913907284768212,0.03144927536231884
biology_share,Biology Journals,-0.002853003718679946,0.17142857142857143,0.17142857142857143,-0.2804761904761905
biology_share,Biology Journals,0.0019198468715887265,0.14201183431952663,0.14201183431952663,-0.25608695652173913
biology_share,Biology Journals,-0.0019071843442825232,0.06477732793522267,0.06477732793522267,-0.1794736842105263
biology_share,Biology Journals,0.0006854818677264072,0.07951070336391437,0.07951070336391437,0.19167938931297707
biology_share,Biology Journals,0.0002218923909554485,1.0,1.0,-0.08755725190839694
biology_share,Biology Journals,-0.00021470567274639804,0.0,0.0,0.25904109589041097
biology_share,Biology Journals,-0.0021479998864132334,0.01327433628318584,0.01327433628318584,0.2804761904761905
biology_share,Biology Journals,-0.002285311410158887,0.0,0.0,0.10333333333333333
biology_share,Biology Journals,-0.0007122584851514759,0.0,0.0,-0.03397260273972602
biology_share,Biology Journals,-0.0010849401585472625,0.17073170731707318,0.17073170731707318,-0.2845205479452055
biology_share,Biology Journals,-0.0036982532176430085,0.16049382716049382,0.16049382716049382,0.062
biology_share,Biology Journals,-0.00020104837790137732,0.11235955056179775,0.11235955056179775,0.26753424657534247
biology_share,Biology Journals,-0.0009189389287364744,0.022988505747126436,0.022988505747126436,-0.1826027397260274
biology_share,Biology Journals,-0.0005276959465875041,0.014285714285714285,0.014285714285714285,0.07643835616438355
biology_share,Biology Journals,-0.0015490371861846216,0.562753036437247,0.562753036437247,0.016315789473684172
biology_share,Biology Journals,0.0017218174582271978,1.0,1.0,0.25024096385542166
biology_share,Biology Journals,-0.00037568303372343694,0.0,0.0,0.1656164383561644
biology_share,Biology Journals,-0.0009477367951290933,0.785234899328859,0.785234899328859,-0.2080821917808219
biology_share,Biology Journals,-0.0003957130827731435,0.0,0.0,0.15287671232876715
biology_share,Biology Journals,-0.010552627998525552,0.23076923076923078,0.23076923076923078,0.0
biology_share,Biology Journals,-0.0022639095618923856,0.6435643564356436,0.6435643564356436,0.19190476190476197
biology_share,Biology Journals,0.00028687788181899505,0.5901639344262295,0.5901639344262295,-0.06862595419847328
biology_share,Biology Journals,-0.00018251484278908155,0.4444444444444444,0.4444444444444444,0.28027397260273973
biology_share,Biology Journals,0.00043002203974607076,0.45161290322580644,0.45161290322580644,0.03076335877862596
biology_share,Biology Journals,-0.00024285112739858548,0.3170731707317073,0.3170731707317073,0.2463013698630137
biology_share,Biology Journals,0.0031241616119665853,1.0,1.0,-0.0326315789473684
biology_share,Biology Journals,-0.0022107495924221475,0.0,0.0,0.250952380952381
biology_share,Biology Journals,0.0014376913490265078,0.36666666666666664,0.36666666666666664,0.07096385542168676
biology_share,Biology Journals,-0.0016686604954264102,0.0,0.0,-0.038070175438596476
biology_share,Biology Journals,-0.0011577220729366944,0.045454545454545456,0.045454545454545456,0.31
biology_share,Biology Journals,-0.0011829005639641288,0.5833333333333334,0.5833333333333334,0.24473684210526309
biology_share,Biology Journals,-0.0001952289714848354,0.25,0.25,0.2717808219178082
biology_share,Biology Journals,-0.0007864877279860561,0.08333333333333333,0.08333333333333333,-0.11465753424657535
biology_share,Biology Journals,0.001048602046278705,0.3333333333333333,0.3333333333333333,-0.19795180722891564
biology_share,Biology Journals,-0.00639438924975827,0.3638814016172507,0.3638814016172507,0.186
biology_share,Biology Journals,-0.0009275977067869349,1.0,1.0,-0.1995890410958904
biology_share,Biology Journals,0.0006954358480835632,0.041666666666666664,0.041666666666666664,0.2106106870229008
biology_share,Biology Journals,-0.0007756233521719214,0.44,0.44,-0.10191780821917806
biology_share,Biology Journals,2.8138182598741805e-05,0.07692307692307693,0.07692307692307693,-0.22954198473282442
biology_share,Biology Journals,0.0013536141722657845,0.0,0.0,0.02614457831325301
biology_share,Biology Journals,-0.0009510892643639004,0.15584415584415584,0.15584415584415584,-0.2123287671232877
biology_share,Biology Journals,-0.0034339417221150646,0.22128851540616246,0.22128851540616246,0.22733333333333333
biology_share,Biology Journals,-1.1455349174585656e-05,1.0,1.0,-0.25793893129770995
biology_share,Biology Journals,-0.0009020943452629464,0.023809523809523808,0.023809523809523808,-0.16986301369863013
biology_share,Biology Journals,-0.0022956290897390374,0.25301204819277107,0.25301204819277107,0.07380952380952382
biology_share,Biology Journals,6.369942359360408e-05,0.0,0.0,-0.21061068702290076
biology_share,Biology Journals,-0.0007654314664513747,0.0,0.0,-0.08493150684931505
biology_share,Biology Journals,-0.0013217481350425056,0.11320754716981132,0.11320754716981132,0.14684210526315788
biology_share,Biology Journals,0.0022268884452266995,0.15644171779141106,0.15644171779141106,-0.09434782608695652
biology_share,Biology Journals,0.000526018122548407,1.0,1.0,0.09229007633587788
biology_share,Biology Journals,-0.0007682047266999008,0.0,0.0,-0.09342465753424656
biology_share,Biology Journals,0.0004734504678297346,0.11170212765957446,0.11170212765957446,0.06389312977099237
biology_share,Biology Journals,-0.0006837601975335263,0.08163265306122448,0.08163265306122448,-0.008493150684931505
biology_share,Biology Journals,-0.0007174659126456256,0.0,0.0,-0.038219178082191774
biology_share,Biology Journals,-0.011193102819120535,0.23636363636363636,0.23636363636363636,0.31
biology_share,Biology Journals,0.0019041937541085174,0.09668508287292818,0.09668508287292818,-0.27405797101449275
biology_share,Biology Journals,0.002335177495122812,1.0,1.0,0.02246376811594203
biology_share,Biology Journals,-0.002826894044105802,0.0,0.0,-0.2509523809523809
biology_share,Biology Journals,0.0016989572806702217,0.09482758620689655,0.09482758620689655,0.2278313253012048
biology_share,Biology Journals,-0.0010989167487433225,0.0,0.0,-0.28876712328767123
biology_share,Biology Journals,-0.0006362510042661114,0.0,0.0,0.02972602739726027
biology_share,Biology Journals,-0.001099931890374033,0.0851063829787234,0.0851063829787234,-0.293013698630137
biology_share,Biology Journals,-0.024130482288670003,0.24113475177304963,0.24113475177304963,0.0
biology_share,Biology Journals,-0.001374693549019051,1.0,1.0,0.13596491228070173
biology_share,Biology Journals,0.0009614800870096178,0.023474178403755867,0.023474178403755867,-0.2353012048192771
biology_share,Biology Journals,-0.0008212702625940413,0.4276729559748428,0.4276729559748428,-0.14013698630136986
biology_share,Biology Journals,0.0020800530919616797,0.038834951456310676,0.038834951456310676,-0.18420289855072464
biology_share,Biology Journals,0.0006861181077467307,0.0,0.0,0.19641221374045809
biology_share,Biology Journals,0.00044180234557659873,0.11557788944723618,0.11557788944723618,0.03549618320610687
biology_share,Biology Journals,0.005670627960414649,0.17092866756393002,0.17092866756393002,0.2146153846153846
biology_share,Biology Journals,8.773634872962522e-05,1.0,1.0,-0.196412213740458
biology_share,Biology Journals,-0.0003450664501007525,0.020512820512820513,0.020512820512820513,0.18684931506849317
biology_share,Biology Journals,-0.007423401355629753,0.23595505617977527,0.23595505617977527,0.22142857142857147
biology_share,Biology Journals,-0.00517994359532799,0.012903225806451613,0.012903225806451613,0.31
biology_share,Biology Journals,-0.0005697421126661255,0.0,0.0,0.055205479452054784
biology_share,Biology Journals,0.00017656134889895199,0.10880829015544041,0.10880829015544041,-0.12541984732824427
biology_share,Biology Journals,0.00225374009577384,0.11538461538461539,0.11538461538461539,-0.04942028985507246
biology_share,Biology Journals,0.00031795020628449486,1.0,1.0,-0.02603053435114505
biology_share,Biology Journals,-0.006617351372235894,0.011111111111111112,0.011111111111111112,-0.020666666666666667
biology_share,Biology Journals,0.00047988430258125,0.10476190476190476,0.10476190476190476,0.07335877862595419
biology_share,Biology Journals,0.00036632940860917474,0.05555555555555555,0.05555555555555555,0.002366412213740454
biology_share,Biology Journals,-0.0013138434070240237,0.0,0.0,0.17947368421052629
biology_share,Biology Journals,0.0029783397059747756,0.12574850299401197,0.12574850299401197,-0.1794736842105263
biology_share,Biology Journals,0.002838565397187475,0.0911854103343465,0.0911854103343465,0.3010144927536232
biology_share,Biology Journals,0.0027356871005530933,1.0,1.0,0.25608695652173913
biology_share,Biology Journals,-0.002129456220552265,0.028169014084507043,0.028169014084507043,-0.2882456140350877
biology_share,Biology Journals,0.0017053911154217374,0.08527131782945736,0.08527131782945736,0.24277108433734945
biology_share,Biology Journals,-0.002473800859116589,0.04807692307692308,0.04807692307692308,-0.1919047619047619
biology_share,Biology Journals,-0.0006425464019243532,0.0,0.0,0.025479452054794516
biology_share,Biology Journals,0.0019112419903178392,0.0898876404494382,0.0898876404494382,-0.26507246376811594
economics_share,Economics Journals,0.0013520204223032087,0.32808022922636104,0.32808022922636104,-0.2773684210526316
economics_share,Economics Journals,0.0010266845754970972,0.06557377049180328,0.06557377049180328,0.027087378640776705
economics_share,Economics Journals,-0.003434127952545305,1.0,1.0,0.0
economics_share,Economics Journals,0.005487720888506261,0.12987012987012986,0.12987012987012986,0.31
economics_share,Economics Journals,-0.0005440067702941269,0.0,0.0,0.17947368421052629
economics_share,Economics Journals,-0.00049877713540899,0.0,0.0,0.23385964912280705
economics_share,Economics Journals,0.0003536256414946287,0.28708133971291866,0.28708133971291866,0.2536363636363636
economics_share,Economics Journals,0.0026047354952529115,0.13513513513513514,0.13513513513513514,0.08346153846153848
economics_share,Economics Journals,0.003841096854426423,0.21052631578947367,0.21052631578947367,-0.31
economics_share,Economics Journals,-0.0033710670455600836,1.0,1.0,0.062
economics_share,Economics Journals,0.0001203649491529982,0.009708737864077669,0.009708737864077669,0.06575757575757574
economics_share,Economics Journals,4.2051418887563777e-05,0.0,0.0,-0.009393939393939399
economics_share,Economics Journals,-0.0015884715773374952,0.0,0.0,0.0577966101694915
economics_share,Economics Journals,0.0009239763435244102,0.1232876712328767,0.1232876712328767,-0.08728155339805824
economics_share,Economics Journals,0.004926232769680439,0.1111111111111111,0.1111111111111111,-0.11923076923076922
economics_share,Economics Journals,0.004875409000033287,0.047619047619047616,0.047619047619047616,-0.16692307692307692
economics_share,Economics Journals,0.002191889487023082,0.20408163265306123,0.20408163265306123,-0.2742307692307692
economics_share,Economics Journals,0.004937659315961345,0.12903225806451613,0.12903225806451613,-0.07153846153846152
economics_share,Economics Journals,0.0013082049915310353,0.4838709677419355,0.4838709677419355,-0.3045614035087719
economics_share,Economics Journals,0.0030106010080139614,0.0,0.0,-0.31
economics_share,Economics Journals,-0.0037035079693628114,1.0,1.0,-0.26866666666666666
economics_share,Economics Journals,0.00012118931012007253,0.0,0.0,0.07515151515151514
economics_share,Economics Journals,6.054751795536428e-05,0.0,0.0,0.04696969696969694
economics_share,Economics Journals,-0.0011744578733896608,0.0,0.0,-0.2556140350877193
economics_share,Economics Journals,-9.145747765471788e-05,0.2542372881355932,0.2542372881355932,-0.09393939393939393
economics_share,Economics Journals,-0.005201646220616153,0.6923076923076923,0.6923076923076923,-0.155
economics_share,Economics Journals,-0.00018218723899384698,0.4583333333333333,0.4583333333333333,-0.13151515151515153
economics_share,Economics Journals,-0.0016627800935353763,0.5084745762711864,0.5084745762711864,-0.005254237288135621
economics_share,Economics Journals,0.0010332765761860998,0.45454545454545453,0.45454545454545453,0.033106796116504855
economics_share,Economics Journals,0.001191950483301152,0.33636363636363636,0.33636363636363636,0.17757281553398063
economics_share,Economics Journals,-0.0007517261961391419,0.0,0.0,0.038070175438596476
economics_share,Economics Journals,-0.003833380678334829,1.0,1.0,0.20058823529411757
economics_share,Economics Journals,-0.0012152084975070921,0.030303030303030304,0.030303030303030304,-0.31
economics_share,Economics Journals,-0.0016027477599051183,0.0,0.0,0.047288135593220315
economics_share,Economics Journals,0.003230310550300002,0.09375,0.09375,0.01068965517241377
economics_share,Economics Journals,-0.0031369550726746296,0.25,0.25,0.24800000000000005
economics_share,Economics Journals,0.0022115680148311907,0.3888888888888889,0.3888888888888889,-0.25038461538461537
economics_share,Economics Journals,-0.00238771765006941,0.34375,0.34375,0.062
economics_share,Economics Journals,0.0017690921547318724,0.3333333333333333,0.3333333333333333,0.038070175438596476
economics_share,Economics Journals,-0.004568140951123581,0.7346938775510204,0.7346938775510204,-0.31
economics_share,Economics Journals,-7.184405763038575e-05,0.0,0.0,-0.06575757575757576
economics_share,Economics Journals,-0.008545751046166592,1.0,1.0,-0.07750000000000001
economics_share,Economics Journals,-0.007264782558979403,0.9032258064516129,0.9032258064516129,0.1771428571428571
economics_share,Economics Journals,-0.0003335638328899252,0.0,0.0,-0.26303030303030306
economics_share,Economics Journals,-0.004395852160450188,0.7894736842105263,0.7894736842105263,-0.2735294117647059
economics_share,Economics Journals,-0.007058963734382297,1.0,1.0,-0.28615384615384615
economics_share,Economics Journals,-0.01051110856586059,1.0,1.0,-0.22142857142857142
economics_share,Economics Journals,-0.0047882378977190864,0.6875,0.6875,0.25833333333333336
economics_share,Economics Journals,-0.01070295243510725,0.68,0.68,0.10333333333333333
economics_share,Economics Journals,-0.0004280807098567579,0.4444444444444444,0.4444444444444444,0.31
economics_share,Economics Journals,0.00043202847209782046,0.0,0.0,0.3006060606060606
economics_share,Economics Journals,-0.005643771839899923,1.0,1.0,0.20058823529411757
economics_share,Economics Journals,0.0012174708469364739,0.23076923076923078,0.23076923076923078,0.2257281553398059
economics_share,Economics Journals,0.0005161177270144165,0.0,0.0,-0.27990291262135925
economics_share,Economics Journals,-0.001790379286378089,0.3125,0.3125,-0.12084745762711865
economics_share,Economics Journals,-8.209956615548428e-05,0.36486486486486486,0.36486486486486486,-0.08454545454545453
economics_share,Economics Journals,0.00024126770400138774,0.0,0.0,0.15969696969696967
economics_share,Economics Journals,-0.005098662794387098,1.0,1.0,-0.10333333333333333
economics_share,Economics Journals,0.0015831297506220892,0.14285714285714285,0.14285714285714285,-0.13052631578947368
economics_share,Economics Journals,0.0005150717475862827,0.0,0.0,-0.2859223300970874
economics_share,Economics Journals,0.0009769570652009925,0.0,0.0,-0.033106796116504855
economics_share,Economics Journals,-0.0017194879555960003,0.4,0.4,-0.05779661016949156
economics_share,Economics Journals,0.0015965991175864458,0.4012345679012346,0.4012345679012346,-0.10877192982456141
economics_share,Economics Journals,0.002025947866204053,0.07142857142857142,0.07142857142857142,0.23385964912280705
economics_share,Economics Journals,-0.003439945782774999,1.0,1.0,-0.04133333333333333
economics_share,Economics Journals,0.005032495565543668,0.25,0.25,0.02384615384615385
economics_share,Economics Journals,-0.000957723599819658,0.0,0.0,-0.07070175438596493
economics_share,Economics Journals,-0.0015708856080042985,0.0,0.0,0.07881355932203388
economics_share,Economics Journals,-0.0002811435334745881,0.2916666666666667,0.2916666666666667,-0.23484848484848486
economics_share,Economics Journals,0.002541562047388995,0.2805755395683453,0.2805755395683453,0.0476923076923077
economics_share,Economics Journals,0.004194447007160116,0.09375,0.09375,0.0
economics_share,Economics Journals,-0.010317661169029409,1.0,1.0,-0.13285714285714287
economics_share,Economics Journals,0.008057346072068816,0.08666666666666667,0.08666666666666667,0.31
economics_share,Economics Journals,0.0020306412621423054,0.0,0.0,0.2501754385964912
economics_share,Economics Journals,-0.0006680854255179045,0.0,0.0,0.12508771929824558
economics_share,Economics Journals,0.003149853343428589,0.25833333333333336,0.25833333333333336,-0.09620689655172415
economics_share,Economics Journals,0.0028343701935314458,0.2701908957415565,0.2701908957415565,0.23846153846153845
economics_share,Economics Journals,-0.000715260661854226,0.03488372093023256,0.03488372093023256,0.05982456140350878
economics_share,Economics Journals,-0.0036938268396262816,1.0,1.0,-0.248
economics_share,Economics Journals,0.001680813466435086,0.048,0.048,-0.02719298245614038
economics_share,Economics Journals,-0.002168344770907652,0.0,0.0,0.2604
economics_share,Economics Journals,0.00047373689119632647,0.0,0.0,-0.31
economics_share,Economics Journals,0.0005394414908167542,0.23170731707317074,0.23170731707317074,-0.2678640776699029
economics_share,Economics Journals,0.002908631066623686,0.07947019867549669,0.07947019867549669,0.25038461538461537
economics_share,Economics Journals,0.003120037238029366,0.08823529411764706,0.08823529411764706,-0.1603448275862069
economics_share,Economics Journals,-0.004865093031282793,1.0,1.0,0.2066666666666666
economics_share,Economics Journals,-0.0008734574692133641,0.0,0.0,-0.016315789473684228
economics_share,Economics Journals,-0.0015554151579936868,0.0,0.0,0.12084745762711863
economics_share,Economics Journals,0.0007710218338483877,0.0,0.0,-0.15349514563106795
economics_share,Economics Journals,0.004777890849934308,0.0967741935483871,0.0967741935483871,-0.2623076923076923
economics_share,Economics Journals,0.005236731339514434,0.08571428571428572,0.08571428571428572,0.11923076923076925
economics_share,Economics Journals,0.002100098030848744,0.1044776119402985,0.1044776119402985,0.29912280701754385
economics_share,Economics Journals,0.002964674565880303,0.11494252873563218,0.11494252873563218,0.2980769230769231
economics_share,Economics Journals,-0.0026454020773454246,0.035398230088495575,0.035398230088495575,-0.1364
economics_share,Economics Journals,0.0011251956730795076,0.4410480349344978,0.4410480349344978,0.11135922330097092
economics_share,Economics Journals,0.0016887253625199163,0.0,0.0,-0.010877192982456152
economics_share,Economics Journals,-0.0034542069929550906,1.0,1.0,-0.062
economics_share,Economics Journals,-0.0024107370968758897,0.02127659574468085,0.02127659574468085,-0.012400000000000022
economics_share,Economics Journals,0.0010260747879856185,0.0,0.0,0.021067961165048554
economics_share,Economics Journals,-0.0017940429438596322,0.0,0.0,-0.13135593220338984
economics_share,Economics Journals,-0.000962029016629116,0.40384615384615385,0.40384615384615385,-0.08157894736842106
economics_share,Economics Journals,-0.0017840446387322724,0.38461538461538464,0.38461538461538464,-0.09983050847457628
economics_share,Economics Journals,-0.0006234159216404771,0.4,0.4,0.14684210526315788
economics_share,Economics Journals,-0.002736453611091167,0.5444444444444444,0.5444444444444444,-0.1612
economics_share,Economics Journals,0.0014470814865438688,0.32558139534883723,0.32558139534883723,-0.21754385964912282
economics_share,Economics Journals,-0.00019531656430989345,0.3925233644859813,0.3925233644859813,-0.1784848484848485
economics_share,Economics Journals,0.000590039038910005,0.0,0.0,-0.24980582524271844
economics_share,Economics Journals,-0.00500114544220769,1.0,1.0,0.051666666666666694
economics_share,Economics Journals,-0.0021211466287797934,0.03125,0.03125,0.28519999999999995
economics_share,Economics Journals,0.0019729623698237146,0.125,0.125,0.19035087719298244
economics_share,Economics Journals,0.0038826463290870805,0.0625,0.0625,-0.2583333333333333
economics_share,Economics Journals,-0.001141028692755414,0.4166666666666667,0.4166666666666667,-0.24473684210526314
economics_share,Economics Journals,-0.0004747657904601612,0.47058823529411764,0.47058823529411764,0.27736842105263154
economics_share,Economics Journals,-0.0001872510301096342,0.34285714285714286,0.34285714285714286,-0.1596969696969697
economics_share,Economics Journals,0.0032037478502163702,0.2857142857142857,0.2857142857142857,-0.010689655172413826
economics_share,Economics Journals,-0.0069671050301402205,0.65,0.65,-0.14307692307692307
economics_share,Economics Journals,0.0020652561422937242,0.0,0.0,0.2664912280701754
economics_share,Economics Journals,-0.009744890231596744,1.0,1.0,0.31
economics_share,Economics Journals,-0.009082423778115944,0.6923076923076923,0.6923076923076923,0.31
economics_share,Economics Journals,-0.0058149401946914125,0.6923076923076923,0.6923076923076923,0.05470588235294116
economics_share,Economics Journals,-0.0088100491571336,0.6666666666666666,0.6666666666666666,-0.31
economics_share,Economics Journals,-0.007888124770697556,0.625,0.625,-0.31
economics_share,Economics Journals,-0.0025240414333389132,0.8,0.8,-0.062
economics_share,Economics Journals,-0.0013719693825353727,0.29,0.29,0.2259322033898305
economics_share,Economics Journals,0.0011547560209607458,0.0,0.0,0.14747572815533982
economics_share,Economics Journals,-0.0056817881712582,1.0,1.0,0.09117647058823525
economics_share,Economics Journals,0.0016622718259468984,0.058823529411764705,0.058823529411764705,-0.054385964912280704
economics_share,Economics Journals,0.0014155719144105666,0.0,0.0,-0.23385964912280702
economics_share,Economics Journals,0.000626552897234867,0.0,0.0,-0.23776699029126214
economics_share,Economics Journals,0.0009253742814880488,0.2,0.2,-0.08126213592233009
economics_share,Economics Journals,-0.001236727652004348,0.30526315789473685,0.30526315789473685,0.29949152542372875
economics_share,Economics Journals,0.0012891871621330108,0.038461538461538464,0.038461538461538464,0.2979611650485437
economics_share,Economics Journals,-0.005251457132366758,1.0,1.0,-0.20666666666666667
economics_share,Economics Journals,0.0022994368706535932,0.07547169811320754,0.07547169811320754,-0.2146153846153846
economics_share,Economics Journals,0.001922894545529525,0.0,0.0,0.16315789473684206
economics_share,Economics Journals,0.0002721713285174627,0.0,0.0,0.18787878787878787
economics_share,Economics Journals,-2.1296493003299965e-05,0.26666666666666666,0.26666666666666666,-0.028181818181818197
economics_share,Economics Journals,0.0014797865811226123,0.3424657534246575,0.3424657534246575,-0.1957894736842105
economics_share,Economics Journals,-0.001127964582106356,0.043478260869565216,0.043478260869565216,-0.2229824561403509
economics_share,Economics Journals,-0.0034387075974272496,1.0,1.0,-0.020666666666666667
economics_share,Economics Journals,0.0016278147900821104,0.0625,0.0625,-0.08701754385964913
economics_share,Economics Journals,-0.0009467348695182328,0.0,0.0,-0.05982456140350878
economics_share,Economics Journals,-0.0018491824217836208,0.0,0.0,-0.1628813559322034
economics_share,Economics Journals,-0.00013639015439877733,0.28,0.28,-0.11272727272727273
economics_share,Economics Journals,0.002470159821600714,0.12790697674418605,0.12790697674418605,0.0
economics_share,Economics Journals,-0.0019328098227424809,0.043478260869565216,0.043478260869565216,-0.2259322033898305
economics_share,Economics Journals,-0.0033346177035784358,1.0,1.0,0.124
economics_share,Economics Journals,0.0004595201340031747,0.012048192771084338,0.012048192771084338,0.31
economics_share,Economics Journals,-0.0008329672403666902,0.0,0.0,0.005438596491228076
economics_share,Economics Journals,-0.002405184539974567,0.0,0.0,0.03720000000000001
economics_share,Economics Journals,0.0009517093353109441,0.15384615384615385,0.15384615384615385,-0.05116504854368931
economics_share,Economics Journals,0.002051779164667019,0.22943722943722944,0.22943722943722944,0.26105263157894737
economics_share,Economics Journals,-2.3870305358932574e-05,0.032520325203252036,0.032520325203252036,-0.037575757575757596
economics_share,Economics Journals,-0.006277561270234894,1.0,1.0,-0.2735294117647059
economics_share,Economics Journals,0.0007449344244026414,0.03365384615384615,0.03365384615384615,-0.17757281553398058
economics_share,Economics Journals,-0.0001833631249947108,0.0,0.0,-0.1503030303030303
economics_share,Economics Journals,0.0010055973178006153,0.0,0.0,-0.009029126213592198
economics_share,Economics Journals,0.0011742291174311125,0.18518518518518517,0.18518518518518517,0.16553398058252428
economics_share,Economics Journals,0.003978422188217972,0.13089005235602094,0.13089005235602094,-0.10333333333333333
economics_share,Economics Journals,0.0017326389058026173,0.07272727272727272,0.07272727272727272,0.027192982456140324
economics_share,Economics Journals,-0.0069876160567641475,1.0,1.0,-0.2146153846153846
economics_share,Economics Journals,-0.0003474175939724443,0.011764705882352941,0.011764705882352941,-0.3006060606060606
economics_share,Economics Journals,-0.0001833631249947108,0.0,0.0,-0.1409090909090909
economics_share,Economics Journals,0.0008029719430415127,0.0,0.0,-0.12339805825242717
economics_share,Economics Journals,0.0012103778999817876,0.11764705882352941,0.11764705882352941,0.20766990291262138
economics_share,Economics Journals,0.0014695113718626997,0.25,0.25,-0.21210526315789474
economics_share,Economics Journals,0.0023857774116902175,0.15894039735099338,0.15894039735099338,-0.08346153846153845
economics_share,Economics Journals,0.002958892762589547,0.08461538461538462,0.08461538461538462,0.2742307692307692
economics_share,Economics Journals,-0.00018839849142955015,0.04081632653061224,0.04081632653061224,-0.1690909090909091
economics_share,Economics Journals,-0.0016140202319430165,0.4603174603174603,0.4603174603174603,0.03677966101694913
economics_share,Economics Journals,0.0015938322393164873,0.0,0.0,-0.11421052631578948
economics_share,Economics Journals,-0.0074008913568114985,1.0,1.0,-0.08857142857142858
economics_share,Economics Journals,0.00112307033900836,0.01639344262295082,0.01639344262295082,0.10533980582524272
economics_share,Economics Journals,0.0011707737352987034,0.0,0.0,0.15951456310679613
economics_share,Economics Journals,-0.00204109441246676,0.0,0.0,-0.27847457627118644
economics_share,Economics Journals,-0.0032214171614499106,0.3617021276595745,0.3617021276595745,0.186
economics_share,Economics Journals,-0.001715772153463498,0.5,0.5,-0.04728813559322037
economics_share,Economics Journals,-0.006384446871814021,0.5180722891566265,0.5180722891566265,0.31
economics_share,Economics Journals,4.656349053774089e-05,0.38461538461538464,0.38461538461538464,0.0
economics_share,Economics Journals,-0.0015072956795124006,0.0,0.0,0.1523728813559322
economics_share,Economics Journals,0.005050233113440083,0.13978494623655913,0.13978494623655913,0.07153846153846155
economics_share,Economics Journals,0.0018305949766307186,0.0,0.0,0.0870175438596491
economics_share,Economics Journals,-0.007341767117095916,1.0,1.0,0.04428571428571426
economics_share,Economics Journals,0.002318489453780056,0.0,0.0,-0.17884615384615385
economics_share,Economics Journals,0.0007097587927406366,0.0,0.0,-0.20165048543689318
economics_share,Economics Journals,0.0030405715612402255,0.037037037037037035,0.037037037037037035,-0.22448275862068967
economics_share,Economics Journals,0.005459315011067805,0.08823529411764706,0.08823529411764706,0.2623076923076923
economics_share,Economics Journals,0.0012416253447185145,0.23529411764705882,0.23529411764705882,0.2558252427184466
economics_share,Economics Journals,0.002793492507747579,0.08695652173913043,0.08695652173913043,0.20269230769230767
economics_share,Economics Journals,0.0006614393848913746,0.0,0.0,-0.21970873786407766
economics_share,Economics Journals,-0.007788000588154526,0.5384615384615384,0.5384615384615384,-0.26571428571428574
economics_share,Economics Journals,0.0014240215128732065,0.0,0.0,-0.22842105263157897
economics_share,Economics Journals,-0.009240120597170035,1.0,1.0,0.062
economics_share,Economics Journals,-0.011925659613552169,0.5555555555555556,0.5555555555555556,-0.31
economics_share,Economics Journals,-0.008017836137841199,0.7142857142857143,0.7142857142857143,0.31
economics_share,Economics Journals,0.0010571021875671646,0.3333333333333333,0.3333333333333333,0.04514563106796121
economics_share,Economics Journals,-0.008017836137841199,0.7142857142857143,0.7142857142857143,0.27125000000000005
economics_share,Economics Journals,-0.000683804963195223,0.2876712328767123,0.2876712328767123,0.10333333333333333
economics_share,Economics Journals,0.0007485733412027623,0.02564102564102564,0.02564102564102564,-0.17155339805825243
economics_share,Economics Journals,-0.00681574178204724,1.0,1.0,0.02384615384615385
economics_share,Economics Journals,0.001981492301792097,0.043478260869565216,0.043478260869565216,0.19578947368421046
economics_share,Economics Journals,0.0019316855578658512,0.0,0.0,0.1740350877192982
economics_share,Economics Journals,0.000650690886437461,0.0,0.0,-0.231747572815534
economics_share,Economics Journals,-0.00028012827175733656,0.27450980392156865,0.27450980392156865,-0.22545454545454546
economics_share,Economics Journals,-0.0003439211311212402,0.2887323943661972,0.2887323943661972,-0.2912121212121212
economics_share,Economics Journals,0.0008754672989908494,0.061224489795918366,0.061224489795918366,-0.09330097087378639
economics_share,Economics Journals,-0.006643072690232288,1.0,1.0,0.11923076923076925
economics_share,Economics Journals,0.0016929529998901563,0.07352941176470588,0.07352941176470588,-0.005438596491228076
economics_share,Economics Journals,0.0018383769428131926,0.0,0.0,0.10333333333333333
economics_share,Economics Journals,0.0015011213783300424,0.0,0.0,-0.19035087719298247
economics_share,Economics Journals,-7.685970314900852e-05,0.22058823529411764,0.22058823529411764,-0.07515151515151516
economics_share,Economics Journals,0.0036896494482362998,0.16019417475728157,0.16019417475728157,0.24586206896551727
economics_share,Economics Journals,-0.0007903031066188343,0.0,0.0,0.027192982456140324
economics_share,Economics Journals,-0.005455827931810582,1.0,1.0,0.31
economics_share,Economics Journals,0.0002854893170454422,0.0,0.0,0.1972727272727272
economics_share,Economics Journals,5.806354884296041e-05,0.0,0.0,0.018787878787878798
economics_share,Economics Journals,-0.00204109441246676,0.0,0.0,-0.26796610169491525
economics_share,Economics Journals,0.0016133220111009395,0.10909090909090909,0.10909090909090909,-0.10333333333333333
economics_share,Economics Journals,-0.0028364919827803,0.03508771929824561,0.03508771929824561,-0.2604
economics_share,Economics Journals,0.0010564269935670826,0.0,0.0,0.039126213592233006
economics_share,Economics Journals,-0.0038883503709636305,1.0,1.0,0.16411764705882353
economics_share,Economics Journals,0.00026782898327790735,0.0,0.0,0.17848484848484847
economics_share,Economics Journals,5.903493769645506e-05,0.0,0.0,0.037575757575757596
economics_share,Economics Journals,-0.001363728255048451,0.0,0.0,0.23644067796610163
economics_share,Economics Journals,0.001890369702333689,0.0,0.0,0.15771929824561404
economics_share,Economics Journals,0.0016175116127421954,0.2309941520467836,0.2309941520467836,-0.09245614035087721
economics_share,Economics Journals,1.0156263992059768e-06,0.024691358024691357,0.024691358024691357,-0.018787878787878798
economics_share,Economics Journals,-0.006428279277639077,1.0,1.0,0.23846153846153845
economics_share,Economics Journals,0.0013663927524281661,0.04310344827586207,0.04310344827586207,-0.2501754385964912
economics_share,Economics Journals,0.0007444202638396382,0.0,0.0,-0.18961165048543688
economics_share,Economics Journals,0.0014740516861184664,0.0,0.0,-0.2012280701754386
economics_share,Economics Journals,0.002507104507859223,0.06285714285714286,0.06285714285714286,0.011923076923076925
economics_share,Economics Journals,0.0018772559379942489,0.1645021645021645,0.1645021645021645,0.15228070175438596
economics_share,Economics Journals,0.0009376147765496643,0.043478260869565216,0.043478260869565216,-0.07524271844660194
economics_share,Economics Journals,0.00024091809223999894,1.0,1.0,0.15030303030303027
economics_share,Economics Journals,0.001147919239898027,0.07317073170731707,0.07317073170731707,0.14145631067961167
economics_share,Economics Journals,0.0007444202638396382,0.0,0.0,-0.18359223300970873
economics_share,Economics Journals,0.0011013166977738122,0.0,0.0,0.08126213592233011
economics_share,Economics Journals,0.002327039863864229,0.023076923076923078,0.023076923076923078,-0.14307692307692307
economics_share,Economics Journals,0.0016722620933479016,0.22745098039215686,0.22745098039215686,-0.038070175438596476
economics_share,Economics Journals,0.0030176740797496792,0.10344827586206896,0.10344827586206896,-0.2672413793103448
economics_share,Economics Journals,0.0025249789758566886,0.058823529411764705,0.058823529411764705,0.02384615384615385
economics_share,Economics Journals,-0.0014777619114363185,0.0,0.0,0.17338983050847456
economics_share,Economics Journals,-0.0016348204574282244,0.4854368932038835,0.4854368932038835,0.015762711864406753
economics_share,Economics Journals,0.002702934997773951,0.0,0.0,0.13115384615384618
economics_share,Economics Journals,-0.0073669929246077,1.0,1.0,-0.04428571428571432
economics_share,Economics Journals,0.0020298414550616764,0.0,0.0,0.24473684210526309
economics_share,Economics Journals,-0.000567727523919632,0.25,0.25,0.15771929824561404
economics_share,Economics Journals,-0.0071772310550894895,0.5285714285714286,0.5285714285714286,0.31
economics_share,Economics Journals,-0.001557673332848162,0.4230769230769231,0.4230769230769231,0.11033898305084744
economics_share,Economics Journals,0.00744081591073695,0.2857142857142857,0.2857142857142857,-0.31
economics_share,Economics Journals,-0.0018686731040599193,0.3181818181818182,0.3181818181818182,-0.1733898305084746
economics_share,Economics Journals,0.0013477315064151661,0.0,0.0,-0.2828070175438597
economics_share,Economics Journals,-0.007540331167023969,1.0,1.0,-0.22142857142857142
economics_share,Economics Journals,0.0018365973724179959,0.0,0.0,0.09789473684210526
economics_share,Economics Journals,0.0033962266341892636,0.0,0.0,0.07482758620689656
economics_share,Economics Journals,-0.0022992880557235126,0.3333333333333333,0.3333333333333333,0.13639999999999997
economics_share,Economics Journals,0.002740748555050113,0.15384615384615385,0.15384615384615385,0.16692307692307695
economics_share,Economics Journals,0.001646218220519793,0.5,0.5,-0.06526315789473686
economics_share,Economics Journals,-0.003742561179042828,0.42857142857142855,0.42857142857142855,-0.28933333333333333
economics_share,Economics Journals,0.0009455710706334863,0.0,0.0,-0.06320388349514561
economics_share,Economics Journals,-0.007261000077901477,1.0,1.0,0.22142857142857136
economics_share,Economics Journals,-0.0020411164498670433,0.5,0.5,-0.2994915254237288
economics_share,Economics Journals,-0.001698487062000312,0.5,0.5,-0.026271186440677996
economics_share,Economics Journals,-0.000539819169757673,0.4,0.4,0.19035087719298244
economics_share,Economics Journals,-0.0028227892856747985,0.2946859903381642,0.2946859903381642,-0.2108
economics_share,Economics Journals,-0.001042252686002219,0.03636363636363636,0.03636363636363636,-0.15771929824561404
economics_share,Economics Journals,0.001007554237842398,1.0,1.0,-0.0030097087378640475
economics_share,Economics Journals,0.0032984177527566124,0.06060606060606061,0.06060606060606061,0.05344827586206896
economics_share,Economics Journals,0.0012741816014768138,0.0,0.0,0.2738834951456311
economics_share,Economics Journals,0.0006625116494683701,0.0,0.0,-0.2136893203883495
economics_share,Economics Journals,0.001649284559402933,0.06862745098039216,0.06862745098039216,-0.05982456140350878
economics_share,Economics Journals,0.0027303247413152745,0.14358974358974358,0.14358974358974358,0.15500000000000003
economics_share,Economics Journals,0.0017006973442207233,0.0,0.0,0.0
economics_share,Economics Journals,-0.007285738944653304,1.0,1.0,0.13285714285714284
economics_share,Economics Journals,0.0017045198528562286,0.0,0.0,0.005438596491228076
economics_share,Economics Journals,0.002001740028969475,0.0,0.0,0.21754385964912276
economics_share,Economics Journals,0.0012990888593205864,0.0,0.0,0.31
economics_share,Economics Journals,0.0034397380581240133,0.05454545454545454,0.05454545454545454,0.0962068965517241
economics_share,Economics Journals,0.003064887795524863,0.1111111111111111,0.1111111111111111,-0.18172413793103448
economics_share,Economics Journals,-0.0018901174670376702,0.0,0.0,-0.20491525423728812
economics_share,Economics Journals,0.0016836247042598582,1.0,1.0,-0.016315789473684228
economics_share,Economics Journals,0.0023658959444550266,0.05555555555555555,0.05555555555555555,-0.09538461538461537
economics_share,Economics Journals,5.903493769645506e-05,0.0,0.0,0.028181818181818197
economics_share,Economics Journals,-0.0014976501115442308,0.0,0.0,0.16288135593220338
economics_share,Economics Journals,0.004863318886674396,0.07142857142857142,0.07142857142857142,-0.2146153846153846
economics_share,Economics Journals,0.0049799203959749495,0.08333333333333333,0.08333333333333333,-0.02384615384615385
economics_share,Economics Journals,-0.0009639069776219603,0.0,0.0,-0.09245614035087721
economics_share,Economics Journals,-0.0012399263170430014,0.0,0.0,0.2889830508474576
economics_share,Economics Journals,0.0001326524885529475,0.0,0.0,0.09393939393939393
economics_share,Economics Journals,0.001057448586435026,0.034722222222222224,0.034722222222222224,0.05116504854368936
economics_share,Economics Journals,-0.006290394285531676,1.0,1.0,-0.31
economics_share,Economics Journals,0.0013941501462712042,0.0670807453416149,0.0670807453416149,-0.2392982456140351
economics_share,Economics Journals,0.00015660503176972098,0.0,0.0,0.12212121212121213
economics_share,Economics Journals,-0.0008275937579179821,0.0,0.0,0.016315789473684172
economics_share,Economics Journals,0.0011904813563793643,0.19538670284938942,0.19538670284938942,0.17155339805825248
economics_share,Economics Journals,0.0029896625511846467,0.1317614424410541,0.1317614424410541,0.31
economics_share,Economics Journals,0.0027664264277993825,0.075,0.075,0.19076923076923075
economics_share,Economics Journals,-0.0063983987641088105,1.0,1.0,0.28615384615384615
economics_share,Economics Journals,-0.0021107213109350684,0.014970059880239521,0.014970059880239521,0.31
economics_share,Economics Journals,0.0007426632209514115,0.0,0.0,-0.19563106796116503
economics_share,Economics Journals,0.001091950260590134,0.0,0.0,0.06922330097087381
economics_share,Economics Journals,0.003965058399495205,0.08174386920980926,0.08174386920980926,-0.155
economics_share,Economics Journals,0.0031854454024193876,0.21367521367521367,0.21367521367521367,-0.05344827586206896
economics_share,Economics Journals,0.0018513925768020416,0.07246376811594203,0.07246376811594203,0.11421052631578943
economics_share,Economics Journals,-0.005680627682146072,1.0,1.0,0.1276470588235294
economics_share,Economics Journals,0.005924790834412874,0.16129032258064516,0.16129032258064516,0.10333333333333333
economics_share,Economics Journals,5.012208907430489e-05,0.0,0.0,0.009393939393939399
economics_share,Economics Journals,0.0010081837888441247,0.0,0.0,0.003009708737864103
economics_share,Economics Journals,0.005355434761928457,0.10185185185185185,0.10185185185185185,0.16692307692307695
economics_share,Economics Journals,0.002832325862382839,0.12239583333333333,0.12239583333333333,0.22653846153846152
economics_share,Economics Journals,0.0018309091780398473,0.06779661016949153,0.06779661016949153,0.09245614035087718
economics_share,Economics Journals,-0.007326912828115736,1.0,1.0,0.08857142857142852
economics_share,Economics Journals,0.0011404480851217307,0.0,0.0,0.12941747572815537
economics_share,Economics Journals,0.0012254473298992268,0.0,0.0,0.2377669902912622
economics_share,Economics Journals,0.0010931278328602176,0.0,0.0,0.07524271844660196
economics_share,Economics Journals,0.003034902225449396,0.041666666666666664,0.041666666666666664,-0.24586206896551724
economics_share,Economics Journals,0.0035081281462342935,0.10725552050473186,0.10725552050473186,0.16034482758620688
economics_share,Economics Journals,0.002603532782052587,0.05405405405405406,0.05405405405405406,0.07153846153846155
economics_share,Economics Journals,-0.005498350445862281,1.0,1.0,0.27352941176470585
economics_share,Economics Journals,0.0003408650649031291,0.0,0.0,0.2348484848484848
economics_share,Economics Journals,-0.0005015242983398739,0.0,0.0,0.2229824561403509
economics_share,Economics Journals,-0.0016518717418148967,0.0,0.0,0.005254237288135566
economics_share,Economics Journals,0.004341151259798412,0.09210526315789473,0.09210526315789473,0.15499999999999997
economics_share,Economics Journals,0.004486489492059469,0.08717948717948718,0.08717948717948718,0.25833333333333336
economics_share,Economics Journals,0.004130690926366178,0.11428571428571428,0.11428571428571428,-0.051666666666666694
economics_share,Economics Journals,-0.011785446056084028,1.0,1.0,0.31
economics_share,Economics Journals,0.0022843090644071714,0.0,0.0,-0.22653846153846152
economics_share,Economics Journals,0.000990393151566378,0.0,0.0,-0.027087378640776705
economics_share,Economics Journals,-0.0020324495516299145,0.0,0.0,-0.25745762711864406
economics_share,Economics Journals,0.0058080030983391024,0.09195402298850575,0.09195402298850575,-0.31
economics_share,Economics Journals,-0.0013632714273507669,0.46476964769647694,0.46476964769647694,0.24694915254237287
economics_share,Economics Journals,0.0018576003687226482,0.0,0.0,0.12508771929824558
economics_share,Economics Journals,-0.006741959123903347,1.0,1.0,0.0953846153846154
economics_share,Economics Journals,0.00042241889896258865,0.012605042016806723,0.012605042016806723,0.2912121212121212
economics_share,Economics Journals,0.0015596819573140282,0.0,0.0,-0.1468421052631579
economics_share,Economics Journals,-0.0012101429411849043,0.0,0.0,-0.2773684210526316
economics_share,Economics Journals,-0.0028384392715376447,0.3241758241758242,0.3241758241758242,-0.2852
economics_share,Economics Journals,-0.005567311099633835,0.5095541401273885,0.5095541401273885,0.2370588235294117
economics_share,Economics Journals,0.005880121258007199,0.0,0.0,-0.10333333333333333
economics_share,Economics Journals,-0.006460740381383413,1.0,1.0,0.19076923076923075
economics_share,Economics Journals,0.0016134552955859717,0.024390243902439025,0.024390243902439025,-0.09789473684210528
economics_share,Economics Journals,0.001311799119381572,0.0,0.0,-0.29912280701754385
economics_share,Economics Journals,-0.0035937728334960637,0.32608695652173914,0.32608695652173914,-0.16533333333333333
economics_share,Economics Journals,-0.0017235763414591922,0.458128078817734,0.458128078817734,-0.06830508474576272
economics_share,Economics Journals,0.0017913332950975388,0.0,0.0,0.0652631578947368
economics_share,Economics Journals,-0.006925448345243029,1.0,1.0,-0.09538461538461537
economics_share,Economics Journals,0.0024176978459817303,0.0,0.0,-0.0476923076923077
economics_share,Economics Journals,0.0013624908747687822,0.0,0.0,-0.26649122807017545
economics_share,Economics Journals,0.0012000278737331774,0.0,0.0,0.19563106796116508
economics_share,Economics Journals,-0.0032898432764132965,0.4375,0.4375,0.16533333333333333
economics_share,Economics Journals,0.001639175930747331,0.4855769230769231,0.4855769230769231,-0.07070175438596493
economics_share,Economics Journals,-0.0016971823826101406,0.0,0.0,-0.01576271186440681
economics_share,Economics Journals,-0.003665958816268515,1.0,1.0,-0.20666666666666667
economics_share,Economics Journals,-0.0015199587712087374,0.013513513513513514,0.013513513513513514,0.141864406779661
economics_share,Economics Journals,-0.0007463255803533483,0.0,0.0,0.04894736842105263
economics_share,Economics Journals,-0.0018028941777042712,0.0,0.0,-0.14186440677966103
economics_share,Economics Journals,-4.779004665145143e-05,0.2631578947368421,0.2631578947368421,-0.046969696969696995
economics_share,Economics Journals,0.0003085891230161432,0.40588235294117647,0.40588235294117647,0.216060606060606
economics_share,Economics Journals,-0.0013398453108622236,0.0,0.0,0.257457627118644
economics_share,Economics Journals,-0.011853627057091486,1.0,1.0,0.0
economics_share,Economics Journals,-0.0010502639080114087,0.017543859649122806,0.017543859649122806,-0.1685964912280702
economics_share,Economics Journals,-0.002186069753961867,0.0,0.0,0.186
economics_share,Economics Journals,0.0002871844301978831,0.26,0.26,0.2066666666666666
economics_share,Economics Journals,-0.001197687621740808,0.3015075376884422,0.3015075376884422,-0.26649122807017545
economics_share,Economics Journals,0.0012071307676389126,0.0,0.0,0.20165048543689318
economics_share,Economics Journals,-0.006867078915929074,1.0,1.0,-0.0476923076923077
economics_share,Economics Journals,0.0008419816024151831,0.013157894736842105,0.013157894736842105,-0.10533980582524272
economics_share,Economics Journals,-0.00024009751933517796,0.0,0.0,-0.21606060606060606
economics_share,Economics Journals,0.0023888323756281926,0.05714285714285714,0.05714285714285714,-0.07153846153846152
economics_share,Economics Journals,0.0010176534110033812,0.28169014084507044,0.28169014084507044,0.009029126213592253
economics_share,Economics Journals,0.0015840724526959894,0.0,0.0,-0.1250877192982456
economics_share,Economics Journals,-0.007540331167023969,1.0,1.0,-0.17714285714285716
economics_share,Economics Journals,0.001968117889624367,0.0,0.0,0.17947368421052629
economics_share,Economics Journals,0.003259269243325302,0.03333333333333333,0.03333333333333333,0.032068965517241366
economics_share,Economics Journals,-0.001875447722955314,0.3333333333333333,0.3333333333333333,-0.19440677966101694
economics_share,Economics Journals,0.0018415114780879847,0.0,0.0,0.10877192982456141
economics_share,Economics Journals,-0.007021295617431212,1.0,1.0,-0.2623076923076923
economics_share,Economics Journals,0.0014725330741485905,0.02564102564102564,0.02564102564102564,-0.20666666666666667
economics_share,Economics Journals,0.000974121327370564,0.0,0.0,-0.039126213592233006
economics_share,Economics Journals,0.006684046426586703,0.04,0.04,-0.31
economics_share,Economics Journals,0.0013622477836511128,0.2826086956521739,0.2826086956521739,-0.2719298245614035
economics_share,Economics Journals,-0.0007059476574829295,0.0,0.0,0.08157894736842103
economics_share,Economics Journals,-0.0034996561305529125,1.0,1.0,-0.10333333333333333
economics_share,Economics Journals,-0.000990026650656907,0.03125,0.03125,-0.1468421052631579
economics_share,Economics Journals,-0.0011158253382815115,0.0,0.0,-0.2012280701754386
economics_share,Economics Journals,0.004773941922892907,0.0967741935483871,0.0967741935483871,-0.31
economics_share,Economics Journals,0.0012828535966309335,0.3230769230769231,0.3230769230769231,0.2859223300970874
economics_share,Economics Journals,0.0017146135268360267,0.0,0.0,0.016315789473684172
economics_share,Economics Journals,-0.012252129869398077,1.0,1.0,0.0
economics_share,Economics Journals,0.003517976530313228,0.0,0.0,0.20310344827586208
economics_share,Economics Journals,-0.0015851617905719216,0.0,0.0,0.06830508474576269
economics_share,Economics Journals,0.004421140911689054,0.05263157894736842,0.05263157894736842,0.2066666666666666
economics_share,Economics Journals,-0.0049493102686243426,0.6629213483146067,0.6629213483146067,0.10333333333333333
economics_share,Economics Journals,0.002316340683973935,0.0,0.0,-0.20269230769230767
economics_share,Economics Journals,-0.008366097287752203,1.0,1.0,0.11625000000000002
economics_share,Economics Journals,-0.008474533446402747,0.7719298245614035,0.7719298245614035,0.0
economics_share,Economics Journals,-0.0003335638328899252,0.0,0.0,-0.2724242424242424
economics_share,Economics Journals,-0.0039804884633212936,0.7419354838709677,0.7419354838709677,0.1276470588235294
economics_share,Economics Journals,-0.0068531474545637855,0.55,0.55,-0.02384615384615385
economics_share,Economics Journals,0.0017696936522489611,0.0,0.0,0.04350877192982455
economics_share,Economics Journals,-0.009609760918044821,1.0,1.0,-0.31
economics_share,Economics Journals,-0.0021814287002952745,0.38461538461538464,0.38461538461538464,0.21079999999999993
economics_share,Economics Journals,-0.008750793484705584,0.7142857142857143,0.7142857142857143,-0.27125
economics_share,Economics Journals,-0.00858890221523563,0.7142857142857143,0.7142857142857143,-0.11624999999999999
economics_share,Economics Journals,0.0013215017122820683,0.0,0.0,-0.2882456140350877
economics_share,Economics Journals,-0.010021939689904155,1.0,1.0,0.04428571428571426
economics_share,Economics Journals,-0.009246314100485096,0.9230769230769231,0.9230769230769231,-0.062
economics_share,Economics Journals,-0.008447786975862119,0.75,0.75,0.03875000000000001
economics_share,Economics Journals,-0.003800699660045824,0.7272727272727273,0.7272727272727273,0.31
economics_share,Economics Journals,-0.008269460029881905,1.0,1.0,0.15499999999999997
economics_share,Economics Journals,-0.009747004967620166,1.0,1.0,0.22142857142857136
economics_share,Economics Journals,-0.0040882013724873045,0.7368421052631579,0.7368421052631579,0.09117647058823525
economics_share,Economics Journals,-0.01070295243510725,0.6538461538461539,0.6538461538461539,0.31
economics_share,Economics Journals,0.0031777643737662927,0.0,0.0,-0.07482758620689656
economics_share,Economics Journals,-0.01477938439750775,1.0,1.0,0.31
economics_share,Economics Journals,-0.008664445087010458,0.7647058823529411,0.7647058823529411,-0.155
economics_share,Economics Journals,-0.004319120072376257,0.75,0.75,-0.16411764705882353
economics_share,Economics Journals,-0.001307553664487308,0.4,0.4,0.26796610169491525
economics_share,Economics Journals,-0.002279439100014477,0.49712643678160917,0.49712643678160917,0.1612
economics_share,Economics Journals,-0.0017015006357807712,0.2,0.2,-0.03677966101694918
economics_share,Economics Journals,-0.0034250073176734655,1.0,1.0,0.020666666666666667
economics_share,Economics Journals,-0.014597538247684016,0.5333333333333333,0.5333333333333333,0.0
economics_share,Economics Journals,-0.0005057591289272084,0.0,0.0,0.21210526315789474
economics_share,Economics Journals,-0.001549368379213249,0.0,0.0,0.1313559322033898
economics_share,Economics Journals,0.00015123385694574954,0.28169014084507044,0.28169014084507044,0.11272727272727273
economics_share,Economics Journals,0.0018156762604045829,0.26717557251908397,0.26717557251908397,0.07614035087719295
economics_share,Economics Journals,-0.0028217304945660745,0.6666666666666666,0.6666666666666666,-0.186
economics_share,Economics Journals,0.0009458237278654876,0.4782608695652174,0.4782608695652174,-0.05718446601941746
economics_share,Economics Journals,-0.004146603299192798,0.8076923076923077,0.8076923076923077,-0.054705882352941215
economics_share,Economics Journals,-0.004325290268949975,0.5,0.5,-0.20058823529411765
economics_share,Economics Journals,-0.006235394477295257,0.5909090909090909,0.5909090909090909,-0.23705882352941177
economics_share,Economics Journals,-0.0014501765932955362,0.5151515151515151,0.5151515151515151,0.19440677966101688
economics_share,Economics Journals,-0.003544766381505025,0.4786729857819905,0.4786729857819905,-0.124
economics_share,Economics Journals,0.0011264148640088758,0.4752475247524752,0.4752475247524752,0.11737864077669907
economics_share,Economics Journals,0.00710399937134431,0.08108108108108109,0.08108108108108109,0.31
economics_share,Economics Journals,-0.0036938268396262816,1.0,1.0,-0.22733333333333333
economics_share,Economics Journals,-0.0010712103671563684,0.35,0.35,-0.19035087719298247
economics_share,Economics Journals,-0.0009156807136978239,0.0,0.0,-0.02719298245614038
economics_share,Economics Journals,0.001305649092502061,0.0,0.0,-0.31
economics_share,Economics Journals,0.0005150160142036389,0.24770642201834864,0.24770642201834864,-0.29194174757281555
economics_share,Economics Journals,0.0038073721072037657,0.168141592920354,0.168141592920354,0.31
economics_share,Economics Journals,-0.0028233392160203668,0.7154471544715447,0.7154471544715447,-0.2356
economics_share,Economics Journals,-0.0041411861312291975,0.5,0.5,-0.018235294117647072
economics_share,Economics Journals,-0.008412086637976407,0.7692307692307693,0.7692307692307693,0.07750000000000001
economics_share,Economics Journals,-0.022329155118569533,0.5294117647058824,0.5294117647058824,0.0
economics_share,Economics Journals,-0.015471165287867836,0.5111111111111111,0.5111111111111111,-0.31
economics_share,Economics Journals,-0.002530200242698722,0.5495495495495496,0.5495495495495496,-0.08680000000000002
economics_share,Economics Journals,-0.0018973195252379896,0.27941176470588236,0.27941176470588236,-0.2154237288135593
economics_share,Economics Journals,-0.0046975345798085846,0.3870967741935484,0.3870967741935484,0.31
economics_share,Economics Journals,0.0018572901325081056,0.0625,0.0625,0.1196491228070175
economics_share,Economics Journals,-0.006089262613557391,1.0,1.0,-0.0911764705882353
economics_share,Economics Journals,-0.0026145651011602595,0.3333333333333333,0.3333333333333333,-0.1116
economics_share,Economics Journals,0.0004904427339679897,0.0,0.0,-0.30398058252427185
economics_share,Economics Journals,0.0012391310718574235,0.0,0.0,0.2498058252427185
economics_share,Economics Journals,0.001195746346222162,0.1968503937007874,0.1968503937007874,0.18359223300970878
economics_share,Economics Journals,0.003203478862635748,0.20218579234972678,0.20218579234972678,-0.032068965517241366
economics_share,Economics Journals,-0.006845461044250084,0.7608695652173914,0.7608695652173914,0.0
economics_share,Economics Journals,-0.0003742472247050159,0.28,0.28,-0.31
economics_share,Economics Journals,-0.008732214219703185,0.6666666666666666,0.6666666666666666,-0.23249999999999998
economics_share,Economics Journals,-0.0033118029239463725,0.4166666666666667,0.4166666666666667,0.14466666666666667
economics_share,Economics Journals,-0.0011197286227002925,0.44654088050314467,0.44654088050314467,-0.21210526315789474
economics_share,Economics Journals,-0.0033671778402486956,0.3103448275862069,0.3103448275862069,0.10333333333333333
economics_share,Economics Journals,0.0019684212180453493,0.125,0.125,0.18491228070175436
economics_share,Economics Journals,-0.0018730806262436778,0.32981530343007914,0.32981530343007914,-0.18389830508474578
economics_share,Economics Journals,0.002637469678488836,0.046511627906976744,0.046511627906976744,0.10730769230769233
economics_share,Economics Journals,-0.006946478097547097,1.0,1.0,-0.11923076923076922
economics_share,Economics Journals,-0.000988088059991209,0.2857142857142857,0.2857142857142857,-0.13596491228070176
economics_share,Economics Journals,0.00011039618770030853,0.0,0.0,0.05636363636363634
economics_share,Economics Journals,0.0025286217366502725,0.05511811023622047,0.05511811023622047,0.035769230769230775
economics_share,Economics Journals,0.002077103796614052,0.2271062271062271,0.2271062271062271,0.2828070175438597
economics_share,Economics Journals,-0.007362664982238102,0.6721311475409836,0.6721311475409836,0.0
economics_share,Economics Journals,-0.0069146510778385125,0.625,0.625,-0.07153846153846152
economics_share,Economics Journals,-0.003815083344844187,0.3333333333333333,0.3333333333333333,0.27352941176470585
economics_share,Economics Journals,-0.003171700603363889,0.4025423728813559,0.4025423728813559,0.2066666666666666
economics_share,Economics Journals,0.002751841970106324,0.2,0.2,0.17884615384615388
economics_share,Economics Journals,0.0021783933264390163,0.2222222222222222,0.2222222222222222,-0.28615384615384615
economics_share,Economics Journals,0.002399080218047412,0.08333333333333333,0.08333333333333333,-0.059615384615384626
economics_share,Economics Journals,-0.00601108648490284,1.0,1.0,-0.054705882352941215
economics_share,Economics Journals,-0.000701968694434432,0.42028985507246375,0.42028985507246375,0.09245614035087718
economics_share,Economics Journals,0.0011047662017343264,0.0,0.0,0.08728155339805826
economics_share,Economics Journals,-0.00020413564651439056,0.0,0.0,-0.18787878787878787
economics_share,Economics Journals,0.0012136570482460488,0.19603960396039605,0.19603960396039605,0.21970873786407769
economics_share,Economics Journals,0.0023253431531360907,0.21857142857142858,0.21857142857142858,-0.155
economics_share,Economics Journals,0.0021616324588475486,0.12790697674418605,0.12790697674418605,-0.2980769230769231
economics_share,Economics Journals,-0.0061254071452855295,1.0,1.0,-0.12764705882352942
economics_share,Economics Journals,0.0020446409681635093,0.1111111111111111,0.1111111111111111,0.25561403508771924
economics_share,Economics Journals,0.0011047662017343264,0.0,0.0,0.09330097087378642
economics_share,Economics Journals,0.0004142569183644722,0.0,0.0,0.2818181818181818
economics_share,Economics Journals,0.003963348743018381,0.07509881422924901,0.07509881422924901,-0.20666666666666667
economics_share,Economics Journals,0.0016354862825711104,0.265,0.265,-0.07614035087719298
economics_share,Economics Journals,0.0030147044457144623,0.19617224880382775,0.19617224880382775,-0.2886206896551724
economics_share,Economics Journals,0.003690506729565917,0.19594594594594594,0.19594594594594594,0.2672413793103448
economics_share,Economics Journals,0.00246670093488383,0.2097902097902098,0.2097902097902098,-0.011923076923076925
economics_share,Economics Journals,-0.005295504616778591,0.7031630170316302,0.7031630170316302,-0.2583333333333333
economics_share,Economics Journals,0.001986010305171978,0.0,0.0,0.2066666666666666
economics_share,Economics Journals,-0.005862692266557266,1.0,1.0,0.018235294117647072
economics_share,Economics Journals,-0.00047700857599600036,0.0,0.0,0.2664912280701754
economics_share,Economics Journals,-0.0009814240444228147,0.0,0.0,-0.1250877192982456
economics_share,Economics Journals,-0.0017609552417495965,0.0,0.0,-0.0788135593220339
economics_share,Economics Journals,-0.0023569972552752796,0.3546099290780142,0.3546099290780142,0.08679999999999999
economics_share,Economics Journals,-0.010749177060401278,0.7105263157894737,0.7105263157894737,-0.10333333333333333
economics_share,Economics Journals,-0.00679095120406622,0.7192982456140351,0.7192982456140351,0.0476923076923077
economics_share,Economics Journals,-0.002959907881218825,0.743801652892562,0.743801652892562,0.2893333333333333
economics_share,Economics Journals,-0.007439754397731325,0.63,0.63,-0.13285714285714287
economics_share,Economics Journals,-0.004866444225628572,0.48344370860927155,0.48344370860927155,0.15499999999999997
economics_share,Economics Journals,0.007480292134588049,0.0,0.0,0.0
economics_share,Economics Journals,-0.00719627936817992,1.0,1.0,0.2657142857142856
economics_share,Economics Journals,0.0022032756364177043,0.0,0.0,-0.2623076923076923
economics_share,Economics Journals,-0.0015636445617808717,0.0,0.0,0.08932203389830506
economics_share,Economics Journals,0.003127949977375644,0.030303030303030304,0.030303030303030304,-0.11758620689655172
economics_share,Economics Journals,-0.007089980321753667,0.5609756097560976,0.5609756097560976,-0.31
economics_share,Economics Journals,-0.0038294961230447384,0.42105263157894735,0.42105263157894735,0.2370588235294117
economics_share,Economics Journals,0.0007551769085614664,0.4473684210526316,0.4473684210526316,-0.16553398058252428
economics_share,Economics Journals,-0.002009780544357553,0.5,0.5,-0.2364406779661017
economics_share,Economics Journals,-0.005040781209416379,0.75,0.75,0.0
economics_share,Economics Journals,-0.008528817573449286,1.0,1.0,-0.03875000000000001
economics_share,Economics Journals,-0.010511720780089924,0.9629629629629629,0.9629629629629629,-0.31
economics_share,Economics Journals,-0.004132316213449126,0.7,0.7,0.018235294117647072
economics_share,Economics Journals,-0.008173143837278152,0.75,0.75,0.19375000000000003
economics_share,Economics Journals,-0.008714060937961765,0.6923076923076923,0.6923076923076923,-0.19375
economics_share,Economics Journals,-0.0033708057511137204,0.8,0.8,0.08266666666666667
economics_share,Economics Journals,-0.010965828669593614,0.7647058823529411,0.7647058823529411,-0.31
economics_share,Economics Journals,-0.0013991385854101614,0.4221556886227545,0.4221556886227545,0.21542372881355926
economics_share,Economics Journals,-5.3585985234921976e-05,0.05714285714285714,0.05714285714285714,-0.056363636363636394
economics_share,Economics Journals,-0.006433379069119925,1.0,1.0,0.2146153846153846
economics_share,Economics Journals,-0.017563267093796638,0.5555555555555556,0.5555555555555556,0.0
economics_share,Economics Journals,0.0009989099079093656,0.0,0.0,-0.015048543689320348
economics_share,Economics Journals,0.0016321921290954567,0.0,0.0,-0.08157894736842106
economics_share,Economics Journals,0.0009636617758282059,0.14754098360655737,0.14754098360655737,-0.045145631067961156
economics_share,Economics Journals,-0.0012305639886384646,0.3963730569948187,0.3963730569948187,0.31
economics_share,Economics Journals,0.0023500474254250876,0.0625,0.0625,-0.13115384615384615
economics_share,Economics Journals,-0.0061268697213197176,1.0,1.0,-0.16411764705882353
economics_share,Economics Journals,-0.017079992242281596,0.5833333333333334,0.5833333333333334,0.0
economics_share,Economics Journals,0.0018598941716042425,0.0,0.0,0.13596491228070173
economics_share,Economics Journals,0.0019250400341659522,0.0,0.0,0.16859649122807013
economics_share,Economics Journals,0.001195746346222162,0.20714285714285716,0.20714285714285716,0.18961165048543693
economics_share,Economics Journals,0.00021053192710582624,0.44753086419753085,0.44753086419753085,0.14090909090909093
economics_share,Economics Journals,0.002795951377591136,0.08333333333333333,0.08333333333333333,0.2146153846153846
economics_share,Economics Journals,-0.002908140149689302,1.0,1.0,-0.31
economics_share,Economics Journals,-0.0004572596006647267,0.36363636363636365,0.36363636363636365,0.2882456140350877
economics_share,Economics Journals,0.0001493225459658899,0.0,0.0,0.10333333333333333
economics_share,Economics Journals,-0.0015636445617808717,0.0,0.0,0.09983050847457625
economics_share,Economics Journals,0.0018717952521236905,0.20535714285714285,0.20535714285714285,0.14684210526315788
economics_share,Economics Journals,-0.00412172120805684,0.4155405405405405,0.4155405405405405,0.05470588235294116
economics_share,Economics Journals,0.0007719532009630086,0.16,0.16,-0.1474757281553398
economics_share,Economics Journals,-0.010003024776343288,1.0,1.0,0.13285714285714284
economics_share,Economics Journals,0.0020810974519846503,0.34615384615384615,0.34615384615384615,0.2882456140350877
economics_share,Economics Journals,0.003059086567064231,0.0,0.0,-0.20310344827586208
economics_share,Economics Journals,-0.0014498769326293291,0.0,0.0,0.20491525423728812
economics_share,Economics Journals,0.003447399859015213,0.22137404580152673,0.22137404580152673,0.11758620689655169
economics_share,Economics Journals,0.0024355876559932713,0.11626297577854672,0.11626297577854672,-0.035769230769230775
economics_share,Economics Journals,0.002128432292744654,0.16,0.16,0.30456140350877187
economics_share,Economics Journals,0.0003368179273965737,0.0,0.0,0.2254545454545454
economics_share,Economics Journals,-0.004224211687228195,1.0,1.0,-0.0911764705882353
economics_share,Economics Journals,0.0005994550679275805,0.06965174129353234,0.06965174129353234,-0.2437864077669903
economics_share,Economics Journals,-0.00056674314842738,0.0,0.0,0.16859649122807013
economics_share,Economics Journals,-0.00010448689725113818,0.0,0.0,-0.10333333333333333
economics_share,Economics Journals,-0.0003283610328561918,0.29850746268656714,0.29850746268656714,-0.24424242424242426
economics_share,Economics Journals,-0.0024054857365442372,0.030303030303030304,0.030303030303030304,0.012399999999999967
economics_share,Economics Journals,0.0015070142469777907,0.18292682926829268,0.18292682926829268,-0.1794736842105263
economics_share,Economics Journals,0.001290017700324553,0.234375,0.234375,0.3039805825242719
economics_share,Economics Journals,-0.00423074423553435,0.6521739130434783,0.6521739130434783,-0.12764705882352942
economics_share,Economics Journals,-0.0008371288524381223,0.41379310344827586,0.41379310344827586,-0.005438596491228076
economics_share,Economics Journals,0.0010177880808091722,0.2692307692307692,0.2692307692307692,0.015048543689320404
economics_share,Economics Journals,0.0017081174592627557,0.2222222222222222,0.2222222222222222,0.010877192982456152
economics_share,Economics Journals,0.004656879770353016,0.07766990291262135,0.07766990291262135,0.31
economics_share,Economics Journals,0.003514342638743324,0.10582010582010581,0.10582010582010581,0.18172413793103448
economics_share,Economics Journals,0.001105890210730481,0.0,0.0,0.09932038834951457
economics_share,Economics Journals,-0.005082860124718415,1.0,1.0,-0.051666666666666694
economics_share,Economics Journals,-0.0030862146345988894,0.021739130434782608,0.021739130434782608,0.26866666666666666
economics_share,Economics Journals,-0.0013021828251422339,0.0,0.0,0.2784745762711864
economics_share,Economics Journals,0.0005575944681245038,0.0,0.0,-0.2558252427184466
economics_share,Economics Journals,0.0002492965067372827,0.2,0.2,0.16909090909090907
economics_share,Economics Journals,-0.00337177293670023,0.026455026455026454,0.026455026455026454,0.04133333333333333
economics_share,Economics Journals,0.0015490671908889038,0.12264150943396226,0.12264150943396226,-0.15771929824561404
economics_share,Economics Journals,-0.0007111003402643092,0.3050847457627119,0.3050847457627119,0.07070175438596488
economics_share,Economics Journals,-0.0036435574433171603,0.42857142857142855,0.42857142857142855,-0.186
economics_share,Economics Journals,0.0023226560112350044,0.16666666666666666,0.16666666666666666,-0.16692307692307692
economics_share,Economics Journals,0.00225634823552055,0.12,0.12,-0.23846153846153845
economics_share,Economics Journals,0.002919615882028425,0.12962962962962962,0.12962962962962962,0.2623076923076923
economics_share,Economics Journals,-0.0029423744015462097,0.028846153846153848,0.028846153846153848,0.31
economics_share,Economics Journals,0.0027281686434377575,0.10182767624020887,0.10182767624020887,0.1430769230769231
economics_share,Economics Journals,0.0012676529320455896,0.02197802197802198,0.02197802197802198,0.2678640776699029
economics_share,Economics Journals,-0.006774673062175314,1.0,1.0,0.07153846153846155
economics_share,Economics Journals,0.0007976114500579798,0.015306122448979591,0.015306122448979591,-0.12941747572815532
economics_share,Economics Journals,0.00040984302212927277,0.0,0.0,0.2724242424242424
economics_share,Economics Journals,0.001682963475218924,0.0,0.0,-0.021754385964912304
economics_share,Economics Journals,0.0007879164801532782,0.16129032258064516,0.16129032258064516,-0.1354368932038835
economics_share,Economics Journals,0.0015049989850000924,0.06532663316582915,0.06532663316582915,-0.1849122807017544
economics_share,Economics Journals,0.001723635552433352,0.17525773195876287,0.17525773195876287,0.02175438596491225
economics_share,Economics Journals,0.002160829955731589,0.08823529411764706,0.08823529411764706,-0.31
economics_share,Economics Journals,-0.0020700512926090896,0.42857142857142855,0.42857142857142855,-0.31
economics_share,Economics Journals,0.0012585648202599442,0.22448979591836735,0.22448979591836735,0.2618446601941748
economics_share,Economics Journals,0.0026254653714063436,0.088,0.088,0.0953846153846154
economics_share,Economics Journals,0.001540995433378752,0.05042016806722689,0.05042016806722689,-0.1685964912280702
economics_share,Economics Journals,-0.0004368015857741294,0.0,0.0,0.29912280701754385
economics_share,Economics Journals,0.0019889146071051865,0.10819672131147541,0.10819672131147541,0.21210526315789474
economics_share,Economics Journals,-0.0004983209040214927,0.01680672268907563,0.01680672268907563,0.24473684210526309
economics_share,Economics Journals,-0.0006430488894120922,1.0,1.0,0.13596491228070173
economics_share,Economics Journals,0.001274301759401446,0.027522935779816515,0.027522935779816515,0.2799029126213593
economics_share,Economics Journals,0.0013200404416304266,0.0,0.0,-0.29368421052631577
economics_share,Economics Journals,0.0017786828551921213,0.0,0.0,0.054385964912280704
economics_share,Economics Journals,0.00422797212317016,0.08333333333333333,0.08333333333333333,0.051666666666666694
economics_share,Economics Journals,0.0013632833511226714,0.07407407407407407,0.07407407407407407,-0.26105263157894737
economics_share,Economics Journals,0.0015577961674700957,0.21428571428571427,0.21428571428571427,-0.15228070175438596
economics_share,Economics Journals,0.0016686850854058582,0.14285714285714285,0.14285714285714285,-0.04894736842105263
economics_share,Economics Journals,-0.0020411164498670433,0.5,0.5,-0.2889830508474576
economics_share,Economics Journals,0.0015743067632587257,0.15168539325842698,0.15168539325842698,-0.13596491228070176
economics_share,Economics Journals,0.001670937488880249,0.0625,0.0625,-0.04350877192982455
economics_share,Economics Journals,-0.0023001095788011076,0.027777777777777776,0.027777777777777776,0.11159999999999998
economics_share,Economics Journals,-0.0014777619114363185,0.0,0.0,0.18389830508474575
economics_share,Economics Journals,0.000654723319131623,0.013333333333333334,0.013333333333333334,-0.22572815533980584
economics_share,Economics Journals,-0.006580974171769762,1.0,1.0,0.1430769230769231
economics_share,Economics Journals,-0.0017658058566303893,0.033967391304347824,0.033967391304347824,-0.08932203389830509
economics_share,Economics Journals,-0.0009230666364621635,0.0,0.0,-0.04894736842105263
economics_share,Economics Journals,-0.0002279262820440722,0.0,0.0,-0.19727272727272727
economics_share,Economics Journals,0.0010704162553837307,0.1939655172413793,0.1939655172413793,0.05718446601941751
economics_share,Economics Journals,0.0018010238034348878,0.04986522911051213,0.04986522911051213,0.07070175438596488
economics_share,Economics Journals,0.0005227490614872944,0.03508771929824561,0.03508771929824561,-0.27388349514563104
economics_share,Economics Journals,-0.006553103024127034,1.0,1.0,0.16692307692307695
economics_share,Economics Journals,0.0003412266706685047,0.006514657980456026,0.006514657980456026,0.2442424242424242
economics_share,Economics Journals,-0.0009230666364621635,0.0,0.0,-0.038070175438596476
economics_share,Economics Journals,0.0017710926412739228,0.0,0.0,0.04894736842105263
economics_share,Economics Journals,0.004284612882405471,0.09649122807017543,0.09649122807017543,0.10333333333333333
economics_share,Economics Journals,0.0029599527441905933,0.1456953642384106,0.1456953642384106,0.28615384615384615
economics_share,Economics Journals,0.0005129056739406646,0.03428571428571429,0.03428571428571429,-0.2979611650485437
economics_share,Economics Journals,-0.0021794888562061705,0.029585798816568046,0.029585798816568046,0.23559999999999998
economics_share,Economics Journals,-0.00023362209541823932,0.016194331983805668,0.016194331983805668,-0.20666666666666667
economics_share,Economics Journals,0.0020042618150134923,0.1651376146788991,0.1651376146788991,0.2229824561403509
economics_share,Economics Journals,0.001790931622710296,0.0,0.0,0.05982456140350878
economics_share,Economics Journals,-0.006976210376736361,1.0,1.0,-0.16692307692307692
economics_share,Economics Journals,-0.0018111399254939317,0.01327433628318584,0.01327433628318584,-0.15237288135593222
economics_share,Economics Journals,0.0020278529686733812,0.0,0.0,0.23929824561403507
economics_share,Economics Journals,-0.0016224712256951005,0.0,0.0,0.02627118644067794
economics_share,Economics Journals,-0.00018123406960066595,0.21951219512195122,0.21951219512195122,-0.12212121212121213
economics_share,Economics Journals,-0.0020231090090730044,0.32098765432098764,0.32098765432098764,-0.24694915254237287
economics_share,Economics Journals,0.0014397881865999178,0.12359550561797752,0.12359550561797752,-0.2229824561403509
economics_share,Economics Journals,0.0023608840518081625,0.12643678160919541,0.12643678160919541,-0.11923076923076922
economics_share,Economics Journals,0.0015452336649172326,0.08571428571428572,0.08571428571428572,-0.1631578947368421
economics_share,Economics Journals,0.0018195069564653236,0.1902834008097166,0.1902834008097166,0.08157894736842103
economics_share,Economics Journals,0.0012135526495597997,0.0,0.0,0.2136893203883496
economics_share,Economics Journals,-0.006980226897559286,1.0,1.0,-0.19076923076923075
economics_share,Economics Journals,0.0008419816024151831,0.013422818791946308,0.013422818791946308,-0.09932038834951454
economics_share,Economics Journals,0.0012182477289532114,0.0,0.0,0.231747572815534
economics_share,Economics Journals,-0.0006733791829939919,0.10256410256410256,0.10256410256410256,0.11421052631578943
economics_share,Economics Journals,0.0019831000235736506,0.16831683168316833,0.16831683168316833,0.2012280701754386
economics_share,Economics Journals,0.0010727545393334245,0.2786885245901639,0.2786885245901639,0.06320388349514566
economics_share,Economics Journals,0.00245350613839988,0.16666666666666666,0.16666666666666666,-0.02384615384615385
economics_share,Economics Journals,0.0017341056252705275,0.12903225806451613,0.12903225806451613,0.0326315789473684
economics_share,Economics Journals,-0.005307347198192689,0.5609756097560976,0.5609756097560976,-0.31
economics_share,Economics Journals,0.002316340683973935,0.0,0.0,-0.19076923076923075
economics_share,Economics Journals,-0.009450853994005729,1.0,1.0,-0.186
economics_share,Economics Journals,-0.008171870763609698,0.6,0.6,0.23249999999999998
economics_share,Economics Journals,-0.0003335638328899252,0.0,0.0,-0.25363636363636366
economics_share,Economics Journals,-0.0043374607395278335,0.8181818181818182,0.8181818181818182,-0.23705882352941177
economics_share,Economics Journals,-0.002454856514298893,0.4166666666666667,0.4166666666666667,-0.03720000000000001
economics_share,Economics Journals,-0.006210046297574192,0.75,0.75,-0.20058823529411765
economics_share,Economics Journals,-0.003579918014662387,0.6666666666666666,0.6666666666666666,-0.14466666666666667
economics_share,Economics Journals,-0.0011385276627108095,0.4444444444444444,0.4444444444444444,-0.23385964912280702
economics_share,Economics Journals,0.002364493554328891,0.1940700808625337,0.1940700808625337,-0.1073076923076923
economics_share,Economics Journals,0.0008088971715501516,0.022222222222222223,0.022222222222222223,-0.11737864077669902
economics_share,Economics Journals,-0.0059305509948505515,1.0,1.0,-0.018235294117647072
economics_share,Economics Journals,0.0013663927524281661,0.04,0.04,-0.2556140350877193
economics_share,Economics Journals,0.0015096520934003998,0.0,0.0,-0.17403508771929824
economics_share,Economics Journals,0.0018662560947109337,0.0,0.0,0.1414035087719298
economics_share,Economics Journals,0.0011371537401183662,0.18181818181818182,0.18181818181818182,0.12339805825242722
economics_share,Economics Journals,0.0021471693975543536,0.11764705882352941,0.11764705882352941,0.31
economics_share,Economics Journals,0.0016736860983500898,0.012658227848101266,0.012658227848101266,-0.032631578947368456
economics_share,Economics Journals,-0.006996389207349516,1.0,1.0,-0.23846153846153845
economics_share,Economics Journals,0.0005551139883764309,0.03614457831325301,0.03614457831325301,-0.26184466019417474
economics_share,Economics Journals,0.002098352450342075,0.0,0.0,0.2936842105263157
economics_share,Economics Journals,0.002067778932930588,0.0,0.0,0.2719298245614035
economics_share,Economics Journals,0.0007808337563549524,0.20754716981132076,0.20754716981132076,-0.14145631067961165
economics_share,Economics Journals,0.0031245214624640413,0.10736196319018405,0.10736196319018405,-0.13896551724137932
economics_share,Economics Journals,0.0001969553248279673,0.0,0.0,0.13151515151515153
economics_share,Economics Journals,-0.0034637879392126346,1.0,1.0,-0.08266666666666667
economics_share,Economics Journals,-0.0017895203272778033,0.0425531914893617,0.0425531914893617,-0.11033898305084747
economics_share,Economics Journals,-0.00034074626808931367,0.0,0.0,-0.2818181818181818
economics_share,Economics Journals,-0.0009745055843965871,0.0,0.0,-0.11421052631578948
economics_share,Economics Journals,-0.0010708188458152593,0.21818181818181817,0.21818181818181817,-0.1794736842105263
economics_share,Economics Journals,0.003526153675162346,0.052486187845303865,0.052486187845303865,0.22448275862068962
economics_share,Economics Journals,0.0020716799590417196,0.0,0.0,0.27736842105263154
economics_share,Economics Journals,-0.009201612015279446,1.0,1.0,0.186
economics_share,Economics Journals,0.0003862242454242735,0.021551724137931036,0.021551724137931036,0.263030303030303
economics_share,Economics Journals,0.0015895031538114928,0.0,0.0,-0.11964912280701756
economics_share,Economics Journals,-0.000532776783766595,0.0,0.0,0.2012280701754386
economics_share,Economics Journals,0.001159054706996485,0.1702127659574468,0.1702127659574468,0.15349514563106798
economics_share,Economics Journals,-0.0037474223837636513,0.3021276595744681,0.3021276595744681,-0.31
economics_share,Economics Journals,0.0001257688438459612,0.029411764705882353,0.029411764705882353,0.08454545454545453
economics_share,Economics Journals,-0.005651593960408633,1.0,1.0,0.16411764705882353
economics_share,Economics Journals,0.0015652358173166097,0.06918238993710692,0.06918238993710692,-0.14140350877192984
economics_share,Economics Journals,0.0007639953570388637,0.0,0.0,-0.1595145631067961
economics_share,Economics Journals,0.001285635070897036,0.0,0.0,0.2919417475728156
economics_share,Economics Journals,0.0009432044311834866,0.16080402010050251,0.16080402010050251,-0.06922330097087376
economics_share,Economics Journals,0.002005836459262853,0.26244952893674295,0.26244952893674295,0.2284210526315789
economics_share,Economics Journals,0.0006732193178493588,0.031496062992125984,0.031496062992125984,-0.20766990291262136
economics_share,Economics Journals,-0.006415475367622937,1.0,1.0,0.2623076923076923
economics_share,Economics Journals,0.0008399832299528267,0.07303370786516854,0.07303370786516854,-0.11135922330097087
economics_share,Economics Journals,0.0012254473298992268,0.0,0.0,0.2437864077669903
economics_share,Economics Journals,0.0013904127755122785,0.0,0.0,-0.24473684210526314
economics_share,Economics Journals,0.0011474715193631627,0.20725388601036268,0.20725388601036268,0.13543689320388352
economics_share,Economics Journals,0.00259734478076402,0.27692307692307694,0.27692307692307694,0.059615384615384626
economics_share,Economics Journals,-0.0012111269756577843,0.02666666666666667,0.02666666666666667,-0.29912280701754385
economics_share,Economics Journals,-0.0031477599963604936,1.0,1.0,0.22733333333333333
economics_share,Economics Journals,0.006050073865951557,0.0761904761904762,0.0761904761904762,0.31
economics_share,Economics Journals,-0.0009693271312742169,0.0,0.0,-0.10333333333333333
economics_share,Economics Journals,-0.000484478618341991,0.0,0.0,0.25561403508771924
economics_share,Economics Journals,0.0018589065527381333,0.20958083832335328,0.20958083832335328,0.13052631578947366
economics_share,Economics Journals,0.005434773265579524,0.21580547112462006,0.21580547112462006,0.2146153846153846
economics_share,Economics Journals,0.0037894583537949186,0.06666666666666667,0.06666666666666667,0.28862068965517235
economics_share,Economics Journals,-0.010041652033064187,1.0,1.0,-0.04428571428571432
economics_share,Economics Journals,0.0034491824184728318,0.05426356589147287,0.05426356589147287,0.1389655172413793
economics_share,Economics Journals,0.000990393151566378,0.0,0.0,-0.021067961165048554
economics_share,Economics Journals,-0.0012101429411849043,0.0,0.0,-0.2882456140350877
economics_share,Economics Journals,0.0026808206076182834,0.20786516853932585,0.20786516853932585,0.11923076923076925
multidisciplinary_share,Multidisciplinary Journals,0.00021412975909418852,0.12177650429799428,0.12177650429799428,0.24641025641025643
multidisciplinary_share,Multidisciplinary Journals,1.612324577480394e-05,0.04918032786885246,0.04918032786885246,0.16692307692307695
multidisciplinary_share,Multidisciplinary Journals,0.004317184513531429,0.0,0.0,0.2804761904761905
multidisciplinary_share,Multidisciplinary Journals,0.0006067917716932925,0.017316017316017316,0.017316017316017316,-0.25232558139534883
multidisciplinary_share,Multidisciplinary Journals,-0.006894279277794183,1.0,1.0,0.07153846153846155
multidisciplinary_share,Multidisciplinary Journals,0.002826587246616436,0.0,0.0,0.0
multidisciplinary_share,Multidisciplinary Journals,-0.0003075843896915059,0.023923444976076555,0.023923444976076555,-0.15102564102564103
multidisciplinary_share,Multidisciplinary Journals,-0.0039535866991973765,0.27702702702702703,0.27702702702702703,0.17947368421052634
multidisciplinary_share,Multidisciplinary Journals,-0.0007997119283012447,0.15789473684210525,0.15789473684210525,0.23559999999999998
multidisciplinary_share,Multidisciplinary Journals,0.004775413934564373,0.0,0.0,0.08000000000000002
multidisciplinary_share,Multidisciplinary Journals,0.00299309108600642,0.009708737864077669,0.009708737864077669,0.17825000000000002
multidisciplinary_share,Multidisciplinary Journals,-0.006894279277794183,1.0,1.0,0.11923076923076925
multidisciplinary_share,Multidisciplinary Journals,0.002714053775583085,0.0,0.0,-0.13175
multidisciplinary_share,Multidisciplinary Journals,-0.000382894484631128,0.0684931506849315,0.0684931506849315,-0.18282051282051281
multidisciplinary_share,Multidisciplinary Journals,-0.00049170235977796,0.2222222222222222,0.2222222222222222,-0.2782051282051282
multidisciplinary_share,Multidisciplinary Journals,-0.0019406512138674353,0.19047619047619047,0.19047619047619047,0.051666666666666694
multidisciplinary_share,Multidisciplinary Journals,-0.005467519748775557,0.3469387755102041,0.3469387755102041,-0.31
multidisciplinary_share,Multidisciplinary Journals,-0.0025293643529709325,0.271889400921659,0.271889400921659,-0.31
multidisciplinary_share,Multidisciplinary Journals,0.0011423081614909856,0.013824884792626729,0.013824884792626729,0.15860465116279066
multidisciplinary_share,Multidisciplinary Journals,0.002912743033550483,0.0,0.0,0.05425000000000002
multidisciplinary_share,Multidisciplinary Journals,0.005310802211031543,0.0,0.0,0.29
multidisciplinary_share,Multidisciplinary Journals,-0.00014350351050270514,0.04918032786885246,0.04918032786885246,0.02384615384615385
multidisciplinary_share,Multidisciplinary Journals,-0.006107245943812371,1.0,1.0,0.16411764705882353
multidisciplinary_share,Multidisciplinary Journals,0.00281818541482348,0.0,0.0,-0.03875000000000001
multidisciplinary_share,Multidisciplinary Journals,0.0011420764232370271,0.0,0.0,0.15499999999999997
multidisciplinary_share,Multidisciplinary Journals,0.0024596463385025743,0.07692307692307693,0.07692307692307693,-0.31
multidisciplinary_share,Multidisciplinary Journals,0.0012042336715043969,0.0,0.0,0.20186046511627903
multidisciplinary_share,Multidisciplinary Journals,0.00400818909082183,0.01694915254237288,0.01694915254237288,-0.16238095238095238
multidisciplinary_share,Multidisciplinary Journals,0.0010610135817564128,0.008264462809917356,0.008264462809917356,0.09372093023255812
multidisciplinary_share,Multidisciplinary Journals,0.0016730946200563318,0.0,0.0,-0.02719298245614038
multidisciplinary_share,Multidisciplinary Journals,0.0013334466389253623,0.0,0.0,0.2919767441860465
multidisciplinary_share,Multidisciplinary Journals,0.005589592186897971,0.0,0.0,-0.07750000000000001
multidisciplinary_share,Multidisciplinary Journals,0.0013269867796224487,0.0,0.0,0.2703488372093023
multidisciplinary_share,Multidisciplinary Journals,0.002826587246616436,0.0,0.0,0.015500000000000014
multidisciplinary_share,Multidisciplinary Journals,0.001631936620103853,0.0,0.0,-0.07070175438596493
multidisciplinary_share,Multidisciplinary Journals,0.001127033566051168,0.0,0.0,0.14058139534883718
multidisciplinary_share,Multidisciplinary Journals,0.001193547091334665,0.0,0.0,0.18383720930232555
multidisciplinary_share,Multidisciplinary Journals,0.002132088066941596,0.0,0.0,0.24473684210526309
multidisciplinary_share,Multidisciplinary Journals,0.0010453101240841631,0.0,0.0,0.06127906976744185
multidisciplinary_share,Multidisciplinary Journals,0.004536182708312518,0.0,0.0,-0.06
multidisciplinary_share,Multidisciplinary Journals,0.0017101232365753609,0.0,0.0,-0.005438596491228076
multidisciplinary_share,Multidisciplinary Journals,0.004218066655645953,0.0,0.0,0.06396825396825401
multidisciplinary_share,Multidisciplinary Journals,0.004093574918606233,0.0,0.0,-0.11317460317460315
multidisciplinary_share,Multidisciplinary Journals,0.0030915033471342964,0.0,0.0,0.21700000000000003
multidisciplinary_share,Multidisciplinary Journals,0.004093574918606233,0.0,0.0,-0.123015873015873
multidisciplinary_share,Multidisciplinary Journals,0.004689292209992894,0.0,0.0,0.06
multidisciplinary_share,Multidisciplinary Journals,0.004515953794397845,0.0,0.0,-0.07
multidisciplinary_share,Multidisciplinary Journals,0.0043554089538591625,0.0,0.0,0.31
multidisciplinary_share,Multidisciplinary Journals,0.0043702324599715825,0.0,0.0,-0.3
multidisciplinary_share,Multidisciplinary Journals,-0.001269513911769315,0.06666666666666667,0.06666666666666667,-0.1116
multidisciplinary_share,Multidisciplinary Journals,0.000991492246120011,0.0,0.0,0.03244186046511627
multidisciplinary_share,Multidisciplinary Journals,0.005092400659325079,0.0,0.0,0.22000000000000003
multidisciplinary_share,Multidisciplinary Journals,0.00037047748531620673,0.07692307692307693,0.07692307692307693,0.31
multidisciplinary_share,Multidisciplinary Journals,-0.006159413975983126,1.0,1.0,0.05470588235294116
multidisciplinary_share,Multidisciplinary Journals,0.000566408853391228,0.0,0.0,-0.2667441860465116
multidisciplinary_share,Multidisciplinary Journals,-0.00017512612742535155,0.05405405405405406,0.05405405405405406,-0.007948717948717932
multidisciplinary_share,Multidisciplinary Journals,0.0012000069506375788,0.0,0.0,0.19465116279069766
multidisciplinary_share,Multidisciplinary Journals,0.005181128857255559,0.0,0.0,0.26999999999999996
multidisciplinary_share,Multidisciplinary Journals,0.0010697271111216157,0.0,0.0,0.10813953488372091
multidisciplinary_share,Multidisciplinary Journals,-0.01167958873927817,1.0,1.0,0.31
multidisciplinary_share,Multidisciplinary Journals,0.002922341438057553,0.0,0.0,0.10075
multidisciplinary_share,Multidisciplinary Journals,0.0013533581083190278,0.0,0.0,0.30279069767441863
multidisciplinary_share,Multidisciplinary Journals,-0.0008366222200235154,0.1111111111111111,0.1111111111111111,0.21079999999999993
multidisciplinary_share,Multidisciplinary Journals,0.0021357121884140813,0.0,0.0,0.25561403508771924
multidisciplinary_share,Multidisciplinary Journals,0.004479132910538625,0.0,0.0,-0.13999999999999999
multidisciplinary_share,Multidisciplinary Journals,0.001018416719294722,0.025,0.025,0.04686046511627906
multidisciplinary_share,Multidisciplinary Journals,-0.0075623333919808584,1.0,1.0,0.22142857142857136
multidisciplinary_share,Multidisciplinary Journals,0.002826587246616436,0.0,0.0,0.007749999999999979
multidisciplinary_share,Multidisciplinary Journals,0.0012536800033848203,0.0,0.0,0.22348837209302325
multidisciplinary_share,Multidisciplinary Journals,-0.0019774551553753007,0.14388489208633093,0.14388489208633093,0.034444444444444444
multidisciplinary_share,Multidisciplinary Journals,-0.0008936086817640619,0.09375,0.09375,0.19839999999999997
multidisciplinary_share,Multidisciplinary Journals,0.004256347399257071,0.0,0.0,0.2115873015873016
multidisciplinary_share,Multidisciplinary Journals,0.0008478555977181785,0.013333333333333334,0.013333333333333334,-0.09011627906976744
multidisciplinary_share,Multidisciplinary Journals,-0.004781364891312628,1.0,1.0,0.10333333333333333
multidisciplinary_share,Multidisciplinary Journals,0.00281818541482348,0.0,0.0,-0.046499999999999986
multidisciplinary_share,Multidisciplinary Journals,0.016206673247098322,0.041666666666666664,0.041666666666666664,0.0
multidisciplinary_share,Multidisciplinary Journals,-0.001183365664960489,0.14684287812041116,0.14684287812041116,-0.03720000000000001
multidisciplinary_share,Multidisciplinary Journals,0.0009622982272996532,0.03488372093023256,0.03488372093023256,0.0252325581395349
multidisciplinary_share,Multidisciplinary Journals,0.004573702278549612,0.0,0.0,0.010000000000000009
multidisciplinary_share,Multidisciplinary Journals,0.0006361386884548387,0.032,0.032,-0.24151162790697675
multidisciplinary_share,Multidisciplinary Journals,-0.0068347892734966584,1.0,1.0,0.2623076923076923
multidisciplinary_share,Multidisciplinary Journals,0.002649023505746737,0.0,0.0,-0.2015
multidisciplinary_share,Multidisciplinary Journals,3.421655500020232e-05,0.03048780487804878,0.03048780487804878,0.18282051282051281
multidisciplinary_share,Multidisciplinary Journals,-0.0039326416142287865,0.31125827814569534,0.31125827814569534,0.21210526315789474
multidisciplinary_share,Multidisciplinary Journals,-0.00021967474334983248,0.08823529411764706,0.08823529411764706,-0.02384615384615385
multidisciplinary_share,Multidisciplinary Journals,0.005933460865134711,0.0,0.0,0.18083333333333335
multidisciplinary_share,Multidisciplinary Journals,-0.0001098566986751468,0.047619047619047616,0.047619047619047616,0.05564102564102563
multidisciplinary_share,Multidisciplinary Journals,-0.0068347892734966584,1.0,1.0,0.31
multidisciplinary_share,Multidisciplinary Journals,0.002649023505746737,0.0,0.0,-0.19375
multidisciplinary_share,Multidisciplinary Journals,-0.0015744159240678255,0.06451612903225806,0.06451612903225806,-0.2728
multidisciplinary_share,Multidisciplinary Journals,-0.0018936079764312924,0.3142857142857143,0.3142857142857143,0.08611111111111108
multidisciplinary_share,Multidisciplinary Journals,-0.0047371231398351,0.43283582089552236,0.43283582089552236,0.2066666666666666
multidisciplinary_share,Multidisciplinary Journals,-0.0017129622887893541,0.3218390804597701,0.3218390804597701,0.22388888888888886
multidisciplinary_share,Multidisciplinary Journals,-0.0015312807911867486,0.23008849557522124,0.23008849557522124,-0.2356
multidisciplinary_share,Multidisciplinary Journals,0.0007734809866680472,0.017467248908296942,0.017467248908296942,-0.1802325581395349
multidisciplinary_share,Multidisciplinary Journals,0.0020144272530696677,0.0,0.0,0.17947368421052629
multidisciplinary_share,Multidisciplinary Journals,0.00428873975584935,0.0,0.0,0.23126984126984135
multidisciplinary_share,Multidisciplinary Journals,0.0008320183877836899,0.031914893617021274,0.031914893617021274,-0.11895348837209302
multidisciplinary_share,Multidisciplinary Journals,-0.005306270084066911,1.0,1.0,-0.10333333333333333
multidisciplinary_share,Multidisciplinary Journals,0.002990995829366386,0.0,0.0,0.17049999999999998
multidisciplinary_share,Multidisciplinary Journals,0.0007618404117703761,0.019230769230769232,0.019230769230769232,-0.1874418604651163
multidisciplinary_share,Multidisciplinary Journals,-0.0001507016857968577,0.07692307692307693,0.07692307692307693,0.007948717948717932
multidisciplinary_share,Multidisciplinary Journals,0.0009360754807099909,0.014285714285714285,0.014285714285714285,-0.010813953488372108
multidisciplinary_share,Multidisciplinary Journals,0.0036186689943874953,0.011111111111111112,0.011111111111111112,-0.2706349206349206
multidisciplinary_share,Multidisciplinary Journals,0.0028035395625287756,0.0,0.0,-0.07750000000000001
multidisciplinary_share,Multidisciplinary Journals,0.0018086359399874894,0.0,0.0,0.027192982456140324
multidisciplinary_share,Multidisciplinary Journals,0.0014707889371385714,0.0,0.0,-0.19035087719298247
multidisciplinary_share,Multidisciplinary Journals,0.005462452698759768,0.0,0.0,-0.23249999999999998
multidisciplinary_share,Multidisciplinary Journals,0.0013269867796224487,0.0,0.0,0.26313953488372094
multidisciplinary_share,Multidisciplinary Journals,0.0015437494605791459,0.0,0.0,-0.11421052631578948
multidisciplinary_share,Multidisciplinary Journals,0.0014893328414754485,0.0,0.0,-0.15771929824561404
multidisciplinary_share,Multidisciplinary Journals,0.0016623717754406418,0.0,0.0,-0.04894736842105263
multidisciplinary_share,Multidisciplinary Journals,0.0019968474003717604,0.0,0.0,0.16859649122807013
multidisciplinary_share,Multidisciplinary Journals,0.0014643290778356575,0.0,0.0,-0.2229824561403509
multidisciplinary_share,Multidisciplinary Journals,0.001443383992867067,0.0,0.0,-0.26649122807017545
multidisciplinary_share,Multidisciplinary Journals,0.004418300239503871,0.0,0.0,-0.19
multidisciplinary_share,Multidisciplinary Journals,0.0014686881668359146,0.0,0.0,-0.2012280701754386
multidisciplinary_share,Multidisciplinary Journals,0.004418300239503871,0.0,0.0,-0.18
multidisciplinary_share,Multidisciplinary Journals,0.004157859451627327,0.0,0.0,0.0049206349206349365
multidisciplinary_share,Multidisciplinary Journals,0.0041530938176372245,0.0,0.0,-0.02460317460317457
multidisciplinary_share,Multidisciplinary Journals,0.004419720151722397,0.0,0.0,-0.16999999999999998
multidisciplinary_share,Multidisciplinary Journals,0.004548580079019833,0.0,0.0,-0.04999999999999999
multidisciplinary_share,Multidisciplinary Journals,0.004498644907232106,0.0,0.0,-0.12
multidisciplinary_share,Multidisciplinary Journals,-0.000291859282845786,0.13,0.13,-0.11923076923076922
multidisciplinary_share,Multidisciplinary Journals,-0.0009355439352198797,0.14285714285714285,0.14285714285714285,0.1488
multidisciplinary_share,Multidisciplinary Journals,0.005577563246274961,0.0,0.0,-0.10333333333333333
multidisciplinary_share,Multidisciplinary Journals,-0.00028804398401006644,0.08823529411764706,0.08823529411764706,-0.10333333333333333
multidisciplinary_share,Multidisciplinary Journals,-0.0070422280080956415,1.0,1.0,-0.07153846153846152
multidisciplinary_share,Multidisciplinary Journals,0.0024778173702465728,0.0,0.0,-0.279
multidisciplinary_share,Multidisciplinary Journals,-0.0023425379980654385,0.06666666666666667,0.06666666666666667,-0.17222222222222222
multidisciplinary_share,Multidisciplinary Journals,-0.0012873427820439354,0.16842105263157894,0.16842105263157894,-0.124
multidisciplinary_share,Multidisciplinary Journals,0.001864930201913088,0.0,0.0,0.04894736842105263
multidisciplinary_share,Multidisciplinary Journals,0.004874741376708334,0.0,0.0,0.16999999999999998
multidisciplinary_share,Multidisciplinary Journals,0.0009315737885902138,0.0,0.0,-0.021627906976744216
multidisciplinary_share,Multidisciplinary Journals,-0.00981957873371068,1.0,1.0,0.23249999999999998
multidisciplinary_share,Multidisciplinary Journals,0.002649023505746737,0.0,0.0,-0.186
multidisciplinary_share,Multidisciplinary Journals,0.0008695100544370081,0.022222222222222223,0.022222222222222223,-0.07930232558139536
multidisciplinary_share,Multidisciplinary Journals,-0.0015982716949703814,0.1324200913242009,0.1324200913242009,-0.31
multidisciplinary_share,Multidisciplinary Journals,0.0068146348593119315,0.043478260869565216,0.043478260869565216,0.31
multidisciplinary_share,Multidisciplinary Journals,0.004776486662683015,0.0,0.0,0.09000000000000002
multidisciplinary_share,Multidisciplinary Journals,0.0008320183877836899,0.025,0.025,-0.11534883720930234
multidisciplinary_share,Multidisciplinary Journals,-0.0075623333919808584,1.0,1.0,0.31
multidisciplinary_share,Multidisciplinary Journals,0.0031931234245585454,0.0,0.0,0.27125000000000005
multidisciplinary_share,Multidisciplinary Journals,0.0007514971839564184,0.0,0.0,-0.20546511627906977
multidisciplinary_share,Multidisciplinary Journals,-0.00107631933155271,0.1511627906976744,0.1511627906976744,0.02479999999999999
multidisciplinary_share,Multidisciplinary Journals,0.0019299604717494358,0.0,0.0,0.07070175438596488
multidisciplinary_share,Multidisciplinary Journals,0.004887947405597724,0.0,0.0,0.18
multidisciplinary_share,Multidisciplinary Journals,0.0006985398317817484,0.03614457831325301,0.03614457831325301,-0.21267441860465117
multidisciplinary_share,Multidisciplinary Journals,-0.008030588600198197,1.0,1.0,-0.22142857142857142
multidisciplinary_share,Multidisciplinary Journals,0.003151348666542309,0.0,0.0,0.25575
multidisciplinary_share,Multidisciplinary Journals,-0.002014539168279009,0.05128205128205128,0.05128205128205128,0.0
multidisciplinary_share,Multidisciplinary Journals,-0.0010013192210157475,0.1746031746031746,0.1746031746031746,0.08679999999999999
multidisciplinary_share,Multidisciplinary Journals,-0.00030148084315420343,0.04878048780487805,0.04878048780487805,-0.13512820512820511
multidisciplinary_share,Multidisciplinary Journals,0.0041587979413922355,0.0,0.0,0.014761904761904754
multidisciplinary_share,Multidisciplinary Journals,0.000822923033681483,0.004807692307692308,0.004807692307692308,-0.12976744186046513
multidisciplinary_share,Multidisciplinary Journals,-0.010110904913510244,1.0,1.0,0.0
multidisciplinary_share,Multidisciplinary Journals,0.002649023505746737,0.0,0.0,-0.155
multidisciplinary_share,Multidisciplinary Journals,0.0002176279499386192,0.037037037037037035,0.037037037037037035,0.2623076923076923
multidisciplinary_share,Multidisciplinary Journals,-0.0028291493094462056,0.3089005235602094,0.3089005235602094,-0.10333333333333333
multidisciplinary_share,Multidisciplinary Journals,-0.0007435382817415613,0.10909090909090909,0.10909090909090909,0.24799999999999994
multidisciplinary_share,Multidisciplinary Journals,0.004946254513637583,0.0,0.0,0.19
multidisciplinary_share,Multidisciplinary Journals,0.0014821021156889074,0.0,0.0,-0.1685964912280702
multidisciplinary_share,Multidisciplinary Journals,-0.010110904913510244,1.0,1.0,0.07750000000000001
multidisciplinary_share,Multidisciplinary Journals,0.0028072720212143783,0.0,0.0,-0.062
multidisciplinary_share,Multidisciplinary Journals,-0.0011933305688960982,0.06862745098039216,0.06862745098039216,-0.0744
multidisciplinary_share,Multidisciplinary Journals,-0.0014814240617736084,0.19230769230769232,0.19230769230769232,-0.186
multidisciplinary_share,Multidisciplinary Journals,-0.006221306183493369,0.36423841059602646,0.36423841059602646,0.018235294117647072
multidisciplinary_share,Multidisciplinary Journals,-0.002254401395273611,0.2923076923076923,0.2923076923076923,-0.12055555555555555
multidisciplinary_share,Multidisciplinary Journals,-0.0026592759964432777,0.30612244897959184,0.30612244897959184,0.31
multidisciplinary_share,Multidisciplinary Journals,0.0008186694870743945,0.010582010582010581,0.010582010582010581,-0.1333720930232558
multidisciplinary_share,Multidisciplinary Journals,0.0015304545769819697,0.0,0.0,-0.1250877192982456
multidisciplinary_share,Multidisciplinary Journals,0.004686932541902844,0.0,0.0,0.04999999999999999
multidisciplinary_share,Multidisciplinary Journals,0.0010695151689977744,0.01639344262295082,0.01639344262295082,0.10453488372093023
multidisciplinary_share,Multidisciplinary Journals,-0.00615562157001886,1.0,1.0,0.09117647058823525
multidisciplinary_share,Multidisciplinary Journals,0.0031967475460310305,0.0,0.0,0.27899999999999997
multidisciplinary_share,Multidisciplinary Journals,0.0012292374351441867,0.0,0.0,0.21267441860465114
multidisciplinary_share,Multidisciplinary Journals,0.001941052905479022,0.0,0.0,0.10333333333333333
multidisciplinary_share,Multidisciplinary Journals,0.003724366275933254,0.024096385542168676,0.024096385542168676,-0.2607936507936508
multidisciplinary_share,Multidisciplinary Journals,0.0013396980733044151,0.0,0.0,0.29558139534883715
multidisciplinary_share,Multidisciplinary Journals,0.0013167282748235897,0.0,0.0,0.2595348837209302
multidisciplinary_share,Multidisciplinary Journals,0.0010064556413072639,0.0,0.0,0.039651162790697636
multidisciplinary_share,Multidisciplinary Journals,0.001055905866426115,0.0,0.0,0.06848837209302322
multidisciplinary_share,Multidisciplinary Journals,0.006135973691890577,0.0,0.0,0.25833333333333336
multidisciplinary_share,Multidisciplinary Journals,0.0010562047931214564,0.0,0.0,0.07209302325581396
multidisciplinary_share,Multidisciplinary Journals,0.002932795241423944,0.0,0.0,0.13174999999999998
multidisciplinary_share,Multidisciplinary Journals,0.0012278147474786632,0.0,0.0,0.2090697674418604
multidisciplinary_share,Multidisciplinary Journals,0.0010873755520105783,0.0,0.0,0.1261627906976744
multidisciplinary_share,Multidisciplinary Journals,0.001193547091334665,0.0,0.0,0.18744186046511624
multidisciplinary_share,Multidisciplinary Journals,0.0014643290778356575,0.0,0.0,-0.23385964912280702
multidisciplinary_share,Multidisciplinary Journals,0.0021206637401959445,0.0,0.0,0.23385964912280705
multidisciplinary_share,Multidisciplinary Journals,0.004609143663103732,0.0,0.0,0.020000000000000018
multidisciplinary_share,Multidisciplinary Journals,0.0012946462935053212,0.0,0.0,0.2487209302325581
multidisciplinary_share,Multidisciplinary Journals,0.004411541453505616,0.0,0.0,-0.21
multidisciplinary_share,Multidisciplinary Journals,0.004404478994808369,0.0,0.0,-0.25
multidisciplinary_share,Multidisciplinary Journals,0.00422096415164373,0.0,0.0,0.0836507936507937
multidisciplinary_share,Multidisciplinary Journals,0.0008821629197908637,0.0,0.0,-0.06127906976744188
multidisciplinary_share,Multidisciplinary Journals,0.00422096415164373,0.0,0.0,0.09349206349206352
multidisciplinary_share,Multidisciplinary Journals,-0.00010242656667964128,0.0684931506849315,0.0684931506849315,0.07153846153846155
multidisciplinary_share,Multidisciplinary Journals,0.0007656773655037213,0.02564102564102564,0.02564102564102564,-0.18383720930232558
multidisciplinary_share,Multidisciplinary Journals,0.005105540091248417,0.0,0.0,0.25000000000000006
multidisciplinary_share,Multidisciplinary Journals,0.0011288891594626307,0.0,0.0,0.14418604651162792
multidisciplinary_share,Multidisciplinary Journals,-0.010219579307427082,1.0,1.0,-0.07750000000000001
multidisciplinary_share,Multidisciplinary Journals,0.003052834711681541,0.0,0.0,0.20149999999999996
multidisciplinary_share,Multidisciplinary Journals,0.00043387547881929207,0.0196078431372549,0.0196078431372549,-0.30279069767441863
multidisciplinary_share,Multidisciplinary Journals,-0.001416225251025639,0.2007042253521127,0.2007042253521127,-0.14880000000000002
multidisciplinary_share,Multidisciplinary Journals,0.0010049707083506128,0.0,0.0,0.03604651162790695
multidisciplinary_share,Multidisciplinary Journals,0.004199185635069178,0.0,0.0,0.04428571428571432
multidisciplinary_share,Multidisciplinary Journals,0.0007916707237995361,0.014705882352941176,0.014705882352941176,-0.1658139534883721
multidisciplinary_share,Multidisciplinary Journals,-0.00633185536574262,1.0,1.0,-0.0911764705882353
multidisciplinary_share,Multidisciplinary Journals,0.002649023505746737,0.0,0.0,-0.17049999999999998
multidisciplinary_share,Multidisciplinary Journals,0.0009233109729929814,0.0,0.0,-0.0252325581395349
multidisciplinary_share,Multidisciplinary Journals,-0.0010556077458522526,0.18932038834951456,0.18932038834951456,0.04959999999999998
multidisciplinary_share,Multidisciplinary Journals,-0.0015796870986961936,0.0967741935483871,0.0967741935483871,-0.2852
multidisciplinary_share,Multidisciplinary Journals,0.0056086994452088385,0.0,0.0,0.0
multidisciplinary_share,Multidisciplinary Journals,0.001157340695763034,0.0,0.0,0.16581395348837208
multidisciplinary_share,Multidisciplinary Journals,-0.011231463965114619,1.0,1.0,-0.31
multidisciplinary_share,Multidisciplinary Journals,0.0031967475460310305,0.0,0.0,0.28675
multidisciplinary_share,Multidisciplinary Journals,-0.0016218776685249414,0.05454545454545454,0.05454545454545454,0.31
multidisciplinary_share,Multidisciplinary Journals,-0.0023478166348457927,0.2631578947368421,0.2631578947368421,-0.18944444444444444
multidisciplinary_share,Multidisciplinary Journals,-0.012731180815926606,0.5,0.5,0.0
multidisciplinary_share,Multidisciplinary Journals,0.005930195511178139,0.0,0.0,0.12916666666666665
multidisciplinary_share,Multidisciplinary Journals,0.0016414896947494631,0.0,0.0,-0.05982456140350878
multidisciplinary_share,Multidisciplinary Journals,-0.012363340246246494,1.0,1.0,-0.31
multidisciplinary_share,Multidisciplinary Journals,0.0034282907203256104,0.0,0.0,-0.31
multidisciplinary_share,Multidisciplinary Journals,-0.0011066754886192715,0.2,0.2,0.0
multidisciplinary_share,Multidisciplinary Journals,0.00010693863170814205,0.23976608187134502,0.23976608187134502,0.23051282051282057
multidisciplinary_share,Multidisciplinary Journals,0.0012781115870125542,0.030864197530864196,0.030864197530864196,0.24151162790697672
multidisciplinary_share,Multidisciplinary Journals,0.004372726502191808,0.0,0.0,-0.28
multidisciplinary_share,Multidisciplinary Journals,0.0009485564954334841,0.0,0.0,0.003604651162790684
multidisciplinary_share,Multidisciplinary Journals,-0.010457085939158908,1.0,1.0,-0.23249999999999998
multidisciplinary_share,Multidisciplinary Journals,0.0029830488181768187,0.0,0.0,0.15499999999999997
multidisciplinary_share,Multidisciplinary Journals,0.0005579330404635311,0.02857142857142857,0.02857142857142857,-0.27395348837209305
multidisciplinary_share,Multidisciplinary Journals,-0.004186138076265755,0.3354978354978355,0.3354978354978355,0.08157894736842103
multidisciplinary_share,Multidisciplinary Journals,-0.0009424432860532155,0.05434782608695652,0.05434782608695652,0.13639999999999997
multidisciplinary_share,Multidisciplinary Journals,0.008210704029640171,0.0,0.0,0.31
multidisciplinary_share,Multidisciplinary Journals,0.001459523127223568,0.0,0.0,-0.24473684210526314
multidisciplinary_share,Multidisciplinary Journals,-0.011199951676459836,1.0,1.0,-0.10333333333333333
multidisciplinary_share,Multidisciplinary Journals,0.0029830488181768187,0.0,0.0,0.16275
multidisciplinary_share,Multidisciplinary Journals,0.016212176812978166,0.038461538461538464,0.038461538461538464,0.31
multidisciplinary_share,Multidisciplinary Journals,-0.0027019647242379923,0.2980392156862745,0.2980392156862745,0.2066666666666666
multidisciplinary_share,Multidisciplinary Journals,-0.00578786054065304,0.38620689655172413,0.38620689655172413,0.27352941176470585
multidisciplinary_share,Multidisciplinary Journals,-0.007783317677376764,0.39215686274509803,0.39215686274509803,-0.13285714285714287
multidisciplinary_share,Multidisciplinary Journals,-0.004379051703437644,0.2727272727272727,0.2727272727272727,-0.1794736842105263
multidisciplinary_share,Multidisciplinary Journals,0.0014820594585937595,0.0,0.0,-0.1794736842105263
multidisciplinary_share,Multidisciplinary Journals,0.002024881056436058,0.0,0.0,0.21210526315789474
multidisciplinary_share,Multidisciplinary Journals,0.005469714234489359,0.0,0.0,-0.18083333333333335
multidisciplinary_share,Multidisciplinary Journals,0.0011347617072976946,0.0,0.0,0.1477906976744186
multidisciplinary_share,Multidisciplinary Journals,0.001064459454317802,0.0,0.0,0.10093023255813954
multidisciplinary_share,Multidisciplinary Journals,0.003977581988452734,0.0,0.0,-0.20174603174603173
multidisciplinary_share,Multidisciplinary Journals,0.0019328005359195944,0.0,0.0,0.09245614035087718
multidisciplinary_share,Multidisciplinary Journals,0.0014055436937986869,0.0,0.0,-0.2882456140350877
multidisciplinary_share,Multidisciplinary Journals,0.0009070428879814321,0.0,0.0,-0.0504651162790698
multidisciplinary_share,Multidisciplinary Journals,0.0009564931131002839,0.0,0.0,0.02162790697674416
multidisciplinary_share,Multidisciplinary Journals,0.006214360932758991,0.0,0.0,0.2841666666666666
multidisciplinary_share,Multidisciplinary Journals,0.0009500332537973701,0.0,0.0,0.010813953488372108
multidisciplinary_share,Multidisciplinary Journals,0.0016813066681278935,0.0,0.0,-0.016315789473684228
multidisciplinary_share,Multidisciplinary Journals,0.0008790299160973706,0.0,0.0,-0.06488372093023256
multidisciplinary_share,Multidisciplinary Journals,0.0012614174253411717,0.0,0.0,0.22709302325581399
multidisciplinary_share,Multidisciplinary Journals,0.0019446827855566216,0.0,0.0,0.11421052631578943
multidisciplinary_share,Multidisciplinary Journals,0.0012626073362033538,0.0,0.0,0.23069767441860461
multidisciplinary_share,Multidisciplinary Journals,0.0016197990179089101,0.0,0.0,-0.08157894736842106
multidisciplinary_share,Multidisciplinary Journals,0.004792545511396265,0.0,0.0,0.12
multidisciplinary_share,Multidisciplinary Journals,0.002481888462121967,0.0,0.0,-0.2635
multidisciplinary_share,Multidisciplinary Journals,0.0007543595720611731,0.0,0.0,-0.19825581395348837
multidisciplinary_share,Multidisciplinary Journals,0.0013289346383970131,0.0,0.0,0.2811627906976744
multidisciplinary_share,Multidisciplinary Journals,-0.002374087555616871,0.1859903381642512,0.1859903381642512,-0.20666666666666667
multidisciplinary_share,Multidisciplinary Journals,-0.0008099448239709996,0.00909090909090909,0.00909090909090909,0.2232
multidisciplinary_share,Multidisciplinary Journals,0.007738474571551167,0.0,0.0,-0.31
multidisciplinary_share,Multidisciplinary Journals,0.0008169746885309028,0.0,0.0,-0.14418604651162792
multidisciplinary_share,Multidisciplinary Journals,-0.0097480415575862,1.0,1.0,0.31
multidisciplinary_share,Multidisciplinary Journals,0.002761187578703654,0.0,0.0,-0.093
multidisciplinary_share,Multidisciplinary Journals,-0.0017665733757901692,0.00980392156862745,0.00980392156862745,0.17222222222222222
multidisciplinary_share,Multidisciplinary Journals,-0.0010797711882353008,0.31794871794871793,0.31794871794871793,0.012399999999999967
multidisciplinary_share,Multidisciplinary Journals,0.018739627885042246,0.045454545454545456,0.045454545454545456,0.0
multidisciplinary_share,Multidisciplinary Journals,0.005415875745899525,0.0,0.0,-0.31
multidisciplinary_share,Multidisciplinary Journals,0.001452460668526322,0.0,0.0,-0.2556140350877193
multidisciplinary_share,Multidisciplinary Journals,-0.010579800417179612,1.0,1.0,0.31
multidisciplinary_share,Multidisciplinary Journals,0.00325999087196012,0.0,0.0,0.31
multidisciplinary_share,Multidisciplinary Journals,0.0009487014505782216,0.03636363636363636,0.03636363636363636,0.007209302325581368
multidisciplinary_share,Multidisciplinary Journals,-0.00747694898309313,0.3492063492063492,0.3492063492063492,-0.2146153846153846
multidisciplinary_share,Multidisciplinary Journals,-0.004209845527346765,0.2857142857142857,0.2857142857142857,0.04894736842105263
multidisciplinary_share,Multidisciplinary Journals,0.008634109119934568,0.0,0.0,-0.31
multidisciplinary_share,Multidisciplinary Journals,0.0014055436937986869,0.0,0.0,-0.2773684210526316
multidisciplinary_share,Multidisciplinary Journals,-0.012291908667510435,1.0,1.0,-0.20666666666666667
multidisciplinary_share,Multidisciplinary Journals,0.0035307728584611123,0.0,0.0,-0.3001587301587302
multidisciplinary_share,Multidisciplinary Journals,-0.000899224151684621,0.14285714285714285,0.14285714285714285,0.186
multidisciplinary_share,Multidisciplinary Journals,-0.004287964029316203,0.25,0.25,-0.04894736842105263
multidisciplinary_share,Multidisciplinary Journals,0.00198630208253927,0.0,0.0,0.14684210526315788
multidisciplinary_share,Multidisciplinary Journals,-0.011835440425614324,1.0,1.0,0.2066666666666666
multidisciplinary_share,Multidisciplinary Journals,0.0019793243340417545,0.0,0.0,0.12508771929824558
multidisciplinary_share,Multidisciplinary Journals,0.0058892014592972705,0.03935185185185185,0.03935185185185185,0.10333333333333333
multidisciplinary_share,Multidisciplinary Journals,0.004297312376030738,0.0,0.0,0.250952380952381
multidisciplinary_share,Multidisciplinary Journals,0.0010314323115596191,0.016149068322981366,0.016149068322981366,0.05767441860465117
multidisciplinary_share,Multidisciplinary Journals,-0.005827655213387544,1.0,1.0,0.2370588235294117
multidisciplinary_share,Multidisciplinary Journals,0.002266156439297582,0.0,0.0,0.29912280701754385
multidisciplinary_share,Multidisciplinary Journals,0.0007793874843660418,0.029850746268656716,0.029850746268656716,-0.1766279069767442
multidisciplinary_share,Multidisciplinary Journals,-0.002380105332440989,0.31137309292649096,0.31137309292649096,-0.2238888888888889
multidisciplinary_share,Multidisciplinary Journals,-0.0006055793609539052,0.085,0.085,-0.31
multidisciplinary_share,Multidisciplinary Journals,0.0043385553414343764,0.0,0.0,0.30015873015873024
multidisciplinary_share,Multidisciplinary Journals,0.0009125758624150515,0.017964071856287425,0.017964071856287425,-0.03604651162790701
multidisciplinary_share,Multidisciplinary Journals,-0.0063806777171340895,1.0,1.0,-0.12764705882352942
multidisciplinary_share,Multidisciplinary Journals,0.002543912370475498,0.0,0.0,-0.23249999999999998
multidisciplinary_share,Multidisciplinary Journals,-0.0018015122194442366,0.05722070844686648,0.05722070844686648,0.12055555555555558
multidisciplinary_share,Multidisciplinary Journals,-0.0021466327896822635,0.28205128205128205,0.28205128205128205,-0.06888888888888889
multidisciplinary_share,Multidisciplinary Journals,-0.0011976028489261866,0.057971014492753624,0.057971014492753624,-0.08680000000000002
multidisciplinary_share,Multidisciplinary Journals,0.004562643831601848,0.0,0.0,-0.020000000000000018
multidisciplinary_share,Multidisciplinary Journals,0.0011353907301064068,0.03225806451612903,0.03225806451612903,0.1513953488372093
multidisciplinary_share,Multidisciplinary Journals,-0.008143755286656435,1.0,1.0,-0.31
multidisciplinary_share,Multidisciplinary Journals,0.002474981632416144,0.0,0.0,-0.28675
multidisciplinary_share,Multidisciplinary Journals,-8.171045842495743e-05,0.037037037037037035,0.037037037037037035,0.08743589743589747
multidisciplinary_share,Multidisciplinary Journals,-0.004458944448257092,0.375,0.375,-0.21210526315789474
multidisciplinary_share,Multidisciplinary Journals,0.001496529085748637,0.03389830508474576,0.03389830508474576,-0.13596491228070176
multidisciplinary_share,Multidisciplinary Journals,0.005853170636858749,0.0,0.0,0.07750000000000001
multidisciplinary_share,Multidisciplinary Journals,0.0012495764225178324,0.0,0.0,0.2198837209302325
multidisciplinary_share,Multidisciplinary Journals,-0.009247886301562636,1.0,1.0,-0.23249999999999998
multidisciplinary_share,Multidisciplinary Journals,0.002536490034713386,0.0,0.0,-0.248
multidisciplinary_share,Multidisciplinary Journals,0.0007530676544318385,0.020833333333333332,0.020833333333333332,-0.2018604651162791
multidisciplinary_share,Multidisciplinary Journals,-0.0028223905234479505,0.3249211356466877,0.3249211356466877,-0.051666666666666694
multidisciplinary_share,Multidisciplinary Journals,-0.002472775409654095,0.16216216216216217,0.16216216216216217,-0.2583333333333333
multidisciplinary_share,Multidisciplinary Journals,0.005933460865134711,0.0,0.0,0.15499999999999997
multidisciplinary_share,Multidisciplinary Journals,0.003022438002767966,0.011111111111111112,0.011111111111111112,0.19375000000000003
multidisciplinary_share,Multidisciplinary Journals,-0.006953092100344872,1.0,1.0,-0.02384615384615385
multidisciplinary_share,Multidisciplinary Journals,0.0028072720212143783,0.0,0.0,-0.05425000000000002
multidisciplinary_share,Multidisciplinary Journals,-0.0011865717828978433,0.06578947368421052,0.06578947368421052,-0.062
multidisciplinary_share,Multidisciplinary Journals,-0.002496913305531389,0.2641025641025641,0.2641025641025641,-0.27555555555555555
multidisciplinary_share,Multidisciplinary Journals,-0.006528232499527978,0.14285714285714285,0.14285714285714285,-0.2735294117647059
multidisciplinary_share,Multidisciplinary Journals,0.005465124427767105,0.0,0.0,-0.20666666666666667
multidisciplinary_share,Multidisciplinary Journals,0.0009521348040790496,0.024691358024691357,0.024691358024691357,0.018023255813953476
multidisciplinary_share,Multidisciplinary Journals,-0.0045176418691576965,1.0,1.0,-0.2773684210526316
multidisciplinary_share,Multidisciplinary Journals,0.003151348666542309,0.0,0.0,0.2635
multidisciplinary_share,Multidisciplinary Journals,-0.0018009226442063974,0.11494252873563218,0.11494252873563218,0.13777777777777778
multidisciplinary_share,Multidisciplinary Journals,0.0013822338206018307,0.012195121951219513,0.012195121951219513,-0.31
multidisciplinary_share,Multidisciplinary Journals,0.0017510676023307877,0.0,0.0,0.005438596491228076
multidisciplinary_share,Multidisciplinary Journals,0.005059862006617434,0.0,0.0,0.21000000000000002
multidisciplinary_share,Multidisciplinary Journals,0.0006361386884548387,0.029411764705882353,0.029411764705882353,-0.23790697674418604
multidisciplinary_share,Multidisciplinary Journals,-0.004306048760795574,1.0,1.0,-0.08157894736842106
multidisciplinary_share,Multidisciplinary Journals,0.002826587246616436,0.0,0.0,0.023249999999999993
multidisciplinary_share,Multidisciplinary Journals,0.00045134952687906287,0.005494505494505495,0.005494505494505495,-0.2955813953488372
multidisciplinary_share,Multidisciplinary Journals,0.003906747757847434,0.01910828025477707,0.01910828025477707,-0.21158730158730157
multidisciplinary_share,Multidisciplinary Journals,0.0017807521215582138,0.0,0.0,0.016315789473684172
multidisciplinary_share,Multidisciplinary Journals,0.004237882411675973,0.0,0.0,0.1426984126984127
multidisciplinary_share,Multidisciplinary Journals,-0.0002201736500035603,0.07317073170731707,0.07317073170731707,-0.03974358974358971
multidisciplinary_share,Multidisciplinary Journals,-0.005306832560379719,1.0,1.0,-0.20666666666666667
multidisciplinary_share,Multidisciplinary Journals,0.0008265292905044231,0.0,0.0,-0.12616279069767442
multidisciplinary_share,Multidisciplinary Journals,0.0008186694870743945,0.014778325123152709,0.014778325123152709,-0.13697674418604652
multidisciplinary_share,Multidisciplinary Journals,0.0020144272530696677,0.0,0.0,0.19035087719298244
multidisciplinary_share,Multidisciplinary Journals,0.0048412732743026345,0.0,0.0,0.15000000000000002
multidisciplinary_share,Multidisciplinary Journals,0.0007987331824967818,0.015151515151515152,0.015151515151515152,-0.1622093023255814
multidisciplinary_share,Multidisciplinary Journals,-0.00615562157001886,1.0,1.0,0.1276470588235294
multidisciplinary_share,Multidisciplinary Journals,0.003206011438535239,0.0,0.0,0.30224999999999996
multidisciplinary_share,Multidisciplinary Journals,0.0008780357888870202,0.020833333333333332,0.020833333333333332,-0.07209302325581396
multidisciplinary_share,Multidisciplinary Journals,0.0009673277905919376,0.009615384615384616,0.009615384615384616,0.028837209302325584
multidisciplinary_share,Multidisciplinary Journals,0.002929277789668088,0.0,0.0,0.124
multidisciplinary_share,Multidisciplinary Journals,0.00479104050793665,0.0,0.0,0.10999999999999999
multidisciplinary_share,Multidisciplinary Journals,0.0008320183877836899,0.02702702702702703,0.02702702702702703,-0.10813953488372094
multidisciplinary_share,Multidisciplinary Journals,-0.0060662787088043586,1.0,1.0,0.20058823529411757
multidisciplinary_share,Multidisciplinary Journals,0.0031967475460310305,0.0,0.0,0.29450000000000004
multidisciplinary_share,Multidisciplinary Journals,0.0012640223409280931,0.0,0.0,0.23430232558139535
multidisciplinary_share,Multidisciplinary Journals,0.00023736164960619816,0.0058823529411764705,0.0058823529411764705,0.27820512820512827
multidisciplinary_share,Multidisciplinary Journals,0.0030964668417024907,0.0,0.0,0.24025000000000002
multidisciplinary_share,Multidisciplinary Journals,0.00426095266675084,0.0,0.0,0.22142857142857147
multidisciplinary_share,Multidisciplinary Journals,0.00030664451330933727,0.017543859649122806,0.017543859649122806,0.29410256410256413
multidisciplinary_share,Multidisciplinary Journals,0.002826587246616436,0.0,0.0,-0.007749999999999979
multidisciplinary_share,Multidisciplinary Journals,0.0009074444445579185,0.0,0.0,-0.03965116279069769
multidisciplinary_share,Multidisciplinary Journals,0.000583558814847841,0.0,0.0,-0.26313953488372094
multidisciplinary_share,Multidisciplinary Journals,0.0008419442947182813,0.0,0.0,-0.09732558139534883
multidisciplinary_share,Multidisciplinary Journals,0.004816014002531088,0.0,0.0,0.13
multidisciplinary_share,Multidisciplinary Journals,0.0008354844354153676,0.0,0.0,-0.10453488372093023
multidisciplinary_share,Multidisciplinary Journals,0.0029198054922477293,0.0,0.0,0.09300000000000003
multidisciplinary_share,Multidisciplinary Journals,0.0007595574080891924,0.0,0.0,-0.19104651162790698
multidisciplinary_share,Multidisciplinary Journals,0.0009070428879814321,0.0,0.0,-0.04686046511627906
multidisciplinary_share,Multidisciplinary Journals,0.0007853375951743558,0.0,0.0,-0.1730232558139535
multidisciplinary_share,Multidisciplinary Journals,0.006039129148566216,0.0,0.0,0.23249999999999998
multidisciplinary_share,Multidisciplinary Journals,0.0008133505670584173,0.0,0.0,-0.155
multidisciplinary_share,Multidisciplinary Journals,0.001981746484284108,0.0,0.0,0.13596491228070173
multidisciplinary_share,Multidisciplinary Journals,0.001013214427305519,0.0,0.0,0.043255813953488376
multidisciplinary_share,Multidisciplinary Journals,0.00106266465242437,0.0,0.0,0.0973255813953488
multidisciplinary_share,Multidisciplinary Journals,0.005508439897910756,0.0,0.0,-0.155
multidisciplinary_share,Multidisciplinary Journals,0.0010562047931214564,0.0,0.0,0.07930232558139533
multidisciplinary_share,Multidisciplinary Journals,0.002925965559530038,0.0,0.0,0.11625000000000002
multidisciplinary_share,Multidisciplinary Journals,0.0012331047002280902,0.0,0.0,0.21627906976744188
multidisciplinary_share,Multidisciplinary Journals,0.0012839964138065111,0.0,0.0,0.24511627906976746
multidisciplinary_share,Multidisciplinary Journals,0.0014679531993081433,0.0,0.0,-0.21210526315789474
multidisciplinary_share,Multidisciplinary Journals,0.005597994018690927,0.0,0.0,-0.051666666666666694
multidisciplinary_share,Multidisciplinary Journals,0.0013269867796224487,0.0,0.0,0.26674418604651157
multidisciplinary_share,Multidisciplinary Journals,0.003103529300399737,0.0,0.0,0.24800000000000005
multidisciplinary_share,Multidisciplinary Journals,0.0014893328414754485,0.0,0.0,-0.1468421052631579
multidisciplinary_share,Multidisciplinary Journals,0.001306701306128114,0.0,0.0,0.25593023255813957
multidisciplinary_share,Multidisciplinary Journals,0.0012042265704058585,0.0,0.0,0.1982558139534884
multidisciplinary_share,Multidisciplinary Journals,0.005607096210118348,0.0,0.0,-0.02583333333333332
multidisciplinary_share,Multidisciplinary Journals,0.0011977667111029448,0.0,0.0,0.19104651162790692
multidisciplinary_share,Multidisciplinary Journals,0.002826587246616436,0.0,0.0,-0.015500000000000014
multidisciplinary_share,Multidisciplinary Journals,0.0013961145958441546,0.0,0.0,-0.29912280701754385
multidisciplinary_share,Multidisciplinary Journals,0.004094089247760491,0.0,0.0,-0.09349206349206349
multidisciplinary_share,Multidisciplinary Journals,0.0011917461130526137,0.0,0.0,0.1766279069767442
multidisciplinary_share,Multidisciplinary Journals,0.004137739225050685,0.0,0.0,-0.054126984126984135
multidisciplinary_share,Multidisciplinary Journals,0.003870235978476897,0.0,0.0,-0.23126984126984126
multidisciplinary_share,Multidisciplinary Journals,0.0030915033471342964,0.0,0.0,0.22474999999999995
multidisciplinary_share,Multidisciplinary Journals,0.0038725328031840394,0.0,0.0,-0.22142857142857142
multidisciplinary_share,Multidisciplinary Journals,0.0044126576930251515,0.0,0.0,-0.2
multidisciplinary_share,Multidisciplinary Journals,0.0010855745737285273,0.0,0.0,0.1225581395348837
multidisciplinary_share,Multidisciplinary Journals,0.004549692454422802,0.0,0.0,-0.03999999999999998
multidisciplinary_share,Multidisciplinary Journals,0.0008467799523939983,0.0,0.0,-0.09372093023255815
multidisciplinary_share,Multidisciplinary Journals,0.004147143734342947,0.0,0.0,-0.04428571428571426
multidisciplinary_share,Multidisciplinary Journals,0.00455564253771708,0.0,0.0,-0.02999999999999997
multidisciplinary_share,Multidisciplinary Journals,0.001606030465049123,0.0,0.0,-0.09245614035087721
multidisciplinary_share,Multidisciplinary Journals,0.004157859451627327,0.0,0.0,-0.004920634920634881
multidisciplinary_share,Multidisciplinary Journals,0.0041530938176372245,0.0,0.0,-0.014761904761904754
multidisciplinary_share,Multidisciplinary Journals,0.0041530938176372245,0.0,0.0,-0.034444444444444444
multidisciplinary_share,Multidisciplinary Journals,0.004363810785652118,0.0,0.0,-0.31
multidisciplinary_share,Multidisciplinary Journals,0.004226468487438908,0.0,0.0,0.12301587301587302
multidisciplinary_share,Multidisciplinary Journals,0.0042217028534488055,0.0,0.0,0.10333333333333333
multidisciplinary_share,Multidisciplinary Journals,0.0042217028534488055,0.0,0.0,0.1131746031746032
multidisciplinary_share,Multidisciplinary Journals,0.0043702324599715825,0.0,0.0,-0.29
multidisciplinary_share,Multidisciplinary Journals,0.0016018482530244474,0.0,0.0,-0.10333333333333333
multidisciplinary_share,Multidisciplinary Journals,0.00410979167209504,0.0,0.0,-0.08365079365079364
multidisciplinary_share,Multidisciplinary Journals,0.004218066655645953,0.0,0.0,0.07380952380952382
multidisciplinary_share,Multidisciplinary Journals,0.004093574918606233,0.0,0.0,-0.10333333333333333
multidisciplinary_share,Multidisciplinary Journals,-0.002326396558615754,0.18718861209964413,0.18718861209964413,-0.155
multidisciplinary_share,Multidisciplinary Journals,-0.0036948777013552482,0.14080459770114942,0.14080459770114942,0.2447368421052632
multidisciplinary_share,Multidisciplinary Journals,-0.003674164142956883,0.15,0.15,0.27736842105263154
multidisciplinary_share,Multidisciplinary Journals,0.004745137770140846,0.0,0.0,0.07
multidisciplinary_share,Multidisciplinary Journals,-5.307876643200545e-05,0.03333333333333333,0.03333333333333333,0.11923076923076925
multidisciplinary_share,Multidisciplinary Journals,-0.007508757295499574,1.0,1.0,-0.31
multidisciplinary_share,Multidisciplinary Journals,0.0028338171871610802,0.0,0.0,0.046499999999999986
multidisciplinary_share,Multidisciplinary Journals,0.0011242532633404922,0.035211267605633804,0.035211267605633804,0.1333720930232558
multidisciplinary_share,Multidisciplinary Journals,-0.006851009784116887,0.366412213740458,0.366412213740458,0.2146153846153846
multidisciplinary_share,Multidisciplinary Journals,0.0040239938948211365,0.007407407407407408,0.007407407407407408,-0.14269841269841269
multidisciplinary_share,Multidisciplinary Journals,0.002194257439915818,0.0,0.0,0.27736842105263154
multidisciplinary_share,Multidisciplinary Journals,0.004238147157364086,0.0,0.0,0.1525396825396826
multidisciplinary_share,Multidisciplinary Journals,-0.0017488917823657172,0.125,0.125,0.18944444444444447
multidisciplinary_share,Multidisciplinary Journals,0.020243522127980106,0.045454545454545456,0.045454545454545456,0.31
multidisciplinary_share,Multidisciplinary Journals,0.002183974518256719,0.13131313131313133,0.13131313131313133,0.2664912280701754
multidisciplinary_share,Multidisciplinary Journals,-0.003996317495453981,0.15639810426540285,0.15639810426540285,0.14684210526315788
multidisciplinary_share,Multidisciplinary Journals,-0.0028031835464961364,0.14521452145214522,0.14521452145214522,0.0
multidisciplinary_share,Multidisciplinary Journals,0.002292439180115306,0.0,0.0,0.31
multidisciplinary_share,Multidisciplinary Journals,0.00478371660322766,0.0,0.0,0.10000000000000003
multidisciplinary_share,Multidisciplinary Journals,0.0013477390381672534,0.0,0.0,0.2991860465116279
multidisciplinary_share,Multidisciplinary Journals,-0.012012549146552552,1.0,1.0,0.10333333333333333
multidisciplinary_share,Multidisciplinary Journals,0.0025437199752580304,0.0,0.0,-0.24025
multidisciplinary_share,Multidisciplinary Journals,0.0009350173246070309,0.01834862385321101,0.01834862385321101,-0.014418604651162792
multidisciplinary_share,Multidisciplinary Journals,-0.00735390397127221,0.3805309734513274,0.3805309734513274,-0.16692307692307692
multidisciplinary_share,Multidisciplinary Journals,0.00411721214045243,0.008130081300813009,0.008130081300813009,-0.0738095238095238
multidisciplinary_share,Multidisciplinary Journals,0.0030589526312510473,0.0,0.0,0.20925
multidisciplinary_share,Multidisciplinary Journals,0.004562872478261724,0.0,0.0,-0.010000000000000009
multidisciplinary_share,Multidisciplinary Journals,-0.015501229151626304,0.14705882352941177,0.14705882352941177,-0.31
multidisciplinary_share,Multidisciplinary Journals,-0.009273632043034514,0.15555555555555556,0.15555555555555556,-0.31
multidisciplinary_share,Multidisciplinary Journals,0.0019246087490887953,0.11711711711711711,0.11711711711711711,0.05982456140350878
multidisciplinary_share,Multidisciplinary Journals,-0.0032938662882999307,0.17647058823529413,0.17647058823529413,-0.2583333333333333
multidisciplinary_share,Multidisciplinary Journals,-0.002748061374623901,0.20967741935483872,0.20967741935483872,0.10333333333333333
multidisciplinary_share,Multidisciplinary Journals,-0.003541099896834316,0.15625,0.15625,-0.31
multidisciplinary_share,Multidisciplinary Journals,0.004206415575613823,0.0,0.0,0.054126984126984135
multidisciplinary_share,Multidisciplinary Journals,0.001074121313835833,0.0,0.0,0.1117441860465116
multidisciplinary_share,Multidisciplinary Journals,-0.01041392356961815,1.0,1.0,-0.155
multidisciplinary_share,Multidisciplinary Journals,0.003009758383922451,0.0,0.0,0.186
multidisciplinary_share,Multidisciplinary Journals,-0.0014798870003868393,0.047244094488188976,0.047244094488188976,-0.1736
multidisciplinary_share,Multidisciplinary Journals,-0.0032174246010763506,0.3442622950819672,0.3442622950819672,-0.20666666666666667
multidisciplinary_share,Multidisciplinary Journals,0.004655191813652081,0.010869565217391304,0.010869565217391304,0.040000000000000036
multidisciplinary_share,Multidisciplinary Journals,0.0020343594233432813,0.0,0.0,0.2229824561403509
multidisciplinary_share,Multidisciplinary Journals,0.004302431690385182,0.0,0.0,0.2706349206349206
multidisciplinary_share,Multidisciplinary Journals,-0.0016510904746892077,0.125,0.125,0.2411111111111111
multidisciplinary_share,Multidisciplinary Journals,-0.0015909898031733593,0.20125786163522014,0.20125786163522014,-0.2976
multidisciplinary_share,Multidisciplinary Journals,-0.002684941791505596,0.2413793103448276,0.2413793103448276,0.25833333333333336
multidisciplinary_share,Multidisciplinary Journals,-0.008755199957223639,0.375,0.375,0.31
multidisciplinary_share,Multidisciplinary Journals,-0.0024561170849366227,0.2770448548812665,0.2770448548812665,-0.2411111111111111
multidisciplinary_share,Multidisciplinary Journals,-0.014618675432703846,0.046511627906976744,0.046511627906976744,0.31
multidisciplinary_share,Multidisciplinary Journals,0.004420344136413394,0.0,0.0,-0.16
multidisciplinary_share,Multidisciplinary Journals,0.0045137116182299136,0.0,0.0,-0.09
multidisciplinary_share,Multidisciplinary Journals,-0.012273594023436482,1.0,1.0,-0.10333333333333333
multidisciplinary_share,Multidisciplinary Journals,0.0004966367051950447,0.015748031496062992,0.015748031496062992,-0.2919767441860465
multidisciplinary_share,Multidisciplinary Journals,-0.005605234703903925,0.3553113553113553,0.3553113553113553,0.31
multidisciplinary_share,Multidisciplinary Journals,0.00524214662450162,0.0,0.0,0.27999999999999997
multidisciplinary_share,Multidisciplinary Journals,0.005729598399254972,0.0,0.0,0.051666666666666694
multidisciplinary_share,Multidisciplinary Journals,0.002744616168453182,0.0,0.0,-0.10075
multidisciplinary_share,Multidisciplinary Journals,-0.004213000098974636,0.21610169491525424,0.21610169491525424,0.016315789473684228
multidisciplinary_share,Multidisciplinary Journals,-0.006548710576807319,0.3652173913043478,0.3652173913043478,-0.31
multidisciplinary_share,Multidisciplinary Journals,-0.012233361558788923,0.4444444444444444,0.4444444444444444,0.0
multidisciplinary_share,Multidisciplinary Journals,-0.0006774270041830392,0.07575757575757576,0.07575757575757576,0.29760000000000003
multidisciplinary_share,Multidisciplinary Journals,0.004010835178379372,0.0,0.0,-0.15253968253968253
multidisciplinary_share,Multidisciplinary Journals,0.00105817813376456,0.014492753623188406,0.014492753623188406,0.09011627906976744
multidisciplinary_share,Multidisciplinary Journals,-0.009179673419083854,1.0,1.0,0.0
multidisciplinary_share,Multidisciplinary Journals,0.0024680419859071097,0.0,0.0,-0.2945
multidisciplinary_share,Multidisciplinary Journals,0.000650910682568753,0.0297029702970297,0.0297029702970297,-0.22709302325581396
multidisciplinary_share,Multidisciplinary Journals,-0.008818992389566285,0.3585714285714286,0.3585714285714286,0.23249999999999998
multidisciplinary_share,Multidisciplinary Journals,-0.0006704795787941231,0.11627906976744186,0.11627906976744186,0.31
multidisciplinary_share,Multidisciplinary Journals,0.0044840305158645,0.0,0.0,-0.13
multidisciplinary_share,Multidisciplinary Journals,0.0016696647202626988,0.0,0.0,-0.038070175438596476
multidisciplinary_share,Multidisciplinary Journals,-0.009179673419083854,1.0,1.0,0.07750000000000001
multidisciplinary_share,Multidisciplinary Journals,0.0029810148662172548,0.0,0.0,0.1395
multidisciplinary_share,Multidisciplinary Journals,-0.0015175238450098171,0.05533596837944664,0.05533596837944664,-0.19840000000000002
multidisciplinary_share,Multidisciplinary Journals,-0.0019778769200732367,0.32,0.32,0.017222222222222194
multidisciplinary_share,Multidisciplinary Journals,-0.00462761800006729,0.3875598086124402,0.3875598086124402,0.31
multidisciplinary_share,Multidisciplinary Journals,-0.00735390397127221,0.3716216216216216,0.3716216216216216,-0.11923076923076922
multidisciplinary_share,Multidisciplinary Journals,-0.004474372375480401,0.35664335664335667,0.35664335664335667,-0.24473684210526314
multidisciplinary_share,Multidisciplinary Journals,0.0037730536904070286,0.0072992700729927005,0.0072992700729927005,-0.2411111111111111
multidisciplinary_share,Multidisciplinary Journals,0.0020216571936143126,0.0,0.0,0.2012280701754386
multidisciplinary_share,Multidisciplinary Journals,0.005094471108159149,0.0,0.0,0.23000000000000004
multidisciplinary_share,Multidisciplinary Journals,-5.356976640348937e-05,0.08333333333333333,0.08333333333333333,0.10333333333333333
multidisciplinary_share,Multidisciplinary Journals,-0.006308972101697752,1.0,1.0,-0.054705882352941215
multidisciplinary_share,Multidisciplinary Journals,0.002912916016818672,0.0,0.0,0.062
multidisciplinary_share,Multidisciplinary Journals,0.0008694983593629975,0.0070921985815602835,0.0070921985815602835,-0.08290697674418604
multidisciplinary_share,Multidisciplinary Journals,0.00487264614620044,0.0,0.0,0.16000000000000003
multidisciplinary_share,Multidisciplinary Journals,0.004461345009728191,0.017543859649122806,0.017543859649122806,-0.15
multidisciplinary_share,Multidisciplinary Journals,0.00411721214045243,0.008264462809917356,0.008264462809917356,-0.06396825396825395
multidisciplinary_share,Multidisciplinary Journals,0.0035789370658087694,0.0,0.0,-0.2804761904761905
multidisciplinary_share,Multidisciplinary Journals,0.001932037696709018,0.0,0.0,0.08157894736842103
multidisciplinary_share,Multidisciplinary Journals,0.0022635920311035603,0.0,0.0,0.2882456140350877
multidisciplinary_share,Multidisciplinary Journals,0.005450777737055554,0.0,0.0,-0.2583333333333333
multidisciplinary_share,Multidisciplinary Journals,0.001153807454961274,0.0,0.0,0.1622093023255814
multidisciplinary_share,Multidisciplinary Journals,0.0028338171871610802,0.0,0.0,0.030999999999999972
multidisciplinary_share,Multidisciplinary Journals,0.0018593718232230553,0.0,0.0,0.038070175438596476
multidisciplinary_share,Multidisciplinary Journals,0.005721466545094214,0.0,0.0,0.02583333333333332
multidisciplinary_share,Multidisciplinary Journals,0.002788170644750055,0.0,0.0,-0.08524999999999999
multidisciplinary_share,Multidisciplinary Journals,0.0029234113113198886,0.0,0.0,0.10849999999999999
multidisciplinary_share,Multidisciplinary Journals,0.0013731834514737811,0.0,0.0,0.31
multidisciplinary_share,Multidisciplinary Journals,0.004391985811165354,0.0,0.0,-0.26
multidisciplinary_share,Multidisciplinary Journals,0.004515084300828687,0.0,0.0,-0.07999999999999999
multidisciplinary_share,Multidisciplinary Journals,0.004249877878962041,0.0,0.0,0.19190476190476197
multidisciplinary_share,Multidisciplinary Journals,0.004249877878962041,0.0,0.0,0.20174603174603173
multidisciplinary_share,Multidisciplinary Journals,0.00456429239048025,0.0,0.0,0.0
multidisciplinary_share,Multidisciplinary Journals,0.004302431690385182,0.0,0.0,0.26079365079365086
multidisciplinary_share,Multidisciplinary Journals,0.00422893279399345,0.0,0.0,0.1328571428571429
multidisciplinary_share,Multidisciplinary Journals,0.0037388245094498763,0.0,0.0,-0.2509523809523809
multidisciplinary_share,Multidisciplinary Journals,-0.002220771471021495,0.19161676646706588,0.19161676646706588,-0.10333333333333333
multidisciplinary_share,Multidisciplinary Journals,0.001371741381889123,0.02857142857142857,0.02857142857142857,0.30639534883720926
multidisciplinary_share,Multidisciplinary Journals,0.004245112352220618,0.0,0.0,0.17222222222222222
multidisciplinary_share,Multidisciplinary Journals,0.003999100924532747,0.0,0.0,-0.1919047619047619
multidisciplinary_share,Multidisciplinary Journals,-0.010460568675736637,1.0,1.0,-0.31
multidisciplinary_share,Multidisciplinary Journals,0.0027401663082836413,0.0,0.0,-0.10849999999999999
multidisciplinary_share,Multidisciplinary Journals,-0.00022679784749058258,0.00819672131147541,0.00819672131147541,-0.07153846153846152
multidisciplinary_share,Multidisciplinary Journals,-0.001777540042076069,0.23056994818652848,0.23056994818652848,0.15499999999999997
multidisciplinary_share,Multidisciplinary Journals,0.019740342578977416,0.041666666666666664,0.041666666666666664,-0.31
multidisciplinary_share,Multidisciplinary Journals,0.00416602788193688,0.0,0.0,0.034444444444444444
multidisciplinary_share,Multidisciplinary Journals,0.004160323758181869,0.0,0.0,0.024603174603174627
multidisciplinary_share,Multidisciplinary Journals,-0.009228369112964922,1.0,1.0,-0.155
multidisciplinary_share,Multidisciplinary Journals,0.0026562534462913814,0.0,0.0,-0.14725
multidisciplinary_share,Multidisciplinary Journals,0.0006652632140823825,0.02142857142857143,0.02142857142857143,-0.22348837209302325
multidisciplinary_share,Multidisciplinary Journals,-0.0027686817496227157,0.18209876543209877,0.18209876543209877,0.051666666666666694
multidisciplinary_share,Multidisciplinary Journals,-0.0009037954047887256,0.08333333333333333,0.08333333333333333,0.17359999999999998
multidisciplinary_share,Multidisciplinary Journals,0.004295969696393995,0.0,0.0,0.2411111111111111
multidisciplinary_share,Multidisciplinary Journals,0.006673017984562756,0.045454545454545456,0.045454545454545456,-0.31
multidisciplinary_share,Multidisciplinary Journals,-0.007700192121057413,1.0,1.0,0.04428571428571426
multidisciplinary_share,Multidisciplinary Journals,0.0028338171871610802,0.0,0.0,0.03875000000000001
multidisciplinary_share,Multidisciplinary Journals,0.00043965447472202015,0.017857142857142856,0.017857142857142856,-0.2991860465116279
multidisciplinary_share,Multidisciplinary Journals,-0.004054102442028326,0.17229729729729729,0.17229729729729729,0.11421052631578948
multidisciplinary_share,Multidisciplinary Journals,-0.003671096007637082,0.2,0.2,0.31
multidisciplinary_share,Multidisciplinary Journals,0.0035789370658087694,0.0,0.0,-0.2903174603174603
multidisciplinary_share,Multidisciplinary Journals,0.0012156832318173212,0.0,0.0,0.20546511627906977
multidisciplinary_share,Multidisciplinary Journals,-0.007501193878143656,1.0,1.0,-0.2623076923076923
multidisciplinary_share,Multidisciplinary Journals,0.0027212837161277293,0.0,0.0,-0.11624999999999999
multidisciplinary_share,Multidisciplinary Journals,-0.0018724067447308255,0.06870229007633588,0.06870229007633588,0.10333333333333333
multidisciplinary_share,Multidisciplinary Journals,-0.0013968248757894916,0.14325259515570934,0.14325259515570934,-0.1364
multidisciplinary_share,Multidisciplinary Journals,-0.0002266375756584369,0.10285714285714286,0.10285714285714286,-0.05564102564102563
multidisciplinary_share,Multidisciplinary Journals,0.0013306109010949344,0.0,0.0,0.2883720930232558
multidisciplinary_share,Multidisciplinary Journals,0.004950339766263082,0.0,0.0,0.2
multidisciplinary_share,Multidisciplinary Journals,0.0009227622586006315,0.014925373134328358,0.014925373134328358,-0.028837209302325584
multidisciplinary_share,Multidisciplinary Journals,-0.009879799144099404,1.0,1.0,0.15499999999999997
multidisciplinary_share,Multidisciplinary Journals,0.002826587246616436,0.0,0.0,-0.030999999999999972
multidisciplinary_share,Multidisciplinary Journals,0.0010821734962392548,0.0,0.0,0.11534883720930234
multidisciplinary_share,Multidisciplinary Journals,-0.0010605603854549042,0.20606060606060606,0.20606060606060606,0.03720000000000001
multidisciplinary_share,Multidisciplinary Journals,0.0008026714710221438,0.024390243902439025,0.024390243902439025,-0.1586046511627907
multidisciplinary_share,Multidisciplinary Journals,0.0013276463910967045,0.0,0.0,0.27395348837209305
multidisciplinary_share,Multidisciplinary Journals,0.004499452528491087,0.0,0.0,-0.10999999999999999
multidisciplinary_share,Multidisciplinary Journals,0.0007006427693276432,0.034482758620689655,0.034482758620689655,-0.20906976744186045
multidisciplinary_share,Multidisciplinary Journals,-0.00023269366758626761,0.057692307692307696,0.057692307692307696,-0.08743589743589741
multidisciplinary_share,Multidisciplinary Journals,8.698793880298709e-05,0.07936507936507936,0.07936507936507936,0.2146153846153846
multidisciplinary_share,Multidisciplinary Journals,-0.00046832462492220334,0.13106796116504854,0.13106796116504854,-0.2464102564102564
multidisciplinary_share,Multidisciplinary Journals,-0.001625650855967451,0.14814814814814814,0.14814814814814814,0.2755555555555556
multidisciplinary_share,Multidisciplinary Journals,8.384067366483702e-05,0.061224489795918366,0.061224489795918366,0.19871794871794873
multidisciplinary_share,Multidisciplinary Journals,0.005338455654603505,0.0,0.0,0.31
multidisciplinary_share,Multidisciplinary Journals,0.0006361386884548387,0.034782608695652174,0.034782608695652174,-0.23430232558139535
multidisciplinary_share,Multidisciplinary Journals,-0.009222905575521833,1.0,1.0,-0.07750000000000001
multidisciplinary_share,Multidisciplinary Journals,0.0029198054922477293,0.0,0.0,0.07750000000000001
multidisciplinary_share,Multidisciplinary Journals,-0.0010384834566136902,0.05454545454545454,0.05454545454545454,0.07439999999999997
multidisciplinary_share,Multidisciplinary Journals,-0.0020326565230223167,0.2698412698412698,0.2698412698412698,-0.017222222222222194
multidisciplinary_share,Multidisciplinary Journals,0.0008320183877836899,0.02830188679245283,0.02830188679245283,-0.11174418604651162
multidisciplinary_share,Multidisciplinary Journals,0.0013276463910967045,0.0,0.0,0.2775581395348837
multidisciplinary_share,Multidisciplinary Journals,0.0010562047931214564,0.0,0.0,0.07569767441860464
multidisciplinary_share,Multidisciplinary Journals,-0.00036716517527980524,0.12121212121212122,0.12121212121212122,-0.16692307692307692
multidisciplinary_share,Multidisciplinary Journals,-0.0004598310616918865,0.18,0.18,-0.23051282051282052
multidisciplinary_share,Multidisciplinary Journals,-0.0015220729297231927,0.14814814814814814,0.14814814814814814,-0.2232
multidisciplinary_share,Multidisciplinary Journals,-0.001184358706427594,0.1346153846153846,0.1346153846153846,-0.04960000000000003
multidisciplinary_share,Multidisciplinary Journals,-0.000982850240847102,0.1462140992167102,0.1462140992167102,0.124
multidisciplinary_share,Multidisciplinary Journals,0.0008786042587242964,0.01098901098901099,0.01098901098901099,-0.06848837209302328
multidisciplinary_share,Multidisciplinary Journals,0.005105540091248417,0.0,0.0,0.24000000000000005
multidisciplinary_share,Multidisciplinary Journals,0.000945046716664932,0.00510204081632653,0.00510204081632653,-0.003604651162790684
multidisciplinary_share,Multidisciplinary Journals,-0.007757258169143074,1.0,1.0,-0.04428571428571432
multidisciplinary_share,Multidisciplinary Journals,0.002649023505746737,0.0,0.0,-0.20925
multidisciplinary_share,Multidisciplinary Journals,0.0007887339090563651,0.016129032258064516,0.016129032258064516,-0.1694186046511628
multidisciplinary_share,Multidisciplinary Journals,-0.002062195156577889,0.27638190954773867,0.27638190954773867,-0.051666666666666694
multidisciplinary_share,Multidisciplinary Journals,0.000892425503419797,0.010309278350515464,0.010309278350515464,-0.05406976744186048
multidisciplinary_share,Multidisciplinary Journals,0.0009195221063825034,0.0,0.0,-0.03244186046511627
multidisciplinary_share,Multidisciplinary Journals,0.0011252650379901447,0.0,0.0,0.1369767441860465
multidisciplinary_share,Multidisciplinary Journals,0.0062573486694577065,0.04081632653061224,0.04081632653061224,0.31
multidisciplinary_share,Multidisciplinary Journals,-0.0004736523063873874,0.2,0.2,-0.2623076923076923
multidisciplinary_share,Multidisciplinary Journals,-0.0009937705561686107,0.15126050420168066,0.15126050420168066,0.11159999999999998
multidisciplinary_share,Multidisciplinary Journals,-0.0019342578421827396,0.21951219512195122,0.21951219512195122,0.06888888888888889
multidisciplinary_share,Multidisciplinary Journals,-0.001132563702290737,0.19344262295081968,0.19344262295081968,-0.02479999999999999
multidisciplinary_share,Multidisciplinary Journals,-0.00039126495274289017,0.025210084033613446,0.025210084033613446,-0.1987179487179487
multidisciplinary_share,Multidisciplinary Journals,0.008690266236098757,0.0,0.0,0.31
multidisciplinary_share,Multidisciplinary Journals,0.0009473665845713017,0.0,0.0,0.0
multidisciplinary_share,Multidisciplinary Journals,-0.011185788878754025,1.0,1.0,0.10333333333333333
multidisciplinary_share,Multidisciplinary Journals,0.0029830488181768187,0.0,0.0,0.14725
multidisciplinary_share,Multidisciplinary Journals,-0.002705321380328464,0.0625,0.0625,0.15499999999999997
multidisciplinary_share,Multidisciplinary Journals,-0.0025039276451026484,0.30687830687830686,0.30687830687830686,-0.2927777777777778
multidisciplinary_share,Multidisciplinary Journals,0.0012662314576758395,0.0,0.0,0.23790697674418598
multidisciplinary_share,Multidisciplinary Journals,0.0008133505670584173,0.0,0.0,-0.15139534883720931
multidisciplinary_share,Multidisciplinary Journals,0.002481888462121967,0.0,0.0,-0.25575
multidisciplinary_share,Multidisciplinary Journals,-0.0007059188650998764,0.14606741573033707,0.14606741573033707,0.2728
multidisciplinary_share,Multidisciplinary Journals,-0.001521365409502026,0.25,0.25,-0.2108
multidisciplinary_share,Multidisciplinary Journals,-0.003207990356626791,0.2777777777777778,0.2777777777777778,-0.155
multidisciplinary_share,Multidisciplinary Journals,-0.004379051703437644,0.2727272727272727,0.2727272727272727,-0.14684210526315788
multidisciplinary_share,Multidisciplinary Journals,0.0005635068754763157,0.023333333333333334,0.023333333333333334,-0.2703488372093023
multidisciplinary_share,Multidisciplinary Journals,0.004005445430122473,0.0,0.0,-0.17222222222222222
multidisciplinary_share,Multidisciplinary Journals,0.0010314323115596191,0.016304347826086956,0.016304347826086956,0.05406976744186043
multidisciplinary_share,Multidisciplinary Journals,-0.006420305461520532,1.0,1.0,-0.20058823529411765
multidisciplinary_share,Multidisciplinary Journals,0.002460812045362465,0.0,0.0,-0.30225
multidisciplinary_share,Multidisciplinary Journals,-2.1354659925331357e-05,0.03017241379310345,0.03017241379310345,0.15102564102564103
multidisciplinary_share,Multidisciplinary Journals,-0.0016440109925658889,0.2668463611859838,0.2668463611859838,0.25833333333333336
multidisciplinary_share,Multidisciplinary Journals,-0.0010492555365909657,0.06140350877192982,0.06140350877192982,0.062
multidisciplinary_share,Multidisciplinary Journals,0.005430301511174291,0.0,0.0,-0.2841666666666667
multidisciplinary_share,Multidisciplinary Journals,0.0009399550234121211,0.019543973941368076,0.019543973941368076,-0.007209302325581424
multidisciplinary_share,Multidisciplinary Journals,-0.006420305461520532,1.0,1.0,-0.16411764705882353
multidisciplinary_share,Multidisciplinary Journals,0.0028072720212143783,0.0,0.0,-0.06975
multidisciplinary_share,Multidisciplinary Journals,-0.0014573537693988352,0.06140350877192982,0.06140350877192982,-0.1612
multidisciplinary_share,Multidisciplinary Journals,-0.0004552704590375343,0.23178807947019867,0.23178807947019867,-0.2146153846153846
multidisciplinary_share,Multidisciplinary Journals,-0.00529853407764499,0.36,0.36,0.0
multidisciplinary_share,Multidisciplinary Journals,-0.002039443925213695,0.28402366863905326,0.28402366863905326,-0.034444444444444444
multidisciplinary_share,Multidisciplinary Journals,-0.0021507327422470883,0.21052631578947367,0.21052631578947367,-0.08611111111111111
multidisciplinary_share,Multidisciplinary Journals,0.0006087595274577689,0.01834862385321101,0.01834862385321101,-0.24872093023255815
multidisciplinary_share,Multidisciplinary Journals,0.0019960339074243123,0.0,0.0,0.15771929824561404
multidisciplinary_share,Multidisciplinary Journals,0.005115998786543631,0.0,0.0,0.26000000000000006
multidisciplinary_share,Multidisciplinary Journals,0.0006361386884548387,0.02654867256637168,0.02654867256637168,-0.23069767441860467
multidisciplinary_share,Multidisciplinary Journals,-0.004306048760795574,1.0,1.0,-0.11421052631578948
multidisciplinary_share,Multidisciplinary Journals,0.002826587246616436,0.0,0.0,-0.023249999999999993
multidisciplinary_share,Multidisciplinary Journals,0.00040835727340918394,0.0,0.0,-0.31
multidisciplinary_share,Multidisciplinary Journals,0.0005924071601718201,0.037037037037037035,0.037037037037037035,-0.2559302325581395
multidisciplinary_share,Multidisciplinary Journals,0.0007550832052065882,0.011235955056179775,0.011235955056179775,-0.19465116279069766
multidisciplinary_share,Multidisciplinary Journals,0.0010258651917075805,0.011494252873563218,0.011494252873563218,0.050465116279069744
multidisciplinary_share,Multidisciplinary Journals,0.0010485700840291838,0.014285714285714285,0.014285714285714285,0.06488372093023254
multidisciplinary_share,Multidisciplinary Journals,0.0008173347279766671,0.0,0.0,-0.1405813953488372
multidisciplinary_share,Multidisciplinary Journals,0.0008823319883952234,0.0,0.0,-0.05767441860465117
multidisciplinary_share,Multidisciplinary Journals,0.005508439897910756,0.0,0.0,-0.12916666666666665
multidisciplinary_share,Multidisciplinary Journals,0.0008758721290923097,0.0,0.0,-0.07569767441860467
multidisciplinary_share,Multidisciplinary Journals,0.002649023505746737,0.0,0.0,-0.217
multidisciplinary_share,Multidisciplinary Journals,0.0011180950941885276,0.0,0.0,0.12976744186046513
multidisciplinary_share,Multidisciplinary Journals,0.0009070428879814321,0.0,0.0,-0.043255813953488376
multidisciplinary_share,Multidisciplinary Journals,0.0010568644045957124,0.0,0.0,0.08290697674418601
multidisciplinary_share,Multidisciplinary Journals,0.0013290114931346832,0.0,0.0,0.28476744186046504
multidisciplinary_share,Multidisciplinary Journals,0.001306041694653858,0.0,0.0,0.25232558139534883
multidisciplinary_share,Multidisciplinary Journals,0.004500791901586796,0.0,0.0,-0.1
multidisciplinary_share,Multidisciplinary Journals,0.0011917461130526137,0.0,0.0,0.18023255813953487
multidisciplinary_share,Multidisciplinary Journals,0.004247413572407499,0.0,0.0,0.1820634920634921
multidisciplinary_share,Multidisciplinary Journals,0.004411237780806624,0.0,0.0,-0.22
multidisciplinary_share,Multidisciplinary Journals,0.0030915033471342964,0.0,0.0,0.23249999999999998
multidisciplinary_share,Multidisciplinary Journals,0.0042426479384173954,0.0,0.0,0.1623809523809524
multidisciplinary_share,Multidisciplinary Journals,0.0008541499479068022,0.0,0.0,-0.08651162790697675
multidisciplinary_share,Multidisciplinary Journals,0.004411237780806624,0.0,0.0,-0.22999999999999998
multidisciplinary_share,Multidisciplinary Journals,0.004615849741735705,0.0,0.0,0.030000000000000027
multidisciplinary_share,Multidisciplinary Journals,0.0011893648793099892,0.0,0.0,0.17302325581395345
multidisciplinary_share,Multidisciplinary Journals,-0.0007309699486669258,0.10512129380053908,0.10512129380053908,0.2604
multidisciplinary_share,Multidisciplinary Journals,0.0005853447014745744,0.022222222222222223,0.022222222222222223,-0.25953488372093025
multidisciplinary_share,Multidisciplinary Journals,0.004404982341707992,0.0,0.0,-0.24
multidisciplinary_share,Multidisciplinary Journals,0.0005330806670664505,0.02666666666666667,0.02666666666666667,-0.27755813953488373
multidisciplinary_share,Multidisciplinary Journals,-0.006243205246384365,1.0,1.0,-0.018235294117647072
multidisciplinary_share,Multidisciplinary Journals,0.0026449173002785907,0.0,0.0,-0.22475
multidisciplinary_share,Multidisciplinary Journals,0.015506737169733066,0.03896103896103896,0.03896103896103896,-0.31
multidisciplinary_share,Multidisciplinary Journals,-0.000914210496978356,0.18487394957983194,0.18487394957983194,0.1612
multidisciplinary_share,Multidisciplinary Journals,0.001084708882784511,0.0,0.0,0.11895348837209302
multidisciplinary_share,Multidisciplinary Journals,0.006016967128077023,0.0,0.0,0.2066666666666666
multidisciplinary_share,Multidisciplinary Journals,0.0006725958113983331,0.006024096385542169,0.006024096385542169,-0.21627906976744188
multidisciplinary_share,Multidisciplinary Journals,-0.006894239557195468,1.0,1.0,0.16692307692307695
multidisciplinary_share,Multidisciplinary Journals,0.002649023505746737,0.0,0.0,-0.16275
multidisciplinary_share,Multidisciplinary Journals,0.0008163807332487265,0.0,0.0,-0.1477906976744186
multidisciplinary_share,Multidisciplinary Journals,-0.001625650855967451,0.15030674846625766,0.15030674846625766,0.29277777777777775
multidisciplinary_share,Multidisciplinary Journals,-3.7308556371515986e-05,0.0784313725490196,0.0784313725490196,0.13512820512820517
multidisciplinary_share,Multidisciplinary Journals,0.005312955647603188,0.0,0.0,0.3
multidisciplinary_share,Multidisciplinary Journals,0.0009504402565965708,0.010638297872340425,0.010638297872340425,0.014418604651162792
multidisciplinary_share,Multidisciplinary Journals,-0.007587087306647976,1.0,1.0,0.13285714285714284
multidisciplinary_share,Multidisciplinary Journals,0.0029198054922477293,0.0,0.0,0.06974999999999998
multidisciplinary_share,Multidisciplinary Journals,-0.0017332426146988863,0.05454545454545454,0.05454545454545454,0.2066666666666666
multidisciplinary_share,Multidisciplinary Journals,-0.0015335539144359744,0.1464088397790055,0.1464088397790055,-0.2604
multidisciplinary_share,Multidisciplinary Journals,0.0010573360773496047,0.0,0.0,0.08651162790697675
multidisciplinary_share,Multidisciplinary Journals,0.004390261581736905,0.0,0.0,-0.27
multidisciplinary_share,Multidisciplinary Journals,0.0005069186199353349,0.021551724137931036,0.021551724137931036,-0.2847674418604651
multidisciplinary_share,Multidisciplinary Journals,-0.004261636724458773,1.0,1.0,-0.016315789473684228
multidisciplinary_share,Multidisciplinary Journals,0.002714053775583085,0.0,0.0,-0.124
multidisciplinary_share,Multidisciplinary Journals,0.0009319818168779626,0.02127659574468085,0.02127659574468085,-0.018023255813953476
multidisciplinary_share,Multidisciplinary Journals,-0.0012094113574160922,0.14609929078014183,0.14609929078014183,-0.09920000000000001
multidisciplinary_share,Multidisciplinary Journals,0.0006353857238455921,0.023529411764705882,0.023529411764705882,-0.24511627906976746
multidisciplinary_share,Multidisciplinary Journals,0.004046569080109669,0.0,0.0,-0.13285714285714284
multidisciplinary_share,Multidisciplinary Journals,0.0005330806670664505,0.025157232704402517,0.025157232704402517,-0.2811627906976744
multidisciplinary_share,Multidisciplinary Journals,-0.006500211826450697,1.0,1.0,-0.23705882352941177
multidisciplinary_share,Multidisciplinary Journals,0.0024778173702465728,0.0,0.0,-0.27125
multidisciplinary_share,Multidisciplinary Journals,-0.00011035806086000032,0.020100502512562814,0.020100502512562814,0.03974358974358977
multidisciplinary_share,Multidisciplinary Journals,-0.0009945604350174927,0.20861372812920592,0.20861372812920592,0.09920000000000001
multidisciplinary_share,Multidisciplinary Journals,0.0008406999076957067,0.015748031496062992,0.015748031496062992,-0.10093023255813954
multidisciplinary_share,Multidisciplinary Journals,0.004004530029004294,0.0,0.0,-0.18206349206349207
multidisciplinary_share,Multidisciplinary Journals,0.0006725958113983331,0.0056179775280898875,0.0056179775280898875,-0.21988372093023256
multidisciplinary_share,Multidisciplinary Journals,-0.008997891590068653,1.0,1.0,0.15499999999999997
multidisciplinary_share,Multidisciplinary Journals,0.002649023505746737,0.0,0.0,-0.17825
multidisciplinary_share,Multidisciplinary Journals,0.00040966995476249686,0.015544041450777202,0.015544041450777202,-0.3063953488372093
multidisciplinary_share,Multidisciplinary Journals,-0.0011214847070899986,0.16615384615384615,0.16615384615384615,-0.012400000000000022
multidisciplinary_share,Multidisciplinary Journals,-0.0005813982539615245,0.08,0.08,-0.2941025641025641
multidisciplinary_share,Multidisciplinary Journals,0.00483952790702045,0.0,0.0,0.14
multidisciplinary_share,Multidisciplinary Journals,0.0008299854923787287,0.014285714285714285,0.014285714285714285,-0.12255813953488373
multidisciplinary_share,Multidisciplinary Journals,-0.006953092100344872,1.0,1.0,0.02384615384615385
multidisciplinary_share,Multidisciplinary Journals,0.0029198054922477293,0.0,0.0,0.08524999999999999
multidisciplinary_share,Multidisciplinary Journals,0.0011634476920475106,0.029940119760479042,0.029940119760479042,0.16941860465116276
multidisciplinary_share,Multidisciplinary Journals,-0.0015321018290485378,0.1580547112462006,0.1580547112462006,-0.248
multidisciplinary_share,Multidisciplinary Journals,-0.0006834331283320163,0.08333333333333333,0.08333333333333333,0.28519999999999995
multidisciplinary_share,Multidisciplinary Journals,0.004318819801265714,0.0,0.0,0.29031746031746036
multidisciplinary_share,Multidisciplinary Journals,0.0005069186199353349,0.01937984496124031,0.01937984496124031,-0.28837209302325584
multidisciplinary_share,Multidisciplinary Journals,-0.0045176418691576965,1.0,1.0,-0.31
multidisciplinary_share,Multidisciplinary Journals,0.002714053775583085,0.0,0.0,-0.1395
multidisciplinary_share,Multidisciplinary Journals,-0.0022669287841238965,0.056179775280898875,0.056179775280898875,-0.13777777777777778
