feature_key,feature_label,shap_value,feature_value_raw,feature_value_norm,y_offset
collection_size,Number of Papers,0.016894143619052237,7.247792581767846,1.0,0.14466666666666667
collection_size,Number of Papers,0.013682971770302714,5.8522024797744745,0.7730445302507354,-0.13285714285714287
collection_size,Number of Papers,-0.0020976731806605143,2.995732273553991,0.30851591504232234,0.31
collection_size,Number of Papers,0.014089266364919332,5.153291594497779,0.659385334721703,0.04428571428571426
collection_size,Number of Papers,0.0013512181963273604,3.4011973816621555,0.3744539895143223,-0.07750000000000001
collection_size,Number of Papers,0.0034412424833220995,3.8918202981106265,0.4542407079162889,-0.10333333333333333
collection_size,Number of Papers,-0.026547164551595167,2.6390573296152584,0.2505122581420729,-0.31
collection_size,Number of Papers,0.010621230126624177,4.955827057601261,0.6272729998275542,-0.31
collection_size,Number of Papers,0.01592365583930226,4.875197323201151,0.6141607262306022,-0.14466666666666667
collection_size,Number of Papers,0.014367414495438676,4.90527477843843,0.6190520212981789,0.1771428571428571
collection_size,Number of Papers,0.006338099916367479,3.828641396489095,0.4439663463574926,-0.10333333333333333
collection_size,Number of Papers,0.0031091801587998773,3.258096538021482,0.35118245789225344,-0.20666666666666667
collection_size,Number of Papers,-0.005647144070549605,2.772588722239781,0.2722275740475708,0.31
collection_size,Number of Papers,0.004508839855538999,3.091042453358316,0.32401557113653007,0.10333333333333333
collection_size,Number of Papers,0.012776944066366994,4.59511985013459,0.5686136029203867,-0.31
collection_size,Number of Papers,0.011071541403785704,5.351858133476067,0.6916768808325087,-0.07153846153846152
collection_size,Number of Papers,0.019352594848249083,5.713732805509369,0.7505261346817376,0.31
collection_size,Number of Papers,0.005022672447730587,3.610917912644224,0.40855943462826777,0.31
collection_size,Number of Papers,0.01705233065207744,4.969813299576001,0.6295474886712843,0.26866666666666666
collection_size,Number of Papers,0.0013587393418165988,2.995732273553991,0.30851591504232234,0.0
collection_size,Number of Papers,0.006565570265879755,3.784189633918261,0.4367374539763869,0.10333333333333333
collection_size,Number of Papers,-0.05111511896227746,1.9459101490553132,0.13779037530221605,-0.31
collection_size,Number of Papers,0.014625045206235901,4.6913478822291435,0.5842625231842038,0.2657142857142856
collection_size,Number of Papers,0.019239841781894897,4.727387818712341,0.5901234566363648,0.19727272727272732
collection_size,Number of Papers,0.015569496674634293,4.812184355372417,0.603913349373,-0.26866666666666666
collection_size,Number of Papers,0.014065240299838262,3.871201010907891,0.45088753135942766,-0.04428571428571432
collection_size,Number of Papers,-0.024421261523587697,2.5649493574615367,0.23846057505239648,-0.31
collection_size,Number of Papers,-0.012224455227842847,3.5263605246161616,0.39480843303168944,0.0
collection_size,Number of Papers,0.00792806577096986,4.499809670330265,0.553113946826179,-0.31
collection_size,Number of Papers,0.02118730340190817,4.709530201312334,0.5872193919401246,-0.186
collection_size,Number of Papers,0.004580326583949556,4.219507705176107,0.5075303158715464,0.2066666666666666
collection_size,Number of Papers,0.01665700777433039,5.736572297479192,0.7542403682675461,0.062
collection_size,Number of Papers,-0.007938517762239876,3.4657359027997265,0.3849494568874277,0.0
collection_size,Number of Papers,0.012018106449231106,4.787491742782046,0.599897755194036,0.16692307692307695
collection_size,Number of Papers,-0.0350185974858958,2.4849066497880004,0.22544376567971378,0.0
collection_size,Number of Papers,0.00891530182925472,4.174387269895637,0.5001926817268618,-0.10333333333333333
collection_size,Number of Papers,-0.06125902552825578,1.6094379124341005,0.08307214936260862,-0.31
collection_size,Number of Papers,0.014274853924178455,4.844187086458591,0.6091177391551772,0.13285714285714284
collection_size,Number of Papers,0.01235402354496173,5.209486152841421,0.6685238793187285,0.31
collection_size,Number of Papers,0.01082258450527193,4.5217885770490405,0.5566882291973495,-0.16692307692307692
collection_size,Number of Papers,0.0001466506629935234,3.218875824868201,0.344804256037074,0.31
collection_size,Number of Papers,-0.041511559980913444,1.791759469228055,0.11272188283985687,0.0
collection_size,Number of Papers,-0.004392998001473303,3.871201010907891,0.45088753135942766,-0.31
collection_size,Number of Papers,0.01933299266062139,5.0689042022202315,0.6456619783952927,0.2536363636363637
collection_size,Number of Papers,0.00987994648965655,4.465908118654584,0.5476007645710216,0.31
collection_size,Number of Papers,-0.008186551386311006,2.772588722239781,0.2722275740475708,-0.155
collection_size,Number of Papers,0.012095273095575858,5.937536205082426,0.786921782378748,0.2146153846153846
collection_size,Number of Papers,-0.00011767766583294158,3.7612001156935624,0.4329988226257179,-0.155
collection_size,Number of Papers,0.01364662527275673,4.8283137373023015,0.6065363627115394,-0.17714285714285716
collection_size,Number of Papers,-0.026524032402293243,1.9459101490553132,0.13779037530221605,0.0
collection_size,Number of Papers,0.012784189726177553,4.653960350157523,0.5781824392885381,-0.26571428571428574
collection_size,Number of Papers,0.01419480069980996,4.844187086458591,0.6091177391551772,0.08857142857142852
collection_size,Number of Papers,0.013753779781311416,5.60947179518496,0.733570864978326,-0.08857142857142858
collection_size,Number of Papers,0.0024168961567051024,4.110873864173311,0.4898639220068717,0.15499999999999997
collection_size,Number of Papers,-0.006471214282444023,3.4657359027997265,0.3849494568874277,-0.31
collection_size,Number of Papers,-0.06034352090419556,1.0986122886681098,0.0,0.31
collection_size,Number of Papers,0.015086108438534626,5.4638318050256105,0.7098864089667211,-0.31
collection_size,Number of Papers,0.01719871304511256,4.74493212836325,0.592976570192101,0.31
collection_size,Number of Papers,-0.0042317059448371466,3.295836866004329,0.3573199146237135,-0.20666666666666667
collection_size,Number of Papers,0.018197418061996207,4.882801922586371,0.6153974112882437,-0.25363636363636366
collection_size,Number of Papers,0.018311968700254713,6.331501849893691,0.8509897761653915,-0.02818181818181814
collection_size,Number of Papers,0.0026735451275934218,4.23410650459726,0.5099044208294925,0.23249999999999998
collection_size,Number of Papers,0.021993092019292185,5.572154032177765,0.7275021271582509,0.186
collection_size,Number of Papers,0.01829585758173045,4.5217885770490405,0.5566882291973495,-0.08454545454545453
collection_size,Number of Papers,0.016079836656733213,6.22455842927536,0.8335982840443463,-0.062
collection_size,Number of Papers,0.010962249726580916,6.551080335043404,0.8866983543308605,-0.11923076923076922
collection_size,Number of Papers,0.009817918265568463,4.454347296253507,0.5457207054655747,0.2066666666666666
collection_size,Number of Papers,0.015844775766587743,5.030437921392435,0.639406464815546,-0.186
collection_size,Number of Papers,0.006322117820179373,3.295836866004329,0.3573199146237135,-0.31
collection_size,Number of Papers,0.02167703362460814,5.5254529391317835,0.7199074412293985,0.062
collection_size,Number of Papers,-0.04478411571381594,2.302585092994046,0.19579403220246552,-0.31
collection_size,Number of Papers,0.01774610995832621,5.53338948872752,0.7211981091261656,-0.31
collection_size,Number of Papers,0.01701338306092379,5.298317366548036,0.6829699045566445,0.186
collection_size,Number of Papers,0.015988311170907647,5.342334251964811,0.6901280757792656,-0.10333333333333333
collection_size,Number of Papers,0.012966097285249853,4.997212273764115,0.6340032003079815,-0.22142857142857142
collection_size,Number of Papers,0.014587384429416072,4.962844630259907,0.6284142206609263,0.22142857142857136
collection_size,Number of Papers,0.01827284934465867,6.018593214496234,0.8001035408490218,-0.1409090909090909
collection_size,Number of Papers,-0.0024113444969670085,3.258096538021482,0.35118245789225344,0.0
collection_size,Number of Papers,0.017041417173758476,5.666426688112432,0.7428330576955219,0.22733333333333333
collection_size,Number of Papers,-0.024222224136619164,2.4849066497880004,0.22544376567971378,0.31
collection_size,Number of Papers,-0.0606389375573149,1.0986122886681098,0.0,0.0
collection_size,Number of Papers,-0.06457415569321699,1.3862943611198906,0.046783808367857,-0.31
collection_size,Number of Papers,0.012251940410422102,4.948759890378168,0.6261237137623819,0.2623076923076923
collection_size,Number of Papers,0.0001433297373986122,4.330733340286331,0.5256181958504494,0.15499999999999997
collection_size,Number of Papers,0.01189779483611852,4.736198448394496,0.5915562703224494,0.07153846153846155
collection_size,Number of Papers,0.014633140921405389,4.795790545596741,0.601247333905203,0.31
collection_size,Number of Papers,0.008866539484879784,4.605170185988092,0.5702480217167878,-0.20666666666666667
collection_size,Number of Papers,0.018902367877265347,5.017279836814924,0.6372666536618096,0.08454545454545453
collection_size,Number of Papers,0.0010133837233422492,2.8903717578961645,0.2913818401517136,-0.155
collection_size,Number of Papers,0.018986219713527618,4.290459441148391,0.5190687214134854,0.14090909090909093
collection_size,Number of Papers,-0.04696706576320677,1.0986122886681098,0.0,0.0
collection_size,Number of Papers,-0.05415410206397006,2.0794415416798357,0.15950569120771388,-0.31
collection_size,Number of Papers,0.009723619451347509,4.189654742026425,0.5026755284483867,0.10333333333333333
collection_size,Number of Papers,-0.007692030783741848,3.713572066704308,0.42525339206114326,0.15499999999999997
collection_size,Number of Papers,0.01196493848628907,3.6375861597263857,0.41289631301059254,0.11923076923076925
collection_size,Number of Papers,0.002075505667437138,3.6375861597263857,0.41289631301059254,0.07750000000000001
collection_size,Number of Papers,-0.004096430680098028,3.5263605246161616,0.39480843303168944,-0.10333333333333333
collection_size,Number of Papers,0.0006428604899768435,3.871201010907891,0.45088753135942766,-0.23249999999999998
collection_size,Number of Papers,0.0006290902732498795,3.58351893845611,0.4041037229915705,-0.31
collection_size,Number of Papers,-0.0015914418383800395,3.295836866004329,0.3573199146237135,-0.31
collection_size,Number of Papers,-0.00224724296220717,3.688879454113936,0.4212377978821792,0.10333333333333333
collection_size,Number of Papers,-0.031189890578847208,2.0794415416798357,0.15950569120771388,0.31
collection_size,Number of Papers,-0.0330858001919135,2.5649493574615367,0.23846057505239648,-0.31
collection_size,Number of Papers,-0.026506359098605766,2.302585092994046,0.19579403220246552,0.31
collection_size,Number of Papers,8.250170031906239e-05,2.833213344056216,0.2820865501918326,0.0
collection_size,Number of Papers,0.021509669778262415,5.811140992976701,0.7663669757084087,-0.062
collection_size,Number of Papers,-0.0075338482757353695,3.5553480614894135,0.39952248197668144,0.31
collection_size,Number of Papers,0.022070338287416884,4.948759890378168,0.6261237137623819,0.31
collection_size,Number of Papers,-0.02853592904843113,2.1972245773362196,0.17865995731185677,0.0
collection_size,Number of Papers,0.006733752470732035,4.1588830833596715,0.4976713397272845,0.31
collection_size,Number of Papers,-0.06420800442431346,1.3862943611198906,0.046783808367857,0.31
collection_size,Number of Papers,0.018266153368644216,4.804021044733257,0.6025858048467286,-0.19727272727272727
collection_size,Number of Papers,0.016842656917493325,5.955837369464831,0.7898979781495796,0.10333333333333333
collection_size,Number of Papers,0.010621497377443502,3.871201010907891,0.45088753135942766,-0.2623076923076923
collection_size,Number of Papers,0.014076267149910816,5.030437921392435,0.639406464815546,0.0
collection_size,Number of Papers,-0.03791971938663064,2.4849066497880004,0.22544376567971378,0.0
collection_size,Number of Papers,0.016280123798142185,4.48863636973214,0.551296907795682,0.020666666666666667
collection_size,Number of Papers,-0.053827527821579825,1.791759469228055,0.11272188283985687,0.31
collection_size,Number of Papers,0.016144121766872823,4.941642422609304,0.6249662476563951,-0.020666666666666667
collection_size,Number of Papers,0.021171335040311066,5.780743515792329,0.761423637615284,-0.31
collection_size,Number of Papers,-0.009015846143851538,3.1780538303479458,0.3381656485195707,-0.31
collection_size,Number of Papers,0.01877778077744816,4.976733742420574,0.6306729139336301,0.028181818181818197
collection_size,Number of Papers,0.002933599935584519,3.091042453358316,0.32401557113653007,-0.31
collection_size,Number of Papers,0.0039390343405908855,4.07753744390572,0.4844426432870072,0.0
collection_size,Number of Papers,-0.044337003726640664,2.302585092994046,0.19579403220246552,0.31
collection_size,Number of Papers,0.015759080246241414,4.718498871295094,0.5886779066616435,-0.22733333333333333
collection_size,Number of Papers,0.010762500240696015,5.69035945432406,0.7467250831478385,-0.2146153846153846
collection_size,Number of Papers,-0.002115292291368341,3.218875824868201,0.344804256037074,0.2066666666666666
collection_size,Number of Papers,0.011338189450033113,4.812184355372417,0.603913349373,-0.02384615384615385
collection_size,Number of Papers,0.009496797642598675,3.258096538021482,0.35118245789225344,0.0
collection_size,Number of Papers,0.00267831456633051,3.9318256327243257,0.46074650750368934,0.31
collection_size,Number of Papers,-0.05084339169598887,1.9459101490553132,0.13779037530221605,0.31
collection_size,Number of Papers,0.01156175689975132,4.875197323201151,0.6141607262306022,0.02384615384615385
recent,Publication Year,0.009375696800179951,2016.1880597014926,0.5943297383736109,-0.08857142857142858
recent,Publication Year,-0.005510655309817689,2021.4080459770114,0.8772441152561408,0.31
recent,Publication Year,-0.004348796018752778,2020.95,0.8524188024430648,-0.062
recent,Publication Year,-0.002734901439775256,2021.1734104046243,0.8645272663502924,0.034444444444444444
recent,Publication Year,-0.002738219003972865,2022.1,0.9147468462811759,-0.034444444444444444
recent,Publication Year,-0.006028313203386852,2022.2244897959183,0.9214939814615245,-0.31
recent,Publication Year,-0.007456892021111699,2021.142857142857,0.8628713315339251,0.22142857142857136
recent,Publication Year,-0.00593151216434214,2021.4718309859154,0.8807011542397787,0.0
recent,Publication Year,-0.0033209272378860338,2022.4045801526718,0.9312545724620042,-0.31
recent,Publication Year,-0.0019771485349375072,2021.1555555555556,0.8635595639020502,0.17222222222222222
recent,Publication Year,-0.0012257555315409508,2020.5217391304348,0.8292077917887898,-0.10333333333333333
recent,Publication Year,0.0018320920971969135,2021.3461538461538,0.8738896670428136,-0.31
recent,Publication Year,-0.012562854797751441,2010.125,0.26572221587990386,0.0
recent,Publication Year,0.01415780087072946,2015.2272727272727,0.5422567186794621,-0.31
recent,Publication Year,0.005069573960527031,2019.7777777777778,0.7888863519607318,0.31
recent,Publication Year,-0.020718437557099623,2023.6729857819905,1.0,0.31
recent,Publication Year,0.012990956834528415,2017.7095709570958,0.6767930603209372,0.0
recent,Publication Year,0.015388626166434336,2017.8648648648648,0.6852097259654735,0.15499999999999997
recent,Publication Year,0.01079736373890912,2017.2291666666667,0.6507559649523426,-0.186
recent,Publication Year,0.00777728660286252,2017.85,0.6844040755750859,-0.062
recent,Publication Year,0.006492589152568104,2018.1818181818182,0.7023880566034841,0.186
recent,Publication Year,0.005664536400725263,2013.857142857143,0.4679980103234888,-0.062
recent,Publication Year,0.01326140205235914,2017.605504587156,0.6711528400881704,0.15499999999999997
recent,Publication Year,0.009871178887835067,2018.3716814159293,0.7126783209329799,0.13285714285714284
recent,Publication Year,0.011450560408838815,2018.2276422764228,0.7048716445837918,0.0
recent,Publication Year,0.024157398239030715,2016.6458333333333,0.6191402905416946,0.31
recent,Publication Year,-0.0014656835754339392,2013.5384615384614,0.4507260249311695,-0.20666666666666667
recent,Publication Year,-0.030442275073796893,2008.0882352941176,0.1553330333788841,0.0
recent,Publication Year,0.009414113799320669,2015.2666666666667,0.5443918031851138,-0.04428571428571432
recent,Publication Year,0.010498478274763322,2019.5855855855855,0.778469862064811,-0.31
recent,Publication Year,-0.010563147771343335,2022.6911764705883,0.9467876053897817,0.062
recent,Publication Year,0.009114864963605165,2015.7903225806451,0.5727730629786271,-0.22142857142857142
recent,Publication Year,0.006727775568132334,2015.6875,0.5672002540099333,0.31
recent,Publication Year,0.005387509866906014,2015.1916666666666,0.5403269307608862,-0.186
recent,Publication Year,-0.0003859574818465656,2015.6666666666667,0.566071122780986,0.10333333333333333
recent,Publication Year,0.010354464083934494,2017.1538461538462,0.6466737212784391,0.31
recent,Publication Year,0.008534613361372099,2016.2,0.5949768822421407,0.31
recent,Publication Year,0.009576257476055765,2015.4173228346456,0.5525571112218731,0.04428571428571426
recent,Publication Year,0.004221085760422848,2016.344262295082,0.6027956532439277,-0.07750000000000001
recent,Publication Year,0.009056344516503471,2015.0869565217392,0.5346518190188613,-0.26571428571428574
recent,Publication Year,0.014161305248445714,2014.96,0.5277709914949517,-0.155
recent,Publication Year,-0.002213859505040184,2013.6666666666667,0.45767452480164955,0.10333333333333333
recent,Publication Year,-0.027471001310246945,2009.0833333333333,0.2092656544323287,0.31
recent,Publication Year,0.012216760531853596,2015.125786163522,0.5367563195538639,-0.31
recent,Publication Year,0.003296475658911746,2019.471264367816,0.7722738465232805,0.186
recent,Publication Year,-0.003913983720118442,2022.5,0.9364261658770481,0.186
recent,Publication Year,-0.013778390905591138,2010.5039577836412,0.28626108314215304,0.31
recent,Publication Year,-0.016236936014266956,2010.6511627906978,0.29423934412737895,0.0
recent,Publication Year,-0.011765937629578423,2009.8,0.24810776870825924,-0.186
recent,Publication Year,-0.003978384288779899,2008.857142857143,0.1970065153751477,0.062
recent,Publication Year,-0.008140957235082841,2011.9714285714285,0.36579550365725344,-0.04428571428571432
recent,Publication Year,-0.014260643782068708,2009.8267716535433,0.2495587467914518,-0.31
recent,Publication Year,-0.009199727946619943,2011.0,0.31314572749586356,0.15499999999999997
recent,Publication Year,-0.019578587299308167,2008.7377049180327,0.19053318224054414,0.31
recent,Publication Year,-0.022072217838158003,2008.78125,0.1928932516125372,-0.31
recent,Publication Year,-0.0017961875390573644,2013.0,0.4215423254752,0.2411111111111111
recent,Publication Year,-0.009707310571029651,2007.385593220339,0.11725102818150919,-0.31
recent,Publication Year,0.011069904591536738,2014.8086956521738,0.5195705532130291,-0.062
recent,Publication Year,-0.000314561584339697,2019.0,0.7467321194132093,0.31
recent,Publication Year,0.01336552714730248,2015.4545454545455,0.5545745139043878,0.31
recent,Publication Year,0.009956303495363517,2016.355871886121,0.603424873330202,0.1771428571428571
recent,Publication Year,0.004868280943612781,2018.4057971014493,0.7145273330570284,0.15499999999999997
recent,Publication Year,0.010563092213609028,2016.2015209125475,0.5950593131151245,-0.248
recent,Publication Year,0.008240158304661098,2017.9259259259259,0.6885191316094884,0.186
recent,Publication Year,0.011817544433945964,2016.1861386138614,0.5942256186917889,0.24800000000000005
recent,Publication Year,0.0023279002417726895,2015.7214285714285,0.5690391248685093,-0.186
recent,Publication Year,0.00894515164632213,2015.7674418604652,0.5715329668652149,-0.31
recent,Publication Year,0.009121214851466658,2015.3071895424837,0.5465880741245666,-0.17714285714285716
recent,Publication Year,0.006052677882468704,2018.3703703703704,0.7126072644937922,0.062
recent,Publication Year,0.010276219825380795,2016.1912350597609,0.5945018373904306,0.2657142857142856
recent,Publication Year,0.009591441401667445,2015.5,0.5570380729493706,0.08857142857142852
recent,Publication Year,0.010109676532359523,2015.7312252964427,0.569570090699949,0.22142857142857136
recent,Publication Year,-0.007073070140892606,2007.965,0.14865389006221608,0.31
recent,Publication Year,0.011655804717266226,2015.1196172248804,0.5364219735729164,0.062
recent,Publication Year,-0.002883851648510152,2019.5675675675675,0.7774933161370711,-0.10333333333333333
recent,Publication Year,-0.008694583107092223,2023.4685314685314,0.9889189239894158,0.31
recent,Publication Year,0.011685334571701338,2017.0778588807786,0.6425553403333151,0.124
recent,Publication Year,0.011781015190907082,2014.6923076923076,0.5132625237654039,0.186
recent,Publication Year,0.007710279039637637,2017.0761245674742,0.6424613435022962,-0.186
recent,Publication Year,-0.0007192817600264426,2021.6666666666667,0.8912609167189953,0.0
recent,Publication Year,0.0036130916717482375,2016.6666666666667,0.6202694217706543,-0.31
recent,Publication Year,-0.0017401099359393665,2020.5,0.8280295678977116,0.31
recent,Publication Year,0.008153091564186771,2016.7021276595744,0.6221913472667363,0.062
recent,Publication Year,-0.028154821799546134,2008.078947368421,0.15482964360498996,-0.31
recent,Publication Year,0.009477969863357822,2015.0263157894738,0.5313651944805842,0.0
recent,Publication Year,0.0045877752952876456,2019.5206611570247,0.7749510684739424,0.0
recent,Publication Year,-0.02022562139071693,2023.3,0.9797848050687802,-0.31
recent,Publication Year,0.019141199496250205,2015.8807947019868,0.5776764980613336,0.0
recent,Publication Year,0.016070387001978888,2016.4444444444443,0.6082253553284962,-0.31
recent,Publication Year,0.014713966692353626,2015.6712328767123,0.5663186035982868,0.0
recent,Publication Year,-0.008378674687160572,2008.6666666666667,0.18668302985330848,-0.31
recent,Publication Year,-0.008253189768317595,2021.375,0.8754530795136714,-0.13285714285714287
recent,Publication Year,0.015462697954945986,2015.7575757575758,0.5709982408709514,0.31
recent,Publication Year,-0.03777158163249178,2007.0243902439024,0.0976744412686448,0.0
recent,Publication Year,0.022787895134757624,2015.1315789473683,0.5370702785847508,-0.31
recent,Publication Year,0.0016610439869544334,2019.578947368421,0.7781100819861745,0.0
recent,Publication Year,-0.02516002505516415,2023.264705882353,0.9778719239279701,0.0
recent,Publication Year,0.003972011114530172,2017.75,0.678984245676124,-0.23249999999999998
recent,Publication Year,0.005332426447518412,2017.638888888889,0.6729622124550512,-0.31
recent,Publication Year,0.003476827989810921,2018.0740740740741,0.6965485092375938,0.31
recent,Publication Year,0.0023843135961704497,2018.5,0.7196329699183752,-0.062
recent,Publication Year,-0.007956147833752748,2007.0,0.09635253153719069,0.13285714285714284
recent,Publication Year,0.0005573157221415859,2015.3846153846155,0.550784423065952,-0.31
recent,Publication Year,0.0016734530565596915,2020.0,0.8009304184028775,0.31
recent,Publication Year,-0.00341083136765823,2023.2941176470588,0.9794659915453118,0.31
recent,Publication Year,-0.009470230076692307,2007.8323353293413,0.14146369057649316,-0.155
recent,Publication Year,-0.020119856184415672,2008.5428571428572,0.17997276426411052,0.0
recent,Publication Year,-0.004555861002599117,2008.4609929078015,0.17553586197600024,-0.186
recent,Publication Year,-0.008351233281394059,2005.2222222222222,0.0,-0.22142857142857142
recent,Publication Year,-0.011528812464620165,2008.625,0.18442476739540153,-0.062
recent,Publication Year,-0.008026322878909208,2008.75,0.19119955476911007,0.04428571428571426
recent,Publication Year,-0.010370536696259168,2006.5,0.06925338204235658,0.31
recent,Publication Year,0.010899278283626862,2015.0699481865286,0.5337299961817966,-0.124
recent,Publication Year,0.016436683361454606,2014.5,0.5028397739597024,0.31
recent,Publication Year,0.004818344153652178,2015.0392156862745,0.5320643469443254,0.07750000000000001
recent,Publication Year,-0.00035100884622990655,2014.9166666666667,0.5254223985387348,0.2066666666666666
recent,Publication Year,0.012957689901180793,2015.1573033707866,0.5384644985765124,-0.155
recent,Publication Year,0.009337975814765597,2015.0,0.5299389234545364,-0.13285714285714287
recent,Publication Year,0.012099041118694299,2015.2285714285715,0.5423271060807509,0.31
recent,Publication Year,0.007444289719915203,2019.5648148148148,0.7773441216203348,-0.31
recent,Publication Year,-0.0014899060859385244,2019.5416666666667,0.7760895313659504,-0.31
recent,Publication Year,0.005054057072716745,2019.4827586206898,0.772896815477193,0.23249999999999998
recent,Publication Year,0.003031284641072963,2019.7272727272727,0.7861490641329691,0.062
recent,Publication Year,-0.0032032284193654276,2019.6949152542372,0.78439534413484,-0.2411111111111111
recent,Publication Year,-0.0031651217111664793,2019.8,0.7900907586049414,-0.17222222222222222
recent,Publication Year,0.004127082877165418,2019.4732142857142,0.7723795287565309,-0.155
recent,Publication Year,-0.021886007168239276,2023.3783783783783,0.9840327798544567,0.0
recent,Publication Year,-0.009323066978374291,2023.04,0.9656932473314669,0.0
recent,Publication Year,-0.01785269761857685,2023.3577235772357,0.9829133247665549,0.31
recent,Publication Year,-0.004983606359275454,2023.4615384615386,0.9885399149055809,-0.31
recent,Publication Year,-0.010547991513948474,2023.4901960784314,0.990093108994269,0.186
recent,Publication Year,-0.011945371450326038,2023.0,0.9635253153718821,-0.31
recent,Publication Year,-0.018678925764263204,2023.4198473282443,0.9862803263980779,-0.31
mathphysics_share,Math/Physics Journals,0.004208114723555314,0.04911032028469751,0.04911032028469751,-0.31
mathphysics_share,Math/Physics Journals,0.003789795150362277,0.08620689655172414,0.08620689655172414,0.2146153846153846
mathphysics_share,Math/Physics Journals,0.003290199250003905,0.0,0.0,-0.02384615384615385
mathphysics_share,Math/Physics Journals,0.003748520273070655,0.09248554913294797,0.09248554913294797,0.16692307692307695
mathphysics_share,Math/Physics Journals,-0.019831388061374126,1.0,1.0,0.0
mathphysics_share,Math/Physics Journals,0.0024696520111468882,0.02040816326530612,0.02040816326530612,0.16411764705882353
mathphysics_share,Math/Physics Journals,-0.0005131972528059451,0.0,0.0,-0.062
mathphysics_share,Math/Physics Journals,0.0005572859293496673,0.14788732394366197,0.14788732394366197,-0.20666666666666667
mathphysics_share,Math/Physics Journals,0.004502154244609628,0.05343511450381679,0.05343511450381679,-0.06888888888888889
mathphysics_share,Math/Physics Journals,0.002977789646602825,0.044444444444444446,0.044444444444444446,-0.2623076923076923
mathphysics_share,Math/Physics Journals,0.005169637832085598,0.021739130434782608,0.021739130434782608,0.10333333333333333
mathphysics_share,Math/Physics Journals,-0.017494265237044986,0.6153846153846154,0.6153846153846154,0.31
mathphysics_share,Math/Physics Journals,0.00449812189878727,0.0,0.0,-0.10333333333333333
mathphysics_share,Math/Physics Journals,0.009503128998804285,0.09090909090909091,0.09090909090909091,0.186
mathphysics_share,Math/Physics Journals,0.005752486171651344,0.09090909090909091,0.09090909090909091,-0.13285714285714287
mathphysics_share,Math/Physics Journals,0.002189092855091171,0.09004739336492891,0.09004739336492891,-0.12764705882352942
mathphysics_share,Math/Physics Journals,0.009435035110671492,0.066006600660066,0.066006600660066,0.062
mathphysics_share,Math/Physics Journals,0.006001224805005012,0.02702702702702703,0.02702702702702703,0.04428571428571426
mathphysics_share,Math/Physics Journals,0.005830354575397374,0.04861111111111111,0.04861111111111111,0.0
mathphysics_share,Math/Physics Journals,-0.02319118252964747,1.0,1.0,0.0
mathphysics_share,Math/Physics Journals,0.001550249095734988,0.0,0.0,-0.31
mathphysics_share,Math/Physics Journals,3.366951150528836e-05,0.0,0.0,0.31
mathphysics_share,Math/Physics Journals,0.011851582843290628,0.09174311926605505,0.09174311926605505,0.0
mathphysics_share,Math/Physics Journals,0.005347372151156905,0.05309734513274336,0.05309734513274336,0.2411111111111111
mathphysics_share,Math/Physics Journals,0.005369325410858569,0.04878048780487805,0.04878048780487805,0.2755555555555556
mathphysics_share,Math/Physics Journals,0.010642975977567679,0.0,0.0,0.31
mathphysics_share,Math/Physics Journals,-0.022817893100320476,0.6153846153846154,0.6153846153846154,0.31
mathphysics_share,Math/Physics Journals,0.003305404472199888,0.08823529411764706,0.08823529411764706,0.02384615384615385
mathphysics_share,Math/Physics Journals,0.0031118152647194733,0.022222222222222223,0.022222222222222223,-0.16692307692307692
mathphysics_share,Math/Physics Journals,0.011965679629084666,0.08108108108108109,0.08108108108108109,0.15499999999999997
mathphysics_share,Math/Physics Journals,0.004791915379090414,0.08823529411764706,0.08823529411764706,0.0
mathphysics_share,Math/Physics Journals,0.0031643655910305424,0.03870967741935484,0.03870967741935484,-0.11923076923076922
mathphysics_share,Math/Physics Journals,0.0007457802359784313,0.03125,0.03125,-0.10333333333333333
mathphysics_share,Math/Physics Journals,0.002139433635778918,0.03333333333333333,0.03333333333333333,-0.20058823529411765
mathphysics_share,Math/Physics Journals,-0.03533799608821655,1.0,1.0,0.31
mathphysics_share,Math/Physics Journals,0.005429736383971803,0.0,0.0,0.31
mathphysics_share,Math/Physics Journals,0.0005898849023612582,0.0,0.0,-0.155
mathphysics_share,Math/Physics Journals,0.00526551959202106,0.05511811023622047,0.05511811023622047,0.17222222222222222
mathphysics_share,Math/Physics Journals,-0.0007429193044219129,0.04371584699453552,0.04371584699453552,-0.186
mathphysics_share,Math/Physics Journals,0.0031683703140516282,0.0,0.0,-0.07153846153846152
mathphysics_share,Math/Physics Journals,0.0047439682925679546,0.04,0.04,-0.034444444444444444
mathphysics_share,Math/Physics Journals,-0.02360982707350345,0.5,0.5,-0.31
mathphysics_share,Math/Physics Journals,0.0020157776583132943,0.041666666666666664,0.041666666666666664,-0.2735294117647059
mathphysics_share,Math/Physics Journals,0.0065052423580335165,0.031446540880503145,0.031446540880503145,0.2657142857142856
mathphysics_share,Math/Physics Journals,0.0027839053066157373,0.04597701149425287,0.04597701149425287,0.31
mathphysics_share,Math/Physics Journals,0.003982950782185582,0.0625,0.0625,0.31
mathphysics_share,Math/Physics Journals,0.0022170795244420122,0.018469656992084433,0.018469656992084433,-0.0911764705882353
mathphysics_share,Math/Physics Journals,0.004222870901864649,0.023255813953488372,0.023255813953488372,-0.27555555555555555
mathphysics_share,Math/Physics Journals,0.0013304319697019474,0.016,0.016,0.31
mathphysics_share,Math/Physics Journals,-0.017127096989594703,1.0,1.0,-0.31
mathphysics_share,Math/Physics Journals,0.0010502228161196575,0.0,0.0,0.25833333333333336
mathphysics_share,Math/Physics Journals,0.005279955991945752,0.047244094488188976,0.047244094488188976,0.2066666666666666
mathphysics_share,Math/Physics Journals,0.005081357395169866,0.02197802197802198,0.02197802197802198,0.034444444444444444
mathphysics_share,Math/Physics Journals,0.0022201622341421327,0.0,0.0,-0.054705882352941215
mathphysics_share,Math/Physics Journals,0.004449132150474453,0.03125,0.03125,-0.17222222222222222
mathphysics_share,Math/Physics Journals,0.0027961538721876697,0.0,0.0,-0.31
mathphysics_share,Math/Physics Journals,0.0025940561497377573,0.01694915254237288,0.01694915254237288,0.2370588235294117
mathphysics_share,Math/Physics Journals,0.008033089830166477,0.02608695652173913,0.02608695652173913,0.31
mathphysics_share,Math/Physics Journals,0.002388094211909269,0.0,0.0,0.05470588235294116
mathphysics_share,Math/Physics Journals,0.0084827832180765,0.022727272727272728,0.022727272727272728,-0.31
mathphysics_share,Math/Physics Journals,0.007183526662724471,0.051601423487544484,0.051601423487544484,-0.31
mathphysics_share,Math/Physics Journals,-0.030074586047049073,1.0,1.0,0.0
mathphysics_share,Math/Physics Journals,0.0061161705111729145,0.0038022813688212928,0.0038022813688212928,0.08857142857142852
mathphysics_share,Math/Physics Journals,0.00044992054646322995,0.0,0.0,-0.2583333333333333
mathphysics_share,Math/Physics Journals,0.010883081014782945,0.08712871287128712,0.08712871287128712,-0.31
mathphysics_share,Math/Physics Journals,-0.0010982841017360934,0.03857142857142857,0.03857142857142857,-0.31
mathphysics_share,Math/Physics Journals,0.005795966293609431,0.0,0.0,-0.04428571428571432
mathphysics_share,Math/Physics Journals,0.005224247139689205,0.0196078431372549,0.0196078431372549,0.13777777777777778
mathphysics_share,Math/Physics Journals,-0.013014410449025375,1.0,1.0,0.0
mathphysics_share,Math/Physics Journals,0.0057066370610404146,0.0,0.0,-0.22142857142857142
mathphysics_share,Math/Physics Journals,0.001048364467913639,0.0,0.0,0.2066666666666666
mathphysics_share,Math/Physics Journals,0.0057486799757365155,0.05138339920948617,0.05138339920948617,-0.17714285714285716
mathphysics_share,Math/Physics Journals,0.0042527312042677885,0.02,0.02,-0.2411111111111111
mathphysics_share,Math/Physics Journals,0.007625416624098742,0.023923444976076555,0.023923444976076555,0.15499999999999997
mathphysics_share,Math/Physics Journals,0.0008325759381571977,0.05405405405405406,0.05405405405405406,-0.051666666666666694
mathphysics_share,Math/Physics Journals,0.0055933752880683515,0.06993006993006994,0.06993006993006994,-0.26571428571428574
mathphysics_share,Math/Physics Journals,0.005125333931441877,0.029197080291970802,0.029197080291970802,0.06888888888888889
mathphysics_share,Math/Physics Journals,0.0022435828986568105,0.038461538461538464,0.038461538461538464,-0.018235294117647072
mathphysics_share,Math/Physics Journals,-0.00027412797134481506,0.0,0.0,0.062
mathphysics_share,Math/Physics Journals,-0.010223218609734451,1.0,1.0,0.0
mathphysics_share,Math/Physics Journals,-0.008584890630369702,0.3333333333333333,0.3333333333333333,0.0
mathphysics_share,Math/Physics Journals,-0.0016933990577434623,0.0,0.0,0.15499999999999997
mathphysics_share,Math/Physics Journals,0.0038442315044834763,0.028368794326241134,0.028368794326241134,0.2623076923076923
mathphysics_share,Math/Physics Journals,0.0003303914204831544,0.0,0.0,-0.31
mathphysics_share,Math/Physics Journals,0.0030907827103416824,0.0,0.0,-0.2146153846153846
mathphysics_share,Math/Physics Journals,0.0043854170486314435,0.049586776859504134,0.049586776859504134,-0.20666666666666667
mathphysics_share,Math/Physics Journals,0.0024080793599102015,0.06,0.06,0.09117647058823525
mathphysics_share,Math/Physics Journals,0.009513114136585428,0.019867549668874173,0.019867549668874173,0.31
mathphysics_share,Math/Physics Journals,0.01042732619451598,0.1111111111111111,0.1111111111111111,0.0
mathphysics_share,Math/Physics Journals,0.0063433275302748685,0.0,0.0,0.22142857142857136
mathphysics_share,Math/Physics Journals,-0.0042853490461466255,1.0,1.0,-0.31
mathphysics_share,Math/Physics Journals,-0.0024259587062880304,0.0,0.0,-0.31
mathphysics_share,Math/Physics Journals,0.0073679080225357565,0.0,0.0,-0.155
mathphysics_share,Math/Physics Journals,0.0021375745424183725,0.04878048780487805,0.04878048780487805,-0.23705882352941177
mathphysics_share,Math/Physics Journals,0.012214064569586298,0.0,0.0,0.31
mathphysics_share,Math/Physics Journals,0.00447875247592696,0.0,0.0,-0.13777777777777778
mathphysics_share,Math/Physics Journals,0.0009213101411056728,0.029411764705882353,0.029411764705882353,0.0
mathphysics_share,Math/Physics Journals,-0.03627835305376286,0.5625,0.5625,-0.31
mathphysics_share,Math/Physics Journals,-0.028253237768709496,0.7222222222222222,0.7222222222222222,0.0
mathphysics_share,Math/Physics Journals,-0.03131730119162521,1.0,1.0,0.0
mathphysics_share,Math/Physics Journals,-0.0357686315617079,0.675,0.675,0.0
mathphysics_share,Math/Physics Journals,-0.00700147963697767,0.375,0.375,0.0
mathphysics_share,Math/Physics Journals,-0.03491298196106097,0.5384615384615384,0.5384615384615384,-0.31
mathphysics_share,Math/Physics Journals,-0.016134034753979645,0.8,0.8,0.31
mathphysics_share,Math/Physics Journals,-0.014351953707653266,0.5294117647058824,0.5294117647058824,0.0
mathphysics_share,Math/Physics Journals,0.007605552141098185,0.02694610778443114,0.02694610778443114,0.0
mathphysics_share,Math/Physics Journals,0.002446956122261793,0.05714285714285714,0.05714285714285714,0.1276470588235294
mathphysics_share,Math/Physics Journals,0.006119204707562891,0.03546099290780142,0.03546099290780142,0.13285714285714284
mathphysics_share,Math/Physics Journals,-0.02129671432137011,1.0,1.0,0.0
mathphysics_share,Math/Physics Journals,0.0009626835840808344,0.0,0.0,0.10333333333333333
mathphysics_share,Math/Physics Journals,-0.0018064914269878868,0.0,0.0,0.0
mathphysics_share,Math/Physics Journals,0.006737469463121782,0.05737704918032787,0.05737704918032787,0.31
mathphysics_share,Math/Physics Journals,0.005764449183500914,0.031088082901554404,0.031088082901554404,-0.08857142857142858
mathphysics_share,Math/Physics Journals,0.009564581424861655,0.0,0.0,-0.31
mathphysics_share,Math/Physics Journals,0.0025508638704770806,0.0457516339869281,0.0457516339869281,0.20058823529411757
mathphysics_share,Math/Physics Journals,-0.03363312321798732,1.0,1.0,0.31
mathphysics_share,Math/Physics Journals,0.005496493833120983,0.0,0.0,-0.31
mathphysics_share,Math/Physics Journals,0.0009497930775109117,0.0,0.0,0.051666666666666694
mathphysics_share,Math/Physics Journals,0.011417404103157025,0.08571428571428572,0.08571428571428572,-0.155
mathphysics_share,Math/Physics Journals,0.009431668589816346,0.06790123456790123,0.06790123456790123,-0.062
mathphysics_share,Math/Physics Journals,-9.579848985903678e-05,0.041666666666666664,0.041666666666666664,0.186
mathphysics_share,Math/Physics Journals,0.006240709843692638,0.05517241379310345,0.05517241379310345,0.1771428571428571
mathphysics_share,Math/Physics Journals,-0.018515055544650317,1.0,1.0,-0.31
mathphysics_share,Math/Physics Journals,0.0009703525858611574,0.01694915254237288,0.01694915254237288,0.15499999999999997
mathphysics_share,Math/Physics Journals,-0.0012812974510307,0.0,0.0,0.31
mathphysics_share,Math/Physics Journals,0.009373282250404822,0.10714285714285714,0.10714285714285714,-0.186
mathphysics_share,Math/Physics Journals,0.002301527270837753,0.08783783783783784,0.08783783783783784,0.018235294117647072
mathphysics_share,Math/Physics Journals,0.002711143237554041,0.0,0.0,0.27352941176470585
mathphysics_share,Math/Physics Journals,0.0034973757353508363,0.07317073170731707,0.07317073170731707,0.07153846153846155
mathphysics_share,Math/Physics Journals,-0.004092164218353499,1.0,1.0,0.31
mathphysics_share,Math/Physics Journals,0.002172265862228626,0.0,0.0,-0.16411764705882353
mathphysics_share,Math/Physics Journals,-0.0019707314055754837,0.0,0.0,-0.155
mathphysics_share,Math/Physics Journals,0.0035970273802779723,0.09923664122137404,0.09923664122137404,0.11923076923076925
biology_share,Biology Journals,0.003522629535133983,0.09395017793594305,0.09395017793594305,-0.2623076923076923
biology_share,Biology Journals,4.454338048642134e-06,0.05747126436781609,0.05747126436781609,0.04428571428571426
biology_share,Biology Journals,0.011686986059446541,1.0,1.0,0.0
biology_share,Biology Journals,-0.004144148780572802,0.023121387283236993,0.023121387283236993,0.22142857142857136
biology_share,Biology Journals,-0.009878127106085672,0.0,0.0,0.31
biology_share,Biology Journals,0.000685615395708223,0.061224489795918366,0.061224489795918366,0.13285714285714284
biology_share,Biology Journals,-0.0163370797761383,0.0,0.0,0.062
biology_share,Biology Journals,-0.00010202496226103775,0.06338028169014084,0.06338028169014084,-0.22142857142857142
biology_share,Biology Journals,0.003179003104086411,0.07633587786259542,0.07633587786259542,0.10333333333333333
biology_share,Biology Journals,-0.0038340534777289554,0.037037037037037035,0.037037037037037035,0.31
biology_share,Biology Journals,0.0043199839578452115,0.10869565217391304,0.10869565217391304,0.07153846153846155
biology_share,Biology Journals,-0.00995091124368432,0.0,0.0,0.15499999999999997
biology_share,Biology Journals,0.0017335415145048657,0.0625,0.0625,-0.062
biology_share,Biology Journals,0.005875629616430334,0.09090909090909091,0.09090909090909091,0.31
biology_share,Biology Journals,0.0034850010163262578,0.0707070707070707,0.0707070707070707,-0.31
biology_share,Biology Journals,-0.002079928481718588,0.04739336492890995,0.04739336492890995,0.15499999999999997
biology_share,Biology Journals,0.0055064301515923425,0.12211221122112212,0.12211221122112212,-0.20666666666666667
biology_share,Biology Journals,0.02179662587835697,1.0,1.0,0.0
biology_share,Biology Journals,-0.00555861575544278,0.020833333333333332,0.020833333333333332,-0.062
biology_share,Biology Journals,-0.0013427859104467917,0.05,0.05,0.31
biology_share,Biology Journals,-0.014336890280503512,0.0,0.0,-0.31
biology_share,Biology Journals,-0.01768145217166196,0.0,0.0,0.0
biology_share,Biology Journals,0.007540413610187076,0.14678899082568808,0.14678899082568808,0.31
biology_share,Biology Journals,0.006805001383179557,0.1504424778761062,0.1504424778761062,0.10333333333333333
biology_share,Biology Journals,0.0042296039429122745,0.10569105691056911,0.10569105691056911,-0.02384615384615385
biology_share,Biology Journals,0.012072925696311859,0.14583333333333334,0.14583333333333334,-0.31
biology_share,Biology Journals,-0.012636901794177233,0.0,0.0,0.0
biology_share,Biology Journals,-0.0037315007785447074,0.058823529411764705,0.058823529411764705,-0.31
biology_share,Biology Journals,0.0029976378365239096,0.16666666666666666,0.16666666666666666,-0.10333333333333333
biology_share,Biology Journals,0.005588583925378967,0.07207207207207207,0.07207207207207207,0.0
biology_share,Biology Journals,0.003067638804809944,0.17647058823529413,0.17647058823529413,0.0
biology_share,Biology Journals,0.004085866498603214,0.1032258064516129,0.1032258064516129,-0.07153846153846152
biology_share,Biology Journals,0.00961309585144988,1.0,1.0,-0.31
biology_share,Biology Journals,-0.009968025862837916,0.016666666666666666,0.016666666666666666,0.0
biology_share,Biology Journals,-0.0001120882028826401,0.08333333333333333,0.08333333333333333,-0.31
biology_share,Biology Journals,0.0020361126573978272,0.07692307692307693,0.07692307692307693,0.24800000000000005
biology_share,Biology Journals,-0.017243167944302314,0.0,0.0,0.15499999999999997
biology_share,Biology Journals,0.0013084740575597094,0.07874015748031496,0.07874015748031496,-0.248
biology_share,Biology Journals,0.003340278792361868,0.14754098360655737,0.14754098360655737,0.2066666666666666
biology_share,Biology Journals,-0.011177098307454152,0.010869565217391304,0.010869565217391304,0.31
biology_share,Biology Journals,0.007534130323974044,0.12,0.12,0.0
biology_share,Biology Journals,-0.015013107064150549,0.0,0.0,0.31
biology_share,Biology Journals,0.002462775776819228,0.14583333333333334,0.14583333333333334,-0.2583333333333333
biology_share,Biology Journals,0.005618693808069195,0.0880503144654088,0.0880503144654088,0.2066666666666666
biology_share,Biology Journals,0.003103877879116404,0.09195402298850575,0.09195402298850575,0.051666666666666694
biology_share,Biology Journals,0.00705489624733335,0.1875,0.1875,0.31
biology_share,Biology Journals,0.0013227526901208246,0.11345646437994723,0.11345646437994723,-0.124
biology_share,Biology Journals,0.01327814210075028,1.0,1.0,-0.31
biology_share,Biology Journals,-0.004770964543505111,0.016,0.016,-0.13285714285714287
biology_share,Biology Journals,0.005551986012778876,0.14285714285714285,0.14285714285714285,-0.10333333333333333
biology_share,Biology Journals,-0.0051134049557837674,0.01904761904761905,0.01904761904761905,0.31
biology_share,Biology Journals,0.0018543625892423984,0.08661417322834646,0.08661417322834646,0.124
biology_share,Biology Journals,0.002500016791303214,0.11721611721611722,0.11721611721611722,-0.20666666666666667
biology_share,Biology Journals,0.0023295180553500037,0.11475409836065574,0.11475409836065574,-0.31
biology_share,Biology Journals,0.0036210571603992703,0.09375,0.09375,-0.16692307692307692
biology_share,Biology Journals,-0.019418589716812602,0.0,0.0,0.0
biology_share,Biology Journals,0.002217130334542461,0.1059322033898305,0.1059322033898305,0.31
biology_share,Biology Journals,0.006110694150913377,0.14782608695652175,0.14782608695652175,-0.10333333333333333
biology_share,Biology Journals,-0.003236116183474912,0.037037037037037035,0.037037037037037035,0.31
biology_share,Biology Journals,0.017674048008906856,1.0,1.0,0.0
biology_share,Biology Journals,-0.005803562298622921,0.019572953736654804,0.019572953736654804,-0.186
biology_share,Biology Journals,-0.004941682674204986,0.043478260869565216,0.043478260869565216,-0.31
biology_share,Biology Journals,-7.322374471921568e-05,0.03802281368821293,0.03802281368821293,-0.04428571428571432
biology_share,Biology Journals,-0.013867472406041968,0.0,0.0,-0.062
biology_share,Biology Journals,0.004421007610649586,0.09108910891089109,0.09108910891089109,0.16692307692307695
biology_share,Biology Journals,0.0008265582956304648,0.12285714285714286,0.12285714285714286,0.22142857142857136
biology_share,Biology Journals,0.013062274002803518,1.0,1.0,0.31
biology_share,Biology Journals,0.0017658678337068908,0.0718954248366013,0.0718954248366013,0.0
biology_share,Biology Journals,-0.006469002300950773,0.0,0.0,0.0
biology_share,Biology Journals,-8.099319025734017e-05,0.0398406374501992,0.0398406374501992,-0.13285714285714287
biology_share,Biology Journals,-0.017810390159859954,0.0,0.0,-0.155
biology_share,Biology Journals,0.004419522439448899,0.09090909090909091,0.09090909090909091,0.11923076923076925
biology_share,Biology Journals,0.00344100459480713,0.125,0.125,0.25833333333333336
biology_share,Biology Journals,0.004531519207354292,0.13875598086124402,0.13875598086124402,0.2146153846153846
biology_share,Biology Journals,0.0009144289698982631,0.08783783783783784,0.08783783783783784,0.31
biology_share,Biology Journals,0.004596345209421055,0.13286713286713286,0.13286713286713286,0.31
biology_share,Biology Journals,0.0012878584881937654,0.06326034063260341,0.06326034063260341,-0.31
biology_share,Biology Journals,0.019002847466713692,1.0,1.0,0.0
biology_share,Biology Journals,-0.014024101626159705,0.0,0.0,-0.186
biology_share,Biology Journals,0.003544990293443042,0.08333333333333333,0.08333333333333333,-0.2146153846153846
biology_share,Biology Journals,-0.01594429767264269,0.0,0.0,0.31
biology_share,Biology Journals,-0.016493627392142503,0.0,0.0,-0.062
biology_share,Biology Journals,-0.004494572835251945,0.05673758865248227,0.05673758865248227,0.04428571428571426
biology_share,Biology Journals,-0.001032274322452708,0.07894736842105263,0.07894736842105263,0.0
biology_share,Biology Journals,0.003945035321651862,0.11403508771929824,0.11403508771929824,-0.11923076923076922
biology_share,Biology Journals,-0.004937639315975789,0.04132231404958678,0.04132231404958678,-0.22142857142857142
biology_share,Biology Journals,-0.005375047810727173,0.02,0.02,0.186
biology_share,Biology Journals,0.010057658126688967,0.11920529801324503,0.11920529801324503,0.31
biology_share,Biology Journals,0.02396554028073842,1.0,1.0,0.31
biology_share,Biology Journals,-0.013650077478029507,0.0,0.0,0.062
biology_share,Biology Journals,0.00988424134856965,0.6666666666666666,0.6666666666666666,0.0
biology_share,Biology Journals,-0.017845852039008125,0.0,0.0,-0.31
biology_share,Biology Journals,0.007242707215859853,0.19696969696969696,0.19696969696969696,-0.31
biology_share,Biology Journals,-0.002328926989618161,0.07317073170731707,0.07317073170731707,-0.155
biology_share,Biology Journals,0.012521913768978644,0.13157894736842105,0.13157894736842105,-0.10333333333333333
biology_share,Biology Journals,0.005604884327175649,0.15789473684210525,0.15789473684210525,0.10333333333333333
biology_share,Biology Journals,0.0019562931982158,0.11764705882352941,0.11764705882352941,0.186
biology_share,Biology Journals,-0.01346714454493358,0.0,0.0,0.31
biology_share,Biology Journals,-0.011389295071160205,0.0,0.0,0.10333333333333333
biology_share,Biology Journals,-0.011756318106503648,0.0,0.0,-0.10333333333333333
biology_share,Biology Journals,-0.013634544576451869,0.0,0.0,0.186
biology_share,Biology Journals,-0.009983375419516724,0.0,0.0,-0.155
biology_share,Biology Journals,-0.016948299305219443,0.0,0.0,-0.31
biology_share,Biology Journals,-0.011970951596237699,0.0,0.0,-0.31
biology_share,Biology Journals,-0.010391681577362612,0.0,0.0,-0.31
biology_share,Biology Journals,0.0034577455361704847,0.10479041916167664,0.10479041916167664,0.31
biology_share,Biology Journals,0.013595491398586746,1.0,1.0,0.31
biology_share,Biology Journals,-0.0023702214486831068,0.014184397163120567,0.014184397163120567,-0.31
biology_share,Biology Journals,0.004804162427308462,0.2222222222222222,0.2222222222222222,-0.31
biology_share,Biology Journals,-0.004715217234654288,0.015625,0.015625,-0.04428571428571432
biology_share,Biology Journals,-0.015423806417031661,0.0,0.0,-0.31
biology_share,Biology Journals,0.0032126977616296136,0.09016393442622951,0.09016393442622951,0.15499999999999997
biology_share,Biology Journals,0.0042814126173757365,0.12435233160621761,0.12435233160621761,0.02384615384615385
biology_share,Biology Journals,0.023152263603183055,1.0,1.0,-0.31
biology_share,Biology Journals,-0.008228782972367869,0.0196078431372549,0.0196078431372549,0.0
biology_share,Biology Journals,-0.015147386767780038,0.0,0.0,0.0
biology_share,Biology Journals,-0.0036932552833051874,0.02247191011235955,0.02247191011235955,-0.10333333333333333
biology_share,Biology Journals,-0.017097824516145898,0.0,0.0,0.31
biology_share,Biology Journals,0.0059196683741423355,0.10714285714285714,0.10714285714285714,-0.31
biology_share,Biology Journals,0.004536735377342067,0.07407407407407407,0.07407407407407407,0.2623076923076923
biology_share,Biology Journals,0.01255359718611279,1.0,1.0,0.10333333333333333
biology_share,Biology Journals,-0.005396920652797552,0.013793103448275862,0.013793103448275862,0.062
biology_share,Biology Journals,-0.002080947904100399,0.045454545454545456,0.045454545454545456,0.0
biology_share,Biology Journals,-0.0041907261873647995,0.03389830508474576,0.03389830508474576,0.13285714285714284
biology_share,Biology Journals,-0.016794906149712036,0.0,0.0,-0.186
biology_share,Biology Journals,0.001821337048943361,0.07142857142857142,0.07142857142857142,0.062
biology_share,Biology Journals,0.0013098076423405192,0.08445945945945946,0.08445945945945946,-0.186
biology_share,Biology Journals,0.009485455746090431,1.0,1.0,0.0
biology_share,Biology Journals,-0.003257623935805415,0.032520325203252036,0.032520325203252036,0.10333333333333333
biology_share,Biology Journals,-0.006036178917866276,0.0,0.0,-0.31
biology_share,Biology Journals,0.0026512414389436986,0.09803921568627451,0.09803921568627451,-0.155
biology_share,Biology Journals,-0.016025375526544147,0.0,0.0,0.186
biology_share,Biology Journals,0.0030332138600500805,0.0916030534351145,0.0916030534351145,-0.051666666666666694
citation,Citation,0.0022936989898755663,2.8359218370204635,0.5135757894564871,-0.10333333333333333
citation,Citation,-0.012827609049473655,0.8336416428526657,0.07607320754806328,-0.31
citation,Citation,-0.0028122430411908024,0.8129797606616009,0.07155854130304473,0.31
citation,Citation,-0.009671613807032506,0.8299201775540286,0.0752600592777169,0.31
citation,Citation,-0.003383975098423087,0.6980575480118746,0.04644778762364702,-0.31
citation,Citation,-0.0031382076866037405,0.8157940893026131,0.07217347823862852,0.04428571428571426
citation,Citation,-0.005462089427230154,0.9428088870386039,0.09992648808806584,-0.31
citation,Citation,-0.010220004784719265,0.7464304259279425,0.057017366768596166,-0.31
citation,Citation,-0.003160302525051547,0.8243076868373496,0.07403371783627608,-0.04428571428571432
citation,Citation,-0.008441602951041247,0.8914392718777424,0.08870211533045588,0.0
citation,Citation,-0.009317913817502698,0.8027159475598964,0.06931587579334188,0.0
citation,Citation,-0.0015839480546906949,0.5901270954368409,0.022864748743442864,0.31
citation,Citation,-0.001979681867632904,1.2680875783947843,0.17100059036537985,-0.31
citation,Citation,-0.0053516735905860926,1.1446478869434737,0.14402874902307783,-0.10333333333333333
citation,Citation,-0.011471155689971894,1.0900986712581335,0.13210962662805512,-0.31
citation,Citation,-0.014507714387513857,0.6479425046971539,0.035497541545946774,0.31
citation,Citation,0.008424600728883198,2.2136439963408763,0.3776067264079101,0.0
citation,Citation,0.006147775839638851,2.2723514958843185,0.39043444287958945,-0.155
citation,Citation,0.0069888534392488245,2.2044830722225703,0.37560504454235494,0.0
citation,Citation,0.00431465733358597,2.2431740096852324,0.38405909861814197,0.0
citation,Citation,0.002325155885119328,2.2309450662362886,0.38138704784896943,0.034444444444444444
citation,Citation,0.001849951659919536,2.142721722488241,0.36211005515494366,0.186
citation,Citation,0.006661964388284503,2.207427637207473,0.37624843840263705,0.31
citation,Citation,0.00660865478471276,2.2333662579537137,0.3819160835107885,0.15499999999999997
citation,Citation,0.0069325083317193364,2.1941809275587536,0.3733540035028728,-0.31
citation,Citation,0.008016794174199529,2.218842200265019,0.3787425452831721,0.31
citation,Citation,0.002806997480802262,2.2690220212776553,0.38970694542890466,-0.31
citation,Citation,-0.0016173133919666462,2.299297325389066,0.3963221652944291,0.15499999999999997
citation,Citation,0.0024434728159614034,2.288803017976027,0.39402913627585384,0.10333333333333333
citation,Citation,0.009492175901030424,2.195040495601447,0.3735418209917037,0.31
citation,Citation,0.0017418916742226764,2.101709635271386,0.353148824804121,0.062
citation,Citation,0.0021604790552854007,3.238285534874308,0.6014931334875719,-0.2411111111111111
citation,Citation,-0.0002266462099517344,3.2996463801667613,0.6149006117824314,0.2066666666666666
citation,Citation,-0.00027208578124430594,3.1908230140938816,0.5911224693588438,0.10333333333333333
citation,Citation,-0.004744262551382874,3.1095556599931222,0.5733653755477423,-0.10333333333333333
citation,Citation,0.0015086012337959325,3.3083088510588863,0.6167933805328043,-0.31
citation,Citation,0.002311428914918305,3.194408089498242,0.5919058161403347,-0.034444444444444444
citation,Citation,0.0018833474579762078,3.2416494267778266,0.602228151192555,0.31
citation,Citation,-0.0023440550067031244,3.2725088254266934,0.6089709969862388,0.04428571428571426
citation,Citation,0.0008757586836510581,3.1711896746092667,0.5868325419345886,-0.31
citation,Citation,0.0011341221437193103,3.280235940097526,0.6106593883657463,0.31
citation,Citation,-0.002389129013600452,3.204816324991505,0.594180038257038,-0.04428571428571432
citation,Citation,-0.004930384572100134,3.4171305890594232,0.6405711672190402,0.31
citation,Citation,0.0037027427407713533,3.2582948359779142,0.6058652093441428,0.04428571428571426
citation,Citation,0.0004905639604882034,3.1258673464386506,0.5769295145508578,0.10333333333333333
citation,Citation,-0.001227318522982598,3.1141818422207552,0.5743762064368774,-0.20666666666666667
citation,Citation,-0.005530654818567051,4.8428108791355475,0.9520854146760488,0.31
citation,Citation,-0.0026029458436252744,4.754702089572643,0.9328334523208909,-0.22142857142857142
citation,Citation,-0.004797129851349141,4.806242323962745,0.9440951057515722,-0.20666666666666667
citation,Citation,-0.0021567060542928254,4.948185731633929,0.975110049375301,0.22142857142857136
citation,Citation,-0.006925816643879225,5.000101550766748,0.9864537688900111,0.0
citation,Citation,-0.0028575347024547277,4.762320069025914,0.9344979974177456,0.22142857142857136
citation,Citation,-0.003970856291436902,4.919003644091411,0.9687336997102954,-0.31
citation,Citation,0.0005723821901238974,4.643321990659954,0.9084966582051353,0.31
citation,Citation,-0.0008569856354913645,4.671065571442089,0.9145586910109952,0.2066666666666666
citation,Citation,7.471834411314474e-05,3.974569911518664,0.762372872866218,-0.20666666666666667
citation,Citation,-0.004215200763793328,5.062097414057053,1.0,0.2066666666666666
citation,Citation,0.003626094165646831,4.473266104632126,0.8713390768523307,-0.13285714285714287
citation,Citation,-0.0005622931227247684,4.498310456073777,0.8768113221703733,-0.20666666666666667
citation,Citation,0.004067781118515328,3.108920261953877,0.5732265396927411,-0.31
citation,Citation,0.0055948412480172,2.5706420023194054,0.4556115679913735,-0.31
citation,Citation,-0.0003855837081604651,1.9964807923973316,0.33015609352568503,-0.10333333333333333
citation,Citation,0.004250098579044702,3.3391111461580265,0.6235237490765435,-0.155
citation,Citation,-0.0038872534563821203,1.7982386503008607,0.2868397538530997,0.062
citation,Citation,0.004692885328513357,2.6992215027811035,0.4837064687931411,0.31
citation,Citation,-0.0024953055430211066,3.2887311485921464,0.6125156099180908,-0.13285714285714287
citation,Citation,0.0016493880705175372,3.358474675250324,0.6277547223426303,-0.186
citation,Citation,0.0010555787730828262,3.2659639109969647,0.6075409189333686,0.10333333333333333
citation,Citation,0.0024733782102621,2.7174659642112107,0.4876929233385391,0.17222222222222222
citation,Citation,0.0035585276986174544,3.3074431497935537,0.6166042229214731,-0.22142857142857142
citation,Citation,0.002587467190348356,2.2619169081904396,0.38815446274967597,0.2411111111111111
citation,Citation,0.0032186959131770107,3.1675754244188346,0.58604282039882,0.31
citation,Citation,-0.0008692564116033421,4.808897148069971,0.9446751905992411,0.10333333333333333
citation,Citation,0.0036612278823292678,3.6225009157812855,0.6854450307521784,-0.04428571428571432
citation,Citation,-0.0018012803915446439,2.6828150520113936,0.4801216235788654,-0.155
citation,Citation,-0.0027295632233568165,1.3019094776540792,0.17839074899257348,-0.31
citation,Citation,0.005685178486753645,2.3484687281935077,0.4070662238660835,0.31
citation,Citation,0.003142228288177243,2.7586725198503834,0.4966966454630463,0.10333333333333333
citation,Citation,0.0037804817448409316,2.3833449771832864,0.4146867602049804,0.13285714285714284
citation,Citation,7.239597120896572e-05,1.5926454798589988,0.241917198481953,-0.31
citation,Citation,-0.0012529251989211521,1.9526443848278197,0.32057774302852976,-0.31
citation,Citation,-0.00449801355622141,1.058526626149315,0.12521106603125592,0.10333333333333333
citation,Citation,0.0030646418376448986,2.301984159758396,0.3969092444540622,-0.10333333333333333
citation,Citation,-0.0046403314218525366,3.9168313852159167,0.7497568791573364,0.0
citation,Citation,0.0016992411382865552,2.857931993929748,0.51838505666298,-0.062
citation,Citation,0.0009456614672499339,2.0062180140577923,0.33228369765895016,-0.10333333333333333
citation,Citation,-0.011687954441234187,0.9898483500213768,0.11020471316690025,0.31
citation,Citation,0.009034175888478935,2.4828434171461002,0.4364273859707384,-0.31
citation,Citation,0.006143491587663713,2.3214414977300533,0.4011607151645354,-0.31
citation,Citation,0.0062367624896913785,2.5210229644205193,0.44476970017696543,0.0
citation,Citation,0.0005032903538650318,2.5465474292860044,0.45034685132344715,0.2066666666666666
citation,Citation,-0.004205971272773296,1.7754532534671656,0.28186109503522483,0.31
citation,Citation,0.004752817467721302,2.5008310567303362,0.4403577243836458,-0.31
citation,Citation,-0.006426427167804138,3.7828537787111878,0.720482480432091,0.31
citation,Citation,0.00723807110710116,2.7386720687971575,0.4923265033617525,0.31
citation,Citation,-0.0021559927986152774,1.9867814549240952,0.32803676716981217,0.31
citation,Citation,-0.012049314870078213,1.1836799164851417,0.15255733246077352,-0.31
citation,Citation,-0.0053464664093399545,1.583191634218175,0.23985151262596163,0.10333333333333333
citation,Citation,-0.0031808490253155673,1.4243156323990744,0.20513676031426845,-0.13285714285714287
citation,Citation,-0.0038897168968552707,1.3938594665017479,0.19848202175473845,-0.062
citation,Citation,-0.005985385693400384,1.5185650839804703,0.22573047069027896,-0.31
citation,Citation,-0.000289633473473433,2.7308538583712623,0.49061820736142464,0.0
citation,Citation,-0.0008209294357131736,2.583368379610528,0.45839230913810447,0.31
citation,Citation,-0.0006192778833409464,1.2309350994983674,0.16288269283594026,-0.31
citation,Citation,-0.0010210716891699795,0.4854839791518689,0.0,-0.10333333333333333
citation,Citation,0.005123808925913074,4.362702899131321,0.8471807757256603,0.15499999999999997
citation,Citation,0.00039046028376633224,4.421809383562131,0.860095671263923,0.0
citation,Citation,0.004899892351828944,4.149008071281279,0.800487990571419,-0.155
citation,Citation,-0.003844461321905588,3.8545953973981772,0.7361581803152899,0.186
citation,Citation,-0.003093280466762948,4.924690340073418,0.9699762551637745,0.13285714285714284
citation,Citation,-0.001659771308631029,2.66839894355805,0.47697167249420663,0.0
citation,Citation,0.004601475171364699,4.177456998600027,0.806704143131251,0.15499999999999997
citation,Citation,0.0022385016578664292,3.273753901771455,0.609243048878423,-0.17222222222222222
citation,Citation,0.0035104384470276973,3.299246102841534,0.6148131503153619,-0.31
citation,Citation,-0.0009571139847230456,2.9157901004585494,0.5310271789116117,0.0
citation,Citation,-0.003815862998057127,2.978022639169503,0.5446251241163158,0.31
citation,Citation,0.005014408216829432,3.7307596086472,0.7090997908506043,0.0
citation,Citation,0.0020349893290021737,2.8797153501562605,0.5231447674264834,-0.31
citation,Citation,0.0038611316191680713,3.1992153859442465,0.5929562208805166,0.22142857142857136
citation,Citation,0.007688616427240477,2.2993027929644145,0.39632335997154705,-0.31
citation,Citation,0.0025957209989219215,2.3305452188008453,0.40314989803966295,0.31
citation,Citation,0.003972413239168202,2.087411362069249,0.35002462097840875,0.31
citation,Citation,0.0001420244423890074,1.8348984538400956,0.2948500007443131,-0.10333333333333333
citation,Citation,-0.00020282493806851923,2.804435387951839,0.506695931780835,0.31
citation,Citation,-0.004797519486838262,1.327936712621399,0.1840777565009669,-0.31
citation,Citation,0.0053917980460471,2.3248368224039053,0.4019026009982736,0.31
citation,Citation,-0.0150815472689493,1.1295587239638767,0.14073173405901857,-0.31
citation,Citation,-0.002239793699273754,1.6526899186249298,0.2550370390846092,0.13285714285714284
citation,Citation,-0.011089665923785557,0.9016271088020034,0.09092817987996749,0.31
citation,Citation,-0.0033029133059253707,1.0369914786275436,0.12050558941015313,-0.22142857142857142
citation,Citation,-0.003955095500441815,1.2844462081588799,0.17457498658581014,-0.186
citation,Citation,-0.0065985654554130205,1.0458840795342113,0.1224486420697562,-0.31
citation,Citation,-0.012409476423186664,1.1082841750673453,0.13608319880492142,0.31
psychology_share,Psychology Journals,0.003114264535302531,0.3594306049822064,0.3594306049822064,0.19727272727272732
psychology_share,Psychology Journals,0.0027482827185566494,0.40804597701149425,0.40804597701149425,-0.19727272727272727
psychology_share,Psychology Journals,0.006415334002855434,0.45,0.45,-0.31
psychology_share,Psychology Journals,0.00041018596178806995,0.23121387283236994,0.23121387283236994,-0.07153846153846152
psychology_share,Psychology Journals,0.0012776144730242635,0.7,0.7,-0.0911764705882353
psychology_share,Psychology Journals,-0.0007745826885174775,0.10204081632653061,0.10204081632653061,0.2411111111111111
psychology_share,Psychology Journals,-0.015283637407335758,0.0,0.0,0.31
psychology_share,Psychology Journals,-0.002944929399990179,1.0,1.0,-0.10333333333333333
psychology_share,Psychology Journals,0.0033808493090565555,0.3816793893129771,0.3816793893129771,-0.034444444444444444
psychology_share,Psychology Journals,0.0032926488296398182,0.362962962962963,0.362962962962963,-0.17222222222222222
psychology_share,Psychology Journals,0.004008134137115504,0.391304347826087,0.391304347826087,0.31
psychology_share,Psychology Journals,-0.0004503620510563793,0.8846153846153846,0.8846153846153846,-0.04428571428571432
psychology_share,Psychology Journals,0.006135325485745113,0.4375,0.4375,0.0
psychology_share,Psychology Journals,0.009943562802268189,0.5909090909090909,0.5909090909090909,0.0
psychology_share,Psychology Journals,0.0018130927552343311,0.2828282828282828,0.2828282828282828,-0.155
psychology_share,Psychology Journals,0.0013768206120562422,0.44549763033175355,0.44549763033175355,0.018235294117647072
psychology_share,Psychology Journals,0.005074599651142215,0.35973597359735976,0.35973597359735976,0.10333333333333333
psychology_share,Psychology Journals,0.00734701602991847,0.43243243243243246,0.43243243243243246,-0.31
psychology_share,Psychology Journals,-0.0008689634133496509,0.1875,0.1875,0.10333333333333333
psychology_share,Psychology Journals,0.01213039805432461,0.5,0.5,-0.31
psychology_share,Psychology Journals,-0.0013677313500394831,0.045454545454545456,0.045454545454545456,-0.2411111111111111
psychology_share,Psychology Journals,-0.012974025039695589,0.0,0.0,-0.10333333333333333
psychology_share,Psychology Journals,-0.0011873510692968906,1.0,1.0,-0.10333333333333333
psychology_share,Psychology Journals,0.004984690038429193,0.34513274336283184,0.34513274336283184,-0.10333333333333333
psychology_share,Psychology Journals,0.0008369995457604648,0.3008130081300813,0.3008130081300813,0.2623076923076923
psychology_share,Psychology Journals,0.010044140643480972,0.4583333333333333,0.4583333333333333,0.31
psychology_share,Psychology Journals,0.003470197213451192,0.7692307692307693,0.7692307692307693,0.10333333333333333
psychology_share,Psychology Journals,0.0013857826128912518,0.35294117647058826,0.35294117647058826,0.05470588235294116
psychology_share,Psychology Journals,0.0006103596537056332,0.3333333333333333,0.3333333333333333,0.07153846153846155
psychology_share,Psychology Journals,0.006955030729704615,0.35135135135135137,0.35135135135135137,0.31
psychology_share,Psychology Journals,0.002937384592502981,0.4117647058823529,0.4117647058823529,0.14090909090909093
psychology_share,Psychology Journals,0.003380914995063445,0.4096774193548387,0.4096774193548387,0.034444444444444444
psychology_share,Psychology Journals,-0.0008703511543208077,0.3125,0.3125,0.034444444444444444
psychology_share,Psychology Journals,-0.0028809374651999394,0.20833333333333334,0.20833333333333334,0.10333333333333333
psychology_share,Psychology Journals,0.0032593608760595302,0.5833333333333334,0.5833333333333334,-0.2411111111111111
psychology_share,Psychology Journals,0.0015856910476809438,0.09230769230769231,0.09230769230769231,0.20058823529411757
psychology_share,Psychology Journals,-0.01279474441768881,0.0,0.0,0.31
psychology_share,Psychology Journals,-0.0018383972627932718,1.0,1.0,-0.31
psychology_share,Psychology Journals,0.0007920618571081697,0.3879781420765027,0.3879781420765027,0.11923076923076925
psychology_share,Psychology Journals,0.002518863189491909,0.3804347826086957,0.3804347826086957,-0.31
psychology_share,Psychology Journals,0.009629636262451304,0.6,0.6,-0.31
psychology_share,Psychology Journals,-0.0014232637005032976,0.8333333333333334,0.8333333333333334,-0.31
psychology_share,Psychology Journals,0.0032989932663095006,0.5416666666666666,0.5416666666666666,-0.10333333333333333
psychology_share,Psychology Journals,0.0055415551995299595,0.34591194968553457,0.34591194968553457,0.31
psychology_share,Psychology Journals,0.0029165091882857957,0.42528735632183906,0.42528735632183906,0.08454545454545453
psychology_share,Psychology Journals,0.007839080927895602,0.5625,0.5625,0.31
psychology_share,Psychology Journals,0.0009960119551241106,0.33509234828496043,0.33509234828496043,-0.2735294117647059
psychology_share,Psychology Journals,-0.000616086940613944,0.2558139534883721,0.2558139534883721,-0.31
psychology_share,Psychology Journals,0.0003606501434583194,0.056,0.056,-0.11923076923076922
psychology_share,Psychology Journals,0.0008078035934850112,0.8571428571428571,0.8571428571428571,0.16692307692307695
psychology_share,Psychology Journals,-0.004076542510616137,0.01904761904761905,0.01904761904761905,0.15499999999999997
psychology_share,Psychology Journals,-0.0002853813729373872,1.0,1.0,0.22142857142857136
psychology_share,Psychology Journals,0.0020884995619555352,0.34065934065934067,0.34065934065934067,0.07750000000000001
psychology_share,Psychology Journals,0.0016635995931134542,0.32786885245901637,0.32786885245901637,0.31
psychology_share,Psychology Journals,0.002223172258978177,0.34375,0.34375,0.15499999999999997
psychology_share,Psychology Journals,0.006050070646011675,0.6666666666666666,0.6666666666666666,-0.31
psychology_share,Psychology Journals,0.000984132218553625,0.326271186440678,0.326271186440678,-0.31
psychology_share,Psychology Journals,0.0032059409129487444,0.3652173913043478,0.3652173913043478,0.2536363636363637
psychology_share,Psychology Journals,0.0005936948888025328,0.2962962962962963,0.2962962962962963,0.02384615384615385
psychology_share,Psychology Journals,0.004884032586279802,0.3484848484848485,0.3484848484848485,-0.31
psychology_share,Psychology Journals,-6.504107077022085e-05,0.17615658362989323,0.17615658362989323,0.31
psychology_share,Psychology Journals,0.0014440674547799121,0.6376811594202898,0.6376811594202898,0.09117647058823525
psychology_share,Psychology Journals,0.002813596576611494,0.057034220532319393,0.057034220532319393,-0.08454545454545453
psychology_share,Psychology Journals,-0.0077714210912566,0.0,0.0,0.31
psychology_share,Psychology Journals,-0.0008487568386776318,1.0,1.0,0.17222222222222222
psychology_share,Psychology Journals,0.0004399037900616118,0.36142857142857143,0.36142857142857143,-0.02384615384615385
psychology_share,Psychology Journals,-0.0011025402632944257,0.26744186046511625,0.26744186046511625,-0.034444444444444444
psychology_share,Psychology Journals,0.00025055237199313684,0.12418300653594772,0.12418300653594772,-0.2146153846153846
psychology_share,Psychology Journals,0.012662638247639663,0.48148148148148145,0.48148148148148145,0.31
psychology_share,Psychology Journals,0.0027687303300065864,0.055776892430278883,0.055776892430278883,-0.1409090909090909
psychology_share,Psychology Journals,-0.012922811740048524,0.0,0.0,0.10333333333333333
psychology_share,Psychology Journals,0.0002053396583176525,1.0,1.0,-0.2623076923076923
psychology_share,Psychology Journals,0.002288750142575957,0.34,0.34,0.23249999999999998
psychology_share,Psychology Journals,0.002075836269971272,0.3253588516746411,0.3253588516746411,0.0
psychology_share,Psychology Journals,0.0011662875137982574,0.38513513513513514,0.38513513513513514,-0.16411764705882353
psychology_share,Psychology Journals,0.0032556992678256925,0.4195804195804196,0.4195804195804196,-0.31
psychology_share,Psychology Journals,0.004821010515116734,0.34306569343065696,0.34306569343065696,0.0
psychology_share,Psychology Journals,0.0016867369888289715,0.3076923076923077,0.3076923076923077,-0.31
psychology_share,Psychology Journals,-0.000672048402423715,0.17301038062283736,0.17301038062283736,0.31
psychology_share,Psychology Journals,0.0065199306250620735,0.3333333333333333,0.3333333333333333,0.10333333333333333
psychology_share,Psychology Journals,0.003232314290071871,0.3333333333333333,0.3333333333333333,0.31
psychology_share,Psychology Journals,-0.014345116108303867,0.0,0.0,0.31
psychology_share,Psychology Journals,-0.0040191056986585705,1.0,1.0,0.31
psychology_share,Psychology Journals,0.0014460670279913415,0.42105263157894735,0.42105263157894735,0.1276470588235294
psychology_share,Psychology Journals,0.001080956363443351,0.3333333333333333,0.3333333333333333,-0.23705882352941177
psychology_share,Psychology Journals,-0.0003120984088251716,0.2396694214876033,0.2396694214876033,0.13285714285714284
psychology_share,Psychology Journals,0.0016388487287212776,0.42,0.42,0.27352941176470585
psychology_share,Psychology Journals,0.008994783101935322,0.4370860927152318,0.4370860927152318,0.0
psychology_share,Psychology Journals,0.010742243953492912,0.7222222222222222,0.7222222222222222,0.0
psychology_share,Psychology Journals,0.0008264206293332431,0.0273972602739726,0.0273972602739726,0.2146153846153846
psychology_share,Psychology Journals,-0.008136251495997579,0.0,0.0,-0.31
psychology_share,Psychology Journals,-0.015564476042281844,0.0,0.0,-0.31
psychology_share,Psychology Journals,0.0002519760687893619,1.0,1.0,-0.16692307692307692
psychology_share,Psychology Journals,0.0014508362451750227,0.3902439024390244,0.3902439024390244,0.16411764705882353
psychology_share,Psychology Journals,0.010728453939230664,0.5789473684210527,0.5789473684210527,-0.31
psychology_share,Psychology Journals,0.0038347947563120988,0.39473684210526316,0.39473684210526316,0.2411111111111111
psychology_share,Psychology Journals,0.0017786016399305915,0.38235294117647056,0.38235294117647056,-0.23249999999999998
psychology_share,Psychology Journals,-0.004283324142101427,0.8333333333333334,0.8333333333333334,-0.31
psychology_share,Psychology Journals,0.001859582164264457,0.7777777777777778,0.7777777777777778,-0.07750000000000001
psychology_share,Psychology Journals,-0.009661213125057246,1.0,1.0,0.0
psychology_share,Psychology Journals,-0.009204662101916138,1.0,1.0,0.0
psychology_share,Psychology Journals,0.008115804250005104,0.5,0.5,-0.31
psychology_share,Psychology Journals,-0.0032311726890717853,0.8461538461538461,0.8461538461538461,0.0
psychology_share,Psychology Journals,-0.004185215817492092,1.0,1.0,-0.155
psychology_share,Psychology Journals,0.0013422544923292672,0.8823529411764706,0.8823529411764706,-0.018235294117647072
psychology_share,Psychology Journals,0.002814108151676222,0.3652694610778443,0.3652694610778443,-0.02818181818181814
psychology_share,Psychology Journals,0.0008746583923736857,0.3142857142857143,0.3142857142857143,0.31
psychology_share,Psychology Journals,0.002525124182380176,0.1276595744680851,0.1276595744680851,-0.25363636363636366
psychology_share,Psychology Journals,0.0024041446084048,0.7777777777777778,0.7777777777777778,0.31
psychology_share,Psychology Journals,-0.004132685051737733,0.015625,0.015625,0.0
psychology_share,Psychology Journals,-0.01312042987742523,0.0,0.0,-0.31
psychology_share,Psychology Journals,-0.0004874018832518064,1.0,1.0,-0.13285714285714287
psychology_share,Psychology Journals,0.0034817222904077196,0.3626943005181347,0.3626943005181347,0.17222222222222222
psychology_share,Psychology Journals,0.0028184554619906078,0.3125,0.3125,0.028181818181818197
psychology_share,Psychology Journals,-0.002443606013781151,0.1895424836601307,0.1895424836601307,0.31
psychology_share,Psychology Journals,-0.006566415710958794,1.0,1.0,0.0
psychology_share,Psychology Journals,0.0011002748864008922,0.033707865168539325,0.033707865168539325,-0.20058823529411765
psychology_share,Psychology Journals,-0.011547728254583379,0.0,0.0,0.0
psychology_share,Psychology Journals,-0.00031422667994430515,1.0,1.0,0.04428571428571426
psychology_share,Psychology Journals,0.00644389378795559,0.345679012345679,0.345679012345679,-0.10333333333333333
psychology_share,Psychology Journals,0.001627663298273297,0.3333333333333333,0.3333333333333333,0.2370588235294117
psychology_share,Psychology Journals,0.0012038679772820732,0.15862068965517243,0.15862068965517243,-0.12764705882352942
psychology_share,Psychology Journals,0.008371883770496594,0.5454545454545454,0.5454545454545454,0.31
psychology_share,Psychology Journals,-0.0017981881673958132,0.03389830508474576,0.03389830508474576,0.31
psychology_share,Psychology Journals,-0.01474126678301325,0.0,0.0,-0.31
psychology_share,Psychology Journals,-0.003015804092110965,1.0,1.0,-0.31
psychology_share,Psychology Journals,0.0013031680212922702,0.44256756756756754,0.44256756756756754,-0.054705882352941215
psychology_share,Psychology Journals,0.00624018772191783,0.48,0.48,0.31
psychology_share,Psychology Journals,0.00018112664090589033,0.23577235772357724,0.23577235772357724,-0.31
psychology_share,Psychology Journals,0.011002289373475065,0.5,0.5,0.31
psychology_share,Psychology Journals,-0.0005237935207724949,0.17647058823529413,0.17647058823529413,-0.22142857142857142
psychology_share,Psychology Journals,-0.01465377528015119,0.0,0.0,0.0
psychology_share,Psychology Journals,-0.0012424460860406643,1.0,1.0,-0.17222222222222222
journal_impact,Journal Impact Factor,0.002262712870461085,1.4256792546090316,0.46718493876659084,-0.11923076923076922
journal_impact,Journal Impact Factor,-2.672174688999611e-05,1.2338869458078827,0.37812973900422014,-0.12916666666666665
journal_impact,Journal Impact Factor,-0.003860050962885764,1.7044945230014599,0.5966476350482782,-0.31
journal_impact,Journal Impact Factor,0.0007658595309286821,1.074936618176606,0.3043241037940306,0.31
journal_impact,Journal Impact Factor,0.004035098813222826,0.8998111647543915,0.22300784906266435,0.0
journal_impact,Journal Impact Factor,0.0018380480552078588,1.625520312196046,0.5599774256779763,0.14466666666666667
journal_impact,Journal Impact Factor,-0.0003801507441916535,1.409377555534585,0.4596155472898656,-0.2841666666666667
journal_impact,Journal Impact Factor,-0.0007643709875292012,1.217424415711125,0.3704856686266074,0.21210526315789474
journal_impact,Journal Impact Factor,0.0037508095327152898,1.5858257269907035,0.5415459815963926,-0.062
journal_impact,Journal Impact Factor,-0.000644560077890516,1.1322013434365479,0.3309139163847368,0.2447368421052632
journal_impact,Journal Impact Factor,0.007930197782903726,0.938057494650037,0.24076682266449753,0.31
journal_impact,Journal Impact Factor,0.0014327692793912191,0.5120304357479415,0.042949063068946254,-0.10333333333333333
journal_impact,Journal Impact Factor,0.002831950916068668,0.9889277503233629,0.2643874819561478,0.2146153846153846
journal_impact,Journal Impact Factor,0.0005673158671995319,1.1395015219543905,0.334303618819997,0.18083333333333335
journal_impact,Journal Impact Factor,0.0005496402718807481,1.1923852374706339,0.35885919082866574,0.15499999999999997
journal_impact,Journal Impact Factor,-0.0011904832472583629,1.2764982771337843,0.39791552002478836,-0.08157894736842106
journal_impact,Journal Impact Factor,0.0034036965635563256,1.2484846101483573,0.38490789357168426,-0.248
journal_impact,Journal Impact Factor,0.0035652671424017545,1.3692465670762817,0.440981467455512,-0.186
journal_impact,Journal Impact Factor,0.0023650698949615125,1.0876152362022677,0.31021118481434795,-0.07153846153846152
journal_impact,Journal Impact Factor,0.002042817261305847,1.0825906570866184,0.30787811473628807,-0.31
journal_impact,Journal Impact Factor,-0.00023074983005719546,1.5478692093628617,0.5239215769434613,-0.23249999999999998
journal_impact,Journal Impact Factor,0.002254607959076977,1.4924793929599798,0.49820234349039305,-0.16692307692307692
journal_impact,Journal Impact Factor,0.0009528038263674374,1.2155251114188443,0.3696037619212977,-0.26866666666666666
journal_impact,Journal Impact Factor,0.0028308002913047053,1.582644608431177,0.5400688882209739,0.16692307692307695
journal_impact,Journal Impact Factor,-0.00043896300582581466,1.1651114835479153,0.3461951292766683,-0.31
journal_impact,Journal Impact Factor,0.02771551403158474,0.8882123127010072,0.21762213733582303,0.0
journal_impact,Journal Impact Factor,0.004479367015981573,0.4949046509623401,0.03499702268368568,0.0
journal_impact,Journal Impact Factor,-0.0008613702970637897,1.0632175403972803,0.29888256748221387,0.14684210526315788
journal_impact,Journal Impact Factor,-0.003466937598192091,1.1759475360704763,0.351226649195607,-0.10333333333333333
journal_impact,Journal Impact Factor,0.004395021364735452,1.2284495687985224,0.3756049938839455,0.24800000000000005
journal_impact,Journal Impact Factor,0.00048424376688367725,1.4619502469037955,0.4840267010071123,0.07750000000000001
journal_impact,Journal Impact Factor,0.0021999896990894754,1.4177104834120684,0.46348478772694746,-0.2146153846153846
journal_impact,Journal Impact Factor,-0.016363507917415428,1.8270034841487344,0.6535323979245761,-0.31
journal_impact,Journal Impact Factor,-0.002604395562646561,1.218569018398669,0.37101714364573074,-0.155
journal_impact,Journal Impact Factor,-0.0009663059941884731,1.350279074693854,0.43217426432173217,0.016315789473684228
journal_impact,Journal Impact Factor,-0.005555858828820492,1.7455490891196896,0.615710561031442,0.31
journal_impact,Journal Impact Factor,-0.0012893151854520045,1.2876512516800065,0.4030941968047224,-0.14684210526315788
journal_impact,Journal Impact Factor,0.0006725179114797143,1.4253273638365533,0.4670215448159498,0.23249999999999998
journal_impact,Journal Impact Factor,-0.006347064414143242,1.6571836640077617,0.5746797155579221,-0.31
journal_impact,Journal Impact Factor,-0.0019674518597903624,1.1213202071868404,0.3258614626736552,0.10333333333333333
journal_impact,Journal Impact Factor,0.00866593166023299,0.9709743200336741,0.25605113973855803,0.0
journal_impact,Journal Impact Factor,0.0007252467524923743,0.5198300581069055,0.04657067298433007,0.2841666666666666
journal_impact,Journal Impact Factor,-0.0004944264734066817,1.326127289477694,0.42095983100849127,0.31
journal_impact,Journal Impact Factor,0.004291992061120011,1.3259273992427143,0.42086701568697005,0.062
journal_impact,Journal Impact Factor,0.0002364932646420372,1.5362399213255455,0.5185217328322403,-0.07750000000000001
journal_impact,Journal Impact Factor,-0.0060860203523568045,1.9502494070814564,0.7107593553311473,-0.155
journal_impact,Journal Impact Factor,-0.007566934762220828,1.7510674616831239,0.6182729149343263,-0.31
journal_impact,Journal Impact Factor,-0.0014876675833928148,1.6579965207095746,0.5750571504843308,-0.24473684210526314
journal_impact,Journal Impact Factor,0.0003506881283617641,1.4328618187783417,0.4705200291615198,0.0
journal_impact,Journal Impact Factor,-0.0005464705123607488,1.7208535963167275,0.6042436671891129,0.27736842105263154
journal_impact,Journal Impact Factor,-0.0029021877110222425,2.510917086521145,0.971094988730161,0.2411111111111111
journal_impact,Journal Impact Factor,0.0014532969655917537,1.523256593952991,0.5124931656807709,-0.062
journal_impact,Journal Impact Factor,-0.00533451155177856,1.9986851954249492,0.7332496148912941,0.0
journal_impact,Journal Impact Factor,-0.0020540072064652083,1.169943417361016,0.348438748083147,0.051666666666666694
journal_impact,Journal Impact Factor,0.007762974395297214,0.8559389874097981,0.20263661758912407,0.0
journal_impact,Journal Impact Factor,0.003146574170201373,0.5820796513087486,0.07547511650643259,0.31
journal_impact,Journal Impact Factor,-0.005959956834652062,1.7635002428341873,0.624045846163585,0.0
journal_impact,Journal Impact Factor,-0.0027994587243737917,1.6961927439866709,0.5927928580076013,-0.2583333333333333
journal_impact,Journal Impact Factor,-0.006699625157976336,1.9162672105106373,0.6949803529149654,0.31
journal_impact,Journal Impact Factor,0.0020841469764567196,1.623269040925112,0.5589320896371022,-0.2623076923076923
journal_impact,Journal Impact Factor,-0.0008677694553142955,1.1894902175276714,0.3575149420371051,0.11421052631578948
journal_impact,Journal Impact Factor,0.0003277373720069735,1.1144271326798185,0.3226607914317432,-0.02583333333333332
journal_impact,Journal Impact Factor,-0.003463844338541578,1.980436376400722,0.724776114395949,-0.034444444444444444
journal_impact,Journal Impact Factor,-2.79654051035612e-05,1.3775975255393311,0.4448590800604324,-0.155
journal_impact,Journal Impact Factor,0.001616585367813651,1.3464754178285503,0.4304081068356239,0.10333333333333333
journal_impact,Journal Impact Factor,-0.015928769084037123,1.7649823997899097,0.6247340582436007,0.31
journal_impact,Journal Impact Factor,-0.01251522278189403,1.8330186554295032,0.6563254310934356,0.0
journal_impact,Journal Impact Factor,-0.0028978204847854663,1.6939191729911154,0.5917371675033848,0.31
journal_impact,Journal Impact Factor,-0.0008226756802223542,1.7030512865550147,0.5959774949845504,0.17947368421052634
journal_impact,Journal Impact Factor,-0.00346974933322551,1.9908194230865566,0.729597289460418,-0.17222222222222222
journal_impact,Journal Impact Factor,0.0010905574681555146,1.6340389502653996,0.5639328971966814,-0.186
journal_impact,Journal Impact Factor,-0.0009559636830385221,1.649117604742154,0.5709343906088463,0.04894736842105263
journal_impact,Journal Impact Factor,-0.0032327559070756797,1.9779878789001843,0.7236392000150178,0.10333333333333333
journal_impact,Journal Impact Factor,-0.0011653341080282201,1.658961847100357,0.5755053818816398,-0.04894736842105263
journal_impact,Journal Impact Factor,-0.00994658682937782,1.6988297730967532,0.5940173135430996,0.0
journal_impact,Journal Impact Factor,0.001596376644242158,1.6904914098643746,0.5901455492998285,-0.020666666666666667
journal_impact,Journal Impact Factor,-0.0002899276714543213,1.1452163050134765,0.3369571722920144,-0.2583333333333333
journal_impact,Journal Impact Factor,0.0026187402364619317,1.236980406154668,0.3795661299151068,-0.02384615384615385
journal_impact,Journal Impact Factor,-0.001808709121224728,1.1195516974175208,0.32504028797810597,0.25833333333333336
journal_impact,Journal Impact Factor,-9.845561538808701e-05,1.1530536218066785,0.34059628491849214,-0.18083333333333335
journal_impact,Journal Impact Factor,-0.0026223041680487084,1.1117214703525724,0.3214044673353883,-0.20666666666666667
journal_impact,Journal Impact Factor,0.00038803086666695027,0.9812264166147897,0.26081151055176394,0.02583333333333332
journal_impact,Journal Impact Factor,-0.0019186091718044632,1.184671408100377,0.35527741729564416,0.15499999999999997
journal_impact,Journal Impact Factor,-0.002855229891216801,1.1494008695316718,0.33890019717875675,-0.31
journal_impact,Journal Impact Factor,-0.00344113884756224,1.1531806666455093,0.3406552758320047,0.034444444444444444
journal_impact,Journal Impact Factor,-0.00010142243954006701,1.1299272180408448,0.329857968455099,-0.20666666666666667
journal_impact,Journal Impact Factor,-0.0025376039336476985,1.1514564589560154,0.33985467198516905,-0.10333333333333333
journal_impact,Journal Impact Factor,0.025251090122597766,0.9102598765662612,0.2278595145099491,0.0
journal_impact,Journal Impact Factor,0.0033492436138281637,1.1791044662947734,0.3526925111663919,-0.31
journal_impact,Journal Impact Factor,0.018054562947612107,0.7652229611081661,0.16051431407007952,0.0
journal_impact,Journal Impact Factor,-0.001592202771421785,1.0873117714428826,0.31007027658431097,-0.31
journal_impact,Journal Impact Factor,-0.0019175034191185134,1.3233173494195447,0.41965508748273167,0.2066666666666666
journal_impact,Journal Impact Factor,0.007218664591762553,1.007424223807531,0.2729759762045789,-0.31
journal_impact,Journal Impact Factor,0.006809470305278113,0.8551716841899172,0.2022803345767763,0.31
journal_impact,Journal Impact Factor,0.025515701006720272,0.8908952193505921,0.21886789525550215,0.0
journal_impact,Journal Impact Factor,0.006538392272636272,0.9628486836457849,0.25227815125824243,-0.31
journal_impact,Journal Impact Factor,0.0028813823929333482,0.9395568822310736,0.24146303546565254,0.2623076923076923
journal_impact,Journal Impact Factor,0.0004044409975917459,0.5127452311359288,0.04328096504387077,0.051666666666666694
journal_impact,Journal Impact Factor,0.0027861384202556203,0.4674377687651829,0.02224328560107183,0.11923076923076925
journal_impact,Journal Impact Factor,0.0010302355126950431,0.5116484682190107,0.04277170353453999,-0.22733333333333333
journal_impact,Journal Impact Factor,-0.0009457603672722554,0.562057190026497,0.06617805813964489,0.08157894736842103
journal_impact,Journal Impact Factor,0.0043094791355027294,0.419533871944601,0.0,0.124
journal_impact,Journal Impact Factor,0.0005263740970976426,0.546381394982267,0.05889929358529941,0.10333333333333333
journal_impact,Journal Impact Factor,0.004357911738390069,0.48854990819796107,0.03204631579737876,0.186
journal_impact,Journal Impact Factor,0.0006860746450411546,0.5451201707187465,0.05831366750135973,0.25833333333333336
journal_impact,Journal Impact Factor,0.0027613101172008162,1.6018504939101916,0.548986784765617,0.07153846153846155
journal_impact,Journal Impact Factor,0.001972967028992396,1.50992450625617,0.5063026581442,0.31
journal_impact,Journal Impact Factor,0.001220250757219102,1.3098749164224466,0.41341334315350503,-0.14466666666666667
journal_impact,Journal Impact Factor,-0.0012157937754023267,1.3221281130248608,0.4191028876299051,-0.11421052631578948
journal_impact,Journal Impact Factor,-0.0017291555627522218,2.573167902443834,1.0,0.31
journal_impact,Journal Impact Factor,-0.005650337385424195,1.1539720388989536,0.34102273485347123,0.15499999999999997
journal_impact,Journal Impact Factor,0.0019273654008601486,1.3790413021388213,0.44552947093420375,0.22733333333333333
journal_impact,Journal Impact Factor,0.0027244047245313452,1.388081814202285,0.4497272649583668,0.02384615384615385
journal_impact,Journal Impact Factor,0.0037215086402067918,1.5749599809208525,0.5365006740297527,-0.124
journal_impact,Journal Impact Factor,-0.0024631839849383434,1.1943367195964811,0.359765325342799,-0.051666666666666694
journal_impact,Journal Impact Factor,0.000618433052549156,1.0027948047413546,0.27082639136304326,0.2066666666666666
journal_impact,Journal Impact Factor,-0.0011045689050720787,1.7226908680876674,0.6050967702441913,-0.016315789473684228
journal_impact,Journal Impact Factor,0.0019190693908543769,1.3906381319547954,0.4509142436726276,0.186
journal_impact,Journal Impact Factor,0.0019374029569995091,1.316753478284729,0.41660727571812367,0.26866666666666666
journal_impact,Journal Impact Factor,0.004415867634879471,1.3552736557153977,0.43449340534142805,0.31
journal_impact,Journal Impact Factor,-0.0031735366706057686,1.6234622172596487,0.5590217874835333,0.17222222222222222
journal_impact,Journal Impact Factor,0.00013133875039089295,1.1277946486434938,0.3288677494266336,-0.10333333333333333
journal_impact,Journal Impact Factor,0.0016151659730433048,1.0841347311735925,0.3085950768872883,0.020666666666666667
journal_impact,Journal Impact Factor,-0.007139468213092276,1.8211525205790484,0.6508156115593784,0.0
journal_impact,Journal Impact Factor,0.000325867850141758,1.3767885305579375,0.4444834382522436,-0.051666666666666694
journal_impact,Journal Impact Factor,0.0016160652256991372,1.3565026997573233,0.4350640891365948,0.062
journal_impact,Journal Impact Factor,-0.001414848359121917,1.3540744707628651,0.43393658606036634,-0.21210526315789474
journal_impact,Journal Impact Factor,-0.0035640881170090335,1.8680531916017247,0.6725930678766916,-0.2411111111111111
journal_impact,Journal Impact Factor,-0.0020933401509489417,1.1227793277996083,0.32653897825527406,0.0
journal_impact,Journal Impact Factor,0.0009437291870491812,1.1196852844218623,0.3251023166247793,-0.31
journal_impact,Journal Impact Factor,-0.0015446081346336602,1.8309845224642145,0.655380919195647,-0.2773684210526316
journal_impact,Journal Impact Factor,0.0005387341464605647,1.4774483224192476,0.4912229447959698,0.12916666666666665
journal_impact,Journal Impact Factor,-0.0013059250477014375,1.3396324577152021,0.42723070528250956,-0.1794736842105263
economics_share,Economics Journals,0.001208822985005097,0.4,0.4,0.020666666666666667
economics_share,Economics Journals,-0.00025034171676075194,0.49712643678160917,0.49712643678160917,0.0
economics_share,Economics Journals,0.0012692295978135259,0.2,0.2,0.186
economics_share,Economics Journals,0.000700436485023326,1.0,1.0,-0.155
economics_share,Economics Journals,-0.003687764447849851,0.5333333333333333,0.5333333333333333,-0.10333333333333333
economics_share,Economics Journals,-0.0005111697966198046,0.0,0.0,0.17222222222222222
economics_share,Economics Journals,-0.0036086979121310427,0.0,0.0,0.10333333333333333
economics_share,Economics Journals,0.001342871096574025,0.28169014084507044,0.28169014084507044,0.26866666666666666
economics_share,Economics Journals,0.0028077285057644865,0.26717557251908397,0.26717557251908397,0.31
economics_share,Economics Journals,-0.0013872172626456958,0.6666666666666666,0.6666666666666666,0.0
economics_share,Economics Journals,0.0010620768953698877,0.4782608695652174,0.4782608695652174,-0.26866666666666666
economics_share,Economics Journals,0.00036096349724976996,0.8076923076923077,0.8076923076923077,-0.22142857142857142
economics_share,Economics Journals,2.693411872770285e-05,0.5,0.5,-0.10333333333333333
economics_share,Economics Journals,-0.00048540003396561464,0.5909090909090909,0.5909090909090909,0.2411111111111111
economics_share,Economics Journals,0.0005896237057318262,0.5151515151515151,0.5151515151515151,0.31
economics_share,Economics Journals,-0.0018170823070721416,0.4786729857819905,0.4786729857819905,0.0
economics_share,Economics Journals,0.0022908266762318562,0.4752475247524752,0.4752475247524752,-0.22142857142857142
economics_share,Economics Journals,0.0035951240275024408,0.08108108108108109,0.08108108108108109,-0.31
economics_share,Economics Journals,-0.0008587589754044354,1.0,1.0,0.31
economics_share,Economics Journals,0.0026502482637347884,0.35,0.35,-0.31
economics_share,Economics Journals,-0.0005969738916593538,0.0,0.0,-0.17222222222222222
economics_share,Economics Journals,-0.002157840246960453,0.0,0.0,-0.155
economics_share,Economics Journals,0.0008988394501069234,0.24770642201834864,0.24770642201834864,0.31
economics_share,Economics Journals,0.0024721079713858614,0.168141592920354,0.168141592920354,0.13285714285714284
economics_share,Economics Journals,-0.0021315350120499855,0.7154471544715447,0.7154471544715447,0.0
economics_share,Economics Journals,0.002389632726693258,0.5,0.5,-0.13285714285714287
economics_share,Economics Journals,0.00274677538847898,0.7692307692307693,0.7692307692307693,0.15499999999999997
economics_share,Economics Journals,-0.002523691650805814,0.5294117647058824,0.5294117647058824,0.31
economics_share,Economics Journals,-0.000570559690626178,0.5111111111111111,0.5111111111111111,0.10333333333333333
economics_share,Economics Journals,0.0033111071001241184,0.5495495495495496,0.5495495495495496,-0.20666666666666667
economics_share,Economics Journals,0.0012537635994617272,0.27941176470588236,0.27941176470588236,0.10333333333333333
economics_share,Economics Journals,0.0015231551439996648,0.3870967741935484,0.3870967741935484,0.186
economics_share,Economics Journals,0.0010787678492483546,0.0625,0.0625,-0.14466666666666667
economics_share,Economics Journals,-0.004944470370586218,1.0,1.0,0.0
economics_share,Economics Journals,0.00025572837145945005,0.3333333333333333,0.3333333333333333,0.31
economics_share,Economics Journals,0.0015120431056445823,0.0,0.0,0.062
economics_share,Economics Journals,-0.0016464315501817902,0.0,0.0,0.31
economics_share,Economics Journals,0.00040377961046680753,0.1968503937007874,0.1968503937007874,-0.04428571428571432
economics_share,Economics Journals,-0.0010386806557762542,0.20218579234972678,0.20218579234972678,-0.10333333333333333
economics_share,Economics Journals,-0.003339851492551563,0.7608695652173914,0.7608695652173914,-0.31
economics_share,Economics Journals,0.001428143673305163,0.28,0.28,-0.31
economics_share,Economics Journals,-0.004754364234683331,0.6666666666666666,0.6666666666666666,0.0
economics_share,Economics Journals,-0.0007228722021610415,0.4166666666666667,0.4166666666666667,-0.31
economics_share,Economics Journals,0.003910335394803439,0.44654088050314467,0.44654088050314467,0.31
economics_share,Economics Journals,-4.758250421820422e-05,0.3103448275862069,0.3103448275862069,-0.31
economics_share,Economics Journals,0.002053920112085872,0.125,0.125,0.186
economics_share,Economics Journals,-0.0005847282997239875,0.32981530343007914,0.32981530343007914,-0.10333333333333333
economics_share,Economics Journals,0.0010651528263861307,0.046511627906976744,0.046511627906976744,-0.186
economics_share,Economics Journals,-0.0005771507953639132,1.0,1.0,0.034444444444444444
economics_share,Economics Journals,0.004505436881493269,0.2857142857142857,0.2857142857142857,0.0
economics_share,Economics Journals,0.000468399836478896,0.0,0.0,0.13285714285714284
economics_share,Economics Journals,0.0016096892751001413,0.05511811023622047,0.05511811023622047,0.31
economics_share,Economics Journals,0.0013062464406079386,0.2271062271062271,0.2271062271062271,0.22733333333333333
economics_share,Economics Journals,-0.003431495307061957,0.6721311475409836,0.6721311475409836,0.31
economics_share,Economics Journals,-0.003136491557164616,0.625,0.625,0.10333333333333333
economics_share,Economics Journals,0.0005585770632097233,0.3333333333333333,0.3333333333333333,0.22142857142857136
economics_share,Economics Journals,0.00018077597004733964,0.4025423728813559,0.4025423728813559,0.10333333333333333
economics_share,Economics Journals,0.0019489970561157339,0.2,0.2,-0.186
economics_share,Economics Journals,0.000426042850570195,0.2222222222222222,0.2222222222222222,0.04428571428571426
economics_share,Economics Journals,0.005313454939758144,0.08333333333333333,0.08333333333333333,0.0
economics_share,Economics Journals,-0.0012115422120931422,1.0,1.0,0.31
economics_share,Economics Journals,-0.0010028803787348764,0.42028985507246375,0.42028985507246375,0.10333333333333333
economics_share,Economics Journals,0.0034039499378791236,0.0,0.0,0.10333333333333333
economics_share,Economics Journals,-0.0006373918277473251,0.0,0.0,-0.2411111111111111
economics_share,Economics Journals,0.001161026813414669,0.19603960396039605,0.19603960396039605,-0.020666666666666667
economics_share,Economics Journals,-0.0017404288809435712,0.21857142857142858,0.21857142857142858,0.15499999999999997
economics_share,Economics Journals,0.0014980614269987202,0.12790697674418605,0.12790697674418605,-0.062
economics_share,Economics Journals,-0.0040835459309336,1.0,1.0,-0.31
economics_share,Economics Journals,0.006494016342222011,0.1111111111111111,0.1111111111111111,0.0
economics_share,Economics Journals,0.003438106226313263,0.0,0.0,0.2066666666666666
economics_share,Economics Journals,-0.001830147064355766,0.0,0.0,-0.155
economics_share,Economics Journals,0.0047942640052478815,0.07509881422924901,0.07509881422924901,0.0
economics_share,Economics Journals,0.0019985091303482503,0.265,0.265,0.062
economics_share,Economics Journals,0.0012421577969826153,0.19617224880382775,0.19617224880382775,0.062
economics_share,Economics Journals,-0.002047613159964926,0.19594594594594594,0.19594594594594594,0.15499999999999997
economics_share,Economics Journals,0.0033481735766444872,0.2097902097902098,0.2097902097902098,0.0
economics_share,Economics Journals,-0.0009886998435990873,0.7031630170316302,0.7031630170316302,0.2066666666666666
economics_share,Economics Journals,0.0011398579244973786,0.0,0.0,-0.062
economics_share,Economics Journals,-0.0022144758461623637,1.0,1.0,-0.31
economics_share,Economics Journals,0.0024174918028473653,0.0,0.0,0.04428571428571426
economics_share,Economics Journals,-0.0018444985089267137,0.0,0.0,-0.31
economics_share,Economics Journals,-0.0041969651519802986,0.0,0.0,0.15499999999999997
economics_share,Economics Journals,-0.001139558471702522,0.3546099290780142,0.3546099290780142,-0.31
economics_share,Economics Journals,-0.004149456432808065,0.7105263157894737,0.7105263157894737,0.31
economics_share,Economics Journals,-0.004371776509097341,0.7192982456140351,0.7192982456140351,-0.31
economics_share,Economics Journals,-0.0010139367942311182,0.743801652892562,0.743801652892562,0.0
economics_share,Economics Journals,-0.004062150635722716,0.63,0.63,0.31
economics_share,Economics Journals,0.0035084518091515926,0.48344370860927155,0.48344370860927155,0.31
economics_share,Economics Journals,0.002242756576558679,0.0,0.0,-0.31
economics_share,Economics Journals,0.001258031616505335,1.0,1.0,0.14466666666666667
economics_share,Economics Journals,0.002472993950381106,0.0,0.0,0.22142857142857136
economics_share,Economics Journals,-0.003696847383586741,0.0,0.0,-0.31
economics_share,Economics Journals,0.0013638440161994967,0.030303030303030304,0.030303030303030304,0.31
economics_share,Economics Journals,-0.0028635404419545523,0.5609756097560976,0.5609756097560976,0.0
economics_share,Economics Journals,0.002888418267728051,0.42105263157894735,0.42105263157894735,-0.31
economics_share,Economics Journals,0.0008207217791095951,0.4473684210526316,0.4473684210526316,0.0
economics_share,Economics Journals,-0.002537004337543305,0.5,0.5,-0.31
economics_share,Economics Journals,-0.0028428520213947795,0.75,0.75,0.31
economics_share,Economics Journals,0.0003181200069350277,1.0,1.0,-0.31
economics_share,Economics Journals,-0.002012106799259028,0.9629629629629629,0.9629629629629629,0.31
economics_share,Economics Journals,-0.006650506984792498,0.7,0.7,-0.31
economics_share,Economics Journals,0.0024748901018480946,0.75,0.75,0.31
economics_share,Economics Journals,-0.006382685071020361,0.6923076923076923,0.6923076923076923,0.31
economics_share,Economics Journals,0.002404197032346874,0.8,0.8,-0.04428571428571432
economics_share,Economics Journals,0.0011278950522120247,0.7647058823529411,0.7647058823529411,-0.10333333333333333
economics_share,Economics Journals,0.0010628522825968498,0.4221556886227545,0.4221556886227545,-0.22733333333333333
economics_share,Economics Journals,0.0020972841941624474,0.05714285714285714,0.05714285714285714,0.31
economics_share,Economics Journals,-0.0005832666742313968,1.0,1.0,-0.034444444444444444
economics_share,Economics Journals,-0.004298071061832496,0.5555555555555556,0.5555555555555556,-0.155
economics_share,Economics Journals,0.00036934417380708257,0.0,0.0,-0.13285714285714287
economics_share,Economics Journals,-0.0029578803213265183,0.0,0.0,-0.31
economics_share,Economics Journals,0.003977188245429562,0.14754098360655737,0.14754098360655737,0.0
economics_share,Economics Journals,0.0019221812150797466,0.3963730569948187,0.3963730569948187,-0.31
economics_share,Economics Journals,0.003315425413636124,0.0625,0.0625,-0.10333333333333333
economics_share,Economics Journals,-0.004268713636076543,1.0,1.0,0.0
economics_share,Economics Journals,-0.005685081160909817,0.5833333333333334,0.5833333333333334,0.0
economics_share,Economics Journals,0.001980419851576662,0.0,0.0,-0.062
economics_share,Economics Journals,-0.0012445718746631963,0.0,0.0,0.15499999999999997
economics_share,Economics Journals,0.001482848562771917,0.20714285714285716,0.20714285714285716,-0.186
economics_share,Economics Journals,0.0032894787461145505,0.44753086419753085,0.44753086419753085,-0.31
economics_share,Economics Journals,0.0008931386755936694,0.08333333333333333,0.08333333333333333,0.15499999999999997
economics_share,Economics Journals,0.0010210167859912762,1.0,1.0,-0.31
economics_share,Economics Journals,0.0027237661425326114,0.36363636363636365,0.36363636363636365,0.0
economics_share,Economics Journals,-0.0010772375782076046,0.0,0.0,-0.20666666666666667
economics_share,Economics Journals,-0.003275524030547871,0.0,0.0,-0.10333333333333333
economics_share,Economics Journals,-0.00047156956684624,0.20535714285714285,0.20535714285714285,0.31
economics_share,Economics Journals,-0.0014074328176731407,0.4155405405405405,0.4155405405405405,-0.31
economics_share,Economics Journals,0.002961877945497147,0.16,0.16,0.31
economics_share,Economics Journals,-0.0013946948281246682,1.0,1.0,-0.155
economics_share,Economics Journals,0.0037968296491412584,0.34615384615384615,0.34615384615384615,0.0
economics_share,Economics Journals,0.0006893392193185155,0.0,0.0,-0.31
economics_share,Economics Journals,-0.0030557861893426154,0.0,0.0,0.31
economics_share,Economics Journals,0.002677487566208052,0.22137404580152673,0.22137404580152673,-0.155
multidisciplinary_share,Multidisciplinary Journals,1.112100936560541e-05,0.18718861209964413,0.18718861209964413,-0.23249999999999998
multidisciplinary_share,Multidisciplinary Journals,0.0003572140893322857,0.14080459770114942,0.14080459770114942,-0.10333333333333333
multidisciplinary_share,Multidisciplinary Journals,-0.002467365718250809,0.15,0.15,0.0
multidisciplinary_share,Multidisciplinary Journals,-0.0006385573502828408,0.0,0.0,-0.31
multidisciplinary_share,Multidisciplinary Journals,-0.0003799422740228908,0.03333333333333333,0.03333333333333333,-0.20666666666666667
multidisciplinary_share,Multidisciplinary Journals,0.0021343294672808303,1.0,1.0,-0.31
multidisciplinary_share,Multidisciplinary Journals,-0.0011136664952751982,0.0,0.0,-0.062
multidisciplinary_share,Multidisciplinary Journals,-0.0005344379487419431,0.035211267605633804,0.035211267605633804,0.0
multidisciplinary_share,Multidisciplinary Journals,0.002938376299351133,0.366412213740458,0.366412213740458,0.31
multidisciplinary_share,Multidisciplinary Journals,-0.0009541821928745546,0.007407407407407408,0.007407407407407408,-0.23249999999999998
multidisciplinary_share,Multidisciplinary Journals,0.001002992535147441,0.0,0.0,0.186
multidisciplinary_share,Multidisciplinary Journals,0.00011581490644382394,0.0,0.0,0.03875000000000001
multidisciplinary_share,Multidisciplinary Journals,9.252455087258554e-05,0.125,0.125,0.0
multidisciplinary_share,Multidisciplinary Journals,0.001617622315893464,0.045454545454545456,0.045454545454545456,0.04428571428571426
multidisciplinary_share,Multidisciplinary Journals,0.0009634636111821017,0.13131313131313133,0.13131313131313133,0.062
multidisciplinary_share,Multidisciplinary Journals,-0.0002576109645839804,0.15639810426540285,0.15639810426540285,0.0
multidisciplinary_share,Multidisciplinary Journals,0.0004835143363741835,0.14521452145214522,0.14521452145214522,0.26866666666666666
multidisciplinary_share,Multidisciplinary Journals,0.0046319291403625965,0.0,0.0,0.0
multidisciplinary_share,Multidisciplinary Journals,0.00026920520447596536,0.0,0.0,-0.26866666666666666
multidisciplinary_share,Multidisciplinary Journals,0.0010650962780701446,0.0,0.0,0.31
multidisciplinary_share,Multidisciplinary Journals,-0.0017057548068874415,1.0,1.0,0.31
multidisciplinary_share,Multidisciplinary Journals,-0.00017275127398369032,0.0,0.0,0.17222222222222222
multidisciplinary_share,Multidisciplinary Journals,0.0007952534852167808,0.01834862385321101,0.01834862385321101,0.186
multidisciplinary_share,Multidisciplinary Journals,-0.001353812563052823,0.3805309734513274,0.3805309734513274,-0.186
multidisciplinary_share,Multidisciplinary Journals,0.0004282515591385912,0.008130081300813009,0.008130081300813009,0.14466666666666667
multidisciplinary_share,Multidisciplinary Journals,0.004286286698811301,0.0,0.0,0.31
multidisciplinary_share,Multidisciplinary Journals,0.00020904821510143597,0.0,0.0,0.31
multidisciplinary_share,Multidisciplinary Journals,-0.0008528830729542147,0.14705882352941177,0.14705882352941177,-0.07750000000000001
multidisciplinary_share,Multidisciplinary Journals,-0.0021436928667498568,0.15555555555555556,0.15555555555555556,0.0
multidisciplinary_share,Multidisciplinary Journals,0.003996397455757402,0.11711711711711711,0.11711711711711711,0.31
multidisciplinary_share,Multidisciplinary Journals,-0.0001763789472630491,0.17647058823529413,0.17647058823529413,0.13777777777777778
multidisciplinary_share,Multidisciplinary Journals,-6.21917368272892e-05,0.20967741935483872,0.20967741935483872,-0.31
multidisciplinary_share,Multidisciplinary Journals,-0.005762314004911438,0.15625,0.15625,0.0
multidisciplinary_share,Multidisciplinary Journals,-0.0009168442142365788,0.0,0.0,-0.155
multidisciplinary_share,Multidisciplinary Journals,0.00038053688337364426,0.0,0.0,0.020666666666666667
multidisciplinary_share,Multidisciplinary Journals,-0.0003494427342909804,1.0,1.0,-0.13777777777777778
multidisciplinary_share,Multidisciplinary Journals,-0.00010622100728342053,0.0,0.0,0.31
multidisciplinary_share,Multidisciplinary Journals,0.0016042614234161178,0.047244094488188976,0.047244094488188976,-0.04428571428571432
multidisciplinary_share,Multidisciplinary Journals,-0.006163066219393294,0.3442622950819672,0.3442622950819672,0.0
multidisciplinary_share,Multidisciplinary Journals,-0.00024621953763693117,0.010869565217391304,0.010869565217391304,0.034444444444444444
multidisciplinary_share,Multidisciplinary Journals,0.002366630908486286,0.0,0.0,0.31
multidisciplinary_share,Multidisciplinary Journals,0.0001503093383618337,0.0,0.0,0.19375000000000003
multidisciplinary_share,Multidisciplinary Journals,-0.0010758563457156532,0.125,0.125,0.186
multidisciplinary_share,Multidisciplinary Journals,0.0013792613966382282,0.20125786163522014,0.20125786163522014,0.0
multidisciplinary_share,Multidisciplinary Journals,-0.00043984370126258265,0.2413793103448276,0.2413793103448276,0.31
multidisciplinary_share,Multidisciplinary Journals,-0.00039527852735036026,0.375,0.375,-0.27555555555555555
multidisciplinary_share,Multidisciplinary Journals,-0.001764567148024415,0.2770448548812665,0.2770448548812665,0.15499999999999997
multidisciplinary_share,Multidisciplinary Journals,0.0007195491538979825,0.046511627906976744,0.046511627906976744,0.062
multidisciplinary_share,Multidisciplinary Journals,-0.000562004742065464,0.0,0.0,-0.051666666666666694
multidisciplinary_share,Multidisciplinary Journals,0.0003365558126197979,0.0,0.0,-0.14466666666666667
multidisciplinary_share,Multidisciplinary Journals,0.0006509862801686453,1.0,1.0,-0.31
multidisciplinary_share,Multidisciplinary Journals,-0.00047446863576389473,0.015748031496062992,0.015748031496062992,0.15499999999999997
multidisciplinary_share,Multidisciplinary Journals,-0.0009638101468564378,0.3553113553113553,0.3553113553113553,-0.31
multidisciplinary_share,Multidisciplinary Journals,-0.00021458122663786333,0.0,0.0,0.10333333333333333
multidisciplinary_share,Multidisciplinary Journals,0.00038363821527583606,0.0,0.0,0.062
multidisciplinary_share,Multidisciplinary Journals,0.00024450347791303117,0.0,0.0,-0.31
multidisciplinary_share,Multidisciplinary Journals,-0.0007426255710339582,0.21610169491525424,0.21610169491525424,0.31
multidisciplinary_share,Multidisciplinary Journals,-0.0005804820756387765,0.3652173913043478,0.3652173913043478,-0.10333333333333333
multidisciplinary_share,Multidisciplinary Journals,-0.0019103618585923003,0.4444444444444444,0.4444444444444444,-0.31
multidisciplinary_share,Multidisciplinary Journals,0.002894964637227788,0.07575757575757576,0.07575757575757576,-0.31
multidisciplinary_share,Multidisciplinary Journals,0.0005109925149149316,0.0,0.0,0.31
multidisciplinary_share,Multidisciplinary Journals,-0.0004706382814568543,0.014492753623188406,0.014492753623188406,0.25833333333333336
multidisciplinary_share,Multidisciplinary Journals,0.0015660238490103012,1.0,1.0,-0.13285714285714287
multidisciplinary_share,Multidisciplinary Journals,-0.00038406365872744154,0.0,0.0,-0.2411111111111111
multidisciplinary_share,Multidisciplinary Journals,0.0022528327738396085,0.0297029702970297,0.0297029702970297,0.062
multidisciplinary_share,Multidisciplinary Journals,-0.006738075239057477,0.3585714285714286,0.3585714285714286,0.0
multidisciplinary_share,Multidisciplinary Journals,-0.001356476805834377,0.11627906976744186,0.11627906976744186,-0.31
multidisciplinary_share,Multidisciplinary Journals,0.0007014928417950375,0.0,0.0,-0.062
multidisciplinary_share,Multidisciplinary Journals,0.0015220217773576476,0.0,0.0,-0.31
multidisciplinary_share,Multidisciplinary Journals,0.0014341669263400452,1.0,1.0,0.31
multidisciplinary_share,Multidisciplinary Journals,-0.00011546000178169562,0.0,0.0,0.2411111111111111
multidisciplinary_share,Multidisciplinary Journals,0.003361426911306775,0.05533596837944664,0.05533596837944664,0.0
multidisciplinary_share,Multidisciplinary Journals,-0.0005993106044911333,0.32,0.32,-0.20666666666666667
multidisciplinary_share,Multidisciplinary Journals,-0.0020947317024426477,0.3875598086124402,0.3875598086124402,0.31
multidisciplinary_share,Multidisciplinary Journals,-0.004896202840332211,0.3716216216216216,0.3716216216216216,0.0
multidisciplinary_share,Multidisciplinary Journals,0.0023139035377151068,0.35664335664335667,0.35664335664335667,0.186
multidisciplinary_share,Multidisciplinary Journals,0.000867872669836914,0.0072992700729927005,0.0072992700729927005,-0.186
multidisciplinary_share,Multidisciplinary Journals,0.0035924750840350267,0.0,0.0,0.0
multidisciplinary_share,Multidisciplinary Journals,2.299309985062993e-05,0.0,0.0,-0.19375
multidisciplinary_share,Multidisciplinary Journals,0.0008049126549972567,0.08333333333333333,0.08333333333333333,0.31
multidisciplinary_share,Multidisciplinary Journals,-0.0003008379432072435,1.0,1.0,-0.10333333333333333
multidisciplinary_share,Multidisciplinary Journals,-0.0005344370809860893,0.0,0.0,0.051666666666666694
multidisciplinary_share,Multidisciplinary Journals,-0.0006068449172995393,0.0070921985815602835,0.0070921985815602835,-0.2583333333333333
multidisciplinary_share,Multidisciplinary Journals,-0.0004756888997739883,0.0,0.0,0.10333333333333333
multidisciplinary_share,Multidisciplinary Journals,0.00013921357710811833,0.017543859649122806,0.017543859649122806,0.11625000000000002
multidisciplinary_share,Multidisciplinary Journals,-0.0005913484834203459,0.008264462809917356,0.008264462809917356,-0.155
multidisciplinary_share,Multidisciplinary Journals,-0.0018396908240937836,0.0,0.0,0.0
multidisciplinary_share,Multidisciplinary Journals,0.0037313531607794928,0.0,0.0,-0.31
multidisciplinary_share,Multidisciplinary Journals,0.0040519917885376375,0.0,0.0,-0.31
multidisciplinary_share,Multidisciplinary Journals,0.0012680159032150604,0.0,0.0,-0.31
multidisciplinary_share,Multidisciplinary Journals,0.00027761664585239186,0.0,0.0,-0.22733333333333333
multidisciplinary_share,Multidisciplinary Journals,-0.0008409227573686017,0.0,0.0,0.0
multidisciplinary_share,Multidisciplinary Journals,0.002181066847289552,0.0,0.0,-0.062
multidisciplinary_share,Multidisciplinary Journals,0.0004605998109994465,0.0,0.0,0.186
multidisciplinary_share,Multidisciplinary Journals,0.0042451666140141805,0.0,0.0,0.0
multidisciplinary_share,Multidisciplinary Journals,0.0016472194741490817,0.0,0.0,0.13285714285714284
multidisciplinary_share,Multidisciplinary Journals,-0.0008132225574924652,0.0,0.0,0.15499999999999997
multidisciplinary_share,Multidisciplinary Journals,0.0004791415402437143,0.0,0.0,0.22733333333333333
multidisciplinary_share,Multidisciplinary Journals,0.0006756145937759413,0.0,0.0,-0.186
multidisciplinary_share,Multidisciplinary Journals,0.00036161188089828803,0.0,0.0,-0.062
multidisciplinary_share,Multidisciplinary Journals,0.00036555548378387813,0.0,0.0,-0.020666666666666667
multidisciplinary_share,Multidisciplinary Journals,7.769217664586718e-05,0.0,0.0,-0.07750000000000001
multidisciplinary_share,Multidisciplinary Journals,0.0001424130704382112,0.0,0.0,0.15499999999999997
multidisciplinary_share,Multidisciplinary Journals,2.8990883706760267e-05,0.0,0.0,-0.155
multidisciplinary_share,Multidisciplinary Journals,-0.000277521465874232,0.0,0.0,-0.06888888888888889
multidisciplinary_share,Multidisciplinary Journals,0.0008668420698351125,0.19161676646706588,0.19161676646706588,-0.31
multidisciplinary_share,Multidisciplinary Journals,0.0009498065368217815,0.02857142857142857,0.02857142857142857,-0.062
multidisciplinary_share,Multidisciplinary Journals,-0.00037608744452808095,0.0,0.0,-0.17222222222222222
multidisciplinary_share,Multidisciplinary Journals,0.00016119493788076706,0.0,0.0,0.23249999999999998
multidisciplinary_share,Multidisciplinary Journals,0.0004138856887242078,1.0,1.0,0.10333333333333333
multidisciplinary_share,Multidisciplinary Journals,-0.00040193928310664986,0.0,0.0,-0.31
multidisciplinary_share,Multidisciplinary Journals,-0.00015992612605531336,0.00819672131147541,0.00819672131147541,0.2066666666666666
multidisciplinary_share,Multidisciplinary Journals,0.0001699244093472173,0.23056994818652848,0.23056994818652848,0.27125000000000005
multidisciplinary_share,Multidisciplinary Journals,0.003857634476599302,0.041666666666666664,0.041666666666666664,0.0
multidisciplinary_share,Multidisciplinary Journals,-0.0004732010890601588,0.0,0.0,0.2066666666666666
multidisciplinary_share,Multidisciplinary Journals,0.00013723419511718643,0.0,0.0,0.07750000000000001
multidisciplinary_share,Multidisciplinary Journals,0.0015298038969593193,1.0,1.0,-0.22142857142857142
multidisciplinary_share,Multidisciplinary Journals,-0.00011275403710993559,0.0,0.0,0.2755555555555556
multidisciplinary_share,Multidisciplinary Journals,0.001730695718864851,0.02142857142857143,0.02142857142857143,0.31
multidisciplinary_share,Multidisciplinary Journals,0.001692782887410093,0.18209876543209877,0.18209876543209877,0.22142857142857136
multidisciplinary_share,Multidisciplinary Journals,-0.0007740353813116876,0.08333333333333333,0.08333333333333333,0.23249999999999998
multidisciplinary_share,Multidisciplinary Journals,-4.560573562321387e-05,0.0,0.0,-0.27125
multidisciplinary_share,Multidisciplinary Journals,8.580907408987301e-05,0.045454545454545456,0.045454545454545456,-0.03875000000000001
multidisciplinary_share,Multidisciplinary Journals,-0.0010668195613026817,1.0,1.0,0.31
multidisciplinary_share,Multidisciplinary Journals,-0.0008383613517481474,0.0,0.0,0.07750000000000001
multidisciplinary_share,Multidisciplinary Journals,6.0304645057174e-05,0.017857142857142856,0.017857142857142856,-0.11624999999999999
multidisciplinary_share,Multidisciplinary Journals,-0.000265229187089562,0.17229729729729729,0.17229729729729729,-0.034444444444444444
multidisciplinary_share,Multidisciplinary Journals,-0.002145348740593271,0.2,0.2,-0.31
multidisciplinary_share,Multidisciplinary Journals,-0.0018444682178546188,0.0,0.0,-0.155
multidisciplinary_share,Multidisciplinary Journals,0.0002955369773873414,0.0,0.0,-0.186
multidisciplinary_share,Multidisciplinary Journals,0.0021677726512149575,1.0,1.0,-0.186
multidisciplinary_share,Multidisciplinary Journals,-0.0010801527188919321,0.0,0.0,0.062
multidisciplinary_share,Multidisciplinary Journals,-0.00021509364078491717,0.06870229007633588,0.06870229007633588,0.06888888888888889
