feature_key,feature_label,shap_value,feature_value_raw,feature_value_norm,y_offset
journal_impact,Journal Impact Factor,0.0030624754093456314,1.2431504909553044,0.34895241768222013,-0.1076842105263158
journal_impact,Journal Impact Factor,0.009898301221784983,1.3348818380563303,0.38462161833257613,-0.0504651162790698
journal_impact,Journal Impact Factor,0.0008817066973337084,1.0216429945489618,0.2628205163794485,-0.1076388888888889
journal_impact,Journal Impact Factor,7.197241118248112e-05,1.2329116020621727,0.3449710853034031,-0.2540277777777778
journal_impact,Journal Impact Factor,0.014379575408622648,1.6023331368279572,0.48861849989561584,-0.22545454545454546
journal_impact,Journal Impact Factor,-0.004229567436399131,1.2741278978648023,0.3609978021402256,-0.06739130434782609
journal_impact,Journal Impact Factor,0.003006416223909081,1.1462309206181431,0.31126580661026915,-0.12726315789473686
journal_impact,Journal Impact Factor,0.01603475374250807,1.562184468409505,0.47300692375594333,0.22545454545454552
journal_impact,Journal Impact Factor,-0.0048692623667023075,1.8358243720754748,0.5794102083284034,-0.20217391304347826
journal_impact,Journal Impact Factor,0.003696810706883813,1.520045069909486,0.45662126380562007,0.04894736842105263
journal_impact,Journal Impact Factor,0.013847965954545826,1.5610349911706882,0.4725599562189986,0.28333333333333327
journal_impact,Journal Impact Factor,0.014713355574397367,1.6265719995295203,0.49804364064151924,-0.05636363636363634
journal_impact,Journal Impact Factor,0.01180629092625243,1.4814771212583864,0.4416243413512532,-0.18333333333333335
journal_impact,Journal Impact Factor,0.013427233622781679,1.5955233470707457,0.4859705527661661,0.2033333333333333
journal_impact,Journal Impact Factor,0.009061901078321243,1.529936577715977,0.4604675190698726,-0.1874418604651163
journal_impact,Journal Impact Factor,0.016101040546726016,1.4299526520094616,0.4215893512401962,0.2818181818181818
journal_impact,Journal Impact Factor,0.010789826987185025,1.490674213028321,0.4452005769796284,0.15860465116279066
journal_impact,Journal Impact Factor,0.015606495876615022,1.5924660429455448,0.4847817378437073,0.16909090909090913
journal_impact,Journal Impact Factor,0.0020289846429696803,1.145352763341848,0.3109243402622797,0.1851388888888889
journal_impact,Journal Impact Factor,-0.0007548181625143617,1.2290674113966829,0.3434762941276606,0.19375000000000003
journal_impact,Journal Impact Factor,0.0015312556797213034,1.099252697203639,0.2929985977430131,0.03875000000000001
journal_impact,Journal Impact Factor,-0.0011060879304745377,1.1628129775298575,0.3177136429701578,0.062
journal_impact,Journal Impact Factor,-0.0032352464115561978,0.9398042229852236,0.23099798617425346,0.31
journal_impact,Journal Impact Factor,0.0030554144626127977,1.330797693677664,0.3830335225514553,-0.11421052631578948
journal_impact,Journal Impact Factor,0.0023199724832617696,1.150446634789176,0.31290506253971184,0.27125000000000005
journal_impact,Journal Impact Factor,-0.0010670514364132361,1.0678521268152268,0.2807886686280904,0.07750000000000001
journal_impact,Journal Impact Factor,0.00159738644254716,1.134468604962393,0.3066920985977213,0.051666666666666694
journal_impact,Journal Impact Factor,-0.0026524173265193023,1.1604659781302966,0.31680102590789005,-0.279
journal_impact,Journal Impact Factor,0.0013626212845226284,1.1484688658495714,0.31213601859370826,0.0043055555555555625
journal_impact,Journal Impact Factor,0.0003750044075552263,0.9332142700236056,0.22843552130381517,-0.19805555555555554
journal_impact,Journal Impact Factor,0.0007348207382030099,1.1040109614158629,0.2948488210995534,-0.13777777777777778
journal_impact,Journal Impact Factor,-0.003320577371775533,0.7895818624537039,0.17258489523743703,0.28304347826086956
journal_impact,Journal Impact Factor,0.0003090091936667136,0.9987039454974637,0.2539008006093844,-0.2152777777777778
journal_impact,Journal Impact Factor,0.004538874111719917,1.3383504242284305,0.3859703578862364,0.17947368421052629
journal_impact,Journal Impact Factor,0.0006338559265087825,0.8991915471653799,0.21520598345602818,-0.15930555555555556
journal_impact,Journal Impact Factor,-0.0012261534773744976,0.88179404296746,0.20844106516296548,0.030999999999999972
journal_impact,Journal Impact Factor,0.0011399040321874948,0.9685354776849913,0.2421699674130533,-0.04305555555555557
journal_impact,Journal Impact Factor,0.000917962848989086,0.9140442015789505,0.2209813517157419,-0.10333333333333333
journal_impact,Journal Impact Factor,0.001186452214063174,0.9456039195443919,0.23325316444011196,-0.03013888888888888
journal_impact,Journal Impact Factor,-0.030870747533686932,0.5102014238220429,0.06394943704055485,-0.051666666666666694
journal_impact,Journal Impact Factor,-0.0009164966269096424,0.7879402970982554,0.17194658209918476,0.15499999999999997
journal_impact,Journal Impact Factor,-0.030032229051284907,0.480008552725697,0.05220911476926168,0.15499999999999997
journal_impact,Journal Impact Factor,-0.028118325597641353,0.5299490112534496,0.07162817152676644,-0.31
journal_impact,Journal Impact Factor,-0.024730227566915362,0.5689165009106955,0.08678045317694434,-0.155
journal_impact,Journal Impact Factor,-0.029948613247391686,0.5201951381471528,0.06783543471496047,0.2066666666666666
journal_impact,Journal Impact Factor,-0.02648736893884005,0.3525967647159515,0.002665782251370331,0.13285714285714284
journal_impact,Journal Impact Factor,-0.024478784567417772,0.5026696646838607,0.06102075631755071,0.07750000000000001
journal_impact,Journal Impact Factor,-0.0318538660716661,0.4413074794144586,0.03716042756528556,-0.31
journal_impact,Journal Impact Factor,-0.02744675034097031,0.5747124591632643,0.08903417782403014,-0.13285714285714287
journal_impact,Journal Impact Factor,-0.0011937746236571794,1.0619142069675436,0.27847974304064116,0.03875000000000001
journal_impact,Journal Impact Factor,0.0004791468227624916,1.0152357213970176,0.2603290854902167,-0.18513888888888888
journal_impact,Journal Impact Factor,-0.001005901573033037,0.9163625830620914,0.22188284086770158,0.10849999999999999
journal_impact,Journal Impact Factor,0.00035320508034352636,1.2125247200243006,0.33704376482872245,-0.20666666666666667
journal_impact,Journal Impact Factor,-0.0003652595934300087,1.2384016264271616,0.34710584933814975,0.29450000000000004
journal_impact,Journal Impact Factor,0.0018062925528212093,1.0099426275829206,0.25827089675449205,0.1076388888888889
journal_impact,Journal Impact Factor,0.0016727509074172145,1.1247638295819338,0.30291845315096905,0.07750000000000001
journal_impact,Journal Impact Factor,0.00048407263844266305,1.095544540152082,0.29155670244663917,-0.18083333333333335
journal_impact,Journal Impact Factor,-0.0005008969676546849,0.9335343801162524,0.228559994251021,0.27125000000000005
journal_impact,Journal Impact Factor,0.0004966766219775037,1.1022179710153763,0.29415162721349086,-0.17652777777777778
journal_impact,Journal Impact Factor,0.006053014551898557,1.4647962355247228,0.4351380759789107,-0.155
journal_impact,Journal Impact Factor,0.00023158132303412914,1.0495409727152745,0.2736684828860074,-0.2238888888888889
journal_impact,Journal Impact Factor,0.0025146992163229296,1.1072072389426466,0.2960916750207055,0.30569444444444444
journal_impact,Journal Impact Factor,0.0020674374204863585,1.1356106171877627,0.30713616340761674,0.20236111111111116
journal_impact,Journal Impact Factor,0.003973751485944065,1.2911008158204775,0.36759762254312733,0.10115789473684211
journal_impact,Journal Impact Factor,-0.0002722258416334888,0.9833557603170309,0.24793274809384955,-0.31
journal_impact,Journal Impact Factor,0.0002793967282163541,1.060917773055339,0.278092285510882,-0.21958333333333332
journal_impact,Journal Impact Factor,0.010596958425964791,1.4784141498598888,0.4404333227425437,0.1369767441860465
journal_impact,Journal Impact Factor,0.0010012205807732333,1.2892017511111717,0.36685918227919406,-0.07750000000000001
journal_impact,Journal Impact Factor,0.0009750367804099509,0.948684542509986,0.23445104675799455,-0.08611111111111111
journal_impact,Journal Impact Factor,0.00506945450150605,1.319861076278526,0.3787808825022864,0.24473684210526309
journal_impact,Journal Impact Factor,0.016038593389566307,1.4538261243429922,0.43087241206723925,0.2536363636363637
journal_impact,Journal Impact Factor,0.0008353303610009363,1.0748576656916744,0.283512731663736,-0.11624999999999999
journal_impact,Journal Impact Factor,0.0028634132806057014,1.30306113640847,0.3722483236216349,-0.20557894736842106
journal_impact,Journal Impact Factor,0.015244637875190063,1.6668745351919658,0.5137150471638575,0.056363636363636394
journal_impact,Journal Impact Factor,0.00286378785503577,1.3122620489338412,0.37582604492853333,-0.19905263157894737
journal_impact,Journal Impact Factor,0.0030730206067461157,1.2489750285605647,0.3512172552443325,-0.10115789473684211
journal_impact,Journal Impact Factor,0.007335417021504364,1.288231077315264,0.36648174142079104,-0.011071428571428565
journal_impact,Journal Impact Factor,0.00833296689529482,1.317961420076523,0.378042212239859,-0.31
journal_impact,Journal Impact Factor,0.002014944746849311,1.0599910146264047,0.27773192088743803,0.18083333333333335
journal_impact,Journal Impact Factor,0.0071652960190519,1.3112351211953794,0.3754267300518394,-0.04428571428571432
journal_impact,Journal Impact Factor,0.0065823307082183095,1.5105211950530362,0.4529179604751952,-0.08857142857142858
journal_impact,Journal Impact Factor,0.00879335710218725,1.3315949208018492,0.383343519680628,-0.24511627906976746
journal_impact,Journal Impact Factor,0.0032029134659399034,1.2094109373059423,0.3358329885338926,-0.08810526315789474
journal_impact,Journal Impact Factor,0.01160017414516275,1.5661500026556054,0.47454889867705996,-0.24333333333333335
journal_impact,Journal Impact Factor,0.010869691517999602,1.621462854727913,0.4960569794091321,0.18744186046511624
journal_impact,Journal Impact Factor,0.020589173655654627,1.6682219024448273,0.5142389630814893,-0.10333333333333333
journal_impact,Journal Impact Factor,0.008411937743179965,1.595808782661468,0.48608154273502613,-0.2955813953488372
journal_impact,Journal Impact Factor,0.0053444910502368605,1.529180733792729,0.4601736135576272,0.3034736842105263
journal_impact,Journal Impact Factor,0.012434058247718599,1.4422865488900194,0.4263853152866949,-0.030000000000000027
journal_impact,Journal Impact Factor,0.011326435318789813,1.5320725738081529,0.46129808872362776,-0.2966666666666667
journal_impact,Journal Impact Factor,0.010999026020907033,1.408460669826488,0.4132323190032871,0.23069767441860461
journal_impact,Journal Impact Factor,0.013700703977978995,1.4607160226398923,0.43355150893629557,0.22999999999999993
journal_impact,Journal Impact Factor,0.00862517866642824,1.5496448919384518,0.46813098239727263,-0.27395348837209305
journal_impact,Journal Impact Factor,0.010368955518474861,1.6902132587836078,0.5227901740536508,0.08651162790697675
journal_impact,Journal Impact Factor,-0.00047665337197094553,1.1760642432061812,0.3228663205358695,0.27899999999999997
journal_impact,Journal Impact Factor,0.001622574123220799,1.235626594098797,0.34602679416170445,0.0559722222222222
journal_impact,Journal Impact Factor,0.0020412554069248467,1.1230206573954584,0.3022406307875949,0.18944444444444447
journal_impact,Journal Impact Factor,-0.0011517759326812925,1.2014750258933193,0.3327471555502284,0.046499999999999986
journal_impact,Journal Impact Factor,-0.0016783711227948313,1.0720220346702571,0.2824101130380451,-0.093
journal_impact,Journal Impact Factor,0.008289164541386482,1.4978661367769954,0.447997114688499,0.31
journal_impact,Journal Impact Factor,0.00470962484800202,1.151338792981736,0.3132519730625371,0.1925263157894737
journal_impact,Journal Impact Factor,0.0014935332343555526,1.126377765572932,0.3035460227715955,0.034444444444444444
journal_impact,Journal Impact Factor,0.0025667154059797787,1.2150592508579263,0.3380293023981157,-0.31
journal_impact,Journal Impact Factor,0.001719547554982881,1.1304368505084499,0.3051243743340376,0.09041666666666665
journal_impact,Journal Impact Factor,0.003593403693186743,1.238126178686137,0.34699874308653794,0.003263157894736801
journal_impact,Journal Impact Factor,0.00235906606758363,0.9040535286268344,0.21709653666153098,0.2841666666666666
journal_impact,Journal Impact Factor,0.001966907433705185,1.0922343232974405,0.2902695438807199,0.13777777777777778
journal_impact,Journal Impact Factor,-0.025407934614748134,0.7619862663093672,0.16185450822094102,-0.31
journal_impact,Journal Impact Factor,0.002120169716784766,1.0047112986604168,0.25623672493753075,0.2195833333333333
journal_impact,Journal Impact Factor,0.011293566976955341,1.4586150226995167,0.432734547332569,-0.30333333333333334
journal_impact,Journal Impact Factor,0.0033370593948342164,0.9294175518451278,0.22695918952846433,-0.04894736842105263
journal_impact,Journal Impact Factor,-0.003980757230736069,0.840166031805869,0.1922542552040671,0.013478260869565217
journal_impact,Journal Impact Factor,0.0008473759994322312,0.8820115945397641,0.20852565882619564,-0.11194444444444446
journal_impact,Journal Impact Factor,0.002266261134051873,0.9334718314101027,0.22853567255052729,0.25833333333333336
journal_impact,Journal Impact Factor,0.003120812842944942,0.9935596061446325,0.2519004541805069,-0.09463157894736843
journal_impact,Journal Impact Factor,-0.05893547704060848,0.525839761471308,0.0700303136555611,-0.31
journal_impact,Journal Impact Factor,-0.0008765006835920142,0.7729506884859726,0.16611795999606685,0.17049999999999998
journal_impact,Journal Impact Factor,-0.04998713514622956,0.4101959532417118,0.02506289161203784,0.31
journal_impact,Journal Impact Factor,-0.04373230194987486,0.5609256462394696,0.08367325582681841,0.31
journal_impact,Journal Impact Factor,-0.04418520349758261,0.557347183498324,0.08228179140851906,0.0
journal_impact,Journal Impact Factor,-0.03712017474081873,0.4930175283217091,0.05726757924682685,-0.31
journal_impact,Journal Impact Factor,-0.03430188786017566,0.5471801672814298,0.07832840630171987,-0.31
journal_impact,Journal Impact Factor,-0.04133398343175393,0.507878967014414,0.06304636322237722,0.31
journal_impact,Journal Impact Factor,0.00022134911144665754,1.114532004402495,0.29893986745612655,-0.22819444444444445
journal_impact,Journal Impact Factor,-0.002567326194844674,1.1542889823218172,0.314399137023969,-0.248
journal_impact,Journal Impact Factor,0.0005317561830679099,0.911711092990708,0.22007413601464204,-0.17222222222222222
journal_impact,Journal Impact Factor,-0.002584904929474103,1.157989392569873,0.31583802002087047,-0.2635
journal_impact,Journal Impact Factor,0.009017782936476836,1.3456748925924253,0.38881843479766326,-0.19465116279069766
journal_impact,Journal Impact Factor,0.0020424491377123914,1.1077443080622873,0.2963005112233449,0.19375000000000003
journal_impact,Journal Impact Factor,0.002137646837618533,1.1154641602102098,0.2993023308189087,0.22388888888888886
journal_impact,Journal Impact Factor,0.004464983067022287,1.2101696089196203,0.3361279935771109,0.16642105263157891
journal_impact,Journal Impact Factor,0.0026927517511971563,1.213332259456367,0.3373577718388204,-0.2577894736842105
journal_impact,Journal Impact Factor,0.002008870928312728,1.0335848007707704,0.2674640182543773,0.17652777777777778
journal_impact,Journal Impact Factor,0.0016565205316977705,1.211308835772415,0.3365709753110852,0.06458333333333333
journal_impact,Journal Impact Factor,0.013308185583587928,1.466138251842517,0.43565991121657205,0.18999999999999995
journal_impact,Journal Impact Factor,-0.002616727275937924,1.2057093891817083,0.3343936630804591,-0.27125
journal_impact,Journal Impact Factor,0.004322153904828652,1.1018460178839087,0.29400699540224934,0.14684210526315788
journal_impact,Journal Impact Factor,0.005230932600263879,1.2504689917512228,0.3517981741395183,0.29042105263157897
journal_impact,Journal Impact Factor,0.010170719904584005,1.3433270934517076,0.3879055067606994,0.014418604651162792
journal_impact,Journal Impact Factor,0.0032455619954715655,1.0810838350316703,0.285933741389308,-0.06852631578947369
journal_impact,Journal Impact Factor,0.0012537617685018303,1.2460545177434876,0.3500816316039086,-0.012916666666666687
journal_impact,Journal Impact Factor,0.00374694229781801,1.5024724772163232,0.4497882633698029,0.06852631578947366
journal_impact,Journal Impact Factor,0.0007152766583420709,1.0695069229137968,0.2814321264638323,-0.1463888888888889
journal_impact,Journal Impact Factor,3.314040335596688e-06,1.205443611567599,0.3342903170014399,-0.26694444444444443
journal_impact,Journal Impact Factor,0.004758915218618654,1.513363814609642,0.45402329655213663,0.21210526315789474
journal_impact,Journal Impact Factor,0.003622162643868426,1.5192505935792822,0.45631233630668355,0.022842105263157886
journal_impact,Journal Impact Factor,0.0005787042011802097,1.237279393248423,0.3466694754954673,-0.16791666666666666
journal_impact,Journal Impact Factor,0.010354030736277784,1.4942593526211199,0.44659463765284885,0.07930232558139533
journal_impact,Journal Impact Factor,0.010281256695696244,1.6531328506518124,0.5083716730760791,0.06488372093023254
journal_impact,Journal Impact Factor,0.002579257743274759,1.8980182409603004,0.6035939324160001,-0.30347368421052634
journal_impact,Journal Impact Factor,0.010481070142369445,1.4056086796527245,0.4121233392163798,0.10813953488372091
journal_impact,Journal Impact Factor,0.01181916429445048,1.4014614182353184,0.410510700741944,-0.17666666666666667
journal_impact,Journal Impact Factor,0.012407936960534287,1.4612269798010338,0.4337501916557852,-0.043333333333333335
journal_impact,Journal Impact Factor,-0.00035473446252960543,1.2215913851680469,0.34056928482229354,0.30224999999999996
journal_impact,Journal Impact Factor,0.007241914494605181,1.31613716389704,0.37733286083753015,-0.03321428571428575
journal_impact,Journal Impact Factor,0.01246465574456684,1.6885508450240443,0.5221437541347491,0.0033333333333332993
journal_impact,Journal Impact Factor,0.009720109251823051,1.3381880567402,0.38590722223305113,-0.07209302325581396
journal_impact,Journal Impact Factor,0.012421515427635685,1.3909497623684706,0.40642330451228714,-0.03666666666666668
journal_impact,Journal Impact Factor,0.012353718803089492,1.6533967548826893,0.5084742907009272,-0.07
journal_impact,Journal Impact Factor,0.00321410837312162,1.9028387644661995,0.6054683649366771,-0.07505263157894737
journal_impact,Journal Impact Factor,0.012773129302087754,1.645697303971947,0.5054804040077516,0.08333333333333331
journal_impact,Journal Impact Factor,0.010080685327215132,1.6253403083676055,0.4975647046988776,-0.014418604651162792
journal_impact,Journal Impact Factor,0.012464831316517216,1.6980293915035636,0.5258294317895136,0.009999999999999953
journal_impact,Journal Impact Factor,0.010895404934527952,1.4839737355742295,0.4425951353032953,0.20186046511627903
journal_impact,Journal Impact Factor,0.013155234467101408,1.6745122699062813,0.5166849358731019,0.14999999999999997
journal_impact,Journal Impact Factor,0.005820302366589209,1.52190413698379,0.45734415122187905,-0.21035714285714285
journal_impact,Journal Impact Factor,0.011908747144824977,1.5853435650212455,0.48201220373962644,-0.16333333333333333
journal_impact,Journal Impact Factor,0.011150848901910822,1.706043978281028,0.528945857231083,0.29558139534883715
journal_impact,Journal Impact Factor,0.0012206702627693034,1.862978566271196,0.5899689587651457,-0.021527777777777757
journal_impact,Journal Impact Factor,-0.0018821490677760034,1.1573983877741947,0.31560821124438804,-0.124
journal_impact,Journal Impact Factor,-0.0013846347957009206,1.2017949294472932,0.3328715481860728,0.0
journal_impact,Journal Impact Factor,0.0022236543938666865,1.1100671971992855,0.2972037531502826,0.24541666666666667
journal_impact,Journal Impact Factor,-0.0006759509159137375,1.1990297967699577,0.3317963424313365,0.22474999999999995
journal_impact,Journal Impact Factor,0.0006742570151158696,1.1293166027324313,0.3046887725036523,-0.155
journal_impact,Journal Impact Factor,0.003680487911508156,1.2664561811562876,0.3580146997302356,0.042421052631578915
journal_impact,Journal Impact Factor,0.0007230103470150219,1.1555572005871475,0.31489227631826816,-0.14208333333333334
journal_impact,Journal Impact Factor,-0.001039233651443248,1.1539965745973535,0.3142854359814658,0.08524999999999999
journal_impact,Journal Impact Factor,-0.0013972118373629103,1.1524843968777774,0.3136974344726778,-0.015500000000000014
journal_impact,Journal Impact Factor,-0.0005762740871712837,1.1604399981683313,0.31679092375082474,0.25575
journal_impact,Journal Impact Factor,0.0022156357797796346,1.2262291438401773,0.3423726503006394,0.23680555555555555
journal_impact,Journal Impact Factor,0.0033449211713941955,0.992360584255806,0.2514342214946441,-0.03589473684210526
journal_impact,Journal Impact Factor,0.002894793383789868,1.0797277214421166,0.2854064245095374,-0.17294736842105263
journal_impact,Journal Impact Factor,0.000985695625277977,0.7692193373118018,0.16466704580005204,-0.08180555555555555
journal_impact,Journal Impact Factor,0.0029535668867632426,1.043242042096493,0.27121918036048637,-0.1533684210526316
journal_impact,Journal Impact Factor,0.002108012779705237,1.0439227587522597,0.2714838730718432,0.21527777777777773
journal_impact,Journal Impact Factor,0.0051659892149549655,0.9742517178240929,0.2443926941354973,0.27736842105263154
journal_impact,Journal Impact Factor,0.002983620561774718,0.9847403994495885,0.24847115696506278,-0.13378947368421054
journal_impact,Journal Impact Factor,0.002972275769297729,0.9711764884686,0.2431969090915239,-0.1468421052631579
journal_impact,Journal Impact Factor,0.002907897717065145,1.0317009266177926,0.26673148474989733,-0.16642105263157894
journal_impact,Journal Impact Factor,0.004510190079779601,1.0296194171811583,0.26592210191515986,0.17294736842105263
journal_impact,Journal Impact Factor,-0.040438573090084015,0.5887692491769407,0.09450007884198366,-0.31
journal_impact,Journal Impact Factor,-0.0005879770689696193,0.8102102046116776,0.180606106075065,0.24800000000000005
journal_impact,Journal Impact Factor,-0.050034050508858785,0.41846924734210894,0.02827991389103554,0.186
journal_impact,Journal Impact Factor,-0.026357322358184627,0.6450536040281738,0.11638592277768249,0.31
journal_impact,Journal Impact Factor,-0.07410050813073618,0.5783594724665155,0.09045229772959437,-0.31
journal_impact,Journal Impact Factor,-0.03636007330704856,0.6009139886724365,0.09922249013977107,-0.034444444444444444
journal_impact,Journal Impact Factor,-0.07410050813073618,0.5783594724665155,0.09045229772959437,0.31
journal_impact,Journal Impact Factor,0.004117453994367427,1.220478807421251,0.3401366654381491,0.11421052631578943
journal_impact,Journal Impact Factor,0.0028492620719094844,1.2302982433206342,0.34395489596061896,-0.21863157894736843
journal_impact,Journal Impact Factor,0.001132121255904914,1.2306062770491828,0.3440746730839024,-0.04736111111111113
journal_impact,Journal Impact Factor,0.0038064289635123356,1.1461537653545781,0.3112358052349018,0.08157894736842103
journal_impact,Journal Impact Factor,0.010148263366556515,1.3878029517950687,0.4051996855281713,0.007209302325581368
journal_impact,Journal Impact Factor,-0.004245890319634424,0.8188357250887673,0.18396008953147527,-0.09434782608695652
journal_impact,Journal Impact Factor,0.0037369701687070384,1.23152001843178,0.34442997610460807,0.062
journal_impact,Journal Impact Factor,0.01723813390176811,1.3512482220912925,0.39098559154907025,-0.31
journal_impact,Journal Impact Factor,0.012438956172616112,1.4489633590204753,0.4289815540619226,-0.023333333333333373
journal_impact,Journal Impact Factor,-0.003395875561419447,1.1908962176140796,0.32863364749568863,0.25608695652173913
journal_impact,Journal Impact Factor,0.00187986096614247,1.2483225530264737,0.35096354392883955,0.12055555555555558
journal_impact,Journal Impact Factor,0.012014212276982609,1.5305327079082414,0.4606993208269992,-0.14333333333333334
journal_impact,Journal Impact Factor,0.00907147018732833,1.3501676930864592,0.39056543413178646,-0.1730232558139535
journal_impact,Journal Impact Factor,-0.006737408303689756,1.2761360542232345,0.36177866205725395,0.062
journal_impact,Journal Impact Factor,0.013175522223142987,1.4919888702121764,0.445711773777226,0.16333333333333333
journal_impact,Journal Impact Factor,0.009846155457378498,1.6310938244362712,0.49980192594967066,-0.06488372093023256
journal_impact,Journal Impact Factor,0.0016909733564791074,1.2557430671583756,0.353848967678347,0.08180555555555558
journal_impact,Journal Impact Factor,0.010486051240006577,1.4015600125696186,0.4105490385752397,0.11534883720930234
journal_impact,Journal Impact Factor,0.005512254495269898,1.849160886390156,0.5845960343311853,-0.29892857142857143
journal_impact,Journal Impact Factor,0.0058660069174498765,1.2921304610013822,0.36799799408150574,-0.1992857142857143
journal_impact,Journal Impact Factor,0.0108698475326529,1.5369826689832704,0.4632073506667749,0.19465116279069766
journal_impact,Journal Impact Factor,-0.013641535461245038,1.7667116393805609,0.5525361243004613,0.0
journal_impact,Journal Impact Factor,0.001419780211253151,2.48267947461331,0.8309360517101434,0.012916666666666687
journal_impact,Journal Impact Factor,0.012629553873269684,1.6965826049824457,0.5252668572678166,0.05666666666666664
journal_impact,Journal Impact Factor,0.007624652681993119,1.5768996247165632,0.47872882667686906,0.13285714285714284
journal_impact,Journal Impact Factor,0.0033393636880127025,2.0826395900892654,0.6753828699442799,-0.04242105263157897
journal_impact,Journal Impact Factor,0.005173143530833957,1.7348260830922486,0.5401376112398882,0.28389473684210526
journal_impact,Journal Impact Factor,0.007658766257373615,1.8738256702700757,0.5941867920493905,0.16607142857142854
journal_impact,Journal Impact Factor,0.01280185907114435,1.7373867340479612,0.5411333054667945,0.10333333333333333
journal_impact,Journal Impact Factor,0.011005071370173357,1.619001789879652,0.49510000866074133,0.23790697674418598
journal_impact,Journal Impact Factor,0.012971229131192462,1.4323975692524724,0.422540043086228,0.1233333333333333
journal_impact,Journal Impact Factor,0.010457872557510932,1.3336721644400098,0.3841512437844464,0.10093023255813954
journal_impact,Journal Impact Factor,0.007437100271733464,2.448917120719483,0.8178077568194018,0.04428571428571426
journal_impact,Journal Impact Factor,0.010725672713952916,1.6031941515923436,0.48895330047758034,0.1513953488372093
journal_impact,Journal Impact Factor,0.014576995460152318,1.6327958541960266,0.500463750319771,-0.11272727272727273
journal_impact,Journal Impact Factor,0.008560081017414243,2.0261674653178847,0.6534240127675297,-0.2811627906976744
journal_impact,Journal Impact Factor,0.004248617421351958,1.9832836295769893,0.63674888272704,0.1272631578947368
journal_impact,Journal Impact Factor,0.012440248645159547,1.9099945100545679,0.6082508349783883,-0.016666666666666663
journal_impact,Journal Impact Factor,0.010259302230216696,1.7299610760072257,0.5382458815382631,0.043255813953488376
journal_impact,Journal Impact Factor,0.007438803579581032,2.448917120719483,0.8178077568194018,0.06642857142857139
journal_impact,Journal Impact Factor,0.011120690145175876,1.646084337056093,0.5056308995708608,0.2883720930232558
journal_impact,Journal Impact Factor,-0.002861652422021258,1.8118583748276518,0.5700911697267244,-0.30225
journal_impact,Journal Impact Factor,0.010966460323913766,2.121821688143757,0.6906186008211891,0.22348837209302325
journal_impact,Journal Impact Factor,0.009216826311914193,1.8831131147625135,0.5977981608082616,-0.15139534883720931
journal_impact,Journal Impact Factor,0.0074381393614931434,1.989158744787316,0.6390333870966347,0.05535714285714283
journal_impact,Journal Impact Factor,0.005702943503582946,1.8660309886806536,0.5911558754608385,-0.23249999999999998
journal_impact,Journal Impact Factor,-0.003486851106002803,1.1844203865327008,0.326115558254449,0.20217391304347826
journal_impact,Journal Impact Factor,0.0055869388293194825,1.2487795086351556,0.3511412284588229,-0.2767857142857143
journal_impact,Journal Impact Factor,-0.011045750862170503,1.1519738361776763,0.3134989059147571,-0.04428571428571432
journal_impact,Journal Impact Factor,-0.002408637781372479,1.1981114224783507,0.33143923793091545,-0.20925
journal_impact,Journal Impact Factor,-0.005909116471304573,1.1613010466745928,0.3171257374531211,-0.31
journal_impact,Journal Impact Factor,-0.0017169014862946689,1.1758146336234252,0.3227692613017805,-0.10075
journal_impact,Journal Impact Factor,0.004749450485393833,1.2145851579156093,0.3378449541156491,0.20557894736842103
journal_impact,Journal Impact Factor,-0.0023767168870044287,1.1584373362032205,0.31601220029667443,-0.2015
journal_impact,Journal Impact Factor,0.002765569225415943,0.9631994217546321,0.24009507310836284,-0.24473684210526314
journal_impact,Journal Impact Factor,0.0013528774011457784,1.0830690381621344,0.28670567607717706,0.0
journal_impact,Journal Impact Factor,-0.02171399576852887,0.7412115007043408,0.15377636147778137,0.31
journal_impact,Journal Impact Factor,0.0017936906673064786,1.061374917530114,0.2782700434803468,0.10333333333333333
journal_impact,Journal Impact Factor,0.0015355892572225987,1.0594529192181985,0.27752268561846066,0.04305555555555557
journal_impact,Journal Impact Factor,0.0016680548113871853,0.9595060510763125,0.2386589274071988,0.07319444444444445
journal_impact,Journal Impact Factor,0.0009373464089442737,1.0173929491385243,0.26116791094729386,-0.09472222222222221
journal_impact,Journal Impact Factor,0.0014201214251191375,0.8789289587761868,0.20732699384352724,0.017222222222222194
journal_impact,Journal Impact Factor,-0.031717521955376755,0.6335730271532738,0.11192176725098286,-0.20666666666666667
journal_impact,Journal Impact Factor,-0.0018654962892075177,0.7884573603642702,0.1721476391420307,-0.11624999999999999
journal_impact,Journal Impact Factor,-0.07780851880070869,0.45807392662854046,0.04367996302151349,0.0
journal_impact,Journal Impact Factor,-0.016027450036088582,0.6721930590366677,0.12693894196722028,-0.31
journal_impact,Journal Impact Factor,-0.023582664078068583,0.6489330512192213,0.11789442324827445,0.31
journal_impact,Journal Impact Factor,-0.024152619868708702,0.6446140432195607,0.11621500211450739,0.23249999999999998
journal_impact,Journal Impact Factor,0.01309104515875894,1.7305449271738556,0.5384729086677081,0.1433333333333333
journal_impact,Journal Impact Factor,0.0058698694641131305,1.5232593665066443,0.45787112433745686,-0.18821428571428572
journal_impact,Journal Impact Factor,0.011857874114803458,1.4323245025549525,0.422511631525981,-0.17
journal_impact,Journal Impact Factor,-0.0013070428029318922,1.1749802119534856,0.3224448012898796,0.015500000000000014
journal_impact,Journal Impact Factor,0.013516290933840465,2.917465324592596,1.0,0.21000000000000002
journal_impact,Journal Impact Factor,0.005667279838149702,1.2604210874626411,0.35566798865811655,-0.25464285714285717
journal_impact,Journal Impact Factor,0.014064670221136728,1.5354656659184003,0.462617472850542,-0.31
journal_impact,Journal Impact Factor,0.013168639527782572,1.7189788362440408,0.533975501498254,0.15666666666666662
journal_impact,Journal Impact Factor,-0.006551627530820794,1.7443965333600715,0.5438590251480614,0.186
journal_impact,Journal Impact Factor,0.012823034794137591,1.4789621448273216,0.44064640739753314,0.10999999999999999
journal_impact,Journal Impact Factor,0.011444974222464079,1.6211116093731062,0.4959203996963725,-0.27666666666666667
journal_impact,Journal Impact Factor,0.008008463145693399,1.948649817064341,0.6232817262222964,0.2435714285714285
journal_impact,Journal Impact Factor,0.008087685026018593,1.8485512978199063,0.5843589993620765,0.27678571428571425
journal_impact,Journal Impact Factor,0.014458845630808452,1.6643166984558162,0.5127204472298558,-0.16909090909090907
journal_impact,Journal Impact Factor,-0.0013918544687589094,1.8325248997438326,0.5781272277077436,-0.007749999999999979
journal_impact,Journal Impact Factor,0.004671983890430791,2.260398130920705,0.7445032443921572,0.186
journal_impact,Journal Impact Factor,0.01771739930644794,1.353009475394854,0.39167044464963185,0.062
journal_impact,Journal Impact Factor,0.011619620114334787,1.3749052291464348,0.4001844811119525,-0.23666666666666666
journal_impact,Journal Impact Factor,0.007649947329123574,2.197325701984579,0.7199778973398535,0.15499999999999997
journal_impact,Journal Impact Factor,0.007571902015165733,1.8553403987613841,0.5869989017658904,0.11071428571428571
journal_impact,Journal Impact Factor,0.012645772216131255,2.017065287742502,0.6498846839715192,0.06999999999999995
journal_impact,Journal Impact Factor,-0.003612260152792195,1.7682906713372615,0.5531501216904139,0.09434782608695652
journal_impact,Journal Impact Factor,0.009461787586155896,1.7160736523496063,0.5328458376425316,-0.10093023255813954
journal_impact,Journal Impact Factor,0.009329977705450493,1.5946284157293114,0.4856225639205345,-0.12255813953488373
journal_impact,Journal Impact Factor,0.0073418766406831435,2.2633633880825093,0.7456562673884054,0.011071428571428565
journal_impact,Journal Impact Factor,0.01388064475738865,1.4744511599070151,0.4388923371550463,0.29
journal_impact,Journal Impact Factor,-0.0015485726319098645,1.1660011534950112,0.31895334664620295,-0.06975
journal_impact,Journal Impact Factor,0.006360483397105113,1.2926892554975522,0.36821527807041576,-0.11071428571428574
journal_impact,Journal Impact Factor,0.002660997051363915,1.891785259519605,0.6011702738447022,-0.2643157894736842
journal_impact,Journal Impact Factor,0.009182355317558559,1.3479499130070514,0.38970306325039467,-0.1586046511627907
journal_impact,Journal Impact Factor,0.011446555083669424,1.3388653424547476,0.38617058084287526,-0.27
journal_impact,Journal Impact Factor,0.011732368721195,1.7358327550577368,0.5405290497771043,-0.19666666666666666
journal_impact,Journal Impact Factor,0.0033505312899178644,1.885643130484535,0.5987819427027752,-0.022842105263157886
journal_impact,Journal Impact Factor,0.02066684895641181,1.7278082969357886,0.5374087859206613,0.10333333333333333
journal_impact,Journal Impact Factor,0.00883463018275412,1.6090684329268796,0.4912374805994251,-0.23069767441860467
journal_impact,Journal Impact Factor,0.00474338521955385,1.9088452446478341,0.6078039498111166,0.19905263157894731
journal_impact,Journal Impact Factor,0.005371520114500097,1.5053709019702044,0.45091529897304433,0.31
journal_impact,Journal Impact Factor,0.014383369017061266,1.683388403733802,0.5201363688728218,-0.19727272727272727
journal_impact,Journal Impact Factor,0.012591726529114758,1.9466356075304443,0.6224985125632047,0.04999999999999999
journal_impact,Journal Impact Factor,0.005984400610976844,1.8841561123471398,0.5982037243511462,-0.1660714285714286
journal_impact,Journal Impact Factor,0.017530844473279152,1.8499855992088032,0.5849167191127448,-0.186
journal_impact,Journal Impact Factor,0.010266420497525828,1.5849157599182802,0.48184585421420073,0.05767441860465117
journal_impact,Journal Impact Factor,0.015667417800518918,2.5639860338478804,0.8625516342474188,0.19727272727272732
journal_impact,Journal Impact Factor,-0.00016835634326557036,1.1751804757310327,0.32252267269469465,-0.3013888888888889
journal_impact,Journal Impact Factor,0.014318089018635018,1.6390029635774197,0.5028773486913264,-0.25363636363636366
journal_impact,Journal Impact Factor,0.013562499417779936,1.6675397374162604,0.5139737071787954,0.21666666666666662
journal_impact,Journal Impact Factor,0.005089523167429096,1.8603317450480015,0.5889397577310459,0.2512631578947368
journal_impact,Journal Impact Factor,0.01769345655479175,1.6835635247357936,0.5202044636556363,-0.062
journal_impact,Journal Impact Factor,0.01086139800983005,1.7175005423068876,0.533400675501134,0.17302325581395345
journal_impact,Journal Impact Factor,0.012487606819003738,1.6850077817960571,0.5207660546111958,0.016666666666666663
journal_impact,Journal Impact Factor,0.010842477903658457,1.4940719041086257,0.44652174938929373,0.16581395348837208
journal_impact,Journal Impact Factor,0.013924190584068095,1.6311911966729913,0.49983978857743205,0.3033333333333333
journal_impact,Journal Impact Factor,0.011656533504050914,1.675378407563785,0.5170217284622514,-0.22333333333333333
journal_impact,Journal Impact Factor,-0.002353034686012873,1.940581178728231,0.6201442831466061,-0.19375
journal_impact,Journal Impact Factor,0.019218544315572166,1.6524020376475006,0.5080875006910386,0.31
journal_impact,Journal Impact Factor,0.008668880845016162,1.572368657981991,0.4769669866221543,-0.2667441860465116
journal_impact,Journal Impact Factor,-0.007000732189256652,1.7725400326536263,0.5548024611165684,-0.062
journal_impact,Journal Impact Factor,0.007937028856807268,1.5505110156228266,0.4684677695530522,0.21035714285714285
journal_impact,Journal Impact Factor,0.0043930350785495575,1.7430395510225754,0.5433313704607076,0.15989473684210526
journal_impact,Journal Impact Factor,0.011014422636251587,1.6624910773961712,0.5120105651018163,0.24511627906976746
journal_impact,Journal Impact Factor,-0.002208373349988842,1.8731650792622219,0.5939299250791387,-0.16275
journal_impact,Journal Impact Factor,0.005233469626622787,1.5948676921924199,0.485715605181164,0.29694736842105257
journal_impact,Journal Impact Factor,0.008804583314731565,1.5999429701486456,0.4876890974877533,-0.23790697674418604
journal_impact,Journal Impact Factor,0.007907058771437332,1.7283898403299198,0.5376349156861963,0.19928571428571423
journal_impact,Journal Impact Factor,-0.006337290339543357,1.8186547397622768,0.5727338966920136,0.31
journal_impact,Journal Impact Factor,-0.02265230571940865,1.7439754407542654,0.5436952857381046,-0.31
journal_impact,Journal Impact Factor,0.0007966598980504151,1.163419859676948,0.3179496255623665,-0.12055555555555555
journal_impact,Journal Impact Factor,0.002099605726425907,1.2309647811174935,0.3442140753051786,0.21097222222222217
journal_impact,Journal Impact Factor,0.002492139375279267,1.1166797596750582,0.29977500959876346,0.3013888888888889
journal_impact,Journal Impact Factor,0.0001801000328301022,1.190628205717582,0.3285294326289613,-0.23249999999999998
journal_impact,Journal Impact Factor,-0.0021314957414418525,1.0406815570112848,0.27022355063136066,-0.155
journal_impact,Journal Impact Factor,0.006668676206804051,1.3315745264021501,0.3833355894369545,-0.07750000000000001
journal_impact,Journal Impact Factor,0.0009400043518142697,1.1534526496450428,0.3140739339281782,-0.09041666666666667
journal_impact,Journal Impact Factor,-0.0010117526844105774,1.152017576355458,0.3135159140284182,0.09300000000000003
journal_impact,Journal Impact Factor,0.0019799533313277213,1.1365674587934482,0.307508225699324,0.1463888888888889
journal_impact,Journal Impact Factor,0.0019805928262215905,1.1425278714909342,0.3098258975005613,0.15069444444444446
journal_impact,Journal Impact Factor,-0.000988515204107371,1.1591413874497125,0.31628596652788,0.11625000000000002
journal_impact,Journal Impact Factor,-0.0025734108516284058,0.9932517730102833,0.2517807550571109,-0.25575
journal_impact,Journal Impact Factor,0.006235622432040456,1.118482519300166,0.3004760021909851,-0.13285714285714287
journal_impact,Journal Impact Factor,0.0007624912350990932,1.179885778944895,0.3243523024751358,-0.12916666666666665
journal_impact,Journal Impact Factor,0.00415245063952106,1.2717614505744717,0.360077622878775,0.12073684210526314
journal_impact,Journal Impact Factor,0.0023817143763640567,1.130826435957473,0.3052758623693802,0.29277777777777775
journal_impact,Journal Impact Factor,0.0010173927476993664,1.2063191670236557,0.3346307716467664,-0.06458333333333333
journal_impact,Journal Impact Factor,-0.0018360241479576064,1.1889886750383472,0.32789191066271745,-0.10849999999999999
journal_impact,Journal Impact Factor,0.009569009553395706,1.33500106673234,0.3846679797096001,-0.09372093023255815
journal_impact,Journal Impact Factor,0.004836509123317193,1.1509961125780055,0.3131187237811748,0.22515789473684206
journal_impact,Journal Impact Factor,0.0019457658999761371,1.1473978390078068,0.31171955603725254,0.13347222222222221
journal_impact,Journal Impact Factor,0.005142146936526488,1.3135871522509397,0.37634130364426965,0.2643157894736842
journal_impact,Journal Impact Factor,0.0019925392125717716,1.0862776659387803,0.2879533323211374,0.1636111111111111
journal_impact,Journal Impact Factor,-0.0010066066044262156,1.1985009809370313,0.3315907154712204,0.10075
journal_impact,Journal Impact Factor,-0.0008363843740458731,0.9130804479726937,0.22060660173282473,0.17825000000000002
journal_impact,Journal Impact Factor,0.0001009929298685769,1.175358613989539,0.32259194072015124,-0.2411111111111111
journal_impact,Journal Impact Factor,0.0017355440174882907,1.1744614464969891,0.3222430823601678,0.09472222222222221
journal_impact,Journal Impact Factor,0.002596398705064645,1.1738913724373126,0.3220214123786099,-0.29042105263157897
journal_impact,Journal Impact Factor,0.004261334360641031,1.323254490688239,0.3801003919534729,0.1337894736842105
journal_impact,Journal Impact Factor,0.001371684922074806,1.112145290513167,0.2980118076455618,0.008611111111111125
journal_impact,Journal Impact Factor,-0.0007536120113617272,1.1848873414463985,0.32629713095601426,0.20149999999999996
journal_impact,Journal Impact Factor,0.008073318756126595,1.393375583301157,0.4073665708691469,0.2657142857142856
journal_impact,Journal Impact Factor,0.0017765901645877733,1.172016759539206,0.3212924800592069,0.09902777777777777
journal_impact,Journal Impact Factor,0.003445932095924163,0.9458250771755414,0.23333916029834503,-0.016315789473684228
journal_impact,Journal Impact Factor,0.0032821132824529947,1.0878422036478816,0.28856169370723506,-0.05547368421052634
journal_impact,Journal Impact Factor,-0.004899878133412038,0.7664310458379622,0.16358283488202716,-0.2291304347826087
journal_impact,Journal Impact Factor,0.003620899542135987,1.0301133655451036,0.26611417086281275,0.016315789473684172
journal_impact,Journal Impact Factor,-0.02229298281245265,1.275871659897596,0.3616758538619091,-0.10333333333333333
journal_impact,Journal Impact Factor,0.0042733525088829,0.9490726516061099,0.23460196072210132,0.14031578947368417
journal_impact,Journal Impact Factor,0.0025462315277995804,0.9388107220966964,0.23061166913368764,0.31
journal_impact,Journal Impact Factor,0.0029787470046461198,1.0699015842929531,0.28158558824507673,-0.14031578947368423
journal_impact,Journal Impact Factor,-0.02446056835046615,0.7580106859410212,0.16030862692363515,0.15499999999999997
journal_impact,Journal Impact Factor,0.002768373007648919,1.057647515604935,0.2768206649268267,-0.23821052631578948
journal_impact,Journal Impact Factor,0.0027931796274710567,0.8952132547090105,0.21365904757907264,-0.2316842105263158
journal_impact,Journal Impact Factor,0.003590218864552113,0.9461428460546975,0.23346272287830552,-0.0032631578947368567
journal_impact,Journal Impact Factor,0.002716673174324463,1.0884204727499787,0.2887865502833615,-0.25126315789473685
journal_impact,Journal Impact Factor,0.0016281349502909486,0.7724475149685688,0.1659223039011612,0.06027777777777776
journal_impact,Journal Impact Factor,0.0029535668867632426,1.0390911140372212,0.26960511613369276,-0.15989473684210526
journal_impact,Journal Impact Factor,8.071057935516069e-05,1.2352291352544347,0.34587224460238963,-0.24972222222222223
journal_impact,Journal Impact Factor,0.005160816070794046,0.9736070200138787,0.244142007142685,0.27084210526315783
journal_impact,Journal Impact Factor,0.0020905565068545023,0.9500859541265396,0.23499597751203152,0.2066666666666666
journal_impact,Journal Impact Factor,0.0032735463996474185,1.120669300713827,0.30132631942154364,-0.062
journal_impact,Journal Impact Factor,-0.0016632836446556804,0.7751744377460615,0.1669826519586392,-0.08524999999999999
journal_impact,Journal Impact Factor,0.002252385549165304,0.9767980887103561,0.24538283564047614,0.2540277777777778
journal_impact,Journal Impact Factor,0.00843436265129268,1.3728159015958452,0.39937205824908734,-0.28837209302325584
journal_impact,Journal Impact Factor,0.003959553158930041,0.9560374067041949,0.23731016522280038,0.0946315789473684
journal_impact,Journal Impact Factor,0.002354469007490523,0.9546339790627374,0.23676445054920822,0.27986111111111106
journal_impact,Journal Impact Factor,0.0028647290746965457,1.0995888798129276,0.29312932039480927,-0.19252631578947368
journal_impact,Journal Impact Factor,-0.027940116727939748,0.7621902232168685,0.16193381567785298,-0.22142857142857142
journal_impact,Journal Impact Factor,0.0014547458072484256,1.0160137304941235,0.26063160980136535,0.02583333333333332
journal_impact,Journal Impact Factor,0.00512977452058682,1.3497173925792803,0.3903903373993049,0.2577894736842105
journal_impact,Journal Impact Factor,0.0037490718272835803,0.9904681931154851,0.25069837620918545,0.07505263157894737
journal_impact,Journal Impact Factor,-0.05092829283552464,0.5348952407424653,0.07355148408765257,-0.31
journal_impact,Journal Impact Factor,-0.001484294761001546,0.7914129840789376,0.17329691622840462,-0.03875000000000001
journal_impact,Journal Impact Factor,-0.03610667520630726,0.45620952206013105,0.04295500015172377,0.034444444444444444
journal_impact,Journal Impact Factor,-0.052526282065259694,0.5651703056556191,0.08532376694642854,-0.155
journal_impact,Journal Impact Factor,-0.024730227566915362,0.5689165009106955,0.08678045317694434,-0.07750000000000001
journal_impact,Journal Impact Factor,-0.03604540054678433,0.5428576959227828,0.07664763846095986,0.10333333333333333
journal_impact,Journal Impact Factor,-0.04570510401274432,0.5422224806105267,0.07640063868231181,-0.31
journal_impact,Journal Impact Factor,-0.0010801193621001648,0.8008875570770745,0.17698104881805032,0.06974999999999998
journal_impact,Journal Impact Factor,-0.03181201122487613,0.34574110794378987,0.0,-0.2583333333333333
journal_impact,Journal Impact Factor,-0.015378594284036932,0.6868107860802992,0.13262296008588145,0.31
journal_impact,Journal Impact Factor,-0.05045315057088249,0.5806092377476783,0.09132710587060662,-0.062
journal_impact,Journal Impact Factor,-0.05816374030455126,0.55624968160313,0.08185503418156254,0.31
journal_impact,Journal Impact Factor,-0.0034938149227146612,0.7651973525468238,0.1631031204230849,0.17521739130434782
journal_impact,Journal Impact Factor,-0.050843604972732534,0.4788732819769715,0.05176767134333911,-0.186
journal_impact,Journal Impact Factor,-0.054791605417163165,0.553957566794059,0.08096375867300205,-0.31
journal_impact,Journal Impact Factor,-0.0582050416804725,0.5862962741797504,0.09353847690147199,0.0
journal_impact,Journal Impact Factor,-0.033715410313525145,0.4577417334067791,0.04355079161984809,-0.10333333333333333
journal_impact,Journal Impact Factor,-0.033000384157420744,0.4318552118620082,0.03348496831842761,0.10333333333333333
journal_impact,Journal Impact Factor,-0.030816710940020225,0.45156405177785813,0.04114863605863825,0.0
journal_impact,Journal Impact Factor,-0.03248347414324303,0.48527195818839636,0.05425575936226477,0.31
journal_impact,Journal Impact Factor,-0.026472972010917452,0.5772948217405385,0.09003831448866802,0.22142857142857136
journal_impact,Journal Impact Factor,-0.0008901921785695307,0.8032746145545481,0.17790924223086663,0.16275
journal_impact,Journal Impact Factor,-0.03096935758329496,0.5306133526305494,0.07188649680628087,-0.10333333333333333
journal_impact,Journal Impact Factor,-0.026920633054915623,0.5742836535360949,0.08886743925058847,0.04428571428571426
journal_impact,Journal Impact Factor,-0.02969237467084568,0.5496002445261614,0.07926943925893376,0.31
journal_impact,Journal Impact Factor,0.01219128491507302,1.4256792546090316,0.4199276655225888,-0.09666666666666668
journal_impact,Journal Impact Factor,0.0019850621104333735,1.2338869458078827,0.3453503420446181,0.15499999999999997
journal_impact,Journal Impact Factor,0.012787807420689044,1.7044945230014599,0.5283433605599636,0.08999999999999997
journal_impact,Journal Impact Factor,0.0011796819988818296,1.074936618176606,0.28354343187817593,-0.034444444444444444
journal_impact,Journal Impact Factor,-6.575310009480791e-05,0.8998111647543915,0.21544691815073624,-0.27125
journal_impact,Journal Impact Factor,0.015077846898041713,1.625520312196046,0.4976346981403497,-0.02818181818181814
journal_impact,Journal Impact Factor,0.015571239210758125,1.409377555534585,0.41358884467667056,0.14090909090909093
journal_impact,Journal Impact Factor,0.0012694089902792413,1.217424415711125,0.3389489829913484,-0.008611111111111125
journal_impact,Journal Impact Factor,0.011087806854337879,1.5858257269907035,0.48219968961635334,0.27395348837209305
journal_impact,Journal Impact Factor,0.0023092884454501777,1.1322013434365479,0.30581048714375303,0.2669444444444445
journal_impact,Journal Impact Factor,3.146340481575593e-05,0.938057494650037,0.23031878102314174,-0.2583333333333333
journal_impact,Journal Impact Factor,-0.02978601464561909,0.5120304357479415,0.0646606376872097,0.25833333333333336
journal_impact,Journal Impact Factor,-0.0016297763284528074,0.9889277503233629,0.250099383991377,-0.07750000000000001
journal_impact,Journal Impact Factor,0.001074260882805118,1.1395015219543905,0.3086491190898158,-0.0559722222222222
journal_impact,Journal Impact Factor,0.0003535404291429817,1.1923852374706339,0.3292126442041672,-0.2023611111111111
journal_impact,Journal Impact Factor,-0.009050664947567136,1.2764982771337843,0.36191951032869957,0.31
journal_impact,Journal Impact Factor,0.0038070827490079536,1.2484846101483573,0.3510265588978765,0.08810526315789474
journal_impact,Journal Impact Factor,0.011024068755903015,1.3692465670762817,0.3979841432866444,0.25232558139534883
journal_impact,Journal Impact Factor,0.0019399554033263345,1.0876152362022677,0.28847343873644754,0.12916666666666665
journal_impact,Journal Impact Factor,0.0036745634334684318,1.0825906570866184,0.2865196603790633,0.03589473684210526
journal_impact,Journal Impact Factor,0.010574922984742881,1.5478692093628617,0.4674405185582285,0.12976744186046513
journal_impact,Journal Impact Factor,0.01367581777892079,1.4924793929599798,0.4459025106939715,0.22333333333333333
journal_impact,Journal Impact Factor,0.0028939075990703695,1.2155251114188443,0.3382104495669692,-0.1794736842105263
journal_impact,Journal Impact Factor,0.010108403235705651,1.582644608431177,0.48096273017142804,-0.007209302325581424
journal_impact,Journal Impact Factor,5.932366742311028e-06,1.1651114835479153,0.3186074036631504,-0.26263888888888887
journal_impact,Journal Impact Factor,0.001003567393143842,0.8882123127010072,0.21093677200897823,-0.07319444444444445
journal_impact,Journal Impact Factor,-0.05582420763881238,0.4949046509623401,0.05800137590683191,0.31
journal_impact,Journal Impact Factor,-0.0027124765784472464,1.0632175403972803,0.2789865366623286,-0.2945
journal_impact,Journal Impact Factor,0.0020039152609552576,1.1759475360704763,0.3228209396451234,0.16791666666666666
journal_impact,Journal Impact Factor,0.001974401322740078,1.2284495687985224,0.3432360496278186,0.14208333333333334
journal_impact,Journal Impact Factor,0.011464440927795737,1.4619502469037955,0.4340314298609083,-0.2633333333333333
journal_impact,Journal Impact Factor,0.01230030176471478,1.4177104834120684,0.4168290552029538,-0.07666666666666669
journal_impact,Journal Impact Factor,-0.007656933984060767,1.8270034841487344,0.5759802573757952,-0.186
journal_impact,Journal Impact Factor,-0.00010112983973548549,1.218569018398669,0.33939405508738973,-0.2841666666666667
journal_impact,Journal Impact Factor,-0.007660963268659133,1.350279074693854,0.3906087442218317,-0.31
journal_impact,Journal Impact Factor,-0.01434525011421395,1.7455490891196896,0.5443071897499098,-0.31
journal_impact,Journal Impact Factor,0.005525468797420622,1.2876512516800065,0.3662562795958007,-0.28785714285714287
journal_impact,Journal Impact Factor,0.013757156771931223,1.4253273638365533,0.41979083484292257,0.25666666666666665
journal_impact,Journal Impact Factor,0.011638086575737464,1.6571836640077617,0.5099468082829279,-0.23
journal_impact,Journal Impact Factor,0.0022496342148881116,1.1213202071868404,0.3015794206167649,0.24972222222222223
journal_impact,Journal Impact Factor,0.003651549657343399,0.9709743200336741,0.243118297071768,0.029368421052631544
journal_impact,Journal Impact Factor,-0.05014650609719572,0.5198300581069055,0.06769347546525405,0.062
journal_impact,Journal Impact Factor,0.009351842100395044,1.326127289477694,0.3812174630495325,-0.11534883720930234
journal_impact,Journal Impact Factor,0.010552942745096609,1.3259273992427143,0.3811397368945717,0.1225581395348837
journal_impact,Journal Impact Factor,0.0089253302630931,1.5362399213255455,0.4629185375611874,-0.2018604651162791
journal_impact,Journal Impact Factor,0.0009256078956118885,1.9502494070814564,0.62390371749444,-0.09902777777777777
journal_impact,Journal Impact Factor,-0.0111275064341211,1.7510674616831239,0.5464529768166991,-0.13285714285714287
journal_impact,Journal Impact Factor,0.012797389947252935,1.6579965207095746,0.5102628828824323,0.09666666666666662
journal_impact,Journal Impact Factor,0.012117364082216153,1.4328618187783417,0.42272056381347545,-0.12333333333333335
journal_impact,Journal Impact Factor,0.01645226239338292,1.7208535963167275,0.5347044910456363,0.31
journal_impact,Journal Impact Factor,-0.00013125662276993063,2.510917086521145,0.8419160828211896,-0.2927777777777778
journal_impact,Journal Impact Factor,0.008918307029164074,1.523256593952991,0.4578700462460988,-0.20906976744186045
journal_impact,Journal Impact Factor,0.008856827443475719,1.9986851954249492,0.6427376920045875,-0.21627906976744188
journal_impact,Journal Impact Factor,0.00043970989459671516,1.169943417361016,0.3204862730154004,-0.18944444444444444
journal_impact,Journal Impact Factor,-0.013436563756085963,0.8559389874097981,0.19838747722757114,0.15499999999999997
journal_impact,Journal Impact Factor,-0.06611758014339723,0.5820796513087486,0.091898867629333,0.0
journal_impact,Journal Impact Factor,-0.011332349927860887,1.7635002428341873,0.5512873914365002,-0.22142857142857142
journal_impact,Journal Impact Factor,0.013247292092311073,1.6961927439866709,0.5251152620877226,0.1833333333333333
journal_impact,Journal Impact Factor,0.008388097198454784,1.9162672105106373,0.6106899380577393,-0.30279069767441863
journal_impact,Journal Impact Factor,0.010384175243435533,1.623269040925112,0.4967593044039764,0.09372093023255812
journal_impact,Journal Impact Factor,-0.0024531547653106516,1.1894902175276714,0.32808693254184323,-0.22475
journal_impact,Journal Impact Factor,0.00476026796705489,1.1144271326798185,0.29889908869688114,0.21863157894736834
journal_impact,Journal Impact Factor,0.0072570090857126445,1.980436376400722,0.6356417448940505,-0.022142857142857186
journal_impact,Journal Impact Factor,0.009985560971690155,1.3775975255393311,0.40123136490122774,-0.03604651162790701
journal_impact,Journal Impact Factor,0.011351147207880415,1.3464754178285503,0.38912971437847627,-0.29
journal_impact,Journal Impact Factor,-0.014102417724589703,1.7649823997899097,0.551863719545917,-0.155
journal_impact,Journal Impact Factor,-0.00577219882794254,1.8330186554295032,0.5783192217335703,-0.28304347826086956
journal_impact,Journal Impact Factor,0.019962647312873477,1.6939191729911154,0.5242311972331645,-0.31
journal_impact,Journal Impact Factor,0.011060021281717054,1.7030512865550147,0.5277821664641497,0.26674418604651157
journal_impact,Journal Impact Factor,0.007148461480512301,1.9908194230865566,0.6396791321918862,-0.05535714285714288
journal_impact,Journal Impact Factor,0.012232967699377572,1.6340389502653996,0.5009471209943268,-0.09000000000000002
journal_impact,Journal Impact Factor,0.013247275575779344,1.649117604742154,0.5068103680637981,0.17666666666666664
journal_impact,Journal Impact Factor,0.0119365558995442,1.9779878789001843,0.6346896608857083,-0.15666666666666668
journal_impact,Journal Impact Factor,0.0137905219570408,1.658961847100357,0.5106382444334623,0.26999999999999996
journal_impact,Journal Impact Factor,0.012022746850541574,1.6988297730967532,0.5261406555156068,-0.1366666666666667
journal_impact,Journal Impact Factor,0.009107259959661286,1.6904914098643746,0.522898331483194,-0.1658139534883721
journal_impact,Journal Impact Factor,0.0030470204405819664,1.1452163050134765,0.31087127923517266,-0.12073684210526317
journal_impact,Journal Impact Factor,0.0022161340570024065,1.236980406154668,0.3465532161034923,0.2411111111111111
journal_impact,Journal Impact Factor,0.002436793750025631,1.1195516974175208,0.30089174588170947,0.2970833333333333
journal_impact,Journal Impact Factor,-0.000516652442867724,1.1530536218066785,0.3139187742746737,0.2635
journal_impact,Journal Impact Factor,-0.002306959602510454,1.1117214703525724,0.29784700764179356,-0.17049999999999998
journal_impact,Journal Impact Factor,0.0015923408398405507,0.9812264166147897,0.24710476518321853,0.04736111111111113
journal_impact,Journal Impact Factor,0.0028072208297050916,1.184671408100377,0.3262131665306596,-0.2251578947368421
journal_impact,Journal Impact Factor,-0.0012493107407449324,1.1494008695316718,0.31249842280333023,0.023249999999999993
journal_impact,Journal Impact Factor,-0.0014736075679477301,1.1531806666455093,0.3139681749211382,-0.023249999999999993
journal_impact,Journal Impact Factor,0.0023215323706195228,1.1299272180408448,0.3049262067139228,0.2755555555555556
journal_impact,Journal Impact Factor,0.002199111799336262,1.1514564589560154,0.3132977267920847,0.23249999999999998
journal_impact,Journal Impact Factor,0.002644882410832407,0.9102598765662612,0.2195098389508076,-0.2708421052631579
journal_impact,Journal Impact Factor,0.004366749247056232,1.1791044662947734,0.3240484935966162,0.15336842105263154
journal_impact,Journal Impact Factor,-0.0034199041300153154,0.7652229611081661,0.16311307816317872,0.2291304347826087
journal_impact,Journal Impact Factor,0.002006366224463418,1.0873117714428826,0.2883554382302422,0.17222222222222222
journal_impact,Journal Impact Factor,-0.0043328416523724335,1.3233173494195447,0.3801248342054448,-0.12130434782608696
journal_impact,Journal Impact Factor,0.005502061083172933,1.007424223807531,0.2572916300978708,-0.31
journal_impact,Journal Impact Factor,-0.012884242225929323,0.8551716841899172,0.19808911583449734,0.31
journal_impact,Journal Impact Factor,0.003207711964283301,0.8908952193505921,0.21198000465119404,-0.08157894736842106
journal_impact,Journal Impact Factor,0.0011772938610094626,0.9628486836457849,0.23995869063524358,-0.03875000000000001
journal_impact,Journal Impact Factor,0.001812013180563046,0.9395568822310736,0.23090180916096845,0.11625000000000002
journal_impact,Journal Impact Factor,-0.05214856730602728,0.5127452311359288,0.06493858171532901,0.15499999999999997
journal_impact,Journal Impact Factor,-0.03591105121131605,0.4674377687651829,0.04732103855987132,0.17222222222222222
journal_impact,Journal Impact Factor,-0.03561007092559735,0.5116484682190107,0.06451211183577583,0.2411111111111111
journal_impact,Journal Impact Factor,-0.05202432634482358,0.562057190026497,0.08411325004536721,0.31
journal_impact,Journal Impact Factor,-0.03781312121734219,0.419533871944601,0.028693886973996736,0.31
journal_impact,Journal Impact Factor,-0.05611652961220031,0.546381394982267,0.0780178083402465,-0.31
journal_impact,Journal Impact Factor,-0.025050180276799006,0.48854990819796107,0.05553037115319629,-0.23249999999999998
journal_impact,Journal Impact Factor,-0.031106889358380366,0.5451201707187465,0.07752738862286174,-0.155
journal_impact,Journal Impact Factor,0.012446201815870103,1.6018504939101916,0.4884308270049377,-0.003333333333333355
journal_impact,Journal Impact Factor,0.006252821228664773,1.50992450625617,0.45268594150791885,-0.1217857142857143
journal_impact,Journal Impact Factor,0.007574834601468962,1.3098749164224466,0.3748978223392133,0.12178571428571427
journal_impact,Journal Impact Factor,0.007478575520843153,1.3221281130248608,0.3796624065520498,0.07749999999999996
journal_impact,Journal Impact Factor,0.02369958882752257,2.573167902443834,0.8661219504331561,-0.31
journal_impact,Journal Impact Factor,-0.002121985256394222,1.1539720388989536,0.31427589541788553,-0.14725
journal_impact,Journal Impact Factor,0.01393817522019576,1.3790413021388213,0.4017927690324108,0.31
journal_impact,Journal Impact Factor,0.010182117733600124,1.388081814202285,0.40530811955286605,0.02162790697674416
journal_impact,Journal Impact Factor,0.010187809495994236,1.5749599809208525,0.47797460747126613,0.028837209302325584
journal_impact,Journal Impact Factor,-0.002046622288811276,1.1943367195964811,0.3299714666755713,-0.1395
journal_impact,Journal Impact Factor,0.0017166215120877175,1.0027948047413546,0.25549150742678245,0.08611111111111108
journal_impact,Journal Impact Factor,0.011724571272243012,1.7226908680876674,0.5354189034849818,-0.21000000000000002
journal_impact,Journal Impact Factor,0.012536322605963055,1.3906381319547954,0.4063021288389167,0.02999999999999997
journal_impact,Journal Impact Factor,0.008838545463480861,1.316753478284729,0.3775725111016211,-0.22348837209302325
journal_impact,Journal Impact Factor,0.012742041217175256,1.3552736557153977,0.3925508579948443,0.07666666666666666
journal_impact,Journal Impact Factor,0.01004596355093479,1.6234622172596487,0.4968344198978097,-0.021627906976744216
journal_impact,Journal Impact Factor,0.0023778014137697495,1.1277946486434938,0.30409696951051457,0.2884722222222222
journal_impact,Journal Impact Factor,0.003697683700353752,1.0841347311735925,0.287120064604749,0.055473684210526286
journal_impact,Journal Impact Factor,-0.009877994112237703,1.8211525205790484,0.5737051442311555,0.22142857142857136
journal_impact,Journal Impact Factor,0.007482027393808153,1.3767885305579375,0.40091679190924195,0.08857142857142852
journal_impact,Journal Impact Factor,0.012238883563472061,1.3565026997573233,0.39302876462027836,-0.08333333333333334
journal_impact,Journal Impact Factor,0.008003609472134916,1.3540744707628651,0.3920845619026081,0.23249999999999998
journal_impact,Journal Impact Factor,-0.0006469164531506246,1.8680531916017247,0.5919421973020295,0.23249999999999998
journal_impact,Journal Impact Factor,0.0016602628027476746,1.1227793277996083,0.3021467911782434,0.06888888888888889
journal_impact,Journal Impact Factor,0.002850270432869115,1.1196852844218623,0.30094369041117214,-0.21210526315789474
journal_impact,Journal Impact Factor,-0.010896104486173227,1.8309845224642145,0.5775282609640912,0.04428571428571426
journal_impact,Journal Impact Factor,0.015156395004813944,1.4774483224192476,0.4400577663611912,0.028181818181818197
journal_impact,Journal Impact Factor,0.007422225536542397,1.3396324577152021,0.38646886914901957,0.033214285714285696
journal_impact,Journal Impact Factor,0.012372367366044378,1.4072538314665108,0.4127630469280916,-0.0566666666666667
journal_impact,Journal Impact Factor,0.00230653567475743,1.2523867100108461,0.35254386772797086,0.2626388888888889
journal_impact,Journal Impact Factor,8.42922929626748e-05,1.1403488459799462,0.30897859610763534,-0.24541666666666667
journal_impact,Journal Impact Factor,-0.005725624036012023,0.8425764191600774,0.19319152030372438,-0.25608695652173913
journal_impact,Journal Impact Factor,0.0018113338040542171,1.2833813652906245,0.3645959591144133,0.11194444444444446
journal_impact,Journal Impact Factor,0.011164740671438064,1.5707728147991686,0.4763464522847275,0.30279069767441863
journal_impact,Journal Impact Factor,-0.0006277931356644913,1.2065030690299106,0.33470228087200304,0.24025000000000002
journal_impact,Journal Impact Factor,0.0012533106784166361,0.9904951501022471,0.2507088582766589,-0.017222222222222194
journal_impact,Journal Impact Factor,0.014200333225975845,1.5434147418995838,0.4657084248001029,-0.2818181818181818
journal_impact,Journal Impact Factor,-0.0013326857465000932,1.1670044912347208,0.3193434886891227,0.007749999999999979
journal_impact,Journal Impact Factor,-0.001132461897211806,0.9297332023233579,0.22708192838054914,0.05425000000000002
journal_impact,Journal Impact Factor,-0.030776366098031124,0.5081338451232007,0.06314547109216226,0.051666666666666694
journal_impact,Journal Impact Factor,0.000675941791237091,1.0969477061567505,0.29210231538428805,-0.15069444444444444
journal_impact,Journal Impact Factor,-0.0003104626927075707,1.1183160891689843,0.30041128680272366,0.31
journal_impact,Journal Impact Factor,-0.0023155309547864883,1.0462603951032445,0.27239284936714403,-0.17825
journal_impact,Journal Impact Factor,0.012503293223594477,1.364069978821214,0.39597125705974834,0.023333333333333317
journal_impact,Journal Impact Factor,0.00931537065984146,1.3205929549538933,0.3790654692673172,-0.12976744186046513
journal_impact,Journal Impact Factor,-0.001540267479266548,1.278429119264209,0.36267030705796194,-0.05425000000000002
journal_impact,Journal Impact Factor,-0.000709433235498499,0.9601188289290533,0.23889720251024982,0.21700000000000003
journal_impact,Journal Impact Factor,0.009220524292823254,1.3316498054908048,0.38336486127262315,-0.13697674418604652
journal_impact,Journal Impact Factor,0.01378160731096197,1.4800894796894744,0.441084765000131,0.26333333333333325
journal_impact,Journal Impact Factor,-0.0029848675728750243,1.2779667634158054,0.3624905226761801,-0.31
journal_impact,Journal Impact Factor,-0.0007304522994057218,1.1969518655287075,0.33098835095705703,0.20925
journal_impact,Journal Impact Factor,0.012135031109817769,1.5562881484088344,0.4707141740269877,-0.11666666666666667
journal_impact,Journal Impact Factor,-0.0024214975788287604,1.1887735775266217,0.3278082712466661,-0.217
journal_impact,Journal Impact Factor,0.0010877560855703406,0.9169412975156429,0.22210787061615012,-0.051666666666666694
journal_impact,Journal Impact Factor,-0.030046790716546597,0.5832906809879626,0.09236976947462963,0.10333333333333333
journal_impact,Journal Impact Factor,-0.0009356950272598694,1.1418997185386097,0.3095816438794856,0.13174999999999998
journal_impact,Journal Impact Factor,0.0014553379627423775,1.241870055348301,0.3484545277456888,0.03013888888888888
journal_impact,Journal Impact Factor,-0.003575417149769972,1.27289618179564,0.3605188565125457,0.1482608695652174
journal_impact,Journal Impact Factor,0.009673036217777608,1.5473067525125315,0.46722181048420985,-0.08651162790697675
journal_impact,Journal Impact Factor,0.011992835294126886,1.388131085945545,0.40532727858358214,-0.15000000000000002
journal_impact,Journal Impact Factor,0.010139791212840562,1.3338216805338574,0.384209382247692,0.0
journal_impact,Journal Impact Factor,-0.00010863395602156827,1.2307359820600092,0.34412510812277114,-0.28847222222222224
journal_impact,Journal Impact Factor,0.007626877593088717,1.31399212238101,0.37649877392333325,0.1439285714285714
journal_impact,Journal Impact Factor,0.011749346351617264,1.6234099946290212,0.49681411343170834,-0.19
journal_impact,Journal Impact Factor,0.017878497331809094,1.3514872159665665,0.39107852292706435,0.186
journal_impact,Journal Impact Factor,0.0082154118787037,1.316267386765395,0.3773834972422861,0.2989285714285714
journal_impact,Journal Impact Factor,0.013181861454445382,1.6499143208631508,0.5071201664923538,0.16999999999999998
journal_impact,Journal Impact Factor,-0.002030951158283714,1.1916168683312731,0.3289138683345049,-0.13175
journal_impact,Journal Impact Factor,0.0025965890128308135,1.0002231813962954,0.2544915466501132,-0.28389473684210526
journal_impact,Journal Impact Factor,-0.011425180040170978,0.6478599843798278,0.11747716745060896,-0.31
journal_impact,Journal Impact Factor,-0.00013820926599412308,1.1659505586179255,0.3189336731225964,-0.2970833333333333
journal_impact,Journal Impact Factor,0.011568184108652232,1.3841652917944438,0.40378520259991807,-0.25
journal_impact,Journal Impact Factor,0.013412550677616078,1.4600091189873887,0.43327663356360696,0.1966666666666666
journal_impact,Journal Impact Factor,0.01117036630145643,1.6950871446680165,0.5246853562247622,0.31
journal_impact,Journal Impact Factor,0.013721159767774176,1.7200984172761293,0.5344108440691413,0.24333333333333335
journal_impact,Journal Impact Factor,0.010920311803980648,1.6050036813766024,0.4896569256068008,0.21627906976744188
journal_impact,Journal Impact Factor,0.011502831865216216,1.4306531164885983,0.4218617227777825,-0.25666666666666665
journal_impact,Journal Impact Factor,0.008145048947041884,1.306295699559838,0.3735060646851704,0.28785714285714287
journal_impact,Journal Impact Factor,0.009991930114976103,2.345227522740842,0.7774886598853774,-0.028837209302325584
journal_impact,Journal Impact Factor,0.01172222143026726,1.6772611326130777,0.5177538151444485,-0.21666666666666667
journal_impact,Journal Impact Factor,0.015461510756541601,1.9328381757313,0.6171334614780912,0.11272727272727273
journal_impact,Journal Impact Factor,0.007355801960284648,2.065864077385459,0.6688598094251132,0.02214285714285713
journal_impact,Journal Impact Factor,-0.004088538578685586,1.2054464608058622,0.33429142491116237,-0.04043478260869565
journal_impact,Journal Impact Factor,0.0003476550370717624,1.0244910985231088,0.26392798504024384,-0.21097222222222223
journal_impact,Journal Impact Factor,-0.016027450036088582,0.6721930590366677,0.12693894196722028,0.0
journal_impact,Journal Impact Factor,0.013712959962662374,1.6846428803612512,0.5206241648111763,0.23666666666666664
journal_impact,Journal Impact Factor,-0.003586303558676213,1.7512344733356424,0.5465179183261494,0.12130434782608696
journal_impact,Journal Impact Factor,0.0007873598556953333,1.7743705172668849,0.5555142344091354,-0.12486111111111112
journal_impact,Journal Impact Factor,0.005702943503582946,1.8660309886806536,0.5911558754608385,-0.24357142857142858
journal_impact,Journal Impact Factor,0.01288302504111509,1.4081966238373147,0.41312964625655013,0.11666666666666664
journal_impact,Journal Impact Factor,0.000745527482559349,1.085613114476404,0.28769492535118546,-0.13347222222222221
journal_impact,Journal Impact Factor,0.006952396921561422,1.309964657849271,0.37493271777094095,-0.06642857142857145
journal_impact,Journal Impact Factor,-0.004474477241403037,1.7814059277166454,0.5582499128322784,-0.1482608695652174
journal_impact,Journal Impact Factor,0.009966033450091992,1.3382085546035885,0.3859151927079783,-0.043255813953488376
journal_impact,Journal Impact Factor,0.010193735701715926,1.321647977355647,0.3794757085903845,0.03604651162790695
journal_impact,Journal Impact Factor,0.012572982017789149,1.7083330902160645,0.5298359650895451,0.036666666666666625
journal_impact,Journal Impact Factor,0.006478352219804669,1.9253422958769282,0.61421873220586,-0.09964285714285714
journal_impact,Journal Impact Factor,0.02183820295252226,1.8679444040583537,0.5918998958986882,0.31
journal_impact,Journal Impact Factor,0.009894147267038833,1.600802839936783,0.48802345285236476,-0.05767441860465117
journal_impact,Journal Impact Factor,-0.004579983497242188,1.804928483091676,0.5673965216415553,-0.17521739130434782
journal_impact,Journal Impact Factor,0.013031678705443804,1.473988451166498,0.43871241555321916,0.12999999999999995
journal_impact,Journal Impact Factor,-0.0036988959673056945,1.7594455278117578,0.5497107390893395,0.06739130434782609
journal_impact,Journal Impact Factor,0.015339734928227308,1.9051094202857555,0.6063512962420078,0.08454545454545453
journal_impact,Journal Impact Factor,0.013796688977096423,1.6777841892792529,0.5179572026860788,0.27666666666666667
journal_impact,Journal Impact Factor,0.01215020770705265,1.6548411170378718,0.5090359225220347,-0.10333333333333333
journal_impact,Journal Impact Factor,0.010868095227346636,1.6462803585987904,0.5057071214073346,0.18023255813953487
journal_impact,Journal Impact Factor,-0.0009492659430815683,1.186299556822779,0.32684626268920636,0.124
journal_impact,Journal Impact Factor,0.00205459061339493,1.2249491560803187,0.34187493450686485,0.1980555555555556
journal_impact,Journal Impact Factor,0.0014324995530256297,1.1013095743496568,0.2937984024548489,0.021527777777777757
journal_impact,Journal Impact Factor,-0.0008262652883988598,1.1926233163677187,0.32930521979821553,0.186
journal_impact,Journal Impact Factor,-0.0023183783712801536,1.0051616003406407,0.25641182212614405,-0.186
journal_impact,Journal Impact Factor,0.0107203189369935,1.4483572296646035,0.4287458641881999,0.14418604651162792
journal_impact,Journal Impact Factor,0.0033497885255162345,1.046090577884016,0.2723268169294008,-0.0293684210526316
journal_impact,Journal Impact Factor,-0.0015412347118363857,1.1544727580666654,0.3144705971531922,-0.062
journal_impact,Journal Impact Factor,0.001192955723961338,1.2140923272834343,0.3376533197914923,-0.02583333333333332
journal_impact,Journal Impact Factor,-9.744055468145284e-05,1.1716960589733512,0.3211677775099294,-0.2798611111111111
journal_impact,Journal Impact Factor,0.0006063497802592816,1.2059412488391659,0.33448382035936036,-0.1636111111111111
journal_impact,Journal Impact Factor,0.002588061253483169,0.9675673658071257,0.24179352274157637,-0.2969473684210526
journal_impact,Journal Impact Factor,0.002598191609374867,1.0760240689166294,0.2839662807719195,-0.2773684210526316
journal_impact,Journal Impact Factor,-0.0014947671010641659,0.7683074327587092,0.16431245701981304,-0.046499999999999986
journal_impact,Journal Impact Factor,0.0036205546801564275,1.0289617197887724,0.26566636011044836,0.009789473684210515
journal_impact,Journal Impact Factor,-9.68418532799154e-05,1.2216480147296556,0.34059130489786854,-0.27555555555555555
journal_impact,Journal Impact Factor,-0.0037996164546739027,0.8503238371113968,0.19620405870156823,0.04043478260869565
journal_impact,Journal Impact Factor,0.002882916784158788,0.9727632028311314,0.24381389374028958,-0.186
journal_impact,Journal Impact Factor,0.001930757665582569,0.9805594003949596,0.24684539980666997,0.12486111111111109
journal_impact,Journal Impact Factor,0.0003959738452740755,0.9411047740944777,0.23150369790680805,-0.19375
journal_impact,Journal Impact Factor,0.0010135109548476426,0.9711701497813359,0.2431944443298581,-0.06888888888888889
journal_impact,Journal Impact Factor,-0.042158211515413095,0.5608269593062152,0.08363488198695815,-0.31
journal_impact,Journal Impact Factor,-0.001484294761001546,0.7914129840789376,0.17329691622840462,-0.030999999999999972
journal_impact,Journal Impact Factor,-0.03711309700344624,0.438634875043528,0.036121200904188425,-0.2411111111111111
journal_impact,Journal Impact Factor,-0.05251957725143423,0.6133399593485663,0.10405425654601583,0.0
journal_impact,Journal Impact Factor,-0.024730227566915362,0.5689165009106955,0.08678045317694434,0.0
journal_impact,Journal Impact Factor,-0.036863605522843755,0.5079495248251197,0.06307379921658254,-0.17222222222222222
journal_impact,Journal Impact Factor,-0.036418598803446285,0.6240148863878104,0.10820513982118851,-0.10333333333333333
journal_impact,Journal Impact Factor,-0.03530130397383522,0.5722856473620322,0.088090526173701,0.31
journal_impact,Journal Impact Factor,-0.02717763478671325,0.43206825441412766,0.03356780867539134,-0.04428571428571432
journal_impact,Journal Impact Factor,-0.010123397984029779,0.6380691625594789,0.11367006334630213,0.13285714285714284
journal_impact,Journal Impact Factor,0.015083995706340841,1.4086447445618284,0.4133038953932238,0.0
journal_impact,Journal Impact Factor,0.012068821885114768,1.3846793867269673,0.403985105423555,-0.13
journal_impact,Journal Impact Factor,-0.00025322394372866006,1.230453437878639,0.3440152424616162,-0.30569444444444444
journal_impact,Journal Impact Factor,-0.0009177783755996128,1.1554810557428024,0.3148626678385361,0.14725
journal_impact,Journal Impact Factor,0.01463093897237451,2.424516497725411,0.8083197165248368,-0.08454545454545453
journal_impact,Journal Impact Factor,0.0019855960761235116,1.085742031296034,0.28774505390649296,0.15930555555555553
journal_impact,Journal Impact Factor,0.008772289588900483,1.310669800448058,0.3752069083681372,-0.25232558139534883
journal_impact,Journal Impact Factor,0.012148747847066942,1.3900050500011107,0.4060559586043379,-0.11000000000000001
journal_impact,Journal Impact Factor,0.013754594008193139,1.4249051449436876,0.419626657482795,0.24999999999999994
journal_impact,Journal Impact Factor,-0.0004035069161551021,1.0051594232491343,0.25641097557677756,0.28675
journal_impact,Journal Impact Factor,0.005964927553395025,1.2923697887903864,0.3680910552999112,-0.17714285714285716
journal_impact,Journal Impact Factor,0.011397757077614845,1.6128866336323573,0.49272216573042,-0.2833333333333333
journal_impact,Journal Impact Factor,0.00559012582046973,1.29990200528044,0.3710199138615297,-0.26571428571428574
journal_impact,Journal Impact Factor,0.012379553899714159,1.362594161261993,0.39539739398778,-0.04999999999999999
journal_impact,Journal Impact Factor,0.011725422982557498,1.35467004788992,0.39231614860354574,-0.20333333333333334
journal_impact,Journal Impact Factor,0.01235938868283068,1.4979517025610534,0.4480303864458298,-0.06333333333333335
journal_impact,Journal Impact Factor,-0.000927013174827977,0.9259849365563166,0.2256244370435015,0.1395
journal_impact,Journal Impact Factor,0.005782094238213561,1.2975038472634146,0.3700874040684889,-0.22142857142857142
journal_impact,Journal Impact Factor,0.010292603220910511,1.6819029205477996,0.5195587473781118,0.07209302325581396
journal_impact,Journal Impact Factor,0.006069163909791588,1.3000898539568262,0.3710929577264862,-0.14392857142857143
journal_impact,Journal Impact Factor,0.004005250092833825,1.219556881744329,0.33977818000220944,0.10768421052631577
journal_impact,Journal Impact Factor,0.012579950600985977,1.4695329304833762,0.4369799122566847,0.043333333333333335
journal_impact,Journal Impact Factor,-0.002502823714621472,1.3244598569557562,0.3805690916140795,-0.23249999999999998
journal_impact,Journal Impact Factor,0.00014184715400089929,0.9937828301595838,0.25198725354005963,-0.23680555555555555
journal_impact,Journal Impact Factor,0.010262720455905434,1.4230157258963076,0.41889196787838545,0.050465116279069744
journal_impact,Journal Impact Factor,0.009695882053165704,1.6157961260625855,0.49385350493521984,-0.07930232558139536
journal_impact,Journal Impact Factor,0.004981753007974027,1.5013005645737274,0.44933257195662224,0.23821052631578948
journal_impact,Journal Impact Factor,0.012639770337356146,1.41394438316103,0.4153646290305605,0.0633333333333333
journal_impact,Journal Impact Factor,0.004922568317614129,1.5023725336802307,0.44974940090723964,0.23168421052631577
journal_impact,Journal Impact Factor,0.014521857281022564,1.4108041355858192,0.41414356203010944,-0.1409090909090909
journal_impact,Journal Impact Factor,0.007691929385802215,1.2828870353638715,0.3644037417982824,0.1771428571428571
journal_impact,Journal Impact Factor,0.0021721916119006386,1.165824666194792,0.3188847205862713,0.22819444444444442
journal_impact,Journal Impact Factor,0.025522872834213665,2.5177879673526564,0.8445877848594684,0.31
journal_impact,Journal Impact Factor,0.0034813450963365055,1.1003627472109454,0.2934302342303628,-0.009789473684210515
journal_impact,Journal Impact Factor,0.013884364645161799,1.3534019890047848,0.39182307128330807,0.2966666666666666
journal_impact,Journal Impact Factor,0.011221232713104951,1.3889976407731544,0.4056642333869003,-0.31
journal_impact,Journal Impact Factor,0.013069859965472283,1.4813257632711012,0.44156548667845996,0.13666666666666666
journal_impact,Journal Impact Factor,-0.00403857749495783,1.1540862310119393,0.314320298356679,-0.013478260869565217
journal_impact,Journal Impact Factor,-0.0025113522863532797,1.2718082514614613,0.3600958211314051,-0.24025
journal_impact,Journal Impact Factor,0.012443193775424938,1.6748849428826345,0.5168298475918391,-0.010000000000000009
journal_impact,Journal Impact Factor,0.007788507767888429,1.3193454609963737,0.3785803884995414,0.18821428571428567
journal_impact,Journal Impact Factor,0.011041394360928844,1.3285200707067009,0.38214788210983314,0.2595348837209302
journal_impact,Journal Impact Factor,0.011095702889223411,1.3549685559720985,0.392432221734656,0.2811627906976744
journal_impact,Journal Impact Factor,0.00907058403012527,1.538115067264604,0.46364767715046346,-0.1802325581395349
journal_impact,Journal Impact Factor,0.00133990918734078,1.0901691091018166,0.28946649735564767,-0.0043055555555555625
journal_impact,Journal Impact Factor,-0.0026631863327333,1.2751508922444805,0.3613955875532398,-0.28675
journal_impact,Journal Impact Factor,-0.022013156317982657,1.756169373897799,0.5484368256997351,0.10333333333333333
journal_impact,Journal Impact Factor,0.0073357091217638795,1.3307693245972705,0.38302249139958844,0.0
journal_impact,Journal Impact Factor,0.009219268719980389,1.311684068407616,0.3756013005634558,-0.14418604651162792
journal_impact,Journal Impact Factor,0.010900021134929222,1.4176295862053483,0.4167975987947603,0.2090697674418604
journal_impact,Journal Impact Factor,0.007499949079740483,1.554796015704048,0.4701339669055838,0.09964285714285709
journal_impact,Journal Impact Factor,0.001070286080545786,1.1063116898030096,0.295743445947837,-0.06027777777777776
journal_impact,Journal Impact Factor,0.008058870252708586,1.3923285995214612,0.4069594573175001,0.2546428571428571
journal_impact,Journal Impact Factor,0.007958400640902936,1.7213212050672306,0.5348863179878395,0.22142857142857136
journal_impact,Journal Impact Factor,0.009386690460376712,1.4966840015760863,0.4475374482929904,-0.10813953488372094
journal_impact,Journal Impact Factor,0.008722943792473304,1.3593650028900828,0.3941417545412931,-0.25953488372093025
collection_size,Number of Papers,0.022221666324491584,6.548219102762372,0.8894612283409178,-0.21210526315789474
collection_size,Number of Papers,-0.00027820249479870024,4.110873864173311,0.519196931230314,-0.1868794326241135
collection_size,Number of Papers,0.01935243307067531,5.43372200355424,0.7201546900070266,0.22142857142857136
collection_size,Number of Papers,0.020279145136591674,5.442417710521793,0.7214756804753628,-0.16238095238095238
collection_size,Number of Papers,0.0032579925162973633,4.442651256490317,0.5695982125172269,0.19157303370786521
collection_size,Number of Papers,0.002096617217180843,3.58351893845611,0.43908489055300415,-0.128876404494382
collection_size,Number of Papers,0.0191790183079583,5.342334251964811,0.706271707378613,0.1771428571428571
collection_size,Number of Papers,0.01985131996573159,5.69035945432406,0.7591412413650739,-0.2657142857142857
collection_size,Number of Papers,-0.001820604745628732,2.9444389791664403,0.34200037081510964,-0.1905925925925926
collection_size,Number of Papers,-0.0022018943392020864,3.688879454113936,0.4550905169433954,-0.28703703703703703
collection_size,Number of Papers,0.001976381748883773,4.634728988229636,0.598777306724754,-0.19853932584269662
collection_size,Number of Papers,0.0042694725727398485,4.406719247264253,0.5641396751179203,-0.09620689655172415
collection_size,Number of Papers,-0.02386158629664722,2.302585092994046,0.2444944556707676,-0.10333333333333333
collection_size,Number of Papers,0.001116547764604654,4.290459441148391,0.5464783053980427,0.18248226950354607
collection_size,Number of Papers,-0.030121107947174697,2.1972245773362196,0.22848882928037625,0.31
collection_size,Number of Papers,0.0013505370795087019,3.044522437723423,0.3572043439118595,0.22645390070921984
collection_size,Number of Papers,-6.490635844783125e-06,3.8918202981106265,0.4859198585433428,-0.10773049645390073
collection_size,Number of Papers,0.021957640159485193,5.37989735354046,0.7119780288229453,-0.2773684210526316
collection_size,Number of Papers,0.019636974425849715,5.37989735354046,0.7119780288229453,-0.29523809523809524
collection_size,Number of Papers,-0.022270056598067935,1.791759469228055,0.16689342995834508,0.03875000000000001
collection_size,Number of Papers,0.002858049756298345,4.653960350157523,0.6016987995826271,0.10101123595505618
collection_size,Number of Papers,4.2619764608833204e-05,4.110873864173311,0.519196931230314,-0.09893617021276596
collection_size,Number of Papers,-0.04389981933220365,1.0986122886681098,0.061595399322031154,-0.31
collection_size,Number of Papers,-0.02477646033295859,2.1972245773362196,0.22848882928037625,-0.31
collection_size,Number of Papers,-0.000533015104698484,4.07753744390572,0.5141326973978886,0.2962222222222222
collection_size,Number of Papers,-0.006880621105801219,2.5649493574615367,0.2843509841723398,-0.155
collection_size,Number of Papers,-0.00012310004260753882,3.1780538303479458,0.37748949123097303,-0.14290780141843973
collection_size,Number of Papers,-0.0002729102990400525,4.07753744390572,0.5141326973978886,-0.1824822695035461
collection_size,Number of Papers,0.0027979062216304798,4.795790545596741,0.6232446424906928,0.08707865168539325
collection_size,Number of Papers,0.0016615470426764895,4.700480365792417,0.608765792234271,0.2968085106382978
collection_size,Number of Papers,-0.0010904549398240235,3.367295829986474,0.40623780101926016,0.06659259259259259
collection_size,Number of Papers,-0.0010955041216103656,3.610917912644224,0.443247149456132,0.062
collection_size,Number of Papers,-0.0015803717679172648,3.49650756146648,0.42586673588553436,-0.11711111111111111
collection_size,Number of Papers,-0.035497979047075266,2.1972245773362196,0.22848882928037625,0.0
collection_size,Number of Papers,-0.0010709558840307706,3.4657359027997265,0.42119212254525584,0.07577777777777778
collection_size,Number of Papers,-0.02011200772028075,2.4849066497880004,0.27219146059465904,-0.22142857142857142
collection_size,Number of Papers,-0.0016513158316123337,2.8903717578961645,0.33378685991669016,-0.1308888888888889
collection_size,Number of Papers,-0.0012523047558476933,3.4657359027997265,0.42119212254525584,-0.02525925925925926
collection_size,Number of Papers,-0.0011047548386134355,3.871201010907891,0.482787521867287,0.052814814814814814
collection_size,Number of Papers,-0.0006782220577421809,3.8918202981106265,0.4859198585433428,0.23192592592592592
collection_size,Number of Papers,-0.015410862477717127,1.3862943611198906,0.10529803063631396,-0.08454545454545453
collection_size,Number of Papers,-0.0003640847641659379,3.58351893845611,0.43908489055300415,-0.24404255319148938
collection_size,Number of Papers,-0.00096205951049904,3.4339872044851463,0.4163690842331168,0.11711111111111111
collection_size,Number of Papers,-0.02271931932396236,0.6931471805599453,0.0,-0.31
collection_size,Number of Papers,-0.0006615926268351693,3.6375861597263857,0.44729840145142363,0.2457037037037037
collection_size,Number of Papers,-0.02610161849525875,1.0986122886681098,0.061595399322031154,-0.034444444444444444
collection_size,Number of Papers,-0.015594714713424235,1.6094379124341005,0.13919642503445365,-0.19727272727272727
collection_size,Number of Papers,-0.0007096158566682827,2.772588722239781,0.31589409190894185,0.22274074074074074
collection_size,Number of Papers,-0.000896994345794387,3.218875824868201,0.3836908807052213,0.14466666666666667
collection_size,Number of Papers,-7.758603107939788e-05,3.80666248977032,0.4729832849511439,-0.13411347517730499
collection_size,Number of Papers,-0.016257526604051994,1.9459101490553132,0.19031091395351443,0.15499999999999997
collection_size,Number of Papers,0.0008024893794497608,2.995732273553991,0.34979248630708154,0.10773049645390065
collection_size,Number of Papers,-0.0052915635478095495,2.5649493574615367,0.2843509841723398,0.31
collection_size,Number of Papers,-0.04173954826602771,1.0986122886681098,0.061595399322031154,-0.062
collection_size,Number of Papers,0.0008584323376806683,2.772588722239781,0.31589409190894185,0.1253191489361702
collection_size,Number of Papers,0.0016409182715065957,4.30406509320417,0.5485451800924461,0.28801418439716303
collection_size,Number of Papers,-0.025748800581932105,2.0794415416798357,0.2105960612726279,0.17222222222222222
collection_size,Number of Papers,0.0006706763233812369,3.295836866004329,0.39538225923872133,0.08134751773049642
collection_size,Number of Papers,-0.0012148813195973,3.332204510175204,0.4009069752261423,-0.0022962962962962963
collection_size,Number of Papers,-0.04093132694359758,1.3862943611198906,0.10529803063631396,0.186
collection_size,Number of Papers,-0.018623458563114342,1.3862943611198906,0.10529803063631396,0.04428571428571426
collection_size,Number of Papers,0.0010092223967570952,3.218875824868201,0.3836908807052213,0.16049645390070916
collection_size,Number of Papers,0.015449002480866954,5.087596335232384,0.6675737198333803,-0.186
collection_size,Number of Papers,-0.005862068895804282,2.6390573296152584,0.29560894458982834,0.07750000000000001
collection_size,Number of Papers,0.000139170525434747,4.174387269895637,0.5288454398431073,-0.050567375886524824
collection_size,Number of Papers,-0.00013960368224637723,3.688879454113936,0.4550905169433954,-0.16049645390070924
collection_size,Number of Papers,-0.002192023806657623,2.8903717578961645,0.33378685991669016,-0.27785185185185185
collection_size,Number of Papers,-0.023142756906371246,2.3978952727983707,0.25897330592718937,0.17222222222222222
collection_size,Number of Papers,-0.0005227454690865799,3.871201010907891,0.482787521867287,0.3054074074074074
collection_size,Number of Papers,0.020493494939839825,6.0330862217988015,0.8112058744957849,-0.0738095238095238
collection_size,Number of Papers,-0.000563030101392192,3.4657359027997265,0.42119212254525584,0.27785185185185185
collection_size,Number of Papers,0.0022484076404067498,4.762173934797756,0.6181378440890299,-0.06617977528089886
collection_size,Number of Papers,0.012897638241385224,5.0106352940962555,0.6558823412998802,-0.31
collection_size,Number of Papers,0.0008754097383000192,4.0943445622221,0.5166859162654266,0.12971631205673756
collection_size,Number of Papers,0.0008979665260163832,3.044522437723423,0.3572043439118595,0.1385106382978723
collection_size,Number of Papers,0.0014001116014075983,4.787491742782046,0.6219839469017406,0.2484397163120567
collection_size,Number of Papers,0.0329136945392247,6.523562306149512,0.8857155417133865,0.0
collection_size,Number of Papers,0.0013531883919470492,4.454347296253507,0.5713749923813721,0.2308510638297872
collection_size,Number of Papers,0.014420641596516853,5.214935757608986,0.6869182267067836,0.11758620689655169
collection_size,Number of Papers,0.020563089914214017,5.521460917862246,0.7334833670123028,-0.04428571428571426
collection_size,Number of Papers,0.004449507187765168,4.605170185988092,0.5942869419778493,-0.05344827586206896
collection_size,Number of Papers,0.0020513085058089654,3.295836866004329,0.39538225923872133,-0.14280898876404494
collection_size,Number of Papers,0.014780341434117878,5.099866427824199,0.6694377057542342,0.22448275862068962
collection_size,Number of Papers,0.02451649354455911,5.71042701737487,0.7621897639994923,-0.08454545454545453
collection_size,Number of Papers,-0.00029122210258265683,3.5263605246161616,0.4304017874827732,-0.2000709219858156
collection_size,Number of Papers,0.001652704108008285,3.1780538303479458,0.37748949123097303,0.2924113475177304
collection_size,Number of Papers,0.0021612598336424355,4.653960350157523,0.6016987995826271,-0.09404494382022471
collection_size,Number of Papers,0.004449507187765168,4.543294782270004,0.5848872670760799,-0.032068965517241366
collection_size,Number of Papers,0.0008409872725053664,2.772588722239781,0.31589409190894185,0.11652482269503545
collection_size,Number of Papers,-0.0008993019175295173,4.127134385045092,0.5216671148694308,0.14007407407407407
collection_size,Number of Papers,-0.0007580316551322018,3.5553480614894135,0.434805369624282,0.20437037037037037
collection_size,Number of Papers,0.0027395309314027123,4.204692619390966,0.5334492147831215,0.07314606741573038
collection_size,Number of Papers,0.0019554326932322112,4.465908118654584,0.5731312309776052,-0.2055056179775281
collection_size,Number of Papers,0.002745883540987734,4.727387818712341,0.6128533826932245,0.08011235955056178
collection_size,Number of Papers,0.021050820898221474,5.43372200355424,0.7201546900070266,0.11809523809523814
collection_size,Number of Papers,-0.00963419534928269,2.70805020110221,0.3060898549927987,0.31
collection_size,Number of Papers,0.0020056328769614833,4.61512051684126,0.595798526057542,-0.17067415730337077
collection_size,Number of Papers,0.0021483981161850444,4.543294782270004,0.5848872670760799,-0.10797752808988764
collection_size,Number of Papers,-0.032963090503770005,1.3862943611198906,0.10529803063631396,-0.23249999999999998
collection_size,Number of Papers,-0.02868992205331234,0.6931471805599453,0.0,-0.10333333333333333
collection_size,Number of Papers,-0.00039699989286215757,3.951243718581427,0.49494704544496765,-0.26602836879432623
collection_size,Number of Papers,0.0001121044116434128,3.258096538021482,0.3896490148086537,-0.05936170212765962
collection_size,Number of Papers,0.0005585120082039845,4.248495242049359,0.540103400260596,0.037375886524822655
collection_size,Number of Papers,0.002255393440625741,4.499809670330265,0.5782813155874578,-0.05921348314606739
collection_size,Number of Papers,-0.0002861810227083572,3.7612001156935624,0.4660769617450582,-0.19567375886524824
collection_size,Number of Papers,0.0017914076552467643,4.672828834461906,0.6045651666314531,-0.2891011235955056
collection_size,Number of Papers,6.688256074476142e-05,3.49650756146648,0.42586673588553436,-0.09014184397163122
collection_size,Number of Papers,-0.0011561871933240668,3.737669618283368,0.46250237454817344,0.02985185185185185
collection_size,Number of Papers,-0.0014278219208406022,3.4657359027997265,0.42119212254525584,-0.06659259259259259
collection_size,Number of Papers,-0.0321688575089708,0.6931471805599453,0.0,0.15499999999999997
collection_size,Number of Papers,-0.0009005292580466719,3.4657359027997265,0.42119212254525584,0.13548148148148148
collection_size,Number of Papers,-0.0010620242547154527,3.1780538303479458,0.37748949123097303,0.08496296296296296
collection_size,Number of Papers,-0.000446742901968933,3.5263605246161616,0.4304017874827732,-0.2924113475177305
collection_size,Number of Papers,-0.0011428525719338009,3.5553480614894135,0.434805369624282,0.034444444444444444
collection_size,Number of Papers,-0.00878104474304665,2.6390573296152584,0.29560894458982834,-0.2146153846153846
collection_size,Number of Papers,-0.0019152491391088268,2.995732273553991,0.34979248630708154,-0.22274074074074074
collection_size,Number of Papers,-0.025754085689794485,1.0986122886681098,0.061595399322031154,0.10333333333333333
collection_size,Number of Papers,-0.008015229570483638,2.5649493574615367,0.2843509841723398,-0.07153846153846152
collection_size,Number of Papers,-0.008641342484120086,2.5649493574615367,0.2843509841723398,-0.16692307692307692
collection_size,Number of Papers,-0.008486392517182018,2.5649493574615367,0.2843509841723398,-0.11923076923076922
collection_size,Number of Papers,-0.015264815873995972,1.791759469228055,0.16689342995834508,-0.02818181818181814
collection_size,Number of Papers,-0.01811224795506931,2.0794415416798357,0.2105960612726279,-0.20666666666666667
collection_size,Number of Papers,-0.01643500562434277,1.6094379124341005,0.13919642503445365,0.10333333333333333
collection_size,Number of Papers,0.0038882579839585453,4.605170185988092,0.5942869419778493,0.30303370786516853
collection_size,Number of Papers,-0.01020666517434635,2.6390573296152584,0.29560894458982834,0.062
collection_size,Number of Papers,-0.00012203359873638532,3.367295829986474,0.40623780101926016,-0.13851063829787236
collection_size,Number of Papers,-0.00037606421207640565,3.5263605246161616,0.4304017874827732,-0.26163120567375886
collection_size,Number of Papers,-0.01004868640098854,2.5649493574615367,0.2843509841723398,0.186
collection_size,Number of Papers,-0.022550339258618532,2.0794415416798357,0.2105960612726279,-0.19375
collection_size,Number of Papers,-0.0008405856864812999,3.4011973816621555,0.4113878856291127,0.1814074074074074
collection_size,Number of Papers,0.02151928943830564,5.247024072160486,0.6917928571221913,0.250952380952381
collection_size,Number of Papers,-0.0003163707362297617,3.258096538021482,0.3896490148086537,-0.2176595744680851
collection_size,Number of Papers,0.00042269618861402237,4.060443010546419,0.511535831655574,0.028581560283687912
collection_size,Number of Papers,-0.0008942257903348355,3.970291913552122,0.4978407128706512,0.15385185185185185
collection_size,Number of Papers,0.0020487380715576587,3.4657359027997265,0.42119212254525584,-0.1497752808988764
collection_size,Number of Papers,-0.035540846629372895,2.1972245773362196,0.22848882928037625,-0.155
collection_size,Number of Papers,-0.00041853083368787304,3.80666248977032,0.4729832849511439,-0.27921985815602834
collection_size,Number of Papers,0.02110319718302022,5.389071729816501,0.7133717353563878,0.1328571428571429
collection_size,Number of Papers,-0.0009487731348981647,3.1354942159291497,0.3710241347978417,0.1217037037037037
collection_size,Number of Papers,0.0024327166224315765,4.31748811353631,0.5505843106635663,-0.01741573033707866
collection_size,Number of Papers,0.0007855447387369467,4.382026634673881,0.5603885475797095,0.0989361702127659
collection_size,Number of Papers,-0.00029404207150452073,3.367295829986474,0.40623780101926016,-0.20886524822695035
collection_size,Number of Papers,-0.022120525899194932,1.3862943611198906,0.10529803063631396,0.07750000000000001
collection_size,Number of Papers,-0.0011250679713142016,3.912023005428146,0.48898891134153516,0.04362962962962963
collection_size,Number of Papers,0.013819042463281573,5.147494476813453,0.6766730230176861,-0.11758620689655172
collection_size,Number of Papers,-0.001739097937206891,3.1354942159291497,0.3710241347978417,-0.14925925925925926
collection_size,Number of Papers,-0.0005859832605529836,3.091042453358316,0.36427133656350336,0.26407407407407407
collection_size,Number of Papers,0.0012156485788183337,4.418840607796598,0.5659810667133641,0.21326241134751772
collection_size,Number of Papers,-0.00032750459819866,3.258096538021482,0.3896490148086537,-0.22645390070921986
collection_size,Number of Papers,-0.015063194810641606,1.791759469228055,0.16689342995834508,0.028181818181818197
collection_size,Number of Papers,-0.0019523345019370325,3.6635616461296463,0.45124441413068483,-0.22733333333333333
collection_size,Number of Papers,0.024235916056811243,6.541029999189903,0.8883691104337079,-0.19727272727272727
collection_size,Number of Papers,0.0036462152512263656,4.812184355372417,0.6257350744399514,0.2751685393258427
collection_size,Number of Papers,0.01494019991875429,5.0689042022202315,0.6647341428289962,0.28862068965517235
collection_size,Number of Papers,0.02044448774440491,5.337538079701318,0.7055431067175956,-0.08857142857142855
collection_size,Number of Papers,0.005077302848324273,4.795790545596741,0.6232446424906928,0.05344827586206896
collection_size,Number of Papers,0.001288693199917671,3.1780538303479458,0.37748949123097303,0.22205673758865246
collection_size,Number of Papers,0.012688731582450303,5.241747015059643,0.6909912038285497,0.31
collection_size,Number of Papers,0.021588785962453044,5.945420608606575,0.7978883328789969,0.29523809523809524
collection_size,Number of Papers,-0.0006278411096857032,4.007333185232471,0.503467761597957,0.2594814814814815
collection_size,Number of Papers,-0.001120339766821468,3.912023005428146,0.48898891134153516,0.04822222222222222
collection_size,Number of Papers,0.001942757065763256,4.442651256490317,0.5695982125172269,-0.21247191011235955
collection_size,Number of Papers,0.005077302848324273,4.770684624465665,0.6194307280342026,0.07482758620689656
collection_size,Number of Papers,-0.0041442300696147094,2.6390573296152584,0.29560894458982834,-0.07750000000000001
collection_size,Number of Papers,0.0003154348614067017,4.624972813284271,0.5972952174411182,-0.010992907801418483
collection_size,Number of Papers,-0.0005561846906420522,3.951243718581427,0.49494704544496765,0.28703703703703703
collection_size,Number of Papers,0.01613328058860225,5.017279836814924,0.6568917333631784,0.030999999999999972
collection_size,Number of Papers,0.007580544209035541,4.867534450455582,0.6341434704794213,0.10333333333333333
collection_size,Number of Papers,0.0006113923445062792,3.8918202981106265,0.4859198585433428,0.059361702127659566
collection_size,Number of Papers,0.011043394619912578,5.241747015059643,0.6909912038285497,-0.31
collection_size,Number of Papers,-0.007130752561772425,2.5649493574615367,0.2843509841723398,-0.31
collection_size,Number of Papers,0.0031940320940697106,4.465908118654584,0.5731312309776052,0.17067415730337082
collection_size,Number of Papers,0.00020688767580416705,4.110873864173311,0.519196931230314,-0.03737588652482271
collection_size,Number of Papers,-0.04212143439878812,0.6931471805599453,0.0,-0.186
collection_size,Number of Papers,-0.01813169555901209,1.6094379124341005,0.13919642503445365,-0.2583333333333333
collection_size,Number of Papers,-0.00037249371654394245,3.8501476017100584,0.47958923643976586,-0.2572340425531915
collection_size,Number of Papers,0.0006472803241527933,3.871201010907891,0.482787521867287,0.06815602836879431
collection_size,Number of Papers,0.0013860779565274526,4.418840607796598,0.5659810667133641,0.24404255319148932
collection_size,Number of Papers,0.0004408462562252219,3.951243718581427,0.49494704544496765,0.032978723404255283
collection_size,Number of Papers,-0.016065144093821374,1.791759469228055,0.16689342995834508,-0.31
collection_size,Number of Papers,0.0027265570781665753,4.532599493153256,0.583262514191462,0.05921348314606745
collection_size,Number of Papers,-0.0006578594221590377,3.871201010907891,0.482787521867287,0.2502962962962963
collection_size,Number of Papers,-0.00738831585960323,2.5649493574615367,0.2843509841723398,0.2146153846153846
collection_size,Number of Papers,-0.0010958151715311924,3.871201010907891,0.482787521867287,0.05740740740740741
collection_size,Number of Papers,-0.023565361489270287,1.3862943611198906,0.10529803063631396,0.034444444444444444
collection_size,Number of Papers,-0.0010783178717870465,3.295836866004329,0.39538225923872133,0.07118518518518518
collection_size,Number of Papers,-0.0018530465037088961,3.5263605246161616,0.4304017874827732,-0.21355555555555555
collection_size,Number of Papers,-0.0004719667981844601,3.5263605246161616,0.4304017874827732,-0.30120567375886526
collection_size,Number of Papers,-0.0012107127696490939,3.1354942159291497,0.3710241347978417,0.006888888888888889
collection_size,Number of Papers,-0.023203463264695086,0.6931471805599453,0.0,0.10333333333333333
collection_size,Number of Papers,-0.004248363706986084,2.5649493574615367,0.2843509841723398,-0.155
collection_size,Number of Papers,-0.01215547295493366,1.3862943611198906,0.10529803063631396,0.10333333333333333
collection_size,Number of Papers,-0.016788349472846773,1.9459101490553132,0.19031091395351443,0.0
collection_size,Number of Papers,-0.025118950892382703,2.1972245773362196,0.22848882928037625,0.2411111111111111
collection_size,Number of Papers,-0.018440634226157725,1.9459101490553132,0.19031091395351443,0.22142857142857136
collection_size,Number of Papers,-0.007188267437224164,1.791759469228055,0.16689342995834508,0.31
collection_size,Number of Papers,-0.018440634226157725,1.9459101490553132,0.19031091395351443,0.31
collection_size,Number of Papers,0.015287117471037571,4.983606621708336,0.6517763360343566,-0.279
collection_size,Number of Papers,-0.0019622935400489907,3.6635616461296463,0.45124441413068483,-0.23192592592592592
collection_size,Number of Papers,0.0008331693220113611,3.737669618283368,0.46250237454817344,0.11212765957446807
collection_size,Number of Papers,-0.00028537691885206735,3.828641396489095,0.4763221654341557,-0.19127659574468087
collection_size,Number of Papers,-0.04265056561918071,2.302585092994046,0.2444944556707676,-0.31
collection_size,Number of Papers,-0.031730001780243065,1.0986122886681098,0.061595399322031154,0.31
collection_size,Number of Papers,0.00010028014760550149,3.9318256327243257,0.49199718680480425,-0.06375886524822696
collection_size,Number of Papers,0.022993999944406554,5.648974238161206,0.7528542912315016,0.14684210526315788
collection_size,Number of Papers,-1.3004940859123813e-05,3.8918202981106265,0.4859198585433428,-0.1121276595744681
collection_size,Number of Papers,0.002001654479945198,4.406719247264253,0.5641396751179203,-0.17764044943820223
collection_size,Number of Papers,-0.0002186839183180053,4.219507705176107,0.5356998181190872,-0.17808510638297873
collection_size,Number of Papers,0.002148017498346584,4.04305126783455,0.5088938007734548,-0.1149438202247191
collection_size,Number of Papers,-0.004776028776970506,2.5649493574615367,0.2843509841723398,-0.23249999999999998
collection_size,Number of Papers,0.0015795545353238204,4.219507705176107,0.5356998181190872,0.28361702127659566
collection_size,Number of Papers,0.02167162441551014,5.327876168789581,0.704075337361068,0.31
collection_size,Number of Papers,-0.0008630249073234115,3.4339872044851463,0.4163690842331168,0.16762962962962963
collection_size,Number of Papers,0.00039504638521937357,3.49650756146648,0.42586673588553436,0.01978723404255317
collection_size,Number of Papers,0.00032495814443306363,4.276666119016055,0.5443829211893181,-0.006595744680851112
collection_size,Number of Papers,0.002197527769586478,3.6635616461296463,0.45124441413068483,-0.07314606741573032
collection_size,Number of Papers,-0.021924512108223795,1.3862943611198906,0.10529803063631396,0.19375000000000003
collection_size,Number of Papers,-0.00168227657121973,4.007333185232471,0.503467761597957,-0.14466666666666667
collection_size,Number of Papers,0.000647164839977927,4.04305126783455,0.5088938007734548,0.06375886524822694
collection_size,Number of Papers,-0.024119658466801357,1.3862943611198906,0.10529803063631396,-0.17222222222222222
collection_size,Number of Papers,-0.031300550898778756,0.6931471805599453,0.0,-0.31
collection_size,Number of Papers,-0.0017791560669587496,3.091042453358316,0.36427133656350336,-0.17222222222222222
collection_size,Number of Papers,-0.004917898601090053,2.70805020110221,0.3060898549927987,-0.31
collection_size,Number of Papers,-0.01739901284821255,1.3862943611198906,0.10529803063631396,-0.10333333333333333
collection_size,Number of Papers,-0.003349877061630868,2.70805020110221,0.3060898549927987,0.0
collection_size,Number of Papers,0.027460093926712295,6.52795791762255,0.8863832920044278,0.31
collection_size,Number of Papers,0.015425569007585219,5.087596335232384,0.6675737198333803,-0.217
collection_size,Number of Papers,0.016613962188116303,5.062595033026967,0.6637756983461588,0.124
collection_size,Number of Papers,0.0030774335952797236,4.7535901911063645,0.616833862291888,0.14977528089887643
collection_size,Number of Papers,0.014284690189916953,5.099866427824199,0.6694377057542342,0.05344827586206896
collection_size,Number of Papers,-0.01449345257356521,2.4849066497880004,0.27219146059465904,0.14090909090909093
collection_size,Number of Papers,0.014358234825581581,5.1647859739235145,0.6792998252950497,0.07482758620689656
collection_size,Number of Papers,0.01741125470451343,6.135564891081739,0.8267737111116767,-0.22142857142857142
collection_size,Number of Papers,0.003465836304731048,4.5217885770490405,0.5816201960704697,0.24730337078651693
collection_size,Number of Papers,0.0033036865759656347,4.330733340286331,0.5525964320877376,0.2124719101123596
collection_size,Number of Papers,-0.0013215756989853843,3.713572066704308,0.4588416444816063,-0.034444444444444444
collection_size,Number of Papers,0.01421311696023714,5.043425116919247,0.6608635399038845,0.01068965517241377
collection_size,Number of Papers,-0.015461458058196223,2.3978952727983707,0.25897330592718937,-0.1409090909090909
collection_size,Number of Papers,0.0056518399804985275,4.867534450455582,0.6341434704794213,0.18172413793103448
collection_size,Number of Papers,0.016347399793633637,5.541263545158426,0.7364916424755719,0.09300000000000003
collection_size,Number of Papers,0.01795346844028805,4.976733742420574,0.6507322566900277,-0.13285714285714287
collection_size,Number of Papers,-0.0008523340357130862,3.9318256327243257,0.49199718680480425,0.17222222222222222
collection_size,Number of Papers,-0.0224228739571759,2.3978952727983707,0.25897330592718937,-0.03875000000000001
collection_size,Number of Papers,0.002621165617596184,4.634728988229636,0.598777306724754,0.03134831460674159
collection_size,Number of Papers,-0.0008263287529610394,2.8903717578961645,0.33378685991669016,0.186
collection_size,Number of Papers,0.002171152771066348,3.912023005428146,0.48898891134153516,-0.08011235955056178
collection_size,Number of Papers,-0.0011913182603672768,3.091042453358316,0.36427133656350336,0.020666666666666667
collection_size,Number of Papers,-0.0019800844577593547,3.1780538303479458,0.37748949123097303,-0.2411111111111111
collection_size,Number of Papers,0.0004033531381566875,4.248495242049359,0.540103400260596,0.02418439716312054
collection_size,Number of Papers,-0.0007337465731470426,3.258096538021482,0.3896490148086537,0.21355555555555555
collection_size,Number of Papers,-0.021600846440767527,1.9459101490553132,0.19031091395351443,0.23249999999999998
collection_size,Number of Papers,0.0031192019837723906,4.477336814478207,0.5748673978361313,0.1567415730337079
collection_size,Number of Papers,-0.0012713134115690322,3.8501476017100584,0.47958923643976586,-0.02985185185185185
collection_size,Number of Papers,0.0009577088687409174,3.332204510175204,0.4009069752261423,0.15170212765957442
collection_size,Number of Papers,-0.0010200370120847819,3.6635616461296463,0.45124441413068483,0.09414814814814815
collection_size,Number of Papers,-0.0069513117049914905,2.6390573296152584,0.29560894458982834,-0.23249999999999998
collection_size,Number of Papers,0.0009333844821087378,4.276666119016055,0.5443829211893181,0.14730496453900704
collection_size,Number of Papers,-0.00747405179561628,2.5649493574615367,0.2843509841723398,0.16692307692307695
collection_size,Number of Papers,-0.032273701303228194,0.6931471805599453,0.0,0.07750000000000001
collection_size,Number of Papers,-0.01194258809705193,1.9459101490553132,0.19031091395351443,0.17222222222222222
collection_size,Number of Papers,-0.03039931987849477,0.6931471805599453,0.0,0.10333333333333333
collection_size,Number of Papers,-0.0271950574075635,1.0986122886681098,0.061595399322031154,-0.31
collection_size,Number of Papers,-0.007601084765389315,1.3862943611198906,0.10529803063631396,0.07153846153846155
collection_size,Number of Papers,-0.01615034864591635,1.3862943611198906,0.10529803063631396,0.31
collection_size,Number of Papers,-0.014258208231144431,1.6094379124341005,0.13919642503445365,0.2536363636363637
collection_size,Number of Papers,0.01555179399439901,6.025865973825314,0.8101090253508458,-0.155
collection_size,Number of Papers,0.0030585092061393726,4.700480365792417,0.608765792234271,0.14280898876404496
collection_size,Number of Papers,0.004824880214724072,4.804021044733257,0.6244949618666279,-0.010689655172413826
collection_size,Number of Papers,-0.0005345858729422836,4.189654742026425,0.5311647665218484,0.2916296296296296
collection_size,Number of Papers,0.0059190578598938065,4.343805421853684,0.5545822505170178,0.22448275862068962
collection_size,Number of Papers,-0.013420173092044066,1.6094379124341005,0.13919642503445365,-0.2411111111111111
collection_size,Number of Papers,0.011388498228674743,4.624972813284271,0.5972952174411182,-0.22142857142857142
collection_size,Number of Papers,0.023952059833975844,5.272999558563747,0.6957388698014525,0.31
collection_size,Number of Papers,-0.0005187829722892298,3.784189633918261,0.4695693671998173,0.31
collection_size,Number of Papers,-7.016287351043793e-05,3.332204510175204,0.4009069752261423,-0.12971631205673761
collection_size,Number of Papers,-0.0013842733321908632,3.367295829986474,0.40623780101926016,-0.052814814814814814
collection_size,Number of Papers,0.0024999942974371567,4.127134385045092,0.5216671148694308,0.003483146067415732
collection_size,Number of Papers,-0.02828624816328214,1.0986122886681098,0.061595399322031154,0.10333333333333333
collection_size,Number of Papers,-0.0015703529900859604,4.007333185232471,0.503467761597957,-0.10333333333333333
collection_size,Number of Papers,0.0005710879821894555,4.143134726391533,0.5240977738702046,0.041773049645390026
collection_size,Number of Papers,-0.022815431160497675,1.9459101490553132,0.19031091395351443,0.31
collection_size,Number of Papers,-0.021939561987727875,1.9459101490553132,0.19031091395351443,0.15499999999999997
collection_size,Number of Papers,-0.002333825991518174,2.8903717578961645,0.33378685991669016,-0.2962222222222222
collection_size,Number of Papers,8.178011399518901e-05,3.091042453358316,0.36427133656350336,-0.07255319148936173
collection_size,Number of Papers,-0.02663495123280636,1.0986122886681098,0.061595399322031154,-0.17222222222222222
collection_size,Number of Papers,-0.006788530204406824,2.6390573296152584,0.29560894458982834,0.0
collection_size,Number of Papers,-0.017240905922510447,2.4849066497880004,0.27219146059465904,-0.051666666666666694
collection_size,Number of Papers,-0.028717386123813717,1.0986122886681098,0.061595399322031154,-0.20666666666666667
collection_size,Number of Papers,-0.03608687770513875,1.0986122886681098,0.061595399322031154,-0.31
collection_size,Number of Papers,-0.01860715908831265,1.3862943611198906,0.10529803063631396,0.13285714285714284
collection_size,Number of Papers,0.021529560354610528,6.068425588244111,0.8165743817839772,0.26571428571428574
collection_size,Number of Papers,0.017043051535751686,6.593044534142437,0.8962707917051242,0.27899999999999997
collection_size,Number of Papers,0.008055188120108494,6.690842277418564,0.9111275350584377,0.31
collection_size,Number of Papers,0.020314429414186454,6.152732694704104,0.8293817227468475,-0.13285714285714284
collection_size,Number of Papers,0.01405774813141218,5.262690188904886,0.6941727430788379,-0.07482758620689656
collection_size,Number of Papers,0.023932375731165086,6.602587892189336,0.8977205513466249,0.27736842105263154
collection_size,Number of Papers,0.02497319819877037,7.273786317844895,0.9996842819508964,0.14090909090909093
collection_size,Number of Papers,0.020837707491222414,5.298317366548036,0.6995849726141631,0.04428571428571432
collection_size,Number of Papers,0.024526312288128172,5.247024072160486,0.6917928571221913,-0.02818181818181814
collection_size,Number of Papers,0.018247259823727494,5.811140992976701,0.7774895207984157,-0.08857142857142858
collection_size,Number of Papers,0.017004903030266753,6.1070228877422545,0.8224378112820981,0.186
collection_size,Number of Papers,0.001455672113992717,3.9318256327243257,0.49199718680480425,0.2616312056737588
collection_size,Number of Papers,0.023162383987354228,5.905361848054571,0.7918028885258218,0.17947368421052634
collection_size,Number of Papers,0.02964492468678735,5.860786223465865,0.785031274047375,0.0
collection_size,Number of Papers,0.00033176773097757985,4.23410650459726,0.5379175647561868,-0.002198581560283741
collection_size,Number of Papers,0.0002564461213408241,4.31748811353631,0.5505843106635663,-0.03297872340425534
collection_size,Number of Papers,-1.89264490005962e-05,3.4339872044851463,0.4163690842331168,-0.11652482269503547
collection_size,Number of Papers,0.007060269047991308,4.59511985013459,0.5927601658438796,-0.10333333333333333
collection_size,Number of Papers,-0.011781459732023153,2.4849066497880004,0.27219146059465904,0.31
collection_size,Number of Papers,0.00030388267740317994,4.68213122712422,0.6059783205113493,-0.024184397163120597
collection_size,Number of Papers,0.024596231874919838,5.950642552587727,0.7986816137762289,0.08454545454545453
collection_size,Number of Papers,-0.0005314108710028463,4.07753744390572,0.5141326973978886,0.3008148148148148
collection_size,Number of Papers,0.001981267771175618,3.8501476017100584,0.47958923643976586,-0.19157303370786516
collection_size,Number of Papers,-0.0007464807730784708,3.9318256327243257,0.49199718680480425,0.20896296296296296
collection_size,Number of Papers,0.012375961295110954,4.969813299576001,0.6496809518256321,0.04428571428571426
collection_size,Number of Papers,0.0017410197608199777,2.8903717578961645,0.33378685991669016,0.3056028368794325
collection_size,Number of Papers,0.0010311494187958817,4.564348191467836,0.588085552503601,0.16929078014184396
collection_size,Number of Papers,0.025019747978528326,5.75890177387728,0.7695537070961883,0.19727272727272732
collection_size,Number of Papers,-0.0008522837315089899,3.610917912644224,0.443247149456132,0.1768148148148148
collection_size,Number of Papers,-0.00033224123131476985,3.5263605246161616,0.4304017874827732,-0.23085106382978723
collection_size,Number of Papers,0.0018812173997312328,4.499809670330265,0.5782813155874578,-0.24730337078651685
collection_size,Number of Papers,0.003940537381599217,4.634728988229636,0.598777306724754,0.31
collection_size,Number of Papers,-0.033813554029486735,2.1972245773362196,0.22848882928037625,-0.31
collection_size,Number of Papers,0.0003146801558495794,4.330733340286331,0.5525964320877376,-0.015390070921985854
collection_size,Number of Papers,0.02094465168686239,5.966146739123692,0.8010369004377664,0.07380952380952382
collection_size,Number of Papers,-0.0017606214925916855,3.5553480614894135,0.434805369624282,-0.15844444444444444
collection_size,Number of Papers,0.000747108098993106,3.5263605246161616,0.4304017874827732,0.09453900709219853
collection_size,Number of Papers,0.011992910393003448,5.087596335232384,0.6675737198333803,-0.04428571428571432
collection_size,Number of Papers,0.004242667799263381,4.634728988229636,0.598777306724754,-0.1603448275862069
collection_size,Number of Papers,-0.012764335150094544,2.4849066497880004,0.27219146059465904,-0.034444444444444444
collection_size,Number of Papers,-0.0005580806808025402,4.465908118654584,0.5731312309776052,0.28244444444444444
collection_size,Number of Papers,0.024165939508619713,6.6039438246004725,0.8979265350346105,-0.25363636363636366
collection_size,Number of Papers,9.025682190370179e-05,3.951243718581427,0.49494704544496765,-0.06815602836879434
collection_size,Number of Papers,0.01835168080551052,5.8377304471659395,0.7815288031331712,-0.04428571428571432
collection_size,Number of Papers,0.017620044439773986,5.472270673671475,0.7260107320726016,-0.17714285714285716
collection_size,Number of Papers,-0.045195684992743436,2.1972245773362196,0.22848882928037625,0.31
collection_size,Number of Papers,0.0010773622557055285,2.772588722239781,0.31589409190894185,0.17368794326241133
collection_size,Number of Papers,0.014058010797189753,5.204006687076795,0.6852579593984821,-0.05344827586206896
collection_size,Number of Papers,0.014641511160807832,5.056245805348308,0.662811168460768,0.16034482758620688
collection_size,Number of Papers,-0.0010236440646328691,2.9444389791664403,0.34200037081510964,0.08955555555555555
collection_size,Number of Papers,0.003830199223344114,4.382026634673881,0.5603885475797095,0.2891011235955056
collection_size,Number of Papers,0.0003597776666264764,3.713572066704308,0.4588416444816063,0.006595744680851057
collection_size,Number of Papers,-0.04129508853171055,1.0986122886681098,0.061595399322031154,0.062
collection_size,Number of Papers,-0.00029174719341290155,3.828641396489095,0.4763221654341557,-0.20446808510638298
collection_size,Number of Papers,0.024110859935600998,5.313205979041787,0.7018467456090884,-0.31
collection_size,Number of Papers,-0.000477890200296822,3.1354942159291497,0.3710241347978417,-0.31
collection_size,Number of Papers,0.0033119241365996803,4.532599493153256,0.583262514191462,0.21943820224719107
collection_size,Number of Papers,0.0011048873121332348,4.189654742026425,0.5311647665218484,0.1780851063829787
collection_size,Number of Papers,-0.042866890404591754,1.0986122886681098,0.061595399322031154,0.31
collection_size,Number of Papers,-0.03275291311592066,0.6931471805599453,0.0,-0.155
collection_size,Number of Papers,-0.0004644581628037283,3.871201010907891,0.482787521867287,-0.2968085106382979
collection_size,Number of Papers,0.020836375903255062,5.337538079701318,0.7055431067175956,0.029523809523809563
collection_size,Number of Papers,-0.02603243346428418,1.9459101490553132,0.19031091395351443,0.034444444444444444
collection_size,Number of Papers,0.003254262268072036,4.61512051684126,0.595798526057542,0.18460674157303375
collection_size,Number of Papers,0.0017564432727874397,4.30406509320417,0.5485451800924461,-0.31
collection_size,Number of Papers,-0.04087341645572867,0.6931471805599453,0.0,0.31
collection_size,Number of Papers,-0.02062483850237931,1.3862943611198906,0.10529803063631396,0.31
collection_size,Number of Papers,-0.0006791159145981444,3.6375861597263857,0.44729840145142363,0.22733333333333333
collection_size,Number of Papers,0.013717485390442619,5.135798437050262,0.6748962431535408,-0.18172413793103448
collection_size,Number of Papers,-0.03206090207085039,1.0986122886681098,0.061595399322031154,0.23249999999999998
collection_size,Number of Papers,0.002040549837487929,4.23410650459726,0.5379175647561868,-0.15674157303370786
collection_size,Number of Papers,-6.0824368200411965e-05,4.04305126783455,0.5088938007734548,-0.12531914893617022
collection_size,Number of Papers,-0.028279483331377867,2.302585092994046,0.2444944556707676,0.2066666666666666
collection_size,Number of Papers,-0.00021686963293569635,3.912023005428146,0.48898891134153516,-0.17368794326241135
collection_size,Number of Papers,0.020142927971991513,5.986452005284438,0.8041215332520346,-0.1919047619047619
collection_size,Number of Papers,0.013513760898310783,5.056245805348308,0.662811168460768,-0.2886206896551724
collection_size,Number of Papers,0.003318258993735321,4.787491742782046,0.6219839469017406,0.22640449438202254
collection_size,Number of Papers,0.01360017283946243,5.0238805208462765,0.6578944627240516,-0.22448275862068967
collection_size,Number of Papers,-0.01653635677485597,2.70805020110221,0.3060898549927987,0.051666666666666694
collection_size,Number of Papers,0.0015084365696337938,4.653960350157523,0.6016987995826271,0.27042553191489355
collection_size,Number of Papers,0.006790675296845405,4.955827057601261,0.6475562605951876,-0.17222222222222222
collection_size,Number of Papers,0.0005728466097786374,4.219507705176107,0.5356998181190872,0.0461702127659574
collection_size,Number of Papers,0.0006056407934865205,3.688879454113936,0.4550905169433954,0.05496453900709214
collection_size,Number of Papers,-0.0008864739747154523,4.0943445622221,0.5166859162654266,0.15844444444444444
collection_size,Number of Papers,0.0012254150581972956,3.4011973816621555,0.4113878856291127,0.2176595744680851
collection_size,Number of Papers,0.0026094438168965525,4.59511985013459,0.5927601658438796,0.024382022471910125
collection_size,Number of Papers,-0.0006663091816643456,3.713572066704308,0.4588416444816063,0.2411111111111111
collection_size,Number of Papers,0.0003567859574925145,3.49650756146648,0.42586673588553436,0.0021985815602836856
collection_size,Number of Papers,-0.0012179880737023998,3.6635616461296463,0.45124441413068483,-0.006888888888888889
collection_size,Number of Papers,-0.028648094729918583,1.0986122886681098,0.061595399322031154,0.0
collection_size,Number of Papers,-0.0009795286827180073,3.218875824868201,0.3836908807052213,0.10792592592592593
collection_size,Number of Papers,0.0022689103503298813,4.5217885770490405,0.5816201960704697,-0.05224719101123593
collection_size,Number of Papers,-0.0016763389328369198,3.4011973816621555,0.4113878856291127,-0.14007407407407407
collection_size,Number of Papers,-0.0010667908186190813,3.258096538021482,0.3896490148086537,0.08037037037037037
collection_size,Number of Papers,-0.0018986796200775814,3.4657359027997265,0.42119212254525584,-0.21814814814814815
collection_size,Number of Papers,-0.02195311528188978,1.6094379124341005,0.13919642503445365,0.11625000000000002
collection_size,Number of Papers,-0.0015450039923175065,3.4339872044851463,0.4163690842331168,-0.09414814814814815
collection_size,Number of Papers,-0.000910623521994374,4.174387269895637,0.5288454398431073,0.1308888888888889
collection_size,Number of Papers,-0.0015776139541571245,2.8903717578961645,0.33378685991669016,-0.10792592592592593
collection_size,Number of Papers,-0.0009697494753237242,3.044522437723423,0.3572043439118595,0.11251851851851852
collection_size,Number of Papers,-0.0031031388936397777,3.044522437723423,0.3572043439118595,0.07750000000000001
collection_size,Number of Papers,-0.022874494883677078,1.791759469228055,0.16689342995834508,0.2411111111111111
collection_size,Number of Papers,-0.0018306825811049779,2.9444389791664403,0.34200037081510964,-0.19518518518518518
collection_size,Number of Papers,0.003267205175367204,4.48863636973214,0.5765839465701883,0.19853932584269668
collection_size,Number of Papers,-0.005313747000788277,2.5649493574615367,0.2843509841723398,0.15499999999999997
collection_size,Number of Papers,0.0006775054814910781,4.07753744390572,0.5141326973978886,0.08574468085106379
collection_size,Number of Papers,-0.00013400710975259382,4.04305126783455,0.5088938007734548,-0.15170212765957447
collection_size,Number of Papers,-0.02271931932396236,0.6931471805599453,0.0,-0.27125
collection_size,Number of Papers,0.000654927201105893,4.127134385045092,0.5216671148694308,0.07255319148936168
collection_size,Number of Papers,-0.0007932183521878479,2.995732273553991,0.34979248630708154,0.19977777777777778
collection_size,Number of Papers,-0.011605862974747081,1.9459101490553132,0.19031091395351443,-0.31
collection_size,Number of Papers,-0.012953435562898442,2.3978952727983707,0.25897330592718937,-0.17222222222222222
collection_size,Number of Papers,-0.002314024617721271,2.5649493574615367,0.2843509841723398,-0.2916296296296296
collection_size,Number of Papers,-0.01892386934159915,1.9459101490553132,0.19031091395351443,-0.04428571428571432
collection_size,Number of Papers,-0.0021419453015053313,3.044522437723423,0.3572043439118595,-0.26407407407407407
collection_size,Number of Papers,-0.027142287717692,0.6931471805599453,0.0,-0.2411111111111111
collection_size,Number of Papers,-0.00799064261615233,2.70805020110221,0.3060898549927987,0.02384615384615385
collection_size,Number of Papers,-0.009091430058908213,2.5649493574615367,0.2843509841723398,-0.2623076923076923
collection_size,Number of Papers,-0.002086250143410059,2.772588722239781,0.31589409190894185,-0.2548888888888889
collection_size,Number of Papers,-0.0016612758496312818,3.091042453358316,0.36427133656350336,-0.13548148148148148
collection_size,Number of Papers,-0.0014000828836330452,2.772588722239781,0.31589409190894185,-0.062
collection_size,Number of Papers,-0.0080087334233086,2.6390573296152584,0.29560894458982834,-0.02384615384615385
collection_size,Number of Papers,-0.0019776302303080064,2.9444389791664403,0.34200037081510964,-0.23651851851851852
collection_size,Number of Papers,-0.0006291189293826636,3.258096538021482,0.3896490148086537,0.2548888888888889
collection_size,Number of Papers,-0.025092978229443105,1.0986122886681098,0.061595399322031154,0.31
collection_size,Number of Papers,-0.002196210108791398,2.833213344056216,0.3251037568464592,-0.28244444444444444
collection_size,Number of Papers,-0.0018120600206843755,2.833213344056216,0.3251037568464592,-0.1814074074074074
collection_size,Number of Papers,-0.0021312216443680966,2.995732273553991,0.34979248630708154,-0.2594814814814815
collection_size,Number of Papers,0.014825723674679157,7.247792581767846,0.9957354969099154,0.24586206896551727
collection_size,Number of Papers,0.02117223835777193,5.8522024797744745,0.7837272922502332,0.14761904761904765
collection_size,Number of Papers,0.0009954575186968103,2.995732273553991,0.34979248630708154,0.1560992907801418
collection_size,Number of Papers,0.014232169442040803,5.153291594497779,0.6775536802469825,0.032068965517241366
collection_size,Number of Papers,-0.00037027345057913787,3.4011973816621555,0.4113878856291127,-0.24843971631205675
collection_size,Number of Papers,0.00038291241209227275,3.8918202981106265,0.4859198585433428,0.010992907801418428
collection_size,Number of Papers,-0.003036364713312407,2.6390573296152584,0.29560894458982834,0.15499999999999997
collection_size,Number of Papers,0.00364222461301152,4.955827057601261,0.6475562605951876,0.2682022471910112
collection_size,Number of Papers,0.006697202755195903,4.875197323201151,0.6353075600577317,-0.2411111111111111
collection_size,Number of Papers,0.004112729660868741,4.90527477843843,0.6398767149094889,-0.22448275862068967
collection_size,Number of Papers,-0.0013849710374139897,3.828641396489095,0.4763221654341557,-0.05740740740740741
collection_size,Number of Papers,-0.0015270610951518757,3.258096538021482,0.3896490148086537,-0.08037037037037037
collection_size,Number of Papers,0.00025814202244463957,2.772588722239781,0.31589409190894185,-0.028581560283687968
collection_size,Number of Papers,-0.000881674814888305,3.091042453358316,0.36427133656350336,0.16303703703703704
collection_size,Number of Papers,0.0018752492093587086,4.59511985013459,0.5927601658438796,-0.25426966292134834
collection_size,Number of Papers,0.020748791207807482,5.351858133476067,0.7077185082821942,-0.014761904761904754
collection_size,Number of Papers,0.023294349951946545,5.713732805509369,0.762691956015887,0.2447368421052632
collection_size,Number of Papers,-0.0003153876414330172,3.610917912644224,0.443247149456132,-0.21326241134751772
collection_size,Number of Papers,0.014725220399191932,4.969813299576001,0.6496809518256321,0.20310344827586208
collection_size,Number of Papers,-0.0006719303446823916,2.995732273553991,0.34979248630708154,0.23651851851851852
collection_size,Number of Papers,0.0017582349578461577,3.784189633918261,0.4695693671998173,-0.30303370786516853
collection_size,Number of Papers,-0.020119674995734086,1.9459101490553132,0.19031091395351443,-0.31
collection_size,Number of Papers,0.0014383996556356308,4.6913478822291435,0.6073784497462668,0.25723404255319143
collection_size,Number of Papers,0.0025640660548935912,4.727387818712341,0.6128533826932245,0.01741573033707866
collection_size,Number of Papers,0.0021581113276093575,4.812184355372417,0.6257350744399514,-0.10101123595505618
collection_size,Number of Papers,0.002733887527564885,3.871201010907891,0.482787521867287,0.06617977528089891
collection_size,Number of Papers,-0.0068341754327390395,2.5649493574615367,0.2843509841723398,-0.07750000000000001
collection_size,Number of Papers,-0.001014791190027263,3.5263605246161616,0.4304017874827732,0.09874074074074074
collection_size,Number of Papers,0.0022994837898162334,4.499809670330265,0.5782813155874578,-0.04528089887640446
collection_size,Number of Papers,0.0019975475606378336,4.709530201312334,0.6101405794144772,-0.1846067415730337
collection_size,Number of Papers,7.05025710176851e-05,4.219507705176107,0.5356998181190872,-0.08574468085106385
collection_size,Number of Papers,0.022519547908382807,5.736572297479192,0.7661615705401984,-0.08157894736842106
collection_size,Number of Papers,-0.00121166705946752,3.4657359027997265,0.42119212254525584,0.0022962962962962963
collection_size,Number of Papers,0.002827199211176618,4.787491742782046,0.6219839469017406,0.09404494382022471
collection_size,Number of Papers,-0.032467428807158284,2.4849066497880004,0.27219146059465904,0.0
collection_size,Number of Papers,0.004086310946623986,4.174387269895637,0.5288454398431073,-0.24586206896551724
collection_size,Number of Papers,-0.023745621920786247,1.6094379124341005,0.13919642503445365,-0.034444444444444444
collection_size,Number of Papers,0.005016839647507023,4.844187086458591,0.6305967036189598,0.032068965517241366
collection_size,Number of Papers,0.014142443240584905,5.209486152841421,0.6860903611886591,-0.032068965517241366
collection_size,Number of Papers,0.0035900784437341206,4.5217885770490405,0.5816201960704697,0.26123595505617975
collection_size,Number of Papers,-0.0004751381051899426,3.218875824868201,0.3836908807052213,-0.3056028368794326
collection_size,Number of Papers,-0.01562552615571255,1.791759469228055,0.16689342995834508,-0.25363636363636366
collection_size,Number of Papers,-0.000807096290948938,3.871201010907891,0.482787521867287,0.1905925925925926
collection_size,Number of Papers,0.017323517343981097,5.0689042022202315,0.6647341428289962,0.31
collection_size,Number of Papers,0.0015776684043451142,4.465908118654584,0.5731312309776052,0.2792198581560283
collection_size,Number of Papers,-0.0029975928866670426,2.772588722239781,0.31589409190894185,0.23249999999999998
collection_size,Number of Papers,0.020524924341042982,5.937536205082426,0.7966905899073465,-0.059047619047619015
collection_size,Number of Papers,-0.0015356639526891203,3.7612001156935624,0.4660769617450582,-0.08496296296296296
collection_size,Number of Papers,0.0032807149878217026,4.8283137373023015,0.6281853363759888,0.20550561797752814
collection_size,Number of Papers,-0.020040662282999052,1.9459101490553132,0.19031091395351443,-0.13285714285714287
collection_size,Number of Papers,0.006465147268843982,4.653960350157523,0.6016987995826271,-0.31
collection_size,Number of Papers,0.006040154835179115,4.844187086458591,0.6305967036189598,0.2672413793103448
collection_size,Number of Papers,0.02436354161044815,5.60947179518496,0.7468533587205133,-0.1409090909090909
collection_size,Number of Papers,0.0035779582467611037,4.110873864173311,0.519196931230314,0.2542696629213483
collection_size,Number of Papers,-0.0026138109768899763,3.4657359027997265,0.42119212254525584,-0.31
collection_size,Number of Papers,-0.0264523122238413,1.0986122886681098,0.061595399322031154,-0.10333333333333333
collection_size,Number of Papers,-0.013603312540955393,5.4638318050256105,0.7247287586705166,-0.31
collection_size,Number of Papers,0.0028968788058555354,4.74493212836325,0.6155185904686094,0.1149438202247191
collection_size,Number of Papers,-0.0008965516990560503,3.295836866004329,0.39538225923872133,0.14925925925925926
collection_size,Number of Papers,0.005298423426683474,4.882801922586371,0.6364627971581623,0.11758620689655169
collection_size,Number of Papers,0.020229875504872808,6.331501849893691,0.8565390718754617,-0.17714285714285713
collection_size,Number of Papers,0.0023727320798442282,4.23410650459726,0.5379175647561868,-0.024382022471910125
collection_size,Number of Papers,0.019407988506272265,5.572154032177765,0.741184307381033,0.2657142857142856
collection_size,Number of Papers,0.0030385106444667416,4.5217885770490405,0.5816201960704697,0.1358426966292135
collection_size,Number of Papers,0.022411169133633026,6.22455842927536,0.8402929817283096,-0.11421052631578948
collection_size,Number of Papers,0.019875879787365977,6.551080335043404,0.8898958865676775,-0.2509523809523809
collection_size,Number of Papers,0.004001099460133617,4.454347296253507,0.5713749923813721,-0.2886206896551724
collection_size,Number of Papers,0.01574091706347506,5.030437921392435,0.6588906167631493,-0.062
collection_size,Number of Papers,-2.8756258710581814e-05,3.295836866004329,0.39538225923872133,-0.12092198581560284
collection_size,Number of Papers,0.019156136756745344,5.5254529391317835,0.7340898067263054,0.13285714285714284
collection_size,Number of Papers,-0.03394564915491767,2.302585092994046,0.2444944556707676,0.31
collection_size,Number of Papers,0.022078020965388304,5.53338948872752,0.7352954713613451,-0.24473684210526314
collection_size,Number of Papers,0.025842273729303276,5.298317366548036,0.6995849726141631,0.31
collection_size,Number of Papers,0.027143482533183556,5.342334251964811,0.706271707378613,-0.31
collection_size,Number of Papers,0.016021842595950755,4.997212273764115,0.65384321072876,0.0
collection_size,Number of Papers,0.007789459839309599,4.962844630259907,0.648622320735843,0.2411111111111111
collection_size,Number of Papers,0.019901093776328257,6.018593214496234,0.8090041990511481,-0.23619047619047617
collection_size,Number of Papers,-0.00033310955097329894,3.258096538021482,0.3896490148086537,-0.23524822695035463
collection_size,Number of Papers,0.017388091648150642,5.666426688112432,0.7555055443292323,-0.26571428571428574
collection_size,Number of Papers,-0.030807004346663933,2.4849066497880004,0.27219146059465904,-0.10333333333333333
collection_size,Number of Papers,-0.04724314152682417,1.0986122886681098,0.061595399322031154,-0.31
collection_size,Number of Papers,-0.022399928897724127,1.3862943611198906,0.10529803063631396,0.0
collection_size,Number of Papers,0.0039874881796443246,4.948759890378168,0.646482666398111,-0.31
collection_size,Number of Papers,0.004940212215483774,4.330733340286331,0.5525964320877376,0.01068965517241377
collection_size,Number of Papers,0.004310061758593312,4.736198448394496,0.6141918314097687,-0.07482758620689656
collection_size,Number of Papers,0.00271780788367886,4.795790545596741,0.6232446424906928,0.05224719101123598
collection_size,Number of Papers,0.002145645495419156,4.605170185988092,0.5942869419778493,-0.12191011235955054
collection_size,Number of Papers,0.016203362982318264,5.017279836814924,0.6568917333631784,0.062
collection_size,Number of Papers,-0.0004338352303106538,2.8903717578961645,0.33378685991669016,-0.28801418439716314
collection_size,Number of Papers,0.00312531771920085,4.290459441148391,0.5464783053980427,0.16370786516853936
collection_size,Number of Papers,-0.0387680016682463,1.0986122886681098,0.061595399322031154,0.0
collection_size,Number of Papers,-0.02466785005776761,2.0794415416798357,0.2105960612726279,-0.2411111111111111
collection_size,Number of Papers,0.0036605551577133014,4.189654742026425,0.5311647665218484,0.28213483146067414
collection_size,Number of Papers,-0.0017753160079750732,3.713572066704308,0.4588416444816063,-0.16762962962962963
collection_size,Number of Papers,0.002659228982638443,3.6375861597263857,0.44729840145142363,0.04528089887640452
collection_size,Number of Papers,0.001924396144682121,3.6375861597263857,0.44729840145142363,-0.22640449438202248
collection_size,Number of Papers,-0.0011969506753825813,3.5263605246161616,0.4304017874827732,0.016074074074074074
collection_size,Number of Papers,0.0001475965136283319,3.871201010907891,0.482787521867287,-0.04617021276595745
collection_size,Number of Papers,7.348935617427082e-05,3.58351893845611,0.43908489055300415,-0.08134751773049648
collection_size,Number of Papers,-0.00040512860158554905,3.295836866004329,0.39538225923872133,-0.2704255319148936
collection_size,Number of Papers,-0.00036375414701069327,3.688879454113936,0.4550905169433954,-0.239645390070922
collection_size,Number of Papers,-0.01623625196640781,2.0794415416798357,0.2105960612726279,0.2066666666666666
collection_size,Number of Papers,-0.007329210159966143,2.5649493574615367,0.2843509841723398,0.2623076923076923
collection_size,Number of Papers,-0.028786421909911132,2.302585092994046,0.2444944556707676,-0.31
collection_size,Number of Papers,-0.0018172243740558994,2.833213344056216,0.3251037568464592,-0.186
collection_size,Number of Papers,0.024581507866952026,5.811140992976701,0.7774895207984157,0.028181818181818197
collection_size,Number of Papers,-0.0013557438451254004,3.5553480614894135,0.434805369624282,-0.04362962962962963
collection_size,Number of Papers,0.00614963928167636,4.948759890378168,0.646482666398111,0.31
collection_size,Number of Papers,-0.03722734004958418,2.1972245773362196,0.22848882928037625,0.0
collection_size,Number of Papers,0.0038496047940462562,4.1588830833596715,0.5264901531815698,0.29606741573033707
collection_size,Number of Papers,-0.02242549224732016,1.3862943611198906,0.10529803063631396,-0.11624999999999999
collection_size,Number of Papers,0.0018238304586675076,4.804021044733257,0.6244949618666279,-0.2682022471910112
collection_size,Number of Papers,0.021464824177827295,5.955837369464831,0.7994707737151519,0.20666666666666672
collection_size,Number of Papers,0.0034033364764963466,3.871201010907891,0.482787521867287,0.233370786516854
collection_size,Number of Papers,0.014724675166725628,5.030437921392435,0.6588906167631493,0.18172413793103448
collection_size,Number of Papers,-0.032472672783756006,2.4849066497880004,0.27219146059465904,-0.07750000000000001
collection_size,Number of Papers,0.0053032442363073725,4.48863636973214,0.5765839465701883,0.1389655172413793
collection_size,Number of Papers,-0.02075174099666445,1.791759469228055,0.16689342995834508,0.27125000000000005
collection_size,Number of Papers,0.006086015265278567,4.941642422609304,0.6454014308969099,0.28862068965517235
collection_size,Number of Papers,0.025449921699788502,5.780743515792329,0.7728717504696943,0.2536363636363637
collection_size,Number of Papers,-0.0015795557459927323,3.1780538303479458,0.37748949123097303,-0.11251851851851852
collection_size,Number of Papers,0.01463319234310634,4.976733742420574,0.6507322566900277,0.1389655172413793
collection_size,Number of Papers,-0.000913345122398767,3.091042453358316,0.36427133656350336,0.1262962962962963
collection_size,Number of Papers,0.0018639123358827395,4.07753744390572,0.5141326973978886,-0.2612359550561798
collection_size,Number of Papers,-0.03418422795404888,2.302585092994046,0.2444944556707676,0.15499999999999997
collection_size,Number of Papers,0.0008855815887694317,4.718498871295094,0.6115030364987702,0.13411347517730493
collection_size,Number of Papers,0.022925624604911675,5.69035945432406,0.7591412413650739,0.08157894736842103
collection_size,Number of Papers,0.0011381082155175917,3.218875824868201,0.3836908807052213,0.19567375886524813
collection_size,Number of Papers,0.002513368754078379,4.812184355372417,0.6257350744399514,0.010449438202247197
collection_size,Number of Papers,-0.00014431995681982849,3.258096538021482,0.3896490148086537,-0.1648936170212766
collection_size,Number of Papers,0.002995857684083742,3.9318256327243257,0.49199718680480425,0.12887640449438204
collection_size,Number of Papers,-0.017678274783818528,1.9459101490553132,0.19031091395351443,-0.155
collection_size,Number of Papers,0.005383429179912055,4.875197323201151,0.6353075600577317,0.16034482758620688
collection_size,Number of Papers,0.022384524028462145,7.275864600546533,1.0,-0.14684210526315788
collection_size,Number of Papers,0.021433562523352677,5.857933154483459,0.7845978559313636,0.17714285714285716
collection_size,Number of Papers,-0.0018042719715453768,3.713572066704308,0.4588416444816063,-0.1768148148148148
collection_size,Number of Papers,-0.00032062361970785434,4.02535169073515,0.5062050058624564,-0.2220567375886525
collection_size,Number of Papers,0.019595073000973882,5.303304908059076,0.7003426447414666,-0.31
collection_size,Number of Papers,-0.00037090835009408955,3.58351893845611,0.43908489055300415,-0.2528368794326241
collection_size,Number of Papers,-0.00017523136549045347,3.091042453358316,0.36427133656350336,-0.16929078014184398
collection_size,Number of Papers,0.0008982254576237162,4.204692619390966,0.5334492147831215,0.14290780141843967
collection_size,Number of Papers,0.013592493504871793,5.10594547390058,0.670361191556302,-0.2672413793103448
collection_size,Number of Papers,0.0015769297889156716,4.406719247264253,0.5641396751179203,0.2748226950354609
collection_size,Number of Papers,-0.0014417349132881106,4.1588830833596715,0.5264901531815698,-0.07118518518518518
collection_size,Number of Papers,-0.002189375730584903,3.1354942159291497,0.3710241347978417,-0.27325925925925926
collection_size,Number of Papers,-0.002717333736855193,3.367295829986474,0.40623780101926016,0.31
collection_size,Number of Papers,-0.0012257867322379994,3.951243718581427,0.49494704544496765,-0.011481481481481481
collection_size,Number of Papers,-0.001635767521210252,4.143134726391533,0.5240977738702046,-0.1262962962962963
collection_size,Number of Papers,0.021557215266826094,5.327876168789581,0.704075337361068,0.2804761904761905
collection_size,Number of Papers,0.022969882211546198,5.934894195619588,0.7962892344648638,0.11421052631578948
collection_size,Number of Papers,-0.00013655370226175955,3.8918202981106265,0.4859198585433428,-0.15609929078014187
collection_size,Number of Papers,5.766014910763882e-06,3.688879454113936,0.4550905169433954,-0.10333333333333336
collection_size,Number of Papers,0.020130085170470165,5.438079308923196,0.7208166211049233,-0.20666666666666667
collection_size,Number of Papers,0.0014868746905736317,4.02535169073515,0.5062050058624564,0.2660283687943262
collection_size,Number of Papers,0.0016800219524978352,2.995732273553991,0.34979248630708154,0.30120567375886514
collection_size,Number of Papers,-0.001207276091041462,4.007333185232471,0.503467761597957,0.011481481481481481
collection_size,Number of Papers,0.01418141918954598,5.241747015059643,0.6909912038285497,-0.010689655172413826
collection_size,Number of Papers,0.002061667687255121,4.663439094112067,0.6031387435069652,-0.13584269662921347
collection_size,Number of Papers,-0.001353726380983535,4.07753744390572,0.5141326973978886,-0.03903703703703704
collection_size,Number of Papers,-0.009307081996423884,1.9459101490553132,0.19031091395351443,-0.31
collection_size,Number of Papers,0.002006107516486745,4.189654742026425,0.5311647665218484,-0.16370786516853933
collection_size,Number of Papers,0.002634967432961582,4.605170185988092,0.5942869419778493,0.038314606741573054
collection_size,Number of Papers,0.0034427018207542205,4.68213122712422,0.6059783205113493,0.24033707865168547
collection_size,Number of Papers,0.0023270412793490233,4.6443908991413725,0.6002450760812816,-0.031348314606741534
collection_size,Number of Papers,0.02150083081418818,5.948034989180646,0.7982854911355753,0.22142857142857147
collection_size,Number of Papers,0.0018136318384614012,4.51085950651685,0.5799599287621681,-0.2751685393258427
collection_size,Number of Papers,0.0003097814163623608,3.6635616461296463,0.45124441413068483,-0.019787234042553226
collection_size,Number of Papers,0.0199522242104184,5.278114659230517,0.6965159198159707,-0.22142857142857142
collection_size,Number of Papers,0.001772939129204454,4.02535169073515,0.5062050058624564,-0.29606741573033707
collection_size,Number of Papers,0.0008500595792141539,2.9444389791664403,0.34200037081510964,0.12092198581560282
collection_size,Number of Papers,-0.0013782562613865665,4.127134385045092,0.5216671148694308,-0.04822222222222222
collection_size,Number of Papers,0.022526326167576997,5.293304824724492,0.6988235026157207,-0.04894736842105263
collection_size,Number of Papers,0.0019318018446928212,4.574710978503383,0.5896597940173082,-0.21943820224719102
collection_size,Number of Papers,0.0005839120420425808,4.219507705176107,0.5356998181190872,0.05056737588652477
collection_size,Number of Papers,-0.010995836499534959,1.9459101490553132,0.19031091395351443,-0.186
collection_size,Number of Papers,0.0018814338134096817,4.584967478670572,0.5912178891796569,-0.24033707865168538
collection_size,Number of Papers,0.007707670484889047,4.8283137373023015,0.6281853363759888,0.17222222222222222
collection_size,Number of Papers,0.004194985227460816,4.77912349311153,0.6207127014362877,-0.18172413793103448
collection_size,Number of Papers,-0.0004073674405908709,3.713572066704308,0.4588416444816063,-0.274822695035461
collection_size,Number of Papers,0.021182253392651947,5.720311776607412,0.7636913869010816,0.1623809523809524
collection_size,Number of Papers,0.005703743440348491,4.77912349311153,0.6207127014362877,0.20310344827586208
collection_size,Number of Papers,0.0013684125092423712,3.49650756146648,0.42586673588553436,0.23524822695035458
collection_size,Number of Papers,0.002494349122920455,4.6913478822291435,0.6073784497462668,-0.003483146067415732
collection_size,Number of Papers,0.004070223950507206,4.07753744390572,0.5141326973978886,-0.2672413793103448
collection_size,Number of Papers,-0.01618947646469284,2.3978952727983707,0.25897330592718937,0.25833333333333336
collection_size,Number of Papers,-0.0005820252825770849,3.871201010907891,0.482787521867287,0.26866666666666666
collection_size,Number of Papers,0.016657188791711745,5.241747015059643,0.6909912038285497,0.15499999999999997
collection_size,Number of Papers,-0.0017681382598628897,3.737669618283368,0.46250237454817344,-0.16303703703703704
collection_size,Number of Papers,-0.002059029302126882,4.02535169073515,0.5062050058624564,-0.2502962962962963
collection_size,Number of Papers,-0.007601084765389315,1.3862943611198906,0.10529803063631396,0.11923076923076925
collection_size,Number of Papers,0.015976529366406467,5.181783550292085,0.6818819772065022,-0.030999999999999972
collection_size,Number of Papers,0.0028611659327090148,4.382026634673881,0.5603885475797095,0.10797752808988764
collection_size,Number of Papers,-0.0015842514658600932,3.58351893845611,0.43908489055300415,-0.1217037037037037
collection_size,Number of Papers,-0.0224228739571759,2.3978952727983707,0.25897330592718937,-0.07750000000000001
collection_size,Number of Papers,0.02085490450591862,5.703782474656201,0.7611803719361943,0.05904761904761907
collection_size,Number of Papers,0.01172392543499791,5.123963979403259,0.6730984358208014,-0.13285714285714287
collection_size,Number of Papers,0.020428828876857215,6.601230118728877,0.8975142879794116,-0.10333333333333333
collection_size,Number of Papers,0.018979116856443743,5.332718793265369,0.7048109947145319,0.0
collection_size,Number of Papers,0.003229668065553439,4.61512051684126,0.595798526057542,0.17764044943820229
collection_size,Number of Papers,0.01974890001911145,5.44673737166631,0.722131892928202,-0.2804761904761905
collection_size,Number of Papers,0.022903278282936687,6.60934924316738,0.8987476880967935,0.04894736842105263
collection_size,Number of Papers,0.0021679595416527987,4.736198448394496,0.6141918314097687,-0.08707865168539325
collection_size,Number of Papers,-0.001230191527082588,3.610917912644224,0.443247149456132,-0.016074074074074074
collection_size,Number of Papers,0.01701857149377739,5.726847747587197,0.7646842855116068,0.24800000000000005
collection_size,Number of Papers,0.018979116856443743,5.288267030694535,0.6980581964801935,0.04428571428571426
collection_size,Number of Papers,0.0011419254829398973,3.713572066704308,0.4588416444816063,0.2000709219858156
collection_size,Number of Papers,0.0011172226456459134,4.736198448394496,0.6141918314097687,0.18687943262411344
collection_size,Number of Papers,0.015697650724336775,5.017279836814924,0.6568917333631784,-0.093
collection_size,Number of Papers,0.01559515379690682,5.1647859739235145,0.6792998252950497,-0.124
collection_size,Number of Papers,0.015375209121499183,5.1298987149230735,0.6739999989809935,-0.248
collection_size,Number of Papers,0.01735634235956917,5.5093883366279774,0.7316493856237635,-0.31
collection_size,Number of Papers,0.020772712270328574,5.7899601708972535,0.7742718797046119,0.0
collection_size,Number of Papers,-0.0017507557092945958,3.258096538021482,0.3896490148086537,-0.15385185185185185
collection_size,Number of Papers,8.13793079199741e-05,3.9889840465642745,0.5006802898750353,-0.0769503546099291
collection_size,Number of Papers,0.017017366504232224,5.420534999272286,0.7181514133295385,0.21700000000000003
collection_size,Number of Papers,-0.027541195423326052,1.791759469228055,0.16689342995834508,0.31
collection_size,Number of Papers,-0.014252552430202818,2.4849066497880004,0.27219146059465904,0.31
collection_size,Number of Papers,-0.0019975404465573145,3.713572066704308,0.4588416444816063,-0.2457037037037037
collection_size,Number of Papers,0.0011972949284572488,4.394449154672439,0.5622756891970665,0.20886524822695035
collection_size,Number of Papers,0.0014015690250489968,4.48863636973214,0.5765839465701883,0.25283687943262406
collection_size,Number of Papers,0.0019145951222238609,4.465908118654584,0.5731312309776052,-0.23337078651685395
collection_size,Number of Papers,0.0006686987445831291,4.248495242049359,0.540103400260596,0.07695035460992905
collection_size,Number of Papers,0.020299540764754192,5.5093883366279774,0.7316493856237635,-0.14761904761904762
collection_size,Number of Papers,0.006012482939025014,4.9344739331306915,0.6443124445374396,0.24586206896551727
collection_size,Number of Papers,-0.00042799237710317966,3.8501476017100584,0.47958923643976586,-0.2836170212765957
collection_size,Number of Papers,0.01360017283946243,5.003946305945459,0.654866197400024,-0.24586206896551724
collection_size,Number of Papers,-0.018139013102839267,1.9459101490553132,0.19031091395351443,-0.31
collection_size,Number of Papers,-0.0025572378119144363,3.6635616461296463,0.45124441413068483,-0.3054074074074074
collection_size,Number of Papers,0.0024432539048435207,4.61512051684126,0.595798526057542,-0.010449438202247197
collection_size,Number of Papers,-0.00124339531338068,4.110873864173311,0.519196931230314,-0.020666666666666667
collection_size,Number of Papers,-0.0018470979337229852,3.9889840465642745,0.5006802898750353,-0.20896296296296296
collection_size,Number of Papers,-0.0023489253215581035,3.4339872044851463,0.4163690842331168,-0.3008148148148148
collection_size,Number of Papers,-0.0014545113657385663,3.713572066704308,0.4588416444816063,-0.07577777777777778
collection_size,Number of Papers,-0.005313747000788277,2.5649493574615367,0.2843509841723398,0.23249999999999998
collection_size,Number of Papers,-0.0007264964438008763,3.1354942159291497,0.3710241347978417,0.21814814814814815
collection_size,Number of Papers,-0.0018343117700452916,3.4011973816621555,0.4113878856291127,-0.19977777777777778
collection_size,Number of Papers,-0.02271931932396236,0.6931471805599453,0.0,-0.23249999999999998
collection_size,Number of Papers,-0.0011288820965577916,3.091042453358316,0.36427133656350336,0.03903703703703704
collection_size,Number of Papers,-0.0128940856980287,2.4849066497880004,0.27219146059465904,-0.10333333333333333
collection_size,Number of Papers,-0.01471559546974621,2.0794415416798357,0.2105960612726279,0.08454545454545453
collection_size,Number of Papers,-0.010299239088735389,2.4849066497880004,0.27219146059465904,-0.062
collection_size,Number of Papers,-0.012352976898426609,2.1972245773362196,0.22848882928037625,0.034444444444444444
collection_size,Number of Papers,0.020973284453484547,5.916202062607435,0.7934496574604796,0.08857142857142858
collection_size,Number of Papers,0.007131041893181556,4.90527477843843,0.6398767149094889,-0.034444444444444444
collection_size,Number of Papers,0.0017412315657071489,4.276666119016055,0.5443829211893181,0.31
collection_size,Number of Papers,0.014968050989083761,5.0106352940962555,0.6558823412998802,0.31
collection_size,Number of Papers,-0.00012830594820932483,3.6635616461296463,0.45124441413068483,-0.1473049645390071
collection_size,Number of Papers,-0.011925292125879262,2.4849066497880004,0.27219146059465904,0.2411111111111111
collection_size,Number of Papers,0.0003882707056233016,4.343805421853684,0.5545822505170178,0.015390070921985799
collection_size,Number of Papers,0.022766293269143905,5.877735781779639,0.7876061313946326,-0.016315789473684228
collection_size,Number of Papers,0.0017972509631381806,4.3694478524670215,0.5584776677098447,-0.28213483146067414
collection_size,Number of Papers,4.74996176014016e-05,3.737669618283368,0.46250237454817344,-0.09453900709219859
collection_size,Number of Papers,0.013869696466845521,5.111987788356544,0.6712790973496781,-0.09620689655172415
collection_size,Number of Papers,0.005241449099683646,4.189654742026425,0.5311647665218484,0.0962068965517241
collection_size,Number of Papers,0.000706426896913467,3.1354942159291497,0.3710241347978417,0.09014184397163116
collection_size,Number of Papers,-0.0009872923372498976,3.970291913552122,0.4978407128706512,0.10333333333333333
collection_size,Number of Papers,0.022791098760222173,5.786897381366708,0.773806602322167,0.016315789473684228
collection_size,Number of Papers,-0.0015410801167842964,3.9318256327243257,0.49199718680480425,-0.08955555555555555
collection_size,Number of Papers,-0.0007994439599660289,3.5553480614894135,0.434805369624282,0.19518518518518518
collection_size,Number of Papers,0.012570834657565028,5.236441962829949,0.6901852977123938,0.13285714285714284
collection_size,Number of Papers,0.00018683904503411276,3.8918202981106265,0.4859198585433428,-0.04177304964539008
collection_size,Number of Papers,-0.014351515846406707,2.4849066497880004,0.27219146059465904,0.19727272727272732
collection_size,Number of Papers,-0.0021646735026225002,4.007333185232471,0.503467761597957,-0.26866666666666666
collection_size,Number of Papers,0.022352363938008695,5.8916442118257715,0.7897190019857206,-0.1794736842105263
collection_size,Number of Papers,-0.0018417606352166425,3.5553480614894135,0.434805369624282,-0.20437037037037037
collection_size,Number of Papers,-0.001170409435673902,2.9444389791664403,0.34200037081510964,0.02525925925925926
collection_size,Number of Papers,0.019116277890246947,5.44673737166631,0.722131892928202,0.08857142857142852
collection_size,Number of Papers,0.0007989879210073875,3.970291913552122,0.4978407128706512,0.10333333333333328
collection_size,Number of Papers,0.0001208733274638916,3.218875824868201,0.3836908807052213,-0.054964539007092195
collection_size,Number of Papers,-0.0015599239777574466,3.8501476017100584,0.47958923643976586,-0.09874074074074074
collection_size,Number of Papers,-0.022439018297169093,6.558197802812269,0.8909771220688786,-0.155
collection_size,Number of Papers,0.013693017127073442,5.135798437050262,0.6748962431535408,-0.20310344827586208
collection_size,Number of Papers,0.02182332963944654,5.3612921657094255,0.7091516599172187,-0.31
collection_size,Number of Papers,0.015111692111597998,5.0689042022202315,0.6647341428289962,-0.31
collection_size,Number of Papers,0.004261446057258727,4.634728988229636,0.598777306724754,-0.11758620689655172
collection_size,Number of Papers,0.0022999772323808202,2.772588722239781,0.31589409190894185,-0.038314606741573
collection_size,Number of Papers,0.021442569266019347,5.293304824724492,0.6988235026157207,0.19190476190476197
collection_size,Number of Papers,0.02151225590746972,6.610696044717759,0.8989522846888164,0.23619047619047623
collection_size,Number of Papers,0.007486530687819528,4.844187086458591,0.6305967036189598,0.034444444444444444
collection_size,Number of Papers,0.020426633836853975,5.272999558563747,0.6957388698014525,-0.11809523809523809
collection_size,Number of Papers,0.013755081367260795,5.181783550292085,0.6818819772065022,-0.1603448275862069
collection_size,Number of Papers,0.012666368438352758,5.043425116919247,0.6608635399038845,0.22142857142857136
collection_size,Number of Papers,0.0011825294109742521,3.367295829986474,0.40623780101926016,0.20446808510638298
collection_size,Number of Papers,0.023205214955441273,5.262690188904886,0.6941727430788379,0.21210526315789474
collection_size,Number of Papers,0.021034725770371132,6.476972362889683,0.8786379261501889,0.10333333333333333
collection_size,Number of Papers,0.0011219602231735126,4.31748811353631,0.5505843106635663,0.19127659574468076
collection_size,Number of Papers,0.014408498532606203,5.19295685089021,0.6835793462237718,0.0962068965517241
collection_size,Number of Papers,0.020659332808867323,5.3471075307174685,0.7069968302189411,-0.029523809523809508
collection_size,Number of Papers,0.002929057325156733,4.68213122712422,0.6059783205113493,0.12191011235955057
collection_size,Number of Papers,0.0010270214576228102,3.091042453358316,0.36427133656350336,0.16489361702127653
collection_size,Number of Papers,0.01485867859020447,5.117993812416755,0.6721914901621018,0.2672413793103448
collection_size,Number of Papers,0.020834048711223907,6.489204931325317,0.8804962116659083,0.014761904761904754
collection_size,Number of Papers,-0.0005747144670245447,4.0943445622221,0.5166859162654266,0.27325925925925926
collection_size,Number of Papers,0.0041925125713356435,4.955827057601261,0.6475562605951876,-0.20310344827586208
collection_size,Number of Papers,0.019484087346517735,5.552959584921617,0.7382684223397172,0.31
collection_size,Number of Papers,0.004242667799263381,4.6443908991413725,0.6002450760812816,-0.13896551724137932
collection_size,Number of Papers,0.0013745921392172835,3.4657359027997265,0.42119212254525584,0.23964539007092195
collection_size,Number of Papers,0.01381761717220644,5.181783550292085,0.6818819772065022,-0.13896551724137932
citation,Citation,0.023264762179259924,0.8379814688873755,0.08845026541253222,0.31
citation,Citation,0.013842109386998978,0.8560020011143293,0.0916938455986419,-0.31
citation,Citation,0.007519162765168857,0.8365946951394869,0.08820065503506842,0.09863636363636363
citation,Citation,0.011095764663966497,0.7998144178406525,0.0815804410933471,-0.2773684210526316
citation,Citation,0.015027941827602323,0.8379363467862183,0.08844214372381483,0.31
citation,Citation,0.0028148928417374946,0.894185732208111,0.09856667221928303,0.1532183908045977
citation,Citation,0.010829233634443441,0.7922823036266498,0.08022470885878455,0.28862068965517235
citation,Citation,0.017706151752101697,0.858739540218248,0.09218658507405482,0.10333333333333333
citation,Citation,0.012591879406916305,0.6498722214633618,0.05459180773302391,0.11421052631578948
citation,Citation,0.007196631159469822,0.8950651193117451,0.09872495625603316,0.0
citation,Citation,0.017454371473099844,0.8160639595522013,0.08450525434886832,-0.10333333333333333
citation,Citation,0.014628829960725499,0.843233511404253,0.0893955993699205,0.15499999999999997
citation,Citation,0.013909911215501884,0.9862665558015873,0.11514062970105637,-0.155
citation,Citation,0.019180858244493577,0.8153644230543865,0.08437934226729402,0.0
citation,Citation,0.0056478982508046,1.1337324605540517,0.1416835464561118,0.1961224489795918
citation,Citation,0.012531384887931468,0.9642180599902999,0.11117204191206503,0.08157894736842103
citation,Citation,0.002761565537154456,1.1808173259060633,0.15015852013602304,0.13896551724137934
citation,Citation,0.018754085622159595,0.7643994632738321,0.0752059764838559,-0.31
citation,Citation,0.009865113049432505,0.8646993673133305,0.09325931571457025,0.11758620689655169
citation,Citation,0.004850139302058803,1.3647815207407001,0.1832708949429525,0.04428571428571426
citation,Citation,0.003599353313413955,0.9319778654461185,0.10536901373826818,0.3028735632183908
citation,Citation,0.012137426098948328,0.777518529921181,0.07756732431208183,-0.08157894736842106
citation,Citation,0.005946750980249856,0.6931471805599453,0.06238102273026108,0.29734693877551016
citation,Citation,0.010772640496907165,0.7310279124455668,0.06919931143739236,0.2672413793103448
citation,Citation,0.006214645021951846,0.8595261808677596,0.09232817534409844,-0.2818181818181818
citation,Citation,0.001820053902004538,1.0926053998591923,0.1342809393908639,-0.11045977011494251
citation,Citation,0.005790924106808702,1.207353895105341,0.15493493234061725,0.24673469387755104
citation,Citation,-0.001220106471112802,1.0819391194678327,0.132361077352319,-0.28578125
citation,Citation,0.013015188636955905,0.6663222394850651,0.0575527054381725,0.31
citation,Citation,0.012484013933573875,0.8507965528321888,0.09075689830457055,0.04894736842105263
citation,Citation,0.008218420392757612,0.9034214418063453,0.10022904069321124,0.26772727272727276
citation,Citation,0.0067383356315367,0.737443556244691,0.07035408616024162,-0.1409090909090909
citation,Citation,0.008477482555695427,0.8779336525643576,0.09564140215224765,0.29590909090909095
citation,Citation,-0.03180820758835161,1.1409034073471152,0.14297427087205536,0.0
citation,Citation,0.007301115908476999,0.8673567253218534,0.09373762310723163,0.028181818181818197
citation,Citation,0.0043681203800362495,1.28201053965651,0.1683726493834805,-0.06959183673469388
citation,Citation,0.00902463572046356,1.0325498240468542,0.12347132104457854,-0.1603448275862069
citation,Citation,0.01014670641266136,0.9749198308275537,0.11309829200317406,0.18172413793103448
citation,Citation,0.012928962300619379,0.592086727423699,0.0441907895416044,0.27736842105263154
citation,Citation,0.033611828938883925,0.5795193140759233,0.04192873576804689,-0.186
citation,Citation,0.011065385308246897,0.44793986730701374,0.018245279526918404,-0.31
citation,Citation,0.031718620292827585,0.6060331993808371,0.04670106501718917,-0.062
citation,Citation,0.03447525326975211,0.6873022436756177,0.06132897159057777,0.062
citation,Citation,0.01285504558640097,0.34657359027997264,0.0,0.17947368421052634
citation,Citation,0.0312874717055149,0.6395289954604773,0.05273009341177705,-0.186
citation,Citation,0.02134564321003534,1.2688874965901065,0.16601058582533634,-0.13285714285714287
citation,Citation,0.030485430823690908,0.7377758908227872,0.07041390425213236,0.31
citation,Citation,0.031779397784925376,0.5052080380491484,0.02855318284378581,0.062
citation,Citation,0.034877053156889416,0.5127030334819843,0.029902233935882132,0.186
citation,Citation,0.004933491719550791,1.1865861854596158,0.15119687784425792,0.05693877551020404
citation,Citation,0.004563390092669982,1.3099311967794183,0.17339818853440356,-0.006326530612244918
citation,Citation,0.004134024759212759,1.1968729356955112,0.15304842688977963,-0.18346938775510205
citation,Citation,0.00723955376461167,1.1500201456344812,0.14461522527331427,0.014090909090909098
citation,Citation,0.0024436327095418886,1.3647815207407001,0.1832708949429525,0.0605747126436782
citation,Citation,0.006726048616951429,1.1715313664387512,0.14848710700805007,-0.155
citation,Citation,0.01024191920126899,1.0176555610682718,0.1207904492658984,0.20310344827586208
citation,Citation,0.0047764474217454654,1.174082741096267,0.14894633807749,0.006326530612244863
citation,Citation,0.0001799731812246699,1.0799561125674866,0.13200414883267955,0.11625000000000002
citation,Citation,0.009113276372767116,0.9432122444178453,0.10739112987651611,-0.11758620689655172
citation,Citation,-0.0020515003846555656,0.8958797346140275,0.09887158178409788,0.1477570093457944
citation,Citation,0.002551472796741482,1.141087047866959,0.14300732498744056,0.09620689655172415
citation,Citation,0.010502925401411126,0.9088425355834293,0.10120480279285066,0.24586206896551727
citation,Citation,0.00941767931162333,1.0214508017506023,0.12147356823950517,-0.032068965517241366
citation,Citation,0.006968221459284067,0.9474187814055732,0.10814827954633126,-0.08454545454545453
citation,Citation,0.005670878102242674,0.994543665612592,0.11663045636339393,0.22142857142857136
citation,Citation,0.001117574397271252,1.0624909755034073,0.1288605362126258,0.30031250000000004
citation,Citation,-5.824830156117143e-05,1.1656971352709162,0.14743698282865053,0.06296875000000002
citation,Citation,0.00178272100834478,0.9371775146040264,0.10630491722718319,-0.1389655172413793
citation,Citation,0.009717002997951725,0.8810191247670968,0.0961967673532059,0.07482758620689656
citation,Citation,0.012083873138585258,0.6972017878538503,0.06311082602992696,-0.11421052631578948
citation,Citation,0.018769136187996947,0.6371899631896872,0.05230908260961785,-0.155
citation,Citation,0.006407300913399611,0.6310989159734336,0.051212733189163556,-0.23954545454545453
citation,Citation,0.01225355890881945,0.6726485784273767,0.0586914058597507,-0.016315789473684228
citation,Citation,0.014160898451345447,0.7094029590212311,0.06530695856072173,0.0
citation,Citation,0.004020030258434822,0.8246374051133272,0.08604841954501961,-0.22142857142857142
citation,Citation,0.009520992996643093,0.6819376518045284,0.060363379471516834,-0.010689655172413826
citation,Citation,0.007440567965825698,2.2238794869302145,0.3379030171225346,0.08454545454545453
citation,Citation,0.007724647494773936,2.287927892646299,0.3494313192346039,0.16909090909090913
citation,Citation,0.004080519710799811,2.1931992232259376,0.3323807664918365,-0.19612244897959186
citation,Citation,0.0015527303989321336,2.236931099421474,0.34025222363543167,-0.21735632183908044
citation,Citation,0.0012799986988057477,2.232832219507365,0.33951445154816995,-0.27436781609195404
citation,Citation,0.0029463015532159645,2.2125650098360135,0.3358664838361287,0.16747126436781612
citation,Citation,0.002368998998114278,2.1942587327174947,0.3325714714027974,0.03206896551724142
citation,Citation,0.0005677660113469439,2.240595567277293,0.3409118043392686,0.19859374999999996
citation,Citation,0.001271088610494564,2.242066963060072,0.3411766461401011,-0.2814942528735632
citation,Citation,0.001785278192863966,2.237744466166688,0.34039862443123453,-0.1247126436781609
citation,Citation,-0.00031291006211930553,2.250174211951743,0.34263589892673924,-0.014531249999999996
citation,Citation,0.001133119856175392,2.237196512044266,0.3402999962047204,0.30515624999999996
citation,Citation,0.0020365342457588096,2.1878509495050533,0.33141811153511974,-0.05344827586206896
citation,Citation,0.003949796373603076,2.2239436485064594,0.3379145657946158,-0.23408163265306123
citation,Citation,-0.0020198192289027426,2.343737557260494,0.35947670080581345,0.1593457943925234
citation,Citation,0.007718436158978736,2.3044959300029495,0.3524134596628637,0.15500000000000003
citation,Citation,0.0030134905932417562,2.2233300533056255,0.33780412259512255,0.18885057471264372
citation,Citation,0.0008648604751289891,2.1840540253614,0.33073468954927543,0.25671875000000005
citation,Citation,0.005872179252833506,2.2064895514261993,0.33477294030082005,0.25938775510204076
citation,Citation,0.00810153292219338,2.3068600744896384,0.3528389905027717,0.23954545454545456
citation,Citation,0.005366166126512181,2.1879455765106313,0.3314351437890231,0.1581632653061224
citation,Citation,0.0016342436440022676,2.2318877767410568,0.3393444579095176,-0.19597701149425287
citation,Citation,0.004020302717041637,2.2109037730459873,0.335567471871959,-0.20877551020408164
citation,Citation,0.003574995383840628,2.2154083994216567,0.3363782757191447,0.28862068965517246
citation,Citation,0.0018005720345076021,2.156652255756003,0.32580254682246584,-0.11758620689655172
citation,Citation,0.006628437144053167,2.2935361209867193,0.3504407643550404,-0.16909090909090907
citation,Citation,0.0016190916427461701,2.2607043214434626,0.3445312510769837,-0.20310344827586208
citation,Citation,0.00646434402830967,2.2148459944539827,0.33627704643319783,-0.21136363636363636
citation,Citation,-0.0037675384326134515,2.0481099099777715,0.30626562096000215,-0.31
citation,Citation,0.005404514328954324,2.2216576275525672,0.3375030966893923,0.17081632653061224
citation,Citation,0.0057352224931484985,2.3120166198074688,0.35376713557701506,0.2340816326530612
citation,Citation,0.00653036512255405,2.2100106534932147,0.3354067160824675,-0.19727272727272727
citation,Citation,0.0011765424094750073,2.2353216672493192,0.33996253617011474,-0.3028735632183908
citation,Citation,-0.0031128211778063066,2.0715673631957663,0.3104878120427204,-0.19990654205607478
citation,Citation,0.004389712662582697,2.1950643813760795,0.3327164829925241,-0.04428571428571432
citation,Citation,0.002094299825406064,2.261214481788384,0.34462307666602215,-0.01781609195402295
citation,Citation,0.006042910682671022,2.222184719875046,0.33759796992576024,0.31
citation,Citation,-0.005518101032131122,2.263338360615661,0.3450053612287139,-0.0738095238095238
citation,Citation,-0.0019637790738596243,2.048363963421699,0.3063113489499726,0.17093457943925233
citation,Citation,-0.00754370937805266,2.244883986247575,0.34168369224061135,-0.02583333333333332
citation,Citation,0.00038318167917461056,2.478282625070667,0.3836939498077664,0.135625
citation,Citation,-0.003108693195268055,2.1586054706272826,0.3261541129680108,-0.19411214953271028
citation,Citation,0.008988254941425768,2.203845262786332,0.33429698531066726,-0.18172413793103448
citation,Citation,0.009699066621265727,2.2038452627863316,0.33429698531066715,0.05344827586206896
citation,Citation,0.003778438296182431,2.30928846190844,0.3532760846582951,-0.2846938775510204
citation,Citation,-0.004509584667611488,2.3415747448146496,0.3590874084415669,0.09349206349206352
citation,Citation,-0.006422239705301405,2.001353180397926,0.29784970961385254,0.27125000000000005
citation,Citation,0.006425540637132782,2.293172653705585,0.35037534257634156,-0.22545454545454546
citation,Citation,-0.0011055649676643899,2.425048426208243,0.37411213554840095,-0.23734375
citation,Citation,0.002625154181079704,2.252340051149318,0.3430257360868785,0.11758620689655175
citation,Citation,0.006344233573839054,2.304863433500733,0.3524796079346641,-0.25363636363636366
citation,Citation,-0.002130784868153256,2.401132925901144,0.3698074989283471,0.095607476635514
citation,Citation,0.0004825593995817193,2.2269144803950165,0.3384492964745218,0.174375
citation,Citation,0.007069980390772788,2.3104288689108166,0.3534813506021875,-0.05636363636363634
citation,Citation,0.008556874816183217,2.2642431138704064,0.34516821100992184,0.31
citation,Citation,0.007625033748701773,2.3087813725993866,0.35318481183600997,0.12681818181818183
citation,Citation,0.002375010822721153,2.25844801666241,0.3441251306922206,0.04632183908045978
citation,Citation,0.0008686452869071414,2.26156251944931,0.3446857212120756,0.2615625
citation,Citation,0.005261827211922342,2.279497859349524,0.3479139673259425,0.13285714285714284
citation,Citation,0.00011893494205949238,2.1835268621526396,0.33063980355383166,0.09687499999999999
citation,Citation,0.0020589009476174084,2.2321019010674896,0.3393829989145131,-0.039195402298850546
citation,Citation,0.005651630820943893,2.223263641280475,0.3377921688566766,0.20877551020408164
citation,Citation,0.0070380664525517235,2.273797247192772,0.3468878937112753,-0.07045454545454544
citation,Citation,0.004970122512454055,2.1727600578592914,0.32870184785786233,0.06959183673469388
citation,Citation,0.0009236340512948114,2.2460566552534913,0.34189476513815686,0.27609374999999997
citation,Citation,0.0027216324550168114,2.1880530508410443,0.3314544884789719,0.1318390804597701
citation,Citation,0.0033128187144326766,2.3122700500730287,0.35381275139887747,0.2387356321839081
citation,Citation,0.0031679206092492767,2.1950254006722765,0.33270946671592894,0.21022988505747126
citation,Citation,-0.0029504515456612885,2.139789163680909,0.3227672984378757,-0.16514018691588783
citation,Citation,0.0026083757065553928,2.1950203664195005,0.33270856058272763,0.11045977011494257
citation,Citation,-0.00409148608129323,2.0129002856534366,0.2999281144768164,0.22142857142857147
citation,Citation,0.0022753222624124834,2.1845791827138643,0.330829214503455,0.010689655172413826
citation,Citation,-0.0007712925777836382,2.1411932284787154,0.32302002109339006,-0.135625
citation,Citation,0.002065330603659062,2.170519577124393,0.32829857569988424,-0.032068965517241366
citation,Citation,-0.003372326176727886,2.060248987607534,0.30845057705240053,-0.23467289719626166
citation,Citation,-0.003994182380259974,3.2427900574740027,0.521300382772494,0.26079365079365086
citation,Citation,-0.0023475528435865033,3.276314125580129,0.5273344999504639,0.026074766355140222
citation,Citation,-0.001972443160776395,3.2162277506226586,0.5165193379556535,0.1651401869158879
citation,Citation,-0.0032540038662129864,3.2229150935327757,0.5177230167753353,-0.21728971962616822
citation,Citation,-0.0029480926320848014,3.306826187833897,0.5328264753992044,-0.15934579439252336
citation,Citation,0.0001763187342531442,3.1846585888747185,0.5108370913800195,0.11140624999999998
citation,Citation,-0.0015476638339188811,3.234327271592228,0.5197771356086641,0.2868224299065421
citation,Citation,-0.0024082618479269605,3.2737764505599496,0.5268777347278515,-0.014485981308411222
citation,Citation,-0.00585038603273744,3.3411454293495155,0.5390037186892706,-0.14269841269841269
citation,Citation,-0.0018204292525822677,3.272866443207387,0.5267139392427452,0.21728971962616822
citation,Citation,-0.004222730606310987,3.231278676997168,0.5192284081404916,0.19190476190476197
citation,Citation,-0.004026031298931205,3.3107357377784963,0.533530169306643,0.250952380952381
citation,Citation,-0.0006898700854666842,3.1547799355222383,0.5054591254697349,-0.11624999999999999
citation,Citation,-0.002612520013464192,3.259488334740975,0.5243059655490285,-0.07822429906542055
citation,Citation,-0.007205140339817981,3.3995110676767974,0.5495091591304165,0.07750000000000001
citation,Citation,-0.0032353050563312955,3.304644253300633,0.5324337411819042,-0.21149532710280372
citation,Citation,-0.002130953561801064,3.217501682500169,0.5167486375204114,0.08981308411214955
citation,Citation,-0.0027482356653563593,3.1945209718630547,0.5126122570436032,-0.13037383177570094
citation,Citation,-0.002641558488263988,3.195139260603964,0.5127235450501977,-0.1014018691588785
citation,Citation,-0.00045980235902331665,3.2183004107096376,0.5168924034736968,-0.06296874999999999
citation,Citation,0.000506792239775169,3.1972458052365886,0.5131027095690633,0.18406250000000002
citation,Citation,-0.0026641029905476806,3.2024415790233216,0.5140379155160303,-0.107196261682243
citation,Citation,-0.00027746869349883204,3.0816574020173206,0.4922975385727654,-0.009687500000000016
citation,Citation,0.0008306587389012961,3.162384085893869,0.5068278237505065,0.24703124999999998
citation,Citation,-0.0027214405243668805,3.15865188172221,0.5061560509443956,-0.12457943925233644
citation,Citation,-0.0033855895044638427,3.2979084143668764,0.5312213333891045,-0.24626168224299066
citation,Citation,-0.00288864353455918,3.200345631921515,0.513660658484721,-0.1535514018691589
citation,Citation,-0.0025062803516583783,3.101629877172422,0.49589245596281656,-0.05504672897196261
citation,Citation,-0.002630112749252272,3.111379217014543,0.49764727458533514,-0.095607476635514
citation,Citation,-0.0004877327025544793,3.239436182586597,0.520696706810293,-0.0678125
citation,Citation,-0.0004336248067539619,3.2406262889545396,0.52091091832113,-0.04843750000000002
citation,Citation,0.00044485156304405996,3.1471162812243394,0.5040797168639958,0.15499999999999997
citation,Citation,-0.002506319529583654,3.220770291408775,0.5173369661534712,-0.06084112149532711
citation,Citation,-0.0028447072649060877,3.3085226953360896,0.5331318358652769,-0.1477570093457944
citation,Citation,-0.004430342607305282,3.3177610954261127,0.5347946886104656,0.1328571428571429
citation,Citation,-0.005914727719708586,3.321694471850897,0.5355026711314734,-0.17222222222222222
citation,Citation,-0.0004545011322872194,3.1798511530774416,0.5099717837796859,-0.05812499999999998
citation,Citation,-0.00043768806319618596,3.2210342279785578,0.5173844730426883,-0.05328125
citation,Citation,0.0023120351490179044,3.06561324474157,0.4894096931979982,0.017816091954023006
citation,Citation,-0.00890910022241598,3.243527083866333,0.5214330427945563,0.21700000000000003
citation,Citation,0.0017517791468410991,3.1939804024364067,0.5125149580149503,-0.1532183908045977
citation,Citation,-0.010831827299495866,3.2539842065262294,0.5233152577833359,-0.23249999999999998
citation,Citation,-0.01645245200999832,3.269176062882899,0.5260496944607951,0.31
citation,Citation,-0.04509602514283057,3.3226719987190796,0.5356786196962048,-0.31
citation,Citation,-0.007917723716024835,3.151191349871461,0.5048132030759662,-0.12916666666666665
citation,Citation,-0.04509602514283057,3.3226719987190796,0.5356786196962048,-0.10333333333333333
citation,Citation,-0.00534916550511929,3.323155597399505,0.5357656643560462,-0.02460317460317457
citation,Citation,-0.014986280450111368,3.330210563915484,0.537035513066212,0.10333333333333333
citation,Citation,-0.006177128288343123,3.366082729772648,0.543492272774624,-0.2509523809523809
citation,Citation,-0.0017203323466485731,3.2952991823573283,0.5307516883674954,0.23467289719626166
citation,Citation,-0.009164504675288423,3.4268828409239553,0.5544359027051914,0.15499999999999997
citation,Citation,-0.0010910919943294807,3.2963276221110824,0.5309368009249867,-0.22765625
citation,Citation,-0.0011934986501858133,3.2719752073703354,0.5265535225099982,-0.27609375
citation,Citation,-0.0011924149037527167,3.2528245308056234,0.523106523593785,-0.27125
citation,Citation,-0.0021724191613518027,3.2165447302928576,0.5165763922626355,0.07242990654205611
citation,Citation,-0.0003445447084052477,3.1911858919600715,0.512011964058015,-0.02421875000000001
citation,Citation,-0.0034077220726702376,3.2174259498362194,0.5167350061267802,-0.25205607476635516
citation,Citation,-0.005626401467355544,3.3452549996474064,0.5397434149770265,-0.10333333333333333
citation,Citation,0.00012316953174624587,3.1819835303339516,0.510355598005116,0.10171875000000002
citation,Citation,-0.0009263158278263821,3.2559536264092235,0.5236697407270225,-0.15984375
citation,Citation,-0.0017104296342774232,3.1890271672208694,0.5116234074547384,0.2520560747663551
citation,Citation,-0.003697339335953543,3.3071480593483433,0.5328844102067662,-0.29841121495327105
citation,Citation,0.0007584289167049844,3.0992547087545814,0.4954649408860278,0.23249999999999998
citation,Citation,-0.003976460868804714,3.2009395627887423,0.5137675622303259,0.2706349206349206
citation,Citation,-0.0004274108459639533,3.2534340001931383,0.5232162241733509,-0.04359374999999999
citation,Citation,0.0008954630853497748,3.178198464427768,0.509674310425937,0.27125000000000005
citation,Citation,-0.0015893362526045074,3.1786504208142574,0.5097556596758782,0.2752336448598131
citation,Citation,-0.002811247408836287,3.181246130050177,0.5102228706849925,-0.1419626168224299
citation,Citation,0.0005686746615260101,3.2440359573758304,0.5215246367614744,0.2034375
citation,Citation,0.000613129648434237,3.026044584462208,0.4822875882092746,0.21796875
citation,Citation,-0.0065090921802222245,3.160452907123996,0.5064802239618372,0.24541666666666667
citation,Citation,-0.00022076539066949433,3.219578622081829,0.5171224733200412,0.0
citation,Citation,-1.609065048549649e-05,3.1160608786518917,0.49848994364381394,0.07750000000000001
citation,Citation,5.0504889561767336e-05,3.2124332676288376,0.5158363553611173,0.08718749999999997
citation,Citation,-0.010856595576339771,4.876588640610204,0.815373645737959,-0.248
citation,Citation,-0.009299487011450348,4.906452913492596,0.8207490232558889,0.10849999999999999
citation,Citation,-0.003531226265697803,4.839644093220078,0.8087238642337166,-0.2694392523364486
citation,Citation,-0.010586045891435223,4.7631282980299705,0.7949515120036398,-0.1395
citation,Citation,-0.006664617332176185,5.095871194053184,0.8548430985015867,0.2066666666666666
citation,Citation,-0.0075445622286565974,4.217954782017255,0.6968237768035846,-0.03875000000000001
citation,Citation,-0.011208493991410533,4.828691034520446,0.8067523839395728,0.31
citation,Citation,-0.013354142857833179,4.9439885884955785,0.8275052039379346,-0.20666666666666667
citation,Citation,-0.0082487153643197,4.94317681220813,0.8273590894143257,-0.19375
citation,Citation,-0.0021961457662413803,5.044615009273913,0.8456173140867984,0.06084112149532711
citation,Citation,-0.03618302722217303,4.691255596396578,0.7820148868249699,0.31
citation,Citation,-0.006664617332176185,5.104289760419538,0.856358386436341,0.19375000000000003
citation,Citation,-0.0075445622286565974,4.206513814759398,0.6947644760992465,-0.051666666666666694
citation,Citation,-0.006843918065075264,4.897397193312653,0.8191190517224909,0.16791666666666666
citation,Citation,-0.01530779896854199,5.243637412307989,0.8814400697603352,0.0
citation,Citation,0.0016912527855385622,4.620777218259599,0.7693292309300611,-0.1674712643678161
citation,Citation,-0.008345824664672893,4.5444578794206425,0.755592239582782,-0.21958333333333332
citation,Citation,-0.009455251525269538,4.110467204393266,0.6774767024417843,0.0
citation,Citation,-0.03891159843434767,4.6519774660330295,0.7749450753571332,0.31
citation,Citation,-0.008387276600657259,4.615221166852342,0.7683291773228413,-0.23249999999999998
citation,Citation,-0.04902637865127896,4.665104461941256,0.7773078504014452,0.0
citation,Citation,-0.0042018054973759125,4.64039410317022,0.7728601443574743,0.20174603174603173
citation,Citation,-0.02764696465940707,4.565934586106108,0.759457908997566,0.0
citation,Citation,-0.01713485712567676,4.769354889870624,0.7960722585868694,-0.10333333333333333
citation,Citation,-0.010764368509994151,4.38968409314134,0.7277339510382389,-0.2015
citation,Citation,-0.007384830679699876,4.452435755540502,0.739028847672808,0.012916666666666687
citation,Citation,-0.01281512803845031,4.789384072994574,0.7996773830474907,-0.13777777777777778
citation,Citation,-0.01276652218901481,4.8757430439811,0.815221443769834,-0.06888888888888889
citation,Citation,-0.0055074912883288875,4.702785598246838,0.7840902131847194,-0.06396825396825395
citation,Citation,-0.01090541585105285,4.8188967781717436,0.8049894806340415,-0.2635
citation,Citation,-0.041267218836942905,4.682318329483705,0.7804062361196811,0.0
citation,Citation,-0.015645477014855743,4.87089448813359,0.8143487348242733,-0.10333333333333333
citation,Citation,-0.01036948958638277,4.455074759724591,0.7395038514948244,-0.10849999999999999
citation,Citation,-0.00943422192783749,3.977537136631348,0.6535501430871243,0.015500000000000014
citation,Citation,-0.020567264825459883,4.618215120955289,0.7688680698529917,-0.31
citation,Citation,-0.00925047573848722,5.902327169033812,1.0,0.124
citation,Citation,-0.053243311375467124,4.170388259830517,0.6882621079835994,0.0
citation,Citation,-0.016747755309956567,5.100949028032757,0.8557570760399339,0.0
citation,Citation,-0.019197953350301545,4.152707125797813,0.68507961729497,0.10333333333333333
citation,Citation,-0.02171405580700094,4.774522736293632,0.79700243778754,0.0
citation,Citation,-0.01590623712059845,5.089113326313829,0.8536267256651098,-0.20666666666666667
citation,Citation,-0.011333219339940116,5.050777868733981,0.8467265892504119,0.2755555555555556
citation,Citation,-0.007466942859246358,4.943394948255499,0.8273983525033515,-0.012916666666666687
citation,Citation,-0.013537055582826564,4.919990484758424,0.8231856992304314,-0.27555555555555555
citation,Citation,-0.009018517907211438,5.66855262483141,0.9579220818762738,0.20149999999999996
citation,Citation,-0.0072420159269669625,4.000335605750923,0.6576537212599866,0.051666666666666694
citation,Citation,-0.004925531897375079,4.993752179392519,0.8364623310299721,0.0049206349206349365
citation,Citation,-0.007228381321856223,4.583291766340404,0.7625820900808798,0.06458333333333333
citation,Citation,-0.004785864829232739,4.569672023255066,0.7601306237060172,0.024603174603174627
citation,Citation,-0.016690072793502146,4.35770065492363,0.7219771373559295,0.2066666666666666
citation,Citation,-0.013369560343129892,4.740739495092034,0.7909216711151678,-0.2411111111111111
citation,Citation,-0.00797282199705581,4.615218503047839,0.7683286978551211,-0.14208333333333334
citation,Citation,-0.005491122240836234,4.469128137478155,0.7420333693278878,-0.04428571428571426
citation,Citation,-0.01100901896089023,4.618082107360273,0.7688441282592673,-0.2945
citation,Citation,-0.008759019173131523,4.521370321754423,0.751436627326236,0.27899999999999997
citation,Citation,-0.009305794790473094,4.841453186947919,0.8090494894980839,0.09300000000000003
citation,Citation,-0.000745734188545804,4.9519450822168745,0.8289373217611086,-0.1259375
citation,Citation,-0.011599744116477547,4.3608512338180505,0.7225442213436838,0.17222222222222222
citation,Citation,-0.010751446212251886,4.592090807995086,0.7641658611265092,-0.186
citation,Citation,-0.006528234545940549,4.31457168865889,0.7142142001317745,0.23249999999999998
citation,Citation,-0.0020218143794526163,4.647619479807729,0.7741606657962113,0.1535514018691589
citation,Citation,-0.008888319480318749,4.175457364712306,0.689174514340349,0.24800000000000005
citation,Citation,-0.011189849760860225,3.942247670342212,0.6471982655625184,-0.31
citation,Citation,-0.005909709619470824,4.024926249281948,0.6620798793288152,-0.16238095238095238
citation,Citation,-0.008744818524092512,4.1492550302295035,0.684458262240363,0.29450000000000004
citation,Citation,-0.0052572225708862955,3.34909706080489,0.5404349613357736,-0.014761904761904754
citation,Citation,0.004317682615955138,2.5632504401894383,0.3989876113991845,-0.0948979591836735
citation,Citation,0.0019808813835048918,2.4433281085749727,0.3774023610970348,-0.06057471264367814
citation,Citation,-0.0025627587275566088,3.2560779914472104,0.5236921256359686,-0.07242990654205606
citation,Citation,0.0033698989600625126,2.211890961032976,0.3357451593760924,0.25298850574712645
citation,Citation,0.0024547130098610216,2.6889473799126837,0.42161225411262887,0.06770114942528738
citation,Citation,0.0024359262128328613,3.0967767664502093,0.4950189271690321,0.05344827586206896
citation,Citation,-0.0030056618034012914,3.6355655714460884,0.5919974553485937,-0.17672897196261683
citation,Citation,-0.004675123890554506,3.3502238675034577,0.5406377793122362,0.04428571428571432
citation,Citation,-0.003009577673338153,2.357254631993499,0.3619096875359479,-0.1825233644859813
citation,Citation,-0.0005821396907766625,3.2545063474169282,0.5234092397937504,-0.09203125000000001
citation,Citation,0.00048466332200884296,2.653075525681597,0.41515555049491143,0.17921874999999998
citation,Citation,-0.0017769833748078462,3.1785709928190604,0.5097413631463308,0.22308411214953267
citation,Citation,-0.0062336514547673555,4.575887527939699,0.7612493746722951,-0.3001587301587302
citation,Citation,-0.01286815455904295,4.711981951922942,0.7857454978451608,-0.17222222222222222
citation,Citation,-0.007292294175799776,4.746799330748325,0.7920124026550736,0.03875000000000001
citation,Citation,-0.0038511764548653242,3.2928039629811803,0.530302564888425,0.31
citation,Citation,-0.00784804130301544,4.994713302524669,0.8366353270274594,-0.11624999999999999
citation,Citation,0.004237841696336738,3.128600548981815,0.5007470038521495,-0.13285714285714287
citation,Citation,-0.011505241405479774,4.333192739944605,0.7175658698956973,0.2066666666666666
citation,Citation,-0.005048891590765235,3.49912444131779,0.5674389272939887,-0.004920634920634881
citation,Citation,-0.0069647236706332,3.916206607201574,0.6425110412694498,0.14208333333333334
citation,Citation,-0.006220715504220897,3.397796869539994,0.5492006144636121,-0.2804761904761905
citation,Citation,-0.004052086022821672,3.2625965140592172,0.5248654178850947,0.2411111111111111
citation,Citation,-0.005774491338990944,3.55414129728815,0.5773416083957484,-0.11317460317460315
citation,Citation,-0.00021278072851220272,2.8620450771473824,0.4527687290680074,0.00484374999999998
citation,Citation,-0.008225651863978937,3.55955328568273,0.5783157315849548,-0.18083333333333335
citation,Citation,-0.0009668499811811646,2.8433196661907294,0.4493982752328585,-0.174375
citation,Citation,-0.0019512282854961757,3.0865805008691014,0.49318366478084774,0.17672897196261683
citation,Citation,0.0014822968470143568,2.489306780007219,0.38567822696842197,-0.22448275862068964
citation,Citation,-0.0022816862965999757,2.85431259193266,0.45137693133884016,0.037663551401869166
citation,Citation,-0.0005297748131411049,2.877638123009429,0.45557537728251374,-0.07265625
citation,Citation,-0.0020844440098333247,2.4527791367347107,0.37910348553060946,0.118785046728972
citation,Citation,-0.0018641391376621214,2.975135488293009,0.47312427751747493,0.19411214953271033
citation,Citation,-0.006468985991046057,1.5754345006817314,0.2211870798411821,0.25833333333333336
citation,Citation,-0.006239484651030724,1.6207626071281473,0.22934584818896456,-0.31
citation,Citation,-0.00622954597051619,1.0646971067913955,0.12925762569053656,-0.2903174603174603
citation,Citation,-0.0033825220157190686,1.6170714119904486,0.2286814567458641,-0.24046728971962616
citation,Citation,0.0024867971915782604,1.5398413549591625,0.21478054196688126,0.07482758620689656
citation,Citation,-0.004446979331397944,2.014318466892865,0.3001833780012556,0.1131746031746032
citation,Citation,0.0005211397064262896,1.5025669645375515,0.208071390833153,0.19375000000000003
citation,Citation,0.0033661965898126186,2.4064510423294627,0.37076472576588293,0.24586206896551727
citation,Citation,-0.0008085182810996093,3.2250668573914663,0.5181103204647788,-0.14046875
citation,Citation,0.0016905811288913677,2.42057080831505,0.3733061930547821,-0.17459770114942527
citation,Citation,0.006233924202268495,2.330519697180751,0.3570975707935879,-0.2677272727272727
citation,Citation,-0.006307245356060239,1.8984857153220471,0.27933422586935,0.31
citation,Citation,-0.004326988776136454,1.6763742775201727,0.23935559207045956,0.1623809523809524
citation,Citation,0.006917837730062451,2.3126210465824197,0.3538759285186715,-0.09863636363636363
citation,Citation,-0.013654779561081597,3.6050334746775667,0.5865018738157335,-0.31
citation,Citation,-0.011742621933288462,3.9928109670362817,0.6562993345673483,0.10333333333333333
citation,Citation,-0.01595756594500789,3.6143900162127762,0.588185991263093,-0.31
citation,Citation,-0.002396465185442346,3.312727131069945,0.5338886073228761,-0.008691588785046722
citation,Citation,-0.002378544100639293,1.9620346771500519,0.2907726312858585,0.008691588785046722
citation,Citation,-0.009688028176974837,3.340101797606855,0.5388158716712438,-0.062
citation,Citation,0.0012600238322614543,2.7930358120922723,0.4403475041024125,-0.2886206896551724
citation,Citation,-0.0010371037208844777,3.069852409892644,0.4901727157278824,-0.2034375
citation,Citation,0.002238145445474852,2.8251243105756303,0.4461232279585011,0.00356321839080459
citation,Citation,-6.931112933620037e-05,2.567662508354398,0.3997817553622703,0.05812499999999998
citation,Citation,0.0005961446440890033,2.7030749843633184,0.4241551322749471,0.21312499999999995
citation,Citation,-0.0037128006685700865,3.399527931029398,0.549512194425694,-0.3042056074766355
citation,Citation,0.001240974225452776,2.7562672102437085,0.43372939166683344,-0.2957471264367816
citation,Citation,0.006142427569994206,2.190492074284663,0.3318934970507247,-0.2959090909090909
citation,Citation,0.0048066802602238674,2.2023359461675507,0.33402531800264385,0.03163265306122448
citation,Citation,0.001174942915572079,2.1072733422475776,0.31691465919237755,-0.31
citation,Citation,-0.0010222027737085732,2.428861003686151,0.3747983750339836,-0.19375
citation,Citation,0.004203327511969048,1.545521226679158,0.21580288243599716,-0.15816326530612246
citation,Citation,0.0023731104399572745,1.5306232023785964,0.21312133364349234,0.0391954022988506
citation,Citation,-0.004512376861808522,2.024242045408793,0.30196955846719226,0.0836507936507937
citation,Citation,-0.002385967341982886,1.1021293671107313,0.13599519239300573,-0.0028971962616822222
citation,Citation,-0.005799535686738655,1.9390370533210681,0.28663320654302427,-0.123015873015873
citation,Citation,0.004445229213046339,0.9497596739782774,0.10856962519089983,-0.0189795918367347
citation,Citation,0.005307250788327364,1.2217620303681682,0.1575283042493222,0.14551020408163262
citation,Citation,-0.0009814505129612668,1.3900439768749577,0.1878179749701995,-0.17921875
citation,Citation,0.004313957723783695,1.1606064794170585,0.1465206974351937,-0.10755102040816328
citation,Citation,-0.00013912267350981719,2.648337563727994,0.414302747740714,0.04843750000000002
citation,Citation,-0.001367570699132166,3.1032213707194907,0.49617891459070734,0.30420560747663555
citation,Citation,-0.002186142774063721,2.4391363952883034,0.3766478795983054,0.06663551401869161
citation,Citation,-0.000579317339349179,2.9147108698876396,0.462248233872119,-0.08234375
citation,Citation,-0.007006799833598693,1.8430237449239948,0.2693514270263364,0.12916666666666665
citation,Citation,-0.0006510659978040252,2.4107569676534353,0.3715397646985741,-0.10171875
citation,Citation,-0.004162149498889341,3.755600628361608,0.6136029954817188,0.2115873015873016
citation,Citation,-0.008565874428335184,4.08530692440038,0.6729480134644504,-0.27125
citation,Citation,0.004186366463080357,3.7131427921208884,0.6059608573561033,-0.17081632653061224
citation,Citation,-0.008905198239858537,3.97522932237708,0.653134751327653,0.23249999999999998
citation,Citation,0.001665044708152356,3.2025682823626855,0.5140607213042222,-0.18172413793103448
citation,Citation,0.00015175799976476151,2.627990791814623,0.4106404593355586,0.1065625
citation,Citation,-0.00040796003128949624,2.815336170953767,0.44436142562455766,-0.03875000000000001
citation,Citation,0.000882956925901059,2.3879289355186044,0.36743086537263403,0.26640625
citation,Citation,0.0002670736309402716,2.8193418412844995,0.44508242058481845,0.12109375
citation,Citation,-0.0036896973626209793,1.752498457342594,0.25305745604684854,-0.29261682242990655
citation,Citation,0.003463452227391293,2.7781377280565915,0.43766594455796953,0.2814942528735633
citation,Citation,-0.00020180847609266512,2.0918819426608626,0.31414430601372423,0.009687500000000016
citation,Citation,-0.0014387815551437056,2.4117710539405413,0.3717222937241565,0.298411214953271
citation,Citation,-0.004651386108127804,1.8070645034147623,0.26287899425920525,0.054126984126984135
citation,Citation,-0.0012811783387478477,2.3604768287260445,0.36248966227508456,-0.29546875
citation,Citation,0.0016495832546680924,2.401280290080221,0.3698340235351332,-0.18885057471264366
citation,Citation,-0.004500843828503239,2.000714394471069,0.29773473224529184,0.10333333333333333
citation,Citation,-0.0017164055059278346,1.047982061876096,0.1262490248448798,0.24626168224299066
citation,Citation,0.004373227432968316,1.2012760953562978,0.15384096737926875,-0.0569387755102041
citation,Citation,-0.0010148560808881939,0.875491608993484,0.09520184997696535,-0.18890625
citation,Citation,0.008906960008215295,0.906319169093692,0.10075061301391822,-0.22448275862068967
citation,Citation,0.0010602723822805632,1.1526205747718856,0.14508328583441418,0.28578125000000004
citation,Citation,0.008408332087868106,1.3461496685638044,0.17991728108791272,0.2818181818181818
citation,Citation,-0.006557932132492195,1.6605335286699001,0.23650435890726632,0.2195833333333333
citation,Citation,-0.00016324271565725074,2.600552560942562,0.40570175381467494,0.03875000000000001
citation,Citation,0.020912162242339587,1.4435274664583047,0.19744465995995086,0.31
citation,Citation,-0.007673145247763479,1.7505743622498877,0.25271113127462247,-0.07750000000000001
citation,Citation,0.01285504558640097,0.34657359027997264,0.0,0.21210526315789474
citation,Citation,0.02355014391217522,1.4971229473862142,0.20709150267321805,-0.31
citation,Citation,-0.007126893893154712,3.0221077520958946,0.48157898364096385,0.10333333333333333
citation,Citation,-0.008806374882420375,3.8540673172302315,0.6313263677430763,0.2635
citation,Citation,-0.0020958757623376076,2.473623182702799,0.38285528007524144,0.107196261682243
citation,Citation,-0.0061849960372681355,3.1394517096350714,0.5027001431516953,-0.2607936507936508
citation,Citation,-0.01095610736061598,2.5408063890322476,0.39494782618570407,-0.279
citation,Citation,-0.01172365287171223,2.368601162581482,0.3639519902455882,0.13777777777777778
citation,Citation,0.0004356014489108982,2.5184763012068148,0.39092855364078294,0.15015625
citation,Citation,-0.003004117394256905,2.108886166241306,0.31720495716381675,-0.17093457943925233
citation,Citation,-0.006131412399154003,2.249515078741225,0.342517259177662,-0.23126984126984126
citation,Citation,-0.010612283959542342,2.494761254313465,0.38665999734915035,-0.155
citation,Citation,0.029149550475266867,1.0220247120658386,0.12157686841419812,-0.31
citation,Citation,0.020788159167875,1.1867522564988726,0.15122676956585837,0.15499999999999997
citation,Citation,0.021164641433715957,1.3562882931415687,0.18174216846530403,-0.31
citation,Citation,0.02238224982283096,1.1833970350236023,0.1506228512264811,0.04428571428571426
citation,Citation,0.03578648627528082,0.5815446511555252,0.04229328344837368,0.31
citation,Citation,0.009645017670592304,0.5972531564093516,0.04512071361264489,0.032068965517241366
citation,Citation,0.029696945892028287,0.43158452433574224,0.015301422723438648,0.0
citation,Citation,0.0336139660464176,0.631654958551163,0.051312817285739734,-0.062
citation,Citation,0.03188344765977162,0.6317627140127827,0.05133221257750209,0.186
citation,Citation,0.0018488038218751868,2.8359218370204635,0.44806671344463295,-0.08908045977011494
citation,Citation,0.0075762094476721255,0.8336416428526657,0.08766912456940591,0.11272727272727273
citation,Citation,0.011771099236082888,0.8129797606616009,0.08395011833592583,-0.14684210526315788
citation,Citation,0.0051085466895634405,0.8299201775540286,0.08699928469154151,0.09489795918367344
citation,Citation,0.012293896915291909,0.6980575480118746,0.06326485736805125,0.016315789473684228
citation,Citation,0.010829283577059628,0.8157940893026131,0.0844566794353552,0.31
citation,Citation,0.008654171708248594,0.9428088870386039,0.10731852813608184,-0.31
citation,Citation,0.005157567971269047,0.7464304259279425,0.07197166504596089,0.120204081632653
citation,Citation,0.008971371165248793,0.8243076868373496,0.08598907237072474,-0.20310344827586208
citation,Citation,0.007660229956434344,0.8914392718777424,0.09807232698034522,0.14090909090909093
citation,Citation,0.009721423562776397,0.8027159475598964,0.08210269782740019,0.0962068965517241
citation,Citation,0.02824710564355281,0.5901270954368409,0.043838068356425834,0.0
citation,Citation,0.0068405439299364665,1.2680875783947843,0.16586660568223185,-0.11272727272727273
citation,Citation,0.009878343815511044,1.1446478869434737,0.14364825317585625,0.1389655172413793
citation,Citation,-0.0002699095919752572,1.0900986712581335,0.13382974432514952,-0.00484374999999998
citation,Citation,0.007830424177110348,0.6479425046971539,0.054244471095634614,0.19727272727272732
citation,Citation,0.007133585031585877,2.2136439963408763,0.3360606944845255,-0.04227272727272724
citation,Citation,0.00910156601748155,2.2723514958843185,0.3466276677512935,-0.13896551724137932
citation,Citation,0.005923580301553908,2.2044830722225703,0.3344117869171815,0.2846938775510203
citation,Citation,0.002990638701058611,2.2431740096852324,0.3413759074301256,0.18172413793103448
citation,Citation,0.0020772828622967264,2.2309450662362886,0.3391747760668287,-0.024942528735632186
citation,Citation,-0.0012828787831311102,2.142721722488241,0.32329514020871064,-0.3003125
citation,Citation,0.004411529651006104,2.207427637207473,0.33494178972295086,-0.03163265306122448
citation,Citation,0.002328067927731202,2.2333662579537137,0.33961057504227,0.024942528735632186
citation,Citation,0.007411768671397053,2.1941809275587536,0.3325574669734004,0.07045454545454549
citation,Citation,0.007796089535150391,2.218842200265019,0.3369963378406351,0.18318181818181822
citation,Citation,-0.002095776110682131,2.2690220212776553,0.34602838368308075,0.1129906542056075
citation,Citation,0.0038119747682547537,2.299297325389066,0.3514777441851715,-0.2593877551020408
citation,Citation,0.009544358365873936,2.288803017976027,0.34958883617939335,0.01068965517241377
citation,Citation,0.007134706728882119,2.195040495601447,0.33271218370633476,-0.02818181818181814
citation,Citation,0.00046750505033844083,2.101709635271386,0.3159132276318656,0.16953125000000002
citation,Citation,-0.002375240478220861,3.238285534874308,0.5204895976043179,0.014485981308411222
citation,Citation,-0.0034870639005753082,3.2996463801667613,0.5315341560827767,-0.2636448598130841
citation,Citation,-0.000863425073775768,3.1908230140938816,0.5119466483702246,-0.15015625
citation,Citation,-0.005565707185814031,3.1095556599931222,0.497319046020916,-0.09349206349206349
citation,Citation,-0.0034842592839295777,3.3083088510588863,0.533093345267346,-0.2578504672897196
citation,Citation,0.0007676847541597034,3.194408089498242,0.5125919389421589,0.23734375000000002
citation,Citation,-0.0012879269272752462,3.2416494267778266,0.5210950765651529,-0.31
citation,Citation,-0.002253958727526008,3.2725088254266934,0.526649570336597,0.043457943925233666
citation,Citation,0.001346985080753472,3.1711896746092667,0.5084127732250605,-0.25298850574712645
citation,Citation,0.0018664163776276263,3.280235940097526,0.52804040140232,-0.08195402298850574
citation,Citation,-0.011986623286380992,3.204816324991505,0.5144653545545911,0.034444444444444444
citation,Citation,-0.008718230356784876,3.4171305890594232,0.5526805599373216,-0.31
citation,Citation,-0.0025345912945327724,3.2582948359779142,0.5240911434288349,-0.06663551401869158
citation,Citation,-0.0026251411120079685,3.1258673464386506,0.5002550449298502,-0.08981308411214953
citation,Citation,-0.0009306816499044618,3.1141818422207552,0.4981517291415865,-0.1646875
citation,Citation,-0.01150311629213788,4.8428108791355475,0.80929386538128,0.2411111111111111
citation,Citation,-0.014222167527082007,4.754702089572643,0.7934348485415397,0.31
citation,Citation,-0.008634721904993037,4.806242323962745,0.8027117600638939,-0.2841666666666667
citation,Citation,-0.009071417652201498,4.948185731633929,0.8282606627751301,0.186
citation,Citation,-0.00849550156153841,5.000101550766748,0.8376051771415256,-0.24541666666666667
citation,Citation,-0.012807008966870462,4.762320069025914,0.7948060359682829,-0.10333333333333333
citation,Citation,-0.009323208777302432,4.919003644091411,0.8230080742416654,0.07750000000000001
citation,Citation,-0.00799129558116642,4.643321990659954,0.7733871453211116,-0.155
citation,Citation,-0.04449445575346159,4.671065571442089,0.7783808118667681,0.10333333333333333
citation,Citation,-0.04436160939995735,3.974569911518664,0.6530160616037355,0.31
citation,Citation,-0.03386404435600282,5.062097414057053,0.8487640347854982,0.0
citation,Citation,-0.012032925422361817,4.473266104632126,0.7427781768675518,0.0
citation,Citation,-0.009433415221476733,4.498310456073777,0.7472859994494289,0.030999999999999972
citation,Citation,-0.0010377394376496658,3.108920261953877,0.4972046784503897,-0.20828125
citation,Citation,0.0013273529445815056,2.5706420023194054,0.40031804516036384,-0.2672413793103448
citation,Citation,-0.0012836597681793877,1.9964807923973316,0.29697271103363704,-0.30515625
citation,Citation,-0.006119587357238908,3.3391111461580265,0.5386375607661998,-0.22142857142857142
citation,Citation,-0.006348455309406512,1.7982386503008607,0.26129039732293124,0.2970833333333333
citation,Citation,0.000616645235342249,2.6992215027811035,0.42346153031301864,0.22281250000000002
citation,Citation,0.0008374654375931979,3.2887311485921464,0.5295694844284476,0.251875
citation,Citation,-0.006019536424039613,3.358474675250324,0.5421228717717755,-0.21158730158730157
citation,Citation,-0.0016301641908408355,3.2659639109969647,0.5254715277296035,0.2636448598130841
citation,Citation,0.00043519164082453295,2.7174659642112107,0.4267454163190282,0.1453125
citation,Citation,-0.001707777551909225,3.3074431497935537,0.5329375245936856,0.25785046728971966
citation,Citation,-0.0020696308821550173,2.2619169081904396,0.34474950891181894,0.12457943925233644
citation,Citation,-0.0010937112280442955,3.1675754244188346,0.5077622313788105,-0.23249999999999998
citation,Citation,-0.018641409211777267,4.808897148069971,0.8031896113705788,0.31
citation,Citation,-0.0024794719380785103,3.6225009157812855,0.5896459011481402,-0.043457943925233666
citation,Citation,0.00035279700805251256,2.6828150520113936,0.4205084744337134,0.13078125000000002
citation,Citation,0.0013588800095517503,1.3019094776540792,0.17195433055696993,-0.24586206896551724
citation,Citation,0.0007064706801460109,2.3484687281935077,0.36032828121987404,0.22765624999999995
citation,Citation,0.0011047902456672557,2.7586725198503834,0.4341623319642349,0.29546875
citation,Citation,0.0017617765965913894,2.3833449771832864,0.36660578228168345,-0.1460919540229885
citation,Citation,-0.002437116977374878,1.5926454798589988,0.2242849456722163,-0.031869158878504666
citation,Citation,-0.004237472820712706,1.9526443848278197,0.2890824389133706,0.1820634920634921
citation,Citation,-0.0054988000672733395,1.058526626149315,0.12814697876305628,-0.054126984126984135
citation,Citation,0.007338978744553872,2.301984159758396,0.351961357133666,0.056363636363636394
citation,Citation,-0.009086812216967416,3.9168313852159167,0.6426234973036288,0.17049999999999998
citation,Citation,-8.395712760090662e-05,2.857931993929748,0.4520284004772356,0.05328125
citation,Citation,-0.0017189694229678826,2.0062180140577923,0.2987253484612036,0.24046728971962622
citation,Citation,0.007900997071601377,0.9898483500213768,0.11578532968081914,0.21136363636363636
citation,Citation,0.0028647190705231923,2.4828434171461002,0.38451486312056604,0.16034482758620694
citation,Citation,0.00878761419175356,2.3214414977300533,0.35546355313567474,-0.2672413793103448
citation,Citation,0.0029527613124023843,2.5210229644205193,0.3913869366805641,0.1745977011494253
citation,Citation,0.0014310876084978063,2.5465474292860044,0.39598117659845666,-0.23160919540229885
citation,Citation,-0.006671738508813783,1.7754532534671656,0.25718917207765934,0.18083333333333335
citation,Citation,0.003702100870684893,2.5008310567303362,0.38775252284201656,-0.31
citation,Citation,-0.01996903878271512,3.7828537787111878,0.6185083876959813,-0.10333333333333333
citation,Citation,0.00420472504624699,2.7386720687971575,0.4305623790920069,-0.14551020408163268
citation,Citation,-0.0020603488875692148,1.9867814549240952,0.2952268925167164,0.13616822429906544
citation,Citation,0.004990967406642711,1.1836799164851417,0.15067376807466912,0.08224489795918366
citation,Citation,-0.004304657380816156,1.583191634218175,0.2225833141101224,0.17222222222222222
citation,Citation,0.022410240179323734,1.4243156323990744,0.19398665308709395,0.13285714285714284
citation,Citation,0.021536514418571844,1.3938594665017479,0.1885047386238974,-0.04428571428571432
citation,Citation,0.003753544454962506,1.5185650839804703,0.2109509496933765,-0.2973469387755102
citation,Citation,-0.0011555043063890074,2.7308538583712623,0.42915515137481774,-0.25671875
citation,Citation,-0.008121609396002868,2.583368379610528,0.4026087114238552,-0.16791666666666666
citation,Citation,0.018301115806337306,1.2309350994983674,0.159179397840888,0.31
citation,Citation,0.02550701152802049,0.4854839791518689,0.025002978786372667,0.31
citation,Citation,-0.014639613726968002,4.362702899131321,0.7228775092203009,0.2066666666666666
citation,Citation,-0.010496296842290599,4.421809383562131,0.7335162972070185,-0.124
citation,Citation,-0.007307830729418959,4.149008071281279,0.6844138112141027,0.02583333333333332
citation,Citation,-0.017801393481420475,3.8545953973981772,0.6314214187852905,-0.31
citation,Citation,-0.005962891234483961,4.924690340073418,0.8240316430341609,-0.1919047619047619
citation,Citation,0.003435957293617212,2.66839894355805,0.41791366740186936,0.2601149425287356
citation,Citation,-0.012369588358737792,4.177456998600027,0.6895344356110418,-0.034444444444444444
citation,Citation,-0.002281806117297578,3.273753901771455,0.5268736760905892,0.031869158878504666
citation,Citation,0.003284959821527574,3.299246102841534,0.5314621087323043,0.22448275862068973
citation,Citation,-0.0006152923475677026,2.9157901004585494,0.4624424884508384,-0.09687499999999999
citation,Citation,-0.007141218635520061,2.978022639169503,0.4736439461520837,0.09041666666666665
citation,Citation,-0.0061955221364668215,3.7307596086472,0.6091317713062254,-0.2706349206349206
citation,Citation,0.0004620149606762137,2.8797153501562605,0.4559492648420295,0.1646875
citation,Citation,-0.000706318007428685,3.1992153859442465,0.5134572214601577,-0.12109375
citation,Citation,0.010374271117855022,2.2993027929644145,0.35147872831365584,0.22448275862068962
citation,Citation,-0.011768552384430232,2.3305452188008453,0.3571021645214652,0.06888888888888889
citation,Citation,0.001345856959957438,2.087411362069249,0.3133396301892403,-0.2601149425287356
citation,Citation,-0.0010238253429050905,1.8348984538400956,0.26788892676085097,-0.19859375
citation,Citation,-0.0010597631252832083,2.804435387951839,0.4423993546206142,-0.21796875
citation,Citation,-0.0018407903610910142,1.327936712621399,0.17663906586755904,0.21149532710280378
citation,Citation,0.006596666786589448,2.3248368224039053,0.3560746897935057,-0.18318181818181817
citation,Citation,-0.002440766530447648,1.1295587239638767,0.14093230064741788,-0.037663551401869166
citation,Citation,-0.004846643680533153,1.6526899186249298,0.23509255942160057,0.014761904761904754
citation,Citation,0.0035899491736030233,0.9016271088020034,0.09990607226437312,0.29574712643678164
citation,Citation,0.010093030152527811,1.0369914786275436,0.12427079037267744,0.16034482758620688
citation,Citation,0.0022343992011020657,1.2844462081588799,0.1688110540873328,-0.00356321839080459
citation,Citation,0.008189735017272734,1.0458840795342113,0.12587140148341397,0.2536363636363637
citation,Citation,-0.0038742072724724384,1.1082841750673453,0.13710301833765365,0.30015873015873024
citation,Citation,0.0026003649229528383,2.741580419690895,0.4310858635937061,0.10333333333333333
citation,Citation,0.01133327732550614,0.8422964959161725,0.08922694259369778,-0.21210526315789474
citation,Citation,0.008687677664417845,0.8769884598717577,0.09547127353167408,-0.2886206896551724
citation,Citation,0.011139839842410718,0.8572141869659928,0.09191203127489272,-0.24473684210526314
citation,Citation,0.012210574573484716,0.8150020103524103,0.08431411030607779,-0.04894736842105263
citation,Citation,0.007139091831034267,0.8680744194722368,0.09386680344977384,-0.014090909090909098
citation,Citation,0.003233178275006869,0.8632437245887065,0.09299730936313835,0.21735632183908044
citation,Citation,0.009121964467496168,0.8894609100925664,0.09771623455163465,-0.09620689655172415
citation,Citation,0.012621468037256592,0.8860763450236887,0.09710703455366843,0.14684210526315788
citation,Citation,0.011396671871695295,0.8206763537011887,0.08533545570384311,-0.1794736842105263
citation,Citation,0.007907934733753686,0.885354487871649,0.09697710489753676,0.22545454545454552
citation,Citation,0.03359667224257196,0.5675279090592337,0.039770359798575024,-0.31
citation,Citation,0.005429712616237468,1.1416198997022813,0.14310323489916882,0.18346938775510202
citation,Citation,0.007302221524273691,0.9639280385826094,0.11111983991937775,0.042272727272727295
citation,Citation,0.00885134344569631,0.9135755782387678,0.10205672010492123,-0.24586206896551724
citation,Citation,0.017182411584335623,0.7476566846793988,0.07219238375388663,-0.31
citation,Citation,0.001135539593204738,2.2320841262121442,0.3393797995545895,0.31
citation,Citation,0.006743580794990597,2.2996896616298352,0.35154836219138935,-0.1268181818181818
citation,Citation,-0.00034917612743560464,2.1525773668380586,0.3250690929605942,-0.02906249999999999
citation,Citation,0.001559117650535434,2.2363882376594075,0.34015451200111035,-0.21022988505747126
citation,Citation,0.0009433984082884267,2.234314982791782,0.3397813394263666,0.2809375
citation,Citation,-0.00016868583156322305,2.237010160407734,0.3402664541057251,0.02906249999999999
citation,Citation,-0.0003212695142873128,2.1681603583646294,0.3278739314592207,-0.019374999999999976
citation,Citation,-4.922360132026724e-05,2.2449178527458877,0.3416897879930296,0.0678125
citation,Citation,0.0030942450847631937,2.2207721998761607,0.3373437253882978,0.20310344827586208
citation,Citation,0.002042217954302808,2.2239481446678613,0.33791537507482206,-0.04632183908045978
citation,Citation,0.0018413095972862848,2.2000562069059986,0.33361497956173997,-0.09620689655172412
citation,Citation,0.005872997767144416,2.290017519808034,0.34980743871724734,0.2720408163265306
citation,Citation,0.0004312934752754588,2.242139200175348,0.3411896483573975,0.14046874999999998
citation,Citation,0.00032412477036046733,2.2522707632283647,0.34301326470563903,0.12593749999999998
citation,Citation,-0.0023731598911583725,2.1646873168717518,0.32724880627257474,0.020280373831775722
citation,Citation,-0.001601756758816014,3.2464360157139653,0.5219566318642294,0.26943925233644866
citation,Citation,-0.0019228307528943924,3.268109376714501,0.5258576977940463,0.18252336448598133
citation,Citation,-0.002427904800206275,3.2943961707112024,0.5305891520646653,-0.026074766355140166
citation,Citation,-0.0024177233896451856,3.2298554670147954,0.5189722394745855,-0.020280373831775667
citation,Citation,-0.0040728977060027205,3.305105239447749,0.5325167157308257,0.23126984126984135
citation,Citation,-0.0001983911652720158,3.1820929308158967,0.5103752893899829,0.014531249999999996
citation,Citation,-0.0010619612790262122,3.2193286633894678,0.517077482359082,-0.2228125
citation,Citation,-0.0022247958024749874,3.2749421560845016,0.5270875542434271,0.04925233644859811
citation,Citation,-0.0011500730327655753,3.2178543318566653,0.5168121121420801,-0.251875
citation,Citation,-0.0012476069399103517,3.224436271736991,0.5179968190926361,-0.290625
citation,Citation,-0.005983001362683331,3.276707734330471,0.5274053470002408,-0.20174603174603173
citation,Citation,-0.000663773971978447,3.277127030055872,0.5274808175407277,-0.11140625000000001
citation,Citation,-0.001844689491345504,3.2458663026264687,0.5218540871636013,0.20570093457943922
citation,Citation,-0.0022206913072420997,3.2352028345154333,0.5199347313174719,0.05504672897196261
citation,Citation,-0.0026898171002824813,3.207417559447025,0.5149335600677851,-0.11878504672897194
citation,Citation,-0.009889623625251061,4.918561662245925,0.822928520345111,-0.07750000000000001
citation,Citation,-0.00939759820358889,4.961287244825016,0.830618851093847,0.046499999999999986
citation,Citation,-0.010364277782312104,4.966165946467551,0.8314969860891053,-0.093
citation,Citation,-0.01063678469905834,4.751243875688432,0.7928123922293239,-0.17049999999999998
citation,Citation,-0.009167603874841272,5.266308694817182,0.8855207551593226,0.1395
citation,Citation,-0.007728126870574764,4.203039159048472,0.6941390603637081,-0.10333333333333333
citation,Citation,-0.0076375813366677476,5.004297547391401,0.8383604296136115,-0.06458333333333333
citation,Citation,-0.007696018276291538,4.980077952634932,0.8340010579436568,-0.09041666666666667
citation,Citation,-0.03749624314308205,4.664548513598685,0.777207783266593,-0.31
citation,Citation,-0.0027790251915773435,4.856994645310281,0.8118468522936181,-0.13616822429906542
citation,Citation,-0.016747755309956567,5.100949028032757,0.8557570760399339,0.10333333333333333
citation,Citation,-0.010779996599137368,5.1249321762722495,0.8600738888538082,-0.217
citation,Citation,-0.00874185540363987,4.741453655046054,0.791050215325039,0.31
citation,Citation,-0.00826001738622559,4.538665221014906,0.7545495982338408,-0.20666666666666667
citation,Citation,-0.009455251525269538,4.110467204393266,0.6774767024417843,-0.015500000000000014
citation,Citation,-0.005466594100784282,3.4547748522993347,0.5594562858053423,-0.034444444444444444
citation,Citation,-0.00015204502895064693,2.5385239049689523,0.3945369936980963,0.04359374999999999
citation,Citation,0.0038294395657130107,2.4852200444666264,0.3849426407904783,-0.24673469387755104
citation,Citation,-0.0021347738693338098,3.1505817610658364,0.5047034810019068,0.08401869158878505
citation,Citation,0.00045119969410235215,2.3670105775575205,0.363665695146028,0.15984375
citation,Citation,0.0001052372752664506,2.666583448668926,0.41758688996953924,0.09203125000000001
citation,Citation,0.0018301825246346134,2.9156877266936654,0.462424061829961,-0.10333333333333333
citation,Citation,-0.0059479391623019195,3.8445990545411393,0.6296221412047899,-0.18206349206349207
citation,Citation,-0.004440937618109097,3.698650174138415,0.6033522790998798,0.12301587301587302
citation,Citation,0.004351164703951492,2.3255748079873815,0.35620752246382037,-0.08224489795918369
citation,Citation,-0.0020657633435541946,3.1873995928889842,0.511330454517065,0.13037383177570094
citation,Citation,0.000797244379743907,2.748480066533099,0.4323277557590803,0.24218749999999994
citation,Citation,-0.0018447611507054706,3.2029734384792095,0.5141336468058272,0.19990654205607478
citation,Citation,-0.007007795321408804,4.26726551452212,0.7056993922904626,0.11625000000000002
citation,Citation,-0.005801185895001221,3.351777680387101,0.5409174556624591,-0.13285714285714284
citation,Citation,-0.0026206281512061837,2.983879920028254,0.4746982191279678,-0.08401869158878505
citation,Citation,-0.0031939821058137078,1.7337910929608988,0.24969025047941026,-0.20570093457943925
citation,Citation,-0.00035749899472715,2.4793278958764886,0.3838820918466464,-0.03390625000000003
citation,Citation,-0.004697253213354095,3.6914611949325478,0.6020583089653224,0.034444444444444444
citation,Citation,0.0005940802174775378,2.6197979415943053,0.40916579885895854,0.20828125000000003
citation,Citation,-0.0008634928731003385,2.3696988591624373,0.364149568587643,-0.155
citation,Citation,-0.0015018113445821818,1.8714063805691612,0.2744601193473397,0.29261682242990655
citation,Citation,-0.004337412210066127,1.882323494643792,0.276425129839594,0.1426984126984127
citation,Citation,-0.0012023183219133278,2.3492015598065015,0.3604601862085683,-0.2809375
citation,Citation,-0.003295732470770218,3.312482348740348,0.5338445480740042,-0.2288785046728972
citation,Citation,-0.0011121637922627459,2.7099103656937067,0.4253854570605042,-0.2421875
citation,Citation,-0.0013155890672275842,2.446781284485254,0.37802391060626556,0.31
citation,Citation,0.004792960251272119,1.2625308200955234,0.16486642483898659,0.018979591836734644
citation,Citation,3.8725721405936134e-05,2.7495100986829164,0.4325131549376465,0.08234375
citation,Citation,-0.001551937088953761,3.204459052113806,0.514401047728769,0.28102803738317755
citation,Citation,0.006129770473993932,2.311950873019118,0.35375530157692503,-0.31
citation,Citation,-0.000579317339349179,2.922123556611163,0.46358246992460894,-0.0871875
citation,Citation,-0.004626521956893708,1.9202471637318006,0.2832511469676818,0.06396825396825401
citation,Citation,0.001389921677842908,2.2583238938309895,0.3441027893789026,-0.23873563218390803
citation,Citation,-0.004336407668049329,3.744537468318709,0.6116116976521666,0.1525396825396826
citation,Citation,-0.0001867114413251102,2.5590417995959944,0.3982300830938366,0.019374999999999976
citation,Citation,-0.0008423372543239102,2.1658415451422917,0.3274565599560631,-0.1453125
citation,Citation,0.009126253478626268,0.8991521568210137,0.09946059678640118,-0.07482758620689656
citation,Citation,-0.0001783505257371897,1.7510801368085045,0.252802167450264,0.02421875000000001
citation,Citation,-0.00016324271565725074,2.600552560942562,0.40570175381467494,0.03390625000000003
citation,Citation,0.02268618043630765,1.4735981632466648,0.20285719245659645,0.22142857142857136
citation,Citation,-0.005854786974980307,2.071617768423213,0.31049688466027486,-0.15253968253968253
citation,Citation,0.01285504558640097,0.34657359027997264,0.0,0.2447368421052632
citation,Citation,0.02126422355090473,1.4581372444875662,0.20007432627292987,-0.22142857142857142
citation,Citation,-0.009606041752315223,3.2162770145789827,0.5165282051517279,-0.030999999999999972
citation,Citation,0.0005125080378956529,2.019604434909281,0.3011348183309042,0.18890625
citation,Citation,0.03210822038589794,0.8479327225387308,0.09024142722528981,0.31
citation,Citation,0.031272131742474944,0.7629925871624313,0.0749527478099311,-0.31
citation,Citation,-0.008522610490148585,3.8211442310529176,0.6254004234565591,-0.2583333333333333
citation,Citation,-0.009332774973101733,4.250523299801028,0.702685901054077,0.062
citation,Citation,-0.006404386130795306,3.454372784502806,0.5593839161815228,0.2841666666666666
citation,Citation,-0.003955452859411748,3.5661826295878845,0.5795089709558487,0.2804761904761905
citation,Citation,-0.017564482299842598,4.894263368089649,0.8185549832881046,-0.20666666666666667
citation,Citation,0.0019701107977685975,3.086031747001316,0.49308489260529914,-0.06770114942528735
citation,Citation,-0.002379368990587988,3.307026908767083,0.532862603879408,0.0028971962616822222
citation,Citation,-0.002157693501674351,2.967472712201186,0.47174502698319515,0.07822429906542055
citation,Citation,-0.006133303264870174,3.4143471580700444,0.5521795602169555,-0.2411111111111111
citation,Citation,0.005132758591347375,2.326804193194557,0.35642880391371706,0.10755102040816322
citation,Citation,-0.000656322196493113,2.8120656304277762,0.44377274931276117,-0.1065625
citation,Citation,-0.005565669506695981,3.3532261732864894,0.5411781750912198,-0.08365079365079364
citation,Citation,0.001784435027620642,2.6830855720295594,0.4205571663014018,-0.1318390804597701
citation,Citation,-0.0011906062810860235,2.842921837850385,0.44932666868395293,-0.26640625
citation,Citation,-0.0010481152685924884,2.6048515003729418,0.40647553533133896,-0.213125
citation,Citation,-0.0021090177776960837,2.863526990633835,0.4530354639880225,0.1014018691588785
citation,Citation,-0.0020541132877046164,1.767620459104101,0.2557793193453462,0.1419626168224299
citation,Citation,-0.0007538414055945096,2.610528596731106,0.4074973762531311,-0.13078125
citation,Citation,-0.0024957783714873133,2.9976392408884194,0.47717480860680705,-0.04925233644859811
citation,Citation,0.0017490524096499252,2.661264554867513,0.4166295232098338,-0.16034482758620688
citation,Citation,-0.0017757666854795477,2.3918347231870816,0.36813388209450837,0.22887850467289722
citation,Citation,0.003626056629063418,1.5355359590725752,0.2140055983295227,0.31
citation,Citation,0.004299232010294486,1.3382430916229358,0.17849414796496343,-0.12020408163265306
citation,Citation,0.009244533767204943,0.9560359667245827,0.10969931761827943,-0.05344827586206896
citation,Citation,0.0034413839538735133,1.450915032124119,0.19877437438322293,0.2743678160919541
citation,Citation,-0.003290307655673354,1.756545338579073,0.253785868705746,-0.22308411214953272
citation,Citation,-0.0036845491830230005,1.5898495122014253,0.2237816894320069,-0.28682242990654205
citation,Citation,-0.0026730697820670675,1.740011083718417,0.25080980891002613,-0.11299065420560747
citation,Citation,-0.03989661240279912,4.077712451107083,0.6715810569956935,-0.31
citation,Citation,-0.009686038047336162,4.285788081751843,0.7090333355561532,-0.046499999999999986
citation,Citation,-0.00738814211275913,3.9142017771589783,0.6421501847242166,0.0
citation,Citation,-0.003094110243348537,3.5825078805960144,0.5824474113990248,-0.18831775700934578
citation,Citation,-0.001895100978397277,4.913169447768884,0.8219579563341978,0.18831775700934578
citation,Citation,0.002140816507038386,2.9816235461405,0.47429208630444175,-0.01068965517241377
citation,Citation,-0.00865078519518508,3.8406574161018523,0.6289126715741784,-0.2970833333333333
citation,Citation,0.0027825095913881865,3.126590530739711,0.5003852134642909,0.14609195402298852
citation,Citation,-0.004581674966959308,3.370844397038797,0.5443493423329929,0.07380952380952382
citation,Citation,0.0010939688242097838,2.7889315973555355,0.4396087717813046,0.29062499999999997
citation,Citation,-0.0009977264124610972,2.8232537433766565,0.44578653786372674,-0.1840625
citation,Citation,-0.006890295336555302,3.5700034361710262,0.5801966916275778,0.15499999999999997
citation,Citation,0.001957009384265833,2.7237675950902562,0.4278796694477386,-0.07482758620689653
citation,Citation,-0.0009376534391715205,3.10137311626044,0.4958462406459668,-0.16953125
citation,Citation,-0.0005358191310233709,2.4525472216031527,0.37906174229483225,-0.07750000000000001
citation,Citation,-0.0011160999747174074,2.6929728236472776,0.42233680815872404,-0.24703124999999998
citation,Citation,-0.003918490133435036,2.0252297976038034,0.3021473475251497,0.29031746031746036
citation,Citation,-4.780519791693071e-05,2.529272105571095,0.39287172916346363,0.07265624999999998
citation,Citation,-0.003537557032365019,2.8920926915989913,0.45817710689212765,-0.27523364485981305
citation,Citation,-0.0036403409039532536,2.0552064447556435,0.3075429516906181,-0.28102803738317755
citation,Citation,-0.0011903339274944766,2.346901999308544,0.36004628007227896,-0.2615625
citation,Citation,0.0032917714161204824,1.3529079019416106,0.18113371973696493,0.2316091954022989
citation,Citation,0.002651371316735594,1.4692626028737665,0.2020768194052289,0.12471264367816093
citation,Citation,0.003439422271983131,0.9089071672564332,0.10121643607933246,0.2672413793103448
citation,Citation,0.0037854178420464036,1.4092018058027587,0.19126626126588112,-0.2720408163265306
citation,Citation,0.0025268990264903056,1.525035188084555,0.2121155269217164,0.08908045977011497
citation,Citation,0.003049599530224467,1.4708570738054723,0.2023638139432522,0.1959770114942529
citation,Citation,0.0025169990158471225,1.2750884711718418,0.1671267214663138,0.08195402298850574
empirical_share,Empirical Papers,0.003656444469552428,0.498567335243553,0.498567335243553,-0.08857142857142858
empirical_share,Empirical Papers,0.00020687078898630617,0.32786885245901637,0.32786885245901637,0.11625000000000002
empirical_share,Empirical Papers,-0.0059049939273239805,0.7554585152838428,0.7554585152838428,-0.20666666666666667
empirical_share,Empirical Papers,0.0033124435588420403,0.12987012987012986,0.12987012987012986,0.25529411764705884
empirical_share,Empirical Papers,-0.005904281134801263,0.5764705882352941,0.5764705882352941,-0.1919047619047619
empirical_share,Empirical Papers,0.004478287400534336,0.3888888888888889,0.3888888888888889,-0.2623076923076923
empirical_share,Empirical Papers,-0.0037660183405392924,0.6794258373205742,0.6794258373205742,-0.016315789473684228
empirical_share,Empirical Papers,0.0028806579097677937,0.44256756756756754,0.44256756756756754,0.0
empirical_share,Empirical Papers,-0.0015114654378366418,0.5263157894736842,0.5263157894736842,0.2066666666666666
empirical_share,Empirical Papers,-0.010979169440386221,0.875,0.875,0.21814814814814815
empirical_share,Empirical Papers,0.006378605312449494,0.06796116504854369,0.06796116504854369,-0.186
empirical_share,Empirical Papers,-0.005904281134801263,0.5853658536585366,0.5853658536585366,-0.17714285714285713
empirical_share,Empirical Papers,-0.0005193827555259772,0.3,0.3,0.15499999999999997
empirical_share,Empirical Papers,-0.0004962943426497396,0.684931506849315,0.684931506849315,0.23249999999999998
empirical_share,Empirical Papers,9.255267328276238e-05,0.2222222222222222,0.2222222222222222,-0.11624999999999999
empirical_share,Empirical Papers,0.0050419398796279595,0.23809523809523808,0.23809523809523808,0.16692307692307695
empirical_share,Empirical Papers,-0.006788598474011553,0.6530612244897959,0.6530612244897959,-0.08317073170731709
empirical_share,Empirical Papers,0.0025559231203817283,0.423963133640553,0.423963133640553,-0.2735294117647059
empirical_share,Empirical Papers,-0.004373678177926978,0.6221198156682027,0.6221198156682027,0.17521739130434782
empirical_share,Empirical Papers,-0.008479990535622851,0.8333333333333334,0.8333333333333334,-0.11923076923076922
empirical_share,Empirical Papers,-0.010338459729848282,0.8571428571428571,0.8571428571428571,-0.07750000000000001
empirical_share,Empirical Papers,0.006469666150393847,0.09836065573770492,0.09836065573770492,-0.062
empirical_share,Empirical Papers,-0.000621949613006497,0.3333333333333333,0.3333333333333333,0.11625000000000002
empirical_share,Empirical Papers,-0.0008057376365685841,0.3333333333333333,0.3333333333333333,0.0
empirical_share,Empirical Papers,-0.011621227124498435,0.8305084745762712,0.8305084745762712,-0.19518518518518518
empirical_share,Empirical Papers,0.008225772603189426,0.38461538461538464,0.38461538461538464,-0.20666666666666667
empirical_share,Empirical Papers,0.0036163607120570118,0.4583333333333333,0.4583333333333333,-0.13285714285714287
empirical_share,Empirical Papers,-0.01017291593301997,0.711864406779661,0.711864406779661,0.02583333333333332
empirical_share,Empirical Papers,-0.006558061611043462,0.6363636363636364,0.6363636363636364,0.052926829268292674
empirical_share,Empirical Papers,0.0023922411545164585,0.41818181818181815,0.41818181818181815,0.31
empirical_share,Empirical Papers,0.004616092496073835,0.1724137931034483,0.1724137931034483,-0.09538461538461537
empirical_share,Empirical Papers,-0.005742851239685577,0.5945945945945946,0.5945945945945946,-0.08857142857142855
empirical_share,Empirical Papers,0.008142629504000395,0.030303030303030304,0.030303030303030304,-0.2583333333333333
empirical_share,Empirical Papers,-0.011175220856957414,0.5555555555555556,0.5555555555555556,0.034444444444444444
empirical_share,Empirical Papers,-0.0032521501576239097,0.5625,0.5625,-0.31
empirical_share,Empirical Papers,-0.0027409578046052687,0.3333333333333333,0.3333333333333333,-0.08454545454545453
empirical_share,Empirical Papers,0.005602156382120295,0.16666666666666666,0.16666666666666666,0.051666666666666694
empirical_share,Empirical Papers,0.0028637430287659026,0.5,0.5,-0.054705882352941215
empirical_share,Empirical Papers,0.00288447236950236,0.4791666666666667,0.4791666666666667,0.018235294117647072
empirical_share,Empirical Papers,-0.00462995898135167,0.5306122448979592,0.5306122448979592,-0.013478260869565217
empirical_share,Empirical Papers,0.013373285819669477,0.0,0.0,0.018235294117647072
empirical_share,Empirical Papers,-0.004729711341916973,0.5833333333333334,0.5833333333333334,-0.09434782608695652
empirical_share,Empirical Papers,0.004023078642511775,0.5161290322580645,0.5161290322580645,0.08857142857142852
empirical_share,Empirical Papers,0.010677356773594621,0.0,0.0,0.11071428571428571
empirical_share,Empirical Papers,-0.004679275198004793,0.6052631578947368,0.6052631578947368,-0.04043478260869565
empirical_share,Empirical Papers,-0.00031877371642179277,0.3333333333333333,0.3333333333333333,-0.27125
empirical_share,Empirical Papers,0.0023351230812269446,0.4,0.4,0.20058823529411757
empirical_share,Empirical Papers,0.008250552634297173,0.375,0.375,-0.18083333333333335
empirical_share,Empirical Papers,-0.0026123530980890104,0.68,0.68,0.028181818181818197
empirical_share,Empirical Papers,-0.006797942651496258,0.35555555555555557,0.35555555555555557,-0.09829268292682927
empirical_share,Empirical Papers,0.007563865835693538,0.14285714285714285,0.14285714285714285,-0.051666666666666694
empirical_share,Empirical Papers,0.00301915349323311,0.4,0.4,0.07294117647058823
empirical_share,Empirical Papers,0.012569738326250746,0.0,0.0,0.2370588235294117
empirical_share,Empirical Papers,-0.008680183350316789,0.6666666666666666,0.6666666666666666,-0.1987179487179487
empirical_share,Empirical Papers,0.0033140926868218145,0.4375,0.4375,0.27352941176470585
empirical_share,Empirical Papers,0.0023839583499872907,0.2972972972972973,0.2972972972972973,0.27352941176470585
empirical_share,Empirical Papers,-0.001092654848123991,0.25,0.25,-0.19375
empirical_share,Empirical Papers,0.004962604916415627,0.48148148148148145,0.48148148148148145,0.11923076923076925
empirical_share,Empirical Papers,0.003624278872725866,0.07142857142857142,0.07142857142857142,-0.11071428571428574
empirical_share,Empirical Papers,-0.0004634383156515644,0.25,0.25,0.27125000000000005
empirical_share,Empirical Papers,0.013783649889796969,0.0,0.0,-0.31
empirical_share,Empirical Papers,0.0048463778483285435,0.52,0.52,0.07153846153846155
empirical_share,Empirical Papers,-0.004186304277753281,0.6111111111111112,0.6111111111111112,-0.31
empirical_share,Empirical Papers,0.0034213531601846752,0.5,0.5,-0.24357142857142858
empirical_share,Empirical Papers,-0.007315034060323291,0.7846153846153846,0.7846153846153846,0.09829268292682924
empirical_share,Empirical Papers,0.004045508204730416,0.225,0.225,0.11071428571428571
empirical_share,Empirical Papers,-0.010497547301104995,0.7222222222222222,0.7222222222222222,-0.155
empirical_share,Empirical Papers,-0.013292355106018009,0.7272727272727273,0.7272727272727273,-0.20666666666666667
empirical_share,Empirical Papers,-0.005936175178513846,0.5833333333333334,0.5833333333333334,-0.2657142857142857
empirical_share,Empirical Papers,0.003319184655452331,0.5059952038369304,0.5059952038369304,0.29176470588235287
empirical_share,Empirical Papers,0.001226513803687673,0.3125,0.3125,0.2066666666666666
empirical_share,Empirical Papers,-0.011722249486150426,0.8632478632478633,0.8632478632478633,-0.26407407407407407
empirical_share,Empirical Papers,0.004726158044307209,0.12666666666666668,0.12666666666666668,0.02384615384615385
empirical_share,Empirical Papers,-0.005694344987975239,0.55,0.55,-0.04428571428571426
empirical_share,Empirical Papers,0.0036160794295676865,0.2857142857142857,0.2857142857142857,-0.155
empirical_share,Empirical Papers,-0.007989878230313118,0.7833333333333333,0.7833333333333333,0.31
empirical_share,Empirical Papers,0.0007367292669531244,0.44493392070484583,0.44493392070484583,-0.20666666666666667
empirical_share,Empirical Papers,0.0011659063836074047,0.43023255813953487,0.43023255813953487,0.12916666666666665
empirical_share,Empirical Papers,-0.0055743124442880765,0.782608695652174,0.782608695652174,0.04428571428571432
empirical_share,Empirical Papers,0.0028680255358794543,0.08,0.08,-0.036470588235294144
empirical_share,Empirical Papers,0.0034017862931475405,0.44,0.44,-0.26571428571428574
empirical_share,Empirical Papers,0.005198497465151533,0.25925925925925924,0.25925925925925924,0.31
empirical_share,Empirical Papers,-0.0036879313629178054,0.6646341463414634,0.6646341463414634,0.016315789473684228
empirical_share,Empirical Papers,0.0053243895240153395,0.3741721854304636,0.3741721854304636,-0.2583333333333333
empirical_share,Empirical Papers,0.0015908494373057308,0.5,0.5,-0.12764705882352942
empirical_share,Empirical Papers,-0.0047842733279621,0.7916666666666666,0.7916666666666666,-0.12130434782608696
empirical_share,Empirical Papers,0.006342338305219757,0.05714285714285714,0.05714285714285714,-0.248
empirical_share,Empirical Papers,0.0034016411272393735,0.4574468085106383,0.4574468085106383,-0.28785714285714287
empirical_share,Empirical Papers,0.008373252734645497,0.1875,0.1875,-0.051666666666666694
empirical_share,Empirical Papers,-0.004404852033799215,0.6290322580645161,0.6290322580645161,0.09434782608695652
empirical_share,Empirical Papers,-0.0006874571523216279,0.2857142857142857,0.2857142857142857,0.07750000000000001
empirical_share,Empirical Papers,0.0028720109070300105,0.43283582089552236,0.43283582089552236,-0.018235294117647072
empirical_share,Empirical Papers,0.0011437519134830762,0.42528735632183906,0.42528735632183906,0.07750000000000001
empirical_share,Empirical Papers,-0.001067274354026671,0.3274336283185841,0.3274336283185841,-0.155
empirical_share,Empirical Papers,-0.004974836433167172,0.537117903930131,0.537117903930131,-0.28304347826086956
empirical_share,Empirical Papers,-0.007605318611771643,0.8666666666666667,0.8666666666666667,-0.18902439024390244
empirical_share,Empirical Papers,-0.008172111747403309,0.8712871287128713,0.8712871287128713,0.10333333333333333
empirical_share,Empirical Papers,0.005448243130962242,0.06382978723404255,0.06382978723404255,-0.20666666666666667
empirical_share,Empirical Papers,0.0011778028355464234,0.25,0.25,0.15499999999999997
empirical_share,Empirical Papers,0.012414487882859555,0.0,0.0,0.1276470588235294
empirical_share,Empirical Papers,-0.007126929834211939,0.7115384615384616,0.7115384615384616,0.23439024390243907
empirical_share,Empirical Papers,0.0015733736972619876,0.34615384615384615,0.34615384615384615,-0.16411764705882353
empirical_share,Empirical Papers,0.003260826218608752,0.5142857142857142,0.5142857142857142,0.20058823529411757
empirical_share,Empirical Papers,-0.006892198522030145,0.6111111111111112,0.6111111111111112,-0.234390243902439
empirical_share,Empirical Papers,-0.007646867790121119,0.5348837209302325,0.5348837209302325,-0.24951219512195122
empirical_share,Empirical Papers,0.0015196055721645562,0.4485981308411215,0.4485981308411215,-0.31
empirical_share,Empirical Papers,0.0027154787547809785,0.21212121212121213,0.21212121212121213,-0.1823529411764706
empirical_share,Empirical Papers,-0.006770180014269454,0.5714285714285714,0.5714285714285714,-0.037804878048780466
empirical_share,Empirical Papers,0.006712923025051285,0.0,0.0,0.030999999999999972
empirical_share,Empirical Papers,-0.011842443203404732,1.0,1.0,0.186
empirical_share,Empirical Papers,-0.004332761157524413,0.6875,0.6875,0.20217391304347826
empirical_share,Empirical Papers,-0.001759704135623564,0.3333333333333333,0.3333333333333333,0.0
empirical_share,Empirical Papers,-0.003911682276081027,0.5294117647058824,0.5294117647058824,-0.08157894736842106
empirical_share,Empirical Papers,0.0018355654159297955,0.4,0.4,-0.054705882352941215
empirical_share,Empirical Papers,-0.006307954306003145,0.5714285714285714,0.5714285714285714,0.23439024390243907
empirical_share,Empirical Papers,-0.003945037880766756,0.65,0.65,-0.14684210526315788
empirical_share,Empirical Papers,0.011851101352073467,0.0,0.0,-0.31
empirical_share,Empirical Papers,-0.00830930895884207,0.7692307692307693,0.7692307692307693,-0.05564102564102563
empirical_share,Empirical Papers,-0.005539098973691517,0.6153846153846154,0.6153846153846154,0.05904761904761907
empirical_share,Empirical Papers,0.0046118798473300335,0.7692307692307693,0.7692307692307693,-0.11923076923076922
empirical_share,Empirical Papers,-0.008148243475661813,0.6666666666666666,0.6666666666666666,0.16692307692307695
empirical_share,Empirical Papers,-0.006393491785300377,0.625,0.625,0.18902439024390244
empirical_share,Empirical Papers,-0.009504441343619541,0.8,0.8,-0.20217391304347826
empirical_share,Empirical Papers,-0.0009443314889139902,0.34,0.34,-0.07750000000000001
empirical_share,Empirical Papers,0.005059042026149609,0.14285714285714285,0.14285714285714285,0.19076923076923075
empirical_share,Empirical Papers,-0.007638552763545433,0.6206896551724138,0.6206896551724138,-0.234390243902439
empirical_share,Empirical Papers,0.003040067617370573,0.08823529411764706,0.08823529411764706,0.10941176470588232
empirical_share,Empirical Papers,0.0064013473880115005,0.38461538461538464,0.38461538461538464,-0.155
empirical_share,Empirical Papers,0.005284831742929773,0.375,0.375,-0.31
empirical_share,Empirical Papers,0.0010506267156205338,0.4,0.4,0.0
empirical_share,Empirical Papers,0.0007718881850341949,0.47368421052631576,0.47368421052631576,-0.12916666666666665
empirical_share,Empirical Papers,-0.004056456395597969,0.5769230769230769,0.5769230769230769,-0.1794736842105263
empirical_share,Empirical Papers,-0.0068352535548084434,0.7931034482758621,0.7931034482758621,-0.17390243902439023
empirical_share,Empirical Papers,0.003909902455317313,0.03773584905660377,0.03773584905660377,-0.022142857142857186
empirical_share,Empirical Papers,0.0039225059737463186,0.4375,0.4375,0.0
empirical_share,Empirical Papers,0.0022481756330095023,0.2222222222222222,0.2222222222222222,0.1276470588235294
empirical_share,Empirical Papers,-0.004222090890033756,0.6666666666666666,0.6666666666666666,0.28304347826086956
empirical_share,Empirical Papers,0.0028852577464758117,0.5068493150684932,0.5068493150684932,0.03647058823529409
empirical_share,Empirical Papers,-0.0004059058975757084,0.34782608695652173,0.34782608695652173,-0.31
empirical_share,Empirical Papers,-0.0073623365629780025,0.8133333333333334,0.8133333333333334,0.052926829268292674
empirical_share,Empirical Papers,0.0032634569290234017,0.1125,0.1125,0.2188235294117647
empirical_share,Empirical Papers,0.003962862319387666,0.4482758620689655,0.4482758620689655,0.02214285714285713
empirical_share,Empirical Papers,0.0021966839744421967,0.25,0.25,0.018235294117647072
empirical_share,Empirical Papers,-0.004896088522785856,0.78,0.78,-0.20217391304347826
empirical_share,Empirical Papers,0.0004294285784265368,0.3953488372093023,0.3953488372093023,0.23249999999999998
empirical_share,Empirical Papers,-0.0024219336228527588,0.5217391304347826,0.5217391304347826,0.2536363636363637
empirical_share,Empirical Papers,-0.009455481948835715,0.8636363636363636,0.8636363636363636,-0.1482608695652174
empirical_share,Empirical Papers,0.005173675926672519,0.07228915662650602,0.07228915662650602,0.28615384615384615
empirical_share,Empirical Papers,0.003980104166103719,0.46153846153846156,0.46153846153846156,0.04428571428571426
empirical_share,Empirical Papers,0.00976544827144414,0.16666666666666666,0.16666666666666666,0.22142857142857147
empirical_share,Empirical Papers,-0.0059185093514507485,0.717948717948718,0.717948717948718,-0.23619047619047617
empirical_share,Empirical Papers,0.0001358045952083926,0.44733044733044736,0.44733044733044736,-0.03875000000000001
empirical_share,Empirical Papers,0.0028567284413985507,0.2601626016260163,0.2601626016260163,-0.07294117647058823
empirical_share,Empirical Papers,-0.005699494341175665,0.7547169811320755,0.7547169811320755,-0.0738095238095238
empirical_share,Empirical Papers,0.0029609933925368887,0.057692307692307696,0.057692307692307696,0.05470588235294116
empirical_share,Empirical Papers,-0.007241485313284121,0.5371900826446281,0.5371900826446281,0.15878048780487802
empirical_share,Empirical Papers,0.008166435712743008,0.20833333333333334,0.20833333333333334,-0.23249999999999998
empirical_share,Empirical Papers,-0.004219728153010831,0.671957671957672,0.671957671957672,0.31
empirical_share,Empirical Papers,0.0004151555000768545,0.4790575916230366,0.4790575916230366,0.15499999999999997
empirical_share,Empirical Papers,0.0010755873293306333,0.4909090909090909,0.4909090909090909,0.02583333333333332
empirical_share,Empirical Papers,-0.00676657628437008,0.74,0.74,-0.022682926829268313
empirical_share,Empirical Papers,0.005733552714617898,0.09411764705882353,0.09411764705882353,0.15499999999999997
empirical_share,Empirical Papers,-0.007241485313284121,0.5338983050847458,0.5338983050847458,0.14365853658536581
empirical_share,Empirical Papers,0.005154211188342054,0.21428571428571427,0.21428571428571427,0.2623076923076923
empirical_share,Empirical Papers,-0.0074949174680197335,0.696078431372549,0.696078431372549,-0.11341463414634145
empirical_share,Empirical Papers,0.0006041365463269051,0.4807692307692308,0.4807692307692308,-0.2841666666666667
empirical_share,Empirical Papers,-0.0036121816990957126,0.5761589403973509,0.5761589403973509,0.11421052631578948
empirical_share,Empirical Papers,0.0009351912107711794,0.43846153846153846,0.43846153846153846,-0.051666666666666694
empirical_share,Empirical Papers,0.0023214001914096806,0.2857142857142857,0.2857142857142857,0.16411764705882353
empirical_share,Empirical Papers,0.0037075485546311025,0.48677248677248675,0.48677248677248675,-0.06642857142857145
empirical_share,Empirical Papers,0.006996367593486,0.07692307692307693,0.07692307692307693,0.24800000000000005
empirical_share,Empirical Papers,-0.007217401631548764,0.8045977011494253,0.8045977011494253,0.18902439024390244
empirical_share,Empirical Papers,0.00900529321689956,0.0,0.0,0.31
empirical_share,Empirical Papers,0.0030686969259133773,0.5,0.5,0.1276470588235294
empirical_share,Empirical Papers,0.010864079247838714,0.2,0.2,0.2657142857142856
empirical_share,Empirical Papers,-0.0070464124854332484,0.7446808510638298,0.7446808510638298,0.2948780487804878
empirical_share,Empirical Papers,0.006786468575871371,0.375,0.375,0.124
empirical_share,Empirical Papers,-0.006888707473376,0.6265060240963856,0.6265060240963856,-0.21926829268292683
empirical_share,Empirical Papers,0.004053788710879323,0.4230769230769231,0.4230769230769231,0.13285714285714284
empirical_share,Empirical Papers,0.014254716726575268,0.0,0.0,-0.04428571428571432
empirical_share,Empirical Papers,0.002823145153896,0.26881720430107525,0.26881720430107525,-0.10941176470588238
empirical_share,Empirical Papers,0.0033966517815024887,0.0625,0.0625,-0.31
empirical_share,Empirical Papers,-0.008180427340765224,0.5384615384615384,0.5384615384615384,0.07153846153846155
empirical_share,Empirical Papers,0.007281076344573931,0.020833333333333332,0.020833333333333332,-0.20666666666666667
empirical_share,Empirical Papers,0.0022065241031041798,0.25,0.25,0.05470588235294116
empirical_share,Empirical Papers,-0.004069724432130795,0.5555555555555556,0.5555555555555556,-0.21210526315789474
empirical_share,Empirical Papers,0.005020135005680781,0.11764705882352941,0.11764705882352941,0.1430769230769231
empirical_share,Empirical Papers,0.00045488716127565,0.35294117647058826,0.35294117647058826,0.27125000000000005
empirical_share,Empirical Papers,0.0007556219200344968,0.30434782608695654,0.30434782608695654,-0.155
empirical_share,Empirical Papers,-0.012024998860133652,1.0,1.0,0.062
empirical_share,Empirical Papers,0.0012987019006066467,0.46153846153846156,0.46153846153846156,0.25833333333333336
empirical_share,Empirical Papers,0.014930848760592271,0.0,0.0,0.0
empirical_share,Empirical Papers,-0.008707169965799105,0.5714285714285714,0.5714285714285714,-0.2464102564102564
empirical_share,Empirical Papers,-0.0013340285564496126,0.3333333333333333,0.3333333333333333,-0.31
empirical_share,Empirical Papers,-0.009396724408504397,0.7142857142857143,0.7142857142857143,-0.06739130434782609
empirical_share,Empirical Papers,0.006236007966468671,0.16666666666666666,0.16666666666666666,-0.31
empirical_share,Empirical Papers,-0.009396724408504397,0.7142857142857143,0.7142857142857143,-0.09434782608695652
empirical_share,Empirical Papers,-0.0024742111502534876,0.3287671232876712,0.3287671232876712,0.14090909090909093
empirical_share,Empirical Papers,0.004772418116751778,0.1794871794871795,0.1794871794871795,0.0476923076923077
empirical_share,Empirical Papers,0.003087045973652568,0.47619047619047616,0.47619047619047616,0.16411764705882353
empirical_share,Empirical Papers,0.0034796394320297645,0.043478260869565216,0.043478260869565216,-0.22142857142857142
empirical_share,Empirical Papers,-0.009281477546225214,0.6,0.6,0.06739130434782609
empirical_share,Empirical Papers,0.013469023640667812,0.0,0.0,0.1276470588235294
empirical_share,Empirical Papers,0.0036110883080690058,0.5098039215686274,0.5098039215686274,-0.17714285714285716
empirical_share,Empirical Papers,-0.0034847821928278375,0.5598591549295775,0.5598591549295775,0.17947368421052634
empirical_share,Empirical Papers,0.0007384682691811876,0.2857142857142857,0.2857142857142857,-0.18083333333333335
empirical_share,Empirical Papers,-0.009031559814750222,0.8658536585365854,0.8658536585365854,0.2291304347826087
empirical_share,Empirical Papers,0.0030812147485232626,0.07352941176470588,0.07352941176470588,0.14588235294117646
empirical_share,Empirical Papers,-0.006938024092486223,0.5614035087719298,0.5614035087719298,-0.24951219512195122
empirical_share,Empirical Papers,0.004155452229055816,0.3076923076923077,0.3076923076923077,0.22142857142857136
empirical_share,Empirical Papers,-0.007356001996880849,0.8088235294117647,0.8088235294117647,0.06804878048780488
empirical_share,Empirical Papers,0.00016320587061620126,0.4223300970873786,0.4223300970873786,0.0
empirical_share,Empirical Papers,0.0024834390903009356,0.25806451612903225,0.25806451612903225,-0.31
empirical_share,Empirical Papers,-0.008172224583240935,0.8181818181818182,0.8181818181818182,0.08743589743589747
empirical_share,Empirical Papers,0.005995643813317115,0.05555555555555555,0.05555555555555555,0.2066666666666666
empirical_share,Empirical Papers,-0.006647189244054122,0.5384615384615384,0.5384615384615384,0.022682926829268257
empirical_share,Empirical Papers,0.0022206030422515705,0.25,0.25,0.09117647058823525
empirical_share,Empirical Papers,-0.00422209263753641,0.6727272727272727,0.6727272727272727,0.25608695652173913
empirical_share,Empirical Papers,0.004618208720404867,0.2807017543859649,0.2807017543859649,-0.07153846153846152
empirical_share,Empirical Papers,-0.006067579817362339,0.75,0.75,-0.31
empirical_share,Empirical Papers,-0.010918841727569906,1.0,1.0,0.26407407407407407
empirical_share,Empirical Papers,0.006307096042071927,0.045454545454545456,0.045454545454545456,-0.279
empirical_share,Empirical Papers,0.0004945867604593227,0.4,0.4,0.31
empirical_share,Empirical Papers,0.01283724512198592,0.0,0.0,-0.2735294117647059
empirical_share,Empirical Papers,-0.0033174822978244765,0.6,0.6,0.27736842105263154
empirical_share,Empirical Papers,-0.002933428130881233,0.554093567251462,0.554093567251462,-0.19727272727272727
empirical_share,Empirical Papers,0.00013093889475130664,0.2654320987654321,0.2654320987654321,-0.07750000000000001
empirical_share,Empirical Papers,-0.00533934519688714,0.7911392405063291,0.7911392405063291,0.17714285714285716
empirical_share,Empirical Papers,0.004252812753671117,0.0603448275862069,0.0603448275862069,0.28785714285714287
empirical_share,Empirical Papers,-0.004491870256240887,0.6402439024390244,0.6402439024390244,0.013478260869565217
empirical_share,Empirical Papers,0.012283000901081373,0.08333333333333333,0.08333333333333333,0.018235294117647072
empirical_share,Empirical Papers,-0.004949769501334588,0.7257142857142858,0.7257142857142858,-0.2291304347826087
empirical_share,Empirical Papers,-0.0023080423192475036,0.5909090909090909,0.5909090909090909,-0.31
empirical_share,Empirical Papers,-0.0025855765157358217,0.34782608695652173,0.34782608695652173,0.08454545454545453
empirical_share,Empirical Papers,-0.00757316700654482,0.8157894736842105,0.8157894736842105,-0.14365853658536587
empirical_share,Empirical Papers,0.004196535889864547,0.14634146341463414,0.14634146341463414,0.2435714285714285
empirical_share,Empirical Papers,-0.004491870256240887,0.6258064516129033,0.6258064516129033,0.04043478260869565
empirical_share,Empirical Papers,0.012093910859325215,0.09090909090909091,0.09090909090909091,-0.12764705882352942
empirical_share,Empirical Papers,-0.008213103947297642,0.7153846153846154,0.7153846153846154,0.03974358974358977
empirical_share,Empirical Papers,-0.003773407321323318,0.6392156862745098,0.6392156862745098,-0.04894736842105263
empirical_share,Empirical Papers,-0.0036059129875161172,0.6068965517241379,0.6068965517241379,0.14684210526315788
empirical_share,Empirical Papers,0.001258634375777483,0.43137254901960786,0.43137254901960786,0.23249999999999998
empirical_share,Empirical Papers,0.013652336240901071,0.0,0.0,0.2370588235294117
empirical_share,Empirical Papers,-0.00534145302685663,0.5922330097087378,0.5922330097087378,0.1623809523809524
empirical_share,Empirical Papers,0.0010896786566849705,0.3888888888888889,0.3888888888888889,0.051666666666666694
empirical_share,Empirical Papers,-0.01490575857840326,0.82,0.82,0.0
empirical_share,Empirical Papers,0.010328816139403368,0.0,0.0,-0.06642857142857145
empirical_share,Empirical Papers,-0.011400673207526517,0.8333333333333334,0.8333333333333334,-0.08037037037037037
empirical_share,Empirical Papers,-0.005500754438011693,0.6285714285714286,0.6285714285714286,0.07380952380952382
empirical_share,Empirical Papers,-0.003686615341314783,0.5769230769230769,0.5769230769230769,0.04894736842105263
empirical_share,Empirical Papers,0.0008512355107852294,0.2857142857142857,0.2857142857142857,-0.10333333333333333
empirical_share,Empirical Papers,0.0004191022784494451,0.36363636363636365,0.36363636363636365,0.19375000000000003
empirical_share,Empirical Papers,0.00409069927089167,0.06382978723404255,0.06382978723404255,0.15499999999999997
empirical_share,Empirical Papers,-0.007413697508576358,0.7142857142857143,0.7142857142857143,-0.007560975609756104
empirical_share,Empirical Papers,0.011005508711255725,0.02564102564102564,0.02564102564102564,-0.19727272727272727
empirical_share,Empirical Papers,-0.006749331265226196,0.7857142857142857,0.7857142857142857,-0.007560975609756104
empirical_share,Empirical Papers,-0.0014787543867736765,0.3472222222222222,0.3472222222222222,0.31
empirical_share,Empirical Papers,0.010076486138091425,0.38461538461538464,0.38461538461538464,-0.26571428571428574
empirical_share,Empirical Papers,0.0010428580048276181,0.5,0.5,-0.02583333333333332
empirical_share,Empirical Papers,0.0007032975861842614,0.42857142857142855,0.42857142857142855,-0.23249999999999998
empirical_share,Empirical Papers,0.012425736169097928,0.0,0.0,0.16411764705882353
empirical_share,Empirical Papers,-0.00015810850587176338,0.3333333333333333,0.3333333333333333,-0.155
empirical_share,Empirical Papers,0.015097726416162858,0.0,0.0,0.07750000000000001
empirical_share,Empirical Papers,0.002658354313323341,0.5,0.5,-0.2188235294117647
empirical_share,Empirical Papers,0.0011578880777168784,0.4,0.4,0.10333333333333333
empirical_share,Empirical Papers,-0.0028403428025697655,0.5700483091787439,0.5700483091787439,-0.1409090909090909
empirical_share,Empirical Papers,-0.0009440391147041573,0.22727272727272727,0.22727272727272727,-0.03875000000000001
empirical_share,Empirical Papers,-0.0073453992512382835,0.7786885245901639,0.7786885245901639,0.08317073170731709
empirical_share,Empirical Papers,0.0033508972516793013,0.06060606060606061,0.06060606060606061,0.31
empirical_share,Empirical Papers,-0.007470167008703624,0.6623376623376623,0.6623376623376623,-0.09829268292682927
empirical_share,Empirical Papers,0.010704382548276901,0.2,0.2,0.13285714285714284
empirical_share,Empirical Papers,-0.0034051494605374473,0.7549019607843137,0.7549019607843137,0.2447368421052632
empirical_share,Empirical Papers,-0.00246608750104087,0.5897435897435898,0.5897435897435898,0.19727272727272732
empirical_share,Empirical Papers,0.011233886078438074,0.38636363636363635,0.38636363636363635,-0.05636363636363634
empirical_share,Empirical Papers,-0.010799034507472056,0.8214285714285714,0.8214285714285714,-0.31
empirical_share,Empirical Papers,0.0039912392846962194,0.10344827586206896,0.10344827586206896,0.06642857142857139
empirical_share,Empirical Papers,-0.0060890457276512825,0.6774193548387096,0.6774193548387096,0.31
empirical_share,Empirical Papers,0.01311937250994482,0.0,0.0,-0.12764705882352942
empirical_share,Empirical Papers,-0.004482482255482552,0.7636363636363637,0.7636363636363637,0.06739130434782609
empirical_share,Empirical Papers,0.004337420456638584,0.42857142857142855,0.42857142857142855,-0.28615384615384615
empirical_share,Empirical Papers,0.00634284549112283,0.14285714285714285,0.14285714285714285,-0.217
empirical_share,Empirical Papers,-0.010684298876383605,0.8571428571428571,0.8571428571428571,-0.2583333333333333
empirical_share,Empirical Papers,0.01075336021897294,0.0,0.0,0.1771428571428571
empirical_share,Empirical Papers,-0.0063624679438963735,0.5454545454545454,0.5454545454545454,0.21926829268292686
empirical_share,Empirical Papers,0.01301826288829956,0.0,0.0,-0.16411764705882353
empirical_share,Empirical Papers,-0.002648536135813302,0.5714285714285714,0.5714285714285714,-0.02818181818181814
empirical_share,Empirical Papers,0.012206074747146195,0.08333333333333333,0.08333333333333333,-0.054705882352941215
empirical_share,Empirical Papers,0.012971977335049015,0.0,0.0,-0.20058823529411765
empirical_share,Empirical Papers,0.011824907241934756,0.0,0.0,0.2818181818181818
empirical_share,Empirical Papers,0.0136342674243533,0.0,0.0,0.20058823529411757
empirical_share,Empirical Papers,-0.00043837048163734437,0.3055555555555556,0.3055555555555556,0.31
empirical_share,Empirical Papers,-0.005337005385140543,0.7698630136986301,0.7698630136986301,0.22142857142857147
empirical_share,Empirical Papers,0.0026494008114456894,0.08571428571428572,0.08571428571428572,-0.23705882352941177
empirical_share,Empirical Papers,-0.005338637367878221,0.5595744680851064,0.5595744680851064,0.20666666666666672
empirical_share,Empirical Papers,0.0030214596390377947,0.47668393782383417,0.47668393782383417,0.09117647058823525
empirical_share,Empirical Papers,-0.0036172545411113774,0.6852103120759837,0.6852103120759837,0.08157894736842103
empirical_share,Empirical Papers,0.0005998191702239296,0.4854368932038835,0.4854368932038835,-0.31
empirical_share,Empirical Papers,-0.00019677297225209226,0.43,0.43,-0.19375
empirical_share,Empirical Papers,-0.004153822946444178,0.8052631578947368,0.8052631578947368,-0.24473684210526314
empirical_share,Empirical Papers,0.0044970892634447835,0.08083832335329341,0.08083832335329341,-0.23846153846153845
empirical_share,Empirical Papers,-0.005338637367878221,0.5590200445434298,0.5590200445434298,0.19190476190476197
empirical_share,Empirical Papers,0.00780674028699689,0.19607843137254902,0.19607843137254902,0.2066666666666666
empirical_share,Empirical Papers,-0.005162098085781774,0.6893732970027248,0.6893732970027248,0.31
empirical_share,Empirical Papers,-0.004268777486180431,0.5698005698005698,0.5698005698005698,0.2291304347826087
empirical_share,Empirical Papers,-0.007608016261955088,0.36231884057971014,0.36231884057971014,-0.21926829268292683
empirical_share,Empirical Papers,-0.007435200175532027,0.7066666666666667,0.7066666666666667,-0.022682926829268313
empirical_share,Empirical Papers,0.005467586733679372,0.12903225806451613,0.12903225806451613,-0.155
empirical_share,Empirical Papers,-0.007128253623405353,0.6464646464646465,0.6464646464646465,0.21926829268292686
empirical_share,Empirical Papers,0.01221426332288059,0.16666666666666666,0.16666666666666666,-0.018235294117647072
empirical_share,Empirical Papers,-0.007104795290796227,0.6296296296296297,0.6296296296296297,0.26463414634146337
empirical_share,Empirical Papers,-0.0033092405060844658,0.5442708333333334,0.5442708333333334,0.31
empirical_share,Empirical Papers,0.002701813742204189,0.4915254237288136,0.4915254237288136,-0.20058823529411765
empirical_share,Empirical Papers,-0.008154910815772333,0.8723404255319149,0.8723404255319149,0.11923076923076925
empirical_share,Empirical Papers,0.004654804980188972,0.09803921568627451,0.09803921568627451,-0.02384615384615385
empirical_share,Empirical Papers,-0.005677082981965855,0.5625,0.5625,-0.014761904761904754
empirical_share,Empirical Papers,0.0031576236185725842,0.2777777777777778,0.2777777777777778,0.18235294117647055
empirical_share,Empirical Papers,-0.007536953282425946,0.7083333333333334,0.7083333333333334,-0.12853658536585366
empirical_share,Empirical Papers,0.0006117830912657477,0.4668769716088328,0.4668769716088328,-0.2583333333333333
empirical_share,Empirical Papers,-0.0016947558456564715,0.35135135135135137,0.35135135135135137,0.10333333333333333
empirical_share,Empirical Papers,-0.008691779747488472,0.8529411764705882,0.8529411764705882,-0.23051282051282052
empirical_share,Empirical Papers,0.005570708418783794,0.08888888888888889,0.08888888888888889,0.0
empirical_share,Empirical Papers,-0.005182447377443535,0.5339805825242718,0.5339805825242718,0.29523809523809524
empirical_share,Empirical Papers,0.0009100910630017956,0.2222222222222222,0.2222222222222222,-0.07750000000000001
empirical_share,Empirical Papers,-0.008496393578327327,0.75,0.75,-0.13512820512820511
empirical_share,Empirical Papers,-0.00599362942242033,0.36666666666666664,0.36666666666666664,-0.2804761904761905
empirical_share,Empirical Papers,-0.005475069195216381,0.5428571428571428,0.5428571428571428,0.10333333333333333
empirical_share,Empirical Papers,-0.008058942779474233,0.8823529411764706,0.8823529411764706,0.24641025641025643
empirical_share,Empirical Papers,0.006142795227568471,0.06172839506172839,0.06172839506172839,0.31
empirical_share,Empirical Papers,0.004531027112658436,0.49514563106796117,0.49514563106796117,-0.2146153846153846
empirical_share,Empirical Papers,0.014743341275674197,0.08333333333333333,0.08333333333333333,-0.31
empirical_share,Empirical Papers,-0.011742831305237731,0.6896551724137931,0.6896551724137931,-0.31
empirical_share,Empirical Papers,-0.005061718526266974,0.556910569105691,0.556910569105691,-0.31
empirical_share,Empirical Papers,0.0020253209653648165,0.5,0.5,-0.018235294117647072
empirical_share,Empirical Papers,-0.006431090104948872,0.8425655976676385,0.8425655976676385,0.14365853658536581
empirical_share,Empirical Papers,0.005111829475293065,0.05042016806722689,0.05042016806722689,0.2146153846153846
empirical_share,Empirical Papers,-0.001172025700538985,0.3333333333333333,0.3333333333333333,-0.23249999999999998
empirical_share,Empirical Papers,0.00667747165119365,0.25,0.25,0.0
empirical_share,Empirical Papers,-0.005743979917873281,0.7747252747252747,0.7747252747252747,-0.10333333333333333
empirical_share,Empirical Papers,0.00020591853875380234,0.4840764331210191,0.4840764331210191,0.07750000000000001
empirical_share,Empirical Papers,-0.0010422445449780944,0.3157894736842105,0.3157894736842105,-0.11624999999999999
empirical_share,Empirical Papers,-0.007374365908549332,0.675,0.675,0.037804878048780466
empirical_share,Empirical Papers,0.012550278346519908,0.0,0.0,0.20058823529411757
empirical_share,Empirical Papers,0.01702240157830843,0.0,0.0,0.31
empirical_share,Empirical Papers,-0.006135623875599119,0.6956521739130435,0.6956521739130435,0.2797560975609756
empirical_share,Empirical Papers,-0.004397086587829676,0.5615763546798029,0.5615763546798029,0.12130434782608696
empirical_share,Empirical Papers,-0.004175348164470639,0.5652173913043478,0.5652173913043478,-0.2773684210526316
empirical_share,Empirical Papers,-0.008154593311766122,0.8817204301075269,0.8817204301075269,0.13512820512820517
empirical_share,Empirical Papers,0.009305663026204006,0.0,0.0,-0.10333333333333333
empirical_share,Empirical Papers,-0.007932954941121754,0.6666666666666666,0.6666666666666666,-0.31
empirical_share,Empirical Papers,0.0026313128383074493,0.5,0.5,-0.25529411764705884
empirical_share,Empirical Papers,-0.006828806460509792,0.7916666666666666,0.7916666666666666,-0.15878048780487805
empirical_share,Empirical Papers,-0.004882784740111182,0.5817307692307693,0.5817307692307693,-0.17521739130434782
empirical_share,Empirical Papers,-0.00897930643027686,0.7142857142857143,0.7142857142857143,0.25608695652173913
empirical_share,Empirical Papers,-0.00831612353895208,0.8910891089108911,0.8910891089108911,-0.07153846153846152
empirical_share,Empirical Papers,0.0055039154331357875,0.08108108108108109,0.08108108108108109,-0.051666666666666694
empirical_share,Empirical Papers,0.0027448748472690314,0.5,0.5,-0.16411764705882353
empirical_share,Empirical Papers,0.003498860815259951,0.5,0.5,-0.1992857142857143
empirical_share,Empirical Papers,-0.008686968444748701,0.7631578947368421,0.7631578947368421,-0.2146153846153846
empirical_share,Empirical Papers,-0.005672386311619483,0.5882352941176471,0.5882352941176471,0.0
empirical_share,Empirical Papers,-0.008286244951443181,0.6666666666666666,0.6666666666666666,-0.03974358974358971
empirical_share,Empirical Papers,-0.011370497369189183,0.9130434782608695,0.9130434782608695,-0.05740740740740741
empirical_share,Empirical Papers,0.006042847180505909,0.10526315789473684,0.10526315789473684,0.25833333333333336
empirical_share,Empirical Papers,0.010394150285420898,0.1,0.1,-0.04428571428571432
empirical_share,Empirical Papers,-0.009880432449483096,0.84,0.84,0.31
empirical_share,Empirical Papers,0.00472377353766989,0.3793969849246231,0.3793969849246231,0.0
empirical_share,Empirical Papers,0.003291624591019834,0.11464968152866242,0.11464968152866242,0.2370588235294117
empirical_share,Empirical Papers,-0.007285621922973449,0.6083333333333333,0.6083333333333333,0.11341463414634145
empirical_share,Empirical Papers,0.006871235571144666,0.019736842105263157,0.019736842105263157,0.186
empirical_share,Empirical Papers,-0.010025450295686742,0.5333333333333333,0.5333333333333333,0.23249999999999998
empirical_share,Empirical Papers,-0.004378583621580587,0.6285714285714286,0.6285714285714286,0.1482608695652174
empirical_share,Empirical Papers,-0.000499983167646023,0.2887323943661972,0.2887323943661972,0.19375000000000003
empirical_share,Empirical Papers,0.004644571211808201,0.04411764705882353,0.04411764705882353,-0.0476923076923077
empirical_share,Empirical Papers,-0.008006464105002898,0.575,0.575,0.29410256410256413
empirical_share,Empirical Papers,0.004200626934042448,0.03333333333333333,0.03333333333333333,0.2657142857142856
empirical_share,Empirical Papers,-0.00789538483151159,0.5333333333333333,0.5333333333333333,-0.27975609756097564
empirical_share,Empirical Papers,0.005485123671122828,0.3838383838383838,0.3838383838383838,-0.10333333333333333
empirical_share,Empirical Papers,0.002801480038215384,0.12195121951219512,0.12195121951219512,-0.14588235294117646
empirical_share,Empirical Papers,0.004919423006162188,0.48484848484848486,0.48484848484848486,0.0953846153846154
empirical_share,Empirical Papers,0.006980677852103313,0.0,0.0,0.21700000000000003
empirical_share,Empirical Papers,0.014680170974763262,0.0,0.0,0.31
empirical_share,Empirical Papers,-0.005918147358858033,0.88,0.88,-0.22142857142857142
empirical_share,Empirical Papers,0.0015470068475723648,0.41304347826086957,0.41304347826086957,-0.20058823529411765
empirical_share,Empirical Papers,0.005141206629029323,0.2,0.2,0.23846153846153845
empirical_share,Empirical Papers,-0.007677600446514709,0.6538461538461539,0.6538461538461539,-0.2646341463414634
empirical_share,Empirical Papers,0.00676859532722483,0.0,0.0,0.062
empirical_share,Empirical Papers,-0.010086466170648635,0.8,0.8,0.18083333333333335
empirical_share,Empirical Papers,0.0012016011236429514,0.4838709677419355,0.4838709677419355,0.18083333333333335
empirical_share,Empirical Papers,-0.002372489745635775,0.5230769230769231,0.5230769230769231,0.31
empirical_share,Empirical Papers,0.0014352562751639274,0.2222222222222222,0.2222222222222222,0.31
empirical_share,Empirical Papers,-0.010610561021873648,0.8095238095238095,0.8095238095238095,-0.23249999999999998
empirical_share,Empirical Papers,0.004314269629092967,0.047619047619047616,0.047619047619047616,-0.31
empirical_share,Empirical Papers,-0.011034561215408523,0.6666666666666666,0.6666666666666666,0.1262962962962963
empirical_share,Empirical Papers,0.001525863861102575,0.6842105263157895,0.6842105263157895,-0.23705882352941177
empirical_share,Empirical Papers,-0.004953596551483125,0.5393258426966292,0.5393258426966292,-0.25608695652173913
empirical_share,Empirical Papers,0.008752945877580583,0.0,0.0,0.2066666666666666
empirical_share,Empirical Papers,-0.006262951787202903,0.6101694915254238,0.6101694915254238,0.24951219512195116
empirical_share,Empirical Papers,-0.0007812031650207418,0.47368421052631576,0.47368421052631576,0.03875000000000001
empirical_share,Empirical Papers,0.010677356773594621,0.0,0.0,0.06642857142857139
empirical_share,Empirical Papers,-0.005697060139626234,0.6451612903225806,0.6451612903225806,-0.059047619047619015
empirical_share,Empirical Papers,-0.00024601048828656885,0.4,0.4,-0.23249999999999998
empirical_share,Empirical Papers,0.016108996965358818,0.0,0.0,-0.31
empirical_share,Empirical Papers,-0.008914801308797288,0.5454545454545454,0.5454545454545454,-0.2941025641025641
empirical_share,Empirical Papers,0.002825398751251993,0.23076923076923078,0.23076923076923078,-0.0911764705882353
empirical_share,Empirical Papers,-0.010560022077387233,0.5714285714285714,0.5714285714285714,-0.20666666666666667
empirical_share,Empirical Papers,-0.006482539253413686,0.6190476190476191,0.6190476190476191,0.09829268292682924
empirical_share,Empirical Papers,0.01092946988516196,0.0,0.0,-0.31
empirical_share,Empirical Papers,-0.008281102847948018,0.6,0.6,-0.02384615384615385
empirical_share,Empirical Papers,-0.007220743645226436,0.5384615384615384,0.5384615384615384,0.17390243902439023
empirical_share,Empirical Papers,-0.006695620573741411,0.6875,0.6875,0.007560975609756104
empirical_share,Empirical Papers,0.004101313065643278,0.45454545454545453,0.45454545454545453,0.1771428571428571
empirical_share,Empirical Papers,0.002555836035971965,0.5,0.5,-0.2917647058823529
empirical_share,Empirical Papers,-0.007437402099331938,0.5714285714285714,0.5714285714285714,-0.037804878048780466
empirical_share,Empirical Papers,-0.005464209805441923,0.5263157894736842,0.5263157894736842,0.11809523809523814
empirical_share,Empirical Papers,-0.0030488418711653305,0.6538461538461539,0.6538461538461539,-0.25363636363636366
empirical_share,Empirical Papers,0.011710196873383054,0.0,0.0,0.2536363636363637
empirical_share,Empirical Papers,-0.0068079929486147195,0.7647058823529411,0.7647058823529411,-0.11341463414634145
empirical_share,Empirical Papers,-0.0020827581410498407,0.5294117647058824,0.5294117647058824,-0.20666666666666667
empirical_share,Empirical Papers,-0.006989859985471771,0.75,0.75,-0.2948780487804878
empirical_share,Empirical Papers,-0.006461521179550216,1.0,1.0,0.12853658536585366
empirical_share,Empirical Papers,-0.010161339615106804,1.0,1.0,0.051666666666666694
empirical_share,Empirical Papers,-0.009714451170102717,1.0,1.0,-0.31
empirical_share,Empirical Papers,-0.010365444315753482,1.0,1.0,-0.12916666666666665
empirical_share,Empirical Papers,-0.011509445067809475,1.0,1.0,-0.14925925925925926
empirical_share,Empirical Papers,-0.012421600264189621,1.0,1.0,-0.31
empirical_share,Empirical Papers,-0.008318775807279579,1.0,1.0,-0.10333333333333333
empirical_share,Empirical Papers,-0.012383052339551488,1.0,1.0,-0.186
empirical_share,Empirical Papers,-0.011531723753170114,1.0,1.0,-0.17222222222222222
empirical_share,Empirical Papers,-0.011329808395906308,1.0,1.0,-0.011481481481481481
empirical_share,Empirical Papers,-0.011333252544934783,1.0,1.0,-0.034444444444444444
empirical_share,Empirical Papers,-0.010790166902948553,1.0,1.0,-0.2841666666666667
empirical_share,Empirical Papers,-0.010513144092789873,1.0,1.0,-0.18083333333333335
empirical_share,Empirical Papers,-0.008062397232292406,1.0,1.0,0.2146153846153846
empirical_share,Empirical Papers,-0.009312534259561286,1.0,1.0,0.013478260869565217
empirical_share,Empirical Papers,-0.010155719204009366,1.0,1.0,0.07750000000000001
empirical_share,Empirical Papers,-0.004798074843316313,1.0,1.0,-0.1482608695652174
empirical_share,Empirical Papers,-0.006473983169173852,1.0,1.0,0.11341463414634145
empirical_share,Empirical Papers,-0.006809686165908937,1.0,1.0,-0.12853658536585366
empirical_share,Empirical Papers,-0.008202203456735505,1.0,1.0,0.05564102564102563
empirical_share,Empirical Papers,-0.009194159085093922,1.0,1.0,0.12130434782608696
empirical_share,Empirical Papers,-0.009976122611931468,1.0,1.0,0.25833333333333336
empirical_share,Empirical Papers,-0.005850833923134631,1.0,1.0,-0.14761904761904762
empirical_share,Empirical Papers,-0.006407169936941506,1.0,1.0,0.17390243902439023
empirical_share,Empirical Papers,-0.008239815695930453,1.0,1.0,0.007948717948717932
empirical_share,Empirical Papers,-0.0058346206366689055,1.0,1.0,-0.13285714285714284
empirical_share,Empirical Papers,-0.010104203739720097,1.0,1.0,0.15499999999999997
empirical_share,Empirical Papers,-0.011057782055093104,1.0,1.0,0.10333333333333333
empirical_share,Empirical Papers,-0.005288654184965678,1.0,1.0,0.23619047619047623
empirical_share,Empirical Papers,-0.008087896371699991,1.0,1.0,0.18282051282051281
empirical_share,Empirical Papers,-0.00662381772012679,1.0,1.0,0.037804878048780466
empirical_share,Empirical Papers,-0.006776276329341897,1.0,1.0,-0.06804878048780488
empirical_share,Empirical Papers,-0.008762213680099697,1.0,1.0,-0.2623076923076923
empirical_share,Empirical Papers,-0.008573957672196276,1.0,1.0,-0.16692307692307692
empirical_share,Empirical Papers,-0.012351740398941357,1.0,1.0,-0.124
empirical_share,Empirical Papers,-0.010900804726901655,1.0,1.0,0.28703703703703703
empirical_share,Empirical Papers,-0.01113883282747586,1.0,1.0,0.08037037037037037
empirical_share,Empirical Papers,-0.008149395457010399,1.0,1.0,0.15102564102564103
empirical_share,Empirical Papers,-0.0056262476515763285,1.0,1.0,0.014761904761904754
empirical_share,Empirical Papers,-0.00822554919792706,1.0,1.0,0.02384615384615385
empirical_share,Empirical Papers,-0.00610621638679964,1.0,1.0,0.2948780487804878
empirical_share,Empirical Papers,-0.009602283399400545,1.0,1.0,-0.25608695652173913
empirical_share,Empirical Papers,-0.008258760329727983,1.0,1.0,-0.007948717948717932
empirical_share,Empirical Papers,-0.007395505941173311,1.0,1.0,0.007560975609756104
empirical_share,Empirical Papers,-0.008643936493616089,1.0,1.0,-0.18282051282051281
empirical_share,Empirical Papers,-0.006872771206009727,1.0,1.0,-0.20414634146341465
empirical_share,Empirical Papers,-0.011740967876845877,1.0,1.0,-0.28703703703703703
empirical_share,Empirical Papers,-0.009556616156681156,1.0,1.0,-0.2291304347826087
empirical_share,Empirical Papers,-0.011496887843634498,1.0,1.0,-0.10333333333333333
empirical_share,Empirical Papers,-0.00937455729826784,1.0,1.0,-0.04043478260869565
empirical_share,Empirical Papers,-0.010993139106280716,1.0,1.0,0.17222222222222222
empirical_share,Empirical Papers,-0.011794412270567956,1.0,1.0,0.31
empirical_share,Empirical Papers,-0.008059009562692789,1.0,1.0,0.23051282051282057
empirical_share,Empirical Papers,-0.010189731969273152,1.0,1.0,0.0
empirical_share,Empirical Papers,-0.01371797430200863,1.0,1.0,0.10333333333333333
empirical_share,Empirical Papers,-0.014323552419541627,1.0,1.0,-0.31
empirical_share,Empirical Papers,-0.014754057191933427,1.0,1.0,0.31
empirical_share,Empirical Papers,-0.008972767521029087,1.0,1.0,0.28304347826086956
empirical_share,Empirical Papers,-0.010923553244352735,1.0,1.0,0.2411111111111111
empirical_share,Empirical Papers,-0.00654702451415275,1.0,1.0,0.06804878048780488
empirical_share,Empirical Papers,-0.005685082278316277,1.0,1.0,-0.029523809523809508
empirical_share,Empirical Papers,-0.00891909200771169,1.0,1.0,0.31
empirical_share,Empirical Papers,-0.007604774629639068,1.0,1.0,-0.17390243902439023
empirical_share,Empirical Papers,-0.010283805113994168,1.0,1.0,-0.051666666666666694
empirical_share,Empirical Papers,-0.006858525466605299,1.0,1.0,-0.18902439024390244
empirical_share,Empirical Papers,-0.007605534297586395,1.0,1.0,-0.20414634146341465
empirical_share,Empirical Papers,-0.008916953604474075,1.0,1.0,-0.31
empirical_share,Empirical Papers,-0.005785424413365972,1.0,1.0,-0.11809523809523809
empirical_share,Empirical Papers,-0.008317491266354211,1.0,1.0,-0.08743589743589741
empirical_share,Empirical Papers,-0.007583788174297984,1.0,1.0,-0.15878048780487805
empirical_share,Empirical Papers,-0.010193450049811733,1.0,1.0,-0.02583333333333332
empirical_share,Empirical Papers,-0.006811178747180305,1.0,1.0,-0.14365853658536587
empirical_share,Empirical Papers,-0.00920763353316081,1.0,1.0,0.09434782608695652
empirical_share,Empirical Papers,-0.005375101420573501,1.0,1.0,0.14761904761904765
empirical_share,Empirical Papers,-0.007210555025960779,1.0,1.0,0.20414634146341465
empirical_share,Empirical Papers,-0.007439344407714513,1.0,1.0,-0.052926829268292674
empirical_share,Empirical Papers,-0.006775542462744997,1.0,1.0,-0.052926829268292674
empirical_share,Empirical Papers,-0.006531228376014299,1.0,1.0,0.08317073170731709
empirical_share,Empirical Papers,-0.006375568907744863,1.0,1.0,0.20414634146341465
empirical_share,Empirical Papers,-0.012961636483090006,1.0,1.0,0.2066666666666666
empirical_share,Empirical Papers,-0.015524313257108112,1.0,1.0,-0.31
empirical_share,Empirical Papers,-0.013140257577202793,1.0,1.0,0.0
empirical_share,Empirical Papers,-0.007451278106692046,1.0,1.0,-0.06804878048780488
empirical_share,Empirical Papers,-0.013608418333269602,1.0,1.0,-0.31
empirical_share,Empirical Papers,-0.007264526917971949,1.0,1.0,0.12853658536585366
empirical_share,Empirical Papers,-0.01013158588906935,1.0,1.0,0.12916666666666665
empirical_share,Empirical Papers,-0.011714949726985308,1.0,1.0,-0.2411111111111111
empirical_share,Empirical Papers,-0.0052401685271429655,1.0,1.0,0.250952380952381
empirical_share,Empirical Papers,-0.005238463469696166,1.0,1.0,0.26571428571428574
empirical_share,Empirical Papers,-0.008064280035642251,1.0,1.0,0.19871794871794873
empirical_share,Empirical Papers,-0.011631175358446544,1.0,1.0,-0.21814814814814815
empirical_share,Empirical Papers,-0.013673858411547056,1.0,1.0,0.31
empirical_share,Empirical Papers,-0.005996379630687317,1.0,1.0,-0.29523809523809524
empirical_share,Empirical Papers,-0.01382947467880707,1.0,1.0,-0.10333333333333333
empirical_share,Empirical Papers,-0.00585160967197381,1.0,1.0,-0.16238095238095238
empirical_share,Empirical Papers,-0.0069726772740218304,1.0,1.0,-0.27975609756097564
empirical_share,Empirical Papers,-0.007469284696430848,1.0,1.0,-0.08317073170731709
empirical_share,Empirical Papers,-0.00886679344072863,1.0,1.0,-0.2782051282051282
empirical_share,Empirical Papers,-0.007120172292446276,1.0,1.0,0.24951219512195116
empirical_share,Empirical Papers,-0.008056259248912697,1.0,1.0,0.2623076923076923
empirical_share,Empirical Papers,-0.009373849407443732,1.0,1.0,-0.013478260869565217
empirical_share,Empirical Papers,-0.011205608324638397,1.0,1.0,0.011481481481481481
empirical_share,Empirical Papers,-0.00966081744154644,1.0,1.0,-0.28304347826086956
empirical_share,Empirical Papers,-0.011024982757632504,1.0,1.0,0.14925925925925926
empirical_share,Empirical Papers,-0.010807101818891445,1.0,1.0,0.31
empirical_share,Empirical Papers,-0.010154901991817877,1.0,1.0,0.10333333333333333
empirical_share,Empirical Papers,-0.00993780787777448,1.0,1.0,0.2841666666666666
empirical_share,Empirical Papers,-0.010359457012940646,1.0,1.0,-0.10333333333333333
empirical_share,Empirical Papers,-0.012013589053643903,1.0,1.0,0.124
empirical_share,Empirical Papers,-0.01213714669589524,1.0,1.0,-0.062
empirical_share,Empirical Papers,-0.012041634203779544,1.0,1.0,0.0
empirical_share,Empirical Papers,-0.013049510974541682,1.0,1.0,0.10333333333333333
empirical_share,Empirical Papers,-0.005488728356357191,1.0,1.0,0.08857142857142858
empirical_share,Empirical Papers,-0.007069604934945473,1.0,1.0,0.2797560975609756
empirical_share,Empirical Papers,-0.006228158184208114,1.0,1.0,0.26463414634146337
empirical_share,Empirical Papers,-0.013282931536504719,1.0,1.0,-0.10333333333333333
empirical_share,Empirical Papers,-0.009160993117675336,1.0,1.0,0.1482608695652174
empirical_share,Empirical Papers,-0.009409726918248524,1.0,1.0,-0.12130434782608696
empirical_share,Empirical Papers,-0.00805591203153228,1.0,1.0,0.27820512820512827
empirical_share,Empirical Papers,-0.006946088030195851,1.0,1.0,-0.2646341463414634
empirical_share,Empirical Papers,-0.006427772665417561,1.0,1.0,0.15878048780487802
empirical_share,Empirical Papers,-0.00592166031811681,1.0,1.0,-0.2509523809523809
empirical_share,Empirical Papers,-0.00946459412747292,1.0,1.0,-0.17521739130434782
empirical_share,Empirical Papers,-0.011503832398313318,1.0,1.0,-0.1262962962962963
empirical_share,Empirical Papers,-0.012858745522561733,1.0,1.0,0.31
empirical_share,Empirical Papers,-0.00908954858087164,1.0,1.0,0.17521739130434782
empirical_share,Empirical Papers,-0.00852974126146102,1.0,1.0,-0.15102564102564103
empirical_share,Empirical Papers,-0.007907469069418553,1.0,1.0,-0.2948780487804878
empirical_share,Empirical Papers,-0.011826448789444258,1.0,1.0,0.24800000000000005
empirical_share,Empirical Papers,-0.011157692950848232,1.0,1.0,0.05740740740740741
empirical_share,Empirical Papers,-0.012385413761363252,1.0,1.0,-0.248
empirical_share,Empirical Papers,-0.009070428908884876,1.0,1.0,0.20217391304347826
empirical_share,Empirical Papers,-0.010047317596120325,1.0,1.0,0.2066666666666666
empirical_share,Empirical Papers,0.007539012599214131,0.0,0.0,-0.07750000000000001
empirical_share,Empirical Papers,0.008689617562632604,0.0,0.0,0.15499999999999997
empirical_share,Empirical Papers,0.008288329047562016,0.0,0.0,-0.155
empirical_share,Empirical Papers,0.010209513614865506,0.0,0.0,-0.17714285714285716
empirical_share,Empirical Papers,0.007715206685310918,0.0,0.0,0.051666666666666694
empirical_share,Empirical Papers,0.011846360960351581,0.0,0.0,0.31
empirical_share,Empirical Papers,0.010943882327153197,0.0,0.0,-0.25363636363636366
empirical_share,Empirical Papers,0.011127988552429776,0.0,0.0,-0.11272727272727273
empirical_share,Empirical Papers,0.011485052159305504,0.0,0.0,0.14090909090909093
empirical_share,Empirical Papers,0.010929774651273498,0.0,0.0,-0.2818181818181818
empirical_share,Empirical Papers,0.008547975464075756,0.0,0.0,0.07750000000000001
empirical_share,Empirical Papers,0.008867904476196524,0.0,0.0,0.25833333333333336
empirical_share,Empirical Papers,0.011187585109381852,0.0,0.0,-0.08454545454545453
empirical_share,Empirical Papers,0.008468844259552149,0.0,0.0,0.02583333333333332
empirical_share,Empirical Papers,0.010326649776923907,0.0,0.0,-0.08857142857142858
empirical_share,Empirical Papers,0.010649922098230185,0.0,0.0,0.04428571428571426
empirical_share,Empirical Papers,0.007723252334314257,0.0,0.0,0.07750000000000001
empirical_share,Empirical Papers,0.007076271218336854,0.0,0.0,0.31
empirical_share,Empirical Papers,0.009510408005394077,0.0,0.0,0.014761904761904754
empirical_share,Empirical Papers,0.007133391108388321,0.0,0.0,-0.31
empirical_share,Empirical Papers,0.01075297469678603,0.0,0.0,0.15499999999999997
empirical_share,Empirical Papers,0.009980548110587703,0.0,0.0,-0.31
empirical_share,Empirical Papers,0.009114130108202436,0.0,0.0,-0.22142857142857142
empirical_share,Empirical Papers,0.009470560539998188,0.0,0.0,-0.014761904761904754
empirical_share,Empirical Papers,0.008293069898458263,0.0,0.0,-0.12916666666666665
empirical_share,Empirical Papers,0.007161257913000504,0.0,0.0,-0.2841666666666667
empirical_share,Empirical Papers,0.010507042234421128,0.0,0.0,0.0
empirical_share,Empirical Papers,0.011299173630554153,0.0,0.0,0.028181818181818197
empirical_share,Empirical Papers,0.009271477357142996,0.0,0.0,-0.13285714285714284
empirical_share,Empirical Papers,0.007368425565601865,0.0,0.0,-0.155
empirical_share,Empirical Papers,0.010563173181320532,0.0,0.0,0.02214285714285713
empirical_share,Empirical Papers,0.007839435073607673,0.0,0.0,0.23249999999999998
empirical_share,Empirical Papers,0.009099102504032064,0.0,0.0,-0.2804761904761905
empirical_share,Empirical Papers,0.010285177034253452,0.0,0.0,-0.11071428571428574
empirical_share,Empirical Papers,0.006636960577710026,0.0,0.0,-0.030999999999999972
empirical_share,Empirical Papers,0.010876708884696589,0.0,0.0,0.31
empirical_share,Empirical Papers,0.011316037542995445,0.0,0.0,0.08454545454545453
empirical_share,Empirical Papers,0.007986818316107546,0.0,0.0,0.31
empirical_share,Empirical Papers,0.007766106367567071,0.0,0.0,0.12916666666666665
empirical_share,Empirical Papers,0.007969946593884052,0.0,0.0,0.2841666666666666
empirical_share,Empirical Papers,0.008089298133581228,0.0,0.0,-0.31
empirical_share,Empirical Papers,0.014837463422733082,0.0,0.0,-0.155
empirical_share,Empirical Papers,0.01127593172674213,0.0,0.0,-0.02818181818181814
empirical_share,Empirical Papers,0.009147528733826786,0.0,0.0,-0.1919047619047619
empirical_share,Empirical Papers,0.009104980089277554,0.0,0.0,-0.2509523809523809
empirical_share,Empirical Papers,0.01112389382922267,0.0,0.0,-0.1409090909090909
empirical_share,Empirical Papers,0.008641983453236655,0.0,0.0,0.12916666666666665
empirical_share,Empirical Papers,0.012631261727638596,0.0,0.0,0.27352941176470585
empirical_share,Empirical Papers,0.014428303289476417,0.0,0.0,0.13285714285714284
empirical_share,Empirical Papers,0.008527486356473025,0.0,0.0,0.051666666666666694
empirical_share,Empirical Papers,0.011871602932735719,0.0,0.0,-0.2735294117647059
empirical_share,Empirical Papers,0.014390337051305891,0.0,0.0,0.04428571428571426
empirical_share,Empirical Papers,0.014027098161099618,0.0,0.0,-0.22142857142857142
empirical_share,Empirical Papers,0.009857179210316593,0.0,0.0,0.31
empirical_share,Empirical Papers,0.0100693107232365,0.0,0.0,-0.28785714285714287
empirical_share,Empirical Papers,0.011066270632879958,0.0,0.0,-0.16909090909090907
empirical_share,Empirical Papers,0.015097726416162858,0.0,0.0,0.15499999999999997
empirical_share,Empirical Papers,0.012062686024309988,0.0,0.0,-0.20058823529411765
empirical_share,Empirical Papers,0.01283718938511173,0.0,0.0,-0.31
empirical_share,Empirical Papers,0.012054102425631008,0.0,0.0,-0.23705882352941177
empirical_share,Empirical Papers,0.013652336240901071,0.0,0.0,0.27352941176470585
empirical_share,Empirical Papers,0.008625811451694302,0.0,0.0,0.10333333333333333
empirical_share,Empirical Papers,0.009067437155483403,0.0,0.0,-0.31
empirical_share,Empirical Papers,0.0064229593518484755,0.0,0.0,-0.093
empirical_share,Empirical Papers,0.013381569697306086,0.0,0.0,0.05470588235294116
empirical_share,Empirical Papers,0.011334195351086212,0.0,0.0,0.11272727272727273
empirical_share,Empirical Papers,0.008368661011595144,0.0,0.0,-0.07750000000000001
empirical_share,Empirical Papers,0.0077149494375396265,0.0,0.0,0.02583333333333332
empirical_share,Empirical Papers,0.010475410215964877,0.0,0.0,-0.022142857142857186
empirical_share,Empirical Papers,0.014894251728826444,0.0,0.0,-0.07750000000000001
empirical_share,Empirical Papers,0.008878246757611858,0.0,0.0,0.2841666666666666
empirical_share,Empirical Papers,0.013381569697306086,0.0,0.0,0.09117647058823525
empirical_share,Empirical Papers,0.010976443944319698,0.0,0.0,-0.22545454545454546
empirical_share,Empirical Papers,0.012708797188195403,0.0,0.0,0.31
empirical_share,Empirical Papers,0.015342237386610079,0.0,0.0,0.31
empirical_share,Empirical Papers,0.00812149357160925,0.0,0.0,-0.2841666666666667
empirical_share,Empirical Papers,0.00843250330602688,0.0,0.0,0.0
empirical_share,Empirical Papers,0.012138517065538517,0.0,0.0,-0.0911764705882353
empirical_share,Empirical Papers,0.0072954596681021845,0.0,0.0,-0.18083333333333335
empirical_share,Empirical Papers,0.010102746597331425,0.0,0.0,-0.24357142857142858
empirical_share,Empirical Papers,0.009552527178947088,0.0,0.0,0.04428571428571432
empirical_share,Empirical Papers,0.007766303547898244,0.0,0.0,0.15499999999999997
empirical_share,Empirical Papers,0.015234589420574682,0.0,0.0,0.23249999999999998
empirical_share,Empirical Papers,0.016583481819006804,0.0,0.0,-0.31
empirical_share,Empirical Papers,0.007512899153803268,0.0,0.0,-0.10333333333333333
empirical_share,Empirical Papers,0.011314385169929055,0.0,0.0,0.056363636363636394
empirical_share,Empirical Papers,0.009334032431446938,0.0,0.0,-0.04428571428571426
empirical_share,Empirical Papers,0.009701042835356145,0.0,0.0,0.1623809523809524
empirical_share,Empirical Papers,0.010789461085449753,0.0,0.0,0.22142857142857136
empirical_share,Empirical Papers,0.0067853005417331975,0.0,0.0,0.09300000000000003
empirical_share,Empirical Papers,0.007038569835281715,0.0,0.0,0.27899999999999997
empirical_share,Empirical Papers,0.009623058284296373,0.0,0.0,0.10333333333333333
empirical_share,Empirical Papers,0.006871235571144666,0.0,0.0,0.15499999999999997
empirical_share,Empirical Papers,0.014543005415030773,0.0,0.0,0.22142857142857136
empirical_share,Empirical Papers,0.007261851390722933,0.0,0.0,-0.23249999999999998
empirical_share,Empirical Papers,0.012081309072181733,0.0,0.0,-0.16411764705882353
empirical_share,Empirical Papers,0.007599697745057512,0.0,0.0,-0.02583333333333332
empirical_share,Empirical Papers,0.007224032283675612,0.0,0.0,-0.2583333333333333
empirical_share,Empirical Papers,0.008772446943605065,0.0,0.0,0.23249999999999998
empirical_share,Empirical Papers,0.0097594432749427,0.0,0.0,0.19190476190476197
empirical_share,Empirical Papers,0.008752945877580583,0.0,0.0,0.18083333333333335
empirical_share,Empirical Papers,0.01087222209695654,0.0,0.0,0.28785714285714287
empirical_share,Empirical Papers,0.007946322940093295,0.0,0.0,0.25833333333333336
empirical_share,Empirical Papers,0.010677356773594621,0.0,0.0,0.08857142857142852
empirical_share,Empirical Papers,0.00959287415152489,0.0,0.0,0.07380952380952382
empirical_share,Empirical Papers,0.013222950602440556,0.0,0.0,-0.054705882352941215
empirical_share,Empirical Papers,0.01237506162681813,0.0,0.0,0.09117647058823525
empirical_share,Empirical Papers,0.013314378585724769,0.0,0.0,-0.018235294117647072
empirical_share,Empirical Papers,0.010842958163030738,0.0,0.0,0.2435714285714285
empirical_share,Empirical Papers,0.01229927556249813,0.0,0.0,0.05470588235294116
empirical_share,Empirical Papers,0.013734731061310804,0.0,0.0,0.31
empirical_share,Empirical Papers,0.014104452512074622,0.0,0.0,-0.13285714285714287
empirical_share,Empirical Papers,0.009854299313048428,0.0,0.0,0.2804761904761905
empirical_share,Empirical Papers,0.01612008054872554,0.0,0.0,0.31
empirical_share,Empirical Papers,0.01845597257040051,0.0,0.0,0.0
empirical_share,Empirical Papers,0.011685699835405787,0.0,0.0,0.22545454545454552
empirical_share,Empirical Papers,0.007784568428302224,0.0,0.0,0.18083333333333335
empirical_share,Empirical Papers,0.009235534440879267,0.0,0.0,-0.16238095238095238
empirical_share,Empirical Papers,0.009810718549855026,0.0,0.0,0.250952380952381
empirical_share,Empirical Papers,0.006407519131967637,0.0,0.0,-0.124
empirical_share,Empirical Papers,0.011580495187393854,0.0,0.0,0.16909090909090913
empirical_share,Empirical Papers,0.01018470757379673,0.0,0.0,-0.22142857142857142
empirical_share,Empirical Papers,0.010196058865198572,0.0,0.0,-0.1992857142857143
empirical_share,Empirical Papers,0.007739365148448682,0.0,0.0,0.10333333333333333
empirical_share,Empirical Papers,0.008312954142005672,0.0,0.0,-0.10333333333333333
empirical_share,Empirical Papers,0.011660545010538785,0.0,0.0,0.19727272727272732
empirical_share,Empirical Papers,0.007673993940367266,0.0,0.0,0.0
empirical_share,Empirical Papers,0.010756222906058769,0.0,0.0,0.19928571428571423
empirical_share,Empirical Papers,0.014823393965626841,0.0,0.0,-0.23249999999999998
empirical_share,Empirical Papers,0.007463255906447105,0.0,0.0,-0.12916666666666665
empirical_share,Empirical Papers,0.010212663734411284,0.0,0.0,-0.155
empirical_share,Empirical Papers,0.00963137307693084,0.0,0.0,0.1328571428571429
empirical_share,Empirical Papers,0.011296641254230593,0.0,0.0,0.0
empirical_share,Empirical Papers,0.009324524171996695,0.0,0.0,-0.0738095238095238
empirical_share,Empirical Papers,0.013184161038340858,0.0,0.0,-0.0911764705882353
empirical_share,Empirical Papers,0.013538150253428523,0.0,0.0,0.16411764705882353
empirical_share,Empirical Papers,0.012845243126881845,0.0,0.0,-0.23705882352941177
empirical_share,Empirical Papers,-0.0011816845197920856,0.47375886524822697,0.47375886524822697,-0.27125
empirical_share,Empirical Papers,0.004556199214861274,0.20588235294117646,0.20588235294117646,-0.16692307692307692
empirical_share,Empirical Papers,-0.003918259167350031,0.6619718309859155,0.6619718309859155,-0.11421052631578948
empirical_share,Empirical Papers,0.00281527394755068,0.05660377358490566,0.05660377358490566,-0.12764705882352942
empirical_share,Empirical Papers,-0.007034037664669024,0.6213592233009708,0.6213592233009708,0.31
empirical_share,Empirical Papers,0.00459286708273885,0.25,0.25,-0.14307692307692307
empirical_share,Empirical Papers,-0.00468922054148863,0.6130653266331658,0.6130653266331658,-0.06739130434782609
empirical_share,Empirical Papers,0.00017955230139845844,0.5195154777927322,0.5195154777927322,0.03875000000000001
empirical_share,Empirical Papers,0.010234663693633336,0.3779527559055118,0.3779527559055118,-0.13285714285714287
empirical_share,Empirical Papers,-0.005206080063287077,0.7846153846153846,0.7846153846153846,0.2804761904761905
empirical_share,Empirical Papers,0.0023815449222162562,0.06741573033707865,0.06741573033707865,0.2370588235294117
empirical_share,Empirical Papers,-0.005603647753655527,0.5741935483870968,0.5741935483870968,0.029523809523809563
empirical_share,Empirical Papers,0.008420017305907586,0.20689655172413793,0.20689655172413793,-0.02583333333333332
empirical_share,Empirical Papers,-0.00538387685674176,0.7253886010362695,0.7253886010362695,0.1328571428571429
empirical_share,Empirical Papers,0.0015214663788926809,0.49846153846153846,0.49846153846153846,-0.2735294117647059
empirical_share,Empirical Papers,-0.0017986042249264035,0.32,0.32,-0.10333333333333333
empirical_share,Empirical Papers,-0.007013374931294001,0.8055555555555556,0.8055555555555556,-0.31
empirical_share,Empirical Papers,0.00411288752188523,0.10476190476190476,0.10476190476190476,0.19928571428571423
empirical_share,Empirical Papers,-0.00931041536942563,0.5462962962962963,0.5462962962962963,0.04043478260869565
empirical_share,Empirical Papers,0.003738690890471177,0.45454545454545453,0.45454545454545453,-0.04428571428571432
empirical_share,Empirical Papers,-0.003407750442285885,0.6706586826347305,0.6706586826347305,0.21210526315789474
empirical_share,Empirical Papers,0.0018162689722794046,0.44984802431610943,0.44984802431610943,-0.0911764705882353
empirical_share,Empirical Papers,0.0013544500067084533,0.4166666666666667,0.4166666666666667,0.2841666666666666
empirical_share,Empirical Papers,-0.010985356038110182,0.8661971830985915,0.8661971830985915,0.19518518518518518
empirical_share,Empirical Papers,0.004296845084849353,0.10077519379844961,0.10077519379844961,0.31
empirical_share,Empirical Papers,0.004531027112658436,0.49038461538461536,0.49038461538461536,-0.19076923076923075
empirical_share,Empirical Papers,0.005683289561897809,0.21875,0.21875,0.10333333333333333
empirical_share,Empirical Papers,-0.007388303352091538,0.7359550561797753,0.7359550561797753,0.022682926829268257
recent,Publication Year,-0.007062963897086625,2020.896848137536,0.854539756446996,0.08317073170731709
recent,Publication Year,-0.004380175238501735,2019.7540983606557,0.8009733606557348,0.18869565217391304
recent,Publication Year,-0.007295237695602062,2020.1572052401746,0.8198689956331819,-0.022682926829268313
recent,Publication Year,-0.007944186926817141,2021.1298701298701,0.8654626623376624,-0.20414634146341465
recent,Publication Year,-0.009719173074735884,2022.2117647058824,0.9161764705882366,0.014090909090909098
recent,Publication Year,-0.009721339040390676,2021.111111111111,0.8645833333333317,0.0
recent,Publication Year,-0.007750277952330622,2020.5406698564593,0.8378438995215299,-0.15878048780487805
recent,Publication Year,-0.009360058365967837,2022.1824324324325,0.9148015202702734,0.14090909090909093
recent,Publication Year,-0.011595995950886439,2023.2631578947369,0.965460526315791,-0.054705882352941215
recent,Publication Year,-0.009634156957071347,2021.75,0.8945312499999997,0.08454545454545453
recent,Publication Year,-0.009406911672670881,2022.368932038835,0.923543689320393,0.12681818181818183
recent,Publication Year,-0.009734039252125333,2022.3658536585365,0.9233993902438973,-0.014090909090909098
recent,Publication Year,-0.010068303716721993,2021.0,0.8593749999999994,-0.09863636363636363
recent,Publication Year,-0.00920763788874521,2021.7534246575342,0.8946917808219151,0.18318181818181822
recent,Publication Year,0.00408631524416353,2010.2222222222222,0.354166666666662,-0.011624999999999996
recent,Publication Year,0.003047247027442253,2015.6190476190477,0.6071428571428598,-0.275125
recent,Publication Year,-0.014183463815473106,2019.8367346938776,0.8048469387755113,-0.1612
recent,Publication Year,-0.009291415733682834,2023.8433179723502,0.9926555299539146,0.15500000000000003
recent,Publication Year,-0.007539905070039566,2020.7142857142858,0.8459821428571453,-0.09829268292682927
recent,Publication Year,0.0023612278518147004,2016.3333333333333,0.6406249999999951,0.20471698113207554
recent,Publication Year,-0.007992418190882903,2020.3428571428572,0.8285714285714286,-0.21926829268292683
recent,Publication Year,-0.00846708311978099,2021.2295081967213,0.8701331967213117,0.29590909090909095
recent,Publication Year,-0.0013201224140276162,2018.0,0.718749999999999,-0.2735294117647059
recent,Publication Year,-0.009105962575612813,2022.888888888889,0.9479166666666676,0.23954545454545456
recent,Publication Year,-0.008741599795966599,2020.3559322033898,0.8291843220338956,0.2536363636363637
recent,Publication Year,0.0036824299175323818,2008.8461538461538,0.2896634615384574,-0.135625
recent,Publication Year,0.00243733730818688,2015.4583333333333,0.599609374999995,0.2339622641509434
recent,Publication Year,-0.004148782845629281,2019.6440677966102,0.7958156779661031,0.24260869565217386
recent,Publication Year,-0.009658571135158544,2023.5537190082644,0.9790805785123914,0.042272727272727295
recent,Publication Year,-0.0030816611003270868,2019.0727272727272,0.769034090909087,-0.13285714285714284
recent,Publication Year,0.0002499073541693288,2018.6896551724137,0.7510775862068924,0.1519607843137255
recent,Publication Year,-0.0031256349530330413,2019.6216216216217,0.794763513513515,-0.14269841269841269
recent,Publication Year,-0.0011522897090292577,2018.6666666666667,0.7500000000000027,-0.2492156862745098
recent,Publication Year,-0.016191120377681962,2019.888888888889,0.8072916666666672,-0.155
recent,Publication Year,0.0012354732075443298,2018.8125,0.7568359374999991,-0.13452830188679243
recent,Publication Year,0.010003312749996688,2006.5833333333333,0.18359374999999353,-0.20666666666666667
recent,Publication Year,0.004908385211252511,2014.5555555555557,0.5572916666666698,0.2635
recent,Publication Year,-0.00406983048865259,2019.65625,0.7963867187499992,0.2695652173913044
recent,Publication Year,-0.009480383922094186,2023.5,0.9765624999999999,0.11272727272727273
recent,Publication Year,-0.005041854101169817,2020.469387755102,0.8345025510204026,-0.013478260869565217
recent,Publication Year,-0.00613015288024238,2023.0,0.9531249999999998,0.2797560975609756
recent,Publication Year,-0.006117194956398692,2019.861111111111,0.8059895833333315,0.2948780487804878
recent,Publication Year,-0.00546569910942112,2020.225806451613,0.8230846774193552,-0.13478260869565217
recent,Publication Year,-0.0065159238734152775,2023.0,0.9531249999999998,0.20414634146341465
recent,Publication Year,-0.005034909916438994,2020.3684210526317,0.8297697368421092,0.013478260869565217
recent,Publication Year,0.016689999737812496,2005.6666666666667,0.1406250000000005,-0.31
recent,Publication Year,0.00011351156605292638,2016.0,0.6249999999999987,0.11549019607843142
recent,Publication Year,-0.0062261169517878944,2020.0,0.8124999999999993,0.26463414634146337
recent,Publication Year,-0.00722822215180679,2023.44,0.9737500000000024,0.037804878048780466
recent,Publication Year,0.004255081437791049,2008.5777777777778,0.277083333333331,0.046499999999999986
recent,Publication Year,0.011219741618721017,2006.7142857142858,0.18973214285714302,0.051666666666666694
recent,Publication Year,0.004910996881711928,2008.9,0.29218750000000177,0.267375
recent,Publication Year,0.01590179918876327,2006.923076923077,0.19951923076922712,0.15499999999999997
recent,Publication Year,0.004472921703111132,2011.3333333333333,0.40624999999999434,0.135625
recent,Publication Year,0.00915646901843931,2007.25,0.2148437499999972,0.2411111111111111
recent,Publication Year,0.0031620952147838493,2015.2567567567567,0.5901604729729669,-0.25575
recent,Publication Year,0.0038939721418015313,2014.5,0.5546874999999984,-0.06975
recent,Publication Year,0.003043840217590845,2015.4444444444443,0.5989583333333272,-0.279
recent,Publication Year,0.0012114222594051675,2015.2142857142858,0.5881696428571445,-0.14037735849056604
recent,Publication Year,-0.00021813646886584994,2015.75,0.6132812499999987,-0.07901960784313725
recent,Publication Year,0.004518576992312459,2014.0,0.5312499999999983,0.151125
recent,Publication Year,0.0017064257397547949,2015.88,0.6193750000000038,0.011698113207547156
recent,Publication Year,-0.0030274512920786187,2019.7345679012346,0.8000578703703731,-0.08365079365079364
recent,Publication Year,-0.002402789248614747,2019.5714285714287,0.7924107142857181,0.17222222222222222
recent,Publication Year,-0.0034765796512671804,2019.5384615384614,0.7908653846153789,-0.2509523809523809
recent,Publication Year,-0.003989253851654182,2019.55,0.7914062499999971,0.28304347826086956
recent,Publication Year,-0.012932819468846665,2020.2777777777778,0.825520833333335,0.23559999999999998
recent,Publication Year,-0.011565092661037344,2020.0,0.8124999999999993,-0.036470588235294144
recent,Publication Year,-0.010612076397610862,2019.8333333333333,0.8046874999999958,0.31
recent,Publication Year,-0.01166359266100294,2023.6786570743404,0.9849370503597079,-0.12764705882352942
recent,Publication Year,0.00830186293881161,2024.0,1.0,0.011481481481481481
recent,Publication Year,-0.009673554520848924,2023.5128205128206,0.9771634615384633,0.028181818181818197
recent,Publication Year,-0.009591938783289152,2023.8866666666668,0.9946875000000048,0.09863636363636363
recent,Publication Year,-0.012029350708923919,2023.7666666666667,0.9890624999999993,-0.16411764705882353
recent,Publication Year,-0.010073855886643055,2023.047619047619,0.9553571428571422,-0.11272727272727273
recent,Publication Year,-0.01012501354028886,2023.5666666666666,0.979687499999997,-0.1268181818181818
recent,Publication Year,0.0016443863874200104,2017.5741556534508,0.6987885462555059,-0.035094339622641524
recent,Publication Year,0.0013004416586355583,2017.1046511627908,0.6767805232558171,-0.12283018867924528
recent,Publication Year,0.0014878037581661965,2016.8695652173913,0.6657608695652139,-0.09358490566037736
recent,Publication Year,0.0003833127117048095,2018.324,0.7339375000000022,0.18843137254901965
recent,Publication Year,0.0010340729186202316,2017.94,0.7159375000000016,-0.18132075471698111
recent,Publication Year,0.002699138804828761,2015.3703703703704,0.5954861111111128,0.28075471698113214
recent,Publication Year,0.0010245729320332451,2016.7865853658536,0.6618711890243875,-0.18716981132075472
recent,Publication Year,0.0013964637826795012,2018.6788079470198,0.7505691225165512,-0.09943396226415094
recent,Publication Year,0.0015635227167826496,2018.8235294117646,0.7573529411764666,-0.058490566037735836
recent,Publication Year,0.0027167086543138765,2017.5833333333333,0.6992187499999953,0.2866037735849057
recent,Publication Year,-0.011640420240012517,2020.6761904761904,0.8441964285714251,-0.10941176470588238
recent,Publication Year,0.000946393176514797,2018.212765957447,0.728723404255322,-0.21641509433962264
recent,Publication Year,0.0056629861747842,2014.875,0.5722656249999984,0.0303921568627451
recent,Publication Year,0.0018619953228598538,2016.741935483871,0.6597782258064507,0.07018867924528305
recent,Publication Year,0.005406207645050243,2008.4857142857143,0.2727678571428536,-0.07901960784313725
recent,Publication Year,0.004515589332752341,2015.0149253731342,0.5788246268656664,0.14725
recent,Publication Year,-0.013919479998796001,2019.8275862068965,0.8044181034482734,-0.062
recent,Publication Year,-0.010369331200137593,2023.1238938053098,0.958932522123895,-0.25363636363636366
recent,Publication Year,0.001652005791117255,2017.480349344978,0.6943913755458471,-0.029245283018867918
recent,Publication Year,0.0006801521573187299,2015.6666666666667,0.6093750000000022,-0.28660377358490563
recent,Publication Year,0.0018882647975683366,2017.7722772277227,0.7080754950495017,0.0818867924528302
recent,Publication Year,-0.002265471664577229,2016.936170212766,0.6688829787234051,0.22142857142857147
recent,Publication Year,0.0034637857164080926,2013.25,0.4960937499999982,-0.2015
recent,Publication Year,-0.010934534321481748,2022.0,0.9062499999999997,0.2188235294117647
recent,Publication Year,0.002133908726829923,2017.826923076923,0.710637019230769,0.1520754716981132
recent,Publication Year,0.004345218206731361,2008.8846153846155,0.29146634615384776,0.07750000000000001
recent,Publication Year,0.0030927539742088023,2015.1142857142856,0.5834821428571381,-0.27125
recent,Publication Year,-0.0021473305145380565,2019.3777777777777,0.7833333333333307,0.2411111111111111
recent,Publication Year,-0.00832966502239818,2022.5581395348838,0.9324127906976789,-0.2948780487804878
recent,Publication Year,0.0012562182653016436,2016.2242990654206,0.6355140186915897,-0.12867924528301886
recent,Publication Year,0.00044837633363594575,2016.2424242424242,0.6363636363636354,0.22490196078431374
recent,Publication Year,0.00044674591076589127,2015.7142857142858,0.6116071428571446,0.21274509803921576
recent,Publication Year,-0.0009959981114552757,2017.46875,0.6938476562499989,-0.22490196078431374
recent,Publication Year,-0.01147094839993682,2021.0,0.8593749999999994,0.018235294117647072
recent,Publication Year,0.0015053135998583098,2016.28125,0.6381835937499987,-0.08188679245283018
recent,Publication Year,0.004202219849603664,2008.75,0.28515624999999745,0.02712500000000001
recent,Publication Year,0.002468212700903958,2015.4705882352941,0.6001838235294116,0.2456603773584906
recent,Publication Year,-0.002898750270432362,2019.5142857142857,0.789732142857143,-0.06396825396825395
recent,Publication Year,-0.007266147995662264,2022.642857142857,0.9363839285714268,0.022682926829268257
recent,Publication Year,0.0020723150955481236,2014.1,0.5359374999999941,0.14037735849056604
recent,Publication Year,0.004130936088892324,2012.3333333333333,0.4531249999999945,0.007749999999999979
recent,Publication Year,0.002407817489139235,2013.6153846153845,0.513221153846148,0.2222641509433962
recent,Publication Year,0.0027576445207957026,2014.2307692307693,0.5420673076923085,0.29245283018867924
recent,Publication Year,0.0017247213420450926,2015.076923076923,0.5817307692307686,0.029245283018867918
recent,Publication Year,0.0046560016706791415,2006.6666666666667,0.18750000000000067,0.197625
recent,Publication Year,0.0016983156775572828,2014.875,0.5722656249999984,0.0
recent,Publication Year,-0.00567498020354972,2020.2,0.8218750000000015,-0.18869565217391304
recent,Publication Year,0.0045499980897725735,2008.64,0.28000000000000214,0.16275
recent,Publication Year,0.00387649879863247,2008.9285714285713,0.29352678571427865,-0.081375
recent,Publication Year,0.004605719273010591,2008.6206896551723,0.2790948275862003,0.17825000000000002
recent,Publication Year,0.007383995871832644,2008.8823529411766,0.2913602941176496,-0.2411111111111111
recent,Publication Year,0.0052353219309278385,2010.6923076923076,0.3762019230769176,-0.20058823529411762
recent,Publication Year,0.00578004698346781,2008.375,0.2675781249999974,0.054705882352941215
recent,Publication Year,0.007555680779628557,2006.8333333333333,0.1953124999999936,-0.17222222222222222
recent,Publication Year,0.003481096151952433,2015.0842105263157,0.582072368421047,-0.19375
recent,Publication Year,0.005060788128842301,2014.6538461538462,0.5618990384615385,-0.28568627450980394
recent,Publication Year,0.0034639535329428696,2015.2413793103449,0.5894396551724149,-0.197625
recent,Publication Year,0.0019192751594519454,2014.9056603773586,0.5737028301886815,0.08773584905660375
recent,Publication Year,0.004922877853541241,2015.03125,0.5795898437499986,0.27899999999999997
recent,Publication Year,0.0024047870892396515,2015.2222222222222,0.5885416666666629,0.21641509433962264
recent,Publication Year,0.0035869364200268325,2015.2666666666667,0.5906249999999978,-0.16275
recent,Publication Year,-0.002316650268366168,2019.6027397260275,0.793878424657538,0.19190476190476197
recent,Publication Year,-0.002711568006710092,2019.391304347826,0.7839673913043433,0.034444444444444444
recent,Publication Year,-0.0037915549870298146,2019.64,0.7956250000000039,-0.31
recent,Publication Year,-0.004435344969512156,2019.6125,0.7943359374999971,0.1617391304347826
recent,Publication Year,-0.015571034632060462,2019.8275862068965,0.8044181034482734,0.31
recent,Publication Year,-0.00346054519872881,2019.0,0.7656249999999991,-0.23126984126984126
recent,Publication Year,-0.003475237045033837,2019.54,0.7909374999999975,-0.2411111111111111
recent,Publication Year,-0.010814131756621805,2022.9360465116279,0.9501271802325559,0.25529411764705884
recent,Publication Year,-0.011174633964450594,2022.5652173913043,0.9327445652173869,0.1276470588235294
recent,Publication Year,-0.00845979904958322,2022.590909090909,0.9339488636363595,0.31
recent,Publication Year,-0.009911017912120942,2023.132530120482,0.9593373493975931,-0.05636363636363634
recent,Publication Year,-0.011061713981457114,2023.0384615384614,0.9549278846153796,0.18235294117647055
recent,Publication Year,-0.013533219094728549,2022.5,0.9296874999999998,0.062
recent,Publication Year,-0.01113107942878907,2022.6666666666667,0.9375000000000033,0.14588235294117646
recent,Publication Year,0.001547345278362052,2015.6652236652237,0.6093073593073605,-0.07018867924528302
recent,Publication Year,0.005638617136499769,2014.1626016260163,0.5388719512195143,0.006078431372549042
recent,Publication Year,0.0044116558823486555,2014.308176100629,0.5456957547169826,0.10075
recent,Publication Year,-0.0017866195265111612,2016.0240384615386,0.626126802884619,0.2804761904761905
recent,Publication Year,0.0006907137615151341,2017.2644628099174,0.6842716942148772,-0.2807547169811321
recent,Publication Year,0.0025784987854961324,2015.5,0.6015624999999986,0.2573584905660377
recent,Publication Year,0.003975854851262511,2015.095238095238,0.5825892857142833,-0.046499999999999986
recent,Publication Year,0.0011412510608955417,2016.8952879581152,0.666966623036649,-0.16377358490566038
recent,Publication Year,0.0006632759284201394,2016.2363636363636,0.6360795454545447,-0.29245283018867924
recent,Publication Year,0.005145719483462617,2014.8,0.5687499999999963,-0.2492156862745098
recent,Publication Year,-0.00048578345606376216,2018.5411764705882,0.7441176470588209,-0.17627450980392156
recent,Publication Year,0.0006908893334655079,2017.2966101694915,0.6857786016949123,-0.2749056603773585
recent,Publication Year,-7.356376335835332e-05,2015.857142857143,0.6183035714285716,0.0303921568627451
recent,Publication Year,0.001593354908000728,2016.1666666666667,0.6328125000000022,-0.05264150943396223
recent,Publication Year,0.0049593568575783615,2009.3846153846155,0.3149038461538478,0.29062499999999997
recent,Publication Year,0.004462625908660495,2015.1986754966888,0.5874379139072857,0.13174999999999998
recent,Publication Year,-0.005672105685749622,2019.676923076923,0.7973557692307651,-0.17521739130434782
recent,Publication Year,-0.013679986345729324,2022.7142857142858,0.9397321428571457,-0.012400000000000022
recent,Publication Year,0.003429664660116491,2014.8306878306878,0.5701884920634888,-0.213125
recent,Publication Year,0.003855792874883383,2011.4615384615386,0.4122596153846182,-0.093
recent,Publication Year,0.004331325251235703,2014.2298850574712,0.5420258620689592,0.06974999999999998
recent,Publication Year,-0.0033486657272576957,2015.8196721311476,0.6165471311475437,-0.21158730158730157
recent,Publication Year,0.004663928574234731,2014.0,0.5312499999999983,0.20149999999999996
recent,Publication Year,-0.0009628711604585422,2018.4,0.7375000000000034,-0.21274509803921568
recent,Publication Year,0.003918671015688265,2013.4893617021276,0.5073138297872273,-0.06587499999999999
recent,Publication Year,0.00437109049759473,2008.9583333333333,0.29492187499999395,0.08912500000000001
recent,Publication Year,0.0029011328439665237,2014.9397590361446,0.5753012048192743,-0.306125
recent,Publication Year,-0.003139319547693201,2019.1923076923076,0.774639423076919,-0.15253968253968253
recent,Publication Year,-0.007626801523854082,2022.5,0.9296874999999998,-0.14365853658536587
recent,Publication Year,0.0044486909606038395,2013.3225806451612,0.4994959677419306,0.12787500000000002
recent,Publication Year,0.005258547355104072,2013.0833333333333,0.4882812499999946,-0.1884313725490196
recent,Publication Year,0.003974196863901751,2014.2307692307693,0.5420673076923085,-0.050375
recent,Publication Year,0.004989407449381763,2012.8541666666667,0.4775390625000017,0.29450000000000004
recent,Publication Year,0.004670294262955164,2011.25,0.4023437499999979,0.20537500000000003
recent,Publication Year,0.004367304495940888,2014.5185185185185,0.555555555555552,0.08524999999999999
recent,Publication Year,0.008526527205025383,2007.235294117647,0.2141544117647037,0.10333333333333333
recent,Publication Year,0.004893450462578434,2014.764705882353,0.5670955882352919,0.25575
recent,Publication Year,-0.0032509943494972013,2019.4347826086957,0.7860054347826121,-0.18206349206349207
recent,Publication Year,-0.007278009334382537,2022.0,0.9062499999999997,-0.007560975609756104
recent,Publication Year,0.0017036779277158525,2011.5384615384614,0.41586538461537764,0.005849056603773606
recent,Publication Year,0.038879539444107616,2008.0,0.24999999999999734,0.0
recent,Publication Year,0.0021918737049189023,2012.142857142857,0.44419642857142505,0.1579245283018868
recent,Publication Year,0.001863407311399521,2011.7777777777778,0.42708333333333365,0.0760377358490566
recent,Publication Year,-0.003055761688085256,2015.2857142857142,0.5915178571428527,-0.11317460317460315
recent,Publication Year,0.007386905754599713,2007.1666666666667,0.21093750000000075,-0.21814814814814815
recent,Publication Year,-0.003055761688085256,2015.2857142857142,0.5915178571428527,-0.10333333333333333
recent,Publication Year,0.004832010918208772,2008.6575342465753,0.28082191780821575,0.251875
recent,Publication Year,0.01852199172424825,2007.923076923077,0.24639423076922728,-0.31
recent,Publication Year,0.004958036312590145,2009.1190476190477,0.3024553571428587,0.28675
recent,Publication Year,0.009598760999619487,2008.891304347826,0.2917798913043416,-0.31
recent,Publication Year,0.004205788351031927,2010.6,0.3718749999999935,0.030999999999999972
recent,Publication Year,0.015550011460102976,2002.6666666666667,0.0,0.0
recent,Publication Year,0.006345741172575945,2008.1568627450981,0.2573529411764719,0.18843137254901965
recent,Publication Year,0.004168031566339815,2015.0598591549297,0.5809308978873261,0.019374999999999976
recent,Publication Year,0.005924785493027549,2014.7551020408164,0.5666454081632664,0.10333333333333333
recent,Publication Year,0.003171899183129185,2014.7926829268292,0.5684070121951186,-0.248
recent,Publication Year,0.0008577953147297402,2015.0294117647059,0.5795036764705855,-0.2281132075471698
recent,Publication Year,0.002542214098352638,2015.3508771929824,0.5945723684210463,0.25150943396226416
recent,Publication Year,0.003348634558653977,2015.076923076923,0.5817307692307686,-0.23249999999999998
recent,Publication Year,0.0040057892972458825,2015.0735294117646,0.581571691176466,-0.030999999999999972
recent,Publication Year,-0.0025338121027553458,2019.5291262135922,0.7904277912621352,0.10333333333333333
recent,Publication Year,-0.012660503448123792,2019.967741935484,0.8109879032258072,-0.2917647058823529
recent,Publication Year,-0.002894193601265083,2019.2121212121212,0.7755681818181827,-0.054126984126984135
recent,Publication Year,-0.0044281400425859405,2019.4583333333333,0.7871093749999957,0.17521739130434782
recent,Publication Year,-0.0032161441023965897,2019.7179487179487,0.799278846153846,-0.17222222222222222
recent,Publication Year,-0.002816504820550444,2019.25,0.7773437499999992,-0.004920634920634881
recent,Publication Year,-0.0029415390030798614,2019.5272727272727,0.7903409090909072,-0.0738095238095238
recent,Publication Year,-0.014015798768513232,2022.6666666666667,0.9375000000000033,-0.08680000000000002
recent,Publication Year,-0.012205883406528208,2022.75,0.9414062499999998,-0.20058823529411765
recent,Publication Year,-0.009771017957663719,2022.5,0.9296874999999998,-0.02818181818181814
recent,Publication Year,-0.011101931623857832,2022.7727272727273,0.9424715909090897,0.16411764705882353
recent,Publication Year,-0.012711060148891049,2022.6,0.9343749999999955,-0.31
recent,Publication Year,-0.012895603143248056,2022.75,0.9414062499999998,0.28519999999999995
recent,Publication Year,-0.012311012412461486,2022.5333333333333,0.9312499999999984,-0.23705882352941177
recent,Publication Year,0.005848704184617338,2010.609649122807,0.37232730263157654,0.0911764705882353
recent,Publication Year,0.0043428395603157845,2009.7037037037037,0.32986111111110833,0.073625
recent,Publication Year,0.006448869695233013,2008.9810126582279,0.2959849683544295,0.23705882352941182
recent,Publication Year,0.008479755524474572,2011.551724137931,0.4164870689655104,0.08037037037037037
recent,Publication Year,0.004812894637890682,2012.1951219512196,0.44664634146341503,0.23249999999999998
recent,Publication Year,0.005360318984843652,2013.3333333333333,0.49999999999999467,-0.1276470588235294
recent,Publication Year,0.005189467905673441,2009.777142857143,0.333303571428574,-0.21274509803921568
recent,Publication Year,0.003856764880762882,2011.2813852813854,0.4038149350649377,-0.08912500000000001
recent,Publication Year,0.004257241482085115,2011.0217391304348,0.3916440217391269,0.050375
recent,Publication Year,0.007670937278627741,2009.2763157894738,0.30982730263157987,-0.14925925925925926
recent,Publication Year,0.004166457202648037,2014.1951219512196,0.5403963414634153,0.015500000000000014
recent,Publication Year,0.004812894637890682,2012.0129032258064,0.43810483870967487,0.23637499999999995
recent,Publication Year,0.005786175340480223,2013.1818181818182,0.4928977272727284,0.06686274509803924
recent,Publication Year,0.004783089043553487,2010.5384615384614,0.3689903846153775,0.22474999999999995
recent,Publication Year,0.007515496756318195,2007.164705882353,0.21084558823529495,-0.19518518518518518
recent,Publication Year,0.005590280437062023,2014.8620689655172,0.5716594827586177,-0.0303921568627451
recent,Publication Year,-0.004121126218426491,2019.2745098039215,0.7784926470588217,0.25608695652173913
recent,Publication Year,-0.013578549779432953,2022.4545454545455,0.9275568181818199,0.012399999999999967
recent,Publication Year,0.003999803679465299,2009.5242718446602,0.3214502427184461,-0.03487499999999999
recent,Publication Year,0.005313004832755813,2009.388888888889,0.3151041666666654,-0.16411764705882353
recent,Publication Year,0.0034373623981712193,2008.86,0.2903124999999928,-0.20925
recent,Publication Year,0.004320404118626084,2013.3181818181818,0.49928977272726804,0.06587500000000002
recent,Publication Year,0.0160183681640181,2007.9583333333333,0.24804687499999378,0.31
recent,Publication Year,0.003835032581734847,2006.7571428571428,0.1917410714285637,-0.112375
recent,Publication Year,0.004484736742987871,2014.3461538461538,0.5474759615384583,0.14337499999999997
recent,Publication Year,-0.003421757202909749,2019.2857142857142,0.7790178571428533,-0.22142857142857142
recent,Publication Year,0.004477297258700394,2008.3295454545455,0.2654474431818175,0.1395
recent,Publication Year,0.005751296985903999,2008.1702127659576,0.2579787234042579,0.04254901960784313
recent,Publication Year,0.0049557983579101295,2008.607142857143,0.2784598214285704,0.28287500000000004
recent,Publication Year,0.01231702134171468,2008.3589743589744,0.26682692307692074,0.10333333333333333
recent,Publication Year,0.0034869585941735234,2008.2857142857142,0.2633928571428515,-0.18987500000000002
recent,Publication Year,0.004111455543201359,2006.736111111111,0.19075520833332926,0.0038750000000000173
recent,Publication Year,0.0035980177016719512,2014.3846153846155,0.5492788461538487,-0.155
recent,Publication Year,-0.002451746773470971,2019.5,0.7890624999999992,0.12301587301587302
recent,Publication Year,0.0031470365038000566,2008.857142857143,0.29017857142857045,-0.2635
recent,Publication Year,0.02310567371719209,2005.0,0.10937499999999684,-0.31
recent,Publication Year,0.0024530386248285984,2008.3333333333333,0.26562499999999384,0.23981132075471695
recent,Publication Year,0.008921258509478846,2005.75,0.14453124999999695,0.14925925925925926
recent,Publication Year,0.0031157791244461066,2010.0,0.34374999999999767,-0.26737500000000003
recent,Publication Year,0.01734382634640376,2005.2,0.118749999999999,0.15499999999999997
recent,Publication Year,0.004735306533919519,2006.987922705314,0.2025588768115945,0.21312499999999995
recent,Publication Year,0.0053354453862144765,2007.0636363636363,0.206107954545449,-0.13980392156862745
recent,Publication Year,0.0034263465015506116,2007.0,0.20312499999999717,-0.217
recent,Publication Year,0.009359996185861459,2007.530303030303,0.2279829545454505,0.28703703703703703
recent,Publication Year,0.0064329935734462875,2007.5974025974026,0.23112824675324445,0.22490196078431374
recent,Publication Year,0.012260103516713703,2007.6,0.23124999999999302,0.034444444444444444
recent,Publication Year,0.045131550855321265,2005.1960784313726,0.1185661764705874,0.0
recent,Publication Year,0.00560468673062526,2014.7692307692307,0.5673076923076883,-0.006078431372548987
recent,Publication Year,0.00813174396389482,2014.4545454545455,0.5525568181818186,-0.05740740740740741
recent,Publication Year,0.005046623901553911,2014.7142857142858,0.5647321428571443,-0.29784313725490197
recent,Publication Year,0.0026743386391665995,2014.9655172413793,0.5765086206896533,0.2690566037735849
recent,Publication Year,0.006403293158379889,2014.758064516129,0.5667842741935465,0.20058823529411768
recent,Publication Year,0.004796043952743114,2013.6666666666667,0.5156250000000019,0.22862500000000002
recent,Publication Year,0.005131389716854392,2014.8727272727272,0.5721590909090841,-0.2613725490196078
recent,Publication Year,-0.003518344433766826,2019.2857142857142,0.7790178571428533,-0.2706349206349206
recent,Publication Year,-0.0027621023862970163,2019.4285714285713,0.7857142857142804,0.0049206349206349365
recent,Publication Year,0.002792244635335378,2018.7142857142858,0.752232142857145,0.31
recent,Publication Year,-0.005040401405416809,2018.9444444444443,0.7630208333333277,0.0
recent,Publication Year,-0.005432314835902367,2019.6363636363637,0.7954545454545495,-0.10782608695652174
recent,Publication Year,-0.006668205260113854,2019.6666666666667,0.7968750000000029,0.15878048780487802
recent,Publication Year,-0.002724417027345175,2019.5,0.7890624999999992,0.024603174603174627
recent,Publication Year,-0.012466454128842766,2022.4166666666667,0.9257812500000033,-0.2735294117647059
recent,Publication Year,-0.010167063700212683,2022.6666666666667,0.9375000000000033,-0.155
recent,Publication Year,-0.010636815884183437,2022.6666666666667,0.9375000000000033,0.29176470588235287
recent,Publication Year,-0.013502224619861681,2022.5,0.9296874999999998,0.11159999999999998
recent,Publication Year,0.005329990778999416,2013.8657407407406,0.5249565972222162,-0.15196078431372548
recent,Publication Year,0.0024356553693902962,2015.6356164383562,0.6079195205479472,0.22811320754716985
recent,Publication Year,6.213639700881698e-05,2017.55900621118,0.698078416149065,0.06686274509803924
recent,Publication Year,8.717703571038056e-05,2016.5340425531915,0.6500332446808509,0.07901960784313727
recent,Publication Year,0.0011346268367376793,2017.2424242424242,0.6832386363636356,-0.16962264150943396
recent,Publication Year,0.0017846410661303247,2015.753052917232,0.6134243554952499,0.035094339622641524
recent,Publication Year,0.0019289036279553052,2016.5554785020804,0.6510380547850178,0.09943396226415097
recent,Publication Year,0.004094876762193025,2014.945,0.5755468749999955,-0.0038750000000000173
recent,Publication Year,0.005819377914912321,2014.4052631578948,0.5502467105263149,0.07901960784313727
recent,Publication Year,-0.012314879407318218,2019.8592814371257,0.8059038173652653,-0.25529411764705884
recent,Publication Year,0.0004575639541668952,2016.5902004454342,0.6526656458797279,0.23705882352941182
recent,Publication Year,0.0007232775798679538,2015.9803921568628,0.6240808823529407,-0.2632075471698113
recent,Publication Year,0.0030023845444273247,2015.3814713896459,0.5960064713896486,-0.28675
recent,Publication Year,0.01891938349063534,2007.7037037037037,0.236111111111108,0.10333333333333333
recent,Publication Year,0.008378291078609506,2008.2753623188405,0.26290760869564617,0.05740740740740741
recent,Publication Year,0.013770922083901179,2007.72,0.23687499999999856,0.31
recent,Publication Year,0.009642499131204511,2008.6774193548388,0.28175403225806506,-0.2583333333333333
recent,Publication Year,0.004372733019654894,2008.3333333333333,0.26562499999999384,0.09300000000000003
recent,Publication Year,0.03557166666187591,2007.9166666666667,0.2460937500000009,0.0
recent,Publication Year,0.006272122909542565,2006.2222222222222,0.16666666666666133,0.13980392156862748
recent,Publication Year,0.004579547748179227,2015.0625,0.5810546874999986,0.17049999999999998
recent,Publication Year,0.006291021484361016,2014.7288135593221,0.5654131355932235,0.16411764705882353
recent,Publication Year,0.005597906409678138,2015.0,0.5781249999999984,-0.018235294117647072
recent,Publication Year,0.0020612392280001776,2015.0392156862745,0.5799632352941145,0.1345283018867925
recent,Publication Year,0.0047079198004150715,2015.0902777777778,0.5823567708333343,0.20925
recent,Publication Year,0.004251686096848958,2015.0555555555557,0.58072916666667,0.042625000000000024
recent,Publication Year,0.004539421404164269,2015.125,0.5839843749999986,0.15499999999999997
recent,Publication Year,-0.005710130669411732,2019.678233438486,0.7974171924290261,-0.20217391304347826
recent,Publication Year,-0.017810605032878683,2019.8648648648648,0.8061655405405361,0.31
recent,Publication Year,-0.0023681100203166256,2019.3529411764705,0.7821691176470537,0.1820634920634921
recent,Publication Year,-0.004172938810202072,2019.6,0.793749999999995,0.2291304347826087
recent,Publication Year,-0.01693327271841729,2019.8252427184466,0.8043082524271832,-0.31
recent,Publication Year,-0.0028852460217696787,2019.3333333333333,0.7812499999999957,-0.04428571428571426
recent,Publication Year,-0.0019004199625187429,2019.578947368421,0.7927631578947355,0.26079365079365086
recent,Publication Year,-0.014352606412705436,2023.4538461538461,0.9743990384615379,-0.2356
recent,Publication Year,-0.013391809340107884,2023.2571428571428,0.9651785714285664,0.1612
recent,Publication Year,-0.023560931899369548,2023.3823529411766,0.971047794117652,-0.31
recent,Publication Year,-0.014070064153210406,2023.6604938271605,0.9840856481481487,-0.1116
recent,Publication Year,-0.014879316236504885,2023.388349514563,0.9713288834951433,-0.2604
recent,Publication Year,-0.013191226818716475,2022.9166666666667,0.9492187500000033,0.21079999999999993
recent,Publication Year,-0.013410471021864533,2023.367816091954,0.9703663793103415,0.13639999999999997
recent,Publication Year,0.0015493547000007889,2016.6422764227643,0.6551067073170765,-0.06433962264150944
recent,Publication Year,0.004918487782909263,2012.5192307692307,0.46183894230768796,0.27125000000000005
recent,Publication Year,0.002265623627417067,2016.3615160349855,0.6419460641399427,0.18132075471698111
recent,Publication Year,-0.00042154980926862386,2017.4159663865546,0.6913734243697458,-0.15196078431372548
recent,Publication Year,0.002697503973545292,2015.0,0.5781249999999984,0.2749056603773585
recent,Publication Year,-0.012825494760668112,2021.375,0.8769531249999996,0.31
recent,Publication Year,0.0017168828598261915,2016.2252747252746,0.635559752747247,0.017547169811320762
recent,Publication Year,0.015397271090559524,2007.9554140127389,0.24791003184713123,-0.155
recent,Publication Year,0.006644955966370435,2006.8947368421052,0.19819078947367855,0.27352941176470585
recent,Publication Year,0.015028875462533823,2007.9875,0.2494140624999952,-0.31
recent,Publication Year,0.01186649483514893,2009.5853658536585,0.3243140243902379,-0.17222222222222222
recent,Publication Year,0.007292166771322465,2009.3333333333333,0.312499999999994,-0.31
recent,Publication Year,0.005401570740815516,2007.0869565217392,0.20720108695652403,-0.10333333333333333
recent,Publication Year,0.0036613440596042226,2014.9852216748768,0.577432266009849,-0.1395
recent,Publication Year,0.005017772696974449,2014.1304347826087,0.5373641304347833,0.30224999999999996
recent,Publication Year,0.0035841474977087915,2015.010752688172,0.5786290322580626,-0.17049999999999998
recent,Publication Year,-0.0001188400136191924,2015.090909090909,0.5823863636363583,0.006078431372549042
recent,Publication Year,0.003369704828832067,2014.3333333333333,0.5468749999999948,-0.228625
recent,Publication Year,-0.00015852421371303837,2016.0,0.6249999999999987,-0.0303921568627451
recent,Publication Year,0.0033955363549543318,2015.1666666666667,0.5859375000000021,-0.22475
recent,Publication Year,-0.0024476888983792095,2019.4038461538462,0.7845552884615393,0.1328571428571429
recent,Publication Year,0.0007573751618652135,2018.4285714285713,0.7388392857142803,-0.24566037735849056
recent,Publication Year,-0.0028232175303054487,2019.4851485148515,0.7883663366336641,-0.014761904761904754
recent,Publication Year,-0.004710825593839803,2019.3243243243244,0.7808277027027045,0.09434782608695652
recent,Publication Year,-0.007823076039583243,2020.5,0.8359374999999994,-0.17390243902439023
recent,Publication Year,-0.0018930728673142458,2019.75,0.8007812499999993,0.2706349206349206
recent,Publication Year,-0.0035362976117876734,2019.421052631579,0.7853618421052629,-0.2804761904761905
recent,Publication Year,-0.009191701003137565,2023.264705882353,0.9655330882352934,0.21136363636363636
recent,Publication Year,-0.009650874751091686,2022.0,0.9062499999999997,0.07045454545454549
recent,Publication Year,-0.007276170455216761,2023.3188405797102,0.9680706521739174,0.007560975609756104
recent,Publication Year,-0.008148040235935818,2023.2631578947369,0.965460526315791,-0.24951219512195122
recent,Publication Year,-0.010290154982807597,2023.1,0.9578124999999956,-0.19727272727272727
recent,Publication Year,-0.008298377643892017,2023.22,0.9634375000000012,-0.27975609756097564
recent,Publication Year,0.004422980257654242,2014.5879396984924,0.5588096733668293,0.10462500000000002
recent,Publication Year,0.004392879657557224,2013.312101910828,0.49900477707006097,0.09687499999999999
recent,Publication Year,0.002361186124638879,2015.1,0.5828124999999943,0.19886792452830188
recent,Publication Year,0.004827765652833544,2013.9342105263158,0.5281661184210532,0.24412499999999998
recent,Publication Year,-0.00021003517553668774,2017.7333333333333,0.7062499999999997,-0.05470588235294116
recent,Publication Year,0.0022564532472434456,2015.5333333333333,0.6031249999999971,0.16962264150943396
recent,Publication Year,0.007364522853378114,2007.1830985915492,0.21170774647886578,-0.28703703703703703
recent,Publication Year,0.00784912014557416,2006.9117647058824,0.1989889705882362,-0.10333333333333333
recent,Publication Year,-0.005050596214759422,2008.05,0.2523437499999952,-0.026956521739130435
recent,Publication Year,0.011245127613418778,2007.15,0.21015625000000146,0.10333333333333333
recent,Publication Year,0.010238248192734506,2006.7666666666667,0.19218749999999643,-0.10333333333333333
recent,Publication Year,0.0034098637148969363,2014.919191919192,0.5743371212121196,-0.220875
recent,Publication Year,0.004427558454235318,2014.7073170731708,0.5644054878048783,0.11625000000000002
recent,Publication Year,0.0040190893209984275,2014.969696969697,0.5767045454545452,-0.02712500000000001
recent,Publication Year,0.004918559929486402,2014.7435897435898,0.566105769230772,0.275125
recent,Publication Year,0.004251465805730396,2013.6666666666667,0.5156250000000019,0.03875000000000001
recent,Publication Year,0.021493184716342022,2015.28,0.5912499999999973,0.31
recent,Publication Year,-0.0032651429462386126,2019.5434782608695,0.7911005434782573,-0.1919047619047619
recent,Publication Year,-0.005496255783870239,2019.6666666666667,0.7968750000000029,-0.1482608695652174
recent,Publication Year,-0.0027030726469283116,2019.423076923077,0.7854567307692292,0.054126984126984135
recent,Publication Year,-0.005420832878052229,2019.3125,0.7802734374999992,-0.09434782608695652
recent,Publication Year,-0.010163869995869814,2019.8,0.8031249999999972,-0.1409090909090909
recent,Publication Year,-0.005460996273512297,2019.6774193548388,0.7973790322580669,-0.12130434782608696
recent,Publication Year,-0.009208045843031911,2023.246153846154,0.964663461538464,0.16909090909090913
recent,Publication Year,-0.010876804703731037,2023.7222222222222,0.9869791666666643,0.2370588235294117
recent,Publication Year,-0.022492184496542538,2023.3809523809523,0.9709821428571387,0.31
recent,Publication Year,-0.011466055883792419,2023.6190476190477,0.9821428571428611,0.03647058823529409
recent,Publication Year,-0.010526276509232862,2022.5,0.9296874999999998,-0.2959090909090909
recent,Publication Year,-0.008008026571219648,2022.9473684210527,0.9506578947368458,-0.234390243902439
recent,Publication Year,0.0011779838311378602,2016.8202247191011,0.6634480337078644,-0.1520754716981132
recent,Publication Year,0.0038139774983555544,2013.1538461538462,0.49158653846153827,-0.12012500000000001
recent,Publication Year,0.0007017168675193615,2016.9830508474577,0.6710805084745767,-0.2690566037735849
recent,Publication Year,-0.0016278437540808242,2016.5087719298247,0.6488486842105298,-0.31
recent,Publication Year,-0.0065159238734152775,2023.0,0.9531249999999998,0.18902439024390244
recent,Publication Year,0.0005016325833736427,2018.016129032258,0.7195060483870951,0.2613725490196079
recent,Publication Year,0.0038509407263654766,2006.3,0.17031249999999493,-0.10075
recent,Publication Year,0.016971514934180545,2007.142857142857,0.20982142857142425,-0.155
recent,Publication Year,0.02847520693706116,2004.8181818181818,0.10085227272726663,0.0
recent,Publication Year,0.02136144817827425,2005.2307692307693,0.12019230769230703,-0.31
recent,Publication Year,0.023890983747978687,2004.142857142857,0.06919642857142375,0.31
recent,Publication Year,-0.00270837194320844,2015.3333333333333,0.593749999999995,0.04428571428571432
recent,Publication Year,0.00394414535556498,2014.5,0.5546874999999984,-0.05425000000000002
recent,Publication Year,-0.003071678820829377,2015.4,0.5968750000000028,-0.123015873015873
recent,Publication Year,-0.0004408981523615555,2015.2307692307693,0.5889423076923087,-0.16411764705882353
recent,Publication Year,-0.0026159128898194674,2015.3125,0.5927734374999986,0.0836507936507937
recent,Publication Year,-0.0052279935703592574,2020.0454545454545,0.8146306818181792,-0.06739130434782609
recent,Publication Year,-0.0064844121176763974,2020.0,0.8124999999999993,0.23439024390243907
recent,Publication Year,-0.006074991060668481,2020.0714285714287,0.8158482142857182,-0.2965217391304348
recent,Publication Year,-0.005939285981594363,2020.0526315789473,0.8149671052631533,-0.25608695652173913
recent,Publication Year,-0.006543112282402675,2023.3846153846155,0.9711538461538501,0.17390243902439023
recent,Publication Year,-0.007943293300900212,2023.6666666666667,0.9843750000000036,-0.18902439024390244
recent,Publication Year,-0.007539451528195024,2023.4117647058824,0.972426470588239,-0.08317073170731709
recent,Publication Year,-0.004651925553561835,2023.1764705882354,0.9613970588235324,0.12130434782608696
recent,Publication Year,-0.004634524201325394,2023.1,0.9578124999999956,0.1482608695652174
recent,Publication Year,0.003586739397852048,2016.1880597014926,0.6338152985074665,-0.166625
recent,Publication Year,-0.00721232346905775,2021.4080459770114,0.8785021551724088,0.052926829268292674
recent,Publication Year,-0.009867415415967579,2020.95,0.8570312500000016,-0.04227272727272724
recent,Publication Year,-0.007548577653199961,2021.1734104046243,0.8675036127167632,-0.11341463414634145
recent,Publication Year,-0.006045088545599073,2022.1,0.9109374999999954,-0.28304347826086956
recent,Publication Year,-0.01004308700694125,2022.2244897959183,0.9167729591836707,-0.08454545454545453
recent,Publication Year,-0.010346689531739759,2021.142857142857,0.8660714285714266,-0.22545454545454546
recent,Publication Year,-0.00819744349370297,2021.4718309859154,0.8814920774647841,-0.2646341463414634
recent,Publication Year,-0.009188067196924362,2022.4045801526718,0.925214694656489,0.22545454545454552
recent,Publication Year,-0.00713445782701607,2021.1555555555556,0.8666666666666667,0.06804878048780488
recent,Publication Year,-0.007600062702713159,2020.5217391304348,0.8369565217391285,-0.12853658536585366
recent,Publication Year,-0.005810390061689852,2021.3461538461538,0.8756009615384595,-0.2426086956521739
recent,Publication Year,0.004423560479970764,2010.125,0.34960937499999767,0.10849999999999999
recent,Publication Year,0.0064122696454346866,2015.2272727272727,0.5887784090909086,0.21274509803921576
recent,Publication Year,-0.005104958628873678,2019.7777777777778,0.802083333333335,-0.05391304347826087
recent,Publication Year,-0.009658190045294298,2023.6729857819905,0.9846712085308056,0.056363636363636394
recent,Publication Year,0.002613597310151037,2017.7095709570958,0.7051361386138656,0.2632075471698114
recent,Publication Year,0.0023048865217879014,2017.8648648648648,0.7124155405405358,0.19301886792452833
recent,Publication Year,0.0016890061641878038,2017.2291666666667,0.6826171875000024,-0.011698113207547156
recent,Publication Year,0.0013661082827432437,2017.85,0.7117187499999947,-0.11113207547169812
recent,Publication Year,0.001491028880904677,2018.1818181818182,0.7272727272727292,-0.08773584905660375
recent,Publication Year,0.005405732501832528,2013.857142857143,0.5245535714285713,-0.09117647058823528
recent,Publication Year,0.001667412051907211,2017.605504587156,0.7002580275229373,-0.023396226415094312
recent,Publication Year,0.0016961281078980714,2018.3716814159293,0.7361725663716845,-0.005849056603773606
recent,Publication Year,0.0016315271529632376,2018.2276422764228,0.729420731707317,-0.040943396226415074
recent,Publication Year,0.0022147738820657036,2016.6458333333333,0.6552734374999952,0.1637735849056604
recent,Publication Year,0.001980051819734526,2013.5384615384614,0.5096153846153779,0.11113207547169812
recent,Publication Year,-0.019437896827922085,2008.0882352941176,0.2541360294117583,-0.31
recent,Publication Year,0.003615634530752701,2015.2666666666667,0.5906249999999978,-0.151125
recent,Publication Year,-0.0015097117358870242,2019.5855855855855,0.7930743243243185,-0.28568627450980394
recent,Publication Year,-0.010735772663502846,2022.6911764705883,0.9386488970588258,0.27352941176470585
recent,Publication Year,0.00297980085266573,2015.7903225806451,0.6151713709677389,-0.298375
recent,Publication Year,0.001786602719186825,2015.6875,0.6103515624999987,0.04094339622641513
recent,Publication Year,0.0034896678179682813,2015.1916666666666,0.5871093749999957,-0.186
recent,Publication Year,-0.0012827006689938869,2015.6666666666667,0.6093750000000022,-0.2613725490196078
recent,Publication Year,0.000510648329767968,2017.1538461538462,0.679086538461539,0.28568627450980394
recent,Publication Year,0.00010082044258626888,2016.2,0.6343750000000008,0.0911764705882353
recent,Publication Year,0.0038353485032062737,2015.4173228346456,0.5976870078740099,-0.10849999999999999
recent,Publication Year,0.0017916507393392444,2016.344262295082,0.641137295081967,0.04679245283018868
recent,Publication Year,0.0031836642393627576,2015.0869565217392,0.5822010869565254,-0.24025
recent,Publication Year,0.0046086929311464474,2014.96,0.5762500000000002,0.18212499999999998
recent,Publication Year,0.0018586532227223677,2013.6666666666667,0.5156250000000019,0.06433962264150944
recent,Publication Year,0.0042964425620675714,2009.0833333333333,0.30078124999999395,0.062
recent,Publication Year,0.004230757631009188,2015.125786163522,0.5840212264150914,0.03487499999999999
recent,Publication Year,-0.0017256160465493459,2019.471264367816,0.7877155172413765,0.30015873015873024
recent,Publication Year,-0.01351785073716704,2022.5,0.9296874999999998,0.08679999999999999
recent,Publication Year,0.006276262795924078,2010.5039577836412,0.36737302110818026,0.1519607843137255
recent,Publication Year,0.005303638571265355,2010.6511627906978,0.374273255813955,-0.17627450980392156
recent,Publication Year,0.005376392867232298,2009.8,0.3343749999999955,-0.11549019607843136
recent,Publication Year,0.006552022752837249,2008.857142857143,0.29017857142857045,0.2613725490196079
recent,Publication Year,0.003505039908658612,2011.9714285714285,0.43616071428571046,-0.182125
recent,Publication Year,0.0043643789977100824,2009.8267716535433,0.335629921259842,0.08137499999999998
recent,Publication Year,0.00317723538470258,2011.0,0.39062499999999784,-0.24412499999999998
recent,Publication Year,0.003985122067500191,2008.7377049180327,0.2845799180327805,-0.042625000000000024
recent,Publication Year,0.002959225330524275,2008.78125,0.28662109374999745,-0.30225
recent,Publication Year,0.0031678540040209167,2013.0,0.48437499999999817,-0.251875
recent,Publication Year,-0.002285475429297671,2007.385593220339,0.2211996822033847,0.2115873015873016
recent,Publication Year,0.0045483549518366435,2014.8086956521738,0.5691576086956458,0.158875
recent,Publication Year,-0.003506743148086514,2019.0,0.7656249999999991,-0.2607936507936508
recent,Publication Year,0.0037929090553257385,2015.4545454545455,0.5994318181818187,-0.127875
recent,Publication Year,0.0019944495904579583,2016.355871886121,0.6416814946619157,0.11698113207547173
recent,Publication Year,0.000956236942021779,2018.4057971014493,0.7377717391304328,-0.21056603773584906
recent,Publication Year,0.0008454765706647219,2016.2015209125475,0.6344462927756624,-0.23981132075471698
recent,Publication Year,0.0011764900199078244,2017.9259259259259,0.715277777777774,-0.1579245283018868
recent,Publication Year,0.0020741395897008394,2016.1861386138614,0.6337252475247532,0.14622641509433965
recent,Publication Year,0.0009821514703585847,2015.7214285714285,0.6119419642857111,-0.20471698113207548
recent,Publication Year,0.0015432154447009181,2015.7674418604652,0.6140988372093035,-0.0760377358490566
recent,Publication Year,0.0027692702563845307,2015.3071895424837,0.5925245098039212,0.2983018867924528
recent,Publication Year,0.0010025084864139925,2018.3703703703704,0.7361111111111134,-0.1930188679245283
recent,Publication Year,0.0007265587711672541,2016.1912350597609,0.6339641434262888,-0.25150943396226416
recent,Publication Year,0.0019215217857756458,2015.5,0.6015624999999986,0.09358490566037736
recent,Publication Year,0.001964155627548838,2015.7312252964427,0.6124011857707523,0.10528301886792452
recent,Publication Year,0.01965137045377065,2007.965,0.2483593749999935,0.31
recent,Publication Year,0.0050301845796845625,2015.1196172248804,0.5837320574162653,0.31
recent,Publication Year,-0.0022517577137940474,2019.5675675675675,0.7922297297297255,0.23126984126984135
recent,Publication Year,-0.013339610514081411,2023.4685314685314,0.9750874125874097,0.186
recent,Publication Year,0.00204791919013662,2017.0778588807786,0.6755246350364981,0.12867924528301888
recent,Publication Year,0.004293967723206162,2014.6923076923076,0.5637019230769182,0.05812499999999998
recent,Publication Year,0.0022632159553307627,2017.0761245674742,0.6754433391003498,0.17547169811320756
recent,Publication Year,-0.00694810697047938,2021.6666666666667,0.8906250000000032,0.12853658536585366
recent,Publication Year,7.022022068524717e-06,2016.6666666666667,0.6562500000000023,0.04254901960784313
recent,Publication Year,-0.011259151323531799,2020.5,0.8359374999999994,0.09117647058823525
recent,Publication Year,0.0017949891963038574,2016.7021276595744,0.6579122340425508,0.052641509433962286
recent,Publication Year,-0.0056641360143771515,2008.078947368421,0.2537006578947336,-0.1617391304347826
recent,Publication Year,0.003691546251759374,2015.0263157894738,0.5793585526315809,-0.13175
recent,Publication Year,-0.0026260104695552634,2019.5206611570247,0.7900309917355336,0.07380952380952382
recent,Publication Year,-0.0061160360712821955,2023.3,0.9671874999999978,0.31
recent,Publication Year,0.0020107001805892925,2015.8807947019868,0.6194122516556306,0.12283018867924528
recent,Publication Year,0.0016734120803162662,2016.4444444444443,0.6458333333333274,-0.017547169811320762
recent,Publication Year,0.0009928068824444356,2015.6712328767123,0.6095890410958895,-0.19886792452830188
recent,Publication Year,0.004738034764848706,2008.6666666666667,0.281250000000001,0.21700000000000003
recent,Publication Year,-0.011616063160139238,2021.375,0.8769531249999996,-0.07294117647058823
recent,Publication Year,0.0015971659987521333,2015.7575757575758,0.613636363636362,-0.04679245283018868
recent,Publication Year,0.0035596806048998745,2007.0243902439024,0.20426829268292296,-0.174375
recent,Publication Year,0.0036236035772951956,2015.1315789473683,0.5842927631578888,-0.14725
recent,Publication Year,-0.0026757342986717743,2019.578947368421,0.7927631578947355,0.06396825396825401
recent,Publication Year,-0.007523716451402691,2023.264705882353,0.9655330882352934,-0.052926829268292674
recent,Publication Year,0.0013847138536327364,2017.75,0.707031249999999,-0.10528301886792452
recent,Publication Year,0.0029908172527246496,2017.638888888889,0.7018229166666667,-0.290625
recent,Publication Year,0.00011181602298560812,2018.0740740740741,0.722222222222224,0.10333333333333333
recent,Publication Year,0.0006141592922188992,2018.5,0.7421874999999991,-0.3041509433962264
recent,Publication Year,0.007366306061906321,2007.0,0.20312499999999717,-0.26407407407407407
recent,Publication Year,-0.002417546358708853,2015.3846153846155,0.5961538461538488,0.1525396825396826
recent,Publication Year,-0.006085505483038014,2020.0,0.8124999999999993,-0.31
recent,Publication Year,-0.005103654943087313,2023.2941176470588,0.9669117647058804,-0.04043478260869565
recent,Publication Year,0.007709003842568153,2007.8323353293413,0.24214071856286964,-0.1262962962962963
recent,Publication Year,0.005464977030338485,2008.5428571428572,0.27544642857142876,-0.05470588235294116
recent,Publication Year,0.0050242672752356075,2008.4609929078015,0.2716090425531919,0.30612500000000004
recent,Publication Year,0.01864857981805473,2005.2222222222222,0.11979166666666118,-0.10333333333333333
recent,Publication Year,0.009307777779516179,2008.625,0.27929687499999745,0.26407407407407407
recent,Publication Year,0.004445627670873128,2008.75,0.28515624999999745,0.124
recent,Publication Year,0.00593402735995476,2006.5,0.17968749999999709,0.11549019607843142
recent,Publication Year,0.0045924017129172325,2015.0699481865286,0.581403821243525,0.174375
recent,Publication Year,0.005038232535695884,2014.5,0.5546874999999984,-0.31
recent,Publication Year,0.003591802894729821,2015.0392156862745,0.5799632352941145,-0.158875
recent,Publication Year,-0.00171748526260712,2014.9166666666667,0.574218750000002,0.31
recent,Publication Year,0.004903742100918128,2015.1573033707866,0.5854985955056214,0.25962500000000005
recent,Publication Year,0.004612842701935626,2015.0,0.5781249999999984,0.186
recent,Publication Year,0.004430075595380609,2015.2285714285715,0.5888392857142882,0.12012499999999998
recent,Publication Year,-0.001122005817927845,2019.5648148148148,0.7921006944444421,-0.23705882352941177
recent,Publication Year,-0.0028784367952988522,2019.5416666666667,0.7910156250000028,-0.034444444444444444
recent,Publication Year,-0.0025671333771383835,2019.4827586206898,0.788254310344832,0.09349206349206352
recent,Publication Year,-0.0031543364283927715,2019.7272727272727,0.7997159090909094,-0.16238095238095238
recent,Publication Year,-0.005714968867605543,2019.6949152542372,0.7981991525423695,-0.21565217391304348
recent,Publication Year,-0.010522005918361273,2019.8,0.8031249999999972,-0.2818181818181818
recent,Publication Year,-0.0023037312939896814,2019.4732142857142,0.7878069196428533,0.20174603174603173
recent,Publication Year,-0.02732431974760236,2023.3783783783783,0.9708614864864841,0.0
recent,Publication Year,-0.012923490914271852,2023.04,0.9549999999999982,0.2604
recent,Publication Year,-0.007017813212255551,2023.3577235772357,0.9698932926829221,0.09829268292682924
recent,Publication Year,-0.010468820323073724,2023.4615384615386,0.9747596153846202,-0.2677272727272727
recent,Publication Year,-0.015956002762280447,2023.4901960784314,0.9761029411764709,0.0
recent,Publication Year,-0.009204463037197502,2023.0,0.9531249999999998,0.19727272727272732
recent,Publication Year,-0.0159557990035165,2023.4198473282443,0.9728053435114495,0.15499999999999997
recent,Publication Year,0.0007258537131215306,2016.2252824858756,0.6355601165254172,-0.2573584905660377
recent,Publication Year,-0.008494053433631745,2020.3885714285714,0.8307142857142823,0.2818181818181818
recent,Publication Year,-0.004670562417980951,2019.1707317073171,0.7736280487804904,0.10782608695652174
recent,Publication Year,0.0005034129248788662,2017.017857142857,0.6727120535714259,0.27352941176470585
recent,Publication Year,-0.009993107247626996,2020.9850746268658,0.8586753731343316,-0.07045454545454544
recent,Publication Year,-0.011204106321108943,2022.1944444444443,0.9153645833333283,0.10941176470588232
recent,Publication Year,-0.010212062090483753,2021.090909090909,0.8636363636363593,-0.18318181818181817
recent,Publication Year,0.00018605117068630017,2018.5671641791046,0.7453358208955256,0.12764705882352945
recent,Publication Year,-0.010357853651929271,2022.0060606060606,0.9065340909090903,-0.23954545454545453
recent,Publication Year,-0.008544156013183415,2019.9878048780488,0.8119283536585364,0.26772727272727276
recent,Publication Year,-0.00019770407470117823,2018.03125,0.720214843749999,-0.04254901960784313
recent,Publication Year,-0.0019718611592104843,2019.4782608695652,0.7880434782608702,0.250952380952381
recent,Publication Year,0.013048307995378318,2007.7241379310344,0.23706896551723572,0.2411111111111111
recent,Publication Year,0.0027890195173349516,2015.2692307692307,0.5907451923076884,0.30415094339622645
recent,Publication Year,-0.00637715246965533,2019.6666666666667,0.7968750000000029,0.24951219512195116
recent,Publication Year,-0.011629049384102886,2023.6844660194174,0.9852093446601913,-0.0911764705882353
recent,Publication Year,0.0009409150609813269,2017.4656084656085,0.6937003968253979,-0.22226415094339622
recent,Publication Year,-0.00022795893090537655,2016.530612244898,0.6498724489795956,-0.09117647058823528
recent,Publication Year,0.0010409060885475066,2015.575,0.6050781250000007,-0.17547169811320754
recent,Publication Year,-0.00029498714854926813,2018.3652173913044,0.7358695652173948,-0.11549019607843136
recent,Publication Year,0.0005520953957599446,2017.75,0.707031249999999,0.297843137254902
recent,Publication Year,-0.0003725614275235446,2015.9,0.6203125000000029,-0.1276470588235294
recent,Publication Year,0.0023848719346524516,2015.1636363636364,0.5857954545454568,0.2105660377358491
recent,Publication Year,0.0004656658056252458,2018.8624338624338,0.7591765873015843,0.2492156862745098
recent,Publication Year,-0.0007299430088400834,2016.6132075471698,0.6537441037735855,-0.20058823529411762
recent,Publication Year,0.00031531726891754943,2015.8813559322034,0.6194385593220333,0.16411764705882353
recent,Publication Year,0.0006471536681217623,2015.142857142857,0.5848214285714256,-0.29830188679245284
recent,Publication Year,0.00798622412658273,2008.9242424242425,0.29332386363636437,-0.08037037037037037
recent,Publication Year,0.002980634658065529,2014.92,0.5743750000000019,-0.2945
recent,Publication Year,-0.004648135655321528,2019.6203703703704,0.7947048611111135,0.13478260869565217
recent,Publication Year,-0.01019451851314596,2023.0961538461538,0.9576322115384598,-0.16909090909090907
recent,Publication Year,0.0018216070992596455,2015.5639686684074,0.604561031331594,0.058490566037735836
recent,Publication Year,0.004748986453053403,2013.6263736263736,0.513736263736261,0.220875
recent,Publication Year,0.003887833893592829,2011.5897435897436,0.41826923076923145,-0.07750000000000001
recent,Publication Year,-0.002421035645727514,2016.045918367347,0.6271524234693886,0.1426984126984127
recent,Publication Year,0.00023536533105166364,2017.392857142857,0.6902901785714259,0.13980392156862748
recent,Publication Year,0.0017214350889939167,2015.3157894736842,0.5929276315789437,0.023396226415094368
recent,Publication Year,0.004088445241664841,2014.4354838709678,0.5516633064516141,-0.007749999999999979
recent,Publication Year,0.0005565635901357484,2017.4020100502512,0.6907192211055235,0.31
recent,Publication Year,0.003625431258300707,2014.5876288659795,0.558795103092786,-0.143375
recent,Publication Year,0.00409796778631137,2012.7205882352941,0.47127757352941113,0.0
recent,Publication Year,0.006796400949965345,2009.7142857142858,0.3303571428571435,0.28568627450980394
recent,Publication Year,0.008933409733081132,2008.4489795918366,0.27104591836733954,0.19518518518518518
recent,Publication Year,0.004175620872458155,2014.976,0.5770000000000037,0.023249999999999993
recent,Publication Year,-0.0035733442565566613,2019.5714285714287,0.7924107142857181,-0.2903174603174603
recent,Publication Year,-0.011352291849642877,2022.7317073170732,0.9405487804878054,0.05470588235294116
recent,Publication Year,0.004043322894494385,2010.7409836065574,0.37848360655737556,-0.019374999999999976
recent,Publication Year,0.008311302370678982,2009.361344537815,0.31381302521007837,0.034444444444444444
recent,Publication Year,0.006225309654375366,2005.878787878788,0.15056818181818396,0.12764705882352945
recent,Publication Year,0.008170750383782387,2011.7247706422017,0.42459862385320485,-0.034444444444444444
recent,Publication Year,0.004049678768139552,2012.593220338983,0.465307203389825,-0.015500000000000014
recent,Publication Year,0.004654037632803575,2013.6363636363637,0.5142045454545485,0.19375000000000003
recent,Publication Year,0.011438179373219127,2009.6458333333333,0.32714843749999406,0.2066666666666666
recent,Publication Year,0.003461205730275273,2011.6878306878307,0.4228670634920612,-0.205375
recent,Publication Year,0.007121293306476997,2010.6666666666667,0.37500000000000133,0.31
recent,Publication Year,0.0004377712419398526,2008.0714285714287,0.2533482142857162,0.20058823529411768
recent,Publication Year,0.008921258509478846,2005.75,0.14453124999999695,0.17222222222222222
recent,Publication Year,0.009433076340743543,2006.4606741573034,0.17784410112359403,0.31
recent,Publication Year,0.006477555167459288,2014.7125,0.5646484375000027,0.2492156862745098
recent,Publication Year,-0.003914771479018419,2019.5,0.7890624999999992,0.31
recent,Publication Year,-0.013578549779432953,2022.4545454545455,0.9275568181818199,0.03720000000000001
recent,Publication Year,0.005064236909126694,2013.1666666666667,0.4921875000000018,-0.2735294117647059
recent,Publication Year,0.0030343568043850913,2013.2261904761904,0.4949776785714217,-0.282875
recent,Publication Year,-0.0001405894896914164,2017.4796195652175,0.6943571671195687,-0.006078431372548987
recent,Publication Year,-0.0005430541853251517,2016.9565217391305,0.6698369565217407,-0.1884313725490196
recent,Publication Year,-0.00021708867254000583,2016.986111111111,0.6712239583333309,-0.06686274509803919
recent,Publication Year,0.0039902506209852735,2014.8103448275863,0.5692349137931052,-0.03875000000000001
recent,Publication Year,0.0008500578656515672,2017.3423180592993,0.6879211590296517,-0.2339622641509434
recent,Publication Year,0.004830042329996514,2014.3245614035088,0.5464638157894744,0.24800000000000005
recent,Publication Year,0.01178613562615852,2010.6756756756756,0.3754222972972925,-0.2411111111111111
recent,Publication Year,-0.012142087891984085,2019.9902280130293,0.8120419381107482,-0.1823529411764706
recent,Publication Year,-0.0002894101858865669,2017.0959595959596,0.6763731060606044,-0.10333333333333333
recent,Publication Year,3.351785947695959e-05,2016.0975609756097,0.6295731707317018,0.054705882352941215
recent,Publication Year,0.006317517822745794,2014.6052631578948,0.559621710526317,0.17627450980392162
recent,Publication Year,0.017065594739418558,2007.3576158940398,0.219888245033112,0.0
recent,Publication Year,0.0038603426741758923,2014.9942857142858,0.5778571428571431,-0.08524999999999999
recent,Publication Year,-0.005025687612669848,2019.775147928994,0.8019600591715978,0.026956521739130435
recent,Publication Year,-0.014962462593968601,2023.4453441295548,0.9740005060728797,-0.31
recent,Publication Year,-0.0003725831173319426,2016.0948012232416,0.6294438073394475,-0.13980392156862745
recent,Publication Year,0.007105814920610565,2010.3461538461538,0.3599759615384576,0.297843137254902
recent,Publication Year,0.004036814251029577,2012.537037037037,0.4626736111111053,-0.023249999999999993
recent,Publication Year,-0.0028295782829228866,2017.1902654867256,0.6807936946902611,-0.02460317460317457
recent,Publication Year,0.004165386976092357,2014.1666666666667,0.5390625000000019,0.011624999999999996
recent,Publication Year,-0.01132055540712037,2021.6666666666667,0.8906250000000032,0.07294117647058823
recent,Publication Year,0.0032290232396320513,2014.5853658536585,0.5586890243902387,-0.236375
recent,Publication Year,0.012568284215063714,2007.8395061728395,0.2424768518518485,0.17222222222222222
recent,Publication Year,0.0031504847769791415,2014.9325842696628,0.5749648876404427,-0.259625
recent,Publication Year,-0.004898686957886222,2019.2413793103449,0.7769396551724156,0.04043478260869565
recent,Publication Year,-0.00833038607299586,2023.2142857142858,0.9631696428571458,-0.31
recent,Publication Year,0.003943945991211346,2013.7975708502024,0.5217611336032367,-0.05812499999999998
recent,Publication Year,0.004615035095553364,2012.9064748201438,0.4799910071942381,0.18987500000000002
recent,Publication Year,0.0038515877727456935,2014.212765957447,0.5412234042553213,-0.09687499999999999
recent,Publication Year,0.0048274207908539845,2014.0402684563758,0.5331375838926126,0.24025000000000002
recent,Publication Year,0.003930610523594935,2013.5714285714287,0.5111607142857171,-0.062
recent,Publication Year,0.0022692507666805064,2015.1538461538462,0.5853365384615387,0.18716981132075472
recent,Publication Year,0.011717620578619603,2007.2475247524753,0.21472772277227822,-0.31
recent,Publication Year,0.0038921265272162703,2014.7868852459017,0.5681352459016387,-0.073625
recent,Publication Year,-0.0043386594863036735,2019.5185185185185,0.7899305555555528,0.20217391304347826
recent,Publication Year,-0.007487097476571128,2023.225806451613,0.9637096774193558,-0.037804878048780466
recent,Publication Year,0.0003451336754867863,2015.7317073170732,0.6124237804878043,0.17627450980392162
recent,Publication Year,0.0038139774983555544,2013.1538461538462,0.49158653846153827,-0.124
recent,Publication Year,-0.00011146617076124914,2015.9565217391305,0.6229619565217406,0.018235294117647072
recent,Publication Year,-0.0015505050726023419,2015.1,0.5828124999999943,-0.29784313725490197
recent,Publication Year,-0.0065159238734152775,2023.0,0.9531249999999998,0.21926829268292686
recent,Publication Year,-0.00014163113178190044,2017.1363636363637,0.6782670454545492,-0.018235294117647072
recent,Publication Year,0.008884190342724538,2005.8333333333333,0.14843749999999342,0.1262962962962963
recent,Publication Year,0.0006123751986848115,2015.25,0.5898437499999986,-0.31
recent,Publication Year,-0.005333026069059705,2020.0833333333333,0.8164062499999958,-0.0808695652173913
recent,Publication Year,-0.004882979271817484,2023.5555555555557,0.9791666666666713,0.06739130434782609
recent,Publication Year,0.010775698318043864,2007.522911051213,0.227636455525606,0.0
recent,Publication Year,0.011682125438598569,2007.1037037037038,0.20798611111111218,0.31
recent,Publication Year,0.011624203112250407,2006.5555555555557,0.1822916666666685,0.25833333333333336
recent,Publication Year,0.012169730032952221,2008.34,0.26593749999999355,-0.034444444444444444
recent,Publication Year,0.025986810592600402,2008.0,0.24999999999999734,0.0
recent,Publication Year,0.018159128084279726,2006.5,0.17968749999999709,0.31
recent,Publication Year,0.010733477130071995,2006.155844155844,0.16355519480518824,-0.051666666666666694
recent,Publication Year,0.003825151215548532,2014.9439775910364,0.5754989495798297,-0.11624999999999999
recent,Publication Year,0.00516407895793373,2014.6835443037974,0.5632911392404998,-0.23705882352941177
recent,Publication Year,0.0028553357623956593,2014.8809523809523,0.5725446428571372,-0.31
recent,Publication Year,0.0013021493667267345,2015.0180722891566,0.5789721385542158,-0.1169811320754717
recent,Publication Year,0.004989717685651409,2014.9242424242425,0.5745738636363653,0.298375
recent,Publication Year,0.0051641048780848645,2014.7826086956522,0.5679347826086973,-0.22490196078431374
recent,Publication Year,0.0035427677295700112,2015.0,0.5781249999999984,-0.17825
recent,Publication Year,-0.0032840035986796638,2019.5981595092026,0.7936637269938692,-0.20174603174603173
recent,Publication Year,-0.004896035610793356,2019.7254901960785,0.7996323529411768,0.05391304347826087
recent,Publication Year,-0.0039717126689394824,2019.5142857142857,0.789732142857143,0.2965217391304347
recent,Publication Year,-0.004735474839275422,2019.462765957447,0.7873171542553222,0.0808695652173913
recent,Publication Year,-0.01415342143704909,2019.9795918367347,0.8115433673469383,-0.1364
recent,Publication Year,-0.003603622334459367,2019.5,0.7890624999999992,-0.3001587301587302
recent,Publication Year,-0.010944685153857641,2019.909090909091,0.8082386363636396,0.20058823529411757
recent,Publication Year,-0.003050994267458735,2023.3701657458564,0.9704765193370192,-0.09349206349206349
recent,Publication Year,-0.01421032887645792,2023.5714285714287,0.9799107142857187,-0.186
recent,Publication Year,-0.007536113340363477,2023.2631578947369,0.965460526315791,-0.06804878048780488
recent,Publication Year,-0.014271823891342872,2023.5431034482758,0.9785829741379287,-0.2108
recent,Publication Year,-0.011544736174070936,2023.2830188679245,0.9663915094339613,-0.018235294117647072
recent,Publication Year,-0.012289276275589262,2022.84,0.9456249999999959,-0.2188235294117647
recent,Publication Year,-0.01150902605917962,2022.8085106382978,0.944148936170208,0.0
recent,Publication Year,-0.0017292102909477768,2007.6695035460993,0.2345079787234043,0.29031746031746036
recent,Publication Year,0.008284829744890287,2007.4,0.2218750000000015,-0.011481481481481481
recent,Publication Year,0.009144507519781703,2007.8169014084508,0.24141725352112872,0.21814814814814815
recent,Publication Year,0.010213286515885999,2008.1635220125786,0.25766509433961904,-0.155
recent,Publication Year,0.011309221658308307,2008.388349514563,0.26820388349514085,0.15499999999999997
recent,Publication Year,0.011922231440417845,2007.0625,0.20605468749999717,-0.10333333333333333
recent,Publication Year,0.005640161224459342,2006.3668341708542,0.17344535175878723,0.018235294117647072
recent,Publication Year,0.0045501935659821345,2015.0094212651413,0.5785666218034983,0.16662500000000002
recent,Publication Year,0.005449811846111052,2014.6141732283465,0.5600393700787427,-0.06686274509803919
recent,Publication Year,0.003840097977648028,2015.0051282051281,0.5783653846153797,-0.104625
recent,Publication Year,0.0011807094219432074,2015.0112359550562,0.5786516853932596,-0.14622641509433962
recent,Publication Year,0.004424900155260405,2015.058064516129,0.5808467741935445,0.112375
recent,Publication Year,0.005564004139123792,2014.8275862068965,0.5700431034482725,-0.04254901960784313
recent,Publication Year,0.004285543213926115,2015.1658031088082,0.5858970207253819,0.05425000000000002
recent,Publication Year,-0.0025020803338235806,2019.5815384615385,0.7928846153846144,0.1131746031746032
recent,Publication Year,-0.005741603587054518,2019.6666666666667,0.7968750000000029,-0.2291304347826087
recent,Publication Year,-0.0027489856339518687,2019.4888888888888,0.7885416666666628,0.014761904761904754
recent,Publication Year,-0.00426708208989266,2019.490476190476,0.7886160714285665,0.21565217391304353
recent,Publication Year,-0.03506959192431829,2019.8240740740741,0.8042534722222243,0.0
recent,Publication Year,-0.005942752729635032,2019.6363636363637,0.7954545454545495,-0.26956521739130435
recent,Publication Year,-0.0024105213512661933,2019.6167664670659,0.794535928143712,0.1623809523809524
recent,Publication Year,-0.0070080529424195155,2023.373860182371,0.9706496960486354,0.11341463414634145
recent,Publication Year,-0.010551671453666835,2023.35,0.9695312499999956,-0.31
recent,Publication Year,-0.006944265079752212,2023.3450704225352,0.9693001760563361,0.14365853658536581
recent,Publication Year,-0.013858691892339176,2023.5348837209303,0.9781976744186095,-0.03720000000000001
recent,Publication Year,-0.014910584481831338,2023.3846153846155,0.9711538461538501,-0.2852
recent,Publication Year,-0.011950531135258888,2022.875,0.9472656249999998,-0.14588235294117646
recent,Publication Year,-0.010336640387345115,2023.258426966292,0.9652387640449404,-0.21136363636363636
psychology_share,Psychology Journals,0.0008141783252990376,0.2994269340974212,0.2994269340974212,0.31
psychology_share,Psychology Journals,0.0006567928654718155,0.22950819672131148,0.22950819672131148,0.1826785714285714
psychology_share,Psychology Journals,-0.0009603483815832129,0.26200873362445415,0.26200873362445415,0.13478260869565217
psychology_share,Psychology Journals,0.0010767768016949949,0.16017316017316016,0.16017316017316016,-0.050190476190476174
psychology_share,Psychology Journals,0.0004892918380961435,0.058823529411764705,0.058823529411764705,0.013839285714285665
psychology_share,Psychology Journals,-0.0015361559464507099,0.0,0.0,-0.25608695652173913
psychology_share,Psychology Journals,0.0007245339614557969,1.0,1.0,0.22973214285714277
psychology_share,Psychology Journals,0.0011413690575365527,0.24662162162162163,0.24662162162162163,0.020666666666666667
psychology_share,Psychology Journals,0.00026662749267585727,0.2631578947368421,0.2631578947368421,-0.1217857142857143
psychology_share,Psychology Journals,-0.00018140674413047507,0.225,0.225,0.13927536231884058
psychology_share,Psychology Journals,0.0008623052317278758,0.02912621359223301,0.02912621359223301,-0.2863809523809524
psychology_share,Psychology Journals,0.0004291132169457768,0.06097560975609756,0.06097560975609756,-0.01383928571428572
psychology_share,Psychology Journals,-0.0009933671757877446,0.0,0.0,0.09434782608695652
psychology_share,Psychology Journals,0.001133326885909944,1.0,1.0,0.014761904761904754
psychology_share,Psychology Journals,-0.00037931511947986976,0.3333333333333333,0.3333333333333333,-0.035942028985507246
psychology_share,Psychology Journals,0.0027224568501333017,0.42857142857142855,0.42857142857142855,-0.17714285714285713
psychology_share,Psychology Journals,0.0004610343556648,0.1836734693877551,0.1836734693877551,0.0027678571428570997
psychology_share,Psychology Journals,0.0006853047098183253,0.23963133640552994,0.23963133640552994,0.20758928571428564
psychology_share,Psychology Journals,-0.0011108806855013535,0.271889400921659,0.271889400921659,0.013478260869565217
psychology_share,Psychology Journals,0.0023890533434073333,0.5,0.5,0.22490196078431374
psychology_share,Psychology Journals,0.0020061207503784956,0.14285714285714285,0.14285714285714285,-0.0303921568627451
psychology_share,Psychology Journals,-0.0004210600688476454,0.08196721311475409,0.08196721311475409,-0.08536231884057971
psychology_share,Psychology Journals,-0.0018859616888618922,0.0,0.0,0.020666666666666667
psychology_share,Psychology Journals,-0.0014194711259080375,0.0,0.0,-0.1617391304347826
psychology_share,Psychology Journals,0.0010943164617727209,1.0,1.0,-0.03247619047619049
psychology_share,Psychology Journals,-0.00018910033116604819,0.38461538461538464,0.38461538461538464,0.13478260869565217
psychology_share,Psychology Journals,-0.00012064751885013557,0.3333333333333333,0.3333333333333333,0.1976811594202899
psychology_share,Psychology Journals,0.00018579663451476417,0.1864406779661017,0.1864406779661017,-0.19375
psychology_share,Psychology Journals,0.0006946431398140235,0.2892561983471074,0.2892561983471074,0.21589285714285705
psychology_share,Psychology Journals,0.0008779470779733627,0.2909090909090909,0.2909090909090909,-0.26276190476190475
psychology_share,Psychology Journals,-6.29296403877002e-05,0.1724137931034483,0.1724137931034483,0.26507246376811594
psychology_share,Psychology Journals,-0.0006937989048361653,0.08108108108108109,0.08108108108108109,-0.2246376811594203
psychology_share,Psychology Journals,0.0006298730258963148,0.030303030303030304,0.030303030303030304,0.15776785714285713
psychology_share,Psychology Journals,6.277189088225814e-05,0.0,0.0,-0.27401785714285715
psychology_share,Psychology Journals,0.001653969830465266,1.0,1.0,0.2981904761904762
psychology_share,Psychology Journals,-0.00015472687621844524,0.4166666666666667,0.4166666666666667,0.1572463768115942
psychology_share,Psychology Journals,-0.0001309183939803689,0.1111111111111111,0.1111111111111111,0.18420289855072464
psychology_share,Psychology Journals,0.0015455067302216647,0.40625,0.40625,0.2332380952380953
psychology_share,Psychology Journals,8.920701906335609e-05,0.25,0.25,-0.2601785714285714
psychology_share,Psychology Journals,-0.0003857843009639979,0.7755102040816326,0.7755102040816326,-0.04492753623188406
psychology_share,Psychology Journals,8.596676253812461e-05,0.25,0.25,-0.2629464285714286
psychology_share,Psychology Journals,-0.0005501489535351872,0.8333333333333334,0.8333333333333334,-0.1617391304347826
psychology_share,Psychology Journals,-0.0005394956332002645,0.9032258064516129,0.9032258064516129,-0.1482608695652174
psychology_share,Psychology Journals,0.0006352263656881953,0.0,0.0,0.16607142857142854
psychology_share,Psychology Journals,-0.00021044758752115155,1.0,1.0,0.09884057971014493
psychology_share,Psychology Journals,-0.003753271213753929,0.6666666666666666,0.6666666666666666,0.0
psychology_share,Psychology Journals,-0.0006183993584149136,0.8,0.8,-0.17971014492753623
psychology_share,Psychology Journals,-0.0005378807154645458,0.8125,0.8125,-0.14376811594202898
psychology_share,Psychology Journals,-0.00017656723908847035,0.76,0.76,0.14376811594202898
psychology_share,Psychology Journals,-0.00015430864965064296,0.35555555555555557,0.35555555555555557,0.1617391304347826
psychology_share,Psychology Journals,0.00243958816082789,0.14285714285714285,0.14285714285714285,0.2613725490196079
psychology_share,Psychology Journals,0.00015289154320117037,0.25,0.25,-0.2186607142857143
psychology_share,Psychology Journals,0.0017554694063233957,0.23076923076923078,0.23076923076923078,-0.1884313725490196
psychology_share,Psychology Journals,0.0009607798024619603,0.0,0.0,-0.1919047619047619
psychology_share,Psychology Journals,-0.0003101695285946682,1.0,1.0,0.035942028985507246
psychology_share,Psychology Journals,0.0008888634361172792,0.33783783783783783,0.33783783783783783,-0.2509523809523809
psychology_share,Psychology Journals,0.002392136558707928,0.125,0.125,0.23705882352941182
psychology_share,Psychology Journals,0.0006017696349856267,0.37037037037037035,0.37037037037037035,0.13285714285714284
psychology_share,Psychology Journals,0.0001976245247807753,0.21428571428571427,0.21428571428571427,-0.18267857142857144
psychology_share,Psychology Journals,-0.001321781725527675,0.0,0.0,-0.05391304347826087
psychology_share,Psychology Journals,0.0019752682616385525,0.0,0.0,-0.04254901960784313
psychology_share,Psychology Journals,0.0015545835804101546,1.0,1.0,0.23914285714285716
psychology_share,Psychology Journals,0.0006747325352142298,0.2962962962962963,0.2962962962962963,0.19651785714285713
psychology_share,Psychology Journals,-4.894298270460464e-05,0.21428571428571427,0.21428571428571427,0.28304347826086956
psychology_share,Psychology Journals,-0.00011755144744733384,0.2153846153846154,0.2153846153846154,0.20217391304347826
psychology_share,Psychology Journals,0.0012273187082859727,0.275,0.275,0.07971428571428574
psychology_share,Psychology Journals,-0.000198702036111265,0.0,0.0,0.11231884057971014
psychology_share,Psychology Journals,-0.001854685702563795,0.0,0.0,0.14466666666666667
psychology_share,Psychology Journals,0.0015545835804101546,1.0,1.0,0.24504761904761901
psychology_share,Psychology Journals,0.0007412877403459233,0.28776978417266186,0.28776978417266186,0.251875
psychology_share,Psychology Journals,0.00044172381084506865,0.28125,0.28125,-0.011071428571428565
psychology_share,Psychology Journals,-0.0007711334197935956,0.26495726495726496,0.26495726495726496,-0.27855072463768116
psychology_share,Psychology Journals,-0.0006616404785438182,0.11333333333333333,0.11333333333333333,-0.20217391304347826
psychology_share,Psychology Journals,0.00016449055738283584,0.08333333333333333,0.08333333333333333,-0.21589285714285716
psychology_share,Psychology Journals,-0.0014233708770379004,0.0,0.0,-0.18869565217391304
psychology_share,Psychology Journals,0.00158751390506239,1.0,1.0,0.28638095238095235
psychology_share,Psychology Journals,0.0010642646188724644,0.24082232011747431,0.24082232011747431,-0.06790476190476191
psychology_share,Psychology Journals,0.0008099129212548798,0.2441860465116279,0.2441860465116279,0.3072321428571428
psychology_share,Psychology Journals,0.0007259487471653745,0.20652173913043478,0.20652173913043478,0.23249999999999998
psychology_share,Psychology Journals,-0.0008925954173255589,0.108,0.108,0.25608695652173913
psychology_share,Psychology Journals,0.0005403492023937674,0.05,0.05,0.07749999999999996
psychology_share,Psychology Journals,0.0009625852553245883,0.0,0.0,-0.17419047619047617
psychology_share,Psychology Journals,0.0007142587219941138,1.0,1.0,0.22419642857142857
psychology_share,Psychology Journals,0.0007403337120793427,0.2052980132450331,0.2052980132450331,0.2463392857142857
psychology_share,Psychology Journals,0.0007592785066240328,0.23529411764705882,0.23529411764705882,0.2657142857142856
psychology_share,Psychology Journals,0.0032103703625937395,0.25,0.25,0.26571428571428574
psychology_share,Psychology Journals,0.0011224143663748681,0.02857142857142857,0.02857142857142857,-0.008857142857142841
psychology_share,Psychology Journals,-0.0002525711056779858,0.0425531914893617,0.0425531914893617,0.058405797101449275
psychology_share,Psychology Journals,0.0022959828293001527,0.0,0.0,0.13980392156862748
psychology_share,Psychology Journals,0.0007688924143904321,1.0,1.0,0.27401785714285715
psychology_share,Psychology Journals,-0.0006480757667398987,0.34285714285714286,0.34285714285714286,-0.19768115942028985
psychology_share,Psychology Journals,0.0009331639816221102,0.208955223880597,0.208955223880597,-0.22142857142857142
psychology_share,Psychology Journals,9.301966039377345e-05,0.19540229885057472,0.19540229885057472,-0.25464285714285717
psychology_share,Psychology Journals,0.0023593242441329507,0.168141592920354,0.168141592920354,0.20058823529411768
psychology_share,Psychology Journals,0.001124698567606759,0.22707423580786026,0.22707423580786026,-0.0029523809523809286
psychology_share,Psychology Journals,-0.00040474130936833647,0.26666666666666666,0.26666666666666666,-0.07188405797101449
psychology_share,Psychology Journals,0.0003878072774463575,0.2079207920792079,0.2079207920792079,-0.03875000000000001
psychology_share,Psychology Journals,-0.00024698779010245595,0.10638297872340426,0.10638297872340426,0.06739130434782609
psychology_share,Psychology Journals,0.001004549549800506,0.25,0.25,-0.10923809523809525
psychology_share,Psychology Journals,0.0009428586996232489,0.0,0.0,-0.2037142857142857
psychology_share,Psychology Journals,0.0005920556075346322,1.0,1.0,0.11624999999999996
psychology_share,Psychology Journals,1.6257251254302097e-05,0.2692307692307692,0.2692307692307692,-0.29892857142857143
psychology_share,Psychology Journals,0.0006215723743072362,0.18571428571428572,0.18571428571428572,0.15223214285714282
psychology_share,Psychology Journals,0.0005654131867781452,0.2,0.2,0.1051785714285714
psychology_share,Psychology Journals,0.0001509074406445649,0.32558139534883723,0.32558139534883723,-0.22142857142857142
psychology_share,Psychology Journals,0.00020978367757625452,0.29906542056074764,0.29906542056074764,-0.174375
psychology_share,Psychology Journals,-0.0003520773255600287,0.2727272727272727,0.2727272727272727,0.008985507246376812
psychology_share,Psychology Journals,0.005630854370958498,0.047619047619047616,0.047619047619047616,0.31
psychology_share,Psychology Journals,0.0002292438983523723,0.0625,0.0625,-0.16330357142857144
psychology_share,Psychology Journals,0.0008993783180859716,0.0,0.0,-0.24504761904761904
psychology_share,Psychology Journals,0.0005158550514657328,1.0,1.0,0.05258928571428567
psychology_share,Psychology Journals,2.6033388659684168e-05,0.2916666666666667,0.2916666666666667,-0.28785714285714287
psychology_share,Psychology Journals,0.00025787806905783775,0.3235294117647059,0.3235294117647059,-0.1300892857142857
psychology_share,Psychology Journals,0.00037924765444104317,0.2571428571428571,0.2571428571428571,-0.04982142857142857
psychology_share,Psychology Journals,0.001071242088566198,0.35714285714285715,0.35714285714285715,-0.05609523809523809
psychology_share,Psychology Journals,-0.008423119301251851,0.65,0.65,0.31
psychology_share,Psychology Journals,0.003566235091380054,0.0,0.0,-0.23705882352941177
psychology_share,Psychology Journals,-0.00705911302279879,0.6923076923076923,0.6923076923076923,-0.31
psychology_share,Psychology Journals,-0.006864872900607783,0.8461538461538461,0.8461538461538461,0.31
psychology_share,Psychology Journals,-0.005869419887611769,1.0,1.0,-0.186
psychology_share,Psychology Journals,0.010216251744569605,0.5,0.5,0.0
psychology_share,Psychology Journals,0.009911344715271027,0.5,0.5,0.31
psychology_share,Psychology Journals,-0.005624568522555114,1.0,1.0,-0.062
psychology_share,Psychology Journals,0.0003604834544905685,0.3,0.3,-0.07196428571428573
psychology_share,Psychology Journals,-0.0011750885626784975,0.2857142857142857,0.2857142857142857,-0.013478260869565217
psychology_share,Psychology Journals,0.0005260936249970171,0.20689655172413793,0.20689655172413793,0.06642857142857139
psychology_share,Psychology Journals,0.0012097013053014845,0.2647058823529412,0.2647058823529412,0.07380952380952382
psychology_share,Psychology Journals,0.004031234203377876,0.15384615384615385,0.15384615384615385,0.16411764705882353
psychology_share,Psychology Journals,0.002267419389316933,0.0,0.0,0.07901960784313727
psychology_share,Psychology Journals,-0.00019518740177763746,1.0,1.0,0.11681159420289855
psychology_share,Psychology Journals,0.001321259296156401,0.23684210526315788,0.23684210526315788,0.13285714285714284
psychology_share,Psychology Journals,0.0008467274993704683,0.23076923076923078,0.23076923076923078,-0.2981904761904762
psychology_share,Psychology Journals,0.0005657139439261706,0.20689655172413793,0.20689655172413793,0.10794642857142855
psychology_share,Psychology Journals,0.0003090333687796325,0.09433962264150944,0.09433962264150944,-0.1024107142857143
psychology_share,Psychology Journals,0.0012336537748057388,0.03125,0.03125,0.09742857142857142
psychology_share,Psychology Journals,0.0014285973836844752,0.0,0.0,0.186
psychology_share,Psychology Journals,0.00035188620619139825,1.0,1.0,-0.07750000000000001
psychology_share,Psychology Journals,0.0008087163200240352,0.228310502283105,0.228310502283105,0.3044642857142857
psychology_share,Psychology Journals,0.0004993075109872526,0.2608695652173913,0.2608695652173913,0.02214285714285713
psychology_share,Psychology Journals,0.00037459105309350433,0.18666666666666668,0.18666666666666668,-0.05812500000000004
psychology_share,Psychology Journals,-0.0006068407971948781,0.1125,0.1125,-0.17072463768115942
psychology_share,Psychology Journals,0.00019474844068259516,0.0,0.0,-0.18544642857142857
psychology_share,Psychology Journals,0.00031326079815183325,0.0,0.0,-0.09687500000000002
psychology_share,Psychology Journals,0.0008005095808627983,1.0,1.0,0.28785714285714287
psychology_share,Psychology Journals,0.0002868143513447569,0.22674418604651161,0.22674418604651161,-0.11348214285714286
psychology_share,Psychology Journals,0.0004671814896778984,0.21739130434782608,0.21739130434782608,0.005535714285714255
psychology_share,Psychology Journals,-9.297298419121864e-05,0.2727272727272727,0.2727272727272727,0.22463768115942023
psychology_share,Psychology Journals,0.0001819751908788374,0.04819277108433735,0.04819277108433735,-0.1992857142857143
psychology_share,Psychology Journals,0.0002699894324585315,0.07692307692307693,0.07692307692307693,-0.11901785714285715
psychology_share,Psychology Journals,0.0005218339851084125,0.0,0.0,0.06089285714285714
psychology_share,Psychology Journals,0.0007402947801794096,1.0,1.0,0.2435714285714285
psychology_share,Psychology Journals,-9.896277627294667e-05,0.2727272727272727,0.2727272727272727,0.21565217391304353
psychology_share,Psychology Journals,0.00039276416436922714,0.17886178861788618,0.17886178861788618,-0.03321428571428575
psychology_share,Psychology Journals,0.0004955400860621428,0.22012578616352202,0.22012578616352202,0.01660714285714282
psychology_share,Psychology Journals,-0.00031480914612662674,0.0673076923076923,0.0673076923076923,0.026956521739130435
psychology_share,Psychology Journals,0.0005073530563961599,0.05785123966942149,0.05785123966942149,0.03044642857142854
psychology_share,Psychology Journals,0.00231466068711329,0.0,0.0,0.16411764705882353
psychology_share,Psychology Journals,-0.000446628057354725,1.0,1.0,-0.09434782608695652
psychology_share,Psychology Journals,0.0003032753654556732,0.2670157068062827,0.2670157068062827,-0.10794642857142858
psychology_share,Psychology Journals,0.0008040053203684097,0.2,0.2,0.29062499999999997
psychology_share,Psychology Journals,0.0005642177952044822,0.24,0.24,0.10241071428571424
psychology_share,Psychology Journals,0.00021948296142207496,0.07058823529411765,0.07058823529411765,-0.16883928571428572
psychology_share,Psychology Journals,0.0005598727497917248,0.059322033898305086,0.059322033898305086,0.09687499999999999
psychology_share,Psychology Journals,0.0013593866661913115,0.0,0.0,0.1564761904761905
psychology_share,Psychology Journals,0.0003954627502991158,1.0,1.0,-0.02767857142857144
psychology_share,Psychology Journals,-0.0008851804118162151,0.40384615384615385,0.40384615384615385,0.2695652173913044
psychology_share,Psychology Journals,0.0010013217481457904,0.2119205298013245,0.2119205298013245,-0.11514285714285713
psychology_share,Psychology Journals,0.0004690667205605656,0.2846153846153846,0.2846153846153846,0.00830357142857141
psychology_share,Psychology Journals,0.0008073459439263509,0.24489795918367346,0.24489795918367346,0.2961607142857143
psychology_share,Psychology Journals,-0.0007720019092056231,0.24867724867724866,0.24867724867724866,-0.28304347826086956
psychology_share,Psychology Journals,-0.0010057094454287395,0.3076923076923077,0.3076923076923077,0.0808695652173913
psychology_share,Psychology Journals,0.00012752697571440525,0.19540229885057472,0.19540229885057472,-0.23526785714285714
psychology_share,Psychology Journals,0.002179644471308685,0.03278688524590164,0.03278688524590164,0.0303921568627451
psychology_share,Psychology Journals,0.0031064646018592926,0.0,0.0,0.23619047619047623
psychology_share,Psychology Journals,0.0022938413477077806,0.0,0.0,0.12764705882352945
psychology_share,Psychology Journals,-0.0008376615144293414,1.0,1.0,-0.3010144927536232
psychology_share,Psychology Journals,-6.646560948338715e-05,0.375,0.375,0.2515942028985508
psychology_share,Psychology Journals,0.00019280603391176097,0.2289156626506024,0.2289156626506024,-0.18821428571428572
psychology_share,Psychology Journals,0.0002377695206037955,0.17307692307692307,0.17307692307692307,-0.155
psychology_share,Psychology Journals,0.0024981450707487443,0.16666666666666666,0.16666666666666666,0.297843137254902
psychology_share,Psychology Journals,-0.0002480320181105693,0.2903225806451613,0.2903225806451613,0.06289855072463768
psychology_share,Psychology Journals,9.464044956455818e-05,0.10416666666666667,0.10416666666666667,-0.251875
psychology_share,Psychology Journals,0.0005139174982833115,0.07692307692307693,0.07692307692307693,0.04982142857142857
psychology_share,Psychology Journals,0.0030970532311913614,0.020833333333333332,0.020833333333333332,0.20666666666666672
psychology_share,Psychology Journals,0.003964437067632523,0.0,0.0,0.1276470588235294
psychology_share,Psychology Journals,-0.000792354926350019,1.0,1.0,-0.28753623188405797
psychology_share,Psychology Journals,-9.516158360630771e-05,0.2647058823529412,0.2647058823529412,0.22014492753623188
psychology_share,Psychology Journals,0.0003916952236119982,0.20588235294117646,0.20588235294117646,-0.03598214285714285
psychology_share,Psychology Journals,0.0009096446073683132,0.391304347826087,0.391304347826087,-0.23914285714285716
psychology_share,Psychology Journals,0.011603944913977949,1.0,1.0,0.0
psychology_share,Psychology Journals,0.009602669298773759,0.5384615384615384,0.5384615384615384,-0.10333333333333333
psychology_share,Psychology Journals,0.0036336368074668625,0.0,0.0,-0.16411764705882353
psychology_share,Psychology Journals,-0.009113031943190391,0.7142857142857143,0.7142857142857143,-0.31
psychology_share,Psychology Journals,-0.00014815141588002932,0.5555555555555556,0.5555555555555556,0.166231884057971
psychology_share,Psychology Journals,-0.009884434295612383,1.0,1.0,-0.31
psychology_share,Psychology Journals,0.012947992177876929,0.0,0.0,-0.31
psychology_share,Psychology Journals,-0.009884434295612383,1.0,1.0,0.31
psychology_share,Psychology Journals,-0.0009093551558324638,0.3493150684931507,0.3493150684931507,0.2291304347826087
psychology_share,Psychology Journals,0.0026073407192770295,0.1282051282051282,0.1282051282051282,-0.2509523809523809
psychology_share,Psychology Journals,-0.00026445438009741883,0.3333333333333333,0.3333333333333333,0.05391304347826087
psychology_share,Psychology Journals,0.0025211905974688357,0.043478260869565216,0.043478260869565216,-0.31
psychology_share,Psychology Journals,-0.00041399377345235417,0.1,0.1,-0.0763768115942029
psychology_share,Psychology Journals,0.003030771306490256,0.0,0.0,0.10333333333333333
psychology_share,Psychology Journals,-0.0009804394974247846,1.0,1.0,0.10782608695652174
psychology_share,Psychology Journals,0.0007393648426345055,0.23943661971830985,0.23943661971830985,0.2408035714285714
psychology_share,Psychology Journals,9.951532291314822e-05,0.10204081632653061,0.10204081632653061,-0.2463392857142857
psychology_share,Psychology Journals,-0.00010715009016633682,0.18292682926829268,0.18292682926829268,0.21115942028985507
psychology_share,Psychology Journals,0.0015006567341032233,0.1323529411764706,0.1323529411764706,0.2155238095238095
psychology_share,Psychology Journals,0.0026144656901061097,0.0,0.0,-0.23619047619047617
psychology_share,Psychology Journals,0.002941392117789765,0.0,0.0,0.04428571428571432
psychology_share,Psychology Journals,-0.00039161391938648434,1.0,1.0,-0.05391304347826087
psychology_share,Psychology Journals,0.00014446187481150795,0.2669902912621359,0.2669902912621359,-0.22696428571428573
psychology_share,Psychology Journals,-0.00014295181823718495,0.3225806451612903,0.3225806451612903,0.17521739130434782
psychology_share,Psychology Journals,0.00014816074853494794,0.18181818181818182,0.18181818181818182,-0.22419642857142857
psychology_share,Psychology Journals,0.001579593502289277,0.041666666666666664,0.041666666666666664,0.26866666666666666
psychology_share,Psychology Journals,0.0003686271391449528,0.07692307692307693,0.07692307692307693,-0.06366071428571429
psychology_share,Psychology Journals,0.0022938413477077806,0.0,0.0,0.11549019607843142
psychology_share,Psychology Journals,0.0004180775628275689,1.0,1.0,-0.016607142857142876
psychology_share,Psychology Journals,-0.00036924268914333055,0.2631578947368421,0.2631578947368421,-0.02246376811594203
psychology_share,Psychology Journals,0.0023130532790233862,0.5,0.5,0.1519607843137255
psychology_share,Psychology Journals,-0.00011653906961325008,0.0,0.0,0.2066666666666666
psychology_share,Psychology Journals,0.0013304846209752836,0.0,0.0,0.13876190476190475
psychology_share,Psychology Journals,0.0005732465664833339,0.2,0.2,0.11348214285714281
psychology_share,Psychology Journals,0.0009661378803564921,0.0,0.0,-0.1682857142857143
psychology_share,Psychology Journals,0.0017964270792197212,1.0,1.0,-0.13980392156862745
psychology_share,Psychology Journals,0.000917089315171831,0.25584795321637427,0.25584795321637427,-0.23323809523809524
psychology_share,Psychology Journals,0.003089528703964275,0.14814814814814814,0.14814814814814814,0.1623809523809524
psychology_share,Psychology Journals,0.0009873814146652107,0.06962025316455696,0.06962025316455696,-0.14466666666666667
psychology_share,Psychology Journals,0.0004588764453628475,0.11206896551724138,0.11206896551724138,-0.0027678571428571552
psychology_share,Psychology Journals,0.0009907619596413962,0.03048780487804878,0.03048780487804878,-0.13285714285714284
psychology_share,Psychology Journals,0.004552983091197601,0.0,0.0,0.0
psychology_share,Psychology Journals,-0.0015826794650193052,1.0,1.0,-0.28304347826086956
psychology_share,Psychology Journals,-2.5774005006793978e-05,0.2813852813852814,0.2813852813852814,0.30550724637681165
psychology_share,Psychology Journals,0.00242909269035422,0.16304347826086957,0.16304347826086957,0.2492156862745098
psychology_share,Psychology Journals,-0.001861080631258329,0.039473684210526314,0.039473684210526314,0.062
psychology_share,Psychology Journals,0.0008444948469220768,0.21951219512195122,0.21951219512195122,-0.3040952380952381
psychology_share,Psychology Journals,0.0009907619596413962,0.03225806451612903,0.03225806451612903,-0.12695238095238096
psychology_share,Psychology Journals,0.0044350199860725146,0.0,0.0,-0.07750000000000001
psychology_share,Psychology Journals,-0.001430271894832637,1.0,1.0,-0.21565217391304348
psychology_share,Psychology Journals,-0.00020308716979558844,0.2823529411764706,0.2823529411764706,0.10333333333333333
psychology_share,Psychology Journals,0.0008712281854962713,0.2827586206896552,0.2827586206896552,-0.2745714285714286
psychology_share,Psychology Journals,0.0015441356348852478,0.2549019607843137,0.2549019607843137,0.22733333333333333
psychology_share,Psychology Journals,-0.0006385102672290409,0.36363636363636365,0.36363636363636365,-0.18869565217391304
psychology_share,Psychology Journals,0.0003796999259525381,0.23300970873786409,0.23300970873786409,-0.04705357142857147
psychology_share,Psychology Journals,0.00025007183416184413,0.2222222222222222,0.2222222222222222,-0.14392857142857143
psychology_share,Psychology Journals,-0.00886158887500859,0.12,0.12,0.0
psychology_share,Psychology Journals,0.0005971171006919432,0.045454545454545456,0.045454545454545456,0.12732142857142853
psychology_share,Psychology Journals,-0.0023606145747637067,1.0,1.0,-0.31
psychology_share,Psychology Journals,0.0002584628203108719,0.22857142857142856,0.22857142857142856,-0.12732142857142859
psychology_share,Psychology Journals,-5.539164517143187e-05,0.3076923076923077,0.3076923076923077,0.2785507246376811
psychology_share,Psychology Journals,0.004896547329175574,0.0,0.0,0.23249999999999998
psychology_share,Psychology Journals,0.0027140422353567808,0.1590909090909091,0.1590909090909091,-0.1919047619047619
psychology_share,Psychology Journals,0.0005971038155635922,0.06382978723404255,0.06382978723404255,0.12455357142857137
psychology_share,Psychology Journals,0.01598314497391152,0.0,0.0,0.0
psychology_share,Psychology Journals,0.0060138763231755606,0.0,0.0,-0.31
psychology_share,Psychology Journals,-0.0020456362502253023,1.0,1.0,-0.186
psychology_share,Psychology Journals,0.0013168491140027197,0.125,0.125,0.12695238095238098
psychology_share,Psychology Journals,-0.0013382912379908615,0.38461538461538464,0.38461538461538464,-0.06739130434782609
psychology_share,Psychology Journals,0.004659701155076386,0.0,0.0,0.15499999999999997
psychology_share,Psychology Journals,0.007848476528793374,0.5714285714285714,0.5714285714285714,-0.31
psychology_share,Psychology Journals,0.004996208518206394,0.0,0.0,0.31
psychology_share,Psychology Journals,-0.01266173574379537,0.6666666666666666,0.6666666666666666,0.31
psychology_share,Psychology Journals,0.008356897071843838,0.5,0.5,0.10333333333333333
psychology_share,Psychology Journals,-0.007668347608159652,1.0,1.0,0.31
psychology_share,Psychology Journals,0.007883944996919814,0.4,0.4,-0.10333333333333333
psychology_share,Psychology Journals,0.0005684111988961337,0.2463768115942029,0.2463768115942029,0.11071428571428571
psychology_share,Psychology Journals,-0.007763705570277424,0.11818181818181818,0.11818181818181818,0.0
psychology_share,Psychology Journals,6.549186853760603e-05,0.05737704918032787,0.05737704918032787,-0.26848214285714284
psychology_share,Psychology Journals,-0.005004606174815502,0.12121212121212122,0.12121212121212122,0.0
psychology_share,Psychology Journals,0.002465107613391187,0.012987012987012988,0.012987012987012988,0.27352941176470585
psychology_share,Psychology Journals,0.005506980901428272,0.0,0.0,-0.31
psychology_share,Psychology Journals,0.002045456211600707,1.0,1.0,-0.018235294117647072
psychology_share,Psychology Journals,0.0005074069681848198,0.28205128205128205,0.28205128205128205,0.033214285714285696
psychology_share,Psychology Journals,0.0006072852757825071,0.20454545454545456,0.20454545454545456,0.135625
psychology_share,Psychology Journals,-0.0009623515582584078,0.10714285714285714,0.10714285714285714,0.12130434782608696
psychology_share,Psychology Journals,0.00034059829229564874,0.10344827586206896,0.10344827586206896,-0.08026785714285717
psychology_share,Psychology Journals,0.0011127932246068517,0.03225806451612903,0.03225806451612903,-0.014761904761904754
psychology_share,Psychology Journals,0.0042194049739183994,0.0,0.0,-0.31
psychology_share,Psychology Journals,-0.0017051172719968614,1.0,1.0,0.31
psychology_share,Psychology Journals,0.0009335314250790453,0.2222222222222222,0.2222222222222222,-0.2155238095238095
psychology_share,Psychology Journals,-3.6158454784070695e-05,0.2857142857142857,0.2857142857142857,0.287536231884058
psychology_share,Psychology Journals,0.0021305020607178824,0.14285714285714285,0.14285714285714285,0.018235294117647072
psychology_share,Psychology Journals,0.00010305911439795395,0.05555555555555555,0.05555555555555555,-0.24080357142857145
psychology_share,Psychology Journals,-0.0008680137679787917,0.09090909090909091,0.09090909090909091,0.2965217391304347
psychology_share,Psychology Journals,0.0029670198990775546,0.0,0.0,0.05904761904761907
psychology_share,Psychology Journals,-0.0007667533231625481,1.0,1.0,-0.26507246376811594
psychology_share,Psychology Journals,0.0005951229112020626,0.3333333333333333,0.3333333333333333,0.11901785714285712
psychology_share,Psychology Journals,-0.0003892503464910781,0.3333333333333333,0.3333333333333333,-0.04942028985507246
psychology_share,Psychology Journals,0.0027961303130623278,0.0,0.0,-0.14761904761904762
psychology_share,Psychology Journals,-0.0008156163091233456,1.0,1.0,-0.2965217391304348
psychology_share,Psychology Journals,0.0007191148308900285,0.1875,0.1875,0.22696428571428567
psychology_share,Psychology Journals,0.0004592851859757875,0.19726027397260273,0.19726027397260273,0.0
psychology_share,Psychology Journals,-0.0014203732798192662,0.11304347826086956,0.11304347826086956,-0.17521739130434782
psychology_share,Psychology Journals,-0.0007301662193619228,0.04680851063829787,0.04680851063829787,-0.2426086956521739
psychology_share,Psychology Journals,0.0009287567189035408,0.0,0.0,-0.22733333333333333
psychology_share,Psychology Journals,0.0003936694659659773,1.0,1.0,-0.030446428571428596
psychology_share,Psychology Journals,0.0010388781852644494,0.25450762829403606,0.25450762829403606,-0.09152380952380951
psychology_share,Psychology Journals,0.0009356784851304936,0.195,0.195,-0.20961904761904762
psychology_share,Psychology Journals,0.0045942901018688285,0.15789473684210525,0.15789473684210525,0.07750000000000001
psychology_share,Psychology Journals,3.863384478836059e-05,0.06287425149700598,0.06287425149700598,-0.2850892857142857
psychology_share,Psychology Journals,-0.0007301662193619228,0.0467706013363029,0.0467706013363029,-0.24710144927536232
psychology_share,Psychology Journals,0.0013593866661913115,0.0,0.0,0.15057142857142858
psychology_share,Psychology Journals,0.00023784368483044258,1.0,1.0,-0.15223214285714287
psychology_share,Psychology Journals,0.0005077518301643796,0.3076923076923077,0.3076923076923077,0.03874999999999995
psychology_share,Psychology Journals,0.0006400094958026016,0.17391304347826086,0.17391304347826086,0.1688392857142857
psychology_share,Psychology Journals,0.003925163968576432,0.14666666666666667,0.14666666666666667,0.09117647058823525
psychology_share,Psychology Journals,0.0013473667802561436,0.2903225806451613,0.2903225806451613,0.14466666666666667
psychology_share,Psychology Journals,0.0005254760397088504,0.04040404040404041,0.04040404040404041,0.06366071428571424
psychology_share,Psychology Journals,0.0037671757365144373,0.0,0.0,-0.054705882352941215
psychology_share,Psychology Journals,-0.0017060312374029725,1.0,1.0,0.26866666666666666
psychology_share,Psychology Journals,0.0017268642525015547,0.25,0.25,-0.2492156862745098
psychology_share,Psychology Journals,0.004115356894637477,0.15254237288135594,0.15254237288135594,0.2370588235294117
psychology_share,Psychology Journals,-0.0017702854009625042,0.0851063829787234,0.0851063829787234,0.186
psychology_share,Psychology Journals,-0.0050572344559460716,0.11764705882352941,0.11764705882352941,0.31
psychology_share,Psychology Journals,0.0022369379252735805,0.013888888888888888,0.013888888888888888,0.054705882352941215
psychology_share,Psychology Journals,0.0019330513874292667,0.0,0.0,-0.09117647058823528
psychology_share,Psychology Journals,-0.0011186364355918752,1.0,1.0,0.0
psychology_share,Psychology Journals,0.0011920006259055454,0.23974763406940064,0.23974763406940064,0.050190476190476174
psychology_share,Psychology Journals,0.0006469416772163565,0.21621621621621623,0.21621621621621623,0.1771428571428571
psychology_share,Psychology Journals,0.0017868765230409193,0.20588235294117646,0.20588235294117646,-0.16411764705882353
psychology_share,Psychology Journals,0.0006131382475959484,0.044444444444444446,0.044444444444444446,0.1439285714285714
psychology_share,Psychology Journals,0.0003065750638701699,0.04854368932038835,0.04854368932038835,-0.10517857142857145
psychology_share,Psychology Journals,0.0017045891635379393,0.0,0.0,-0.2613725490196078
psychology_share,Psychology Journals,0.000544423892196642,1.0,1.0,0.08026785714285711
psychology_share,Psychology Journals,0.0007409242025977987,0.2230769230769231,0.2230769230769231,0.2491071428571428
psychology_share,Psychology Journals,0.00037790570429120543,0.2857142857142857,0.2857142857142857,-0.05258928571428573
psychology_share,Psychology Journals,-0.00016469205619558253,0.23529411764705882,0.23529411764705882,0.1482608695652174
psychology_share,Psychology Journals,0.001152877216964199,0.012345679012345678,0.012345679012345678,0.02657142857142858
psychology_share,Psychology Journals,-0.00019015441998737392,0.0970873786407767,0.0970873786407767,0.13028985507246377
psychology_share,Psychology Journals,0.000498046243284787,0.0,0.0,0.019374999999999976
psychology_share,Psychology Journals,0.0009890434475998296,1.0,1.0,-0.13876190476190475
psychology_share,Psychology Journals,0.00035839034894935155,0.24661246612466126,0.24661246612466126,-0.07473214285714289
psychology_share,Psychology Journals,-0.0010736049519620228,0.28846153846153844,0.28846153846153844,0.05391304347826087
psychology_share,Psychology Journals,0.00033522978769411077,0.17201166180758018,0.17201166180758018,-0.08580357142857145
psychology_share,Psychology Journals,0.00036911672368007356,0.07563025210084033,0.07563025210084033,-0.060892857142857165
psychology_share,Psychology Journals,0.0005080635626229643,0.1111111111111111,0.1111111111111111,0.041517857142857106
psychology_share,Psychology Journals,0.0008001419653239564,0.0,0.0,0.28508928571428566
psychology_share,Psychology Journals,0.0005521546876225619,1.0,1.0,0.08857142857142852
psychology_share,Psychology Journals,0.0002363671926851404,0.2929936305732484,0.2929936305732484,-0.15776785714285715
psychology_share,Psychology Journals,-0.0019052220340904278,0.42105263157894735,0.42105263157894735,-0.020666666666666667
psychology_share,Psychology Journals,0.000282729862512144,0.1875,0.1875,-0.11625000000000002
psychology_share,Psychology Journals,0.0027435099019570844,0.12195121951219512,0.12195121951219512,-0.16238095238095238
psychology_share,Psychology Journals,0.0017443512187295762,0.0,0.0,-0.21274509803921568
psychology_share,Psychology Journals,-0.0020739905974495932,1.0,1.0,-0.22733333333333333
psychology_share,Psychology Journals,0.00038654396015530426,0.23645320197044334,0.23645320197044334,-0.04428571428571432
psychology_share,Psychology Journals,0.00021372177937551489,0.17391304347826086,0.17391304347826086,-0.17160714285714287
psychology_share,Psychology Journals,0.00017413810360916514,0.22580645161290322,0.22580645161290322,-0.20205357142857144
psychology_share,Psychology Journals,-1.3299824171845175e-06,0.06060606060606061,0.06060606060606061,-0.31
psychology_share,Psychology Journals,-0.002223075187669334,0.3333333333333333,0.3333333333333333,-0.26866666666666666
psychology_share,Psychology Journals,0.004134585676966054,0.0,0.0,0.27352941176470585
psychology_share,Psychology Journals,-0.0002300767161092451,1.0,1.0,0.08985507246376812
psychology_share,Psychology Journals,0.0009524365492846586,0.18269230769230768,0.18269230769230768,-0.19780952380952382
psychology_share,Psychology Journals,-0.00046257895215077977,0.2857142857142857,0.2857142857142857,-0.10782608695652174
psychology_share,Psychology Journals,-0.0006696570129948958,0.09900990099009901,0.09900990099009901,-0.21115942028985507
psychology_share,Psychology Journals,-0.000298574125214231,0.05405405405405406,0.05405405405405406,0.04043478260869565
psychology_share,Psychology Journals,0.00023348255355525442,0.0,0.0,-0.16053571428571428
psychology_share,Psychology Journals,0.0007508640625018105,0.0,0.0,0.2629464285714285
psychology_share,Psychology Journals,0.0004996470071067244,1.0,1.0,0.024910714285714286
psychology_share,Psychology Journals,-0.000910997461878019,0.29411764705882354,0.29411764705882354,0.21565217391304353
psychology_share,Psychology Journals,-0.0018550332182744895,0.3333333333333333,0.3333333333333333,0.10333333333333333
psychology_share,Psychology Journals,-0.0005482695499124722,0.18840579710144928,0.18840579710144928,-0.1572463768115942
psychology_share,Psychology Journals,-0.00019361531533723992,0.08771929824561403,0.08771929824561403,0.12130434782608696
psychology_share,Psychology Journals,0.0008046781549344791,0.0,0.0,0.29339285714285707
psychology_share,Psychology Journals,0.0006940280971623512,1.0,1.0,0.21312499999999995
psychology_share,Psychology Journals,-0.0004807797027718028,0.2638190954773869,0.2638190954773869,-0.12130434782608696
psychology_share,Psychology Journals,0.002574351500076582,0.14012738853503184,0.14012738853503184,-0.29523809523809524
psychology_share,Psychology Journals,-0.0005416499499390494,0.05,0.05,-0.1527536231884058
psychology_share,Psychology Journals,0.003090215153557853,0.02631578947368421,0.02631578947368421,0.17714285714285716
psychology_share,Psychology Journals,0.00037754360926616046,0.0,0.0,-0.05535714285714288
psychology_share,Psychology Journals,-5.899521582497288e-05,1.0,1.0,0.27405797101449275
psychology_share,Psychology Journals,0.0006455348472660412,0.2112676056338028,0.2112676056338028,0.17437499999999995
psychology_share,Psychology Journals,0.006161149892963487,0.014705882352941176,0.014705882352941176,0.15499999999999997
psychology_share,Psychology Journals,0.013134275458765244,0.025,0.025,0.31
psychology_share,Psychology Journals,0.0060138763231755606,0.0,0.0,-0.155
psychology_share,Psychology Journals,9.775806922236576e-05,1.0,1.0,-0.24910714285714286
psychology_share,Psychology Journals,0.0002043362450923914,0.25252525252525254,0.25252525252525254,-0.17991071428571428
psychology_share,Psychology Journals,0.0025165928352334542,0.14634146341463414,0.14634146341463414,0.31
psychology_share,Psychology Journals,0.007499279441736104,0.030303030303030304,0.030303030303030304,0.31
psychology_share,Psychology Journals,0.003032456488714725,0.02564102564102564,0.02564102564102564,0.11809523809523814
psychology_share,Psychology Journals,0.0022506244595452848,0.0,0.0,0.06686274509803924
psychology_share,Psychology Journals,0.0008075794673745396,1.0,1.0,0.2989285714285714
psychology_share,Psychology Journals,0.00018591419650042796,0.33695652173913043,0.33695652173913043,-0.19098214285714288
psychology_share,Psychology Journals,-0.0008145034929933118,0.3333333333333333,0.3333333333333333,-0.2920289855072464
psychology_share,Psychology Journals,-0.0005000488571573595,0.11538461538461539,0.11538461538461539,-0.13028985507246377
psychology_share,Psychology Journals,-0.00023598075685908886,0.0625,0.0625,0.0763768115942029
psychology_share,Psychology Journals,0.003100129990251538,0.0,0.0,0.22142857142857147
psychology_share,Psychology Journals,0.0005385823545418343,1.0,1.0,0.06919642857142855
psychology_share,Psychology Journals,2.4561778548302078e-05,0.2923076923076923,0.2923076923076923,-0.290625
psychology_share,Psychology Journals,-0.0008482632049334975,0.2777777777777778,0.2777777777777778,0.31
psychology_share,Psychology Journals,0.00013262463595080316,0.047619047619047616,0.047619047619047616,-0.23249999999999998
psychology_share,Psychology Journals,-0.0004864568039124455,0.047619047619047616,0.047619047619047616,-0.12579710144927536
psychology_share,Psychology Journals,0.00040586754070030877,0.0,0.0,-0.01937500000000003
psychology_share,Psychology Journals,0.0018069903603093454,1.0,1.0,-0.1276470588235294
psychology_share,Psychology Journals,-0.005891184062863287,0.6966292134831461,0.6966292134831461,-0.31
psychology_share,Psychology Journals,0.0007507982727191041,0.07692307692307693,0.07692307692307693,0.2601785714285714
psychology_share,Psychology Journals,-0.001380045433316334,0.7796610169491526,0.7796610169491526,-0.10782608695652174
psychology_share,Psychology Journals,-0.00652305191675888,0.8070175438596491,0.8070175438596491,-0.31
psychology_share,Psychology Journals,0.0006352263656881953,0.0,0.0,0.16330357142857138
psychology_share,Psychology Journals,-0.0008398500282729212,1.0,1.0,-0.3055072463768116
psychology_share,Psychology Journals,0.009155270694831578,0.35,0.35,0.10333333333333333
psychology_share,Psychology Journals,0.006017776074305424,0.0,0.0,0.0
psychology_share,Psychology Journals,0.00889320446987046,0.45454545454545453,0.45454545454545453,-0.10333333333333333
psychology_share,Psychology Journals,0.007059395040703214,0.46153846153846156,0.46153846153846156,0.0
psychology_share,Psychology Journals,-0.008096991570652802,1.0,1.0,-0.20666666666666667
psychology_share,Psychology Journals,-0.008279996576325666,0.7619047619047619,0.7619047619047619,-0.31
psychology_share,Psychology Journals,0.004097154495900956,0.0,0.0,0.20058823529411757
psychology_share,Psychology Journals,-0.006365361493475811,0.8,0.8,-0.10333333333333333
psychology_share,Psychology Journals,-0.007897800003620632,0.9230769230769231,0.9230769230769231,-0.10333333333333333
psychology_share,Psychology Journals,-0.007718351755179561,1.0,1.0,0.10333333333333333
psychology_share,Psychology Journals,-6.129841876241917e-05,0.8636363636363636,0.8636363636363636,0.2695652173913044
psychology_share,Psychology Journals,-0.0009551975697661128,0.875,0.875,0.1617391304347826
psychology_share,Psychology Journals,-0.0010495044272412699,1.0,1.0,0.06739130434782609
psychology_share,Psychology Journals,-0.0008398500282729212,1.0,1.0,-0.31
psychology_share,Psychology Journals,-0.0003780435627894327,0.7692307692307693,0.7692307692307693,-0.03144927536231884
psychology_share,Psychology Journals,-0.001352546571297816,0.0,0.0,-0.0808695652173913
psychology_share,Psychology Journals,-6.485018736496089e-05,0.8823529411764706,0.8823529411764706,0.25608695652173913
psychology_share,Psychology Journals,-0.0009566027585759223,0.8235294117647058,0.8235294117647058,0.1482608695652174
psychology_share,Psychology Journals,-9.137391738739047e-05,1.0,1.0,0.2291304347826087
psychology_share,Psychology Journals,0.0014162067632354708,0.3594306049822064,0.3594306049822064,0.17419047619047617
psychology_share,Psychology Journals,0.0004700454613578806,0.40804597701149425,0.40804597701149425,0.011071428571428565
psychology_share,Psychology Journals,0.00174630598981321,0.45,0.45,-0.20058823529411762
psychology_share,Psychology Journals,4.342938422130368e-05,0.23121387283236994,0.23121387283236994,-0.28232142857142856
psychology_share,Psychology Journals,0.0006584872915926038,0.7,0.7,0.19098214285714282
psychology_share,Psychology Journals,-0.0005359956503750397,0.10204081632653061,0.10204081632653061,-0.13927536231884058
psychology_share,Psychology Journals,0.0019481968320962998,0.0,0.0,-0.07901960784313725
psychology_share,Psychology Journals,-0.0007659978690430968,1.0,1.0,-0.26057971014492753
psychology_share,Psychology Journals,0.001044842874327216,0.3816793893129771,0.3816793893129771,-0.08561904761904762
psychology_share,Psychology Journals,0.00025442191401385485,0.362962962962963,0.362962962962963,-0.13839285714285715
psychology_share,Psychology Journals,0.0012795743253260397,0.391304347826087,0.391304347826087,0.10923809523809525
psychology_share,Psychology Journals,-0.0003609544511215915,0.8846153846153846,0.8846153846153846,-0.004492753623188406
psychology_share,Psychology Journals,0.00031156951129351386,0.4375,0.4375,-0.09964285714285714
psychology_share,Psychology Journals,-0.0001248919736482967,0.5909090909090909,0.5909090909090909,0.19318840579710145
psychology_share,Psychology Journals,4.609250858253895e-06,0.2828282828282828,0.2828282828282828,-0.3044642857142857
psychology_share,Psychology Journals,0.0010517392654875563,0.44549763033175355,0.44549763033175355,-0.07971428571428571
psychology_share,Psychology Journals,0.0013032952835566353,0.35973597359735976,0.35973597359735976,0.12104761904761907
psychology_share,Psychology Journals,0.0017763480275997483,0.43243243243243246,0.43243243243243246,-0.17627450980392156
psychology_share,Psychology Journals,0.0006905381335182133,0.1875,0.1875,0.21035714285714285
psychology_share,Psychology Journals,0.002906855036593732,0.5,0.5,0.0
psychology_share,Psychology Journals,-0.00046536408407509683,0.045454545454545456,0.045454545454545456,-0.11231884057971014
psychology_share,Psychology Journals,0.0021170210571091063,0.0,0.0,0.006078431372549042
psychology_share,Psychology Journals,0.0005637011629874603,1.0,1.0,0.09964285714285709
psychology_share,Psychology Journals,0.0005397537734437138,0.34513274336283184,0.34513274336283184,0.07473214285714286
psychology_share,Psychology Journals,0.00022181733480928776,0.3008130081300813,0.3008130081300813,-0.1660714285714286
psychology_share,Psychology Journals,0.0017039936779660021,0.4583333333333333,0.4583333333333333,-0.28568627450980394
psychology_share,Psychology Journals,-0.008481203183105416,0.7692307692307693,0.7692307692307693,0.15499999999999997
psychology_share,Psychology Journals,0.000173886755121302,0.35294117647058826,0.35294117647058826,-0.20482142857142857
psychology_share,Psychology Journals,0.0005026609568262924,0.3333333333333333,0.3333333333333333,0.027678571428571386
psychology_share,Psychology Journals,0.0010675746635938148,0.35135135135135137,0.35135135135135137,-0.062
psychology_share,Psychology Journals,0.0009856958986815463,0.4117647058823529,0.4117647058823529,-0.15057142857142858
psychology_share,Psychology Journals,0.0007629661870201707,0.4096774193548387,0.4096774193548387,0.27124999999999994
psychology_share,Psychology Journals,0.0004048932257729697,0.3125,0.3125,-0.022142857142857186
psychology_share,Psychology Journals,0.00020440989623140174,0.20833333333333334,0.20833333333333334,-0.17714285714285716
psychology_share,Psychology Journals,-0.005957759761541231,0.5833333333333334,0.5833333333333334,0.31
psychology_share,Psychology Journals,-0.0009117418313786551,0.09230769230769231,0.09230769230769231,0.20217391304347826
psychology_share,Psychology Journals,0.0023445420534379227,0.0,0.0,0.17627450980392162
psychology_share,Psychology Journals,-0.00014552132291872308,1.0,1.0,0.17072463768115942
psychology_share,Psychology Journals,0.0012770209608590527,0.3879781420765027,0.3879781420765027,0.10333333333333333
psychology_share,Psychology Journals,0.000252451313107454,0.3804347826086957,0.3804347826086957,-0.1411607142857143
psychology_share,Psychology Journals,-0.00041470493941413525,0.6,0.6,-0.0808695652173913
psychology_share,Psychology Journals,-0.008885706282822196,0.8333333333333334,0.8333333333333334,-0.155
psychology_share,Psychology Journals,-0.0006942904629812067,0.5416666666666666,0.5416666666666666,-0.2291304347826087
psychology_share,Psychology Journals,0.0003173407987330547,0.34591194968553457,0.34591194968553457,-0.09410714285714286
psychology_share,Psychology Journals,0.0015854505652228336,0.42528735632183906,0.42528735632183906,0.27457142857142863
psychology_share,Psychology Journals,0.0010007679670137445,0.5625,0.5625,-0.12104761904761904
psychology_share,Psychology Journals,0.00044591243807571613,0.33509234828496043,0.33509234828496043,-0.0055357142857143105
psychology_share,Psychology Journals,0.0006530435663833249,0.2558139534883721,0.2558139534883721,0.17991071428571426
psychology_share,Psychology Journals,0.0009620500254639475,0.056,0.056,-0.18009523809523809
psychology_share,Psychology Journals,2.3910117535817762e-05,0.8571428571428571,0.8571428571428571,-0.2933928571428571
psychology_share,Psychology Journals,0.0011330160258289307,0.01904761904761905,0.01904761904761905,0.008857142857142841
psychology_share,Psychology Journals,-0.0019319782752154672,1.0,1.0,-0.10333333333333333
psychology_share,Psychology Journals,-0.0005348094697599162,0.34065934065934067,0.34065934065934067,-0.13478260869565217
psychology_share,Psychology Journals,-0.00023563817395459857,0.32786885245901637,0.32786885245901637,0.0808695652173913
psychology_share,Psychology Journals,-0.0017203404074707944,0.34375,0.34375,0.22733333333333333
psychology_share,Psychology Journals,-0.012530728898585601,0.6666666666666666,0.6666666666666666,0.0
psychology_share,Psychology Journals,-0.00026458169990469194,0.326271186440678,0.326271186440678,0.04942028985507246
psychology_share,Psychology Journals,-0.00038377439745473885,0.3652173913043478,0.3652173913043478,-0.04043478260869565
psychology_share,Psychology Journals,0.000885711819965209,0.2962962962962963,0.2962962962962963,-0.25685714285714284
psychology_share,Psychology Journals,0.001012833316099138,0.3484848484848485,0.3484848484848485,-0.10333333333333333
psychology_share,Psychology Journals,0.000509664079550778,0.17615658362989323,0.17615658362989323,0.04428571428571426
psychology_share,Psychology Journals,-0.0004720428983891652,0.6376811594202898,0.6376811594202898,-0.11681159420289855
psychology_share,Psychology Journals,0.0007347342137675975,0.057034220532319393,0.057034220532319393,0.2380357142857143
psychology_share,Psychology Journals,0.0008573954357590184,0.0,0.0,-0.29228571428571426
psychology_share,Psychology Journals,0.00010544435454473485,1.0,1.0,-0.2380357142857143
psychology_share,Psychology Journals,0.001958208454812953,0.36142857142857143,0.36142857142857143,-0.05470588235294116
psychology_share,Psychology Journals,0.0006579577281585596,0.26744186046511625,0.26744186046511625,0.1854464285714285
psychology_share,Psychology Journals,0.003318323665092387,0.12418300653594772,0.12418300653594772,0.31
psychology_share,Psychology Journals,0.002851292221943019,0.48148148148148145,0.48148148148148145,-0.059047619047619015
psychology_share,Psychology Journals,0.000512654031464094,0.055776892430278883,0.055776892430278883,0.04705357142857142
psychology_share,Psychology Journals,0.0006583374158225296,0.0,0.0,0.18821428571428567
psychology_share,Psychology Journals,0.0005076824962733544,1.0,1.0,0.03598214285714285
psychology_share,Psychology Journals,0.0006838967646640795,0.34,0.34,0.20482142857142854
psychology_share,Psychology Journals,0.0014522939443376572,0.3253588516746411,0.3253588516746411,0.19780952380952382
psychology_share,Psychology Journals,0.0012321972884455424,0.38513513513513514,0.38513513513513514,0.09152380952380951
psychology_share,Psychology Journals,0.0011954637526898186,0.4195804195804196,0.4195804195804196,0.05609523809523809
psychology_share,Psychology Journals,-0.0012708064973058625,0.34306569343065696,0.34306569343065696,-0.04043478260869565
psychology_share,Psychology Journals,-0.0010877264468207824,0.3076923076923077,0.3076923076923077,0.04043478260869565
psychology_share,Psychology Journals,0.00038774948108967564,0.17301038062283736,0.17301038062283736,-0.04151785714285716
psychology_share,Psychology Journals,0.0007736966674357105,0.3333333333333333,0.3333333333333333,0.27955357142857135
psychology_share,Psychology Journals,-0.0016706410121764103,0.3333333333333333,0.3333333333333333,-0.31
psychology_share,Psychology Journals,0.00030278057220378414,0.0,0.0,-0.11071428571428574
psychology_share,Psychology Journals,-0.00032878842869526385,1.0,1.0,0.02246376811594203
psychology_share,Psychology Journals,-0.001214129350761112,0.42105263157894735,0.42105263157894735,-0.026956521739130435
psychology_share,Psychology Journals,-0.00015799169540010234,0.3333333333333333,0.3333333333333333,0.1527536231884058
psychology_share,Psychology Journals,0.0007425668463133825,0.2396694214876033,0.2396694214876033,0.2546428571428571
psychology_share,Psychology Journals,0.0011029514155234826,0.42,0.42,-0.020666666666666667
psychology_share,Psychology Journals,0.0014876106929794344,0.4370860927152318,0.4370860927152318,0.20371428571428568
psychology_share,Psychology Journals,0.0011305566211539772,0.7222222222222222,0.7222222222222222,0.002952380952380984
psychology_share,Psychology Journals,0.006278195765480155,0.0273972602739726,0.0273972602739726,0.31
psychology_share,Psychology Journals,0.0036977798513542163,0.0,0.0,-0.12764705882352942
psychology_share,Psychology Journals,0.0005952801862602186,0.0,0.0,0.12178571428571427
psychology_share,Psychology Journals,0.0011693134451477704,1.0,1.0,0.038380952380952404
psychology_share,Psychology Journals,-0.0013882310117779026,0.3902439024390244,0.3902439024390244,-0.12130434782608696
psychology_share,Psychology Journals,6.38399670376056e-05,0.5789473684210527,0.5789473684210527,-0.27125
psychology_share,Psychology Journals,0.0010984303927605002,0.39473684210526316,0.39473684210526316,-0.02657142857142858
psychology_share,Psychology Journals,0.0009609225570283177,0.38235294117647056,0.38235294117647056,-0.186
psychology_share,Psychology Journals,-0.005985582192887207,0.8333333333333334,0.8333333333333334,0.10333333333333333
psychology_share,Psychology Journals,-0.001405376822517596,0.7777777777777778,0.7777777777777778,-0.1482608695652174
psychology_share,Psychology Journals,-0.0010888799001760254,1.0,1.0,0.026956521739130435
psychology_share,Psychology Journals,-0.005532150012267925,1.0,1.0,0.186
psychology_share,Psychology Journals,0.009594642016384426,0.5,0.5,-0.31
psychology_share,Psychology Journals,-0.0076871004656660444,0.8461538461538461,0.8461538461538461,0.2066666666666666
psychology_share,Psychology Journals,-0.0009519446418983174,1.0,1.0,0.17521739130434782
psychology_share,Psychology Journals,-0.0003609544511215915,0.8823529411764706,0.8823529411764706,0.0
psychology_share,Psychology Journals,-0.0007681505245826773,0.3652694610778443,0.3652694610778443,-0.26956521739130435
psychology_share,Psychology Journals,5.592253551127515e-05,0.3142857142857143,0.3142857142857143,-0.2767857142857143
psychology_share,Psychology Journals,0.0030871567981337685,0.1276595744680851,0.1276595744680851,0.14761904761904765
psychology_share,Psychology Journals,-0.002743086744687007,0.7777777777777778,0.7777777777777778,0.0
psychology_share,Psychology Journals,0.004296570698411116,0.015625,0.015625,-0.23249999999999998
psychology_share,Psychology Journals,0.003822121055354001,0.0,0.0,0.05470588235294116
psychology_share,Psychology Journals,-0.00199340865705814,1.0,1.0,-0.14466666666666667
psychology_share,Psychology Journals,0.0006239603033503773,0.3626943005181347,0.3626943005181347,0.15499999999999997
psychology_share,Psychology Journals,-3.420020750874469e-05,0.3125,0.3125,0.2920289855072464
psychology_share,Psychology Journals,0.00026597068443058396,0.1895424836601307,0.1895424836601307,-0.12455357142857143
psychology_share,Psychology Journals,-0.0007526828541867056,1.0,1.0,-0.25608695652173913
psychology_share,Psychology Journals,0.000556175667041033,0.033707865168539325,0.033707865168539325,0.09410714285714283
psychology_share,Psychology Journals,0.003607280071046146,0.0,0.0,-0.20058823529411765
psychology_share,Psychology Journals,-0.000340181033742381,1.0,1.0,0.013478260869565217
psychology_share,Psychology Journals,0.0012026671619927546,0.345679012345679,0.345679012345679,0.06790476190476191
psychology_share,Psychology Journals,9.247155713387808e-05,0.3333333333333333,0.3333333333333333,-0.25741071428571427
psychology_share,Psychology Journals,0.0032002815090848256,0.15862068965517243,0.15862068965517243,0.250952380952381
psychology_share,Psychology Journals,0.0028177508542493457,0.5454545454545454,0.5454545454545454,-0.08857142857142855
psychology_share,Psychology Journals,7.366565117599746e-05,0.03389830508474576,0.03389830508474576,-0.26571428571428574
psychology_share,Psychology Journals,0.0006158046154346417,0.0,0.0,0.14946428571428566
psychology_share,Psychology Journals,0.0005511717840115215,1.0,1.0,0.08580357142857142
psychology_share,Psychology Journals,0.001365192743352832,0.44256756756756754,0.44256756756756754,0.1623809523809524
psychology_share,Psychology Journals,0.0018240213131993698,0.48,0.48,-0.10333333333333333
psychology_share,Psychology Journals,-0.00035503155833820917,0.23577235772357724,0.23577235772357724,0.004492753623188406
psychology_share,Psychology Journals,0.002892742517662756,0.5,0.5,-0.014761904761904754
psychology_share,Psychology Journals,0.0007051485209500281,0.17647058823529413,0.17647058823529413,0.22142857142857136
psychology_share,Psychology Journals,0.0019520965832261633,0.0,0.0,-0.06686274509803919
psychology_share,Psychology Journals,0.0007697720682843309,1.0,1.0,0.27678571428571425
psychology_share,Psychology Journals,0.0015787304011517476,0.16055363321799307,0.16055363321799307,0.2627619047619048
psychology_share,Psychology Journals,-8.893937163154235e-05,0.19142857142857142,0.19142857142857142,0.23362318840579716
psychology_share,Psychology Journals,0.0020963730817515304,0.12195121951219512,0.12195121951219512,-0.006078431372548987
psychology_share,Psychology Journals,0.0015874299351432183,0.35714285714285715,0.35714285714285715,0.2804761904761905
psychology_share,Psychology Journals,-0.0006180315858578453,0.07960199004975124,0.07960199004975124,-0.17521739130434782
psychology_share,Psychology Journals,-0.0016139249921632184,0.0,0.0,-0.2965217391304348
psychology_share,Psychology Journals,-0.0014010843912070586,0.0,0.0,-0.13478260869565217
psychology_share,Psychology Journals,0.0016699587989216476,1.0,1.0,0.31
psychology_share,Psychology Journals,0.0028907218142575726,0.1393939393939394,0.1393939393939394,-0.029523809523809508
psychology_share,Psychology Journals,0.001181427814674346,0.12195121951219512,0.12195121951219512,0.04428571428571432
psychology_share,Psychology Journals,1.8952523828678653e-05,0.21875,0.21875,-0.2961607142857143
psychology_share,Psychology Journals,-0.0003738126118077999,0.6521739130434783,0.6521739130434783,-0.026956521739130435
psychology_share,Psychology Journals,-0.00036907838843648546,0.3103448275862069,0.3103448275862069,-0.017971014492753623
psychology_share,Psychology Journals,0.0002492369392547886,0.23076923076923078,0.23076923076923078,-0.1466964285714286
psychology_share,Psychology Journals,0.0007854761892612226,0.31746031746031744,0.31746031746031744,0.28232142857142856
psychology_share,Psychology Journals,0.0016922216545294793,0.1262135922330097,0.1262135922330097,-0.31
psychology_share,Psychology Journals,0.0015675866898616025,0.1455026455026455,0.1455026455026455,0.25685714285714284
psychology_share,Psychology Journals,-0.0002216093719736806,0.10204081632653061,0.10204081632653061,0.09434782608695652
psychology_share,Psychology Journals,-6.4489077136222e-05,0.275,0.275,0.2605797101449275
psychology_share,Psychology Journals,-0.0004505346944925971,0.07391304347826087,0.07391304347826087,-0.09884057971014493
psychology_share,Psychology Journals,0.0006121733005062974,0.05357142857142857,0.05357142857142857,0.14116071428571425
psychology_share,Psychology Journals,0.0008701212455219401,0.0,0.0,-0.2804761904761905
psychology_share,Psychology Journals,0.00023913996588698165,1.0,1.0,-0.14946428571428572
psychology_share,Psychology Journals,0.002796866758782284,0.12169312169312169,0.12169312169312169,-0.13285714285714284
psychology_share,Psychology Journals,0.0017904933321918719,0.14150943396226415,0.14150943396226415,-0.15196078431372548
psychology_share,Psychology Journals,-0.01431248570397157,0.1694915254237288,0.1694915254237288,0.0
psychology_share,Psychology Journals,0.008823692689249622,0.42857142857142855,0.42857142857142855,-0.31
psychology_share,Psychology Journals,4.109998735104388e-06,0.2727272727272727,0.2727272727272727,-0.30723214285714284
psychology_share,Psychology Journals,0.001634655124146167,0.15,0.15,0.2922857142857143
psychology_share,Psychology Journals,-0.000665923574237907,0.10185185185185185,0.10185185185185185,-0.20666666666666667
psychology_share,Psychology Journals,-0.00036761478788234573,0.10576923076923077,0.10576923076923077,-0.013478260869565217
psychology_share,Psychology Journals,0.0017293873423517567,0.1618798955613577,0.1618798955613577,-0.22490196078431374
psychology_share,Psychology Journals,0.002615309506997811,0.13186813186813187,0.13186813186813187,-0.22142857142857142
psychology_share,Psychology Journals,-0.0002329457266918746,0.2564102564102564,0.2564102564102564,0.08536231884057971
psychology_share,Psychology Journals,0.0018079102056303,0.03571428571428571,0.03571428571428571,-0.11549019607843136
psychology_share,Psychology Journals,0.0008439362037907847,0.017857142857142856,0.017857142857142856,-0.31
psychology_share,Psychology Journals,0.0024864132147828528,0.0,0.0,0.28568627450980394
psychology_share,Psychology Journals,-0.0007114794673480295,1.0,1.0,-0.2381159420289855
psychology_share,Psychology Journals,0.0026050795841176142,0.15577889447236182,0.15577889447236182,-0.2657142857142857
psychology_share,Psychology Journals,0.0010776322297790578,0.12371134020618557,0.12371134020618557,-0.04428571428571426
psychology_share,Psychology Journals,0.00036172800847233727,0.17647058823529413,0.17647058823529413,-0.06919642857142858
psychology_share,Psychology Journals,0.005613705548714958,0.2857142857142857,0.2857142857142857,0.0
psychology_share,Psychology Journals,0.000539676312685415,0.25510204081632654,0.25510204081632654,0.0719642857142857
psychology_share,Psychology Journals,-1.518191394052324e-05,0.104,0.104,0.31
psychology_share,Psychology Journals,0.0025832471051883544,0.15126050420168066,0.15126050420168066,-0.2804761904761905
psychology_share,Psychology Journals,0.002816438286761474,0.14634146341463414,0.14634146341463414,-0.10333333333333333
psychology_share,Psychology Journals,0.0022682275190985305,0.15737704918032788,0.15737704918032788,0.0911764705882353
psychology_share,Psychology Journals,-3.0416866845091995e-05,0.1092436974789916,0.1092436974789916,0.3010144927536232
psychology_share,Psychology Journals,-0.005609538463294482,0.12121212121212122,0.12121212121212122,0.062
psychology_share,Psychology Journals,0.00103330501011095,0.06422018348623854,0.06422018348623854,-0.09742857142857142
psychology_share,Psychology Journals,0.000759878077261709,0.05084745762711865,0.05084745762711865,0.26848214285714284
psychology_share,Psychology Journals,0.004175722544926682,0.0,0.0,0.31
psychology_share,Psychology Journals,0.0003628840022559515,1.0,1.0,-0.06642857142857145
psychology_share,Psychology Journals,0.0003174823783076549,0.19576719576719576,0.19576719576719576,-0.09133928571428573
psychology_share,Psychology Journals,-6.759505608310521e-05,0.09523809523809523,0.09523809523809523,0.24710144927536232
psychology_share,Psychology Journals,0.0006429962965131525,0.05357142857142857,0.05357142857142857,0.17160714285714285
psychology_share,Psychology Journals,0.008356897071843838,0.5,0.5,0.31
psychology_share,Psychology Journals,0.0014883660497822058,0.1404494382022472,0.1404494382022472,0.20961904761904765
psychology_share,Psychology Journals,0.003013871795011175,0.1625,0.1625,0.07380952380952382
psychology_share,Psychology Journals,0.0030680640210647555,0.16666666666666666,0.16666666666666666,0.1328571428571429
psychology_share,Psychology Journals,-0.0006385102672290409,0.36363636363636365,0.36363636363636365,-0.19318840579710145
psychology_share,Psychology Journals,-0.0014273138029369918,0.11666666666666667,0.11666666666666667,-0.20217391304347826
psychology_share,Psychology Journals,-0.0014722308187898989,0.26785714285714285,0.26785714285714285,-0.2291304347826087
psychology_share,Psychology Journals,-0.00039319023881864636,0.06385869565217392,0.06385869565217392,-0.058405797101449275
psychology_share,Psychology Journals,0.00017019821181508035,0.033816425120772944,0.033816425120772944,-0.21035714285714285
psychology_share,Psychology Journals,0.0029304678738948024,0.0,0.0,0.014761904761904754
psychology_share,Psychology Journals,-0.0003667312405840589,1.0,1.0,-0.008985507246376812
psychology_share,Psychology Journals,0.002940703546490296,0.15363881401617252,0.15363881401617252,0.029523809523809563
psychology_share,Psychology Journals,0.003014908544125025,0.14035087719298245,0.14035087719298245,0.08857142857142858
psychology_share,Psychology Journals,0.0023886151664829812,0.2972972972972973,0.2972972972972973,0.21274509803921576
psychology_share,Psychology Journals,0.0012274527302508472,0.026058631921824105,0.026058631921824105,0.08561904761904765
psychology_share,Psychology Journals,0.00017019821181508035,0.03535353535353535,0.03535353535353535,-0.213125
psychology_share,Psychology Journals,0.0023478394058580464,0.0,0.0,0.18843137254901965
psychology_share,Psychology Journals,-0.00012843298633744105,1.0,1.0,0.18869565217391304
psychology_share,Psychology Journals,0.00040373791103136183,0.26490066225165565,0.26490066225165565,-0.024910714285714286
psychology_share,Psychology Journals,0.0033012428946463655,0.16,0.16,0.29523809523809524
psychology_share,Psychology Journals,-0.0006805344336820347,0.11242603550295859,0.11242603550295859,-0.22014492753623188
psychology_share,Psychology Journals,-0.00033732270668076163,0.10931174089068826,0.10931174089068826,0.017971014492753623
psychology_share,Psychology Journals,0.0011561795556607527,0.12538226299694188,0.12538226299694188,0.03247619047619049
psychology_share,Psychology Journals,-0.0007505656008920385,0.2692307692307692,0.2692307692307692,-0.2515942028985507
psychology_share,Psychology Journals,0.0014230270401621315,0.16666666666666666,0.16666666666666666,0.18009523809523809
psychology_share,Psychology Journals,-0.00031270017982327374,0.061946902654867256,0.061946902654867256,0.03144927536231884
psychology_share,Psychology Journals,0.0017045685408677211,0.0,0.0,-0.2735294117647059
psychology_share,Psychology Journals,0.0010911426209720585,0.0,0.0,-0.03838095238095235
psychology_share,Psychology Journals,-0.0008986698644101751,1.0,1.0,0.24260869565217386
psychology_share,Psychology Journals,0.0005193471537267332,0.1728395061728395,0.1728395061728395,0.05812499999999998
psychology_share,Psychology Journals,-8.532404943720959e-05,0.11235955056179775,0.11235955056179775,0.2381159420289855
psychology_share,Psychology Journals,-0.0006384429915228838,0.10344827586206896,0.10344827586206896,-0.18420289855072464
psychology_share,Psychology Journals,-0.0005878610601374588,0.11428571428571428,0.11428571428571428,-0.166231884057971
psychology_share,Psychology Journals,0.0017282789940090818,0.15789473684210525,0.15789473684210525,-0.23705882352941177
psychology_share,Psychology Journals,0.0008085569375622322,0.06474820143884892,0.06474820143884892,0.3016964285714285
psychology_share,Psychology Journals,0.0009777275143879503,0.0851063829787234,0.0851063829787234,-0.15647619047619046
psychology_share,Psychology Journals,0.0030909048775169716,0.026845637583892617,0.026845637583892617,0.19190476190476197
psychology_share,Psychology Journals,0.0022108417816834296,0.0,0.0,0.04254901960784313
psychology_share,Psychology Journals,0.0001733765005740204,1.0,1.0,-0.20758928571428573
psychology_share,Psychology Journals,0.0017025397696412577,0.13861386138613863,0.13861386138613863,-0.29784313725490197
psychology_share,Psychology Journals,0.0006003830513361027,0.04918032786885246,0.04918032786885246,0.13008928571428569
psychology_share,Psychology Journals,0.00025773829461295787,0.2962962962962963,0.2962962962962963,-0.13285714285714287
psychology_share,Psychology Journals,8.50298582457916e-06,0.1935483870967742,0.1935483870967742,-0.3016964285714286
psychology_share,Psychology Journals,0.009181427482708768,0.5365853658536586,0.5365853658536586,0.31
psychology_share,Psychology Journals,0.0007507982727191041,0.07692307692307693,0.07692307692307693,0.2574107142857142
psychology_share,Psychology Journals,-0.0013563157266853866,0.782608695652174,0.782608695652174,-0.09434782608695652
psychology_share,Psychology Journals,-0.013089732106531696,0.6333333333333333,0.6333333333333333,-0.31
psychology_share,Psychology Journals,0.0006352263656881953,0.0,0.0,0.16053571428571423
psychology_share,Psychology Journals,-0.0009120167270541742,1.0,1.0,0.18869565217391304
psychology_share,Psychology Journals,0.009861130850661544,0.25,0.25,0.10333333333333333
psychology_share,Psychology Journals,0.006898678046036374,0.625,0.625,-0.31
psychology_share,Psychology Journals,-0.0015508615361679912,0.75,0.75,-0.26956521739130435
psychology_share,Psychology Journals,0.00265934587706926,0.5555555555555556,0.5555555555555556,-0.20666666666666667
psychology_share,Psychology Journals,0.0007334954019755075,0.20754716981132076,0.20754716981132076,0.23526785714285708
psychology_share,Psychology Journals,0.0010521058301455979,0.08888888888888889,0.08888888888888889,-0.0738095238095238
psychology_share,Psychology Journals,0.0002546957985765761,0.19444444444444445,0.19444444444444445,-0.13562500000000002
psychology_share,Psychology Journals,0.0004443076741671852,0.1,0.1,-0.008303571428571466
psychology_share,Psychology Journals,0.001296610846009268,0.07692307692307693,0.07692307692307693,0.11514285714285716
psychology_share,Psychology Journals,0.003747287745820674,0.0,0.0,-0.0911764705882353
psychology_share,Psychology Journals,-0.0008824712487642063,1.0,1.0,0.28304347826086956
psychology_share,Psychology Journals,0.001509368138366408,0.1484593837535014,0.1484593837535014,0.22142857142857147
psychology_share,Psychology Journals,0.0009662760079892077,0.0759493670886076,0.0759493670886076,-0.16238095238095238
psychology_share,Psychology Journals,0.00018207842453404538,0.2619047619047619,0.2619047619047619,-0.19651785714285713
psychology_share,Psychology Journals,0.0005187430736109959,0.06626506024096386,0.06626506024096386,0.05535714285714283
psychology_share,Psychology Journals,0.003804092228255928,0.0,0.0,0.018235294117647072
psychology_share,Psychology Journals,0.003455005823518487,0.0,0.0,-0.31
psychology_share,Psychology Journals,-0.00045167255374655986,1.0,1.0,-0.10333333333333333
psychology_share,Psychology Journals,0.0016564426547583564,0.1687116564417178,0.1687116564417178,0.30409523809523814
psychology_share,Psychology Journals,0.0006745424624781796,0.2549019607843137,0.2549019607843137,0.19374999999999992
psychology_share,Psychology Journals,-0.00013474464280963745,0.34285714285714286,0.34285714285714286,0.17971014492753623
psychology_share,Psychology Journals,-3.06287343247819e-05,0.06382978723404255,0.06382978723404255,0.2965217391304347
psychology_share,Psychology Journals,0.00033498949319568064,0.061224489795918366,0.061224489795918366,-0.08857142857142858
psychology_share,Psychology Journals,0.002270053605884155,0.0,0.0,0.10333333333333333
psychology_share,Psychology Journals,0.0001018453849061833,1.0,1.0,-0.24357142857142858
psychology_share,Psychology Journals,0.002815977906263062,0.1298342541436464,0.1298342541436464,-0.11809523809523809
psychology_share,Psychology Journals,-0.0006803927146204736,0.11428571428571428,0.11428571428571428,-0.21565217391304348
psychology_share,Psychology Journals,0.0014301125979457527,0.42105263157894735,0.42105263157894735,0.19190476190476197
psychology_share,Psychology Journals,0.0006157653363910276,0.03879310344827586,0.03879310344827586,0.14669642857142856
psychology_share,Psychology Journals,0.0005462030682315269,0.018867924528301886,0.018867924528301886,0.08303571428571427
psychology_share,Psychology Journals,0.0008753067895557058,0.0,0.0,-0.26866666666666666
psychology_share,Psychology Journals,0.0005548074249348283,1.0,1.0,0.09133928571428568
psychology_share,Psychology Journals,-0.00039856281804099013,0.2822695035460993,0.2822695035460993,-0.06739130434782609
psychology_share,Psychology Journals,0.0028317264931802255,0.13529411764705881,0.13529411764705881,-0.0738095238095238
psychology_share,Psychology Journals,0.003246467607016569,0.15023474178403756,0.15023474178403756,0.2804761904761905
psychology_share,Psychology Journals,0.002883063002551691,0.13836477987421383,0.13836477987421383,-0.04428571428571426
psychology_share,Psychology Journals,0.0014108164626273887,0.038834951456310676,0.038834951456310676,0.16828571428571432
psychology_share,Psychology Journals,0.0037671757365144373,0.0,0.0,-0.018235294117647072
psychology_share,Psychology Journals,-0.0019229972407214014,1.0,1.0,-0.062
psychology_share,Psychology Journals,-7.533722735702385e-05,0.2597577388963661,0.2597577388963661,0.24260869565217386
psychology_share,Psychology Journals,0.004323997344480047,0.16535433070866143,0.16535433070866143,-0.155
psychology_share,Psychology Journals,0.00033915336706316407,0.20512820512820512,0.20512820512820512,-0.0830357142857143
psychology_share,Psychology Journals,0.0015584153989463508,0.12921348314606743,0.12921348314606743,0.250952380952381
psychology_share,Psychology Journals,0.0012020147753171034,0.01935483870967742,0.01935483870967742,0.062
psychology_share,Psychology Journals,0.0034748938142122503,0.0,0.0,-0.2735294117647059
psychology_share,Psychology Journals,-0.0001988010252416948,1.0,1.0,0.10782608695652174
psychology_share,Psychology Journals,4.552633407679727e-05,0.2569230769230769,0.2569230769230769,-0.2795535714285714
psychology_share,Psychology Journals,-0.00039589589776003575,0.28,0.28,-0.06289855072463768
psychology_share,Psychology Journals,0.0006834793611099119,0.19444444444444445,0.19444444444444445,0.20205357142857144
psychology_share,Psychology Journals,-0.000704383202877153,0.11428571428571428,0.11428571428571428,-0.2336231884057971
psychology_share,Psychology Journals,-0.0007701288322150322,0.046296296296296294,0.046296296296296294,-0.27405797101449275
psychology_share,Psychology Journals,0.0006960733653792455,0.0,0.0,0.21866071428571426
psychology_share,Psychology Journals,0.00014333704628265444,1.0,1.0,-0.22973214285714286
psychology_share,Psychology Journals,-0.0002408518298591706,0.270516717325228,0.270516717325228,0.07188405797101449
psychology_share,Psychology Journals,-0.0002773209276765051,0.26666666666666666,0.26666666666666666,0.04492753623188406
psychology_share,Psychology Journals,-0.001487045865018734,0.2605633802816901,0.2605633802816901,-0.2426086956521739
psychology_share,Psychology Journals,-0.00042791803072363225,0.08527131782945736,0.08527131782945736,-0.08985507246376812
psychology_share,Psychology Journals,-0.00019015441998737392,0.09615384615384616,0.09615384615384616,0.12579710144927536
psychology_share,Psychology Journals,0.0006087303142118895,0.0,0.0,0.1383928571428571
psychology_share,Psychology Journals,0.0006778203338782159,1.0,1.0,0.19928571428571423
mathphysics_share,Math/Physics Journals,0.0016911735339503067,0.330945558739255,0.330945558739255,-0.21362694300518134
mathphysics_share,Math/Physics Journals,0.001792002533517389,0.47540983606557374,0.47540983606557374,-0.1365284974093264
mathphysics_share,Math/Physics Journals,-6.058477275955686e-05,0.13100436681222707,0.13100436681222707,0.014761904761904754
mathphysics_share,Math/Physics Journals,-0.00940232769064123,1.0,1.0,0.15499999999999997
mathphysics_share,Math/Physics Journals,-0.0006014950705193343,0.047058823529411764,0.047058823529411764,0.31
mathphysics_share,Math/Physics Journals,0.0018932366246660563,0.0,0.0,-0.059430051813471496
mathphysics_share,Math/Physics Journals,0.0004294274161467891,0.17703349282296652,0.17703349282296652,0.2804761904761905
mathphysics_share,Math/Physics Journals,0.002651833081343256,0.34797297297297297,0.34797297297297297,-0.2706349206349206
mathphysics_share,Math/Physics Journals,-0.0022415126877176846,0.21052631578947367,0.21052631578947367,0.0
mathphysics_share,Math/Physics Journals,0.0015162692488621156,0.025,0.025,0.2804761904761905
mathphysics_share,Math/Physics Journals,-0.008119847864472798,1.0,1.0,0.26866666666666666
mathphysics_share,Math/Physics Journals,0.0001707451146762835,0.012195121951219513,0.012195121951219513,0.10333333333333333
mathphysics_share,Math/Physics Journals,0.0012748008784305902,0.0,0.0,0.11809523809523814
mathphysics_share,Math/Physics Journals,-0.0009620715130344209,0.0410958904109589,0.0410958904109589,0.15499999999999997
mathphysics_share,Math/Physics Journals,0.0012376542785507852,0.5555555555555556,0.5555555555555556,0.06888888888888889
mathphysics_share,Math/Physics Journals,0.004004128796953693,0.2857142857142857,0.2857142857142857,-0.12255813953488373
mathphysics_share,Math/Physics Journals,0.0015652992980924453,0.1836734693877551,0.1836734693877551,-0.29715025906735754
mathphysics_share,Math/Physics Journals,0.0022300997256609507,0.3824884792626728,0.3824884792626728,0.17829015544041454
mathphysics_share,Math/Physics Journals,0.001894681449837319,0.28110599078341014,0.28110599078341014,-0.05621761658031088
mathphysics_share,Math/Physics Journals,0.005538091063895767,0.0,0.0,0.030999999999999972
mathphysics_share,Math/Physics Journals,0.0008009019607077118,0.0,0.0,-0.20174603174603173
mathphysics_share,Math/Physics Journals,-0.00954394788868502,1.0,1.0,0.09300000000000003
mathphysics_share,Math/Physics Journals,-0.010081189332356001,1.0,1.0,-0.279
mathphysics_share,Math/Physics Journals,0.0013455165704309529,0.0,0.0,0.1623809523809524
mathphysics_share,Math/Physics Journals,-0.00015521347534194605,0.0847457627118644,0.0847457627118644,-0.08857142857142855
mathphysics_share,Math/Physics Journals,0.0030767645144727834,0.07692307692307693,0.07692307692307693,0.024603174603174627
mathphysics_share,Math/Physics Journals,0.0012678508848111862,0.4166666666666667,0.4166666666666667,0.1131746031746032
mathphysics_share,Math/Physics Journals,0.0015243317104012015,0.2542372881355932,0.2542372881355932,0.30015873015873024
mathphysics_share,Math/Physics Journals,0.00198516158897828,0.2892561983471074,0.2892561983471074,0.01766839378238344
mathphysics_share,Math/Physics Journals,0.0018849034416693277,0.3,0.3,-0.06264248704663211
mathphysics_share,Math/Physics Journals,-0.0054159717889959574,0.7241379310344828,0.7241379310344828,0.0
mathphysics_share,Math/Physics Journals,0.0027090871478173423,0.02702702702702703,0.02702702702702703,-0.21158730158730157
mathphysics_share,Math/Physics Journals,-0.009239115300246367,1.0,1.0,0.31
mathphysics_share,Math/Physics Journals,0.0022730372894100292,0.0,0.0,0.18471502590673577
mathphysics_share,Math/Physics Journals,0.001534950329110429,0.03125,0.03125,-0.31
mathphysics_share,Math/Physics Journals,0.0023446264229508213,0.3333333333333333,0.3333333333333333,0.24575129533678758
mathphysics_share,Math/Physics Journals,0.001932645683228441,0.3333333333333333,0.3333333333333333,-0.03373056994818652
mathphysics_share,Math/Physics Journals,0.0016890803386096203,0.21875,0.21875,-0.21683937823834196
mathphysics_share,Math/Physics Journals,0.0014177883944454153,0.3333333333333333,0.3333333333333333,0.2115873015873016
mathphysics_share,Math/Physics Journals,-0.002980899136911414,0.6326530612244898,0.6326530612244898,0.31
mathphysics_share,Math/Physics Journals,-0.0025320074261031655,0.75,0.75,-0.20666666666666667
mathphysics_share,Math/Physics Journals,-0.002256732223175044,0.7777777777777778,0.7777777777777778,-0.051666666666666694
mathphysics_share,Math/Physics Journals,-0.00899799202604719,1.0,1.0,-0.186
mathphysics_share,Math/Physics Journals,0.0022872603157334686,0.0,0.0,0.19756476683937824
mathphysics_share,Math/Physics Journals,-0.0032762132136329907,0.7368421052631579,0.7368421052631579,0.0
mathphysics_share,Math/Physics Journals,-0.005357648968452651,0.6666666666666666,0.6666666666666666,0.04428571428571426
mathphysics_share,Math/Physics Journals,-0.004425853588777262,0.8,0.8,0.0
mathphysics_share,Math/Physics Journals,0.0024128412742267435,0.5625,0.5625,0.26502590673575127
mathphysics_share,Math/Physics Journals,-0.00344517968597277,0.64,0.64,-0.20666666666666667
mathphysics_share,Math/Physics Journals,-0.0005399169913167348,0.28888888888888886,0.28888888888888886,-0.2804761904761905
mathphysics_share,Math/Physics Journals,0.00039676108295126985,0.5714285714285714,0.5714285714285714,0.26571428571428574
mathphysics_share,Math/Physics Journals,0.0020712199345587217,0.15,0.15,0.07870466321243524
mathphysics_share,Math/Physics Journals,-0.006253839996762883,1.0,1.0,0.14090909090909093
mathphysics_share,Math/Physics Journals,0.0016663537357232995,0.3333333333333333,0.3333333333333333,-0.23290155440414506
mathphysics_share,Math/Physics Journals,0.0019157084087194829,0.1875,0.1875,-0.043367875647668364
mathphysics_share,Math/Physics Journals,0.0016162213857340536,0.3783783783783784,0.3783783783783784,-0.2521761658031088
mathphysics_share,Math/Physics Journals,-0.005193467182646649,0.625,0.625,0.22142857142857136
mathphysics_share,Math/Physics Journals,0.0024717192461904836,0.14814814814814814,0.14814814814814814,0.2875129533678757
mathphysics_share,Math/Physics Journals,-0.012905458568760412,1.0,1.0,-0.17222222222222222
mathphysics_share,Math/Physics Journals,0.0014680782309333762,0.0,0.0,0.2460317460317461
mathphysics_share,Math/Physics Journals,0.0036455374402763136,0.0,0.0,0.30015873015873024
mathphysics_share,Math/Physics Journals,0.003022130667432858,0.24,0.24,-0.004920634920634881
mathphysics_share,Math/Physics Journals,0.0007557547310936499,0.24691358024691357,0.24691358024691357,-0.22142857142857142
mathphysics_share,Math/Physics Journals,0.0024178186426539044,0.2857142857142857,0.2857142857142857,0.268238341968912
mathphysics_share,Math/Physics Journals,0.001226978101734243,0.15384615384615385,0.15384615384615385,0.0492063492063492
mathphysics_share,Math/Physics Journals,-0.010543972014354659,1.0,1.0,0.26866666666666666
mathphysics_share,Math/Physics Journals,0.0014011648644019817,0.05555555555555555,0.05555555555555555,0.19682539682539685
mathphysics_share,Math/Physics Journals,0.0024945507603646657,0.0,0.0,0.29715025906735754
mathphysics_share,Math/Physics Journals,0.0022776261245585896,0.22916666666666666,0.22916666666666666,0.19435233160621762
mathphysics_share,Math/Physics Journals,0.0017182311254821607,0.3597122302158273,0.3597122302158273,-0.19435233160621762
mathphysics_share,Math/Physics Journals,0.0028129636476772885,0.5,0.5,-0.14269841269841269
mathphysics_share,Math/Physics Journals,-0.00017920731519160276,0.1111111111111111,0.1111111111111111,-0.11809523809523809
mathphysics_share,Math/Physics Journals,-0.009701202957801499,1.0,1.0,0.062
mathphysics_share,Math/Physics Journals,-0.0003925385197740234,0.03333333333333333,0.03333333333333333,-0.1919047619047619
mathphysics_share,Math/Physics Journals,0.002090804372001169,0.0,0.0,0.10119170984455961
mathphysics_share,Math/Physics Journals,-0.0004113411784793261,0.14166666666666666,0.14166666666666666,-0.20666666666666667
mathphysics_share,Math/Physics Journals,0.0016149505812696882,0.3671071953010279,0.3671071953010279,-0.2553886010362694
mathphysics_share,Math/Physics Journals,0.0020424569480582628,0.3488372093023256,0.3488372093023256,0.046580310880829034
mathphysics_share,Math/Physics Journals,0.003215341256285162,0.06521739130434782,0.06521739130434782,0.1131746031746032
mathphysics_share,Math/Physics Journals,-0.01205038327459516,1.0,1.0,-0.10333333333333333
mathphysics_share,Math/Physics Journals,0.002069832575207081,0.08,0.08,0.0690673575129534
mathphysics_share,Math/Physics Journals,0.005688427951078491,0.0,0.0,0.21700000000000003
mathphysics_share,Math/Physics Journals,0.0022038846586447773,0.16463414634146342,0.16463414634146342,0.1622279792746114
mathphysics_share,Math/Physics Journals,0.0019843774925807044,0.347682119205298,0.347682119205298,0.014455958549222825
mathphysics_share,Math/Physics Journals,0.0016255985510198238,0.14705882352941177,0.14705882352941177,-0.2489637305699482
mathphysics_share,Math/Physics Journals,0.004052051445514419,0.0,0.0,-0.09372093023255815
mathphysics_share,Math/Physics Journals,-0.009751096347713876,1.0,1.0,0.0
mathphysics_share,Math/Physics Journals,0.002069832575207081,0.05319148936170213,0.05319148936170213,0.07227979274611401
mathphysics_share,Math/Physics Journals,0.004929872808571637,0.0,0.0,-0.217
mathphysics_share,Math/Physics Journals,0.0022763127401598943,0.04838709677419355,0.04838709677419355,0.191139896373057
mathphysics_share,Math/Physics Journals,0.0014061658397068362,0.22857142857142856,0.22857142857142856,0.20174603174603173
mathphysics_share,Math/Physics Journals,0.002673100831023473,0.14925373134328357,0.14925373134328357,-0.23126984126984126
mathphysics_share,Math/Physics Journals,0.0014646087940052065,0.3333333333333333,0.3333333333333333,0.23619047619047623
mathphysics_share,Math/Physics Journals,0.0010907218331404388,0.5132743362831859,0.5132743362831859,-0.01968253968253969
mathphysics_share,Math/Physics Journals,0.0012579485734359925,0.4104803493449782,0.4104803493449782,0.09841269841269845
mathphysics_share,Math/Physics Journals,0.002017449733504324,0.06666666666666667,0.06666666666666667,0.03694300518134719
mathphysics_share,Math/Physics Journals,0.004674891660888406,0.019801980198019802,0.019801980198019802,0.31
mathphysics_share,Math/Physics Journals,-0.014488773046799318,1.0,1.0,0.31
mathphysics_share,Math/Physics Journals,-0.007248268632507435,0.75,0.75,0.062
mathphysics_share,Math/Physics Journals,0.0034589742053502195,0.0,0.0,0.250952380952381
mathphysics_share,Math/Physics Journals,0.0018147040780892658,0.19230769230769232,0.19230769230769232,-0.12689119170984456
mathphysics_share,Math/Physics Journals,-0.00014289958112398933,0.5384615384615384,0.5384615384615384,-0.059047619047619015
mathphysics_share,Math/Physics Journals,0.0011093923329216506,0.4142857142857143,0.4142857142857143,-0.014761904761904754
mathphysics_share,Math/Physics Journals,0.0018432994943865244,0.36666666666666664,0.36666666666666664,-0.09476683937823832
mathphysics_share,Math/Physics Journals,0.0006753060407637852,0.4186046511627907,0.4186046511627907,-0.2607936507936508
mathphysics_share,Math/Physics Journals,0.0019678088597910506,0.29906542056074764,0.29906542056074764,-0.008031088082901539
mathphysics_share,Math/Physics Journals,-0.006661121733228076,0.6363636363636364,0.6363636363636364,-0.25363636363636366
mathphysics_share,Math/Physics Journals,0.004658248504208784,0.023809523809523808,0.023809523809523808,0.29558139534883715
mathphysics_share,Math/Physics Journals,-0.01205405353681236,1.0,1.0,-0.17222222222222222
mathphysics_share,Math/Physics Journals,0.0030627798189700023,0.0,0.0,0.014761904761904754
mathphysics_share,Math/Physics Journals,0.0028517317969097146,0.0625,0.0625,-0.11317460317460315
mathphysics_share,Math/Physics Journals,0.0008795478071996188,0.16666666666666666,0.16666666666666666,-0.15253968253968253
mathphysics_share,Math/Physics Journals,0.001841230439263509,0.2647058823529412,0.2647058823529412,-0.10119170984455958
mathphysics_share,Math/Physics Journals,0.0007618780644176986,0.4,0.4,-0.21158730158730157
mathphysics_share,Math/Physics Journals,0.0015638843761464202,0.35714285714285715,0.35714285714285715,-0.30036269430051815
mathphysics_share,Math/Physics Journals,-0.0079501862042516,0.65,0.65,-0.31
mathphysics_share,Math/Physics Journals,-0.005544321868851625,0.6666666666666666,0.6666666666666666,-0.13285714285714287
mathphysics_share,Math/Physics Journals,-0.00814219604010056,0.6923076923076923,0.6923076923076923,0.22733333333333333
mathphysics_share,Math/Physics Journals,-0.012035429867786246,1.0,1.0,-0.034444444444444444
mathphysics_share,Math/Physics Journals,0.012197298934978841,0.8461538461538461,0.8461538461538461,0.0
mathphysics_share,Math/Physics Journals,-0.008143019496821316,0.6666666666666666,0.6666666666666666,0.186
mathphysics_share,Math/Physics Journals,0.0002650263945460354,0.5,0.5,0.17714285714285716
mathphysics_share,Math/Physics Journals,-0.005265535067832913,0.8,0.8,0.13285714285714284
mathphysics_share,Math/Physics Journals,0.0010200050634333684,0.34,0.34,-0.0738095238095238
mathphysics_share,Math/Physics Journals,0.00027004955319208325,0.42857142857142855,0.42857142857142855,0.19190476190476197
mathphysics_share,Math/Physics Journals,0.0032230982795960596,0.06896551724137931,0.06896551724137931,0.1525396825396826
mathphysics_share,Math/Physics Journals,-0.00809075905037366,1.0,1.0,0.31
mathphysics_share,Math/Physics Journals,0.0020646515137350283,0.23076923076923078,0.23076923076923078,0.059430051813471496
mathphysics_share,Math/Physics Journals,0.00416756635852278,0.0,0.0,0.02162790697674416
mathphysics_share,Math/Physics Journals,0.0012232749645414924,0.3,0.3,0.034444444444444444
mathphysics_share,Math/Physics Journals,0.00199468484123877,0.2789473684210526,0.2789473684210526,0.027305699481865287
mathphysics_share,Math/Physics Journals,0.0016890018133608202,0.3076923076923077,0.3076923076923077,-0.2200518134715026
mathphysics_share,Math/Physics Journals,0.003327031273808932,0.06896551724137931,0.06896551724137931,0.20174603174603173
mathphysics_share,Math/Physics Journals,-0.014359877524548993,1.0,1.0,-0.31
mathphysics_share,Math/Physics Journals,0.004192970697450526,0.0,0.0,0.050465116279069744
mathphysics_share,Math/Physics Journals,0.00456373721339377,0.0,0.0,0.25232558139534883
mathphysics_share,Math/Physics Journals,0.0020659079055305872,0.1111111111111111,0.1111111111111111,0.06264248704663217
mathphysics_share,Math/Physics Journals,0.0017544045908818025,0.365296803652968,0.365296803652968,-0.17186528497409326
mathphysics_share,Math/Physics Journals,0.0015826736956710628,0.43478260869565216,0.43478260869565216,-0.28751295336787563
mathphysics_share,Math/Physics Journals,0.0029919673997142343,0.06666666666666667,0.06666666666666667,-0.034444444444444444
mathphysics_share,Math/Physics Journals,-0.012572835605679466,1.0,1.0,0.10333333333333333
mathphysics_share,Math/Physics Journals,0.0010537243770713468,0.06896551724137931,0.06896551724137931,-0.0492063492063492
mathphysics_share,Math/Physics Journals,0.004768145333955092,0.0,0.0,-0.31
mathphysics_share,Math/Physics Journals,0.0016689289828467338,0.18,0.18,-0.22968911917098445
mathphysics_share,Math/Physics Journals,0.0007417469763937168,0.48255813953488375,0.48255813953488375,-0.22634920634920636
mathphysics_share,Math/Physics Journals,0.0017800436493390478,0.2608695652173913,0.2608695652173913,-0.14616580310880828
mathphysics_share,Math/Physics Journals,0.0012668022217906141,0.045454545454545456,0.045454545454545456,0.10825396825396827
mathphysics_share,Math/Physics Journals,-0.009711069775514492,1.0,1.0,0.030999999999999972
mathphysics_share,Math/Physics Journals,0.0022731881117413776,0.11538461538461539,0.11538461538461539,0.1879274611398964
mathphysics_share,Math/Physics Journals,0.004784527090633586,0.0,0.0,-0.279
mathphysics_share,Math/Physics Journals,0.0009375148555204651,0.10256410256410256,0.10256410256410256,-0.11809523809523809
mathphysics_share,Math/Physics Journals,0.0019804119493435583,0.30014430014430016,0.30014430014430016,0.004818652849740923
mathphysics_share,Math/Physics Journals,0.0015222461277805183,0.3902439024390244,0.3902439024390244,0.29523809523809524
mathphysics_share,Math/Physics Journals,0.0009688931543906872,0.0440251572327044,0.0440251572327044,-0.10333333333333333
mathphysics_share,Math/Physics Journals,-0.01644431416474255,1.0,1.0,-0.31
mathphysics_share,Math/Physics Journals,0.003950499233560985,0.008264462809917356,0.008264462809917356,-0.1658139534883721
mathphysics_share,Math/Physics Journals,0.006639976731805407,0.0,0.0,0.186
mathphysics_share,Math/Physics Journals,0.0018282193214705555,0.07407407407407407,0.07407407407407407,-0.11082901554404143
mathphysics_share,Math/Physics Journals,0.0019564637364351536,0.22251308900523561,0.22251308900523561,-0.017668393782383385
mathphysics_share,Math/Physics Journals,0.002077200541331967,0.03636363636363636,0.03636363636363636,0.08834196891191715
mathphysics_share,Math/Physics Journals,0.005431177562897626,0.02,0.02,0.0
mathphysics_share,Math/Physics Journals,-0.014249543141908318,1.0,1.0,-0.22142857142857142
mathphysics_share,Math/Physics Journals,0.003573437371406468,0.0,0.0,0.2804761904761905
mathphysics_share,Math/Physics Journals,0.00685935396048003,0.0,0.0,0.31
mathphysics_share,Math/Physics Journals,0.0018514820245557752,0.058823529411764705,0.058823529411764705,-0.08512953367875647
mathphysics_share,Math/Physics Journals,0.001223797001502433,0.11538461538461539,0.11538461538461539,0.03936507936507938
mathphysics_share,Math/Physics Journals,0.002070757768598321,0.13245033112582782,0.13245033112582782,0.07549222797927463
mathphysics_share,Math/Physics Journals,0.001612835881580012,0.3153846153846154,0.3153846153846154,-0.26181347150259066
mathphysics_share,Math/Physics Journals,-0.0005844635002776155,0.3673469387755102,0.3673469387755102,-0.31
mathphysics_share,Math/Physics Journals,0.002443302573578022,0.32275132275132273,0.32275132275132273,0.27466321243523323
mathphysics_share,Math/Physics Journals,0.0017726552935333234,0.15384615384615385,0.15384615384615385,-0.15259067357512954
mathphysics_share,Math/Physics Journals,0.00426972483676258,0.011494252873563218,0.011494252873563218,0.09372093023255812
mathphysics_share,Math/Physics Journals,-0.014557663510985391,1.0,1.0,0.15499999999999997
mathphysics_share,Math/Physics Journals,0.0014693258872570923,0.5,0.5,0.25587301587301586
mathphysics_share,Math/Physics Journals,0.005989069888343642,0.0,0.0,-0.093
mathphysics_share,Math/Physics Journals,0.0007697865240589527,0.0425531914893617,0.0425531914893617,-0.20666666666666667
mathphysics_share,Math/Physics Journals,0.0017453515250080128,0.2916666666666667,0.2916666666666667,-0.17507772020725387
mathphysics_share,Math/Physics Journals,0.002194693017648108,0.26506024096385544,0.26506024096385544,0.1590155440414508
mathphysics_share,Math/Physics Journals,0.0014899688858297751,0.40384615384615385,0.40384615384615385,0.26571428571428574
mathphysics_share,Math/Physics Journals,-0.0046586671452292705,0.6666666666666666,0.6666666666666666,-0.155
mathphysics_share,Math/Physics Journals,0.0013178176413543108,0.5161290322580645,0.5161290322580645,0.1328571428571429
mathphysics_share,Math/Physics Journals,-0.0017711208342018297,0.8333333333333334,0.8333333333333334,0.31
mathphysics_share,Math/Physics Journals,0.0055476035160600245,0.0,0.0,0.062
mathphysics_share,Math/Physics Journals,-0.01256128585595498,1.0,1.0,0.17222222222222222
mathphysics_share,Math/Physics Journals,0.004062806252513214,0.0,0.0,-0.07930232558139536
mathphysics_share,Math/Physics Journals,0.002015892174705213,0.037037037037037035,0.037037037037037035,0.03373056994818657
mathphysics_share,Math/Physics Journals,0.0011374516386669362,0.5882352941176471,0.5882352941176471,0.0
mathphysics_share,Math/Physics Journals,0.001185833430577839,0.5294117647058824,0.5294117647058824,0.009841269841269873
mathphysics_share,Math/Physics Journals,0.0012279314018000184,0.43478260869565216,0.43478260869565216,0.054126984126984135
mathphysics_share,Math/Physics Journals,0.005776552832342512,0.0,0.0,0.27899999999999997
mathphysics_share,Math/Physics Journals,-0.008802393481588575,0.6923076923076923,0.6923076923076923,-0.14466666666666667
mathphysics_share,Math/Physics Journals,-0.008166522254941105,1.0,1.0,0.14466666666666667
mathphysics_share,Math/Physics Journals,-0.007229231930691457,0.7142857142857143,0.7142857142857143,0.10333333333333333
mathphysics_share,Math/Physics Journals,-0.01796091612047484,1.0,1.0,0.0
mathphysics_share,Math/Physics Journals,-0.0076231412991239955,0.7142857142857143,0.7142857142857143,-0.14466666666666667
mathphysics_share,Math/Physics Journals,-0.007799951338430217,0.6666666666666666,0.6666666666666666,-0.22733333333333333
mathphysics_share,Math/Physics Journals,-0.0076231412991239955,0.7142857142857143,0.7142857142857143,-0.10333333333333333
mathphysics_share,Math/Physics Journals,0.0008415774134792971,0.3150684931506849,0.3150684931506849,-0.17222222222222222
mathphysics_share,Math/Physics Journals,0.0008854563959069601,0.5641025641025641,0.5641025641025641,-0.14761904761904762
mathphysics_share,Math/Physics Journals,0.002060550689298284,0.047619047619047616,0.047619047619047616,0.05621761658031088
mathphysics_share,Math/Physics Journals,-0.010803133158713521,1.0,1.0,-0.020666666666666667
mathphysics_share,Math/Physics Journals,0.0028060803039814315,0.0,0.0,-0.17222222222222222
mathphysics_share,Math/Physics Journals,0.0025516669696988986,0.0,0.0,0.3067875647668394
mathphysics_share,Math/Physics Journals,0.0023387051325099925,0.0392156862745098,0.0392156862745098,0.23932642487046635
mathphysics_share,Math/Physics Journals,0.0017813802255077186,0.23943661971830985,0.23943661971830985,-0.14295336787564766
mathphysics_share,Math/Physics Journals,0.0012751078079582209,0.40816326530612246,0.40816326530612246,0.12301587301587302
mathphysics_share,Math/Physics Journals,0.0021620837479707413,0.06097560975609756,0.06097560975609756,0.14937823834196895
mathphysics_share,Math/Physics Journals,-0.01667167434254451,1.0,1.0,0.0
mathphysics_share,Math/Physics Journals,0.004001779747304202,0.017543859649122806,0.017543859649122806,-0.13697674418604652
mathphysics_share,Math/Physics Journals,0.006721206793656953,0.0,0.0,0.21700000000000003
mathphysics_share,Math/Physics Journals,0.002042937807651792,0.1323529411764706,0.1323529411764706,0.04979274611398965
mathphysics_share,Math/Physics Journals,0.0017693820573637029,0.34951456310679613,0.34951456310679613,-0.15901554404145077
mathphysics_share,Math/Physics Journals,0.001449772898020253,0.1935483870967742,0.1935483870967742,0.22142857142857147
mathphysics_share,Math/Physics Journals,0.004220861911745343,0.0,0.0,0.07930232558139533
mathphysics_share,Math/Physics Journals,-0.015074041535450602,1.0,1.0,-0.155
mathphysics_share,Math/Physics Journals,0.007010388982750665,0.0,0.0,-0.20666666666666667
mathphysics_share,Math/Physics Journals,0.006015178223663301,0.0,0.0,-0.062
mathphysics_share,Math/Physics Journals,0.001529064108545178,0.05454545454545454,0.05454545454545454,0.3050793650793651
mathphysics_share,Math/Physics Journals,-0.0005451193196729763,0.38596491228070173,0.38596491228070173,-0.29523809523809524
mathphysics_share,Math/Physics Journals,0.007546692757879238,0.0,0.0,0.31
mathphysics_share,Math/Physics Journals,0.004583831262050909,0.0,0.0,0.2811627906976744
mathphysics_share,Math/Physics Journals,-0.01772191903368767,1.0,1.0,0.31
mathphysics_share,Math/Physics Journals,0.008657921643309974,0.0,0.0,0.31
mathphysics_share,Math/Physics Journals,0.005234014335130218,0.0,0.0,-0.124
mathphysics_share,Math/Physics Journals,0.008605395202516623,0.0,0.0,0.2066666666666666
mathphysics_share,Math/Physics Journals,0.0018474722479044432,0.1695906432748538,0.1695906432748538,-0.0915544041450777
mathphysics_share,Math/Physics Journals,0.0019392555178392654,0.29012345679012347,0.29012345679012347,-0.030518134715025902
mathphysics_share,Math/Physics Journals,0.002455425813739906,0.03164556962025317,0.03164556962025317,0.28108808290155446
mathphysics_share,Math/Physics Journals,-0.01108831935235218,1.0,1.0,-0.186
mathphysics_share,Math/Physics Journals,-0.002073563810111025,0.0,0.0,0.15499999999999997
mathphysics_share,Math/Physics Journals,0.006296659422487195,0.0,0.0,0.030999999999999972
mathphysics_share,Math/Physics Journals,0.0017356485872189616,0.07428571428571429,0.07428571428571429,-0.18471502590673575
mathphysics_share,Math/Physics Journals,0.001479305579514866,0.08874458874458875,0.08874458874458875,0.26079365079365086
mathphysics_share,Math/Physics Journals,0.0011728377126031305,0.07608695652173914,0.07608695652173914,0.0049206349206349365
mathphysics_share,Math/Physics Journals,0.0015951032991023911,0.039473684210526314,0.039473684210526314,-0.2746632124352332
mathphysics_share,Math/Physics Journals,-0.01561941434187479,1.0,1.0,0.31
mathphysics_share,Math/Physics Journals,-0.002073563810111025,0.0,0.0,0.2066666666666666
mathphysics_share,Math/Physics Journals,0.00631173918006494,0.0,0.0,0.062
mathphysics_share,Math/Physics Journals,0.001251680510419712,0.06923076923076923,0.06923076923076923,0.09349206349206352
mathphysics_share,Math/Physics Journals,0.0012101666188791091,0.047058823529411764,0.047058823529411764,0.024603174603174627
mathphysics_share,Math/Physics Journals,0.0026016433351368656,0.10344827586206896,0.10344827586206896,-0.31
mathphysics_share,Math/Physics Journals,0.001727807205466706,0.21568627450980393,0.21568627450980393,-0.18792746113989636
mathphysics_share,Math/Physics Journals,0.0025077642946995135,0.2727272727272727,0.2727272727272727,0.30036269430051815
mathphysics_share,Math/Physics Journals,0.0010716145772562949,0.21359223300970873,0.21359223300970873,-0.039365079365079325
mathphysics_share,Math/Physics Journals,0.001981680914499657,0.05555555555555555,0.05555555555555555,0.008031088082901594
mathphysics_share,Math/Physics Journals,0.0011260682093373357,0.0,0.0,-0.004920634920634881
mathphysics_share,Math/Physics Journals,-0.012011610438708796,1.0,1.0,0.034444444444444444
mathphysics_share,Math/Physics Journals,0.00018019862277274712,0.041666666666666664,0.041666666666666664,0.1328571428571429
mathphysics_share,Math/Physics Journals,0.0017701366891426213,0.17142857142857143,0.17142857142857143,-0.15580310880829015
mathphysics_share,Math/Physics Journals,0.0023098319599100764,0.19230769230769232,0.19230769230769232,0.22326424870466327
mathphysics_share,Math/Physics Journals,-0.006755942362907642,0.7142857142857143,0.7142857142857143,-0.31
mathphysics_share,Math/Physics Journals,0.0035683265539596058,0.4431818181818182,0.4431818181818182,0.2706349206349206
mathphysics_share,Math/Physics Journals,-0.007212697732802203,0.7872340425531915,0.7872340425531915,0.14466666666666667
mathphysics_share,Math/Physics Journals,0.0017056290637907678,0.0,0.0,-0.20398963730569947
mathphysics_share,Math/Physics Journals,-0.008748615213851375,1.0,1.0,-0.062
mathphysics_share,Math/Physics Journals,0.0043569491711016066,0.0,0.0,0.1369767441860465
mathphysics_share,Math/Physics Journals,0.0015101217841403474,0.4444444444444444,0.4444444444444444,0.2706349206349206
mathphysics_share,Math/Physics Journals,0.001866657818403483,0.46153846153846156,0.46153846153846156,-0.08191709844559583
mathphysics_share,Math/Physics Journals,0.002013226049701975,0.5,0.5,0.030518134715025902
mathphysics_share,Math/Physics Journals,0.0015199790514184794,0.5714285714285714,0.5714285714285714,0.29031746031746036
mathphysics_share,Math/Physics Journals,-0.009300043939974207,1.0,1.0,0.27899999999999997
mathphysics_share,Math/Physics Journals,-0.006565420358989355,0.6666666666666666,0.6666666666666666,-0.19727272727272727
mathphysics_share,Math/Physics Journals,-0.0070872206545238535,1.0,1.0,0.22733333333333333
mathphysics_share,Math/Physics Journals,0.0017608815845463481,0.5,0.5,-0.165440414507772
mathphysics_share,Math/Physics Journals,0.0004894111754877306,0.6,0.6,-0.31
mathphysics_share,Math/Physics Journals,0.001982534787247584,0.15942028985507245,0.15942028985507245,0.01124352331606221
mathphysics_share,Math/Physics Journals,0.001881628332232375,0.32727272727272727,0.32727272727272727,-0.06585492227979273
mathphysics_share,Math/Physics Journals,0.002295514732445563,0.03278688524590164,0.03278688524590164,0.2104145077720207
mathphysics_share,Math/Physics Journals,-0.01056730492743052,1.0,1.0,0.186
mathphysics_share,Math/Physics Journals,0.0026392686098361574,0.0,0.0,-0.2903174603174603
mathphysics_share,Math/Physics Journals,0.0037432572849895604,0.0,0.0,-0.23790697674418604
mathphysics_share,Math/Physics Journals,0.004392784651811732,0.0784313725490196,0.0784313725490196,0.1513953488372093
mathphysics_share,Math/Physics Journals,0.0020739029357151714,0.14871794871794872,0.14871794871794872,0.08191709844559586
mathphysics_share,Math/Physics Journals,0.0020316076844518285,0.20454545454545456,0.20454545454545456,0.04336787564766842
mathphysics_share,Math/Physics Journals,0.001911685268241395,0.0,0.0,-0.04979274611398965
mathphysics_share,Math/Physics Journals,-0.015260124889780367,1.0,1.0,-0.31
mathphysics_share,Math/Physics Journals,0.0030174513529505603,0.0,0.0,-0.014761904761904754
mathphysics_share,Math/Physics Journals,0.004412138042447107,0.0,0.0,0.18023255813953487
mathphysics_share,Math/Physics Journals,0.002161176479483651,0.05454545454545454,0.05454545454545454,0.14616580310880833
mathphysics_share,Math/Physics Journals,0.0019154296547867437,0.2857142857142857,0.2857142857142857,-0.04658031088082898
mathphysics_share,Math/Physics Journals,0.00123975207546722,0.2857142857142857,0.2857142857142857,0.07380952380952382
mathphysics_share,Math/Physics Journals,0.0032410374388296163,0.14285714285714285,0.14285714285714285,0.1820634920634921
mathphysics_share,Math/Physics Journals,-0.013951103671926413,1.0,1.0,0.13285714285714284
mathphysics_share,Math/Physics Journals,0.002160691331874819,0.0,0.0,0.14295336787564772
mathphysics_share,Math/Physics Journals,0.004394540387242022,0.0,0.0,0.16581395348837208
mathphysics_share,Math/Physics Journals,0.0021933590898135062,0.07142857142857142,0.07142857142857142,0.15580310880829018
mathphysics_share,Math/Physics Journals,0.002806715675694986,0.25,0.25,-0.16238095238095238
mathphysics_share,Math/Physics Journals,-0.013352400161566476,1.0,1.0,-0.31
mathphysics_share,Math/Physics Journals,0.003739424402231939,0.0,0.0,-0.2667441860465116
mathphysics_share,Math/Physics Journals,0.0021317238513416897,0.25,0.25,0.1301036269430052
mathphysics_share,Math/Physics Journals,0.002066830822401794,0.35648148148148145,0.35648148148148145,0.06585492227979278
mathphysics_share,Math/Physics Journals,0.0023206702682884487,0.07397260273972603,0.07397260273972603,0.2296891191709845
mathphysics_share,Math/Physics Journals,-0.013022876570885342,1.0,1.0,-0.2411111111111111
mathphysics_share,Math/Physics Journals,0.0019663571304220553,0.027659574468085105,0.027659574468085105,-0.011243523316062154
mathphysics_share,Math/Physics Journals,-8.284267348171747e-06,0.0,0.0,0.05904761904761907
mathphysics_share,Math/Physics Journals,0.001841704290940438,0.12347354138398914,0.12347354138398914,-0.09797927461139896
mathphysics_share,Math/Physics Journals,0.0022179299141839746,0.231622746185853,0.231622746185853,0.1718652849740933
mathphysics_share,Math/Physics Journals,0.0017923768504759987,0.09,0.09,-0.1333160621761658
mathphysics_share,Math/Physics Journals,0.00649186422565565,0.02631578947368421,0.02631578947368421,0.09300000000000003
mathphysics_share,Math/Physics Journals,-0.009905021092230182,1.0,1.0,-0.155
mathphysics_share,Math/Physics Journals,0.000971531860152416,0.013363028953229399,0.013363028953229399,-0.09349206349206349
mathphysics_share,Math/Physics Journals,0.005825669268843653,0.0,0.0,-0.31
mathphysics_share,Math/Physics Journals,0.003009011165726486,0.05722070844686648,0.05722070844686648,-0.02460317460317457
mathphysics_share,Math/Physics Journals,0.0018481399301716486,0.08831908831908832,0.08831908831908832,-0.08834196891191709
mathphysics_share,Math/Physics Journals,-0.0013837161147777779,0.043478260869565216,0.043478260869565216,-0.155
mathphysics_share,Math/Physics Journals,0.001921565429690703,0.06666666666666667,0.06666666666666667,-0.04015544041450775
mathphysics_share,Math/Physics Journals,-0.009867513328970994,1.0,1.0,-0.093
mathphysics_share,Math/Physics Journals,0.0016537935397216354,0.010101010101010102,0.010101010101010102,-0.23932642487046632
mathphysics_share,Math/Physics Journals,0.006813078177850482,0.0,0.0,0.27899999999999997
mathphysics_share,Math/Physics Journals,0.0016494447994569073,0.08333333333333333,0.08333333333333333,-0.24253886010362694
mathphysics_share,Math/Physics Journals,0.0022995489387877934,0.1328125,0.1328125,0.21362694300518142
mathphysics_share,Math/Physics Journals,0.002478956552510083,0.1016949152542373,0.1016949152542373,0.2907253886010363
mathphysics_share,Math/Physics Journals,0.0037382501801807595,0.0,0.0,-0.2811627906976744
mathphysics_share,Math/Physics Journals,-0.016142947124030554,1.0,1.0,0.0
mathphysics_share,Math/Physics Journals,-0.0009704191635306122,0.0,0.0,0.10333333333333333
mathphysics_share,Math/Physics Journals,0.006162459877548874,0.0,0.0,0.0
mathphysics_share,Math/Physics Journals,0.0021394067725406213,0.0625,0.0625,0.13652849740932643
mathphysics_share,Math/Physics Journals,0.0013412992651591887,0.28391167192429023,0.28391167192429023,0.15746031746031747
mathphysics_share,Math/Physics Journals,-0.0012595734954726826,0.10810810810810811,0.10810810810810811,0.0
mathphysics_share,Math/Physics Journals,0.003862860186034397,0.0,0.0,-0.19465116279069766
mathphysics_share,Math/Physics Journals,-0.012677921214055077,1.0,1.0,0.034444444444444444
mathphysics_share,Math/Physics Journals,0.0036340380280709206,0.009708737864077669,0.009708737864077669,0.29031746031746036
mathphysics_share,Math/Physics Journals,0.005238039499285912,0.0,0.0,-0.093
mathphysics_share,Math/Physics Journals,0.0015930566426903448,0.05263157894736842,0.05263157894736842,-0.2778756476683938
mathphysics_share,Math/Physics Journals,0.000977917243818371,0.4153846153846154,0.4153846153846154,-0.08857142857142855
mathphysics_share,Math/Physics Journals,-0.0006518388792422885,0.14285714285714285,0.14285714285714285,0.25833333333333336
mathphysics_share,Math/Physics Journals,0.002207392071236205,0.0,0.0,0.16865284974093264
mathphysics_share,Math/Physics Journals,-0.009933952638885616,1.0,1.0,-0.217
mathphysics_share,Math/Physics Journals,0.0016790315976190325,0.038834951456310676,0.038834951456310676,-0.22647668393782383
mathphysics_share,Math/Physics Journals,0.005797025945977344,0.0,0.0,0.31
mathphysics_share,Math/Physics Journals,0.0023019371791058708,0.022988505747126436,0.022988505747126436,0.21683937823834204
mathphysics_share,Math/Physics Journals,0.0019433289889867781,0.3224932249322493,0.3224932249322493,-0.027305699481865287
mathphysics_share,Math/Physics Journals,0.0018804594090417485,0.07692307692307693,0.07692307692307693,-0.06906735751295334
mathphysics_share,Math/Physics Journals,-0.00027279720482683407,0.008746355685131196,0.008746355685131196,-0.16238095238095238
mathphysics_share,Math/Physics Journals,-0.010994387027293762,1.0,1.0,-0.062
mathphysics_share,Math/Physics Journals,-0.0051469877139242145,0.7777777777777778,0.7777777777777778,0.2657142857142856
mathphysics_share,Math/Physics Journals,0.0036597706572653282,0.0,0.0,0.31
mathphysics_share,Math/Physics Journals,0.0021176461594393813,0.0989010989010989,0.0989010989010989,0.11404145077720207
mathphysics_share,Math/Physics Journals,0.0021462722224776555,0.2611464968152866,0.2611464968152866,0.13974093264248705
mathphysics_share,Math/Physics Journals,0.001264569437286285,0.10526315789473684,0.10526315789473684,0.10333333333333333
mathphysics_share,Math/Physics Journals,0.0007289124432328027,0.0125,0.0125,-0.2411111111111111
mathphysics_share,Math/Physics Journals,-0.007477219177046277,1.0,1.0,-0.062
mathphysics_share,Math/Physics Journals,-0.009830964230161655,1.0,1.0,-0.030999999999999972
mathphysics_share,Math/Physics Journals,0.0013468498754382492,0.10869565217391304,0.10869565217391304,0.16730158730158734
mathphysics_share,Math/Physics Journals,0.001815257252840647,0.3251231527093596,0.3251231527093596,-0.12367875647668392
mathphysics_share,Math/Physics Journals,0.0006674731761142634,0.043478260869565216,0.043478260869565216,-0.2657142857142857
mathphysics_share,Math/Physics Journals,0.004133282319427798,0.0,0.0,-0.021627906976744216
mathphysics_share,Math/Physics Journals,-0.012867777107747037,1.0,1.0,-0.10333333333333333
mathphysics_share,Math/Physics Journals,0.0015856751311068601,0.3333333333333333,0.3333333333333333,-0.2810880829015544
mathphysics_share,Math/Physics Journals,0.004983770745406372,0.0,0.0,-0.155
mathphysics_share,Math/Physics Journals,0.0027346377869885154,0.08333333333333333,0.08333333333333333,-0.1919047619047619
mathphysics_share,Math/Physics Journals,0.0019761668773883617,0.3557692307692308,0.3557692307692308,-0.0016062176165803077
mathphysics_share,Math/Physics Journals,0.0014314500839877997,0.14285714285714285,0.14285714285714285,0.21650793650793648
mathphysics_share,Math/Physics Journals,0.002694748791978532,0.009900990099009901,0.009900990099009901,-0.22142857142857142
mathphysics_share,Math/Physics Journals,-0.01344701502679166,1.0,1.0,0.31
mathphysics_share,Math/Physics Journals,-0.010544821272652374,1.0,1.0,0.22733333333333333
mathphysics_share,Math/Physics Journals,0.00452973885630463,0.0,0.0,0.23790697674418598
mathphysics_share,Math/Physics Journals,0.0016137064103006805,0.10526315789473684,0.10526315789473684,-0.25860103626943004
mathphysics_share,Math/Physics Journals,0.0013311247575263547,0.3352941176470588,0.3352941176470588,0.14761904761904765
mathphysics_share,Math/Physics Journals,0.00530594820644674,0.0,0.0,-0.062
mathphysics_share,Math/Physics Journals,0.001248110876015581,0.014492753623188406,0.014492753623188406,0.0836507936507937
mathphysics_share,Math/Physics Journals,-0.011397754671262155,1.0,1.0,0.2411111111111111
mathphysics_share,Math/Physics Journals,0.003217975667734431,0.0,0.0,0.1426984126984127
mathphysics_share,Math/Physics Journals,0.0011981368141435835,0.1,0.1,0.014761904761904754
mathphysics_share,Math/Physics Journals,0.0005884007126492465,0.38190954773869346,0.38190954773869346,-0.28539682539682537
mathphysics_share,Math/Physics Journals,-0.007359024690187746,0.7579617834394905,0.7579617834394905,-0.020666666666666667
mathphysics_share,Math/Physics Journals,-0.0020960032572628112,0.016666666666666666,0.016666666666666666,0.10333333333333333
mathphysics_share,Math/Physics Journals,-0.010745715359347752,1.0,1.0,0.020666666666666667
mathphysics_share,Math/Physics Journals,0.003836032470253226,0.0,0.0,-0.20906976744186045
mathphysics_share,Math/Physics Journals,0.0029883334714398925,0.0380952380952381,0.0380952380952381,-0.04428571428571426
mathphysics_share,Math/Physics Journals,0.0017591033252071556,0.4225352112676056,0.4225352112676056,-0.16865284974093264
mathphysics_share,Math/Physics Journals,-0.0019528472735099482,0.8088235294117647,0.8088235294117647,0.25833333333333336
mathphysics_share,Math/Physics Journals,0.0019610663850334986,0.0,0.0,-0.01445595854922277
mathphysics_share,Math/Physics Journals,-0.009864359655740621,1.0,1.0,-0.062
mathphysics_share,Math/Physics Journals,0.00589669733289585,0.0,0.0,-0.217
mathphysics_share,Math/Physics Journals,0.0008358386708490822,0.3939393939393939,0.3939393939393939,-0.17714285714285713
mathphysics_share,Math/Physics Journals,-0.002354315519429991,0.8292682926829268,0.8292682926829268,-0.155
mathphysics_share,Math/Physics Journals,0.004119818815574516,0.030303030303030304,0.030303030303030304,-0.03604651162790701
mathphysics_share,Math/Physics Journals,-0.010623566397527961,1.0,1.0,0.14466666666666667
mathphysics_share,Math/Physics Journals,0.003157674818173864,0.0,0.0,0.0836507936507937
mathphysics_share,Math/Physics Journals,0.005919819755260017,0.04,0.04,-0.155
mathphysics_share,Math/Physics Journals,0.0016844228315152537,0.34782608695652173,0.34782608695652173,-0.22326424870466322
mathphysics_share,Math/Physics Journals,0.0004582668291974132,0.5666666666666667,0.5666666666666667,0.31
mathphysics_share,Math/Physics Journals,0.003425716164243421,0.038461538461538464,0.038461538461538464,0.23126984126984135
mathphysics_share,Math/Physics Journals,-0.01207477053270034,1.0,1.0,-0.2411111111111111
mathphysics_share,Math/Physics Journals,0.0039624774110922755,0.0,0.0,-0.15139534883720931
mathphysics_share,Math/Physics Journals,0.002439571535745287,0.06451612903225806,0.06451612903225806,0.2714507772020726
mathphysics_share,Math/Physics Journals,0.0005017304434987443,0.3230769230769231,0.3230769230769231,-0.30507936507936506
mathphysics_share,Math/Physics Journals,-0.00617811162966183,0.7222222222222222,0.7222222222222222,0.19727272727272732
mathphysics_share,Math/Physics Journals,0.0010875478644307734,0.0,0.0,-0.029523809523809508
mathphysics_share,Math/Physics Journals,-0.00988108369889761,1.0,1.0,-0.124
mathphysics_share,Math/Physics Journals,0.003060644715242272,0.0,0.0,0.0049206349206349365
mathphysics_share,Math/Physics Journals,0.0019316535976211411,0.05263157894736842,0.05263157894736842,-0.03694300518134713
mathphysics_share,Math/Physics Journals,-0.00479903185562255,0.6404494382022472,0.6404494382022472,-0.31
mathphysics_share,Math/Physics Journals,-0.0014647453937828702,0.8461538461538461,0.8461538461538461,-0.2583333333333333
mathphysics_share,Math/Physics Journals,-0.005280650724461766,0.7457627118644068,0.7457627118644068,0.08857142857142852
mathphysics_share,Math/Physics Journals,-0.012824737513649534,1.0,1.0,-0.034444444444444444
mathphysics_share,Math/Physics Journals,0.0022872603157334686,0.0,0.0,0.20398963730569947
mathphysics_share,Math/Physics Journals,-0.005675655098596805,0.7419354838709677,0.7419354838709677,-0.17714285714285716
mathphysics_share,Math/Physics Journals,-0.008748371424636473,0.65,0.65,-0.020666666666666667
mathphysics_share,Math/Physics Journals,-0.007325770540647306,1.0,1.0,0.020666666666666667
mathphysics_share,Math/Physics Journals,0.0017649386307586631,0.45454545454545453,0.45454545454545453,-0.16222797927461138
mathphysics_share,Math/Physics Journals,-0.011248769061760831,1.0,1.0,-0.31
mathphysics_share,Math/Physics Journals,-0.0026881689496412666,0.8571428571428571,0.8571428571428571,-0.31
mathphysics_share,Math/Physics Journals,-0.007690090838403703,0.6190476190476191,0.6190476190476191,-0.186
mathphysics_share,Math/Physics Journals,-8.925661550424863e-05,0.5,0.5,-0.014761904761904754
mathphysics_share,Math/Physics Journals,-0.008289611048829169,0.8,0.8,0.10333333333333333
mathphysics_share,Math/Physics Journals,-0.014049269213202431,1.0,1.0,0.04428571428571426
mathphysics_share,Math/Physics Journals,-0.008656848500416937,0.75,0.75,0.062
mathphysics_share,Math/Physics Journals,-0.003713652645681429,0.6363636363636364,0.6363636363636364,-0.31
mathphysics_share,Math/Physics Journals,0.0009171639310442522,0.875,0.875,-0.12793650793650793
mathphysics_share,Math/Physics Journals,-0.011053892115638219,1.0,1.0,-0.10333333333333333
mathphysics_share,Math/Physics Journals,-0.005198333831237212,0.7368421052631579,0.7368421052631579,0.1771428571428571
mathphysics_share,Math/Physics Journals,-0.0038472804950260156,0.6538461538461539,0.6538461538461539,0.31
mathphysics_share,Math/Physics Journals,-0.007003960002257619,1.0,1.0,0.31
mathphysics_share,Math/Physics Journals,-0.004392265165242965,0.7647058823529411,0.7647058823529411,0.051666666666666694
mathphysics_share,Math/Physics Journals,-0.009031575125590538,1.0,1.0,-0.22733333333333333
mathphysics_share,Math/Physics Journals,-0.004623276469764542,0.7,0.7,-0.10333333333333333
mathphysics_share,Math/Physics Journals,0.0015966061282690007,0.04911032028469751,0.04911032028469751,-0.26823834196891194
mathphysics_share,Math/Physics Journals,-0.00049613941595895,0.08620689655172414,0.08620689655172414,-0.2509523809523809
mathphysics_share,Math/Physics Journals,0.003105622179148742,0.0,0.0,0.034444444444444444
mathphysics_share,Math/Physics Journals,-8.174202527566415e-05,0.09248554913294797,0.09248554913294797,0.0
mathphysics_share,Math/Physics Journals,-0.009309777863175692,1.0,1.0,0.24800000000000005
mathphysics_share,Math/Physics Journals,0.0015965980146965483,0.02040816326530612,0.02040816326530612,-0.27145077720207256
mathphysics_share,Math/Physics Journals,0.0010019222916877793,0.0,0.0,-0.0787301587301587
mathphysics_share,Math/Physics Journals,-1.663262118526975e-05,0.14788732394366197,0.14788732394366197,0.04428571428571432
mathphysics_share,Math/Physics Journals,-0.001545929630928018,0.05343511450381679,0.05343511450381679,-0.31
mathphysics_share,Math/Physics Journals,0.00023261975797684222,0.044444444444444446,0.044444444444444446,0.1623809523809524
mathphysics_share,Math/Physics Journals,0.0044412075960192695,0.021739130434782608,0.021739130434782608,0.19465116279069766
mathphysics_share,Math/Physics Journals,0.0017189561639727997,0.6153846153846154,0.6153846153846154,-0.191139896373057
mathphysics_share,Math/Physics Journals,0.003447670148323763,0.0,0.0,0.2411111111111111
mathphysics_share,Math/Physics Journals,0.0021002232927498986,0.09090909090909091,0.09090909090909091,0.10440414507772022
mathphysics_share,Math/Physics Journals,0.00011309095614961402,0.09090909090909091,0.09090909090909091,0.08857142857142858
mathphysics_share,Math/Physics Journals,-0.00049613941595895,0.09004739336492891,0.09004739336492891,-0.2657142857142857
mathphysics_share,Math/Physics Journals,0.0015114936996499593,0.066006600660066,0.066006600660066,0.2755555555555556
mathphysics_share,Math/Physics Journals,0.004348091164036151,0.02702702702702703,0.02702702702702703,0.1225581395348837
mathphysics_share,Math/Physics Journals,0.003174908987370279,0.04861111111111111,0.04861111111111111,0.09349206349206352
mathphysics_share,Math/Physics Journals,-0.011149781555676513,1.0,1.0,-0.22733333333333333
mathphysics_share,Math/Physics Journals,0.003400068854296748,0.0,0.0,0.2115873015873016
mathphysics_share,Math/Physics Journals,0.00367082240289976,0.0,0.0,-0.31
mathphysics_share,Math/Physics Journals,0.0015573522403512453,0.09174311926605505,0.09174311926605505,-0.30357512953367877
mathphysics_share,Math/Physics Journals,0.0012005540913833026,0.05309734513274336,0.05309734513274336,0.01968253968253969
mathphysics_share,Math/Physics Journals,0.0016978176903334333,0.04878048780487805,0.04878048780487805,-0.2104145077720207
mathphysics_share,Math/Physics Journals,0.007016961927039733,0.0,0.0,-0.10333333333333333
mathphysics_share,Math/Physics Journals,0.0008452404690074231,0.6153846153846154,0.6153846153846154,-0.16730158730158728
mathphysics_share,Math/Physics Journals,0.0006442774036781523,0.08823529411764706,0.08823529411764706,-0.2706349206349206
mathphysics_share,Math/Physics Journals,0.008028061626348736,0.022222222222222223,0.022222222222222223,-0.10333333333333333
mathphysics_share,Math/Physics Journals,0.001456556739726044,0.08108108108108109,0.08108108108108109,0.22634920634920636
mathphysics_share,Math/Physics Journals,0.0006138186253495975,0.08823529411764706,0.08823529411764706,-0.27555555555555555
mathphysics_share,Math/Physics Journals,0.0021160956207691532,0.03870967741935484,0.03870967741935484,0.11082901554404145
mathphysics_share,Math/Physics Journals,0.000315417874589054,0.03125,0.03125,0.23619047619047623
mathphysics_share,Math/Physics Journals,0.002870449335479732,0.03333333333333333,0.03333333333333333,-0.08365079365079364
mathphysics_share,Math/Physics Journals,-0.026191700279122702,1.0,1.0,0.0
mathphysics_share,Math/Physics Journals,0.004208602646376296,0.0,0.0,0.06488372093023254
mathphysics_share,Math/Physics Journals,0.005890628769984533,0.0,0.0,-0.248
mathphysics_share,Math/Physics Journals,0.0018075205631672999,0.05511811023622047,0.05511811023622047,-0.13010362694300517
mathphysics_share,Math/Physics Journals,0.00017768977008661988,0.04371584699453552,0.04371584699453552,0.11809523809523814
mathphysics_share,Math/Physics Journals,0.0048207928515208946,0.0,0.0,-0.248
mathphysics_share,Math/Physics Journals,0.006809058325935634,0.04,0.04,0.24800000000000005
mathphysics_share,Math/Physics Journals,0.0010491666892656207,0.5,0.5,-0.059047619047619015
mathphysics_share,Math/Physics Journals,-0.00043589990374086416,0.041666666666666664,0.041666666666666664,-0.23619047619047617
mathphysics_share,Math/Physics Journals,0.002189495263393084,0.031446540880503145,0.031446540880503145,0.15259067357512957
mathphysics_share,Math/Physics Journals,0.0014572051607287472,0.04597701149425287,0.04597701149425287,0.23126984126984135
mathphysics_share,Math/Physics Journals,0.0009587344380413714,0.0625,0.0625,-0.10825396825396824
mathphysics_share,Math/Physics Journals,-0.00042686958558268686,0.018469656992084433,0.018469656992084433,-0.22142857142857142
mathphysics_share,Math/Physics Journals,0.0023402069531252225,0.023255813953488372,0.023255813953488372,0.24253886010362696
mathphysics_share,Math/Physics Journals,-0.0026019705554117868,0.016,0.016,-0.2583333333333333
mathphysics_share,Math/Physics Journals,-0.009958967896307527,1.0,1.0,-0.248
mathphysics_share,Math/Physics Journals,0.002137206180764532,0.0,0.0,0.13331606217616582
mathphysics_share,Math/Physics Journals,0.001642191992410008,0.047244094488188976,0.047244094488188976,-0.24575129533678758
mathphysics_share,Math/Physics Journals,0.006900242165261992,0.02197802197802198,0.02197802197802198,-0.31
mathphysics_share,Math/Physics Journals,0.004087655334036196,0.0,0.0,-0.0504651162790698
mathphysics_share,Math/Physics Journals,0.0013274798008026962,0.03125,0.03125,0.1426984126984127
mathphysics_share,Math/Physics Journals,0.004133478525114917,0.0,0.0,-0.007209302325581424
mathphysics_share,Math/Physics Journals,-0.02011650278387703,0.01694915254237288,0.01694915254237288,0.0
mathphysics_share,Math/Physics Journals,0.0028411974200348257,0.02608695652173913,0.02608695652173913,-0.123015873015873
mathphysics_share,Math/Physics Journals,0.00283282896786221,0.0,0.0,-0.13285714285714284
mathphysics_share,Math/Physics Journals,0.008267282143825617,0.022727272727272728,0.022727272727272728,0.10333333333333333
mathphysics_share,Math/Physics Journals,0.0023049274508179845,0.051601423487544484,0.051601423487544484,0.22005181347150266
mathphysics_share,Math/Physics Journals,-0.011071267216108679,1.0,1.0,-0.14466666666666667
mathphysics_share,Math/Physics Journals,-0.0023364218418300445,0.0038022813688212928,0.0038022813688212928,-0.10333333333333333
mathphysics_share,Math/Physics Journals,0.0029654305977202347,0.0,0.0,-0.054126984126984135
mathphysics_share,Math/Physics Journals,0.0017735322379423915,0.08712871287128712,0.08712871287128712,-0.1493782383419689
mathphysics_share,Math/Physics Journals,0.0002836510971459298,0.03857142857142857,0.03857142857142857,0.20666666666666672
mathphysics_share,Math/Physics Journals,0.0056267443853903415,0.0,0.0,0.15499999999999997
mathphysics_share,Math/Physics Journals,0.007965425124533163,0.0196078431372549,0.0196078431372549,-0.20666666666666667
mathphysics_share,Math/Physics Journals,-0.011972446330684927,1.0,1.0,0.10333333333333333
mathphysics_share,Math/Physics Journals,0.0008285040515423733,0.0,0.0,-0.18698412698412697
mathphysics_share,Math/Physics Journals,0.004080235143172517,0.0,0.0,-0.06488372093023256
mathphysics_share,Math/Physics Journals,0.0020751721540968834,0.05138339920948617,0.05138339920948617,0.08512953367875647
mathphysics_share,Math/Physics Journals,0.007528133523668163,0.02,0.02,0.2066666666666666
mathphysics_share,Math/Physics Journals,0.005865279830860966,0.023923444976076555,0.023923444976076555,-0.279
mathphysics_share,Math/Physics Journals,0.001234168683061469,0.05405405405405406,0.05405405405405406,0.06396825396825401
mathphysics_share,Math/Physics Journals,0.0005947786088532745,0.06993006993006994,0.06993006993006994,-0.2804761904761905
mathphysics_share,Math/Physics Journals,0.0037000735943001207,0.029197080291970802,0.029197080291970802,-0.2955813953488372
mathphysics_share,Math/Physics Journals,0.0013370263085948045,0.038461538461538464,0.038461538461538464,0.1525396825396826
mathphysics_share,Math/Physics Journals,8.404172482980816e-05,0.0,0.0,0.07380952380952382
mathphysics_share,Math/Physics Journals,-0.011437042180284516,1.0,1.0,0.17222222222222222
mathphysics_share,Math/Physics Journals,0.0012192795072163175,0.3333333333333333,0.3333333333333333,0.029523809523809563
mathphysics_share,Math/Physics Journals,0.0032155939919579156,0.0,0.0,0.12301587301587302
mathphysics_share,Math/Physics Journals,0.0034098592201703467,0.028368794326241134,0.028368794326241134,0.22142857142857147
mathphysics_share,Math/Physics Journals,0.0007404867757422046,0.0,0.0,-0.23126984126984126
mathphysics_share,Math/Physics Journals,0.004954619652788528,0.0,0.0,-0.186
mathphysics_share,Math/Physics Journals,0.0021271947359132056,0.049586776859504134,0.049586776859504134,0.1268911917098446
mathphysics_share,Math/Physics Journals,0.0010871778679465251,0.06,0.06,-0.034444444444444444
mathphysics_share,Math/Physics Journals,0.010083621781414755,0.019867549668874173,0.019867549668874173,0.0
mathphysics_share,Math/Physics Journals,0.0018313890411531938,0.1111111111111111,0.1111111111111111,-0.10761658031088081
mathphysics_share,Math/Physics Journals,0.004294153329534754,0.0,0.0,0.10813953488372091
mathphysics_share,Math/Physics Journals,-0.0105238436684241,1.0,1.0,0.31
mathphysics_share,Math/Physics Journals,0.002862378520425431,0.0,0.0,-0.09349206349206349
mathphysics_share,Math/Physics Journals,0.008192269383099774,0.0,0.0,0.0
mathphysics_share,Math/Physics Journals,0.0008578934053102147,0.04878048780487805,0.04878048780487805,-0.15746031746031744
mathphysics_share,Math/Physics Journals,0.009098760580610354,0.0,0.0,0.0
mathphysics_share,Math/Physics Journals,0.006064134187552295,0.0,0.0,-0.030999999999999972
mathphysics_share,Math/Physics Journals,0.004138873899388822,0.029411764705882353,0.029411764705882353,0.007209302325581368
mathphysics_share,Math/Physics Journals,0.0005700387725862816,0.5625,0.5625,-0.2903174603174603
mathphysics_share,Math/Physics Journals,-0.005756666866123627,0.7222222222222222,0.7222222222222222,-0.22142857142857142
mathphysics_share,Math/Physics Journals,-0.01130372419183392,1.0,1.0,0.31
mathphysics_share,Math/Physics Journals,-0.006007240818120985,0.675,0.675,0.2536363636363637
mathphysics_share,Math/Physics Journals,-0.00017789455784900267,0.375,0.375,-0.10333333333333333
mathphysics_share,Math/Physics Journals,-9.508028413283467e-05,0.5384615384615384,0.5384615384615384,-0.029523809523809508
mathphysics_share,Math/Physics Journals,-0.004715918900970596,0.8,0.8,-0.2583333333333333
mathphysics_share,Math/Physics Journals,0.0020287294461552334,0.5294117647058824,0.5294117647058824,0.040155440414507804
mathphysics_share,Math/Physics Journals,0.0029283056647125333,0.02694610778443114,0.02694610778443114,-0.0738095238095238
mathphysics_share,Math/Physics Journals,0.0009699942509511992,0.05714285714285714,0.05714285714285714,-0.0984126984126984
mathphysics_share,Math/Physics Journals,0.0026429426628866138,0.03546099290780142,0.03546099290780142,-0.2804761904761905
mathphysics_share,Math/Physics Journals,-0.010106988244274613,1.0,1.0,-0.31
mathphysics_share,Math/Physics Journals,0.0019723683063434415,0.0,0.0,-0.004818652849740923
mathphysics_share,Math/Physics Journals,0.004172146243973346,0.0,0.0,0.03604651162790695
mathphysics_share,Math/Physics Journals,0.0016632089127880893,0.05737704918032787,0.05737704918032787,-0.23611398963730568
mathphysics_share,Math/Physics Journals,0.00204474525199082,0.031088082901554404,0.031088082901554404,0.053005181347150265
mathphysics_share,Math/Physics Journals,0.006577075371385879,0.0,0.0,0.15499999999999997
mathphysics_share,Math/Physics Journals,0.0010351291991202744,0.0457516339869281,0.0457516339869281,-0.06888888888888889
mathphysics_share,Math/Physics Journals,-0.02373676804669859,1.0,1.0,0.0
mathphysics_share,Math/Physics Journals,0.0026065548882481856,0.0,0.0,-0.3001587301587302
mathphysics_share,Math/Physics Journals,0.005642443471420698,0.0,0.0,0.186
mathphysics_share,Math/Physics Journals,0.0020881338615616253,0.08571428571428572,0.08571428571428572,0.09797927461139899
mathphysics_share,Math/Physics Journals,0.0017364071998821422,0.06790123456790123,0.06790123456790123,-0.1782901554404145
mathphysics_share,Math/Physics Journals,-0.0002668406660998085,0.041666666666666664,0.041666666666666664,-0.14761904761904762
mathphysics_share,Math/Physics Journals,0.00315145874189643,0.05517241379310345,0.05517241379310345,0.07380952380952382
mathphysics_share,Math/Physics Journals,-0.008752861744909354,1.0,1.0,-0.10333333333333333
mathphysics_share,Math/Physics Journals,-0.004030170527398056,0.01694915254237288,0.01694915254237288,0.2066666666666666
mathphysics_share,Math/Physics Journals,0.002207155845174658,0.0,0.0,0.16544041450777203
mathphysics_share,Math/Physics Journals,0.0019454963948106292,0.10714285714285714,0.10714285714285714,-0.02409326424870467
mathphysics_share,Math/Physics Journals,0.0005481661001698999,0.08783783783783784,0.08783783783783784,-0.3001587301587302
mathphysics_share,Math/Physics Journals,0.005734745868698121,0.0,0.0,0.24800000000000005
mathphysics_share,Math/Physics Journals,0.000905052295153444,0.07317073170731707,0.07317073170731707,-0.13285714285714284
mathphysics_share,Math/Physics Journals,-0.008686336363810864,1.0,1.0,0.020666666666666667
mathphysics_share,Math/Physics Journals,0.003227257395161425,0.0,0.0,0.1623809523809524
mathphysics_share,Math/Physics Journals,0.0008020164369355735,0.0,0.0,-0.19682539682539682
mathphysics_share,Math/Physics Journals,0.0007563850673718996,0.09923664122137404,0.09923664122137404,-0.21650793650793648
mathphysics_share,Math/Physics Journals,0.0012407694966870449,0.5093425605536333,0.5093425605536333,0.07873015873015876
mathphysics_share,Math/Physics Journals,0.0018790720717281404,0.5742857142857143,0.5742857142857143,-0.0754922279792746
mathphysics_share,Math/Physics Journals,-0.004173180621449457,0.7073170731707317,0.7073170731707317,0.15499999999999997
mathphysics_share,Math/Physics Journals,0.0031285694824749436,0.25,0.25,0.04428571428571432
mathphysics_share,Math/Physics Journals,-0.009112237205996547,1.0,1.0,-0.31
mathphysics_share,Math/Physics Journals,-0.0003404047093989028,0.08333333333333333,0.08333333333333333,-0.17714285714285713
mathphysics_share,Math/Physics Journals,0.0019920312886421696,0.0,0.0,0.020880829015544056
mathphysics_share,Math/Physics Journals,0.0028114064946111374,0.23880597014925373,0.23880597014925373,-0.15253968253968253
mathphysics_share,Math/Physics Journals,0.002936812842385874,0.5818181818181818,0.5818181818181818,-0.06396825396825395
mathphysics_share,Math/Physics Journals,-0.0031855344654748456,0.6707317073170732,0.6707317073170732,0.2066666666666666
mathphysics_share,Math/Physics Journals,0.001904685873988554,0.5,0.5,-0.053005181347150265
mathphysics_share,Math/Physics Journals,-0.004701489182391716,0.6521739130434783,0.6521739130434783,-0.20666666666666667
mathphysics_share,Math/Physics Journals,0.0004456379383740725,0.4482758620689655,0.4482758620689655,0.29523809523809524
mathphysics_share,Math/Physics Journals,0.0011181099355337893,0.5,0.5,-0.009841269841269817
mathphysics_share,Math/Physics Journals,0.0013122914207873014,0.49206349206349204,0.49206349206349204,0.12793650793650796
mathphysics_share,Math/Physics Journals,-0.0013527672805649857,0.6359223300970874,0.6359223300970874,-0.10333333333333333
mathphysics_share,Math/Physics Journals,0.0010464823376218218,0.6084656084656085,0.6084656084656085,-0.06396825396825395
mathphysics_share,Math/Physics Journals,0.0006973736778991721,0.5918367346938775,0.5918367346938775,-0.2509523809523809
mathphysics_share,Math/Physics Journals,0.002862243226353743,0.125,0.125,-0.10333333333333333
mathphysics_share,Math/Physics Journals,-0.011188278444402658,1.0,1.0,-0.26866666666666666
mathphysics_share,Math/Physics Journals,0.0024571764883018245,0.14285714285714285,0.14285714285714285,0.2843005181347151
mathphysics_share,Math/Physics Journals,0.004500757799040394,0.0,0.0,0.22348837209302325
mathphysics_share,Math/Physics Journals,0.0017098989158609663,0.3090909090909091,0.3090909090909091,-0.19756476683937824
mathphysics_share,Math/Physics Journals,0.0013834982483910967,0.5238095238095238,0.5238095238095238,0.1820634920634921
mathphysics_share,Math/Physics Journals,-0.0007557942252703306,0.8301886792452831,0.8301886792452831,0.2066666666666666
mathphysics_share,Math/Physics Journals,0.0008473556137305039,0.5423728813559322,0.5423728813559322,-0.16238095238095238
mathphysics_share,Math/Physics Journals,-0.005486783712410782,0.7142857142857143,0.7142857142857143,-0.08857142857142858
mathphysics_share,Math/Physics Journals,-0.00024074797770110346,0.4696969696969697,0.4696969696969697,-0.13285714285714284
mathphysics_share,Math/Physics Journals,0.001410405850957228,0.51,0.51,0.20666666666666672
mathphysics_share,Math/Physics Journals,-0.005933373624481178,0.6574074074074074,0.6574074074074074,0.31
mathphysics_share,Math/Physics Journals,-0.004622108905913793,0.7403846153846154,0.7403846153846154,-0.051666666666666694
mathphysics_share,Math/Physics Journals,0.0018205032359194634,0.5117493472584856,0.5117493472584856,-0.1204663212435233
mathphysics_share,Math/Physics Journals,0.0015782994819877898,0.5164835164835165,0.5164835164835165,-0.29072538860103625
mathphysics_share,Math/Physics Journals,0.0019941007155344155,0.07692307692307693,0.07692307692307693,0.02409326424870467
mathphysics_share,Math/Physics Journals,-0.014822203693504923,1.0,1.0,0.0
mathphysics_share,Math/Physics Journals,0.003777001063124046,0.017857142857142856,0.017857142857142856,-0.22348837209302325
mathphysics_share,Math/Physics Journals,0.007358676343628641,0.0,0.0,0.10333333333333333
mathphysics_share,Math/Physics Journals,0.0023284740227542413,0.11290322580645161,0.11290322580645161,0.23611398963730573
mathphysics_share,Math/Physics Journals,0.0015993732115743634,0.3869346733668342,0.3869346733668342,-0.26502590673575127
mathphysics_share,Math/Physics Journals,-0.0051056009475824995,0.6288659793814433,0.6288659793814433,0.31
mathphysics_share,Math/Physics Journals,-0.007207978718062345,0.6911764705882353,0.6911764705882353,0.186
mathphysics_share,Math/Physics Journals,-0.00015224397942902672,0.8571428571428571,0.8571428571428571,-0.0738095238095238
mathphysics_share,Math/Physics Journals,0.0007085886093725867,0.4489795918367347,0.4489795918367347,-0.24603174603174605
mathphysics_share,Math/Physics Journals,0.0018803742333821938,0.504,0.504,-0.07227979274611399
mathphysics_share,Math/Physics Journals,0.001324934427184186,0.5714285714285714,0.5714285714285714,0.13777777777777778
mathphysics_share,Math/Physics Journals,0.0008301227941420874,0.5121951219512195,0.5121951219512195,-0.18206349206349207
mathphysics_share,Math/Physics Journals,0.001697835004765733,0.35737704918032787,0.35737704918032787,-0.20720207253886008
mathphysics_share,Math/Physics Journals,0.0015750196693467724,0.3865546218487395,0.3865546218487395,-0.29393782383419687
mathphysics_share,Math/Physics Journals,0.002727115435712183,0.09090909090909091,0.09090909090909091,-0.20174603174603173
mathphysics_share,Math/Physics Journals,-0.009363838369233985,1.0,1.0,0.21700000000000003
mathphysics_share,Math/Physics Journals,0.0037420004383704937,0.0,0.0,-0.25232558139534883
mathphysics_share,Math/Physics Journals,0.005954362221442238,0.0,0.0,-0.124
mathphysics_share,Math/Physics Journals,0.002222834501948663,0.14583333333333334,0.14583333333333334,0.17507772020725393
mathphysics_share,Math/Physics Journals,0.0024463052092532998,0.18518518518518517,0.18518518518518517,0.27787564766839384
mathphysics_share,Math/Physics Journals,0.0009797459575395687,0.5238095238095238,0.5238095238095238,-0.08365079365079364
mathphysics_share,Math/Physics Journals,-0.00652128899225342,0.6785714285714286,0.6785714285714286,-0.1409090909090909
mathphysics_share,Math/Physics Journals,-0.0070872206545238535,1.0,1.0,0.26866666666666666
mathphysics_share,Math/Physics Journals,0.0018790380192107708,0.34831460674157305,0.34831460674157305,-0.07870466321243522
mathphysics_share,Math/Physics Journals,0.001979364055762545,0.325,0.325,0.0016062176165803077
mathphysics_share,Math/Physics Journals,0.0008940646997242396,0.5,0.5,-0.13777777777777778
mathphysics_share,Math/Physics Journals,0.0025077642946995135,0.2727272727272727,0.2727272727272727,0.30357512953367877
mathphysics_share,Math/Physics Journals,0.0024115413704849254,0.5033333333333333,0.5033333333333333,0.26181347150259066
mathphysics_share,Math/Physics Journals,0.0020810422408429593,0.1488095238095238,0.1488095238095238,0.09155440414507776
mathphysics_share,Math/Physics Journals,-0.012555164488895036,1.0,1.0,0.2411111111111111
mathphysics_share,Math/Physics Journals,0.0014685375945665713,0.057971014492753624,0.057971014492753624,0.250952380952381
mathphysics_share,Math/Physics Journals,0.00556509404738459,0.0,0.0,0.09300000000000003
mathphysics_share,Math/Physics Journals,0.002110305847654391,0.2025862068965517,0.2025862068965517,0.10761658031088084
mathphysics_share,Math/Physics Journals,0.0010661361696405025,0.4137466307277628,0.4137466307277628,-0.04428571428571426
mathphysics_share,Math/Physics Journals,0.002659468103263739,0.15789473684210525,0.15789473684210525,-0.2509523809523809
mathphysics_share,Math/Physics Journals,0.0021189236765527726,0.05405405405405406,0.05405405405405406,0.11725388601036274
mathphysics_share,Math/Physics Journals,-0.009917852326249463,1.0,1.0,-0.186
mathphysics_share,Math/Physics Journals,0.0017082503719626238,0.030303030303030304,0.030303030303030304,-0.20077720207253885
mathphysics_share,Math/Physics Journals,0.005607165867219955,0.0,0.0,0.124
mathphysics_share,Math/Physics Journals,0.0014667050907852845,0.07017543859649122,0.07017543859649122,0.2411111111111111
mathphysics_share,Math/Physics Journals,0.0025735769270895186,0.17880794701986755,0.17880794701986755,0.31
mathphysics_share,Math/Physics Journals,0.003130351931141665,0.26285714285714284,0.26285714285714284,0.054126984126984135
mathphysics_share,Math/Physics Journals,0.0009344087489998046,0.48520710059171596,0.48520710059171596,-0.123015873015873
mathphysics_share,Math/Physics Journals,0.0012340866939212942,0.6153846153846154,0.6153846153846154,0.05904761904761907
mathphysics_share,Math/Physics Journals,-0.006358620040668823,0.691131498470948,0.691131498470948,0.028181818181818197
mathphysics_share,Math/Physics Journals,0.0012502406516652945,0.11538461538461539,0.11538461538461539,0.08857142857142858
mathphysics_share,Math/Physics Journals,0.0034648521719441846,0.05555555555555555,0.05555555555555555,0.26079365079365086
mathphysics_share,Math/Physics Journals,-0.014082842522224776,1.0,1.0,-0.04428571428571432
mathphysics_share,Math/Physics Journals,-0.009390212307432144,1.0,1.0,0.186
mathphysics_share,Math/Physics Journals,0.004576458050565937,0.0,0.0,0.26674418604651157
mathphysics_share,Math/Physics Journals,0.0010504433030351036,0.34146341463414637,0.34146341463414637,-0.054126984126984135
mathphysics_share,Math/Physics Journals,0.0010884186873526948,0.5061728395061729,0.5061728395061729,-0.02460317460317457
mathphysics_share,Math/Physics Journals,-0.006478558474122,0.7415730337078652,0.7415730337078652,-0.08454545454545453
mathphysics_share,Math/Physics Journals,-0.006477648776486294,0.7816091954022989,0.7816091954022989,-0.02818181818181814
mathphysics_share,Math/Physics Journals,-0.004333483061678544,0.7285714285714285,0.7285714285714285,0.10333333333333333
mathphysics_share,Math/Physics Journals,0.0006791113619129438,0.6032388663967612,0.6032388663967612,-0.25587301587301586
mathphysics_share,Math/Physics Journals,-0.001167026790137762,0.841726618705036,0.841726618705036,0.051666666666666694
mathphysics_share,Math/Physics Journals,0.0032177019837693467,0.0425531914893617,0.0425531914893617,0.1328571428571429
mathphysics_share,Math/Physics Journals,-0.010745715359347752,1.0,1.0,0.062
mathphysics_share,Math/Physics Journals,0.003139161462373458,0.0,0.0,0.06396825396825401
mathphysics_share,Math/Physics Journals,0.002292786992351095,0.10256410256410256,0.10256410256410256,0.20720207253886008
mathphysics_share,Math/Physics Journals,0.0015175671488403676,0.5742574257425742,0.5742574257425742,0.28539682539682537
mathphysics_share,Math/Physics Journals,-0.005893239665880907,0.639344262295082,0.639344262295082,-0.26571428571428574
mathphysics_share,Math/Physics Journals,0.0007370265760957988,0.5925925925925926,0.5925925925925926,-0.23619047619047617
mathphysics_share,Math/Physics Journals,-0.0033233628812703087,0.6451612903225806,0.6451612903225806,-0.10333333333333333
mathphysics_share,Math/Physics Journals,-0.005906704551383536,0.7317073170731707,0.7317073170731707,-0.31
mathphysics_share,Math/Physics Journals,-0.0014647453937828702,0.8461538461538461,0.8461538461538461,-0.20666666666666667
mathphysics_share,Math/Physics Journals,-0.005445588679529856,0.782608695652174,0.782608695652174,-0.04428571428571432
mathphysics_share,Math/Physics Journals,-0.01836703526807278,1.0,1.0,-0.31
mathphysics_share,Math/Physics Journals,0.0022872603157334686,0.0,0.0,0.20077720207253885
mathphysics_share,Math/Physics Journals,0.00038022272439163434,0.8636363636363636,0.8636363636363636,0.250952380952381
mathphysics_share,Math/Physics Journals,-0.00633520741527252,0.8333333333333334,0.8333333333333334,0.08454545454545453
mathphysics_share,Math/Physics Journals,-0.003865143195471764,0.75,0.75,0.25833333333333336
mathphysics_share,Math/Physics Journals,0.0032002417518804394,0.5,0.5,0.10333333333333333
mathphysics_share,Math/Physics Journals,0.003930467029864716,0.8888888888888888,0.8888888888888888,-0.1802325581395349
mathphysics_share,Math/Physics Journals,0.0018212288315069172,0.40431266846361186,0.40431266846361186,-0.11725388601036268
mathphysics_share,Math/Physics Journals,0.00158395308844669,0.4888888888888889,0.4888888888888889,-0.284300518134715
mathphysics_share,Math/Physics Journals,0.0023964205371715336,0.08333333333333333,0.08333333333333333,0.25860103626943004
mathphysics_share,Math/Physics Journals,-0.007918927545462156,1.0,1.0,-0.26866666666666666
mathphysics_share,Math/Physics Journals,0.0024943205876329032,0.10256410256410256,0.10256410256410256,0.2939378238341969
mathphysics_share,Math/Physics Journals,0.00795646711121529,0.0,0.0,-0.31
mathphysics_share,Math/Physics Journals,0.001393468316634515,0.19480519480519481,0.19480519480519481,0.19190476190476197
mathphysics_share,Math/Physics Journals,0.0015545789210491784,0.4649859943977591,0.4649859943977591,-0.3067875647668394
mathphysics_share,Math/Physics Journals,0.0017887494850664422,0.5316455696202531,0.5316455696202531,-0.13974093264248705
mathphysics_share,Math/Physics Journals,0.002665198435482999,0.14285714285714285,0.14285714285714285,-0.2411111111111111
mathphysics_share,Math/Physics Journals,-0.013862387032574131,1.0,1.0,0.22142857142857136
mathphysics_share,Math/Physics Journals,0.0044679941092657955,0.015151515151515152,0.015151515151515152,0.2090697674418604
mathphysics_share,Math/Physics Journals,0.005310418256305945,0.0,0.0,-0.030999999999999972
mathphysics_share,Math/Physics Journals,0.0026530388835805546,0.20754716981132076,0.20754716981132076,-0.2607936507936508
mathphysics_share,Math/Physics Journals,0.00081878358775589,0.5766871165644172,0.5766871165644172,-0.1919047619047619
mathphysics_share,Math/Physics Journals,0.00021231312891445019,0.4117647058823529,0.4117647058823529,0.14761904761904765
mathphysics_share,Math/Physics Journals,0.0023221047998237365,0.22857142857142856,0.22857142857142856,0.23290155440414512
mathphysics_share,Math/Physics Journals,-0.012262678956481627,1.0,1.0,-0.31
mathphysics_share,Math/Physics Journals,-3.207606865465362e-05,0.04081632653061224,0.04081632653061224,0.029523809523809563
mathphysics_share,Math/Physics Journals,0.0065320105345777636,0.0,0.0,0.124
mathphysics_share,Math/Physics Journals,0.001834410773946725,0.21818181818181817,0.21818181818181817,-0.1044041450777202
mathphysics_share,Math/Physics Journals,-0.002120992618513752,0.6408839779005525,0.6408839779005525,0.051666666666666694
mathphysics_share,Math/Physics Journals,-0.0032666256095026857,0.6285714285714286,0.6285714285714286,0.10333333333333333
mathphysics_share,Math/Physics Journals,0.002374863218594668,0.2631578947368421,0.2631578947368421,0.2489637305699482
mathphysics_share,Math/Physics Journals,-0.009419919795819394,1.0,1.0,0.124
mathphysics_share,Math/Physics Journals,0.0020838309036640967,0.09433962264150944,0.09433962264150944,0.09476683937823838
mathphysics_share,Math/Physics Journals,0.003238415772932159,0.0,0.0,0.17222222222222222
mathphysics_share,Math/Physics Journals,0.0018234404043626945,0.19148936170212766,0.19148936170212766,-0.11404145077720207
mathphysics_share,Math/Physics Journals,0.001736288930206315,0.225531914893617,0.225531914893617,-0.18150259067357513
mathphysics_share,Math/Physics Journals,0.0021247188419876418,0.4,0.4,0.12367875647668397
mathphysics_share,Math/Physics Journals,0.002737940221844766,0.051643192488262914,0.051643192488262914,-0.18206349206349207
mathphysics_share,Math/Physics Journals,-0.009059353514818519,1.0,1.0,-0.26866666666666666
mathphysics_share,Math/Physics Journals,0.0015335566137528991,0.038834951456310676,0.038834951456310676,0.31
mathphysics_share,Math/Physics Journals,0.007028868059752703,0.0,0.0,0.0
mathphysics_share,Math/Physics Journals,0.0023938409463848042,0.11055276381909548,0.11055276381909548,0.2553886010362694
mathphysics_share,Math/Physics Journals,0.002121787993143592,0.2395693135935397,0.2395693135935397,0.12046632124352336
mathphysics_share,Math/Physics Journals,0.0023894711416523437,0.33070866141732286,0.33070866141732286,0.2521761658031088
mathphysics_share,Math/Physics Journals,0.0023206702682884487,0.06666666666666667,0.06666666666666667,0.22647668393782389
mathphysics_share,Math/Physics Journals,-0.01423427010605221,1.0,1.0,-0.13285714285714287
mathphysics_share,Math/Physics Journals,-0.0013272580931872552,0.0064516129032258064,0.0064516129032258064,-0.051666666666666694
mathphysics_share,Math/Physics Journals,0.005908849073344352,0.0,0.0,-0.186
mathphysics_share,Math/Physics Journals,0.0022451812749834906,0.11917098445595854,0.11917098445595854,0.18150259067357516
mathphysics_share,Math/Physics Journals,0.0013629267171417958,0.3230769230769231,0.3230769230769231,0.17222222222222222
mathphysics_share,Math/Physics Journals,0.0005567343027656671,0.29333333333333333,0.29333333333333333,-0.29523809523809524
mathphysics_share,Math/Physics Journals,0.001955904028964095,0.08888888888888889,0.08888888888888889,-0.020880829015544
mathphysics_share,Math/Physics Journals,-0.012408207923102033,1.0,1.0,0.31
mathphysics_share,Math/Physics Journals,0.00030785685797834767,0.027777777777777776,0.027777777777777776,0.22142857142857147
mathphysics_share,Math/Physics Journals,0.004006596519544762,0.0,0.0,-0.10813953488372094
mathphysics_share,Math/Physics Journals,0.0013906563494266522,0.1437125748502994,0.1437125748502994,0.18698412698412703
mathphysics_share,Math/Physics Journals,0.0012251649615915503,0.39209726443769,0.39209726443769,0.04428571428571432
mathphysics_share,Math/Physics Journals,0.000951467543500522,0.36666666666666664,0.36666666666666664,-0.11317460317460315
mathphysics_share,Math/Physics Journals,-0.00013991021684603037,0.09859154929577464,0.09859154929577464,-0.04428571428571426
mathphysics_share,Math/Physics Journals,-0.010665622353312277,1.0,1.0,0.10333333333333333
mathphysics_share,Math/Physics Journals,0.0013802198131760573,0.04807692307692308,0.04807692307692308,0.17714285714285716
mathphysics_share,Math/Physics Journals,0.0032767202718621624,0.0,0.0,0.19190476190476197
mathphysics_share,Math/Physics Journals,0.0008895256920079807,0.12359550561797752,0.12359550561797752,-0.14269841269841269
economics_share,Economics Journals,-0.0019508270171090152,0.32808022922636104,0.32808022922636104,0.135625
economics_share,Economics Journals,-0.000205187198948945,0.06557377049180328,0.06557377049180328,0.25032085561497325
economics_share,Economics Journals,0.004112517147053305,1.0,1.0,0.31
economics_share,Economics Journals,-0.0014946250699973637,0.12987012987012986,0.12987012987012986,-0.16238095238095238
economics_share,Economics Journals,-0.0004957053164659103,0.0,0.0,0.06465240641711228
economics_share,Economics Journals,-0.00043939330642823646,0.0,0.0,0.0911764705882353
economics_share,Economics Journals,-0.001618152705112903,0.28708133971291866,0.28708133971291866,-0.25685714285714284
economics_share,Economics Journals,-0.0003547289672060564,0.13513513513513514,0.13513513513513514,0.15748663101604277
economics_share,Economics Journals,-0.003527987820109007,0.21052631578947367,0.21052631578947367,0.31
economics_share,Economics Journals,0.0030021351380600816,1.0,1.0,0.16533333333333333
economics_share,Economics Journals,0.00036001451265398743,0.009708737864077669,0.009708737864077669,0.08966942148760332
economics_share,Economics Journals,-0.0007164496835993838,0.0,0.0,-0.1409090909090909
economics_share,Economics Journals,-0.0003242439512782818,0.0,0.0,0.17737967914438502
economics_share,Economics Journals,-0.0009119406583314923,0.1232876712328767,0.1232876712328767,-0.2934224598930481
economics_share,Economics Journals,3.154662368505915e-05,0.1111111111111111,0.1111111111111111,-0.17677685950413222
economics_share,Economics Journals,0.0008682727937741599,0.047619047619047616,0.047619047619047616,-0.17119402985074628
economics_share,Economics Journals,-0.0003608333580941248,0.20408163265306123,0.20408163265306123,0.14754010695187164
economics_share,Economics Journals,-0.00029016715488028305,0.12903225806451613,0.12903225806451613,0.21716577540106946
economics_share,Economics Journals,-0.0002012905990850463,0.4838709677419355,0.4838709677419355,0.2635828877005348
economics_share,Economics Journals,0.0011834773855423392,0.0,0.0,0.09716417910447761
economics_share,Economics Journals,0.0023021524263358815,1.0,1.0,0.2066666666666666
economics_share,Economics Journals,0.0002148744963072265,0.0,0.0,-0.033305785123966924
economics_share,Economics Journals,-0.0013826869698935586,0.0,0.0,-0.08561904761904762
economics_share,Economics Journals,-0.00031526530575556915,0.0,0.0,0.19395721925133685
economics_share,Economics Journals,-0.001309295588402089,0.2542372881355932,0.2542372881355932,0.008857142857142841
economics_share,Economics Journals,-0.0016519538780811664,0.6923076923076923,0.6923076923076923,-0.26866666666666666
economics_share,Economics Journals,-0.0007408167093015022,0.4583333333333333,0.4583333333333333,-0.1541711229946524
economics_share,Economics Journals,-0.00033790335160210005,0.5084745762711864,0.5084745762711864,0.1674331550802139
economics_share,Economics Journals,-0.0005134605754224714,0.45454545454545453,0.45454545454545453,0.024866310160427785
economics_share,Economics Journals,-0.0019807312699705397,0.33636363636363636,0.33636363636363636,0.07750000000000001
economics_share,Economics Journals,0.00016924270075340328,0.0,0.0,-0.074297520661157
economics_share,Economics Journals,0.004576619221515924,1.0,1.0,0.22545454545454552
economics_share,Economics Journals,-0.00016401246002992155,0.030303030303030304,0.030303030303030304,0.2867914438502674
economics_share,Economics Journals,-0.0004977397618976182,0.0,0.0,0.05802139037433157
economics_share,Economics Journals,-0.0013171053242510729,0.09375,0.09375,-0.02657142857142858
economics_share,Economics Journals,0.00020150115930889226,0.25,0.25,-0.03842975206611571
economics_share,Economics Journals,-0.0027214325622568814,0.3888888888888889,0.3888888888888889,0.31
economics_share,Economics Journals,-0.0018115633421213805,0.34375,0.34375,-0.3040952380952381
economics_share,Economics Journals,-0.002160533561670694,0.3333333333333333,0.3333333333333333,-0.019374999999999976
economics_share,Economics Journals,-0.0014759905065130905,0.7346938775510204,0.7346938775510204,-0.14466666666666667
economics_share,Economics Journals,-0.0003604808288232181,0.0,0.0,0.15085561497326205
economics_share,Economics Journals,0.004267738816932812,1.0,1.0,-0.19727272727272727
economics_share,Economics Journals,0.0032515986487861017,0.9032258064516129,0.9032258064516129,0.31
economics_share,Economics Journals,-0.0011534065242994674,0.0,0.0,0.13285714285714284
economics_share,Economics Journals,0.0041247727349452085,0.7894736842105263,0.7894736842105263,-0.25363636363636366
economics_share,Economics Journals,0.0020535782928361103,1.0,1.0,0.06888888888888889
economics_share,Economics Journals,0.003297655697464844,1.0,1.0,-0.2604
economics_share,Economics Journals,-0.0013141519647121044,0.6875,0.6875,-0.014761904761904754
economics_share,Economics Journals,-0.0015062599837073877,0.68,0.68,-0.1919047619047619
economics_share,Economics Journals,-0.0006655911500965314,0.4444444444444444,0.4444444444444444,-0.10775401069518717
economics_share,Economics Journals,0.001277481325917508,0.0,0.0,0.16194029850746267
economics_share,Economics Journals,0.0031302305652392503,1.0,1.0,0.22733333333333333
economics_share,Economics Journals,-0.00023956129058865267,0.23076923076923078,0.23076923076923078,0.23374331550802135
economics_share,Economics Journals,-0.0010908983491462801,0.0,0.0,0.18009523809523809
economics_share,Economics Journals,-0.0039010566014959407,0.3125,0.3125,-0.04428571428571432
economics_share,Economics Journals,-0.002463863695858863,0.36486486486486486,0.36486486486486486,-0.19375
economics_share,Economics Journals,0.0008904920358064929,0.0,0.0,-0.14343283582089553
economics_share,Economics Journals,0.003330503802796456,1.0,1.0,-0.2356
economics_share,Economics Journals,-0.0008993651088154127,0.14285714285714285,0.14285714285714285,-0.2867914438502674
economics_share,Economics Journals,-0.001082501932999823,0.0,0.0,0.19190476190476197
economics_share,Economics Journals,-0.00023833709047086672,0.0,0.0,0.2370588235294117
economics_share,Economics Journals,-0.0026278114973600918,0.4,0.4,-0.290625
economics_share,Economics Journals,-0.0021621535030676474,0.4012345679012346,0.4012345679012346,-0.03875000000000001
economics_share,Economics Journals,-0.0005805900050509541,0.07142857142857142,0.07142857142857142,-0.04807486631016045
economics_share,Economics Journals,0.004411303353132554,1.0,1.0,0.028181818181818197
economics_share,Economics Journals,-0.0011844981781334689,0.25,0.25,0.09152380952380951
economics_share,Economics Journals,-0.001495099632409792,0.0,0.0,-0.1682857142857143
economics_share,Economics Journals,-0.00051090497342279,0.0,0.0,0.03481283422459891
economics_share,Economics Journals,-0.001591547007661789,0.2916666666666667,0.2916666666666667,-0.23914285714285716
economics_share,Economics Journals,-0.0006256997030320946,0.2805755395683453,0.2805755395683453,-0.0779144385026738
economics_share,Economics Journals,1.4551453676035668e-05,0.09375,0.09375,-0.19727272727272727
economics_share,Economics Journals,0.0037721701942629304,1.0,1.0,0.03720000000000001
economics_share,Economics Journals,-0.0010069369431032322,0.08666666666666667,0.08666666666666667,0.2804761904761905
economics_share,Economics Journals,-0.00130263069224227,0.0,0.0,0.014761904761904754
economics_share,Economics Journals,-0.0003790657788729694,0.0,0.0,0.13427807486631016
economics_share,Economics Journals,-0.0014475479494627994,0.25833333333333336,0.25833333333333336,-0.13285714285714284
economics_share,Economics Journals,-0.0006302961967001599,0.2701908957415565,0.2701908957415565,-0.08454545454545453
economics_share,Economics Journals,0.00010094418761301124,0.03488372093023256,0.03488372093023256,-0.14603305785123966
economics_share,Economics Journals,0.005516297107455797,1.0,1.0,0.0
economics_share,Economics Journals,-0.00031209111159580754,0.048,0.048,0.19727272727272732
economics_share,Economics Journals,-0.0005462724435659004,0.0,0.0,-0.018235294117647072
economics_share,Economics Journals,-0.00020492538425667255,0.0,0.0,0.25695187165775396
economics_share,Economics Journals,-0.0013198047097938864,0.23170731707317074,0.23170731707317074,-0.03247619047619049
economics_share,Economics Journals,-0.0005180804100622939,0.07947019867549669,0.07947019867549669,0.018235294117647072
economics_share,Economics Journals,-0.0010013981345116966,0.08823529411764706,0.08823529411764706,0.2981904761904762
economics_share,Economics Journals,0.01016924394864449,1.0,1.0,-0.31
economics_share,Economics Journals,0.00014760884375301125,0.0,0.0,-0.09479338842975205
economics_share,Economics Journals,-0.0005462724435659004,0.0,0.0,-0.01491978609625666
economics_share,Economics Journals,-0.0001419008130607506,0.0,0.0,0.3000534759358288
economics_share,Economics Journals,-0.001010449484425664,0.0967741935483871,0.0967741935483871,0.27457142857142863
economics_share,Economics Journals,0.0002984201741969295,0.08571428571428572,0.08571428571428572,0.03330578512396698
economics_share,Economics Journals,0.00030662946041988206,0.1044776119402985,0.1044776119402985,0.048677685950413274
economics_share,Economics Journals,-0.0006989262149745103,0.11494252873563218,0.11494252873563218,-0.13427807486631016
economics_share,Economics Journals,-0.001001348342167622,0.035398230088495575,0.035398230088495575,0.30409523809523814
economics_share,Economics Journals,-0.0004551060616049056,0.4410480349344978,0.4410480349344978,0.08122994652406418
economics_share,Economics Journals,-0.00016528819058155177,0.0,0.0,0.28347593582887703
economics_share,Economics Journals,0.003658564589089362,1.0,1.0,-0.012400000000000022
economics_share,Economics Journals,0.0002941617001326949,0.02127659574468085,0.02127659574468085,0.028181818181818197
economics_share,Economics Journals,-0.0005806660405468789,0.0,0.0,-0.0513903743315508
economics_share,Economics Journals,-0.0004698500321220176,0.0,0.0,0.07791443850267377
economics_share,Economics Journals,-0.0025870573110801584,0.40384615384615385,0.40384615384615385,-0.27125
economics_share,Economics Journals,-0.003468492185568814,0.38461538461538464,0.38461538461538464,-0.2356
economics_share,Economics Journals,-0.0034897616073773503,0.4,0.4,-0.31
economics_share,Economics Journals,-0.0011693574712246032,0.5444444444444444,0.5444444444444444,0.11514285714285716
economics_share,Economics Journals,-0.0018435836552691469,0.32558139534883723,0.32558139534883723,0.27125000000000005
economics_share,Economics Journals,-0.0020836580752061763,0.3925233644859813,0.3925233644859813,0.05812499999999998
economics_share,Economics Journals,-0.00036480150071588487,0.0,0.0,0.14422459893048128
economics_share,Economics Journals,0.004799540552934605,1.0,1.0,0.2818181818181818
economics_share,Economics Journals,-0.0005182191846926145,0.03125,0.03125,0.01491978609625666
economics_share,Economics Journals,-0.00048608249307926756,0.0,0.0,0.0679679144385027
economics_share,Economics Journals,-0.0013715396382445802,0.0625,0.0625,-0.07971428571428571
economics_share,Economics Journals,-0.00556143396214233,0.4166666666666667,0.4166666666666667,0.10333333333333333
economics_share,Economics Journals,-0.0003163650466605518,0.47058823529411764,0.47058823529411764,0.1906417112299465
economics_share,Economics Journals,-0.002977735413938753,0.34285714285714286,0.34285714285714286,0.1612
economics_share,Economics Journals,-0.0006314724724495041,0.2857142857142857,0.2857142857142857,-0.08786096256684492
economics_share,Economics Journals,-0.007197484318768001,0.65,0.65,-0.02818181818181814
economics_share,Economics Journals,-0.0003183202696258644,0.0,0.0,0.18732620320855614
economics_share,Economics Journals,0.003400159662976311,1.0,1.0,-0.1116
economics_share,Economics Journals,-0.0020839637268350655,0.6923076923076923,0.6923076923076923,0.03875000000000001
economics_share,Economics Journals,-0.0019537058867990145,0.6923076923076923,0.6923076923076923,0.11625000000000002
economics_share,Economics Journals,-0.0055125817621739575,0.6666666666666666,0.6666666666666666,0.25833333333333336
economics_share,Economics Journals,-0.0058187357926758315,0.625,0.625,-0.10333333333333333
economics_share,Economics Journals,0.004118478148458273,0.8,0.8,-0.31
economics_share,Economics Journals,-0.00012985891706323219,0.29,0.29,0.31
economics_share,Economics Journals,0.00043480772624438673,0.0,0.0,0.15628099173553722
economics_share,Economics Journals,0.004427604326971295,1.0,1.0,0.11272727272727273
economics_share,Economics Journals,-0.00021271651308891877,0.058823529411764705,0.058823529411764705,0.2470053475935829
economics_share,Economics Journals,0.0006049382727261958,0.0,0.0,0.2536363636363637
economics_share,Economics Journals,-9.442773015858832e-05,0.0,0.0,-0.2741322314049587
economics_share,Economics Journals,-0.0003525257398782638,0.2,0.2,0.16080213903743312
economics_share,Economics Journals,-0.0034452415199692442,0.30526315789473685,0.30526315789473685,-0.186
economics_share,Economics Journals,0.00043118480422011323,0.038461538461538464,0.038461538461538464,0.1460330578512397
economics_share,Economics Journals,0.004364003487760659,1.0,1.0,-0.05636363636363634
economics_share,Economics Journals,-0.0005331232598346577,0.07547169811320754,0.07547169811320754,0.008288770053475947
economics_share,Economics Journals,-0.0006240985208413979,0.0,0.0,-0.07459893048128344
economics_share,Economics Journals,-0.00013989384290730243,0.0,0.0,0.3033689839572193
economics_share,Economics Journals,-0.0008477861552891187,0.26666666666666666,0.26666666666666666,-0.2436898395721925
economics_share,Economics Journals,-0.0021598517228968743,0.3424657534246575,0.3424657534246575,0.0
economics_share,Economics Journals,0.00010822062352186015,0.043478260869565216,0.043478260869565216,-0.13578512396694215
economics_share,Economics Journals,0.004371605326313744,1.0,1.0,0.0
economics_share,Economics Journals,-0.0008590606097226767,0.0625,0.0625,-0.2602673796791444
economics_share,Economics Journals,-0.0014431852558437386,0.0,0.0,-0.12695238095238096
economics_share,Economics Journals,-0.0004996325895523751,0.0,0.0,0.0513903743315508
economics_share,Economics Journals,-0.0012748013024753602,0.28,0.28,0.03247619047619049
economics_share,Economics Journals,-0.0007947115180309646,0.12790697674418605,0.12790697674418605,-0.21385026737967916
economics_share,Economics Journals,-0.00015029360598436053,0.043478260869565216,0.043478260869565216,0.2934224598930481
economics_share,Economics Journals,0.0032685170669413976,1.0,1.0,-0.31
economics_share,Economics Journals,0.0004924011081490616,0.012048192771084338,0.012048192771084338,0.17677685950413224
economics_share,Economics Journals,-0.0015780069647576712,0.0,0.0,-0.23323809523809524
economics_share,Economics Journals,-0.000995882237417718,0.0,0.0,0.31
economics_share,Economics Journals,-0.001074334978765793,0.15384615384615385,0.15384615384615385,0.20371428571428568
economics_share,Economics Journals,0.0002638097611670713,0.22943722943722944,0.22943722943722944,0.0025619834710743916
economics_share,Economics Journals,0.001110153142258425,0.032520325203252036,0.032520325203252036,0.0323880597014925
economics_share,Economics Journals,0.003295094528095364,1.0,1.0,-0.2852
economics_share,Economics Journals,0.0003252811637515772,0.03365384615384615,0.03365384615384615,0.06404958677685951
economics_share,Economics Journals,-0.000850894502848301,0.0,0.0,-0.25363636363636366
economics_share,Economics Journals,0.0007214769298554625,0.0,0.0,0.3048760330578513
economics_share,Economics Journals,9.748814403433394e-05,0.18518518518518517,0.18518518518518517,-0.15628099173553717
economics_share,Economics Journals,-0.001037245245440517,0.13089005235602094,0.13089005235602094,0.23914285714285716
economics_share,Economics Journals,-0.0012116533878306828,0.07272727272727272,0.07272727272727272,0.06790476190476191
economics_share,Economics Journals,0.0060428569693178075,1.0,1.0,0.0
economics_share,Economics Journals,0.0010240943095123853,0.011764705882352941,0.011764705882352941,-0.004626865671641833
economics_share,Economics Journals,-0.000850894502848301,0.0,0.0,-0.2470053475935829
economics_share,Economics Journals,0.0004433870704649464,0.0,0.0,0.161404958677686
economics_share,Economics Journals,-0.00165685775472818,0.11764705882352941,0.11764705882352941,-0.2745714285714286
economics_share,Economics Journals,0.0006798963536762414,0.25,0.25,0.2792561983471075
economics_share,Economics Journals,0.00022510059305608896,0.15894039735099338,0.15894039735099338,-0.02818181818181814
economics_share,Economics Journals,-0.001120936118896291,0.08461538461538462,0.08461538461538462,0.16828571428571432
economics_share,Economics Journals,-0.0006717556752843926,0.04081632653061224,0.04081632653061224,-0.11438502673796791
economics_share,Economics Journals,-0.0033611338210439274,0.4603174603174603,0.4603174603174603,-0.08680000000000002
economics_share,Economics Journals,0.0009263784740467202,0.0,0.0,-0.11567164179104478
economics_share,Economics Journals,0.0028998257220548486,1.0,1.0,0.062
economics_share,Economics Journals,0.0007611942602875287,0.01639344262295082,0.01639344262295082,-0.29149253731343283
economics_share,Economics Journals,-0.0003362640437619833,0.0,0.0,0.17074866310160425
economics_share,Economics Journals,0.00039203818843239164,0.0,0.0,0.1204132231404959
economics_share,Economics Journals,-0.005808625250989315,0.3617021276595745,0.3617021276595745,-0.051666666666666694
economics_share,Economics Journals,-0.003270336717634345,0.5,0.5,-0.012400000000000022
economics_share,Economics Journals,-0.006820561140147439,0.5180722891566265,0.5180722891566265,-0.155
economics_share,Economics Journals,-0.004792038207353332,0.38461538461538464,0.38461538461538464,-0.10333333333333333
economics_share,Economics Journals,0.00141138610714248,0.0,0.0,0.27298507462686566
economics_share,Economics Journals,0.0005378370195659149,0.13978494623655913,0.13978494623655913,0.2023966942148761
economics_share,Economics Journals,0.0013376853598673767,0.0,0.0,0.198955223880597
economics_share,Economics Journals,0.0033512531257944914,1.0,1.0,-0.2108
economics_share,Economics Journals,0.0009953682538919734,0.0,0.0,-0.04164179104477611
economics_share,Economics Journals,0.0005152403947997903,0.0,0.0,0.19214876033057854
economics_share,Economics Journals,0.0009970747553440468,0.037037037037037035,0.037037037037037035,-0.032388059701492555
economics_share,Economics Journals,0.0009487972790958534,0.08823529411764706,0.08823529411764706,-0.1064179104477612
economics_share,Economics Journals,0.00026532110451268307,0.23529411764705882,0.23529411764705882,0.007685950413223175
economics_share,Economics Journals,0.00013824440601976678,0.08695652173913043,0.08695652173913043,-0.10504132231404956
economics_share,Economics Journals,0.0012268079903305028,0.0,0.0,0.12492537313432833
economics_share,Economics Journals,-0.007650204044460726,0.5384615384615384,0.5384615384615384,-0.31
economics_share,Economics Journals,0.0007122549548375772,0.0,0.0,0.29975206611570254
economics_share,Economics Journals,0.004491694563031599,1.0,1.0,0.16909090909090913
economics_share,Economics Journals,-0.007848267407478595,0.5555555555555556,0.5555555555555556,0.0
economics_share,Economics Journals,-0.005844710317212698,0.7142857142857143,0.7142857142857143,-0.20666666666666667
economics_share,Economics Journals,-0.007427727877727377,0.3333333333333333,0.3333333333333333,-0.1409090909090909
economics_share,Economics Journals,-0.005844710317212698,0.7142857142857143,0.7142857142857143,-0.155
economics_share,Economics Journals,0.0007038914310286604,0.2876712328767123,0.2876712328767123,0.289504132231405
economics_share,Economics Journals,0.002018490025018474,0.02564102564102564,0.02564102564102564,0.034444444444444444
economics_share,Economics Journals,0.0027003724157137177,1.0,1.0,-0.14466666666666667
economics_share,Economics Journals,0.0005380388080172571,0.043478260869565216,0.043478260869565216,0.20752066115702478
economics_share,Economics Journals,0.000550948056402023,0.0,0.0,0.22289256198347113
economics_share,Economics Journals,-0.0012025349939266106,0.0,0.0,0.08561904761904765
economics_share,Economics Journals,0.0005663716259845489,0.27450980392156865,0.27450980392156865,0.23826446280991737
economics_share,Economics Journals,0.00037633295785157226,0.2887323943661972,0.2887323943661972,0.1101652892561984
economics_share,Economics Journals,0.0006461064034578155,0.061224489795918366,0.061224489795918366,0.26900826446280995
economics_share,Economics Journals,0.0027803161622862956,1.0,1.0,-0.062
economics_share,Economics Journals,-0.0004185710165410158,0.07352941176470588,0.07352941176470588,0.10775401069518714
economics_share,Economics Journals,-0.00019593169269517543,0.0,0.0,0.26689839572192514
economics_share,Economics Journals,0.0008234794938252623,0.0,0.0,-0.23597014925373133
economics_share,Economics Journals,0.0001556590827960627,0.22058823529411764,0.22058823529411764,-0.08966942148760329
economics_share,Economics Journals,0.00036176201980065413,0.16019417475728157,0.16019417475728157,0.0947933884297521
economics_share,Economics Journals,-0.000152049167967375,0.0,0.0,0.29010695187165775
economics_share,Economics Journals,0.0026622054252386043,1.0,1.0,-0.186
economics_share,Economics Journals,0.0014056382107360268,0.0,0.0,0.25447761194029844
economics_share,Economics Journals,-0.000850894502848301,0.0,0.0,-0.25032085561497325
economics_share,Economics Journals,0.0004185645901214239,0.0,0.0,0.1357851239669422
economics_share,Economics Journals,-0.00030706913181593364,0.10909090909090909,0.10909090909090909,0.20390374331550803
economics_share,Economics Journals,-0.0010762833756915104,0.03508771929824561,0.03508771929824561,0.19780952380952382
economics_share,Economics Journals,-0.0008622621725921034,0.0,0.0,-0.26358288770053473
economics_share,Economics Journals,0.009710117750929228,1.0,1.0,-0.31
economics_share,Economics Journals,0.0003514432659588273,0.0,0.0,0.08454545454545459
economics_share,Economics Journals,-0.0008429050095820573,0.0,0.0,-0.24037433155080212
economics_share,Economics Journals,-8.26451348307552e-05,0.0,0.0,-0.26388429752066117
economics_share,Economics Journals,0.0004136045120494649,0.0,0.0,0.13066115702479342
economics_share,Economics Journals,-0.0014273315444602662,0.2309941520467836,0.2309941520467836,-0.12104761904761904
economics_share,Economics Journals,0.0012895384282790262,0.024691358024691357,0.024691358024691357,0.18044776119402983
economics_share,Economics Journals,0.006892048613310781,1.0,1.0,-0.31
economics_share,Economics Journals,2.8180701196829883e-05,0.04310344827586207,0.04310344827586207,-0.18190082644628097
economics_share,Economics Journals,-0.0011221609276231776,0.0,0.0,0.1623809523809524
economics_share,Economics Journals,0.0016751946239346404,0.0,0.0,-0.20666666666666667
economics_share,Economics Journals,-0.0007179266017526371,0.06285714285714286,0.06285714285714286,-0.14422459893048128
economics_share,Economics Journals,-0.0008013266257642703,0.1645021645021645,0.1645021645021645,-0.21716577540106952
economics_share,Economics Journals,-7.517752213386249e-05,0.043478260869565216,0.043478260869565216,-0.2587603305785124
economics_share,Economics Journals,0.010721269998553938,1.0,1.0,0.31
economics_share,Economics Journals,-0.0016422723711170214,0.07317073170731707,0.07317073170731707,-0.26276190476190475
economics_share,Economics Journals,-0.0010307522804561227,0.0,0.0,0.250952380952381
economics_share,Economics Journals,0.0013830605402590241,0.0,0.0,0.23597014925373133
economics_share,Economics Journals,-0.0005171290019511718,0.023076923076923078,0.023076923076923078,0.021550802139037428
economics_share,Economics Journals,0.0019104154757910916,0.22745098039215686,0.22745098039215686,-0.034444444444444444
economics_share,Economics Journals,0.0005718280227982616,0.10344827586206896,0.10344827586206896,0.24338842975206615
economics_share,Economics Journals,5.177032063449918e-05,0.058823529411764705,0.058823529411764705,-0.17165289256198346
economics_share,Economics Journals,-0.0010055793683268386,0.0,0.0,0.28638095238095235
economics_share,Economics Journals,-0.00263055004769455,0.4854368932038835,0.4854368932038835,-0.31
economics_share,Economics Journals,0.002067743616580338,0.0,0.0,0.10333333333333333
economics_share,Economics Journals,-0.0034589804844177012,1.0,1.0,-0.2108
economics_share,Economics Journals,0.002613854352094166,0.0,0.0,-0.20666666666666667
economics_share,Economics Journals,0.0014665023186386274,0.25,0.25,0.2914925373134328
economics_share,Economics Journals,-0.007823134970290883,0.5285714285714286,0.5285714285714286,0.31
economics_share,Economics Journals,-0.0032814806900363716,0.4230769230769231,0.4230769230769231,-0.03720000000000001
economics_share,Economics Journals,0.00033542892327640463,0.2857142857142857,0.2857142857142857,0.0691735537190083
economics_share,Economics Journals,-0.006591279753431367,0.3181818181818182,0.3181818181818182,0.07750000000000001
economics_share,Economics Journals,0.000630666245078283,0.0,0.0,0.2587603305785124
economics_share,Economics Journals,0.011583414872956738,1.0,1.0,0.31
economics_share,Economics Journals,0.00027429560263030934,0.0,0.0,0.012809917355371903
economics_share,Economics Journals,0.002480310944494319,0.0,0.0,-0.26866666666666666
economics_share,Economics Journals,-0.00706095428459012,0.3333333333333333,0.3333333333333333,0.2536363636363637
economics_share,Economics Journals,0.0014569316753784702,0.15384615384615385,0.15384615384615385,0.2822388059701492
economics_share,Economics Journals,-0.003632807750570284,0.5,0.5,0.22142857142857136
economics_share,Economics Journals,-0.004619741658302462,0.42857142857142855,0.42857142857142855,0.2066666666666666
economics_share,Economics Journals,-0.0008523506677749138,0.0,0.0,-0.256951871657754
economics_share,Economics Journals,-0.0014944448139496678,1.0,1.0,-0.15647619047619046
economics_share,Economics Journals,-0.006007970666849143,0.5,0.5,-0.31
economics_share,Economics Journals,-0.004393019195921351,0.5,0.5,0.31
economics_share,Economics Journals,-0.006851347181710358,0.4,0.4,-0.23249999999999998
economics_share,Economics Journals,0.0016719401473814864,0.2946859903381642,0.2946859903381642,-0.2411111111111111
economics_share,Economics Journals,0.0014667990343399354,0.03636363636363636,0.03636363636363636,0.30074626865671633
economics_share,Economics Journals,0.0029959960839364805,1.0,1.0,0.14466666666666667
economics_share,Economics Journals,-0.00010272592469225547,0.06060606060606061,0.06060606060606061,-0.2843801652892562
economics_share,Economics Journals,-0.0006714912551685067,0.0,0.0,-0.11106951871657755
economics_share,Economics Journals,0.0011697614536610166,0.0,0.0,0.087910447761194
economics_share,Economics Journals,0.0020180215402608405,0.06862745098039216,0.06862745098039216,0.0
economics_share,Economics Journals,0.00022515735699512454,0.14358974358974358,0.14358974358974358,-0.023057851239669414
economics_share,Economics Journals,0.0008540999331788957,0.0,0.0,-0.18970149253731344
economics_share,Economics Journals,-0.002817874846451972,1.0,1.0,0.21079999999999993
economics_share,Economics Journals,0.001067323301776038,0.0,0.0,0.013880597014925333
economics_share,Economics Journals,0.000200947337607814,0.0,0.0,-0.043553719008264435
economics_share,Economics Journals,0.0011491624186389378,0.0,0.0,0.07865671641791044
economics_share,Economics Journals,-0.0016169455651421265,0.05454545454545454,0.05454545454545454,-0.2509523809523809
economics_share,Economics Journals,-0.0005579551757034254,0.1111111111111111,0.1111111111111111,-0.03812834224598932
economics_share,Economics Journals,-0.001359184236867961,0.0,0.0,-0.06790476190476191
economics_share,Economics Journals,0.007754108465076811,1.0,1.0,0.0
economics_share,Economics Journals,-0.0008245263468624701,0.05555555555555555,0.05555555555555555,-0.22379679144385028
economics_share,Economics Journals,3.2168949152964822e-06,0.0,0.0,-0.21264462809917356
economics_share,Economics Journals,0.000757412726460271,0.0,0.0,-0.30074626865671644
economics_share,Economics Journals,-0.0005588455170767184,0.07142857142857142,0.07142857142857142,-0.04144385026737968
economics_share,Economics Journals,-0.000139139668914774,0.08333333333333333,0.08333333333333333,0.30668449197860964
economics_share,Economics Journals,-0.0008824459308327772,0.0,0.0,-0.2735294117647059
economics_share,Economics Journals,-0.00032384027910305636,0.0,0.0,0.18401069518716578
economics_share,Economics Journals,-0.0005065795508907306,0.0,0.0,0.04144385026737968
economics_share,Economics Journals,0.0011344646503845418,0.034722222222222224,0.034722222222222224,0.06014925373134328
economics_share,Economics Journals,0.0023185943817454137,1.0,1.0,0.2411111111111111
economics_share,Economics Journals,-0.0006901937365860504,0.0670807453416149,0.0670807453416149,-0.13096256684491978
economics_share,Economics Journals,-0.0008759209385224624,0.0,0.0,-0.2702139037433155
economics_share,Economics Journals,-0.000556566944608036,0.0,0.0,-0.03149732620320855
economics_share,Economics Journals,-0.0010503509993219932,0.19538670284938942,0.19538670284938942,0.22733333333333333
economics_share,Economics Journals,-0.0011754841921210381,0.1317614424410541,0.1317614424410541,0.10333333333333333
economics_share,Economics Journals,-0.0007452385284952797,0.075,0.075,-0.16411764705882353
economics_share,Economics Journals,0.011471174702649932,1.0,1.0,0.0
economics_share,Economics Journals,0.0009028082923834238,0.014970059880239521,0.014970059880239521,-0.12492537313432836
economics_share,Economics Journals,-0.0007762293356915652,0.0,0.0,-0.17737967914438502
economics_share,Economics Journals,-0.00011198415045478794,0.0,0.0,-0.2946280991735537
economics_share,Economics Journals,-0.0015525488645572406,0.08174386920980926,0.08174386920980926,-0.2155238095238095
economics_share,Economics Journals,0.00034274304079198124,0.21367521367521367,0.21367521367521367,0.07942148760330581
economics_share,Economics Journals,-0.001234746624199276,0.07246376811594203,0.07246376811594203,0.05609523809523809
economics_share,Economics Journals,0.012602326805290116,1.0,1.0,0.31
economics_share,Economics Journals,0.00032065472941962753,0.16129032258064516,0.16129032258064516,0.058925619834710785
economics_share,Economics Journals,-0.0008367330309699732,0.0,0.0,-0.2337433155080214
economics_share,Economics Journals,0.001069846900804758,0.0,0.0,0.023134328358208944
economics_share,Economics Journals,0.0008564213830081168,0.10185185185185185,0.10185185185185185,-0.18044776119402986
economics_share,Economics Journals,-0.0008399931368730641,0.12239583333333333,0.12239583333333333,-0.23705882352941177
economics_share,Economics Journals,-0.00020514276817263193,0.06779661016949153,0.06779661016949153,0.2536363636363636
economics_share,Economics Journals,0.007836455110871419,1.0,1.0,0.31
economics_share,Economics Journals,0.0005760765705495507,0.0,0.0,0.24851239669421493
economics_share,Economics Journals,-0.0006837618071384771,0.0,0.0,-0.12433155080213903
economics_share,Economics Journals,0.0007713362895262129,0.0,0.0,-0.2822388059701493
economics_share,Economics Journals,0.00043204837553459364,0.041666666666666664,0.041666666666666664,0.15115702479338844
economics_share,Economics Journals,-0.0010844850571116698,0.10725552050473186,0.10725552050473186,0.186
economics_share,Economics Journals,-0.0034290744674254185,0.05405405405405406,0.05405405405405406,-0.1612
economics_share,Economics Journals,0.011234596158620843,1.0,1.0,-0.31
economics_share,Economics Journals,0.0014056382107360268,0.0,0.0,0.2637313432835821
economics_share,Economics Journals,-0.0007283724199288674,0.0,0.0,-0.15085561497326203
economics_share,Economics Journals,-4.8183677337387536e-05,0.0,0.0,-0.24851239669421488
economics_share,Economics Journals,-0.0018722930865933802,0.09210526315789473,0.09210526315789473,0.251875
economics_share,Economics Journals,-0.0017926544794823855,0.08717948717948718,0.08717948717948718,-0.2981904761904762
economics_share,Economics Journals,-0.0019155562533679285,0.11428571428571428,0.11428571428571428,0.15499999999999997
economics_share,Economics Journals,-0.0008828328864255565,1.0,1.0,-0.27684491978609627
economics_share,Economics Journals,0.00011269352656150483,0.0,0.0,-0.1255371900826446
economics_share,Economics Journals,-0.0013553775260761619,0.0,0.0,-0.062
economics_share,Economics Journals,-0.0007418076101271206,0.0,0.0,-0.1574866310160428
economics_share,Economics Journals,-0.0025249181866821256,0.09195402298850575,0.09195402298850575,-0.213125
economics_share,Economics Journals,-0.0010192638619777633,0.46476964769647694,0.46476964769647694,0.26866666666666666
economics_share,Economics Journals,0.0008348205310083179,0.0,0.0,-0.21746268656716417
economics_share,Economics Journals,0.002933331024091739,1.0,1.0,0.08266666666666667
economics_share,Economics Journals,0.000807773509197667,0.012605042016806723,0.012605042016806723,-0.2544776119402985
economics_share,Economics Journals,-0.0005030802570064065,0.0,0.0,0.04807486631016045
economics_share,Economics Journals,-0.00041286690473920414,0.0,0.0,0.11438502673796791
economics_share,Economics Journals,-0.0034816178263227097,0.3241758241758242,0.3241758241758242,-0.2852
economics_share,Economics Journals,-0.003481109782363318,0.5095541401273885,0.5095541401273885,-0.2604
economics_share,Economics Journals,0.0010572571706991358,0.0,0.0,0.004626865671641778
economics_share,Economics Journals,0.002404422729830866,1.0,1.0,0.31
economics_share,Economics Journals,0.0022739598127083957,0.024390243902439025,0.024390243902439025,0.17222222222222222
economics_share,Economics Journals,-0.0010247384035811267,0.0,0.0,0.2627619047619048
economics_share,Economics Journals,-0.0062531233971813375,0.32608695652173914,0.32608695652173914,0.23249999999999998
economics_share,Economics Journals,-0.0015699187197217904,0.458128078817734,0.458128078817734,-0.22733333333333333
economics_share,Economics Journals,0.0011927030814067794,0.0,0.0,0.10641791044776117
economics_share,Economics Journals,0.0028998257220548486,1.0,1.0,0.04133333333333333
economics_share,Economics Journals,0.0012544682730798045,0.0,0.0,0.1341791044776119
economics_share,Economics Journals,-0.0005822087728930824,0.0,0.0,-0.05470588235294116
economics_share,Economics Journals,0.00042276043380013427,0.0,0.0,0.14090909090909093
economics_share,Economics Journals,-0.0022051112160403146,0.4375,0.4375,-0.05812499999999998
economics_share,Economics Journals,0.00018313288321937667,0.4855769230769231,0.4855769230769231,-0.05892561983471073
economics_share,Economics Journals,-0.0004148220628334134,0.0,0.0,0.11106951871657755
economics_share,Economics Journals,0.002692623921062382,1.0,1.0,-0.16533333333333333
economics_share,Economics Journals,0.00045713364438188555,0.013513513513513514,0.013513513513513514,0.16652892561983473
economics_share,Economics Journals,-0.0014164880957597934,0.0,0.0,-0.10923809523809525
economics_share,Economics Journals,-0.00034783536338983364,0.0,0.0,0.16411764705882353
economics_share,Economics Journals,-0.001309295588402089,0.2631578947368421,0.2631578947368421,-0.0029523809523809286
economics_share,Economics Journals,-0.0019595607749867284,0.40588235294117647,0.40588235294117647,0.09687499999999999
economics_share,Economics Journals,0.0001637733265848786,0.0,0.0,-0.07942148760330578
economics_share,Economics Journals,0.002831770055788799,1.0,1.0,0.020666666666666667
economics_share,Economics Journals,0.0001810733704409916,0.017543859649122806,0.017543859649122806,-0.06404958677685949
economics_share,Economics Journals,-0.0003242439512782818,0.0,0.0,0.18069518716577537
economics_share,Economics Journals,-0.001309295588402089,0.26,0.26,0.002952380952380984
economics_share,Economics Journals,-0.0027221842205346486,0.3015075376884422,0.3015075376884422,0.28519999999999995
economics_share,Economics Journals,0.0018456788722335075,0.0,0.0,-0.10333333333333333
economics_share,Economics Journals,0.003187421196799272,1.0,1.0,0.26866666666666666
economics_share,Economics Journals,0.0009953682538919734,0.013157894736842105,0.013157894736842105,-0.05089552238805972
economics_share,Economics Journals,-0.0005374313751118224,0.0,0.0,-0.0016577540106951782
economics_share,Economics Journals,-0.002981293474421824,0.05714285714285714,0.05714285714285714,0.11159999999999998
economics_share,Economics Journals,0.0006864898552732172,0.28169014084507044,0.28169014084507044,0.2843801652892562
economics_share,Economics Journals,0.0011119372253542983,0.0,0.0,0.04164179104477611
economics_share,Economics Journals,0.006920877761582364,1.0,1.0,0.0
economics_share,Economics Journals,0.0013926401517427094,0.0,0.0,0.2452238805970149
economics_share,Economics Journals,0.0018418524321069006,0.03333333333333333,0.03333333333333333,-0.13777777777777778
economics_share,Economics Journals,-0.0033886729664553694,0.3333333333333333,0.3333333333333333,-0.1116
economics_share,Economics Journals,0.0018629248096310314,0.0,0.0,-0.06888888888888889
economics_share,Economics Journals,0.007407783668851313,1.0,1.0,0.31
economics_share,Economics Journals,0.0009953682538919734,0.02564102564102564,0.02564102564102564,-0.060149253731343305
economics_share,Economics Journals,1.6156858867830672e-05,0.0,0.0,-0.19214876033057848
economics_share,Economics Journals,0.0010008977419175913,0.04,0.04,-0.023134328358208944
economics_share,Economics Journals,-0.0006602902716843713,0.2826086956521739,0.2826086956521739,-0.10112299465240643
economics_share,Economics Journals,-0.00021919541987214908,0.0,0.0,0.24368983957219253
economics_share,Economics Journals,0.004840889929402039,1.0,1.0,0.31
economics_share,Economics Journals,-0.00037261310384887865,0.03125,0.03125,0.13759358288770052
economics_share,Economics Journals,-0.00022167948795672452,0.0,0.0,0.24037433155080218
economics_share,Economics Journals,-0.0012741290892144146,0.0967741935483871,0.0967741935483871,0.038380952380952404
economics_share,Economics Journals,-0.0018115633421213805,0.3230769230769231,0.3230769230769231,-0.31
economics_share,Economics Journals,-3.66750004548841e-05,0.0,0.0,-0.23826446280991737
economics_share,Economics Journals,0.002738514503996257,1.0,1.0,-0.124
economics_share,Economics Journals,0.0006437876013797294,0.0,0.0,0.26388429752066117
economics_share,Economics Journals,-0.0004977397618976182,0.0,0.0,0.06133689839572193
economics_share,Economics Journals,0.00037128986665043004,0.05263157894736842,0.05263157894736842,0.10504132231404961
economics_share,Economics Journals,-0.001204201646346487,0.6629213483146067,0.6629213483146067,0.07971428571428574
economics_share,Economics Journals,0.00030253226871107975,0.0,0.0,0.03842975206611571
economics_share,Economics Journals,0.004427473837260601,1.0,1.0,0.056363636363636394
economics_share,Economics Journals,0.0028061481272189477,0.7719298245614035,0.7719298245614035,-0.020666666666666667
economics_share,Economics Journals,-0.0011534065242994674,0.0,0.0,0.13876190476190475
economics_share,Economics Journals,-0.0015025182315238981,0.7419354838709677,0.7419354838709677,-0.18009523809523809
economics_share,Economics Journals,-0.00968459904530275,0.55,0.55,0.31
economics_share,Economics Journals,0.0008512253024156161,0.0,0.0,-0.19895522388059703
economics_share,Economics Journals,0.0032113121587394617,1.0,1.0,0.2893333333333333
economics_share,Economics Journals,-0.007484187755169781,0.38461538461538464,0.38461538461538464,-0.19727272727272727
economics_share,Economics Journals,-0.004692737293166804,0.7142857142857143,0.7142857142857143,0.10333333333333333
economics_share,Economics Journals,-0.0037476951942708486,0.7142857142857143,0.7142857142857143,0.13285714285714284
economics_share,Economics Journals,-0.0005940931871717682,0.0,0.0,-0.06465240641711231
economics_share,Economics Journals,0.003361957572123911,1.0,1.0,-0.1612
economics_share,Economics Journals,0.0036786392855957346,0.9230769230769231,0.9230769230769231,0.012399999999999967
economics_share,Economics Journals,-0.003778273305118593,0.75,0.75,0.04428571428571426
economics_share,Economics Journals,-0.0011544169443843163,0.7272727272727273,0.7272727272727273,0.12104761904761907
economics_share,Economics Journals,0.0037851295365997446,1.0,1.0,0.062
economics_share,Economics Journals,0.004037909019250593,1.0,1.0,0.21079999999999993
economics_share,Economics Journals,-0.0014791452917607608,0.7368421052631579,0.7368421052631579,-0.15057142857142858
economics_share,Economics Journals,-0.0019072364950690672,0.6538461538461539,0.6538461538461539,0.19375000000000003
economics_share,Economics Journals,-0.0006129531467813293,0.0,0.0,-0.07128342245989305
economics_share,Economics Journals,0.0039939313122887106,1.0,1.0,0.186
economics_share,Economics Journals,0.0027734648314938523,0.7647058823529411,0.7647058823529411,-0.08266666666666667
economics_share,Economics Journals,-0.0015005440398592963,0.75,0.75,-0.17419047619047617
economics_share,Economics Journals,-0.006764734421981434,0.4,0.4,-0.07750000000000001
economics_share,Economics Journals,0.0001239002312931379,0.49712643678160917,0.49712643678160917,-0.12041322314049585
economics_share,Economics Journals,-0.00280035509193326,0.2,0.2,0.23559999999999998
economics_share,Economics Journals,0.004462630697917387,1.0,1.0,0.14090909090909093
economics_share,Economics Journals,-0.002322886727926286,0.5333333333333333,0.5333333333333333,-0.174375
economics_share,Economics Journals,-0.0007849553465976659,0.0,0.0,-0.19064171122994653
economics_share,Economics Journals,-0.00048608249307926756,0.0,0.0,0.07128342245989305
economics_share,Economics Journals,-0.0015062209861722502,0.28169014084507044,0.28169014084507044,-0.186
economics_share,Economics Journals,-0.001827382454668976,0.26717557251908397,0.26717557251908397,0.31
economics_share,Economics Journals,-0.0011529552843002814,0.6666666666666666,0.6666666666666666,0.14466666666666667
economics_share,Economics Journals,-0.0004288502169030039,0.4782608695652174,0.4782608695652174,0.10112299465240643
economics_share,Economics Journals,0.00433643422864204,0.8076923076923077,0.8076923076923077,-0.1409090909090909
economics_share,Economics Journals,-0.0014018956404282393,0.5,0.5,-0.09152380952380951
economics_share,Economics Journals,-0.0027337081452686405,0.5909090909090909,0.5909090909090909,0.2604
economics_share,Economics Journals,-0.00010531679880881771,0.5151515151515151,0.5151515151515151,-0.289504132231405
economics_share,Economics Journals,-0.0007946497468419179,0.4786729857819905,0.4786729857819905,-0.21053475935828878
economics_share,Economics Journals,0.0008781529254081789,0.4752475247524752,0.4752475247524752,-0.1619402985074627
economics_share,Economics Journals,-0.0009479096681262285,0.08108108108108109,0.08108108108108109,-0.31
economics_share,Economics Journals,0.004346206577955508,1.0,1.0,-0.11272727272727273
economics_share,Economics Journals,-0.004002927916109439,0.35,0.35,-0.13285714285714287
economics_share,Economics Journals,-0.0005568342164841065,0.0,0.0,-0.03481283422459891
economics_share,Economics Journals,-9.433280090060074e-05,0.0,0.0,-0.2690082644628099
economics_share,Economics Journals,-0.0013025587723963627,0.24770642201834864,0.24770642201834864,0.020666666666666667
economics_share,Economics Journals,-0.0002739563756875085,0.168141592920354,0.168141592920354,0.22048128342245993
economics_share,Economics Journals,-0.0004044610615915857,0.7154471544715447,0.7154471544715447,0.12101604278074868
economics_share,Economics Journals,5.863395148167647e-05,0.5,0.5,-0.16140495867768595
economics_share,Economics Journals,0.004159332655643217,0.7692307692307693,0.7692307692307693,-0.22545454545454546
economics_share,Economics Journals,-0.0049632410118619795,0.5294117647058824,0.5294117647058824,-0.20666666666666667
economics_share,Economics Journals,-0.0005231518662220735,0.5111111111111111,0.5111111111111111,0.011604278074866303
economics_share,Economics Journals,-0.00045184506772534815,0.5495495495495496,0.5495495495495496,0.08454545454545453
economics_share,Economics Journals,-0.0005362052954140915,0.27941176470588236,0.27941176470588236,0.0016577540106951782
economics_share,Economics Journals,-0.006756073890475763,0.3870967741935484,0.3870967741935484,0.0
economics_share,Economics Journals,-0.0009476179479760628,0.0625,0.0625,-0.30668449197860964
economics_share,Economics Journals,0.0030244471940589495,1.0,1.0,0.2066666666666666
economics_share,Economics Journals,-0.007413142262149521,0.3333333333333333,0.3333333333333333,-0.08454545454545453
economics_share,Economics Journals,-0.0007424259564014384,0.0,0.0,-0.16080213903743315
economics_share,Economics Journals,0.00025672604832043807,0.0,0.0,-0.002561983471074336
economics_share,Economics Journals,0.00014158766748728928,0.1968503937007874,0.1968503937007874,-0.0999173553719008
economics_share,Economics Journals,-0.001606027212134127,0.20218579234972678,0.20218579234972678,-0.24504761904761904
economics_share,Economics Journals,0.0031744185678511164,0.7608695652173914,0.7608695652173914,0.24800000000000005
economics_share,Economics Journals,0.00013527561202197327,0.28,0.28,-0.1152892561983471
economics_share,Economics Journals,-0.007191046082382181,0.6666666666666666,0.6666666666666666,0.028181818181818197
economics_share,Economics Journals,-0.007189175673536273,0.4166666666666667,0.4166666666666667,0.08454545454545453
economics_share,Economics Journals,-0.001426689094549686,0.44654088050314467,0.44654088050314467,-0.11514285714285713
economics_share,Economics Journals,-0.007065753280684953,0.3103448275862069,0.3103448275862069,0.19727272727272732
economics_share,Economics Journals,-0.0017180611054741007,0.125,0.125,-0.2804761904761905
economics_share,Economics Journals,-0.008773688270211716,0.32981530343007914,0.32981530343007914,0.0
economics_share,Economics Journals,-0.0007854475582690399,0.046511627906976744,0.046511627906976744,-0.1939572192513369
economics_share,Economics Journals,0.004534601057551011,1.0,1.0,0.19727272727272732
economics_share,Economics Journals,-0.0019009258081161362,0.2857142857142857,0.2857142857142857,0.23249999999999998
economics_share,Economics Journals,-0.0010307522804561227,0.0,0.0,0.24504761904761901
economics_share,Economics Journals,-0.0015673239551434945,0.05511811023622047,0.05511811023622047,-0.22142857142857142
economics_share,Economics Journals,-0.00043314459130301333,0.2271062271062271,0.2271062271062271,0.09780748663101602
economics_share,Economics Journals,-0.00038147814857975476,0.6721311475409836,0.6721311475409836,0.1309625668449198
economics_share,Economics Journals,-0.008155487132568901,0.625,0.625,-0.31
economics_share,Economics Journals,-0.005664461621138616,0.3333333333333333,0.3333333333333333,0.0
economics_share,Economics Journals,-0.01794659538270712,0.4025423728813559,0.4025423728813559,0.0
economics_share,Economics Journals,-0.00019265098834648733,0.2,0.2,0.2702139037433155
economics_share,Economics Journals,-5.144060934786527e-06,0.2222222222222222,0.2222222222222222,-0.22289256198347107
economics_share,Economics Journals,0.0003910701105006909,0.08333333333333333,0.08333333333333333,0.11528925619834712
economics_share,Economics Journals,0.002813821464323186,1.0,1.0,0.0
economics_share,Economics Journals,-0.0031891822249246974,0.42028985507246375,0.42028985507246375,0.012399999999999967
economics_share,Economics Journals,-0.0007711451670654555,0.0,0.0,-0.1674331550802139
economics_share,Economics Journals,-0.0005615402350150185,0.0,0.0,-0.044759358288770035
economics_share,Economics Journals,-0.0010503509993219932,0.19603960396039605,0.19603960396039605,0.22142857142857147
economics_share,Economics Journals,-0.0005431818896632669,0.21857142857142858,0.21857142857142858,-0.008288770053475947
economics_share,Economics Journals,-0.0006796245833388182,0.12790697674418605,0.12790697674418605,-0.12101604278074865
economics_share,Economics Journals,0.009793812014558402,1.0,1.0,0.31
economics_share,Economics Journals,-0.0025598946983232335,0.1111111111111111,0.1111111111111111,-0.23249999999999998
economics_share,Economics Journals,-0.0007762293356915652,0.0,0.0,-0.1806951871657754
economics_share,Economics Journals,-0.00029421478233145857,0.0,0.0,0.2138502673796791
economics_share,Economics Journals,-0.0019060964658835068,0.07509881422924901,0.07509881422924901,0.21312499999999995
economics_share,Economics Journals,-0.0005400358433816202,0.265,0.265,-0.00497326203208559
economics_share,Economics Journals,-0.00024108678060514593,0.19617224880382775,0.19617224880382775,0.230427807486631
economics_share,Economics Journals,-0.0021188437243672194,0.19594594594594594,0.19594594594594594,0.019374999999999976
economics_share,Economics Journals,-0.001315659633443057,0.2097902097902098,0.2097902097902098,-0.020666666666666667
economics_share,Economics Journals,-0.0022916585887872883,0.7031630170316302,0.7031630170316302,-0.135625
economics_share,Economics Journals,0.0003082671093234509,0.0,0.0,0.053801652892562
economics_share,Economics Journals,0.002933331024091739,1.0,1.0,0.10333333333333333
economics_share,Economics Journals,0.00010039700225201648,0.0,0.0,-0.1511570247933884
economics_share,Economics Journals,-0.0014526114670935627,0.0,0.0,-0.13876190476190475
economics_share,Economics Journals,-0.0007919253244505197,0.0,0.0,-0.2072192513368984
economics_share,Economics Journals,-0.0034008030022648983,0.3546099290780142,0.3546099290780142,-0.1364
economics_share,Economics Journals,-0.005515965703948003,0.7105263157894737,0.7105263157894737,0.15499999999999997
economics_share,Economics Journals,-0.0050220419975577375,0.7192982456140351,0.7192982456140351,-0.31
economics_share,Economics Journals,-0.001254057649482574,0.743801652892562,0.743801652892562,0.050190476190476174
economics_share,Economics Journals,-0.0011485954973671879,0.63,0.63,0.15057142857142858
economics_share,Economics Journals,-0.0012063796810974224,0.48344370860927155,0.48344370860927155,0.07380952380952382
economics_share,Economics Journals,0.0008448992668685436,0.0,0.0,-0.2082089552238806
economics_share,Economics Journals,0.007624285361481189,1.0,1.0,-0.31
economics_share,Economics Journals,0.0005488363358239471,0.0,0.0,0.21776859504132234
economics_share,Economics Journals,-0.00051090497342279,0.0,0.0,0.03812834224598932
economics_share,Economics Journals,0.0012046808977064759,0.030303030303030304,0.030303030303030304,0.11567164179104478
economics_share,Economics Journals,-0.009768045793544166,0.5609756097560976,0.5609756097560976,-0.31
economics_share,Economics Journals,-0.0030375987114987855,0.42105263157894735,0.42105263157894735,0.08679999999999999
economics_share,Economics Journals,0.0002889591179558441,0.4473684210526316,0.4473684210526316,0.017933884297520686
economics_share,Economics Journals,-0.00014403019061871256,0.5,0.5,0.29673796791443846
economics_share,Economics Journals,-0.0012908567378270657,0.75,0.75,0.02657142857142858
economics_share,Economics Journals,0.004427473837260601,1.0,1.0,0.08454545454545453
economics_share,Economics Journals,0.004365647838057708,0.9629629629629629,0.9629629629629629,-0.02818181818181814
economics_share,Economics Journals,-0.0013408090195315074,0.7,0.7,-0.050190476190476174
economics_share,Economics Journals,-0.004774181820773547,0.75,0.75,0.0
economics_share,Economics Journals,-0.0040500352647197275,0.6923076923076923,0.6923076923076923,-0.22142857142857142
economics_share,Economics Journals,0.004118478148458273,0.8,0.8,-0.2818181818181818
economics_share,Economics Journals,0.00433643422864204,0.7647058823529411,0.7647058823529411,-0.16909090909090907
economics_share,Economics Journals,-0.006466236122722531,0.4221556886227545,0.4221556886227545,0.15499999999999997
economics_share,Economics Journals,-0.0006034878551858753,0.05714285714285714,0.05714285714285714,-0.06796791443850267
economics_share,Economics Journals,0.003022127327904787,1.0,1.0,0.186
economics_share,Economics Journals,-0.006911728950300564,0.5555555555555556,0.5555555555555556,-0.31
economics_share,Economics Journals,-0.0010714994805147298,0.0,0.0,0.20961904761904765
economics_share,Economics Journals,0.00015813606092874094,0.0,0.0,-0.08454545454545453
economics_share,Economics Journals,0.0014775446413401437,0.14754098360655737,0.14754098360655737,0.31
economics_share,Economics Journals,-0.007144174425884001,0.3963730569948187,0.3963730569948187,0.14090909090909093
economics_share,Economics Journals,0.001262244640784143,0.0625,0.0625,0.1434328358208955
economics_share,Economics Journals,0.0027803161622862956,1.0,1.0,-0.04133333333333333
economics_share,Economics Journals,-0.007541500357549665,0.5833333333333334,0.5833333333333334,-0.25363636363636366
economics_share,Economics Journals,-0.0006480798915296735,0.0,0.0,-0.09449197860962566
economics_share,Economics Journals,0.0006616409520242763,0.0,0.0,0.27413223140495874
economics_share,Economics Journals,-0.00017992048467936733,0.20714285714285716,0.20714285714285716,0.2768449197860962
economics_share,Economics Journals,0.001344490947290455,0.44753086419753085,0.44753086419753085,0.20820895522388055
economics_share,Economics Journals,-0.0007783191973301969,0.08333333333333333,0.08333333333333333,-0.18732620320855614
economics_share,Economics Journals,0.0034439357361958603,1.0,1.0,-0.08680000000000002
economics_share,Economics Journals,-0.0030752311727016714,0.36363636363636365,0.36363636363636365,0.03720000000000001
economics_share,Economics Journals,-0.0014139624172173505,0.0,0.0,-0.09742857142857142
economics_share,Economics Journals,-0.0004977397618976182,0.0,0.0,0.05470588235294116
economics_share,Economics Journals,-0.0012328236625115062,0.20535714285714285,0.20535714285714285,0.062
economics_share,Economics Journals,-0.005514580579858206,0.4155405405405405,0.4155405405405405,0.2066666666666666
economics_share,Economics Journals,-0.002214211325151642,0.16,0.16,-0.07750000000000001
economics_share,Economics Journals,0.003931789270938721,1.0,1.0,0.13639999999999997
economics_share,Economics Journals,-0.002563776181327967,0.34615384615384615,0.34615384615384615,-0.251875
economics_share,Economics Journals,-0.0018400340996590856,0.0,0.0,0.29062499999999997
economics_share,Economics Journals,-0.00048608249307926756,0.0,0.0,0.07459893048128341
economics_share,Economics Journals,-0.0011763303325359577,0.22137404580152673,0.22137404580152673,0.09742857142857142
economics_share,Economics Journals,-0.0009345682504798315,0.11626297577854672,0.11626297577854672,-0.3000534759358289
economics_share,Economics Journals,-0.0005830233860642027,0.16,0.16,-0.05802139037433157
economics_share,Economics Journals,0.0007065750407958783,0.0,0.0,0.29462809917355376
economics_share,Economics Journals,0.004347344503877581,1.0,1.0,-0.08454545454545453
economics_share,Economics Journals,-0.0009230805824093803,0.06965174129353234,0.06965174129353234,-0.2967379679144385
economics_share,Economics Journals,-0.0013332610906088066,0.0,0.0,-0.03838095238095235
economics_share,Economics Journals,-0.00043939330642823646,0.0,0.0,0.09449197860962566
economics_share,Economics Journals,-0.002302278479106444,0.29850746268656714,0.29850746268656714,-0.155
economics_share,Economics Journals,0.0005054483584429631,0.030303030303030304,0.030303030303030304,0.1870247933884298
economics_share,Economics Journals,-0.0013094870832215545,0.18292682926829268,0.18292682926829268,-0.008857142857142841
economics_share,Economics Journals,-0.000892876824477654,0.234375,0.234375,-0.283475935828877
economics_share,Economics Journals,-0.0015152167381303394,0.6521739130434783,0.6521739130434783,-0.19780952380952382
economics_share,Economics Journals,-0.0029799215726144627,0.41379310344827586,0.41379310344827586,0.13639999999999997
economics_share,Economics Journals,-0.0005490471647648138,0.2692307692307692,0.2692307692307692,-0.021550802139037428
economics_share,Economics Journals,-0.0007755384434846513,0.2222222222222222,0.2222222222222222,-0.17406417112299466
economics_share,Economics Journals,-0.0008108750482654648,0.07766990291262135,0.07766990291262135,-0.22048128342245987
economics_share,Economics Journals,-0.0010449054116357936,0.10582010582010581,0.10582010582010581,0.2332380952380953
economics_share,Economics Journals,0.00022601446338967488,0.0,0.0,-0.01793388429752063
economics_share,Economics Journals,0.0035730541665482613,1.0,1.0,-0.062
economics_share,Economics Journals,0.0007856242300481776,0.021739130434782608,0.021739130434782608,-0.27298507462686566
economics_share,Economics Journals,-0.0005462724435659004,0.0,0.0,-0.011604278074866303
economics_share,Economics Journals,-0.00030893911333107845,0.0,0.0,0.20058823529411768
economics_share,Economics Journals,-0.0007780750602961111,0.2,0.2,-0.18401069518716578
economics_share,Economics Journals,0.0005628270099485425,0.026455026455026454,0.026455026455026454,0.23314049586776858
economics_share,Economics Journals,-0.0015479826909850574,0.12264150943396226,0.12264150943396226,-0.20961904761904762
economics_share,Economics Journals,-0.003039232947217648,0.3050847457627119,0.3050847457627119,0.062
economics_share,Economics Journals,-0.00330858052436184,0.42857142857142855,0.42857142857142855,-0.062
economics_share,Economics Journals,-9.859008630895281e-05,0.16666666666666666,0.16666666666666666,-0.2792561983471074
economics_share,Economics Journals,-0.0007216674494479031,0.12,0.12,-0.14754010695187167
economics_share,Economics Journals,-0.0007124211217264898,0.12962962962962962,0.12962962962962962,-0.13759358288770054
economics_share,Economics Journals,0.0003399383991989316,0.028846153846153848,0.028846153846153848,0.07429752066115708
economics_share,Economics Journals,-0.00012519355778002183,0.10182767624020887,0.10182767624020887,-0.31
economics_share,Economics Journals,0.0017947959193338721,0.02197802197802198,0.02197802197802198,-0.17222222222222222
economics_share,Economics Journals,0.002464413635642655,1.0,1.0,-0.28933333333333333
economics_share,Economics Journals,0.0007958885450388574,0.015306122448979591,0.015306122448979591,-0.2637313432835821
economics_share,Economics Journals,-0.0006491770889133789,0.0,0.0,-0.09780748663101604
economics_share,Economics Journals,0.0007214769298554625,0.0,0.0,0.31
economics_share,Economics Journals,0.00010319948984923806,0.16129032258064516,0.16129032258064516,-0.1409090909090909
economics_share,Economics Journals,-0.0005353050229747984,0.06532663316582915,0.06532663316582915,0.004973262032085535
economics_share,Economics Journals,-1.5526977924262416e-05,0.17525773195876287,0.17525773195876287,-0.23314049586776858
economics_share,Economics Journals,0.00010996201513499799,0.08823529411764706,0.08823529411764706,-0.13066115702479336
economics_share,Economics Journals,-0.005330616674720092,0.42857142857142855,0.42857142857142855,0.31
economics_share,Economics Journals,0.0004975169527991453,0.22448979591836735,0.22448979591836735,0.18190082644628103
economics_share,Economics Journals,0.0005587486755174745,0.088,0.088,0.2280165289256199
economics_share,Economics Journals,0.0012820085701542075,0.05042016806722689,0.05042016806722689,0.17119402985074622
economics_share,Economics Journals,5.265017404796308e-05,0.0,0.0,-0.1665289256198347
economics_share,Economics Journals,-0.0017516622374111278,0.10819672131147541,0.10819672131147541,-0.2863809523809524
economics_share,Economics Journals,0.0008931424988081498,0.01680672268907563,0.01680672268907563,-0.13417910447761194
economics_share,Economics Journals,0.0024581874708339514,1.0,1.0,-0.31
economics_share,Economics Journals,0.001112730831315644,0.027522935779816515,0.027522935779816515,0.050895522388059666
economics_share,Economics Journals,-0.0006748944891689871,0.0,0.0,-0.1177005347593583
economics_share,Economics Journals,0.0011491624186389378,0.0,0.0,0.06940298507462683
economics_share,Economics Journals,-0.0014159702450873737,0.08333333333333333,0.08333333333333333,-0.10333333333333333
economics_share,Economics Journals,-0.0013664417824684847,0.07407407407407407,0.07407407407407407,-0.0738095238095238
economics_share,Economics Journals,0.0013794498229121562,0.21428571428571427,0.21428571428571427,0.22671641791044778
economics_share,Economics Journals,-0.0003066143614177106,0.14285714285714285,0.14285714285714285,0.2072192513368984
economics_share,Economics Journals,-0.006007970666849143,0.5,0.5,-0.2583333333333333
economics_share,Economics Journals,-0.001120638410911163,0.15168539325842698,0.15168539325842698,0.17419047619047617
economics_share,Economics Journals,-0.0005115171502730303,0.0625,0.0625,0.03149732620320855
economics_share,Economics Journals,0.0009859394016293837,0.027777777777777776,0.027777777777777776,-0.08791044776119405
economics_share,Economics Journals,-0.0010055793683268386,0.0,0.0,0.2922857142857143
economics_share,Economics Journals,0.0012686954644447832,0.013333333333333334,0.013333333333333334,0.15268656716417905
economics_share,Economics Journals,0.003372298580221694,1.0,1.0,-0.1364
economics_share,Economics Journals,-0.00016628958405075678,0.033967391304347824,0.033967391304347824,0.2801604278074867
economics_share,Economics Journals,-0.0007855795632881925,0.0,0.0,-0.19727272727272727
economics_share,Economics Journals,-0.00012364141927313869,0.0,0.0,-0.3048760330578512
economics_share,Economics Journals,-0.0004230584354330434,0.1939655172413793,0.1939655172413793,0.10443850267379678
economics_share,Economics Journals,-1.2263287492364407e-05,0.04986522911051213,0.04986522911051213,-0.22801652892561983
economics_share,Economics Journals,0.0003681873625852586,0.03508771929824561,0.03508771929824561,0.09991735537190088
economics_share,Economics Journals,0.011987560681728604,1.0,1.0,-0.31
economics_share,Economics Journals,0.00013634967320274354,0.006514657980456026,0.006514657980456026,-0.11016528925619834
economics_share,Economics Journals,-0.0007855795632881925,0.0,0.0,-0.20058823529411765
economics_share,Economics Journals,-0.00011198415045478794,0.0,0.0,-0.2997520661157025
economics_share,Economics Journals,-0.001265460353761716,0.09649122807017543,0.09649122807017543,0.04428571428571432
economics_share,Economics Journals,0.0005481855041963336,0.1456953642384106,0.1456953642384106,0.21264462809917356
economics_share,Economics Journals,-0.0003683810744357112,0.03428571428571429,0.03428571428571429,0.14090909090909093
economics_share,Economics Journals,-0.00044950407625791446,0.029585798816568046,0.029585798816568046,0.08786096256684489
economics_share,Economics Journals,-0.0002682907483481052,0.016194331983805668,0.016194331983805668,0.22379679144385028
economics_share,Economics Journals,-0.0010600166771010534,0.1651376146788991,0.1651376146788991,0.2155238095238095
economics_share,Economics Journals,0.0008258511631618564,0.0,0.0,-0.22671641791044778
economics_share,Economics Journals,0.0023780763539987186,1.0,1.0,0.2755555555555556
economics_share,Economics Journals,0.000520037183601149,0.01327433628318584,0.01327433628318584,0.19727272727272732
economics_share,Economics Journals,-0.0010247384035811267,0.0,0.0,0.25685714285714284
economics_share,Economics Journals,-0.0003242439512782818,0.0,0.0,0.17406417112299466
economics_share,Economics Journals,-0.0006357887913246936,0.21951219512195122,0.21951219512195122,-0.0911764705882353
economics_share,Economics Journals,-0.005662917918437609,0.32098765432098764,0.32098765432098764,0.051666666666666694
economics_share,Economics Journals,-0.0002460408857549223,0.12359550561797752,0.12359550561797752,0.22711229946524064
economics_share,Economics Journals,-0.0005923020698137634,0.12643678160919541,0.12643678160919541,-0.06133689839572193
economics_share,Economics Journals,-0.0009037775117879643,0.08571428571428572,0.08571428571428572,-0.29010695187165775
economics_share,Economics Journals,-0.0006607640021927607,0.1902834008097166,0.1902834008097166,-0.10443850267379678
economics_share,Economics Journals,0.0013517388963399477,0.0,0.0,0.2174626865671641
economics_share,Economics Journals,0.004084912166663359,1.0,1.0,0.28519999999999995
economics_share,Economics Journals,0.0009953682538919734,0.013422818791946308,0.013422818791946308,-0.06940298507462689
economics_share,Economics Journals,1.6156858867830672e-05,0.0,0.0,-0.18702479338842976
economics_share,Economics Journals,-0.0028910667949503675,0.10256410256410256,0.10256410256410256,0.186
economics_share,Economics Journals,0.00019060784539173809,0.16831683168316833,0.16831683168316833,-0.053801652892561946
economics_share,Economics Journals,-0.00020313416162500214,0.2786885245901639,0.2786885245901639,0.26026737967914443
economics_share,Economics Journals,-0.0006302042258616499,0.16666666666666666,0.16666666666666666,-0.08122994652406418
economics_share,Economics Journals,-0.0008627907786549326,0.12903225806451613,0.12903225806451613,-0.26689839572192514
economics_share,Economics Journals,-0.004123660963887364,0.5609756097560976,0.5609756097560976,-0.31
economics_share,Economics Journals,0.00030253226871107975,0.0,0.0,0.04355371900826449
economics_share,Economics Journals,0.0037851295365997446,1.0,1.0,0.08679999999999999
economics_share,Economics Journals,-0.006079351069511573,0.6,0.6,0.31
economics_share,Economics Journals,-0.0011534065242994674,0.0,0.0,0.12695238095238098
economics_share,Economics Journals,0.003642163454612141,0.8181818181818182,0.8181818181818182,-0.03720000000000001
economics_share,Economics Journals,-0.007004438126339249,0.4166666666666667,0.4166666666666667,0.31
economics_share,Economics Journals,-0.0022815202341741267,0.75,0.75,-0.11624999999999999
economics_share,Economics Journals,-0.0017721921861986512,0.6666666666666666,0.6666666666666666,-0.29228571428571426
economics_share,Economics Journals,-0.0019081993336421456,0.4444444444444444,0.4444444444444444,0.174375
economics_share,Economics Journals,0.002769993713136988,0.1940700808625337,0.1940700808625337,-0.10333333333333333
economics_share,Economics Journals,0.0025367919771563862,0.022222222222222223,0.022222222222222223,-0.248
economics_share,Economics Journals,0.0015836077261939933,1.0,1.0,-0.31
economics_share,Economics Journals,0.0007457157047242862,0.04,0.04,-0.31
economics_share,Economics Journals,-0.000551293531535497,0.0,0.0,-0.024866310160427785
economics_share,Economics Journals,0.0010151938881483385,0.0,0.0,-0.013880597014925389
economics_share,Economics Journals,0.0008099166269288191,0.18181818181818182,0.18181818181818182,-0.24522388059701494
economics_share,Economics Journals,6.362666799798244e-06,0.11764705882352941,0.11764705882352941,-0.20239669421487602
economics_share,Economics Journals,0.001297320498400506,0.012658227848101266,0.012658227848101266,0.1897014925373134
economics_share,Economics Journals,0.003795309397838695,1.0,1.0,0.11159999999999998
economics_share,Economics Journals,0.00017047460936938844,0.03614457831325301,0.03614457831325301,-0.06917355371900824
economics_share,Economics Journals,4.108939958210275e-06,0.0,0.0,-0.20752066115702478
economics_share,Economics Journals,0.00025494306138035695,0.0,0.0,-0.012809917355371903
economics_share,Economics Journals,-4.205859988578362e-05,0.20754716981132076,0.20754716981132076,-0.2433884297520661
economics_share,Economics Journals,-0.0008888527924393379,0.10736196319018405,0.10736196319018405,-0.2801604278074866
economics_share,Economics Journals,0.0008813961695268765,0.0,0.0,-0.1526865671641791
economics_share,Economics Journals,0.004068281249126032,1.0,1.0,0.23559999999999998
economics_share,Economics Journals,-0.00035861962949373667,0.0425531914893617,0.0425531914893617,0.1541711229946524
economics_share,Economics Journals,-0.0007746940274056408,0.0,0.0,-0.17074866310160428
economics_share,Economics Journals,-7.300615768090994e-05,0.0,0.0,-0.25363636363636366
economics_share,Economics Journals,-0.0008284886336898774,0.21818181818181817,0.21818181818181817,-0.230427807486631
economics_share,Economics Journals,0.00045896479941388786,0.052486187845303865,0.052486187845303865,0.17165289256198352
economics_share,Economics Journals,0.00029166833164880084,0.0,0.0,0.02305785123966947
economics_share,Economics Journals,0.004068281249126032,1.0,1.0,0.2604
economics_share,Economics Journals,0.00019284300317829223,0.021551724137931036,0.021551724137931036,-0.04867768595041322
economics_share,Economics Journals,-0.0013332610906088066,0.0,0.0,-0.04428571428571426
economics_share,Economics Journals,-0.0003880444243956817,0.0,0.0,0.12433155080213903
economics_share,Economics Journals,-0.0011416562920932823,0.1702127659574468,0.1702127659574468,0.1564761904761905
economics_share,Economics Journals,-0.011452533261068503,0.3021276595744681,0.3021276595744681,0.0
economics_share,Economics Journals,0.0029599591323847306,0.029411764705882353,0.029411764705882353,0.124
economics_share,Economics Journals,0.003353837156673072,1.0,1.0,-0.186
economics_share,Economics Journals,0.00098896903188068,0.06918238993710692,0.06918238993710692,-0.07865671641791047
economics_share,Economics Journals,-0.001171191083345627,0.0,0.0,0.10923809523809525
economics_share,Economics Journals,0.0009513934150309384,0.0,0.0,-0.09716417910447761
economics_share,Economics Journals,0.0025955758701373946,0.16080402010050251,0.16080402010050251,-0.22733333333333333
economics_share,Economics Journals,0.00039676632461211237,0.26244952893674295,0.26244952893674295,0.12553719008264463
economics_share,Economics Journals,0.0016468200326678157,0.031496062992125984,0.031496062992125984,-0.27555555555555555
economics_share,Economics Journals,0.0021142461088460075,1.0,1.0,0.13777777777777778
economics_share,Economics Journals,-0.0005119234406168606,0.07303370786516854,0.07303370786516854,0.028181818181818197
economics_share,Economics Journals,-0.0006837618071384771,0.0,0.0,-0.12764705882352942
economics_share,Economics Journals,0.00025494306138035695,0.0,0.0,-0.007685950413223119
economics_share,Economics Journals,-0.00019117965522963507,0.20725388601036268,0.20725388601036268,0.27352941176470585
economics_share,Economics Journals,-0.0005044995263276302,0.27692307692307694,0.27692307692307694,0.044759358288770035
economics_share,Economics Journals,2.8489730598712297e-06,0.02666666666666667,0.02666666666666667,-0.2177685950413223
economics_share,Economics Journals,0.004647764466603412,1.0,1.0,0.2536363636363637
economics_share,Economics Journals,-0.0007869736942077919,0.0761904761904762,0.0761904761904762,-0.20390374331550803
economics_share,Economics Journals,-0.0008280640227597649,0.0,0.0,-0.22711229946524064
economics_share,Economics Journals,-0.00041286690473920414,0.0,0.0,0.11770053475935827
economics_share,Economics Journals,-0.0009363471142045584,0.20958083832335328,0.20958083832335328,-0.30336898395721923
economics_share,Economics Journals,-0.0005562987420486408,0.21580547112462006,0.21580547112462006,-0.028181818181818197
economics_share,Economics Journals,-0.0003038032393354464,0.06666666666666667,0.06666666666666667,0.21053475935828875
economics_share,Economics Journals,0.0039672373908252135,1.0,1.0,0.1612
economics_share,Economics Journals,-0.0022675836765341756,0.05426356589147287,0.05426356589147287,-0.09687499999999999
economics_share,Economics Journals,-0.0013553775260761619,0.0,0.0,-0.05609523809523809
economics_share,Economics Journals,-0.0003880444243956817,0.0,0.0,0.1276470588235294
economics_share,Economics Journals,-0.0015307929894540402,0.20786516853932585,0.20786516853932585,-0.2037142857142857
multidisciplinary_share,Multidisciplinary Journals,-0.0007086104746273912,0.12177650429799428,0.12177650429799428,0.0056363636363636616
multidisciplinary_share,Multidisciplinary Journals,0.0006963484707896087,0.04918032786885246,0.04918032786885246,0.24710144927536232
multidisciplinary_share,Multidisciplinary Journals,0.0005314198508948294,0.0,0.0,0.07278260869565217
multidisciplinary_share,Multidisciplinary Journals,-5.029495959520853e-05,0.017316017316017316,0.017316017316017316,-0.2812463768115942
multidisciplinary_share,Multidisciplinary Journals,-0.0016482155850801865,1.0,1.0,0.15057142857142858
multidisciplinary_share,Multidisciplinary Journals,0.0008049152559901387,0.0,0.0,-0.2591803278688525
multidisciplinary_share,Multidisciplinary Journals,0.00027455834421969663,0.023923444976076555,0.023923444976076555,-0.11591304347826087
multidisciplinary_share,Multidisciplinary Journals,-0.0018402364702741279,0.27702702702702703,0.27702702702702703,0.008857142857142841
multidisciplinary_share,Multidisciplinary Journals,-0.001117340634060746,0.15789473684210525,0.15789473684210525,-0.28745454545454546
multidisciplinary_share,Multidisciplinary Journals,0.00036637902845932096,0.0,0.0,-0.06379710144927536
multidisciplinary_share,Multidisciplinary Journals,0.00017146746838570486,0.009708737864077669,0.009708737864077669,-0.2003768115942029
multidisciplinary_share,Multidisciplinary Journals,-0.0016482155850801865,1.0,1.0,0.13285714285714284
multidisciplinary_share,Multidisciplinary Journals,0.002244935188197807,0.0,0.0,-0.06670886075949364
multidisciplinary_share,Multidisciplinary Journals,9.37055304914923e-06,0.0684931506849315,0.0684931506849315,-0.2614782608695652
multidisciplinary_share,Multidisciplinary Journals,-0.0009506852805711108,0.2222222222222222,0.2222222222222222,-0.20854545454545453
multidisciplinary_share,Multidisciplinary Journals,-0.0008437685705374675,0.19047619047619047,0.19047619047619047,-0.16345454545454546
multidisciplinary_share,Multidisciplinary Journals,-0.0029786686297448147,0.3469387755102041,0.3469387755102041,-0.16411764705882353
multidisciplinary_share,Multidisciplinary Journals,-0.0018994891056656118,0.271889400921659,0.271889400921659,-0.02657142857142858
multidisciplinary_share,Multidisciplinary Journals,0.0003742301523167365,0.013824884792626729,0.013824884792626729,-0.058405797101449275
multidisciplinary_share,Multidisciplinary Journals,0.0016670509154160151,0.0,0.0,0.2896721311475409
multidisciplinary_share,Multidisciplinary Journals,0.0005505621558284579,0.0,0.0,0.09973913043478261
multidisciplinary_share,Multidisciplinary Journals,0.002086359343142402,0.04918032786885246,0.04918032786885246,-0.17658227848101266
multidisciplinary_share,Multidisciplinary Journals,-0.015462265466866375,1.0,1.0,0.10333333333333333
multidisciplinary_share,Multidisciplinary Journals,0.0022867900307468963,0.0,0.0,0.06670886075949373
multidisciplinary_share,Multidisciplinary Journals,0.0006562093210386976,0.0,0.0,0.21115942028985507
multidisciplinary_share,Multidisciplinary Journals,-0.0004563337411578001,0.07692307692307693,0.07692307692307693,0.21981818181818186
multidisciplinary_share,Multidisciplinary Journals,0.000795008651799279,0.0,0.0,-0.26934426229508196
multidisciplinary_share,Multidisciplinary Journals,0.0006064306321400997,0.01694915254237288,0.01694915254237288,0.15544927536231884
multidisciplinary_share,Multidisciplinary Journals,0.00046917879555023143,0.008264462809917356,0.008264462809917356,0.006289855072463768
multidisciplinary_share,Multidisciplinary Journals,0.0004419498523047708,0.0,0.0,-0.017072463768115942
multidisciplinary_share,Multidisciplinary Journals,0.0008406326873782685,0.0,0.0,-0.1880327868852459
multidisciplinary_share,Multidisciplinary Journals,0.0008926329435430291,0.0,0.0,-0.11688524590163935
multidisciplinary_share,Multidisciplinary Journals,0.0007554071102870841,0.0,0.0,0.3010144927536232
multidisciplinary_share,Multidisciplinary Journals,0.0019030863593499773,0.0,0.0,-0.24721518987341773
multidisciplinary_share,Multidisciplinary Journals,0.0007060069338922087,0.0,0.0,0.25608695652173913
multidisciplinary_share,Multidisciplinary Journals,0.002064329848292269,0.0,0.0,-0.1922784810126582
multidisciplinary_share,Multidisciplinary Journals,0.0008842963052153939,0.0,0.0,-0.12704918032786885
multidisciplinary_share,Multidisciplinary Journals,0.0007266307270989898,0.0,0.0,0.2758550724637681
multidisciplinary_share,Multidisciplinary Journals,0.0006017236398148576,0.0,0.0,0.14466666666666667
multidisciplinary_share,Multidisciplinary Journals,0.00045360894141729664,0.0,0.0,-0.00808695652173913
multidisciplinary_share,Multidisciplinary Journals,0.002366159682848999,0.0,0.0,0.13734177215189874
multidisciplinary_share,Multidisciplinary Journals,0.0007349812880059771,0.0,0.0,0.2812463768115942
multidisciplinary_share,Multidisciplinary Journals,0.0004725309214918126,0.0,0.0,0.00808695652173913
multidisciplinary_share,Multidisciplinary Journals,0.001891432665544072,0.0,0.0,-0.2629113924050633
multidisciplinary_share,Multidisciplinary Journals,0.0006095965395152353,0.0,0.0,0.166231884057971
multidisciplinary_share,Multidisciplinary Journals,0.0014061691668477284,0.0,0.0,0.20836065573770485
multidisciplinary_share,Multidisciplinary Journals,0.0016309360907745078,0.0,0.0,0.24393442622950817
multidisciplinary_share,Multidisciplinary Journals,0.0007568413281854302,0.0,0.0,0.30281159420289855
multidisciplinary_share,Multidisciplinary Journals,0.0005776410275093104,0.0,0.0,0.12489855072463768
multidisciplinary_share,Multidisciplinary Journals,-0.0019610113949593386,0.06666666666666667,0.06666666666666667,-0.07971428571428571
multidisciplinary_share,Multidisciplinary Journals,0.0024733926271916736,0.0,0.0,0.23151898734177218
multidisciplinary_share,Multidisciplinary Journals,0.0010659099386973508,0.0,0.0,0.09655737704918033
multidisciplinary_share,Multidisciplinary Journals,0.002338848440793003,0.07692307692307693,0.07692307692307693,0.07455696202531648
multidisciplinary_share,Multidisciplinary Journals,-0.010849612360060221,1.0,1.0,0.0
multidisciplinary_share,Multidisciplinary Journals,0.0009405365020090458,0.0,0.0,-0.005081967213114769
multidisciplinary_share,Multidisciplinary Journals,0.0006636011203918214,0.05405405405405406,0.05405405405405406,0.22194202898550724
multidisciplinary_share,Multidisciplinary Journals,0.0022414151820593516,0.0,0.0,-0.07455696202531645
multidisciplinary_share,Multidisciplinary Journals,0.0009863944810941966,0.0,0.0,0.04065573770491804
multidisciplinary_share,Multidisciplinary Journals,0.0006694718822896231,0.0,0.0,0.23092753623188406
multidisciplinary_share,Multidisciplinary Journals,-0.01251655452967346,1.0,1.0,0.31
multidisciplinary_share,Multidisciplinary Journals,0.0026374459040439785,0.0,0.0,0.3021518987341773
multidisciplinary_share,Multidisciplinary Journals,0.0008160041733726363,0.0,0.0,-0.2439344262295082
multidisciplinary_share,Multidisciplinary Journals,-0.0019194031735230565,0.1111111111111111,0.1111111111111111,-0.04428571428571432
multidisciplinary_share,Multidisciplinary Journals,0.0009308182653854881,0.0,0.0,-0.025409836065573788
multidisciplinary_share,Multidisciplinary Journals,0.000771724240615806,0.0,0.0,-0.30491803278688523
multidisciplinary_share,Multidisciplinary Journals,0.00047912186012392623,0.025,0.025,0.018869565217391304
multidisciplinary_share,Multidisciplinary Journals,-0.005522118880346493,1.0,1.0,0.0
multidisciplinary_share,Multidisciplinary Journals,0.0017135035129131953,0.0,0.0,0.29983606557377046
multidisciplinary_share,Multidisciplinary Journals,0.0005806369974719989,0.0,0.0,0.12669565217391304
multidisciplinary_share,Multidisciplinary Journals,-0.0004343454745564393,0.14388489208633093,0.14388489208633093,0.23109090909090907
multidisciplinary_share,Multidisciplinary Journals,6.603608548081645e-05,0.09375,0.09375,-0.24171014492753623
multidisciplinary_share,Multidisciplinary Journals,0.0006423757300209472,0.0,0.0,0.19318840579710145
multidisciplinary_share,Multidisciplinary Journals,7.775162320419544e-06,0.013333333333333334,0.013333333333333334,-0.2632753623188406
multidisciplinary_share,Multidisciplinary Journals,-0.002197020331838876,1.0,1.0,-0.29228571428571426
multidisciplinary_share,Multidisciplinary Journals,0.0009485511728602861,0.0,0.0,0.005081967213114769
multidisciplinary_share,Multidisciplinary Journals,0.00044960960737616836,0.041666666666666664,0.041666666666666664,-0.011681159420289855
multidisciplinary_share,Multidisciplinary Journals,-0.0005942681418266715,0.14684287812041116,0.14684287812041116,0.0958181818181818
multidisciplinary_share,Multidisciplinary Journals,0.0003219116694582889,0.03488372093023256,0.03488372093023256,-0.0907536231884058
multidisciplinary_share,Multidisciplinary Journals,0.0005504895241470422,0.0,0.0,0.09794202898550725
multidisciplinary_share,Multidisciplinary Journals,0.0008362511501976902,0.032,0.032,-0.20327868852459016
multidisciplinary_share,Multidisciplinary Journals,-0.0026718524400219934,1.0,1.0,0.05470588235294116
multidisciplinary_share,Multidisciplinary Journals,0.0009161205213050946,0.0,0.0,-0.06606557377049183
multidisciplinary_share,Multidisciplinary Journals,0.00023872529293634135,0.03048780487804878,0.03048780487804878,-0.1482608695652174
multidisciplinary_share,Multidisciplinary Journals,0.008952852265432644,0.31125827814569534,0.31125827814569534,-0.31
multidisciplinary_share,Multidisciplinary Journals,0.00014519120039161937,0.08823529411764706,0.08823529411764706,-0.2147536231884058
multidisciplinary_share,Multidisciplinary Journals,0.0005448759321614033,0.0,0.0,0.0907536231884058
multidisciplinary_share,Multidisciplinary Journals,0.0021850031623141435,0.047619047619047616,0.047619047619047616,-0.13734177215189872
multidisciplinary_share,Multidisciplinary Journals,-0.0035420447436607166,1.0,1.0,0.07750000000000001
multidisciplinary_share,Multidisciplinary Journals,0.0009253130189627116,0.0,0.0,-0.05590163934426229
multidisciplinary_share,Multidisciplinary Journals,0.00018034650818422236,0.06451612903225806,0.06451612903225806,-0.19318840579710145
multidisciplinary_share,Multidisciplinary Journals,0.0035291355792900487,0.3142857142857143,0.3142857142857143,0.0
multidisciplinary_share,Multidisciplinary Journals,0.0001241404820415797,0.43283582089552236,0.43283582089552236,-0.22014492753623188
multidisciplinary_share,Multidisciplinary Journals,0.009084154795405782,0.3218390804597701,0.3218390804597701,0.31
multidisciplinary_share,Multidisciplinary Journals,0.0006934791878646329,0.23008849557522124,0.23008849557522124,0.23991304347826087
multidisciplinary_share,Multidisciplinary Journals,6.966089644153096e-05,0.017467248908296942,0.017467248908296942,-0.23991304347826087
multidisciplinary_share,Multidisciplinary Journals,0.0007386976411256783,0.0,0.0,0.28843478260869565
multidisciplinary_share,Multidisciplinary Journals,0.0005033537086526448,0.0,0.0,0.044028985507246376
multidisciplinary_share,Multidisciplinary Journals,0.0006084609515065886,0.031914893617021274,0.031914893617021274,0.16443478260869565
multidisciplinary_share,Multidisciplinary Journals,-0.014011849001672428,1.0,1.0,0.31
multidisciplinary_share,Multidisciplinary Journals,0.002358891383214313,0.0,0.0,0.09810126582278483
multidisciplinary_share,Multidisciplinary Journals,0.0006029158709412597,0.019230769230769232,0.019230769230769232,0.14646376811594203
multidisciplinary_share,Multidisciplinary Journals,-0.001071748844823583,0.07692307692307693,0.07692307692307693,-0.2761818181818182
multidisciplinary_share,Multidisciplinary Journals,0.00019674518534784928,0.014285714285714285,0.014285714285714285,-0.18240579710144927
multidisciplinary_share,Multidisciplinary Journals,0.00046575779280379773,0.011111111111111112,0.011111111111111112,0.0026956521739130435
multidisciplinary_share,Multidisciplinary Journals,0.00029772666715845603,0.0,0.0,-0.10153623188405797
multidisciplinary_share,Multidisciplinary Journals,0.00039098070847085124,0.0,0.0,-0.04942028985507246
multidisciplinary_share,Multidisciplinary Journals,0.0007580904533799089,0.0,0.0,0.3064057971014493
multidisciplinary_share,Multidisciplinary Journals,0.0007607383906529804,0.0,0.0,0.30820289855072464
multidisciplinary_share,Multidisciplinary Journals,0.0006521032601975921,0.0,0.0,0.20576811594202898
multidisciplinary_share,Multidisciplinary Journals,0.002255386394934865,0.0,0.0,-0.019620253164556956
multidisciplinary_share,Multidisciplinary Journals,0.0007060069338922087,0.0,0.0,0.25428985507246377
multidisciplinary_share,Multidisciplinary Journals,0.0009012128893906314,0.0,0.0,-0.10672131147540984
multidisciplinary_share,Multidisciplinary Journals,0.0007194468506985664,0.0,0.0,0.2668695652173913
multidisciplinary_share,Multidisciplinary Journals,0.0007266307270989898,0.0,0.0,0.27405797101449275
multidisciplinary_share,Multidisciplinary Journals,0.0009103751418880427,0.0,0.0,-0.08131147540983608
multidisciplinary_share,Multidisciplinary Journals,0.0006072845708857444,0.0,0.0,0.15904347826086956
multidisciplinary_share,Multidisciplinary Journals,0.002437801886683529,0.0,0.0,0.19227848101265826
multidisciplinary_share,Multidisciplinary Journals,0.0008822644210401012,0.0,0.0,-0.13213114754098362
multidisciplinary_share,Multidisciplinary Journals,0.0005845210721072592,0.0,0.0,0.13208695652173913
multidisciplinary_share,Multidisciplinary Journals,0.0008822644210401012,0.0,0.0,-0.13721311475409836
multidisciplinary_share,Multidisciplinary Journals,0.0011619778583475807,0.0,0.0,0.12196721311475406
multidisciplinary_share,Multidisciplinary Journals,0.0011072987854468907,0.0,0.0,0.11180327868852458
multidisciplinary_share,Multidisciplinary Journals,0.0012250248941065398,0.0,0.0,0.13721311475409836
multidisciplinary_share,Multidisciplinary Journals,-0.002336361115885949,0.13,0.13,0.20058823529411757
multidisciplinary_share,Multidisciplinary Journals,-0.00444898195146581,0.14285714285714285,0.14285714285714285,0.034444444444444444
multidisciplinary_share,Multidisciplinary Journals,0.001010408758910467,0.0,0.0,0.05081967213114752
multidisciplinary_share,Multidisciplinary Journals,0.0019005033751189546,0.08823529411764706,0.08823529411764706,-0.2550632911392405
multidisciplinary_share,Multidisciplinary Journals,-0.004952227986758079,1.0,1.0,-0.2411111111111111
multidisciplinary_share,Multidisciplinary Journals,0.002572918749817034,0.0,0.0,0.2864556962025317
multidisciplinary_share,Multidisciplinary Journals,-0.0010632299817606328,0.06666666666666667,0.06666666666666667,-0.24236363636363636
multidisciplinary_share,Multidisciplinary Journals,-0.0007836147995132882,0.16842105263157894,0.16842105263157894,-0.08454545454545453
multidisciplinary_share,Multidisciplinary Journals,0.0005598354483036187,0.0,0.0,0.11052173913043478
multidisciplinary_share,Multidisciplinary Journals,0.0007694266316196599,0.0,0.0,-0.31
multidisciplinary_share,Multidisciplinary Journals,0.00017557007144445457,0.0,0.0,-0.19857971014492753
multidisciplinary_share,Multidisciplinary Journals,-0.005341209485654831,1.0,1.0,0.15499999999999997
multidisciplinary_share,Multidisciplinary Journals,0.002270497939818173,0.0,0.0,0.011772151898734207
multidisciplinary_share,Multidisciplinary Journals,0.0006490058572871011,0.022222222222222223,0.022222222222222223,0.2003768115942029
multidisciplinary_share,Multidisciplinary Journals,-0.0006506654645833344,0.1324200913242009,0.1324200913242009,0.01690909090909093
multidisciplinary_share,Multidisciplinary Journals,0.0008929815566202407,0.043478260869565216,0.043478260869565216,-0.1118032786885246
multidisciplinary_share,Multidisciplinary Journals,0.0006075779205705855,0.0,0.0,0.16084057971014493
multidisciplinary_share,Multidisciplinary Journals,-1.213976756922256e-05,0.025,0.025,-0.27405797101449275
multidisciplinary_share,Multidisciplinary Journals,-0.005627528035409328,1.0,1.0,-0.31
multidisciplinary_share,Multidisciplinary Journals,0.0024996045705817645,0.0,0.0,0.24721518987341778
multidisciplinary_share,Multidisciplinary Journals,0.00029350269958591,0.0,0.0,-0.10692753623188406
multidisciplinary_share,Multidisciplinary Journals,-0.0006304901832959705,0.1511627906976744,0.1511627906976744,0.039454545454545464
multidisciplinary_share,Multidisciplinary Journals,0.0005342726966832525,0.0,0.0,0.07817391304347826
multidisciplinary_share,Multidisciplinary Journals,0.0005583868902301649,0.0,0.0,0.10692753623188406
multidisciplinary_share,Multidisciplinary Journals,0.0020816993122246517,0.03614457831325301,0.03614457831325301,-0.18443037974683543
multidisciplinary_share,Multidisciplinary Journals,-0.004506876381366517,1.0,1.0,-0.034444444444444444
multidisciplinary_share,Multidisciplinary Journals,0.002358859813726611,0.0,0.0,0.09025316455696203
multidisciplinary_share,Multidisciplinary Journals,0.000630457179636503,0.05128205128205128,0.05128205128205128,0.18420289855072464
multidisciplinary_share,Multidisciplinary Journals,-0.0007477499726627969,0.1746031746031746,0.1746031746031746,-0.039454545454545464
multidisciplinary_share,Multidisciplinary Journals,0.0005317743369654655,0.04878048780487805,0.04878048780487805,0.07457971014492754
multidisciplinary_share,Multidisciplinary Journals,0.00032992690106724195,0.0,0.0,-0.08715942028985507
multidisciplinary_share,Multidisciplinary Journals,-8.748370813305217e-05,0.004807692307692308,0.004807692307692308,-0.290231884057971
multidisciplinary_share,Multidisciplinary Journals,-0.0013290112516677222,1.0,1.0,0.2745714285714285
multidisciplinary_share,Multidisciplinary Journals,0.0009147213565073611,0.0,0.0,-0.07622950819672131
multidisciplinary_share,Multidisciplinary Journals,0.0005126443655209971,0.037037037037037035,0.037037037037037035,0.05301449275362319
multidisciplinary_share,Multidisciplinary Journals,-0.0031393120342967868,0.3089005235602094,0.3089005235602094,-0.23705882352941177
multidisciplinary_share,Multidisciplinary Journals,0.00021150595793272215,0.10909090909090909,0.10909090909090909,-0.1716231884057971
multidisciplinary_share,Multidisciplinary Journals,0.0003590480995146892,0.0,0.0,-0.07457971014492754
multidisciplinary_share,Multidisciplinary Journals,0.00018697059363748155,0.0,0.0,-0.18959420289855072
multidisciplinary_share,Multidisciplinary Journals,-0.0013290112516677222,1.0,1.0,0.2922857142857143
multidisciplinary_share,Multidisciplinary Journals,0.0013178948282291277,0.0,0.0,0.18295081967213112
multidisciplinary_share,Multidisciplinary Journals,-1.937485586351087e-06,0.06862745098039216,0.06862745098039216,-0.26866666666666666
multidisciplinary_share,Multidisciplinary Journals,-0.001643567374539773,0.19230769230769232,0.19230769230769232,0.16828571428571426
multidisciplinary_share,Multidisciplinary Journals,-0.0032928425901283336,0.36423841059602646,0.36423841059602646,0.27125000000000005
multidisciplinary_share,Multidisciplinary Journals,-0.003007602697420229,0.2923076923076923,0.2923076923076923,-0.20058823529411765
multidisciplinary_share,Multidisciplinary Journals,-0.0034122233398928125,0.30612244897959184,0.30612244897959184,0.23249999999999998
multidisciplinary_share,Multidisciplinary Journals,0.00022376328872215123,0.010582010582010581,0.010582010582010581,-0.1572463768115942
multidisciplinary_share,Multidisciplinary Journals,0.0011244511388914162,0.0,0.0,0.11688524590163935
multidisciplinary_share,Multidisciplinary Journals,0.00047762815834150415,0.0,0.0,0.017072463768115942
multidisciplinary_share,Multidisciplinary Journals,0.000504611050742847,0.01639344262295082,0.01639344262295082,0.0476231884057971
multidisciplinary_share,Multidisciplinary Journals,-0.014428258190295102,1.0,1.0,0.31
multidisciplinary_share,Multidisciplinary Journals,0.002384732583211604,0.0,0.0,0.1687341772151899
multidisciplinary_share,Multidisciplinary Journals,0.0004870789385285796,0.0,0.0,0.03144927536231884
multidisciplinary_share,Multidisciplinary Journals,0.0005588279522696059,0.0,0.0,0.10872463768115942
multidisciplinary_share,Multidisciplinary Journals,0.00019269427387602004,0.024096385542168676,0.024096385542168676,-0.18420289855072464
multidisciplinary_share,Multidisciplinary Journals,0.0004559179131440479,0.0,0.0,-0.0026956521739130435
multidisciplinary_share,Multidisciplinary Journals,0.002194150199642608,0.0,0.0,-0.10594936708860758
multidisciplinary_share,Multidisciplinary Journals,0.00045524019315560966,0.0,0.0,-0.004492753623188406
multidisciplinary_share,Multidisciplinary Journals,0.0006645287433461325,0.0,0.0,0.2237391304347826
multidisciplinary_share,Multidisciplinary Journals,0.001040194524954078,0.0,0.0,0.07114754098360654
multidisciplinary_share,Multidisciplinary Journals,0.0006365368763106038,0.0,0.0,0.18959420289855072
multidisciplinary_share,Multidisciplinary Journals,0.0025237681574043973,0.0,0.0,0.2629113924050633
multidisciplinary_share,Multidisciplinary Journals,0.0008519411245981021,0.0,0.0,-0.17278688524590163
multidisciplinary_share,Multidisciplinary Journals,0.0009051609186648857,0.0,0.0,-0.09147540983606559
multidisciplinary_share,Multidisciplinary Journals,0.0007858939589674911,0.0,0.0,-0.27442622950819673
multidisciplinary_share,Multidisciplinary Journals,0.0008620717780265279,0.0,0.0,-0.1677049180327869
multidisciplinary_share,Multidisciplinary Journals,0.0024536043949465467,0.0,0.0,0.20797468354430387
multidisciplinary_share,Multidisciplinary Journals,0.0010501367257085671,0.0,0.0,0.08639344262295079
multidisciplinary_share,Multidisciplinary Journals,0.0023860216271616623,0.0,0.0,0.18443037974683546
multidisciplinary_share,Multidisciplinary Journals,0.0012491884809291728,0.0,0.0,0.15245901639344261
multidisciplinary_share,Multidisciplinary Journals,0.0014024504128927313,0.0,0.0,0.20327868852459013
multidisciplinary_share,Multidisciplinary Journals,0.0012491884809291728,0.0,0.0,0.15754098360655738
multidisciplinary_share,Multidisciplinary Journals,0.0018471507502766775,0.0,0.0,-0.29430379746835444
multidisciplinary_share,Multidisciplinary Journals,0.0012491884809291728,0.0,0.0,0.14737704918032785
multidisciplinary_share,Multidisciplinary Journals,-0.00015729148976940908,0.0684931506849315,0.0684931506849315,-0.3046086956521739
multidisciplinary_share,Multidisciplinary Journals,0.000634006682325156,0.02564102564102564,0.02564102564102564,0.186
multidisciplinary_share,Multidisciplinary Journals,0.0006272977832365719,0.0,0.0,0.17521739130434782
multidisciplinary_share,Multidisciplinary Journals,0.0006500399413071453,0.0,0.0,0.20217391304347826
multidisciplinary_share,Multidisciplinary Journals,-0.009398743752324476,1.0,1.0,0.31
multidisciplinary_share,Multidisciplinary Journals,0.002451246241000492,0.0,0.0,0.20012658227848107
multidisciplinary_share,Multidisciplinary Journals,0.0005006166677229304,0.0196078431372549,0.0196078431372549,0.042231884057971014
multidisciplinary_share,Multidisciplinary Journals,-3.69513121387957e-05,0.2007042253521127,0.2007042253521127,-0.2776521739130435
multidisciplinary_share,Multidisciplinary Journals,0.00037642963626528374,0.0,0.0,-0.05660869565217391
multidisciplinary_share,Multidisciplinary Journals,0.00020592437565987147,0.0,0.0,-0.17521739130434782
multidisciplinary_share,Multidisciplinary Journals,1.942232779563089e-05,0.014705882352941176,0.014705882352941176,-0.25968115942028985
multidisciplinary_share,Multidisciplinary Journals,-0.004283196011715606,1.0,1.0,0.31
multidisciplinary_share,Multidisciplinary Journals,0.0013178948282291277,0.0,0.0,0.18803278688524588
multidisciplinary_share,Multidisciplinary Journals,0.00014648473859935738,0.0,0.0,-0.21295652173913043
multidisciplinary_share,Multidisciplinary Journals,-0.000725239613699781,0.18932038834951456,0.18932038834951456,-0.01690909090909093
multidisciplinary_share,Multidisciplinary Journals,0.0001788481844907269,0.0967741935483871,0.0967741935483871,-0.1949855072463768
multidisciplinary_share,Multidisciplinary Journals,0.0006273473210219136,0.0,0.0,0.1770144927536232
multidisciplinary_share,Multidisciplinary Journals,0.00013342783303518156,0.0,0.0,-0.21655072463768116
multidisciplinary_share,Multidisciplinary Journals,-0.002087994700327397,1.0,1.0,-0.25685714285714284
multidisciplinary_share,Multidisciplinary Journals,0.002246891249749391,0.0,0.0,-0.05101265822784806
multidisciplinary_share,Multidisciplinary Journals,0.0006713216692227883,0.05454545454545454,0.05454545454545454,0.23452173913043478
multidisciplinary_share,Multidisciplinary Journals,-0.0021044368029385966,0.2631578947368421,0.2631578947368421,-0.2745714285714286
multidisciplinary_share,Multidisciplinary Journals,-0.005539400627625953,0.5,0.5,-0.155
multidisciplinary_share,Multidisciplinary Journals,0.0022035474816359734,0.0,0.0,-0.0981012658227848
multidisciplinary_share,Multidisciplinary Journals,0.000742763349616766,0.0,0.0,0.2920289855072464
multidisciplinary_share,Multidisciplinary Journals,-0.005148799421664004,1.0,1.0,-0.31
multidisciplinary_share,Multidisciplinary Journals,0.002359169831591238,0.0,0.0,0.12164556962025319
multidisciplinary_share,Multidisciplinary Journals,0.00023265544480311848,0.2,0.2,-0.15365217391304348
multidisciplinary_share,Multidisciplinary Journals,-0.00022121019707485102,0.23976608187134502,0.23976608187134502,-0.31
multidisciplinary_share,Multidisciplinary Journals,0.0002535990850412897,0.030864197530864196,0.030864197530864196,-0.1338840579710145
multidisciplinary_share,Multidisciplinary Journals,0.0002486312061099766,0.0,0.0,-0.13747826086956522
multidisciplinary_share,Multidisciplinary Journals,-9.259837310332323e-05,0.0,0.0,-0.2956231884057971
multidisciplinary_share,Multidisciplinary Journals,-0.0027688573284382705,1.0,1.0,-0.0911764705882353
multidisciplinary_share,Multidisciplinary Journals,0.0021917945104255056,0.0,0.0,-0.11379746835443036
multidisciplinary_share,Multidisciplinary Journals,0.00020879577877645232,0.02857142857142857,0.02857142857142857,-0.17342028985507246
multidisciplinary_share,Multidisciplinary Journals,-0.014594557759489136,0.3354978354978355,0.3354978354978355,-0.31
multidisciplinary_share,Multidisciplinary Journals,0.0004565316317370566,0.05434782608695652,0.05434782608695652,-0.0008985507246376812
multidisciplinary_share,Multidisciplinary Journals,0.00020455973188011626,0.0,0.0,-0.1770144927536232
multidisciplinary_share,Multidisciplinary Journals,7.577231590091989e-05,0.0,0.0,-0.23272463768115942
multidisciplinary_share,Multidisciplinary Journals,-0.0027688573284382705,1.0,1.0,-0.054705882352941215
multidisciplinary_share,Multidisciplinary Journals,0.0021917945104255056,0.0,0.0,-0.12164556962025314
multidisciplinary_share,Multidisciplinary Journals,0.00047433837272956746,0.038461538461538464,0.038461538461538464,0.011681159420289855
multidisciplinary_share,Multidisciplinary Journals,-0.0027036298759977057,0.2980392156862745,0.2980392156862745,-0.018235294117647072
multidisciplinary_share,Multidisciplinary Journals,0.001974218776844288,0.38620689655172413,0.38620689655172413,-0.21582278481012657
multidisciplinary_share,Multidisciplinary Journals,-0.00012809796604494017,0.39215686274509803,0.39215686274509803,-0.2992173913043478
multidisciplinary_share,Multidisciplinary Journals,-0.007234602393305191,0.2727272727272727,0.2727272727272727,-0.31
multidisciplinary_share,Multidisciplinary Journals,2.9321870734764736e-05,0.0,0.0,-0.2578840579710145
multidisciplinary_share,Multidisciplinary Journals,0.0007095338278380884,0.0,0.0,0.25968115942028985
multidisciplinary_share,Multidisciplinary Journals,0.0006400444267341038,0.0,0.0,0.19139130434782609
multidisciplinary_share,Multidisciplinary Journals,0.000513081117119924,0.0,0.0,0.05481159420289855
multidisciplinary_share,Multidisciplinary Journals,0.0007613445204216618,0.0,0.0,0.31
multidisciplinary_share,Multidisciplinary Journals,5.5258871555713246e-05,0.0,0.0,-0.24889855072463768
multidisciplinary_share,Multidisciplinary Journals,0.000507996535004728,0.0,0.0,0.04942028985507246
multidisciplinary_share,Multidisciplinary Journals,0.002257733718879009,0.0,0.0,0.003924050632911402
multidisciplinary_share,Multidisciplinary Journals,0.00034674072011103813,0.0,0.0,-0.07997101449275362
multidisciplinary_share,Multidisciplinary Journals,0.0006461361671267894,0.0,0.0,0.1949855072463768
multidisciplinary_share,Multidisciplinary Journals,0.0009329545114067477,0.0,0.0,-0.02032786885245902
multidisciplinary_share,Multidisciplinary Journals,0.0006181443000912604,0.0,0.0,0.1716231884057971
multidisciplinary_share,Multidisciplinary Journals,0.0009420807667252946,0.0,0.0,0.0
multidisciplinary_share,Multidisciplinary Journals,0.00033757807588611824,0.0,0.0,-0.08536231884057971
multidisciplinary_share,Multidisciplinary Journals,0.0012729918275675323,0.0,0.0,0.16770491803278686
multidisciplinary_share,Multidisciplinary Journals,0.0022562625672445684,0.0,0.0,-0.011772151898734151
multidisciplinary_share,Multidisciplinary Journals,0.001637819523946445,0.0,0.0,0.2591803278688524
multidisciplinary_share,Multidisciplinary Journals,0.002057219669361469,0.0,0.0,-0.200126582278481
multidisciplinary_share,Multidisciplinary Journals,0.0016544142067536885,0.0,0.0,0.26934426229508196
multidisciplinary_share,Multidisciplinary Journals,0.001661192269792563,0.0,0.0,0.2744262295081967
multidisciplinary_share,Multidisciplinary Journals,0.0019513068332304654,0.0,0.0,-0.22367088607594937
multidisciplinary_share,Multidisciplinary Journals,0.001291944898594913,0.0,0.0,0.17278688524590163
multidisciplinary_share,Multidisciplinary Journals,-0.0005973372178303365,0.1859903381642512,0.1859903381642512,0.08454545454545453
multidisciplinary_share,Multidisciplinary Journals,0.00015333233575299564,0.00909090909090909,0.00909090909090909,-0.20756521739130435
multidisciplinary_share,Multidisciplinary Journals,0.0002486312061099766,0.0,0.0,-0.13927536231884058
multidisciplinary_share,Multidisciplinary Journals,-8.655889503144943e-05,0.0,0.0,-0.28843478260869565
multidisciplinary_share,Multidisciplinary Journals,-0.00230772500732737,1.0,1.0,0.2370588235294117
multidisciplinary_share,Multidisciplinary Journals,0.0024642480408147583,0.0,0.0,0.22367088607594937
multidisciplinary_share,Multidisciplinary Journals,0.0023632908307671297,0.00980392156862745,0.00980392156862745,0.129493670886076
multidisciplinary_share,Multidisciplinary Journals,0.007095384830389325,0.31794871794871793,0.31794871794871793,0.0
multidisciplinary_share,Multidisciplinary Journals,0.0007292430097208489,0.045454545454545456,0.045454545454545456,0.27944927536231884
multidisciplinary_share,Multidisciplinary Journals,0.000720736412535742,0.0,0.0,0.2722608695652174
multidisciplinary_share,Multidisciplinary Journals,0.00030596765246072947,0.0,0.0,-0.09794202898550725
multidisciplinary_share,Multidisciplinary Journals,-0.004287584590421498,1.0,1.0,0.2411111111111111
multidisciplinary_share,Multidisciplinary Journals,0.0023830234005492437,0.0,0.0,0.14518987341772155
multidisciplinary_share,Multidisciplinary Journals,0.0007066726083327659,0.03636363636363636,0.03636363636363636,0.2578840579710145
multidisciplinary_share,Multidisciplinary Journals,-0.0038942412394349386,0.3492063492063492,0.3492063492063492,-0.23249999999999998
multidisciplinary_share,Multidisciplinary Journals,-0.007218424395512804,0.2857142857142857,0.2857142857142857,0.31
multidisciplinary_share,Multidisciplinary Journals,0.0019856346949603315,0.0,0.0,-0.2079746835443038
multidisciplinary_share,Multidisciplinary Journals,0.0003563057850340155,0.0,0.0,-0.07817391304347826
multidisciplinary_share,Multidisciplinary Journals,-0.003450543150204084,1.0,1.0,0.11625000000000002
multidisciplinary_share,Multidisciplinary Journals,0.002359138262103536,0.0,0.0,0.11379746835443039
multidisciplinary_share,Multidisciplinary Journals,-0.0010296422057311109,0.14285714285714285,0.14285714285714285,-0.23109090909090907
multidisciplinary_share,Multidisciplinary Journals,-0.001326300617259109,0.25,0.25,0.31
multidisciplinary_share,Multidisciplinary Journals,0.0021537076323015587,0.0,0.0,-0.16873417721518985
multidisciplinary_share,Multidisciplinary Journals,-0.013062978490903479,1.0,1.0,-0.31
multidisciplinary_share,Multidisciplinary Journals,0.002216508396382482,0.0,0.0,-0.090253164556962
multidisciplinary_share,Multidisciplinary Journals,0.0006583177348692919,0.03935185185185185,0.03935185185185185,0.21295652173913043
multidisciplinary_share,Multidisciplinary Journals,0.00024074379382702565,0.0,0.0,-0.14646376811594203
multidisciplinary_share,Multidisciplinary Journals,-0.0006233269462010196,0.016149068322981366,0.016149068322981366,0.05072727272727273
multidisciplinary_share,Multidisciplinary Journals,-0.0020721432531735397,1.0,1.0,-0.2037142857142857
multidisciplinary_share,Multidisciplinary Journals,0.00044616323845028633,0.0,0.0,-0.013478260869565217
multidisciplinary_share,Multidisciplinary Journals,0.0001560340998991722,0.029850746268656716,0.029850746268656716,-0.20397101449275362
multidisciplinary_share,Multidisciplinary Journals,0.00901666209978143,0.31137309292649096,0.31137309292649096,0.0
multidisciplinary_share,Multidisciplinary Journals,-0.00019185770244472395,0.085,0.085,-0.3064057971014493
multidisciplinary_share,Multidisciplinary Journals,9.772779598049668e-05,0.0,0.0,-0.22553623188405797
multidisciplinary_share,Multidisciplinary Journals,-4.578360807329352e-05,0.017964071856287425,0.017964071856287425,-0.27944927536231884
multidisciplinary_share,Multidisciplinary Journals,-0.0020721432531735397,1.0,1.0,-0.22142857142857142
multidisciplinary_share,Multidisciplinary Journals,0.0007352612187434517,0.0,0.0,0.2848405797101449
multidisciplinary_share,Multidisciplinary Journals,0.0004153518239539706,0.05722070844686648,0.05722070844686648,-0.027855072463768116
multidisciplinary_share,Multidisciplinary Journals,-0.0014360623200164744,0.28205128205128205,0.28205128205128205,0.22142857142857136
multidisciplinary_share,Multidisciplinary Journals,0.00046089349663427156,0.057971014492753624,0.057971014492753624,0.0008985507246376812
multidisciplinary_share,Multidisciplinary Journals,9.261203852433555e-05,0.0,0.0,-0.2291304347826087
multidisciplinary_share,Multidisciplinary Journals,0.0013040156624233204,0.03225806451612903,0.03225806451612903,0.17786885245901635
multidisciplinary_share,Multidisciplinary Journals,-0.0010700145256590074,1.0,1.0,-0.2649090909090909
multidisciplinary_share,Multidisciplinary Journals,0.0022729875812033183,0.0,0.0,0.01962025316455701
multidisciplinary_share,Multidisciplinary Journals,0.000530443760637584,0.037037037037037035,0.037037037037037035,0.07098550724637681
multidisciplinary_share,Multidisciplinary Journals,-0.000939496969549994,0.375,0.375,-0.19727272727272727
multidisciplinary_share,Multidisciplinary Journals,0.0004846482570594755,0.03389830508474576,0.03389830508474576,0.027855072463768116
multidisciplinary_share,Multidisciplinary Journals,0.00039103317220525764,0.0,0.0,-0.0476231884057971
multidisciplinary_share,Multidisciplinary Journals,0.00021354543768704152,0.0,0.0,-0.16982608695652174
multidisciplinary_share,Multidisciplinary Journals,-0.0034369140369748074,1.0,1.0,0.15499999999999997
multidisciplinary_share,Multidisciplinary Journals,0.0009147213565073611,0.0,0.0,-0.07114754098360657
multidisciplinary_share,Multidisciplinary Journals,0.0002536855340547582,0.020833333333333332,0.020833333333333332,-0.13208695652173913
multidisciplinary_share,Multidisciplinary Journals,0.012002657309529029,0.3249211356466877,0.3249211356466877,-0.31
multidisciplinary_share,Multidisciplinary Journals,-0.0009662624328682399,0.16216216216216217,0.16216216216216217,-0.2198181818181818
multidisciplinary_share,Multidisciplinary Journals,0.00048580615918965194,0.0,0.0,0.029652173913043478
multidisciplinary_share,Multidisciplinary Journals,0.00015481278358322518,0.011111111111111112,0.011111111111111112,-0.20576811594202898
multidisciplinary_share,Multidisciplinary Journals,-0.001334989135679062,1.0,1.0,0.25685714285714284
multidisciplinary_share,Multidisciplinary Journals,0.0022452136365747324,0.0,0.0,-0.05886075949367087
multidisciplinary_share,Multidisciplinary Journals,-7.284131753330608e-06,0.06578947368421052,0.06578947368421052,-0.2722608695652174
multidisciplinary_share,Multidisciplinary Journals,-0.0019782068560045014,0.2641025641025641,0.2641025641025641,-0.13285714285714287
multidisciplinary_share,Multidisciplinary Journals,-0.0007796290036039886,0.14285714285714285,0.14285714285714285,-0.07327272727272727
multidisciplinary_share,Multidisciplinary Journals,0.00028351924732826836,0.0,0.0,-0.10872463768115942
multidisciplinary_share,Multidisciplinary Journals,0.00011273743739232638,0.024691358024691357,0.024691358024691357,-0.2237391304347826
multidisciplinary_share,Multidisciplinary Journals,-0.0007953913363072266,1.0,1.0,-0.11836363636363637
multidisciplinary_share,Multidisciplinary Journals,0.0021700590384770334,0.0,0.0,-0.1451898734177215
multidisciplinary_share,Multidisciplinary Journals,-0.00026167173821452103,0.11494252873563218,0.11494252873563218,0.28745454545454546
multidisciplinary_share,Multidisciplinary Journals,7.473666268182106e-05,0.012195121951219513,0.012195121951219513,-0.23452173913043478
multidisciplinary_share,Multidisciplinary Journals,0.0004396881216387493,0.0,0.0,-0.018869565217391304
multidisciplinary_share,Multidisciplinary Journals,0.0004068301723858477,0.0,0.0,-0.035043478260869565
multidisciplinary_share,Multidisciplinary Journals,0.0010179120831159986,0.029411764705882353,0.029411764705882353,0.05590163934426229
multidisciplinary_share,Multidisciplinary Journals,-0.014030930903838718,1.0,1.0,0.0
multidisciplinary_share,Multidisciplinary Journals,0.000892235382859387,0.0,0.0,-0.12196721311475411
multidisciplinary_share,Multidisciplinary Journals,0.00019066524299799368,0.005494505494505495,0.005494505494505495,-0.186
multidisciplinary_share,Multidisciplinary Journals,0.00021588934901836941,0.01910828025477707,0.01910828025477707,-0.166231884057971
multidisciplinary_share,Multidisciplinary Journals,0.0009370839300079961,0.0,0.0,-0.01524590163934425
multidisciplinary_share,Multidisciplinary Journals,0.0004433630170386025,0.0,0.0,-0.01527536231884058
multidisciplinary_share,Multidisciplinary Journals,0.0018222882982155176,0.07317073170731707,0.07317073170731707,-0.3021518987341772
multidisciplinary_share,Multidisciplinary Journals,-0.01577079318659138,1.0,1.0,-0.10333333333333333
multidisciplinary_share,Multidisciplinary Journals,0.0006474287442633948,0.0,0.0,0.19857971014492753
multidisciplinary_share,Multidisciplinary Journals,6.993934481845624e-05,0.014778325123152709,0.014778325123152709,-0.2381159420289855
multidisciplinary_share,Multidisciplinary Journals,0.0005994399123121069,0.0,0.0,0.1428695652173913
multidisciplinary_share,Multidisciplinary Journals,0.0005036321570295701,0.0,0.0,0.04582608695652174
multidisciplinary_share,Multidisciplinary Journals,0.00021900842450643592,0.015151515151515152,0.015151515151515152,-0.16084057971014493
multidisciplinary_share,Multidisciplinary Journals,-0.0099767551632586,1.0,1.0,-0.31
multidisciplinary_share,Multidisciplinary Journals,0.0022529602143939714,0.0,0.0,-0.04316455696202531
multidisciplinary_share,Multidisciplinary Journals,0.0005770115718763313,0.020833333333333332,0.020833333333333332,0.12130434782608696
multidisciplinary_share,Multidisciplinary Journals,0.0003712868107769128,0.009615384615384616,0.009615384615384616,-0.062
multidisciplinary_share,Multidisciplinary Journals,0.0016178210309403663,0.0,0.0,0.23377049180327863
multidisciplinary_share,Multidisciplinary Journals,0.0005505621558284579,0.0,0.0,0.10153623188405797
multidisciplinary_share,Multidisciplinary Journals,0.0006033927537165344,0.02702702702702703,0.02702702702702703,0.1482608695652174
multidisciplinary_share,Multidisciplinary Journals,-0.014105714735309935,1.0,1.0,-0.31
multidisciplinary_share,Multidisciplinary Journals,0.002230474240745997,0.0,0.0,-0.08240506329113922
multidisciplinary_share,Multidisciplinary Journals,0.00029597608465735484,0.0,0.0,-0.1051304347826087
multidisciplinary_share,Multidisciplinary Journals,0.00031477283039937535,0.0058823529411764705,0.0058823529411764705,-0.09434782608695652
multidisciplinary_share,Multidisciplinary Journals,0.0016345219337040192,0.0,0.0,0.2540983606557377
multidisciplinary_share,Multidisciplinary Journals,0.0005550497894015839,0.0,0.0,0.1051304347826087
multidisciplinary_share,Multidisciplinary Journals,0.000476400999849992,0.017543859649122806,0.017543859649122806,0.01527536231884058
multidisciplinary_share,Multidisciplinary Journals,0.002358891383214313,0.0,0.0,0.10594936708860764
multidisciplinary_share,Multidisciplinary Journals,0.0004834581985225581,0.0,0.0,0.02246376811594203
multidisciplinary_share,Multidisciplinary Journals,0.000517802554751603,0.0,0.0,0.058405797101449275
multidisciplinary_share,Multidisciplinary Journals,0.0003442758313825886,0.0,0.0,-0.08356521739130435
multidisciplinary_share,Multidisciplinary Journals,0.0005223949505387394,0.0,0.0,0.06379710144927536
multidisciplinary_share,Multidisciplinary Journals,0.0003961504015901636,0.0,0.0,-0.04043478260869565
multidisciplinary_share,Multidisciplinary Journals,0.0009774451641790306,0.0,0.0,0.0304918032786885
multidisciplinary_share,Multidisciplinary Journals,0.000358216025859558,0.0,0.0,-0.0763768115942029
multidisciplinary_share,Multidisciplinary Journals,0.0004251971125908319,0.0,0.0,-0.020666666666666667
multidisciplinary_share,Multidisciplinary Journals,0.0005711825146527198,0.0,0.0,0.1141159420289855
multidisciplinary_share,Multidisciplinary Journals,0.00084053229663306,0.0,0.0,-0.19311475409836065
multidisciplinary_share,Multidisciplinary Journals,0.0007160523339137581,0.0,0.0,0.2632753623188406
multidisciplinary_share,Multidisciplinary Journals,0.0010565685028258722,0.0,0.0,0.09147540983606556
multidisciplinary_share,Multidisciplinary Journals,0.0003912591568477765,0.0,0.0,-0.04582608695652174
multidisciplinary_share,Multidisciplinary Journals,0.0006505808871590084,0.0,0.0,0.20397101449275362
multidisciplinary_share,Multidisciplinary Journals,0.0009948536053003857,0.0,0.0,0.04573770491803275
multidisciplinary_share,Multidisciplinary Journals,0.0006365368763106038,0.0,0.0,0.18779710144927536
multidisciplinary_share,Multidisciplinary Journals,0.002384454134834679,0.0,0.0,0.1608860759493671
multidisciplinary_share,Multidisciplinary Journals,0.0009305002166289606,0.0,0.0,-0.030491803278688556
multidisciplinary_share,Multidisciplinary Journals,0.0003856340623038717,0.0,0.0,-0.05301449275362319
multidisciplinary_share,Multidisciplinary Journals,0.0008463040272925109,0.0,0.0,-0.18295081967213114
multidisciplinary_share,Multidisciplinary Journals,0.0009074987197849097,0.0,0.0,-0.08639344262295082
multidisciplinary_share,Multidisciplinary Journals,0.0006284965701288098,0.0,0.0,0.17881159420289855
multidisciplinary_share,Multidisciplinary Journals,0.0019033648077269028,0.0,0.0,-0.23151898734177215
multidisciplinary_share,Multidisciplinary Journals,0.0007131908102926321,0.0,0.0,0.2614782608695652
multidisciplinary_share,Multidisciplinary Journals,0.0005764130298994529,0.0,0.0,0.1195072463768116
multidisciplinary_share,Multidisciplinary Journals,0.0006076023852650691,0.0,0.0,0.1626376811594203
multidisciplinary_share,Multidisciplinary Journals,0.0007851074244214283,0.0,0.0,-0.2795081967213115
multidisciplinary_share,Multidisciplinary Journals,0.000604919042172244,0.0,0.0,0.15185507246376811
multidisciplinary_share,Multidisciplinary Journals,0.0019030863593499773,0.0,0.0,-0.23936708860759492
multidisciplinary_share,Multidisciplinary Journals,0.0008277775377754693,0.0,0.0,-0.21344262295081967
multidisciplinary_share,Multidisciplinary Journals,0.00022027377523669864,0.0,0.0,-0.15904347826086956
multidisciplinary_share,Multidisciplinary Journals,0.0013260189028024452,0.0,0.0,0.19819672131147542
multidisciplinary_share,Multidisciplinary Journals,0.0005834019540973802,0.0,0.0,0.13028985507246377
multidisciplinary_share,Multidisciplinary Journals,0.000316727620010669,0.0,0.0,-0.09255072463768116
multidisciplinary_share,Multidisciplinary Journals,0.001891432665544072,0.0,0.0,-0.2707594936708861
multidisciplinary_share,Multidisciplinary Journals,0.000577165887960044,0.0,0.0,0.12310144927536232
multidisciplinary_share,Multidisciplinary Journals,0.000718147491711955,0.0,0.0,0.26507246376811594
multidisciplinary_share,Multidisciplinary Journals,0.0023860216271616623,0.0,0.0,0.1765822784810127
multidisciplinary_share,Multidisciplinary Journals,0.0010309986165144287,0.0,0.0,0.06606557377049177
multidisciplinary_share,Multidisciplinary Journals,0.0007764721257033893,0.0,0.0,-0.2998360655737705
multidisciplinary_share,Multidisciplinary Journals,0.001080737347003293,0.0,0.0,0.10672131147540981
multidisciplinary_share,Multidisciplinary Journals,0.0006117869868352157,0.0,0.0,0.16802898550724638
multidisciplinary_share,Multidisciplinary Journals,0.002462359823009067,0.0,0.0,0.21582278481012657
multidisciplinary_share,Multidisciplinary Journals,0.0008822644210401012,0.0,0.0,-0.14229508196721313
multidisciplinary_share,Multidisciplinary Journals,0.0005887450396798053,0.0,0.0,0.13568115942028985
multidisciplinary_share,Multidisciplinary Journals,0.0007823418709484919,0.0,0.0,-0.2845901639344262
multidisciplinary_share,Multidisciplinary Journals,0.0006186924148587139,0.0,0.0,0.17342028985507246
multidisciplinary_share,Multidisciplinary Journals,0.0007809160790939888,0.0,0.0,-0.29475409836065575
multidisciplinary_share,Multidisciplinary Journals,0.0008201048853513062,0.0,0.0,-0.2337704918032787
multidisciplinary_share,Multidisciplinary Journals,0.0005876234000125829,0.0,0.0,0.1338840579710145
multidisciplinary_share,Multidisciplinary Journals,0.0005818649950818562,0.0,0.0,0.1284927536231884
multidisciplinary_share,Multidisciplinary Journals,0.002276584177805148,0.0,0.0,0.02746835443037976
multidisciplinary_share,Multidisciplinary Journals,0.0007440886593171312,0.0,0.0,0.2956231884057971
multidisciplinary_share,Multidisciplinary Journals,0.0005084195053159152,0.0,0.0,0.051217391304347826
multidisciplinary_share,Multidisciplinary Journals,0.0008061628542487567,0.0,0.0,-0.2540983606557377
multidisciplinary_share,Multidisciplinary Journals,2.6679911513016495e-06,0.18718861209964413,0.18718861209964413,-0.2668695652173913
multidisciplinary_share,Multidisciplinary Journals,-0.0005030630229769179,0.14080459770114942,0.14080459770114942,0.12963636363636366
multidisciplinary_share,Multidisciplinary Journals,-0.0006009113683254696,0.15,0.15,0.07327272727272727
multidisciplinary_share,Multidisciplinary Journals,0.0007044499249525727,0.0,0.0,0.2524927536231884
multidisciplinary_share,Multidisciplinary Journals,0.0012722259772815442,0.03333333333333333,0.03333333333333333,0.1626229508196721
multidisciplinary_share,Multidisciplinary Journals,-0.0026728529959209003,1.0,1.0,0.018235294117647072
multidisciplinary_share,Multidisciplinary Journals,0.0009833769283259291,0.0,0.0,0.03557377049180327
multidisciplinary_share,Multidisciplinary Journals,0.0003451117048567929,0.035211267605633804,0.035211267605633804,-0.08176811594202898
multidisciplinary_share,Multidisciplinary Journals,-0.0032157152085474498,0.366412213740458,0.366412213740458,0.31
multidisciplinary_share,Multidisciplinary Journals,0.0003650898808346876,0.007407407407407408,0.007407407407407408,-0.06559420289855072
multidisciplinary_share,Multidisciplinary Journals,0.0006893291320619028,0.0,0.0,0.2381159420289855
multidisciplinary_share,Multidisciplinary Journals,0.0009665550696054321,0.0,0.0,0.02032786885245902
multidisciplinary_share,Multidisciplinary Journals,-0.003947368215886379,0.125,0.125,-0.27125
multidisciplinary_share,Multidisciplinary Journals,0.0012209152256724234,0.045454545454545456,0.045454545454545456,0.1321311475409836
multidisciplinary_share,Multidisciplinary Journals,-0.0004631502864377004,0.13131313131313133,0.13131313131313133,0.20854545454545453
multidisciplinary_share,Multidisciplinary Journals,-0.0019445257693844011,0.15639810426540285,0.15639810426540285,-0.062
multidisciplinary_share,Multidisciplinary Journals,-0.00047981741531925837,0.14521452145214522,0.14521452145214522,0.19727272727272732
multidisciplinary_share,Multidisciplinary Journals,0.0005179317123213843,0.0,0.0,0.06020289855072464
multidisciplinary_share,Multidisciplinary Journals,0.000549672735858101,0.0,0.0,0.09614492753623188
multidisciplinary_share,Multidisciplinary Journals,0.0006953822811397806,0.0,0.0,0.2435072463768116
multidisciplinary_share,Multidisciplinary Journals,-0.004557009093892923,1.0,1.0,-0.10333333333333333
multidisciplinary_share,Multidisciplinary Journals,0.0022792715333805726,0.0,0.0,0.04316455696202537
multidisciplinary_share,Multidisciplinary Journals,0.0001682024769142108,0.01834862385321101,0.01834862385321101,-0.20217391304347826
multidisciplinary_share,Multidisciplinary Journals,-0.001963079891585109,0.3805309734513274,0.3805309734513274,-0.09742857142857142
multidisciplinary_share,Multidisciplinary Journals,0.00026274579997461855,0.008130081300813009,0.008130081300813009,-0.12310144927536232
multidisciplinary_share,Multidisciplinary Journals,0.0006526745129341651,0.0,0.0,0.20756521739130435
multidisciplinary_share,Multidisciplinary Journals,0.0010426566363967763,0.0,0.0,0.07622950819672131
multidisciplinary_share,Multidisciplinary Journals,-0.004873659081415728,0.14705882352941177,0.14705882352941177,-0.17222222222222222
multidisciplinary_share,Multidisciplinary Journals,-0.0004827003817636091,0.15555555555555556,0.15555555555555556,0.186
multidisciplinary_share,Multidisciplinary Journals,-0.00033030451554422224,0.11711711711711711,0.11711711711711711,0.2536363636363636
multidisciplinary_share,Multidisciplinary Journals,-0.0005242518169917688,0.17647058823529413,0.17647058823529413,0.10709090909090907
multidisciplinary_share,Multidisciplinary Journals,6.206013590760875e-05,0.20967741935483872,0.20967741935483872,-0.2435072463768116
multidisciplinary_share,Multidisciplinary Journals,-0.0008709751325261962,0.15625,0.15625,-0.17472727272727273
multidisciplinary_share,Multidisciplinary Journals,0.0003614214168345065,0.0,0.0,-0.07098550724637681
multidisciplinary_share,Multidisciplinary Journals,0.0011973842702454498,0.0,0.0,0.12704918032786883
multidisciplinary_share,Multidisciplinary Journals,-0.002482973679388653,1.0,1.0,0.1276470588235294
multidisciplinary_share,Multidisciplinary Journals,0.0022812275949321567,0.0,0.0,0.05886075949367092
multidisciplinary_share,Multidisciplinary Journals,0.0005441388812882619,0.047244094488188976,0.047244094488188976,0.08895652173913043
multidisciplinary_share,Multidisciplinary Journals,-0.02304476397965123,0.3442622950819672,0.3442622950819672,0.0
multidisciplinary_share,Multidisciplinary Journals,0.0005329386396138675,0.010869565217391304,0.010869565217391304,0.0763768115942029
multidisciplinary_share,Multidisciplinary Journals,0.0008783828549531446,0.0,0.0,-0.15754098360655738
multidisciplinary_share,Multidisciplinary Journals,0.0016731110291031937,0.0,0.0,0.29475409836065575
multidisciplinary_share,Multidisciplinary Journals,-0.0013540047317179451,0.125,0.125,0.23914285714285716
multidisciplinary_share,Multidisciplinary Journals,0.0008263692225806431,0.20125786163522014,0.20125786163522014,-0.21852459016393444
multidisciplinary_share,Multidisciplinary Journals,0.0008794514605578428,0.2413793103448276,0.2413793103448276,-0.15245901639344261
multidisciplinary_share,Multidisciplinary Journals,-0.00379867049043614,0.375,0.375,-0.155
multidisciplinary_share,Multidisciplinary Journals,-0.0017475881267253362,0.2770448548812665,0.2770448548812665,0.04428571428571426
multidisciplinary_share,Multidisciplinary Journals,0.0006681678206535829,0.046511627906976744,0.046511627906976744,0.22733333333333333
multidisciplinary_share,Multidisciplinary Journals,0.00028012572187724114,0.0,0.0,-0.11231884057971014
multidisciplinary_share,Multidisciplinary Journals,0.0017441088928829038,0.0,0.0,0.3049180327868852
multidisciplinary_share,Multidisciplinary Journals,-0.0029594064741717218,1.0,1.0,-0.12764705882352942
multidisciplinary_share,Multidisciplinary Journals,0.00017716268074006173,0.015748031496062992,0.015748031496062992,-0.19678260869565217
multidisciplinary_share,Multidisciplinary Journals,-0.0018400621367013125,0.3553113553113553,0.3553113553113553,0.02657142857142858
multidisciplinary_share,Multidisciplinary Journals,0.0005980889118989984,0.0,0.0,0.14107246376811594
multidisciplinary_share,Multidisciplinary Journals,0.0007579330350176989,0.0,0.0,0.3046086956521739
multidisciplinary_share,Multidisciplinary Journals,0.00164692828166134,0.0,0.0,0.26426229508196714
multidisciplinary_share,Multidisciplinary Journals,-8.754172077025145e-05,0.21610169491525424,0.21610169491525424,-0.2920289855072464
multidisciplinary_share,Multidisciplinary Journals,-0.0036697636072377886,0.3652173913043478,0.3652173913043478,-0.03875000000000001
multidisciplinary_share,Multidisciplinary Journals,-0.0019899817822306544,0.4444444444444444,0.4444444444444444,-0.15057142857142858
multidisciplinary_share,Multidisciplinary Journals,-0.00012241245903022702,0.07575757575757576,0.07575757575757576,-0.29742028985507246
multidisciplinary_share,Multidisciplinary Journals,0.0004884553716616373,0.0,0.0,0.0332463768115942
multidisciplinary_share,Multidisciplinary Journals,0.00018797806756580847,0.014492753623188406,0.014492753623188406,-0.18779710144927536
multidisciplinary_share,Multidisciplinary Journals,-0.0011934259962103502,1.0,1.0,-0.31
multidisciplinary_share,Multidisciplinary Journals,0.0005216131901088712,0.0,0.0,0.062
multidisciplinary_share,Multidisciplinary Journals,0.00048455685886312436,0.0297029702970297,0.0297029702970297,0.026057971014492753
multidisciplinary_share,Multidisciplinary Journals,-0.0024922042294948463,0.3585714285714286,0.3585714285714286,0.09117647058823525
multidisciplinary_share,Multidisciplinary Journals,-0.0003765216171144921,0.11627906976744186,0.11627906976744186,0.2423636363636364
multidisciplinary_share,Multidisciplinary Journals,0.00020424676248521285,0.0,0.0,-0.17881159420289855
multidisciplinary_share,Multidisciplinary Journals,0.0005968963794717467,0.0,0.0,0.13927536231884058
multidisciplinary_share,Multidisciplinary Journals,-0.0011934259962103502,1.0,1.0,-0.29872727272727273
multidisciplinary_share,Multidisciplinary Journals,0.0022792715333805726,0.0,0.0,0.035316455696202564
multidisciplinary_share,Multidisciplinary Journals,0.0004496678992613765,0.05533596837944664,0.05533596837944664,-0.009884057971014493
multidisciplinary_share,Multidisciplinary Journals,0.012669466629033486,0.32,0.32,0.31
multidisciplinary_share,Multidisciplinary Journals,0.0025629032037038785,0.3875598086124402,0.3875598086124402,0.2786075949367089
multidisciplinary_share,Multidisciplinary Journals,-0.00361647923400287,0.3716216216216216,0.3716216216216216,0.03875000000000001
multidisciplinary_share,Multidisciplinary Journals,-0.002251495111450163,0.35664335664335667,0.35664335664335667,0.27352941176470585
multidisciplinary_share,Multidisciplinary Journals,0.000497258373282419,0.0072992700729927005,0.0072992700729927005,0.03863768115942029
multidisciplinary_share,Multidisciplinary Journals,0.0006304438711560676,0.0,0.0,0.18240579710144927
multidisciplinary_share,Multidisciplinary Journals,0.0004096517319259892,0.0,0.0,-0.0332463768115942
multidisciplinary_share,Multidisciplinary Journals,0.0026274792245237653,0.08333333333333333,0.08333333333333333,0.2943037974683545
multidisciplinary_share,Multidisciplinary Journals,-0.015937519872053493,1.0,1.0,-0.31
multidisciplinary_share,Multidisciplinary Journals,0.0025571203535824172,0.0,0.0,0.2707594936708861
multidisciplinary_share,Multidisciplinary Journals,0.00023446185294393956,0.0070921985815602835,0.0070921985815602835,-0.15005797101449275
multidisciplinary_share,Multidisciplinary Journals,0.0003592078879108819,0.0,0.0,-0.07278260869565217
multidisciplinary_share,Multidisciplinary Journals,0.0002630242483515438,0.017543859649122806,0.017543859649122806,-0.12130434782608696
multidisciplinary_share,Multidisciplinary Journals,0.0003650898808346876,0.008264462809917356,0.008264462809917356,-0.06739130434782609
multidisciplinary_share,Multidisciplinary Journals,0.0004917709963483289,0.0,0.0,0.035043478260869565
multidisciplinary_share,Multidisciplinary Journals,0.0004125664865906503,0.0,0.0,-0.029652173913043478
multidisciplinary_share,Multidisciplinary Journals,0.0005895793815697823,0.0,0.0,0.13747826086956522
multidisciplinary_share,Multidisciplinary Journals,0.0007042578926590898,0.0,0.0,0.25069565217391304
multidisciplinary_share,Multidisciplinary Journals,0.002350733004004554,0.0,0.0,0.08240506329113928
multidisciplinary_share,Multidisciplinary Journals,0.002257064008109524,0.0,0.0,-0.003924050632911347
multidisciplinary_share,Multidisciplinary Journals,0.0005257204941332834,0.0,0.0,0.06739130434782609
multidisciplinary_share,Multidisciplinary Journals,0.0007366923864867908,0.0,0.0,0.2866376811594203
multidisciplinary_share,Multidisciplinary Journals,0.0006529529613110903,0.0,0.0,0.2093623188405797
multidisciplinary_share,Multidisciplinary Journals,0.0006287893744884575,0.0,0.0,0.1806086956521739
multidisciplinary_share,Multidisciplinary Journals,0.0007479380568418635,0.0,0.0,0.29742028985507246
multidisciplinary_share,Multidisciplinary Journals,0.0007437941694540556,0.0,0.0,0.29382608695652174
multidisciplinary_share,Multidisciplinary Journals,0.0007811097284816442,0.0,0.0,-0.289672131147541
multidisciplinary_share,Multidisciplinary Journals,0.0008140168974813366,0.0,0.0,-0.24901639344262294
multidisciplinary_share,Multidisciplinary Journals,0.0006619610461282385,0.0,0.0,0.21834782608695652
multidisciplinary_share,Multidisciplinary Journals,0.0017526264867063482,0.0,0.0,0.31
multidisciplinary_share,Multidisciplinary Journals,0.0010429350847737018,0.0,0.0,0.08131147540983608
multidisciplinary_share,Multidisciplinary Journals,0.0016243895059550224,0.0,0.0,0.23885245901639346
multidisciplinary_share,Multidisciplinary Journals,0.0009665550696054321,0.0,0.0,0.01524590163934425
multidisciplinary_share,Multidisciplinary Journals,-0.0006087710047907923,0.19161676646706588,0.19161676646706588,0.062
multidisciplinary_share,Multidisciplinary Journals,0.000738764650838325,0.02857142857142857,0.02857142857142857,0.290231884057971
multidisciplinary_share,Multidisciplinary Journals,0.0003859474350117336,0.0,0.0,-0.051217391304347826
multidisciplinary_share,Multidisciplinary Journals,0.0015347475587722229,0.0,0.0,0.2236065573770492
multidisciplinary_share,Multidisciplinary Journals,-0.0037151512848443186,1.0,1.0,-0.11624999999999999
multidisciplinary_share,Multidisciplinary Journals,0.0024870962783745424,0.0,0.0,0.23936708860759498
multidisciplinary_share,Multidisciplinary Journals,0.0002636049138982892,0.00819672131147541,0.00819672131147541,-0.1195072463768116
multidisciplinary_share,Multidisciplinary Journals,-0.00024302210901714258,0.23056994818652848,0.23056994818652848,0.2987272727272728
multidisciplinary_share,Multidisciplinary Journals,0.0007267013234357604,0.041666666666666664,0.041666666666666664,0.2776521739130435
multidisciplinary_share,Multidisciplinary Journals,0.0003619119737578104,0.0,0.0,-0.06918840579710145
multidisciplinary_share,Multidisciplinary Journals,0.0018193814191603225,0.0,0.0,-0.31
multidisciplinary_share,Multidisciplinary Journals,-0.0036793455394471867,1.0,1.0,-0.07750000000000001
multidisciplinary_share,Multidisciplinary Journals,0.002279549981757498,0.0,0.0,0.05101265822784812
multidisciplinary_share,Multidisciplinary Journals,0.00024668149421016623,0.02142857142857143,0.02142857142857143,-0.14107246376811594
multidisciplinary_share,Multidisciplinary Journals,-0.0004889622536658972,0.18209876543209877,0.18209876543209877,0.17472727272727273
multidisciplinary_share,Multidisciplinary Journals,0.00025226842808811806,0.08333333333333333,0.08333333333333333,-0.13568115942028985
multidisciplinary_share,Multidisciplinary Journals,0.0004984976194089693,0.0,0.0,0.04043478260869565
multidisciplinary_share,Multidisciplinary Journals,0.00271732459619909,0.045454545454545456,0.045454545454545456,0.31
multidisciplinary_share,Multidisciplinary Journals,-0.004435869303744999,1.0,1.0,0.17222222222222222
multidisciplinary_share,Multidisciplinary Journals,0.002255386394934865,0.0,0.0,-0.03531645569620251
multidisciplinary_share,Multidisciplinary Journals,0.00018685155239294115,0.017857142857142856,0.017857142857142856,-0.19139130434782609
multidisciplinary_share,Multidisciplinary Journals,-0.0008195925204712878,0.17229729729729729,0.17229729729729729,-0.1409090909090909
multidisciplinary_share,Multidisciplinary Journals,0.0006050470485013324,0.2,0.2,0.15365217391304348
multidisciplinary_share,Multidisciplinary Journals,0.0004917709963483289,0.0,0.0,0.03684057971014493
multidisciplinary_share,Multidisciplinary Journals,0.0006629452382927567,0.0,0.0,0.22014492753623188
multidisciplinary_share,Multidisciplinary Journals,-0.0017165484864291355,1.0,1.0,0.07971428571428568
multidisciplinary_share,Multidisciplinary Journals,0.002255386394934865,0.0,0.0,-0.027468354430379704
multidisciplinary_share,Multidisciplinary Journals,-0.000498264550293311,0.06870229007633588,0.06870229007633588,0.14090909090909093
multidisciplinary_share,Multidisciplinary Journals,-0.0007940187735922833,0.14325259515570934,0.14325259515570934,-0.0958181818181818
multidisciplinary_share,Multidisciplinary Journals,-0.00019823623351511116,0.10285714285714286,0.10285714285714286,-0.30820289855072464
multidisciplinary_share,Multidisciplinary Journals,0.0005743527639168871,0.0,0.0,0.11591304347826087
multidisciplinary_share,Multidisciplinary Journals,0.0008811392764587558,0.0,0.0,-0.14737704918032787
multidisciplinary_share,Multidisciplinary Journals,-5.029495959520853e-05,0.014925373134328358,0.014925373134328358,-0.28304347826086956
multidisciplinary_share,Multidisciplinary Journals,-0.0052655856932991045,1.0,1.0,0.31
multidisciplinary_share,Multidisciplinary Journals,0.0009031054936916627,0.0,0.0,-0.09655737704918033
multidisciplinary_share,Multidisciplinary Journals,0.0004832499933689585,0.0,0.0,0.020666666666666667
multidisciplinary_share,Multidisciplinary Journals,0.0006675657184125521,0.20606060606060606,0.20606060606060606,0.22553623188405797
multidisciplinary_share,Multidisciplinary Journals,0.00039165268564302015,0.024390243902439025,0.024390243902439025,-0.044028985507246376
multidisciplinary_share,Multidisciplinary Journals,0.0006583758546500355,0.0,0.0,0.2147536231884058
multidisciplinary_share,Multidisciplinary Journals,0.0006977929087458109,0.0,0.0,0.24889855072463768
multidisciplinary_share,Multidisciplinary Journals,0.001078946581580711,0.034482758620689655,0.034482758620689655,0.10163934426229504
multidisciplinary_share,Multidisciplinary Journals,0.0009593269197526941,0.057692307692307696,0.057692307692307696,0.010163934426229482
multidisciplinary_share,Multidisciplinary Journals,-0.0020331793519769107,0.07936507936507936,0.07936507936507936,-0.1682857142857143
multidisciplinary_share,Multidisciplinary Journals,0.0001170203770495693,0.13106796116504854,0.13106796116504854,-0.22194202898550724
multidisciplinary_share,Multidisciplinary Journals,-0.0007436312337489647,0.14814814814814814,0.14814814814814814,-0.028181818181818197
multidisciplinary_share,Multidisciplinary Journals,0.0007522793895633418,0.061224489795918366,0.061224489795918366,0.2992173913043478
multidisciplinary_share,Multidisciplinary Journals,0.0008230729039567556,0.0,0.0,-0.22360655737704918
multidisciplinary_share,Multidisciplinary Journals,0.0008362511501976902,0.034782608695652174,0.034782608695652174,-0.19819672131147542
multidisciplinary_share,Multidisciplinary Journals,-0.002077687923203493,1.0,1.0,-0.23914285714285716
multidisciplinary_share,Multidisciplinary Journals,0.0009269906321373703,0.0,0.0,-0.04573770491803281
multidisciplinary_share,Multidisciplinary Journals,0.0007200721676353917,0.05454545454545454,0.05454545454545454,0.26866666666666666
multidisciplinary_share,Multidisciplinary Journals,-0.0017152272510577882,0.2698412698412698,0.2698412698412698,0.09742857142857142
multidisciplinary_share,Multidisciplinary Journals,0.0004064302779293792,0.02830188679245283,0.02830188679245283,-0.03684057971014493
multidisciplinary_share,Multidisciplinary Journals,0.0006588664115733396,0.0,0.0,0.21655072463768116
multidisciplinary_share,Multidisciplinary Journals,0.0016635624372838016,0.0,0.0,0.2845901639344262
multidisciplinary_share,Multidisciplinary Journals,-0.0023454046249426555,0.12121212121212122,0.12121212121212122,0.16411764705882353
multidisciplinary_share,Multidisciplinary Journals,-0.0007208408653729468,0.18,0.18,-0.005636363636363606
multidisciplinary_share,Multidisciplinary Journals,0.00023370071420987496,0.14814814814814814,0.14814814814814814,-0.15185507246376811
multidisciplinary_share,Multidisciplinary Journals,0.0002970709668959053,0.1346153846153846,0.1346153846153846,-0.10333333333333333
multidisciplinary_share,Multidisciplinary Journals,-0.0005217513558296954,0.1462140992167102,0.1462140992167102,0.1183636363636364
multidisciplinary_share,Multidisciplinary Journals,0.00024431108529118203,0.01098901098901099,0.01098901098901099,-0.1428695652173913
multidisciplinary_share,Multidisciplinary Journals,0.00041880339899422317,0.0,0.0,-0.02426086956521739
multidisciplinary_share,Multidisciplinary Journals,6.113925736704303e-05,0.00510204081632653,0.00510204081632653,-0.24530434782608695
multidisciplinary_share,Multidisciplinary Journals,-0.004436328507291591,1.0,1.0,0.10333333333333333
multidisciplinary_share,Multidisciplinary Journals,0.0009255914673396368,0.0,0.0,-0.050819672131147575
multidisciplinary_share,Multidisciplinary Journals,0.0004160427034321102,0.016129032258064516,0.016129032258064516,-0.026057971014492753
multidisciplinary_share,Multidisciplinary Journals,-0.001602035379878701,0.27638190954773867,0.27638190954773867,0.186
multidisciplinary_share,Multidisciplinary Journals,0.00012478104409970313,0.010309278350515464,0.010309278350515464,-0.21834782608695652
multidisciplinary_share,Multidisciplinary Journals,0.00041070473840632075,0.0,0.0,-0.03144927536231884
multidisciplinary_share,Multidisciplinary Journals,0.0018903960207400814,0.0,0.0,-0.28645569620253164
multidisciplinary_share,Multidisciplinary Journals,0.0005412313829836733,0.04081632653061224,0.04081632653061224,0.08356521739130435
multidisciplinary_share,Multidisciplinary Journals,0.0005746283657603871,0.2,0.2,0.11771014492753623
multidisciplinary_share,Multidisciplinary Journals,-0.0006420607826855506,0.15126050420168066,0.15126050420168066,0.028181818181818197
multidisciplinary_share,Multidisciplinary Journals,0.0003248382575601719,0.21951219512195122,0.21951219512195122,-0.08895652173913043
multidisciplinary_share,Multidisciplinary Journals,-0.0009042469275299462,0.19344262295081968,0.19344262295081968,-0.186
multidisciplinary_share,Multidisciplinary Journals,0.0002644691958735654,0.025210084033613446,0.025210084033613446,-0.11771014492753623
multidisciplinary_share,Multidisciplinary Journals,0.0005303136417662324,0.0,0.0,0.06918840579710145
multidisciplinary_share,Multidisciplinary Journals,-9.092075992866465e-05,0.0,0.0,-0.29382608695652174
multidisciplinary_share,Multidisciplinary Journals,-0.0017236890696116934,1.0,1.0,0.062
multidisciplinary_share,Multidisciplinary Journals,0.0021917945104255056,0.0,0.0,-0.12949367088607594
multidisciplinary_share,Multidisciplinary Journals,3.490549216683809e-05,0.0625,0.0625,-0.25428985507246377
multidisciplinary_share,Multidisciplinary Journals,-0.0031838200211979544,0.30687830687830686,0.30687830687830686,-0.31
multidisciplinary_share,Multidisciplinary Journals,0.00027832649581422444,0.0,0.0,-0.1141159420289855
multidisciplinary_share,Multidisciplinary Journals,0.0006067616360864691,0.0,0.0,0.1572463768115942
multidisciplinary_share,Multidisciplinary Journals,0.001661192269792563,0.0,0.0,0.2795081967213115
multidisciplinary_share,Multidisciplinary Journals,-0.0008381220518894383,0.14606741573033707,0.14606741573033707,-0.15218181818181817
multidisciplinary_share,Multidisciplinary Journals,0.00046687334994488034,0.25,0.25,0.004492753623188406
multidisciplinary_share,Multidisciplinary Journals,-0.00205631733083718,0.2777777777777778,0.2777777777777778,-0.186
multidisciplinary_share,Multidisciplinary Journals,-0.007234602393305191,0.2727272727272727,0.2727272727272727,0.0
multidisciplinary_share,Multidisciplinary Journals,0.0001470185437241554,0.023333333333333334,0.023333333333333334,-0.21115942028985507
multidisciplinary_share,Multidisciplinary Journals,0.0005534113865264915,0.0,0.0,0.10333333333333333
multidisciplinary_share,Multidisciplinary Journals,-8.509775317919667e-05,0.016304347826086956,0.016304347826086956,-0.2866376811594203
multidisciplinary_share,Multidisciplinary Journals,-0.0031779100621773166,1.0,1.0,-0.2735294117647059
multidisciplinary_share,Multidisciplinary Journals,0.0005484748090234069,0.0,0.0,0.09434782608695652
multidisciplinary_share,Multidisciplinary Journals,0.00021535327622675287,0.03017241379310345,0.03017241379310345,-0.16802898550724638
multidisciplinary_share,Multidisciplinary Journals,-0.0015448173387513496,0.2668463611859838,0.2668463611859838,0.20371428571428568
multidisciplinary_share,Multidisciplinary Journals,0.0005426128783100392,0.06140350877192982,0.06140350877192982,0.08715942028985507
multidisciplinary_share,Multidisciplinary Journals,0.0005362428986852682,0.0,0.0,0.07997101449275362
multidisciplinary_share,Multidisciplinary Journals,5.72417936392733e-05,0.019543973941368076,0.019543973941368076,-0.24710144927536232
multidisciplinary_share,Multidisciplinary Journals,-0.0019718596085908156,1.0,1.0,-0.11514285714285716
multidisciplinary_share,Multidisciplinary Journals,0.0007352612187434517,0.0,0.0,0.28304347826086956
multidisciplinary_share,Multidisciplinary Journals,0.0005474768318796647,0.06140350877192982,0.06140350877192982,0.09255072463768116
multidisciplinary_share,Multidisciplinary Journals,0.00047334577661192013,0.23178807947019867,0.23178807947019867,0.009884057971014493
multidisciplinary_share,Multidisciplinary Journals,-0.0036631251385567934,0.36,0.36,0.0
multidisciplinary_share,Multidisciplinary Journals,-0.0017135679958405318,0.28402366863905326,0.28402366863905326,0.11514285714285716
multidisciplinary_share,Multidisciplinary Journals,-0.0003294526010620713,0.21052631578947367,0.21052631578947367,0.2649090909090909
multidisciplinary_share,Multidisciplinary Journals,5.316183735304531e-05,0.01834862385321101,0.01834862385321101,-0.2524927536231884
multidisciplinary_share,Multidisciplinary Journals,0.0006959564580874726,0.0,0.0,0.24530434782608695
multidisciplinary_share,Multidisciplinary Journals,0.0008205615331749766,0.0,0.0,-0.22868852459016392
multidisciplinary_share,Multidisciplinary Journals,0.0005142684178566288,0.02654867256637168,0.02654867256637168,0.05660869565217391
multidisciplinary_share,Multidisciplinary Journals,-0.015360161121954197,1.0,1.0,0.31
multidisciplinary_share,Multidisciplinary Journals,0.002167630923602873,0.0,0.0,-0.16088607594936707
multidisciplinary_share,Multidisciplinary Journals,0.0006937539480728294,0.0,0.0,0.24171014492753623
multidisciplinary_share,Multidisciplinary Journals,0.0005382880414438495,0.037037037037037035,0.037037037037037035,0.08176811594202898
multidisciplinary_share,Multidisciplinary Journals,0.00015045437892007184,0.011235955056179775,0.011235955056179775,-0.2093623188405797
multidisciplinary_share,Multidisciplinary Journals,0.00030109533085103117,0.011494252873563218,0.011494252873563218,-0.09973913043478261
multidisciplinary_share,Multidisciplinary Journals,0.0003115405821845683,0.014285714285714285,0.014285714285714285,-0.09614492753623188
multidisciplinary_share,Multidisciplinary Journals,0.0003721298788843042,0.0,0.0,-0.06020289855072464
multidisciplinary_share,Multidisciplinary Journals,0.00042414226862569246,0.0,0.0,-0.02246376811594203
multidisciplinary_share,Multidisciplinary Journals,0.000799131295939307,0.0,0.0,-0.2642622950819672
multidisciplinary_share,Multidisciplinary Journals,0.0003961504015901636,0.0,0.0,-0.042231884057971014
multidisciplinary_share,Multidisciplinary Journals,0.002384454134834679,0.0,0.0,0.15303797468354435
multidisciplinary_share,Multidisciplinary Journals,0.0006693681027844304,0.0,0.0,0.2291304347826087
multidisciplinary_share,Multidisciplinary Journals,0.0004844002560277759,0.0,0.0,0.02426086956521739
multidisciplinary_share,Multidisciplinary Journals,0.0006124113816703164,0.0,0.0,0.16982608695652174
multidisciplinary_share,Multidisciplinary Journals,0.000647233546839824,0.0,0.0,0.19678260869565217
multidisciplinary_share,Multidisciplinary Journals,0.0007201393078365852,0.0,0.0,0.270463768115942
multidisciplinary_share,Multidisciplinary Journals,0.00047503200859443415,0.0,0.0,0.013478260869565217
multidisciplinary_share,Multidisciplinary Journals,0.0013260189028024452,0.0,0.0,0.1931147540983606
multidisciplinary_share,Multidisciplinary Journals,0.0008318098889984406,0.0,0.0,-0.2083606557377049
multidisciplinary_share,Multidisciplinary Journals,0.0005423977599436001,0.0,0.0,0.08536231884057971
multidisciplinary_share,Multidisciplinary Journals,0.001891432665544072,0.0,0.0,-0.27860759493670884
multidisciplinary_share,Multidisciplinary Journals,0.0006695862247631656,0.0,0.0,0.23272463768115942
multidisciplinary_share,Multidisciplinary Journals,0.0014948206966521624,0.0,0.0,0.21344262295081967
multidisciplinary_share,Multidisciplinary Journals,0.0015382674246087627,0.0,0.0,0.22868852459016392
multidisciplinary_share,Multidisciplinary Journals,0.0015251833132476362,0.0,0.0,0.21852459016393438
multidisciplinary_share,Multidisciplinary Journals,0.0016339188939073677,0.0,0.0,0.24901639344262289
multidisciplinary_share,Multidisciplinary Journals,-0.00022986180549035374,0.10512129380053908,0.10512129380053908,0.31
multidisciplinary_share,Multidisciplinary Journals,0.000262110480407769,0.022222222222222223,0.022222222222222223,-0.12489855072463768
multidisciplinary_share,Multidisciplinary Journals,0.0002547945748871952,0.0,0.0,-0.1284927536231884
multidisciplinary_share,Multidisciplinary Journals,0.0009770839227487681,0.02666666666666667,0.02666666666666667,0.025409836065573732
multidisciplinary_share,Multidisciplinary Journals,-0.0018522017557629303,1.0,1.0,-0.008857142857142841
multidisciplinary_share,Multidisciplinary Journals,0.002512031494225494,0.0,0.0,0.2550632911392406
multidisciplinary_share,Multidisciplinary Journals,0.0005256902665884905,0.03896103896103896,0.03896103896103896,0.06559420289855072
multidisciplinary_share,Multidisciplinary Journals,-0.0008063388937074485,0.18487394957983194,0.18487394957983194,-0.12963636363636363
multidisciplinary_share,Multidisciplinary Journals,0.00021843850117001236,0.0,0.0,-0.1626376811594203
multidisciplinary_share,Multidisciplinary Journals,0.0008519364828652879,0.0,0.0,-0.1778688524590164
multidisciplinary_share,Multidisciplinary Journals,3.285985801500253e-05,0.006024096385542169,0.006024096385542169,-0.25608695652173913
multidisciplinary_share,Multidisciplinary Journals,-0.0038819893078739618,1.0,1.0,-0.19375
multidisciplinary_share,Multidisciplinary Journals,0.0009272690805142955,0.0,0.0,-0.04065573770491804
multidisciplinary_share,Multidisciplinary Journals,0.0003782903271113055,0.0,0.0,-0.05481159420289855
multidisciplinary_share,Multidisciplinary Journals,-0.0007787278552928975,0.15030674846625766,0.15030674846625766,-0.05072727272727273
multidisciplinary_share,Multidisciplinary Journals,7.056961296959687e-05,0.0784313725490196,0.0784313725490196,-0.23631884057971014
multidisciplinary_share,Multidisciplinary Journals,0.000920087030365555,0.0,0.0,-0.06098360655737706
multidisciplinary_share,Multidisciplinary Journals,5.3186546668391716e-05,0.010638297872340425,0.010638297872340425,-0.25069565217391304
multidisciplinary_share,Multidisciplinary Journals,-0.00223673861719749,1.0,1.0,0.31
multidisciplinary_share,Multidisciplinary Journals,0.0021695869851544565,0.0,0.0,-0.1530379746835443
multidisciplinary_share,Multidisciplinary Journals,0.0006794986793585673,0.05454545454545454,0.05454545454545454,0.23631884057971014
multidisciplinary_share,Multidisciplinary Journals,0.00019977842532887836,0.1464088397790055,0.1464088397790055,-0.1806086956521739
multidisciplinary_share,Multidisciplinary Journals,0.0002437193676055819,0.0,0.0,-0.14466666666666667
multidisciplinary_share,Multidisciplinary Journals,0.0010263682416542027,0.0,0.0,0.06098360655737706
multidisciplinary_share,Multidisciplinary Journals,-0.00013772114273249752,0.021551724137931036,0.021551724137931036,-0.30281159420289855
multidisciplinary_share,Multidisciplinary Journals,-0.004062243575641699,1.0,1.0,-0.31
multidisciplinary_share,Multidisciplinary Journals,0.000901427880517004,0.0,0.0,-0.1016393442622951
multidisciplinary_share,Multidisciplinary Journals,0.00039617605350846603,0.02127659574468085,0.02127659574468085,-0.03863768115942029
multidisciplinary_share,Multidisciplinary Journals,-0.0007789176385893157,0.14609929078014183,0.14609929078014183,-0.062
multidisciplinary_share,Multidisciplinary Journals,0.000262110480407769,0.023529411764705882,0.023529411764705882,-0.12669565217391304
multidisciplinary_share,Multidisciplinary Journals,0.00025374587108024775,0.0,0.0,-0.13028985507246377
multidisciplinary_share,Multidisciplinary Journals,0.000937709391708448,0.025157232704402517,0.025157232704402517,-0.010163934426229537
multidisciplinary_share,Multidisciplinary Journals,-0.0010700145256590074,1.0,1.0,-0.25363636363636366
multidisciplinary_share,Multidisciplinary Journals,0.0012349583403073493,0.0,0.0,0.14229508196721308
multidisciplinary_share,Multidisciplinary Journals,9.70533748947794e-05,0.020100502512562814,0.020100502512562814,-0.22733333333333333
multidisciplinary_share,Multidisciplinary Journals,-3.176891315311873e-05,0.20861372812920592,0.20861372812920592,-0.2758550724637681
multidisciplinary_share,Multidisciplinary Journals,0.0002173024138324378,0.015748031496062992,0.015748031496062992,-0.16443478260869565
multidisciplinary_share,Multidisciplinary Journals,0.00028318639736046923,0.0,0.0,-0.11052173913043478
multidisciplinary_share,Multidisciplinary Journals,-6.514673025317758e-06,0.0056179775280898875,0.0056179775280898875,-0.270463768115942
multidisciplinary_share,Multidisciplinary Journals,-0.0034369140369748074,1.0,1.0,0.19375000000000003
multidisciplinary_share,Multidisciplinary Journals,0.0009272690805142955,0.0,0.0,-0.03557377049180327
multidisciplinary_share,Multidisciplinary Journals,8.763529360678856e-05,0.015544041450777202,0.015544041450777202,-0.23092753623188406
multidisciplinary_share,Multidisciplinary Journals,-0.0004912947295841965,0.16615384615384615,0.16615384615384615,0.1521818181818182
multidisciplinary_share,Multidisciplinary Journals,-0.00012999778255181788,0.08,0.08,-0.3010144927536232
multidisciplinary_share,Multidisciplinary Journals,0.0006046708823668959,0.0,0.0,0.15005797101449275
multidisciplinary_share,Multidisciplinary Journals,-8.065896639881369e-05,0.014285714285714285,0.014285714285714285,-0.2848405797101449
multidisciplinary_share,Multidisciplinary Journals,-0.002205181439317784,1.0,1.0,-0.31
multidisciplinary_share,Multidisciplinary Journals,0.0008760968222329184,0.0,0.0,-0.16262295081967212
multidisciplinary_share,Multidisciplinary Journals,0.00023190651264518586,0.029940119760479042,0.029940119760479042,-0.15544927536231884
multidisciplinary_share,Multidisciplinary Journals,-0.0004910162812072713,0.1580547112462006,0.1580547112462006,0.16345454545454546
multidisciplinary_share,Multidisciplinary Journals,3.907962093607274e-06,0.08333333333333333,0.08333333333333333,-0.26507246376811594
multidisciplinary_share,Multidisciplinary Journals,0.0005682676977085701,0.0,0.0,0.11231884057971014
multidisciplinary_share,Multidisciplinary Journals,-0.00026893372319803966,0.01937984496124031,0.01937984496124031,0.27618181818181814
multidisciplinary_share,Multidisciplinary Journals,-0.0007953913363072266,1.0,1.0,-0.1070909090909091
multidisciplinary_share,Multidisciplinary Journals,0.0008193762034419486,0.0,0.0,-0.23885245901639346
multidisciplinary_share,Multidisciplinary Journals,0.00045369039913223613,0.056179775280898875,0.056179775280898875,-0.006289855072463768
biology_share,Biology Journals,0.0009635714050641116,0.08739255014326648,0.08739255014326648,-0.13285714285714287
biology_share,Biology Journals,0.003127865808834765,1.0,1.0,-0.29966666666666664
biology_share,Biology Journals,-0.007784947808954715,0.017467248908296942,0.017467248908296942,0.062
biology_share,Biology Journals,0.005243845326662329,0.12554112554112554,0.12554112554112554,0.12130434782608696
biology_share,Biology Journals,-0.004291568200514478,0.03529411764705882,0.03529411764705882,0.2657142857142856
biology_share,Biology Journals,-0.004334550565339008,0.0,0.0,0.22142857142857136
biology_share,Biology Journals,-0.007612432058403829,0.06698564593301436,0.06698564593301436,0.31
biology_share,Biology Journals,-0.005096992226730917,0.06418918918918919,0.06418918918918919,-0.15
biology_share,Biology Journals,0.005311280945360301,1.0,1.0,0.28304347826086956
biology_share,Biology Journals,-8.673985012004228e-05,0.1,0.1,-0.18172413793103448
biology_share,Biology Journals,-0.002267219276503719,0.038834951456310676,0.038834951456310676,0.05470588235294116
biology_share,Biology Journals,-0.0057141675753771895,0.036585365853658534,0.036585365853658534,-0.13851063829787236
biology_share,Biology Journals,-0.0045473960161139335,0.0,0.0,-0.022142857142857186
biology_share,Biology Journals,-0.004176362582614181,0.0684931506849315,0.0684931506849315,-0.31
biology_share,Biology Journals,-0.0032387016621199375,0.0,0.0,0.21079999999999993
biology_share,Biology Journals,-0.002999775953060737,0.0,0.0,-0.2411111111111111
biology_share,Biology Journals,-0.0038380361941377597,0.061224489795918366,0.061224489795918366,0.028181818181818197
biology_share,Biology Journals,0.00217900994264405,0.07373271889400922,0.07373271889400922,-0.10333333333333333
biology_share,Biology Journals,-0.007740377156047669,0.027649769585253458,0.027649769585253458,0.186
biology_share,Biology Journals,0.007624674146964159,1.0,1.0,-0.31
biology_share,Biology Journals,-0.005181711314872719,0.0,0.0,-0.22999999999999998
biology_share,Biology Journals,-0.005607533929686817,0.0,0.0,0.006595744680851057
biology_share,Biology Journals,-0.007107781161197797,0.0,0.0,0.13285714285714284
biology_share,Biology Journals,-0.004975863596075696,0.0,0.0,-0.04999999999999999
biology_share,Biology Journals,-0.004614061932410951,0.05084745762711865,0.05084745762711865,-0.155
biology_share,Biology Journals,-0.0010083675904134976,0.07692307692307693,0.07692307692307693,0.1430769230769231
biology_share,Biology Journals,-0.0002479829926787617,0.08333333333333333,0.08333333333333333,-0.31
biology_share,Biology Journals,-0.004633212526476796,0.03389830508474576,0.03389830508474576,-0.1660714285714286
biology_share,Biology Journals,-0.005550678086607172,0.008264462809917356,0.008264462809917356,0.032978723404255283
biology_share,Biology Journals,0.00397941318163112,0.2636363636363636,0.2636363636363636,0.08611111111111108
biology_share,Biology Journals,0.0032933273965790265,1.0,1.0,-0.124
biology_share,Biology Journals,-0.005938307683607738,0.0,0.0,0.15499999999999997
biology_share,Biology Journals,0.003952594508084589,0.6363636363636364,0.6363636363636364,0.034444444444444444
biology_share,Biology Journals,-0.0063716023909534064,0.0,0.0,-0.26571428571428574
biology_share,Biology Journals,0.0060260744026622405,0.15625,0.15625,-0.14925925925925926
biology_share,Biology Journals,0.0021843139712872284,0.25,0.25,-0.07750000000000001
biology_share,Biology Journals,0.0035210021056308076,0.3333333333333333,0.3333333333333333,0.16533333333333333
biology_share,Biology Journals,0.0030339803747264117,0.25,0.25,0.22388888888888886
biology_share,Biology Journals,0.003315384701047545,0.25,0.25,-0.093
biology_share,Biology Journals,-0.001747124162745292,0.08163265306122448,0.08163265306122448,-0.07153846153846152
biology_share,Biology Journals,0.004428741122630535,1.0,1.0,-0.13285714285714284
biology_share,Biology Journals,-0.005926781233502437,0.0,0.0,0.22142857142857136
biology_share,Biology Journals,0.003590987313426329,0.0967741935483871,0.0967741935483871,0.25833333333333336
biology_share,Biology Journals,-0.005829650634839474,0.0,0.0,-0.2704255319148936
biology_share,Biology Journals,-0.00545987883825011,0.02631578947368421,0.02631578947368421,0.20446808510638298
biology_share,Biology Journals,-0.002910652578698185,0.0,0.0,0.034444444444444444
biology_share,Biology Journals,-0.004439479687548189,0.0,0.0,0.08857142857142852
biology_share,Biology Journals,-0.004603182218940295,0.0625,0.0625,-0.14392857142857143
biology_share,Biology Journals,0.010163821012910176,0.12,0.12,0.0
biology_share,Biology Journals,0.0027378242771990283,0.15555555555555556,0.15555555555555556,-0.18944444444444444
biology_share,Biology Journals,0.002839691979919101,1.0,1.0,-0.10333333333333333
biology_share,Biology Journals,-0.0029691399279431993,0.0,0.0,-0.17222222222222222
biology_share,Biology Journals,0.0025932022635867386,0.3076923076923077,0.3076923076923077,-0.27555555555555555
biology_share,Biology Journals,-0.006028272210475392,0.0,0.0,0.06642857142857139
biology_share,Biology Journals,-0.0017622401858617093,0.0625,0.0625,-0.11923076923076922
biology_share,Biology Journals,0.0002586522715482381,0.10810810810810811,0.10810810810810811,0.31
biology_share,Biology Journals,0.0034869957732694083,1.0,1.0,0.13433333333333336
biology_share,Biology Journals,-0.002774419916549055,0.0,0.0,0.13777777777777778
biology_share,Biology Journals,0.0025632068099703045,0.17857142857142858,0.17857142857142858,-0.2927777777777778
biology_share,Biology Journals,-0.005463542762118944,0.0,0.0,0.15170212765957447
biology_share,Biology Journals,-0.004909383910772431,0.0,0.0,0.04999999999999999
biology_share,Biology Journals,-0.0024081323338356773,0.04,0.04,-0.23705882352941177
biology_share,Biology Journals,-0.0006268640889360299,0.08641975308641975,0.08641975308641975,-0.07153846153846152
biology_share,Biology Journals,0.0026002010174426965,1.0,1.0,-0.2583333333333333
biology_share,Biology Journals,-0.00413152552207041,0.015384615384615385,0.015384615384615385,-0.25363636363636366
biology_share,Biology Journals,-3.53306090116303e-05,0.1,0.1,-0.13896551724137932
biology_share,Biology Journals,-0.005931923359912481,0.0,0.0,0.19928571428571423
biology_share,Biology Journals,-0.00654388660177652,0.0,0.0,0.08857142857142852
biology_share,Biology Journals,-0.004924929564500264,0.0625,0.0625,0.030000000000000027
biology_share,Biology Journals,0.0012551620115198183,0.07673860911270983,0.07673860911270983,0.13285714285714284
biology_share,Biology Journals,0.003269017624895507,1.0,1.0,-0.155
biology_share,Biology Journals,-0.004826668986690845,0.02564102564102564,0.02564102564102564,0.23000000000000004
biology_share,Biology Journals,0.0008412633062541996,0.10666666666666667,0.10666666666666667,0.2657142857142856
biology_share,Biology Journals,-0.0038207192378000476,0.05,0.05,0.11272727272727273
biology_share,Biology Journals,-0.004711897882731584,0.0,0.0,-0.2767857142857143
biology_share,Biology Journals,-0.0009248048243336356,0.075,0.075,0.2146153846153846
biology_share,Biology Journals,0.006335559361899375,0.1262848751835536,0.1262848751835536,0.10333333333333333
biology_share,Biology Journals,0.003212520644610294,1.0,1.0,-0.19633333333333333
biology_share,Biology Journals,-0.005436483436382741,0.016304347826086956,0.016304347826086956,0.24404255319148932
biology_share,Biology Journals,0.0060102432378920335,0.12,0.12,-0.17222222222222222
biology_share,Biology Journals,-0.0032260149735724437,0.03,0.03,0.23559999999999998
biology_share,Biology Journals,-0.004426832751868478,0.0,0.0,0.11071428571428571
biology_share,Biology Journals,0.007187311245640781,0.12804878048780488,0.12804878048780488,-0.20666666666666667
biology_share,Biology Journals,0.0009531121743683999,0.11258278145695365,0.11258278145695365,-0.17714285714285716
biology_share,Biology Journals,0.0016532874776359731,1.0,1.0,0.08454545454545453
biology_share,Biology Journals,0.008777253740543025,0.125,0.125,0.0
biology_share,Biology Journals,-0.002031183926608741,0.047619047619047616,0.047619047619047616,0.27352941176470585
biology_share,Biology Journals,-0.0044116354152121725,0.031914893617021274,0.031914893617021274,0.13285714285714284
biology_share,Biology Journals,-0.0042568643609046585,0.0,0.0,0.2989285714285714
biology_share,Biology Journals,0.008035068773075279,0.12903225806451613,0.12903225806451613,0.31
biology_share,Biology Journals,0.0029999113353302623,0.11428571428571428,0.11428571428571428,0.17222222222222222
biology_share,Biology Journals,0.0023357951781196574,0.07462686567164178,0.07462686567164178,0.051666666666666694
biology_share,Biology Journals,0.0048936358074514845,0.12643678160919541,0.12643678160919541,-0.2291304347826087
biology_share,Biology Journals,0.0036400597866212353,0.12389380530973451,0.12389380530973451,0.27899999999999997
biology_share,Biology Journals,-0.006852906867869586,0.06550218340611354,0.06550218340611354,-0.28785714285714287
biology_share,Biology Journals,0.006401926643828455,1.0,1.0,0.19518518518518518
biology_share,Biology Journals,-0.005801587683297729,0.0,0.0,-0.2572340425531915
biology_share,Biology Journals,-0.005492162318162196,0.010638297872340425,0.010638297872340425,0.1253191489361702
biology_share,Biology Journals,-0.00489374591140452,0.0,0.0,0.13
biology_share,Biology Journals,-0.004639678202643404,0.0,0.0,-0.1992857142857143
biology_share,Biology Journals,-0.0012423560065832017,0.07692307692307693,0.07692307692307693,-0.19076923076923075
biology_share,Biology Journals,0.00015863268497601243,0.07692307692307693,0.07692307692307693,0.22448275862068962
biology_share,Biology Journals,0.0028795106062214455,0.11428571428571428,0.11428571428571428,0.0
biology_share,Biology Journals,-0.004904300510370733,0.03333333333333333,0.03333333333333333,0.07
biology_share,Biology Journals,-0.004883307320740568,0.046511627906976744,0.046511627906976744,0.16999999999999998
biology_share,Biology Journals,0.0033309687637822264,0.308411214953271,0.308411214953271,-0.08266666666666667
biology_share,Biology Journals,0.003398771848373674,1.0,1.0,-0.020666666666666667
biology_share,Biology Journals,-0.0057340023141496735,0.0,0.0,-0.15170212765957447
biology_share,Biology Journals,0.003570539719885883,0.65625,0.65625,0.21700000000000003
biology_share,Biology Journals,-0.006300554742286721,0.0,0.0,-0.155
biology_share,Biology Journals,0.0064523344105861715,0.28125,0.28125,0.26407407407407407
biology_share,Biology Journals,0.0030804538224786875,0.2916666666666667,0.2916666666666667,0.2755555555555556
biology_share,Biology Journals,0.006282551221590681,0.3235294117647059,0.3235294117647059,0.034444444444444444
biology_share,Biology Journals,0.0029239699298666635,0.2571428571428571,0.2571428571428571,0.08611111111111108
biology_share,Biology Journals,0.006655685675479854,0.42857142857142855,0.42857142857142855,-0.1409090909090909
biology_share,Biology Journals,0.003410039383795107,0.15,0.15,0.0
biology_share,Biology Journals,0.003731960242927911,1.0,1.0,-0.2411111111111111
biology_share,Biology Journals,-0.005014860303876174,0.0,0.0,-0.09
biology_share,Biology Journals,0.00622029227172856,0.15384615384615385,0.15384615384615385,-0.011481481481481481
biology_share,Biology Journals,-0.005670397859661449,0.0,0.0,-0.11212765957446807
biology_share,Biology Journals,0.005232575163960969,0.16666666666666666,0.16666666666666666,0.06739130434782609
biology_share,Biology Journals,0.006282415850116881,0.25,0.25,0.011481481481481481
biology_share,Biology Journals,-0.004903604999257876,0.0,0.0,0.09000000000000002
biology_share,Biology Journals,0.005789809806633918,0.14,0.14,0.31
biology_share,Biology Journals,0.002997849345213048,1.0,1.0,0.15499999999999997
biology_share,Biology Journals,-0.00478984049413362,0.0,0.0,0.25000000000000006
biology_share,Biology Journals,0.002920601264372329,0.17647058823529413,0.17647058823529413,0.06888888888888889
biology_share,Biology Journals,0.0024333162439019664,0.15384615384615385,0.15384615384615385,0.10333333333333333
biology_share,Biology Journals,-0.005303510090154687,0.0,0.0,-0.31
biology_share,Biology Journals,0.004474620173566808,0.13333333333333333,0.13333333333333333,-0.04428571428571426
biology_share,Biology Journals,0.006760929165262961,0.1368421052631579,0.1368421052631579,0.028181818181818197
biology_share,Biology Journals,0.00639630268364389,1.0,1.0,0.14925925925925926
biology_share,Biology Journals,-0.004371179323185926,0.017241379310344827,0.017241379310344827,0.18821428571428567
biology_share,Biology Journals,0.0022739615024259334,0.1509433962264151,0.1509433962264151,-0.02583333333333332
biology_share,Biology Journals,-0.006227014720553535,0.0,0.0,-0.08857142857142858
biology_share,Biology Journals,-0.004571950336817954,0.0,0.0,-0.06642857142857145
biology_share,Biology Journals,0.008011041772746445,0.13333333333333333,0.13333333333333333,0.07750000000000001
biology_share,Biology Journals,0.0005214400934200907,0.1050228310502283,0.1050228310502283,-0.08857142857142858
biology_share,Biology Journals,0.0033823135481168536,1.0,1.0,-0.04133333333333333
biology_share,Biology Journals,-0.00438936886928679,0.013333333333333334,0.013333333333333334,0.16607142857142854
biology_share,Biology Journals,0.004679236361784932,0.125,0.125,0.10333333333333333
biology_share,Biology Journals,-0.0035361220864070057,0.034482758620689655,0.034482758620689655,-0.1116
biology_share,Biology Journals,-0.005936821582551132,0.0,0.0,0.1771428571428571
biology_share,Biology Journals,0.006757465751916194,0.12,0.12,-0.02818181818181814
biology_share,Biology Journals,0.0038833786633647727,0.13372093023255813,0.13372093023255813,-0.08611111111111111
biology_share,Biology Journals,0.0034568064877969814,1.0,1.0,0.0723333333333333
biology_share,Biology Journals,-0.0042888628269629634,0.045454545454545456,0.045454545454545456,0.27678571428571425
biology_share,Biology Journals,0.0018174714314002226,0.07228915662650602,0.07228915662650602,0.31
biology_share,Biology Journals,-0.0035910928372853935,0.0,0.0,-0.186
biology_share,Biology Journals,-0.003675624541224153,0.0,0.0,0.31
biology_share,Biology Journals,0.00695001470750372,0.1282051282051282,0.1282051282051282,0.19727272727272732
biology_share,Biology Journals,0.004040602758786634,0.1774891774891775,0.1774891774891775,0.2066666666666666
biology_share,Biology Journals,0.0030115776225246613,1.0,1.0,0.2066666666666666
biology_share,Biology Journals,-0.0055236451117804276,0.025157232704402517,0.025157232704402517,0.09893617021276596
biology_share,Biology Journals,0.004436217082352447,0.23076923076923078,0.23076923076923078,-0.10333333333333333
biology_share,Biology Journals,-0.00600614662041307,0.049586776859504134,0.049586776859504134,0.11071428571428571
biology_share,Biology Journals,-0.004599725974940502,0.0,0.0,-0.1217857142857143
biology_share,Biology Journals,0.00534104732746617,0.1164021164021164,0.1164021164021164,0.31
biology_share,Biology Journals,0.004455686578178257,0.14397905759162305,0.14397905759162305,-0.0738095238095238
biology_share,Biology Journals,-0.0005182368658170341,1.0,1.0,0.07153846153846155
biology_share,Biology Journals,-0.00044237966310899904,0.08,0.08,0.16692307692307695
biology_share,Biology Journals,-0.0017178513784124364,0.023529411764705882,0.023529411764705882,-0.02384615384615385
biology_share,Biology Journals,-0.00600614662041307,0.05084745762711865,0.05084745762711865,0.13285714285714284
biology_share,Biology Journals,-0.004555244268138981,0.0,0.0,-0.04428571428571432
biology_share,Biology Journals,-0.0010738904500164992,0.10784313725490197,0.10784313725490197,0.0476923076923077
biology_share,Biology Journals,0.0015399457806681875,0.19230769230769232,0.19230769230769232,-0.1409090909090909
biology_share,Biology Journals,0.005987025606220774,0.15894039735099338,0.15894039735099338,-0.26407407407407407
biology_share,Biology Journals,0.006553646748085742,0.13076923076923078,0.13076923076923078,-0.25363636363636366
biology_share,Biology Journals,0.00046999624252662414,0.08163265306122448,0.08163265306122448,-0.22142857142857142
biology_share,Biology Journals,-0.004640120643669216,0.06878306878306878,0.06878306878306878,-0.21035714285714285
biology_share,Biology Journals,0.0027780118067730853,1.0,1.0,-0.13777777777777778
biology_share,Biology Journals,-0.0055350574932107295,0.0,0.0,0.07255319148936168
biology_share,Biology Journals,-0.001873717283661664,0.03278688524590164,0.03278688524590164,-0.2623076923076923
biology_share,Biology Journals,-0.004325641496412457,0.0,0.0,0.23249999999999998
biology_share,Biology Journals,-0.004870330244052277,0.0,0.0,0.19
biology_share,Biology Journals,-0.0014339317860727837,0.0851063829787234,0.0851063829787234,0.31
biology_share,Biology Journals,-0.0007189439906607439,0.10416666666666667,0.10416666666666667,-0.2623076923076923
biology_share,Biology Journals,2.6870747952565623e-06,0.07228915662650602,0.07228915662650602,-0.010689655172413826
biology_share,Biology Journals,-0.002756571587307364,0.038461538461538464,0.038461538461538464,0.17222222222222222
biology_share,Biology Journals,-0.004671824173737768,0.0,0.0,-0.25464285714285717
biology_share,Biology Journals,0.003534944584107204,0.5161290322580645,0.5161290322580645,0.186
biology_share,Biology Journals,0.003350194319555491,1.0,1.0,-0.07233333333333333
biology_share,Biology Journals,-0.005629673975561488,0.0,0.0,-0.04617021276595745
biology_share,Biology Journals,0.004136426739490294,0.8333333333333334,0.8333333333333334,0.29277777777777775
biology_share,Biology Journals,-0.005181197876141588,0.0,0.0,-0.19
biology_share,Biology Journals,0.005918765161031436,0.18518518518518517,0.18518518518518517,-0.31
biology_share,Biology Journals,0.002451550971789225,0.5588235294117647,0.5588235294117647,0.15499999999999997
biology_share,Biology Journals,0.0034328126098635706,0.5,0.5,0.030999999999999972
biology_share,Biology Journals,0.003424229553393013,0.5217391304347826,0.5217391304347826,0.010333333333333361
biology_share,Biology Journals,-0.0071740274125347515,0.0,0.0,-0.04428571428571432
biology_share,Biology Journals,0.0040829369678915236,0.3076923076923077,0.3076923076923077,0.2411111111111111
biology_share,Biology Journals,0.004517160514825728,1.0,1.0,-0.014761904761904754
biology_share,Biology Journals,-0.005849106478786387,0.0,0.0,-0.31
biology_share,Biology Journals,0.0048749112721853645,0.4444444444444444,0.4444444444444444,-0.25608695652173913
biology_share,Biology Journals,-0.006504644034571663,0.0,0.0,0.15499999999999997
biology_share,Biology Journals,0.0033996880420873008,0.6666666666666666,0.6666666666666666,-0.010333333333333361
biology_share,Biology Journals,-0.006504644034571663,0.0,0.0,0.13285714285714284
biology_share,Biology Journals,0.004089960289239458,0.2671232876712329,0.2671232876712329,0.25833333333333336
biology_share,Biology Journals,0.002074913373819045,1.0,1.0,-0.23249999999999998
biology_share,Biology Journals,-0.002754810589347255,0.023809523809523808,0.023809523809523808,0.2066666666666666
biology_share,Biology Journals,0.00372628474685204,0.4782608695652174,0.4782608695652174,-0.2583333333333333
biology_share,Biology Journals,-0.001579932543141963,0.1,0.1,0.11923076923076925
biology_share,Biology Journals,-0.004029718084684163,0.0,0.0,-0.11272727272727273
biology_share,Biology Journals,8.407898443902356e-05,0.09803921568627451,0.09803921568627451,0.11758620689655169
biology_share,Biology Journals,0.00575290047159819,0.17253521126760563,0.17253521126760563,0.07750000000000001
biology_share,Biology Journals,0.002852223392690806,1.0,1.0,-0.08611111111111111
biology_share,Biology Journals,-0.004159677444674344,0.036585365853658534,0.036585365853658534,-0.2818181818181818
biology_share,Biology Journals,0.0033858280662803627,0.29411764705882354,0.29411764705882354,-0.030999999999999972
biology_share,Biology Journals,-0.007301076704428185,0.0,0.0,-0.22142857142857142
biology_share,Biology Journals,-0.004599725974940502,0.0,0.0,-0.11071428571428574
biology_share,Biology Journals,0.0010352119977196717,0.07352941176470588,0.07352941176470588,-0.08857142857142858
biology_share,Biology Journals,0.003966049921649245,0.15048543689320387,0.15048543689320387,0.051666666666666694
biology_share,Biology Journals,0.002064120889990714,1.0,1.0,-0.31
biology_share,Biology Journals,-0.005536383298091871,0.0,0.0,0.059361702127659566
biology_share,Biology Journals,0.0006564075617514781,0.08333333333333333,0.08333333333333333,0.04428571428571426
biology_share,Biology Journals,-0.000920839695779825,0.07692307692307693,0.07692307692307693,0.23846153846153845
biology_share,Biology Journals,-0.004870330244052277,0.0,0.0,0.21000000000000002
biology_share,Biology Journals,0.005259086681004889,0.18181818181818182,0.18181818181818182,0.17521739130434782
biology_share,Biology Journals,-0.0018555407121091042,0.07017543859649122,0.07017543859649122,-0.2146153846153846
biology_share,Biology Journals,0.005274455416133636,1.0,1.0,0.2291304347826087
biology_share,Biology Journals,-0.005088746618903231,0.0,0.0,-0.13
biology_share,Biology Journals,-0.006625878366203866,0.0,0.0,0.02214285714285713
biology_share,Biology Journals,0.007897077442682334,0.13333333333333333,0.13333333333333333,0.0
biology_share,Biology Journals,-0.004637686084586156,0.0,0.0,-0.18821428571428572
biology_share,Biology Journals,0.011044849637495942,0.13333333333333333,0.13333333333333333,-0.31
biology_share,Biology Journals,0.005134503969169164,0.23684210526315788,0.23684210526315788,-0.013478260869565217
biology_share,Biology Journals,0.002285584508981314,1.0,1.0,0.0
biology_share,Biology Journals,-0.004546158896545173,0.02531645569620253,0.02531645569620253,-0.011071428571428565
biology_share,Biology Journals,0.0032601373104746353,0.4051724137931034,0.4051724137931034,-0.16533333333333333
biology_share,Biology Journals,-0.0011995309567836771,0.03048780487804878,0.03048780487804878,-0.07153846153846152
biology_share,Biology Journals,-0.003322060696141205,0.0,0.0,0.11159999999999998
biology_share,Biology Journals,0.00832525970151584,0.13714285714285715,0.13714285714285715,-0.04428571428571432
biology_share,Biology Journals,0.006312574143194097,0.19913419913419914,0.19913419913419914,0.08037037037037037
biology_share,Biology Journals,-0.00030041646844307547,1.0,1.0,0.31
biology_share,Biology Journals,-0.002482196287640931,0.05263157894736842,0.05263157894736842,-0.2735294117647059
biology_share,Biology Journals,0.0021163091119554152,0.17073170731707318,0.17073170731707318,-0.20666666666666667
biology_share,Biology Journals,-0.0012210696821184869,0.03225806451612903,0.03225806451612903,-0.11923076923076922
biology_share,Biology Journals,-0.003617406147439714,0.0,0.0,-0.2852
biology_share,Biology Journals,0.005228781890997918,0.11538461538461539,0.11538461538461539,0.04043478260869565
biology_share,Biology Journals,0.0060277808376359284,0.21568627450980393,0.21568627450980393,-0.1262962962962963
biology_share,Biology Journals,0.007494653980437804,0.20689655172413793,0.20689655172413793,0.10333333333333333
biology_share,Biology Journals,0.006216575755603953,0.11764705882352941,0.11764705882352941,-0.034444444444444444
biology_share,Biology Journals,0.00011822053948382128,0.09090909090909091,0.09090909090909091,0.18172413793103448
biology_share,Biology Journals,0.004732193739625515,0.17475728155339806,0.17475728155339806,0.22142857142857147
biology_share,Biology Journals,0.00243568773099186,1.0,1.0,0.12916666666666665
biology_share,Biology Journals,-0.00385601878464656,0.0,0.0,0.0
biology_share,Biology Journals,-0.0012789160717259084,0.045454545454545456,0.045454545454545456,-0.2623076923076923
biology_share,Biology Journals,0.004971194787473425,0.16666666666666666,0.16666666666666666,-0.09434782608695652
biology_share,Biology Journals,0.0039876002638111726,0.15714285714285714,0.15714285714285714,0.10333333333333333
biology_share,Biology Journals,0.005516037951263547,0.2692307692307692,0.2692307692307692,-0.23249999999999998
biology_share,Biology Journals,-0.0038342173798006206,0.0,0.0,0.056363636363636394
biology_share,Biology Journals,0.002875740047766084,0.5340909090909091,0.5340909090909091,-0.017222222222222194
biology_share,Biology Journals,0.0026824067267438127,1.0,1.0,-0.2238888888888889
biology_share,Biology Journals,-0.0040700681072362264,0.0,0.0,-0.19727272727272727
biology_share,Biology Journals,0.003510567579113632,0.9487179487179487,0.9487179487179487,0.15499999999999997
biology_share,Biology Journals,0.006203060661532456,0.21428571428571427,0.21428571428571427,-0.05740740740740741
biology_share,Biology Journals,0.0023949294348907745,0.5416666666666666,0.5416666666666666,0.07750000000000001
biology_share,Biology Journals,0.003705132436046037,0.5384615384615384,0.5384615384615384,-0.27555555555555555
biology_share,Biology Journals,0.003064136260300597,0.5,0.5,0.25833333333333336
biology_share,Biology Journals,0.0034492562958359212,0.2857142857142857,0.2857142857142857,0.062
biology_share,Biology Journals,0.0035896276151082427,1.0,1.0,0.24800000000000005
biology_share,Biology Journals,-0.0040316630243096,0.0,0.0,-0.1409090909090909
biology_share,Biology Journals,0.0039233148097763985,0.5,0.5,-0.034444444444444444
biology_share,Biology Journals,-0.0035259561518042586,0.0,0.0,-0.08680000000000002
biology_share,Biology Journals,0.0032542628017567053,0.4,0.4,-0.17566666666666667
biology_share,Biology Journals,0.0049872962443899315,0.26570048309178745,0.26570048309178745,-0.06739130434782609
biology_share,Biology Journals,0.0015641094648915473,1.0,1.0,-0.08454545454545453
biology_share,Biology Journals,-0.003269072354601836,0.03278688524590164,0.03278688524590164,0.13639999999999997
biology_share,Biology Journals,0.00280740849374924,0.5454545454545454,0.5454545454545454,-0.12055555555555555
biology_share,Biology Journals,-0.00567007768655338,0.012987012987012988,0.012987012987012988,-0.08574468085106385
biology_share,Biology Journals,-0.0034810698798469395,0.0,0.0,-0.012400000000000022
biology_share,Biology Journals,0.007709531557974551,0.12745098039215685,0.12745098039215685,-0.155
biology_share,Biology Journals,0.005310388748197181,0.22564102564102564,0.22564102564102564,0.25608695652173913
biology_share,Biology Journals,0.0037959651970593178,1.0,1.0,-0.18944444444444444
biology_share,Biology Journals,-0.004112445706440282,0.0,0.0,-0.22545454545454546
biology_share,Biology Journals,0.0030096589612176898,0.3103448275862069,0.3103448275862069,0.18944444444444447
biology_share,Biology Journals,-0.004564613419728139,0.03225806451612903,0.03225806451612903,-0.05535714285714288
biology_share,Biology Journals,-0.0029223447733576326,0.0,0.0,-0.06888888888888889
biology_share,Biology Journals,0.0049873027152730525,0.16363636363636364,0.16363636363636364,-0.04043478260869565
biology_share,Biology Journals,0.0008050370818176475,0.1111111111111111,0.1111111111111111,0.1771428571428571
biology_share,Biology Journals,-0.0005201706523320846,1.0,1.0,0.02384615384615385
biology_share,Biology Journals,-0.003994841197488375,0.0,0.0,-0.05636363636363634
biology_share,Biology Journals,0.0008547663295333579,0.1111111111111111,0.1111111111111111,0.31
biology_share,Biology Journals,-0.001939197403341518,0.09090909090909091,0.09090909090909091,-0.31
biology_share,Biology Journals,-0.0029223447733576326,0.0,0.0,-0.034444444444444444
biology_share,Biology Journals,0.008839598820112654,0.14285714285714285,0.14285714285714285,0.31
biology_share,Biology Journals,-0.000378340968602112,0.08333333333333333,0.08333333333333333,0.2146153846153846
biology_share,Biology Journals,-0.0066846124243069875,0.0,0.0,-0.13285714285714287
biology_share,Biology Journals,-0.004502173155490325,0.0,0.0,0.02214285714285713
biology_share,Biology Journals,-0.0023231127288101385,0.0,0.0,-0.054705882352941215
biology_share,Biology Journals,0.0038840761808679298,1.0,1.0,-0.06888888888888889
biology_share,Biology Journals,-0.006683327375884204,0.02054794520547945,0.02054794520547945,-0.11071428571428574
biology_share,Biology Journals,0.0039397837474366695,0.19130434782608696,0.19130434782608696,0.0
biology_share,Biology Journals,-0.0071079390939422565,0.036170212765957444,0.036170212765957444,0.04428571428571426
biology_share,Biology Journals,-0.0016656601860792451,0.0,0.0,0.02384615384615385
biology_share,Biology Journals,0.0014096037225572746,0.10990502035278155,0.10990502035278155,0.31
biology_share,Biology Journals,0.006676072098351723,0.13869625520110956,0.13869625520110956,-0.08454545454545453
biology_share,Biology Journals,0.001636374785968389,1.0,1.0,0.028181818181818197
biology_share,Biology Journals,0.0008331805899905257,0.07894736842105263,0.07894736842105263,0.22142857142857136
biology_share,Biology Journals,-0.004776895808769564,0.05389221556886228,0.05389221556886228,0.26999999999999996
biology_share,Biology Journals,-0.0023773913339909278,0.0378619153674833,0.0378619153674833,-0.20058823529411765
biology_share,Biology Journals,-0.0033408099971478913,0.0,0.0,0.08679999999999999
biology_share,Biology Journals,6.848993419706045e-05,0.10626702997275204,0.10626702997275204,0.07482758620689656
biology_share,Biology Journals,0.005974336709497657,0.19658119658119658,0.19658119658119658,-0.28703703703703703
biology_share,Biology Journals,-0.0009495173157259423,1.0,1.0,0.19076923076923075
biology_share,Biology Journals,-0.0021418228265875595,0.06666666666666667,0.06666666666666667,0.20058823529411757
biology_share,Biology Journals,0.0007680566944639199,0.0967741935483871,0.0967741935483871,0.13285714285714284
biology_share,Biology Journals,-0.0037787971192866747,0.04040404040404041,0.04040404040404041,0.19727272727272732
biology_share,Biology Journals,-0.0034548847392507406,0.0,0.0,0.03720000000000001
biology_share,Biology Journals,-0.0011615867538010568,0.1111111111111111,0.1111111111111111,-0.0476923076923077
biology_share,Biology Journals,0.0065219355996431,0.15364583333333334,0.15364583333333334,-0.31
biology_share,Biology Journals,-0.0008691439980688183,1.0,1.0,0.31
biology_share,Biology Journals,-0.0006569891632330635,0.0851063829787234,0.0851063829787234,-0.16692307692307692
biology_share,Biology Journals,0.00521767814804614,0.11764705882352941,0.11764705882352941,0.013478260869565217
biology_share,Biology Journals,-0.0037250246314454757,0.013888888888888888,0.013888888888888888,0.2536363636363637
biology_share,Biology Journals,-0.004555244268138981,0.0,0.0,-0.03321428571428575
biology_share,Biology Journals,-0.0012399594387530583,0.09375,0.09375,-0.16692307692307692
biology_share,Biology Journals,0.006468236233327906,0.1167192429022082,0.1167192429022082,0.28703703703703703
biology_share,Biology Journals,-0.000664027855368981,1.0,1.0,-0.2146153846153846
biology_share,Biology Journals,-0.00473529514754936,0.058823529411764705,0.058823529411764705,-0.29892857142857143
biology_share,Biology Journals,-0.0016547790454360897,0.044444444444444446,0.044444444444444446,0.07153846153846155
biology_share,Biology Journals,-0.0061686713597258955,0.05825242718446602,0.05825242718446602,-0.022142857142857186
biology_share,Biology Journals,-0.004490509297611793,0.0,0.0,0.04428571428571426
biology_share,Biology Journals,-0.00104624165796697,0.10526315789473684,0.10526315789473684,0.0953846153846154
biology_share,Biology Journals,0.00054327267598699,0.08974358974358974,0.08974358974358974,-0.04428571428571432
biology_share,Biology Journals,0.00304518044887446,1.0,1.0,0.2411111111111111
biology_share,Biology Journals,0.006478278552658043,0.11764705882352941,0.11764705882352941,0.31
biology_share,Biology Journals,-0.0034947805311050855,0.030864197530864196,0.030864197530864196,-0.062
biology_share,Biology Journals,-0.0022707560123290784,0.04854368932038835,0.04854368932038835,0.018235294117647072
biology_share,Biology Journals,-0.0040700196827636575,0.0,0.0,-0.16909090909090907
biology_share,Biology Journals,0.002767193403637452,0.11494252873563218,0.11494252873563218,-0.155
biology_share,Biology Journals,-0.0032481755095974015,0.07046070460704607,0.07046070460704607,0.186
biology_share,Biology Journals,0.0024565873035614434,1.0,1.0,0.18083333333333335
biology_share,Biology Journals,-0.0022281372869094387,0.0,0.0,0.1276470588235294
biology_share,Biology Journals,-0.005870337344226962,0.01680672268907563,0.01680672268907563,0.31
biology_share,Biology Journals,-0.004953337072303577,0.0,0.0,-0.010000000000000009
biology_share,Biology Journals,-0.004307984623473844,0.0,0.0,0.2435714285714285
biology_share,Biology Journals,-0.00023807860588702842,0.08241758241758242,0.08241758241758242,-0.2886206896551724
biology_share,Biology Journals,0.0063848391170214375,0.12101910828025478,0.12101910828025478,0.1262962962962963
biology_share,Biology Journals,0.0021419264526690547,1.0,1.0,-0.18083333333333335
biology_share,Biology Journals,-0.005758789469218866,0.0,0.0,-0.20446808510638298
biology_share,Biology Journals,-0.0017773113340130771,0.04878048780487805,0.04878048780487805,-0.16692307692307692
biology_share,Biology Journals,-0.006703867901940056,0.0,0.0,-0.22142857142857142
biology_share,Biology Journals,0.0044259115519849485,0.17391304347826086,0.17391304347826086,-0.16238095238095238
biology_share,Biology Journals,0.001035798997409739,0.11330049261083744,0.11330049261083744,-0.04428571428571432
biology_share,Biology Journals,0.0060440359841929655,1.0,1.0,-0.10333333333333333
biology_share,Biology Journals,-0.005387880706236366,0.0,0.0,0.28361702127659577
biology_share,Biology Journals,-0.0024833819420768226,0.015151515151515152,0.015151515151515152,-0.31
biology_share,Biology Journals,-0.006389074946770031,0.0,0.0,-0.31
biology_share,Biology Journals,-0.004668971676890468,0.0,0.0,-0.23249999999999998
biology_share,Biology Journals,-0.0014750913398120106,0.08333333333333333,0.08333333333333333,0.2623076923076923
biology_share,Biology Journals,-0.006915454038852197,0.03365384615384615,0.03365384615384615,-0.31
biology_share,Biology Journals,0.005777840351367131,1.0,1.0,0.23249999999999998
biology_share,Biology Journals,-0.005155145373007554,0.0,0.0,-0.16999999999999998
biology_share,Biology Journals,-0.005419042508894934,0.013513513513513514,0.013513513513513514,0.25723404255319143
biology_share,Biology Journals,-0.006509147890545912,0.0,0.0,0.11071428571428571
biology_share,Biology Journals,-0.0043772303254238105,0.0,0.0,0.1771428571428571
biology_share,Biology Journals,-0.004731232089365019,0.05263157894736842,0.05263157894736842,-0.28785714285714287
biology_share,Biology Journals,-0.0067004062094617395,0.01764705882352941,0.01764705882352941,-0.17714285714285716
biology_share,Biology Journals,0.007510499652334441,1.0,1.0,0.2066666666666666
biology_share,Biology Journals,-0.004891929406348588,0.0,0.0,0.15000000000000002
biology_share,Biology Journals,-0.004765540134651679,0.0,0.0,0.29
biology_share,Biology Journals,-0.004591877722915455,0.0,0.0,-0.09964285714285714
biology_share,Biology Journals,-0.004760404064384514,0.02,0.02,0.31
biology_share,Biology Journals,0.004023997442423927,0.3944723618090452,0.3944723618090452,0.17222222222222222
biology_share,Biology Journals,0.004077647274895546,1.0,1.0,0.22388888888888886
biology_share,Biology Journals,-0.005481171383705983,0.0,0.0,0.1385106382978723
biology_share,Biology Journals,0.004863879694830351,0.7828947368421053,0.7828947368421053,-0.28304347826086956
biology_share,Biology Journals,-0.008232791078708144,0.0,0.0,0.31
biology_share,Biology Journals,0.005467284248379446,0.20952380952380953,0.20952380952380953,-0.31
biology_share,Biology Journals,0.0035415305824206553,0.4788732394366197,0.4788732394366197,0.2066666666666666
biology_share,Biology Journals,0.002919416336396101,1.0,1.0,0.051666666666666694
biology_share,Biology Journals,-0.006017435511971881,0.0,0.0,0.08857142857142852
biology_share,Biology Journals,0.003457352457512408,0.9166666666666666,0.9166666666666666,0.08266666666666667
biology_share,Biology Journals,-0.005660782682447137,0.03333333333333333,0.03333333333333333,-0.059361702127659566
biology_share,Biology Journals,0.0028619536595623114,0.41414141414141414,0.41414141414141414,-0.051666666666666694
biology_share,Biology Journals,0.003144858601208994,1.0,1.0,-0.248
biology_share,Biology Journals,-0.002744423750012857,0.0,0.0,0.2411111111111111
biology_share,Biology Journals,0.0036627822624899953,0.8717948717948718,0.8717948717948718,0.2996666666666667
biology_share,Biology Journals,-0.004571950336817954,0.0,0.0,-0.08857142857142858
biology_share,Biology Journals,0.006418040109845856,0.24,0.24,0.21814814814814815
biology_share,Biology Journals,0.0035089595852447223,0.32608695652173914,0.32608695652173914,0.14466666666666667
biology_share,Biology Journals,0.0029911385785283983,1.0,1.0,0.13777777777777778
biology_share,Biology Journals,-0.004670992365738986,0.0,0.0,-0.24357142857142858
biology_share,Biology Journals,0.0036550935475402023,0.53125,0.53125,0.2893333333333333
biology_share,Biology Journals,-0.006496239569348201,0.0,0.0,0.22142857142857136
biology_share,Biology Journals,0.0028600534970228894,0.3225806451612903,0.3225806451612903,-0.06888888888888889
biology_share,Biology Journals,0.004409105924977732,0.27692307692307694,0.27692307692307694,-0.1919047619047619
biology_share,Biology Journals,0.0032847443401084683,1.0,1.0,-0.14466666666666667
biology_share,Biology Journals,-0.005745743910390272,0.0,0.0,-0.16489361702127658
biology_share,Biology Journals,0.003969093196822045,0.6190476190476191,0.6190476190476191,0.06888888888888889
biology_share,Biology Journals,-0.0063716023909534064,0.0,0.0,-0.28785714285714287
biology_share,Biology Journals,0.006566508905215889,0.2631578947368421,0.2631578947368421,-0.19727272727272727
biology_share,Biology Journals,0.003483548230334779,0.14606741573033707,0.14606741573033707,0.124
biology_share,Biology Journals,0.0034702333894624736,1.0,1.0,0.09300000000000003
biology_share,Biology Journals,-0.005405697817290629,0.0,0.0,0.27042553191489366
biology_share,Biology Journals,0.0026746484970069915,0.19298245614035087,0.19298245614035087,-0.2411111111111111
biology_share,Biology Journals,-0.005829650634839474,0.0,0.0,-0.2836170212765957
biology_share,Biology Journals,-0.005458084789859817,0.016129032258064516,0.016129032258064516,0.2176595744680851
biology_share,Biology Journals,0.003110258386287734,0.35,0.35,0.31
biology_share,Biology Journals,0.0038810751607216997,1.0,1.0,-0.10333333333333333
biology_share,Biology Journals,-0.004020882766502898,0.0,0.0,-0.08454545454545453
biology_share,Biology Journals,0.003539363784989676,0.5384615384615384,0.5384615384615384,0.1963333333333333
biology_share,Biology Journals,-0.004640398096814537,0.0,0.0,-0.22142857142857142
biology_share,Biology Journals,-0.0013782212387097635,0.09523809523809523,0.09523809523809523,-0.31
biology_share,Biology Journals,0.0035868232767178746,1.0,1.0,0.23766666666666664
biology_share,Biology Journals,-0.005014860303876174,0.0,0.0,-0.07
biology_share,Biology Journals,-0.001101735912003242,0.07692307692307693,0.07692307692307693,0.02384615384615385
biology_share,Biology Journals,-0.005903133192890261,0.0,0.0,0.28785714285714287
biology_share,Biology Journals,-0.0036131232766056227,0.045454545454545456,0.045454545454545456,-0.2604
biology_share,Biology Journals,-0.003603446645417356,0.0,0.0,-0.2356
biology_share,Biology Journals,-0.006225690937997947,0.0,0.0,-0.04428571428571432
biology_share,Biology Journals,-0.005461821790801696,0.05263157894736842,0.05263157894736842,0.1780851063829787
biology_share,Biology Journals,0.008017111650687001,0.11538461538461539,0.11538461538461539,0.15499999999999997
biology_share,Biology Journals,0.004690452852826143,1.0,1.0,0.1328571428571429
biology_share,Biology Journals,-0.005926781233502437,0.0,0.0,0.2435714285714285
biology_share,Biology Journals,0.0082685363832665,0.17647058823529413,0.17647058823529413,-0.13285714285714287
biology_share,Biology Journals,-0.006582318789287713,0.0,0.0,0.06642857142857139
biology_share,Biology Journals,-0.00016892442972216075,0.09395017793594305,0.09395017793594305,-0.24586206896551724
biology_share,Biology Journals,-0.00797656483399247,0.05747126436781609,0.05747126436781609,-0.186
biology_share,Biology Journals,0.007416752384807815,1.0,1.0,0.0
biology_share,Biology Journals,-0.005747106018170866,0.023121387283236993,0.023121387283236993,-0.17808510638297873
biology_share,Biology Journals,-0.007321602330917771,0.0,0.0,-0.31
biology_share,Biology Journals,-0.006037132537538975,0.061224489795918366,0.061224489795918366,0.04428571428571426
biology_share,Biology Journals,-0.006438375988770184,0.0,0.0,0.31
biology_share,Biology Journals,-0.007005576896725731,0.06338028169014084,0.06338028169014084,0.31
biology_share,Biology Journals,0.00032810290666860384,0.07633587786259542,0.07633587786259542,-0.31
biology_share,Biology Journals,-0.00663053168478133,0.037037037037037035,0.037037037037037035,0.0
biology_share,Biology Journals,-0.00033223944209620206,0.10869565217391304,0.10869565217391304,0.2623076923076923
biology_share,Biology Journals,-0.005774097114375995,0.0,0.0,-0.2176595744680851
biology_share,Biology Journals,-0.006480145610261081,0.0625,0.0625,0.2435714285714285
biology_share,Biology Journals,-0.0011458677562423622,0.09090909090909091,0.09090909090909091,-0.02384615384615385
biology_share,Biology Journals,-0.003956569287828872,0.0707070707070707,0.0707070707070707,-0.02818181818181814
biology_share,Biology Journals,-0.007091634449375497,0.04739336492890995,0.04739336492890995,0.22142857142857136
biology_share,Biology Journals,0.00865003853917406,0.12211221122112212,0.12211221122112212,0.22142857142857136
biology_share,Biology Journals,0.0071080909928565375,1.0,1.0,-0.31
biology_share,Biology Journals,-0.00546204088730776,0.020833333333333332,0.020833333333333332,0.16489361702127658
biology_share,Biology Journals,-0.0047387149577193454,0.05,0.05,-0.31
biology_share,Biology Journals,-0.0072874860265431,0.0,0.0,-0.13285714285714287
biology_share,Biology Journals,-0.006300554742286721,0.0,0.0,-0.13285714285714287
biology_share,Biology Journals,0.00298319875999942,0.14678899082568808,0.14678899082568808,0.12055555555555558
biology_share,Biology Journals,0.003429461673639313,0.1504424778761062,0.1504424778761062,0.020666666666666667
biology_share,Biology Journals,-0.0012610185514391142,0.10569105691056911,0.10569105691056911,-0.2146153846153846
biology_share,Biology Journals,0.008235496350230381,0.14583333333333334,0.14583333333333334,-0.22142857142857142
biology_share,Biology Journals,-0.0059161797983935975,0.0,0.0,0.2657142857142856
biology_share,Biology Journals,-0.006084983907177072,0.058823529411764705,0.058823529411764705,0.02214285714285713
biology_share,Biology Journals,0.00802710743689346,0.16666666666666666,0.16666666666666666,0.23249999999999998
biology_share,Biology Journals,5.383550397491006e-06,0.07207207207207207,0.07207207207207207,0.01068965517241377
biology_share,Biology Journals,0.005238636645258195,0.17647058823529413,0.17647058823529413,0.09434782608695652
biology_share,Biology Journals,-0.00010862530146340155,0.1032258064516129,0.1032258064516129,-0.22448275862068967
biology_share,Biology Journals,0.005246581884818756,1.0,1.0,0.1482608695652174
biology_share,Biology Journals,-0.004493026590749348,0.016666666666666666,0.016666666666666666,0.033214285714285696
biology_share,Biology Journals,-0.0010710225107891738,0.08333333333333333,0.08333333333333333,0.07153846153846155
biology_share,Biology Journals,-0.0012880928372581669,0.07692307692307693,0.07692307692307693,-0.28615384615384615
biology_share,Biology Journals,-0.006650054912090229,0.0,0.0,-0.04428571428571432
biology_share,Biology Journals,-0.0008736260420012733,0.07874015748031496,0.07874015748031496,0.2623076923076923
biology_share,Biology Journals,0.003137264142891361,0.14754098360655737,0.14754098360655737,-0.26866666666666666
biology_share,Biology Journals,-0.005667485836006351,0.010869565217391304,0.010869565217391304,-0.0725531914893617
biology_share,Biology Journals,0.0086569301815827,0.12,0.12,0.31
biology_share,Biology Journals,-0.005786370556119883,0.0,0.0,-0.24404255319148938
biology_share,Biology Journals,0.006309886409087791,0.14583333333333334,0.14583333333333334,0.05740740740740741
biology_share,Biology Journals,-0.0007918739265604477,0.0880503144654088,0.0880503144654088,-0.31
biology_share,Biology Journals,-0.0012288400108319344,0.09195402298850575,0.09195402298850575,-0.14307692307692307
biology_share,Biology Journals,0.0067699246704747765,0.1875,0.1875,0.08454545454545453
biology_share,Biology Journals,2.2497058487460106e-05,0.11345646437994723,0.11345646437994723,0.032068965517241366
biology_share,Biology Journals,0.004582111154287177,1.0,1.0,0.014761904761904754
biology_share,Biology Journals,0.000651092614656724,0.016,0.016,0.0
biology_share,Biology Journals,0.008194297269560587,0.14285714285714285,0.14285714285714285,-0.31
biology_share,Biology Journals,-0.005460197177131927,0.01904761904761905,0.01904761904761905,0.19127659574468087
biology_share,Biology Journals,-0.0011382764074244632,0.08661417322834646,0.08661417322834646,0.0
biology_share,Biology Journals,0.011325733940019487,0.11721611721611722,0.11721611721611722,0.0
biology_share,Biology Journals,0.004294709475342243,0.11475409836065574,0.11475409836065574,-0.2804761904761905
biology_share,Biology Journals,-0.00222317226766001,0.09375,0.09375,0.16411764705882353
biology_share,Biology Journals,-0.005679668709288166,0.0,0.0,-0.12531914893617022
biology_share,Biology Journals,-0.006600467300863239,0.1059322033898305,0.1059322033898305,0.04428571428571426
biology_share,Biology Journals,0.0031468116755950146,0.14782608695652175,0.14782608695652175,-0.23766666666666666
biology_share,Biology Journals,-0.0035880680579060023,0.037037037037037035,0.037037037037037035,-0.1612
biology_share,Biology Journals,0.007726717658958497,1.0,1.0,-0.07750000000000001
biology_share,Biology Journals,-0.006664187801364672,0.019572953736654804,0.019572953736654804,-0.06642857142857145
biology_share,Biology Journals,-0.004398930307266643,0.043478260869565216,0.043478260869565216,0.15499999999999997
biology_share,Biology Journals,-0.0023773913339909278,0.03802281368821293,0.03802281368821293,-0.12764705882352942
biology_share,Biology Journals,-0.0064549659488253985,0.0,0.0,0.28785714285714287
biology_share,Biology Journals,-0.00019867522324062387,0.09108910891089109,0.09108910891089109,-0.2672413793103448
biology_share,Biology Journals,0.009884058081755612,0.12285714285714286,0.12285714285714286,-0.31
biology_share,Biology Journals,0.006954680858473775,1.0,1.0,0.2536363636363637
biology_share,Biology Journals,0.0013220113909535262,0.0718954248366013,0.0718954248366013,0.22142857142857136
biology_share,Biology Journals,-0.006477595458660581,0.0,0.0,0.2657142857142856
biology_share,Biology Journals,-0.0023773913339909278,0.0398406374501992,0.0398406374501992,-0.16411764705882353
biology_share,Biology Journals,-0.006237878973784421,0.0,0.0,-0.11071428571428574
biology_share,Biology Journals,6.848993419706045e-05,0.09090909090909091,0.09090909090909091,0.0962068965517241
biology_share,Biology Journals,0.01095927217235209,0.125,0.125,0.31
biology_share,Biology Journals,0.011531351159755399,0.13875598086124402,0.13875598086124402,0.31
biology_share,Biology Journals,-3.463222190030139e-05,0.08783783783783784,0.08783783783783784,-0.11758620689655172
biology_share,Biology Journals,0.008372726842158203,0.13286713286713286,0.13286713286713286,0.04428571428571426
biology_share,Biology Journals,-0.008675499733259196,0.06326034063260341,0.06326034063260341,-0.31
biology_share,Biology Journals,0.005994293373983179,1.0,1.0,-0.19518518518518518
biology_share,Biology Journals,-0.0022281372869094387,0.0,0.0,0.09117647058823525
biology_share,Biology Journals,-0.0010023829550529775,0.08333333333333333,0.08333333333333333,0.16692307692307695
biology_share,Biology Journals,-0.00615633961354122,0.0,0.0,0.0
biology_share,Biology Journals,-0.006689108578810382,0.0,0.0,-0.155
biology_share,Biology Journals,-0.00852578007640752,0.05673758865248227,0.05673758865248227,0.10333333333333333
biology_share,Biology Journals,-0.0032575063347687464,0.07894736842105263,0.07894736842105263,0.1612
biology_share,Biology Journals,-0.0012084417401929549,0.11403508771929824,0.11403508771929824,-0.09538461538461537
biology_share,Biology Journals,-0.004637036704443789,0.04132231404958678,0.04132231404958678,-0.17714285714285716
biology_share,Biology Journals,-0.00489840569708613,0.02,0.02,0.10999999999999999
biology_share,Biology Journals,0.010839750002014042,0.11920529801324503,0.11920529801324503,-0.31
biology_share,Biology Journals,0.00639751798259198,1.0,1.0,0.17222222222222222
biology_share,Biology Journals,-0.005190427154500321,0.0,0.0,-0.25
biology_share,Biology Journals,0.006424864921356509,0.6666666666666666,0.6666666666666666,0.2411111111111111
biology_share,Biology Journals,-0.006351675004855906,0.0,0.0,-0.22142857142857142
biology_share,Biology Journals,0.0072219508048033685,0.19696969696969696,0.19696969696969696,-0.10333333333333333
biology_share,Biology Journals,-0.0021399861437824516,0.07317073170731707,0.07317073170731707,0.2370588235294117
biology_share,Biology Journals,0.010348429928810784,0.13157894736842105,0.13157894736842105,0.31
biology_share,Biology Journals,0.007648967870236308,0.15789473684210525,0.15789473684210525,-0.23249999999999998
biology_share,Biology Journals,0.007587014144605151,0.11764705882352941,0.11764705882352941,0.31
biology_share,Biology Journals,-0.005373977641715776,0.0,0.0,0.2968085106382979
biology_share,Biology Journals,-0.00554943391610986,0.0,0.0,0.04617021276595745
biology_share,Biology Journals,-0.006225690937997947,0.0,0.0,-0.06642857142857145
biology_share,Biology Journals,-0.005670397859661449,0.0,0.0,-0.09893617021276596
biology_share,Biology Journals,-0.004510774667232725,0.0,0.0,0.011071428571428565
biology_share,Biology Journals,-0.005750449073763818,0.0,0.0,-0.19127659574468087
biology_share,Biology Journals,-0.005438178611491561,0.0,0.0,0.2308510638297872
biology_share,Biology Journals,-0.005774097114375995,0.0,0.0,-0.23085106382978723
biology_share,Biology Journals,-0.0006206430058565543,0.10479041916167664,0.10479041916167664,-0.02384615384615385
biology_share,Biology Journals,0.004292798761495597,1.0,1.0,-0.31
biology_share,Biology Journals,-0.005181248048935616,0.014184397163120567,0.014184397163120567,-0.21
biology_share,Biology Journals,0.004942883105499876,0.2222222222222222,0.2222222222222222,-0.17521739130434782
biology_share,Biology Journals,-0.0044256068763799065,0.015625,0.015625,0.12178571428571427
biology_share,Biology Journals,-0.006502878125115865,0.0,0.0,0.19928571428571423
biology_share,Biology Journals,-0.002373338849608295,0.09016393442622951,0.09016393442622951,-0.0911764705882353
biology_share,Biology Journals,0.008766789870281257,0.12435233160621761,0.12435233160621761,-0.31
biology_share,Biology Journals,0.006845214056062999,1.0,1.0,0.14090909090909093
biology_share,Biology Journals,-0.0055347685384027085,0.0196078431372549,0.0196078431372549,0.08574468085106385
biology_share,Biology Journals,-0.008613670672262694,0.0,0.0,-0.10333333333333333
biology_share,Biology Journals,-0.007821528579076425,0.02247191011235955,0.02247191011235955,-0.062
biology_share,Biology Journals,-0.006643416356322566,0.0,0.0,-0.022142857142857186
biology_share,Biology Journals,-2.7055509449252347e-05,0.10714285714285714,0.10714285714285714,-0.09620689655172415
biology_share,Biology Journals,0.0017293104370733573,0.07407407407407407,0.07407407407407407,0.14090909090909093
biology_share,Biology Journals,0.005266195440545682,1.0,1.0,0.20217391304347826
biology_share,Biology Journals,-0.0056181178310415894,0.013793103448275862,0.013793103448275862,-0.03297872340425534
biology_share,Biology Journals,-0.004513053792927371,0.045454545454545456,0.045454545454545456,0.0
biology_share,Biology Journals,-0.006784322772019429,0.03389830508474576,0.03389830508474576,-0.26571428571428574
biology_share,Biology Journals,-0.0063716023909534064,0.0,0.0,-0.24357142857142858
biology_share,Biology Journals,-0.0049644475535794465,0.07142857142857142,0.07142857142857142,-0.02999999999999997
biology_share,Biology Journals,-0.00010743625848620798,0.08445945945945946,0.08445945945945946,-0.20310344827586208
biology_share,Biology Journals,0.004777839749841766,1.0,1.0,0.2804761904761905
biology_share,Biology Journals,-0.004337662219249305,0.032520325203252036,0.032520325203252036,0.19928571428571423
biology_share,Biology Journals,-0.006504070226763055,0.0,0.0,0.1771428571428571
biology_share,Biology Journals,-0.0010103750898792065,0.09803921568627451,0.09803921568627451,0.11923076923076925
biology_share,Biology Journals,-0.006327120684151885,0.0,0.0,-0.1992857142857143
biology_share,Biology Journals,-0.0004930183868377915,0.0916030534351145,0.0916030534351145,0.11923076923076925
biology_share,Biology Journals,0.003674091972419113,0.20761245674740483,0.20761245674740483,-0.31
biology_share,Biology Journals,0.00469663457753591,0.11714285714285715,0.11714285714285715,0.1623809523809524
biology_share,Biology Journals,0.0032933273965790265,1.0,1.0,-0.13433333333333333
biology_share,Biology Journals,-0.0031540830678718373,0.0,0.0,0.31
biology_share,Biology Journals,0.004720442070213151,0.14427860696517414,0.14427860696517414,0.19190476190476197
biology_share,Biology Journals,-0.0035954537770151868,0.0,0.0,-0.2108
biology_share,Biology Journals,-0.004334550565339008,0.0,0.0,0.21035714285714285
biology_share,Biology Journals,0.0010927238609393843,0.07462686567164178,0.07462686567164178,0.08857142857142852
biology_share,Biology Journals,-0.0038171561643303843,0.05454545454545454,0.05454545454545454,0.14090909090909093
biology_share,Biology Journals,-0.0034938269099253753,0.012195121951219513,0.012195121951219513,-0.03720000000000001
biology_share,Biology Journals,0.003436084745321936,0.375,0.375,0.051666666666666694
biology_share,Biology Journals,0.005745163288951323,0.17391304347826086,0.17391304347826086,0.0
biology_share,Biology Journals,0.0013172218860106263,0.20689655172413793,0.20689655172413793,0.1771428571428571
biology_share,Biology Journals,0.002150566417990132,0.11538461538461539,0.11538461538461539,-0.12916666666666665
biology_share,Biology Journals,0.00018255365401783323,0.1111111111111111,0.1111111111111111,0.24586206896551727
biology_share,Biology Journals,0.00158920168778459,0.10679611650485436,0.10679611650485436,-0.02818181818181814
biology_share,Biology Journals,0.005646700476763486,0.12962962962962962,0.12962962962962962,-0.07750000000000001
biology_share,Biology Journals,0.0033721372390938683,1.0,1.0,-0.051666666666666694
biology_share,Biology Journals,-0.002942573986078035,0.0,0.0,-0.10333333333333333
biology_share,Biology Journals,0.0061757740918038425,0.12608695652173912,0.12608695652173912,-0.08037037037037037
biology_share,Biology Journals,-0.0019782453644774543,0.05357142857142857,0.05357142857142857,0.31
biology_share,Biology Journals,-0.004426832751868478,0.0,0.0,0.09964285714285709
biology_share,Biology Journals,-6.883837339291315e-05,0.09090909090909091,0.09090909090909091,-0.1603448275862069
biology_share,Biology Journals,-1.6394210647998623e-05,0.08994708994708994,0.08994708994708994,-0.07482758620689656
biology_share,Biology Journals,-0.0029058097070679034,0.018867924528301886,0.018867924528301886,0.06888888888888889
biology_share,Biology Journals,0.0032460510501714415,0.4406779661016949,0.4406779661016949,-0.186
biology_share,Biology Journals,0.004208772460750747,0.42857142857142855,0.42857142857142855,0.31
biology_share,Biology Journals,0.002472141142934909,0.18181818181818182,0.18181818181818182,0.23249999999999998
biology_share,Biology Journals,9.928820021486558e-05,0.11,0.11,0.1389655172413793
biology_share,Biology Journals,0.004732231382195618,0.1388888888888889,0.1388888888888889,0.250952380952381
biology_share,Biology Journals,0.00018256734686857018,0.10576923076923077,0.10576923076923077,0.2672413793103448
biology_share,Biology Journals,0.003817968058651149,0.23759791122715404,0.23759791122715404,-0.17222222222222222
biology_share,Biology Journals,0.0031426341691660293,1.0,1.0,-0.2583333333333333
biology_share,Biology Journals,-0.002619591883995974,0.05128205128205128,0.05128205128205128,0.31
biology_share,Biology Journals,0.004926282632248206,0.23979591836734693,0.23979591836734693,-0.20217391304347826
biology_share,Biology Journals,-0.005343133772382131,0.017857142857142856,0.017857142857142856,0.31
biology_share,Biology Journals,-0.004599725974940502,0.0,0.0,-0.13285714285714287
biology_share,Biology Journals,0.002243038330365634,0.1935483870967742,0.1935483870967742,-0.051666666666666694
biology_share,Biology Journals,0.0059894574115691435,0.1407035175879397,0.1407035175879397,-0.2411111111111111
biology_share,Biology Journals,0.00479559486874827,0.12371134020618557,0.12371134020618557,0.31
biology_share,Biology Journals,0.003609638974753229,0.6617647058823529,0.6617647058823529,0.26866666666666666
biology_share,Biology Journals,0.004374737587580468,0.5714285714285714,0.5714285714285714,-0.2509523809523809
biology_share,Biology Journals,0.0031971608166748043,0.32653061224489793,0.32653061224489793,-0.20666666666666667
biology_share,Biology Journals,0.003848948458341882,0.28,0.28,-0.13777777777777778
biology_share,Biology Journals,0.0027212802218082176,0.19327731092436976,0.19327731092436976,-0.20666666666666667
biology_share,Biology Journals,-0.0026691658339795554,0.024390243902439025,0.024390243902439025,0.2755555555555556
biology_share,Biology Journals,0.0030961986159360475,0.3901639344262295,0.3901639344262295,0.29277777777777775
biology_share,Biology Journals,0.0017953506248047626,1.0,1.0,0.19727272727272732
biology_share,Biology Journals,-0.001574336576615955,0.06060606060606061,0.06060606060606061,0.16692307692307695
biology_share,Biology Journals,0.0034346302146727884,0.42201834862385323,0.42201834862385323,0.04133333333333333
biology_share,Biology Journals,-0.0014939983825397725,0.05084745762711865,0.05084745762711865,0.2146153846153846
biology_share,Biology Journals,-0.003617406147439714,0.0,0.0,-0.31
biology_share,Biology Journals,0.002482142933443231,0.2708333333333333,0.2708333333333333,0.25833333333333336
biology_share,Biology Journals,0.0007427673044314311,0.31746031746031744,0.31746031746031744,0.08857142857142852
biology_share,Biology Journals,0.0020651039866656107,0.2619047619047619,0.2619047619047619,-0.2841666666666667
biology_share,Biology Journals,0.0029040766602883754,0.7857142857142857,0.7857142857142857,0.017222222222222194
biology_share,Biology Journals,0.0039233148097763985,0.5,0.5,-0.017222222222222194
biology_share,Biology Journals,0.002557883988741391,0.47752808988764045,0.47752808988764045,-0.31
biology_share,Biology Journals,0.0021421181563217396,0.3375,0.3375,-0.155
biology_share,Biology Journals,0.0018005662603070517,0.16666666666666666,0.16666666666666666,0.2536363636363637
biology_share,Biology Journals,0.00011822053948382128,0.09090909090909091,0.09090909090909091,0.16034482758620688
biology_share,Biology Journals,0.004015132727509299,1.0,1.0,0.15499999999999997
biology_share,Biology Journals,-0.005088140466894531,0.023809523809523808,0.023809523809523808,-0.10999999999999999
biology_share,Biology Journals,0.0039397837474366695,0.20516304347826086,0.20516304347826086,0.017222222222222194
biology_share,Biology Journals,-0.006763495864473298,0.033816425120772944,0.033816425120772944,-0.24357142857142858
biology_share,Biology Journals,-0.004679673626747803,0.0,0.0,-0.26571428571428574
biology_share,Biology Journals,0.0039213575535847435,0.15086206896551724,0.15086206896551724,-0.051666666666666694
biology_share,Biology Journals,0.0035859929183303177,0.15363881401617252,0.15363881401617252,0.22733333333333333
biology_share,Biology Journals,-8.584006535541395e-06,1.0,1.0,-0.05344827586206896
biology_share,Biology Journals,0.001393734843187312,0.10810810810810811,0.10810810810810811,0.2657142857142856
biology_share,Biology Journals,-0.005575959087049247,0.05863192182410423,0.05863192182410423,0.01978723404255317
biology_share,Biology Journals,-0.005245470214690918,0.03535353535353535,0.03535353535353535,-0.29
biology_share,Biology Journals,-0.004408067481164618,0.0,0.0,0.1439285714285714
biology_share,Biology Journals,0.00598995606287456,0.14035087719298245,0.14035087719298245,-0.21814814814814815
biology_share,Biology Journals,0.004006878786419129,0.2913907284768212,0.2913907284768212,0.12055555555555558
biology_share,Biology Journals,0.0037401026077831623,0.17142857142857143,0.17142857142857143,-0.2238888888888889
biology_share,Biology Journals,0.005608365697691004,0.14201183431952663,0.14201183431952663,-0.155
biology_share,Biology Journals,-0.004952214037528647,0.06477732793522267,0.06477732793522267,0.010000000000000009
biology_share,Biology Journals,0.0001424221508176655,0.07951070336391437,0.07951070336391437,0.20310344827586208
biology_share,Biology Journals,0.0031249714505923545,1.0,1.0,-0.31
biology_share,Biology Journals,-0.002918652814914801,0.0,0.0,0.0
biology_share,Biology Journals,-0.008108856161790303,0.01327433628318584,0.01327433628318584,-0.31
biology_share,Biology Journals,-0.006703867901940056,0.0,0.0,-0.1992857142857143
biology_share,Biology Journals,-0.0042568643609046585,0.0,0.0,0.31
biology_share,Biology Journals,0.0024636805937308607,0.17073170731707318,0.17073170731707318,0.2066666666666666
biology_share,Biology Journals,0.0014669899278577313,0.16049382716049382,0.16049382716049382,-0.25363636363636366
biology_share,Biology Journals,3.3813570207852773e-05,0.11235955056179775,0.11235955056179775,0.05344827586206896
biology_share,Biology Journals,-0.003026407678586728,0.022988505747126436,0.022988505747126436,-0.31
biology_share,Biology Journals,-0.002845141374955378,0.014285714285714285,0.014285714285714285,0.10333333333333333
biology_share,Biology Journals,0.0043748666451818045,0.562753036437247,0.562753036437247,-0.22142857142857142
biology_share,Biology Journals,0.004126559662332108,1.0,1.0,0.2755555555555556
biology_share,Biology Journals,-0.003833211772799475,0.0,0.0,0.08454545454545453
biology_share,Biology Journals,0.004863879694830351,0.785234899328859,0.785234899328859,-0.31
biology_share,Biology Journals,-0.004571950336817954,0.0,0.0,-0.07750000000000001
biology_share,Biology Journals,0.0025276170975344395,0.23076923076923078,0.23076923076923078,0.31
biology_share,Biology Journals,0.002917808702793244,0.6435643564356436,0.6435643564356436,0.034444444444444444
biology_share,Biology Journals,0.003306735695815472,0.5901639344262295,0.5901639344262295,-0.11366666666666667
biology_share,Biology Journals,0.003356316122095518,0.4444444444444444,0.4444444444444444,-0.062
biology_share,Biology Journals,0.0035210021056308076,0.45161290322580644,0.45161290322580644,0.1756666666666667
biology_share,Biology Journals,0.003869967117850327,0.3170731707317073,0.3170731707317073,-0.12055555555555555
biology_share,Biology Journals,0.0034702333894624736,1.0,1.0,0.10333333333333333
biology_share,Biology Journals,-0.0037981666568115,0.0,0.0,0.16909090909090913
biology_share,Biology Journals,0.004007597289762733,0.36666666666666664,0.36666666666666664,0.13777777777777778
biology_share,Biology Journals,-0.005829650634839474,0.0,0.0,-0.2968085106382979
biology_share,Biology Journals,-0.0031960455562078903,0.045454545454545456,0.045454545454545456,0.28519999999999995
biology_share,Biology Journals,0.0031293781321513037,0.5833333333333334,0.5833333333333334,-0.28933333333333333
biology_share,Biology Journals,0.00384893730324504,0.25,0.25,-0.155
biology_share,Biology Journals,-0.000872067247651669,0.08333333333333333,0.08333333333333333,0.28615384615384615
biology_share,Biology Journals,0.007027059661501849,0.3333333333333333,0.3333333333333333,0.31
biology_share,Biology Journals,0.003309634730427365,0.3638814016172507,0.3638814016172507,-0.10333333333333333
biology_share,Biology Journals,0.0031302706946894124,1.0,1.0,-0.279
biology_share,Biology Journals,-0.00127302628000046,0.041666666666666664,0.041666666666666664,-0.23846153846153845
biology_share,Biology Journals,0.0046185094821608475,0.44,0.44,0.04428571428571432
biology_share,Biology Journals,0.0009436976781648397,0.07692307692307693,0.07692307692307693,-0.22142857142857142
biology_share,Biology Journals,-0.0034548847392507406,0.0,0.0,0.062
biology_share,Biology Journals,0.001490393713577075,0.15584415584415584,0.15584415584415584,-0.19727272727272727
biology_share,Biology Journals,0.003696111951638807,0.22128851540616246,0.22128851540616246,-0.2927777777777778
biology_share,Biology Journals,0.002764988255509486,1.0,1.0,-0.17222222222222222
biology_share,Biology Journals,-0.0037105291009711552,0.023809523809523808,0.023809523809523808,0.2818181818181818
biology_share,Biology Journals,0.00402456829218365,0.25301204819277107,0.25301204819277107,0.18944444444444447
biology_share,Biology Journals,-0.005227209647504588,0.0,0.0,-0.27
biology_share,Biology Journals,-0.004459187743733803,0.0,0.0,0.05535714285714283
biology_share,Biology Journals,0.0002506781003930758,0.11320754716981132,0.11320754716981132,0.28862068965517235
biology_share,Biology Journals,0.0036629459590537066,0.15644171779141106,0.15644171779141106,0.31
biology_share,Biology Journals,0.0028645581195600226,1.0,1.0,-0.034444444444444444
biology_share,Biology Journals,-0.002942573986078035,0.0,0.0,-0.13777777777777778
biology_share,Biology Journals,0.0010360812042555056,0.11170212765957446,0.11170212765957446,0.0
biology_share,Biology Journals,0.0004980495728720731,0.08163265306122448,0.08163265306122448,-0.13285714285714287
biology_share,Biology Journals,-0.004459187743733803,0.0,0.0,0.06642857142857139
biology_share,Biology Journals,0.0025202494564861,0.23636363636363636,0.23636363636363636,0.2841666666666666
biology_share,Biology Journals,0.0004810878669357576,0.09668508287292818,0.09668508287292818,-0.17714285714285716
biology_share,Biology Journals,0.0031481904303689895,1.0,1.0,-0.22733333333333333
biology_share,Biology Journals,-0.0029691399279431993,0.0,0.0,-0.20666666666666667
biology_share,Biology Journals,0.0010397279423438627,0.09482758620689655,0.09482758620689655,0.04428571428571426
biology_share,Biology Journals,-0.0035379503510232163,0.0,0.0,-0.1364
biology_share,Biology Journals,-0.0032205443610147395,0.0,0.0,0.2604
biology_share,Biology Journals,-2.8846787960654746e-06,0.0851063829787234,0.0851063829787234,-0.032068965517241366
biology_share,Biology Journals,0.0031613522410455395,0.24113475177304963,0.24113475177304963,-0.217
biology_share,Biology Journals,0.0029577980105819574,1.0,1.0,0.10333333333333333
biology_share,Biology Journals,-0.005522872691398551,0.023474178403755867,0.023474178403755867,0.11212765957446807
biology_share,Biology Journals,0.004965469125980115,0.4276729559748428,0.4276729559748428,-0.12130434782608696
biology_share,Biology Journals,-0.0030231579538894555,0.038834951456310676,0.038834951456310676,-0.27555555555555555
biology_share,Biology Journals,-0.0034548847392507406,0.0,0.0,0.012399999999999967
biology_share,Biology Journals,0.00495535263436091,0.11557788944723618,0.11557788944723618,-0.1482608695652174
biology_share,Biology Journals,0.0037611066880100033,0.17092866756393002,0.17092866756393002,-0.20666666666666667
biology_share,Biology Journals,0.005763530227783407,1.0,1.0,0.15499999999999997
biology_share,Biology Journals,-0.006664187801364672,0.020512820512820513,0.020512820512820513,-0.08857142857142858
biology_share,Biology Journals,0.003476140228475873,0.23595505617977527,0.23595505617977527,0.11366666666666664
biology_share,Biology Journals,-0.0037250246314454757,0.012903225806451613,0.012903225806451613,0.22545454545454552
biology_share,Biology Journals,-0.004459187743733803,0.0,0.0,0.07749999999999996
biology_share,Biology Journals,0.0014338749853786646,0.10880829015544041,0.10880829015544041,-0.31
biology_share,Biology Journals,0.004658394720874559,0.11538461538461539,0.11538461538461539,0.07380952380952382
biology_share,Biology Journals,0.0020747343824067065,1.0,1.0,-0.2583333333333333
biology_share,Biology Journals,-0.0056181178310415894,0.011111111111111112,0.011111111111111112,-0.01978723404255317
biology_share,Biology Journals,0.00046956260192298083,0.10476190476190476,0.10476190476190476,-0.26571428571428574
biology_share,Biology Journals,-0.005609474043474197,0.05555555555555555,0.05555555555555555,-0.006595744680851057
biology_share,Biology Journals,-0.004307984623473844,0.0,0.0,0.2546428571428571
biology_share,Biology Journals,0.008525441094125364,0.12574850299401197,0.12574850299401197,0.13285714285714284
biology_share,Biology Journals,0.0008762245296132657,0.0911854103343465,0.0911854103343465,-0.31
biology_share,Biology Journals,0.0023265920801520627,1.0,1.0,0.02583333333333332
biology_share,Biology Journals,-0.006327019956378878,0.028169014084507043,0.028169014084507043,-0.17714285714285716
biology_share,Biology Journals,0.0008978424747272694,0.08527131782945736,0.08527131782945736,-0.26571428571428574
biology_share,Biology Journals,-0.0022707560123290784,0.04807692307692308,0.04807692307692308,-0.018235294117647072
biology_share,Biology Journals,-0.004283430302769823,0.0,0.0,0.28785714285714287
biology_share,Biology Journals,-0.000640234800458849,0.0898876404494382,0.0898876404494382,-0.11923076923076922
