paper_id,file_name,paper_title,authors,author_full_names,source_title,publication_year,publication_date,document_type,volume,issue,start_page,end_page,article_number,doi,doi_link,ut_wos_id,times_cited_wos_core,times_cited_all_databases,wos_categories,research_areas,citation,paper_type_primary,paper_type_empirical,paper_type_experimental,file_path
10.1628_093245616x14500948554072,10.1628_093245616x14500948554072.pdf,Preferences over Punishment and Reward Mechanisms in Social Dilemmas,"Kocher, MG; Matzat, D","Kocher, Martin G.; Matzat, Dominik",JOURNAL OF INSTITUTIONAL AND THEORETICAL ECONOMICS-ZEITSCHRIFT FUR DIE GESAMTE STAATSWISSENSCHAFT,2016,MAR,Article; Proceedings Paper,172,1,163,194,,10.1628/093245616X14500948554072,http://dx.doi.org/10.1628/093245616X14500948554072,WOS:000374204100016,6,7,Economics,Business & Economics,"Kocher, Martin G. & Matzat, Dominik (2016). Preferences over Punishment and Reward Mechanisms in Social Dilemmas. JOURNAL OF INSTITUTIONAL AND THEORETICAL ECONOMICS-ZEITSCHRIFT FUR DIE GESAMTE STAATSWISSENSCHAFT.",empirical,experimental,lab_experiment,paper_collection/WoS_251029.Data/PDF/4049811782/10.1628_093245616x14500948554072.pdf
10.1016_j.ejpoleco.2022.102222,10.1016_j.ejpoleco.2022.102222.pdf,The impact of distance on parochial altruism: An experimental investigation,"Boulu-Reshef, B; Schulhofer-Wohl, J","Boulu-Reshef, Beatrice; Schulhofer-Wohl, Jonah",EUROPEAN JOURNAL OF POLITICAL ECONOMY,2022,DEC,Article,75,,,,102222,10.1016/j.ejpoleco.2022.102222,http://dx.doi.org/10.1016/j.ejpoleco.2022.102222,WOS:000892113800001,0,0,Economics; Political Science,Business & Economics; Government & Law,"Boulu-Reshef, B; Schulhofer-Wohl, J (2022). The impact of distance on parochial altruism: An experimental investigation. EUROPEAN JOURNAL OF POLITICAL ECONOMY, 75, 102222. https://doi.org/10.1016/j.ejpoleco.2022.102222",empirical,experimental,lab_experiment,paper_collection/WoS_251029.Data/PDF/1870725893/10.1016_j.ejpoleco.2022.102222.pdf
10.1007_s00355-017-1081-5,10.1007_s00355-017-1081-5.pdf,Adding noise to the institution: an experimental welfare investigation of the contribution-based grouping mechanism,"Nax, HH; Balietti, S; Murphy, RO; Helbing, D","Nax, Heinrich H.; Balietti, Stefano; Murphy, Ryan O.; Helbing, Dirk",SOCIAL CHOICE AND WELFARE,2018,FEB,Article,50,2,213,245,,10.1007/s00355-017-1081-5,http://dx.doi.org/10.1007/s00355-017-1081-5,WOS:000423334300002,4,4,"Economics; Social Sciences, Mathematical Methods",Business & Economics; Mathematical Methods In Social Sciences,"Nax, HH; Balietti, S; Murphy, RO; Helbing, D (2018). Adding noise to the institution: an experimental welfare investigation of the contribution-based grouping mechanism. SOCIAL CHOICE AND WELFARE, 50(2), 213-245. https://doi.org/10.1007/s00355-017-1081-5",empirical,experimental,lab_experiment,paper_collection/WoS_251029.Data/PDF/2996877866/10.1007_s00355-017-1081-5.pdf
10.1016_j.neuroimage.2019.06.047,10.1016_j.neuroimage.2019.06.047.pdf,The role of ventromedial prefrontal cortex and temporo-parietal junction in third-party punishment behavior,"Lo Gerfo, E; Gallucci, A; Morese, R; Vergallito, A; Ottone, S; Ponzano, F; Locatelli, G; Bosco, F; Lauro, LJR","Lo Gerfo, Emanuele; Gallucci, Alessia; Morese, Rosalba; Vergallito, Alessandra; Ottone, Stefania; Ponzano, Ferruccio; Locatelli, Gaia; Bosco, Francesca; Lauro, Leonor Josefina Romero",NEUROIMAGE,2019,OCT 15,Article,200,,501,510,,10.1016/j.neuroimage.2019.06.047,http://dx.doi.org/10.1016/j.neuroimage.2019.06.047,WOS:000481579300043,31,34,"Neurosciences; Neuroimaging; Radiology, Nuclear Medicine & Medical Imaging","Neurosciences & Neurology; Radiology, Nuclear Medicine & Medical Imaging","Lo Gerfo, Emanuele, Gallucci, Alessia, Morese, Rosalba, Vergallito, Alessandra, Ottone, Stefania, Ponzano, Ferruccio, Locatelli, Gaia, Bosco, Francesca & Lauro, Leonor Josefina Romero (2019). The role of ventromedial prefrontal cortex and temporo-parietal junction in third-party punishment behavior. NEUROIMAGE.",empirical,experimental,lab_experiment,paper_collection/WoS_251029.Data/PDF/4213631799/10.1016_j.neuroimage.2019.06.047.pdf
10.1016_j.joep.2017.03.007,10.1016_j.joep.2017.03.007.pdf,Enforcing cooperation in public goods games: Is one punisher enough?,"Grieco, D; Faillo, M; Zarri, L","Grieco, Daniela; Faillo, Marco; Zarri, Luca",JOURNAL OF ECONOMIC PSYCHOLOGY,2017,AUG,Article,61,,55,73,,10.1016/j.joep.2017.03.007,http://dx.doi.org/10.1016/j.joep.2017.03.007,WOS:000407528400005,12,14,"Economics; Psychology, Multidisciplinary",Business & Economics; Psychology,"Grieco, Daniela, Faillo, Marco & Zarri, Luca (2017). Enforcing cooperation in public goods games: Is one punisher enough?. JOURNAL OF ECONOMIC PSYCHOLOGY.",empirical,experimental,lab_experiment,paper_collection/WoS_251029.Data/PDF/0303351160/10.1016_j.joep.2017.03.007.pdf
10.1016_j.jeem.2023.102895,10.1016_j.jeem.2023.102895.pdf,Collective minimum contributions to counteract the ratchet effect in the voluntary provision of public goods,"Alt, M; Gallier, C; Kesternich, M; Sturm, B","Alt, Marius; Gallier, Carlo; Kesternich, Martin; Sturm, Bodo",JOURNAL OF ENVIRONMENTAL ECONOMICS AND MANAGEMENT,2023,OCT,Article,122,,,,102895,10.1016/j.jeem.2023.102895,http://dx.doi.org/10.1016/j.jeem.2023.102895,WOS:001119371300001,3,4,Business; Economics; Environmental Studies,Business & Economics; Environmental Sciences & Ecology,"Alt, Marius, Gallier, Carlo, Kesternich, Martin & Sturm, Bodo (2023). Collective minimum contributions to counteract the ratchet effect in the voluntary provision of public goods. JOURNAL OF ENVIRONMENTAL ECONOMICS AND MANAGEMENT.",empirical,experimental,lab_experiment,paper_collection/WoS_251029.Data/PDF/1581435800/10.1016_j.jeem.2023.102895.pdf
10.1016_j.evolhumbehav.2016.02.001,10.1016_j.evolhumbehav.2016.02.001.pdf,Local competition increases people's willingness to harm others,"Barker, JL; Barclay, P","Barker, Jessica L.; Barclay, Pat",EVOLUTION AND HUMAN BEHAVIOR,2016,JUL,Article,37,4,315,322,,10.1016/j.evolhumbehav.2016.02.001,http://dx.doi.org/10.1016/j.evolhumbehav.2016.02.001,WOS:000377641600008,12,16,"Psychology, Biological; Behavioral Sciences; Social Sciences, Biomedical",Psychology; Behavioral Sciences; Biomedical Social Sciences,"Barker, JL; Barclay, P (2016). Local competition increases people's willingness to harm others. EVOLUTION AND HUMAN BEHAVIOR, 37(4), 315-322. https://doi.org/10.1016/j.evolhumbehav.2016.02.001",empirical,experimental,lab_experiment,paper_collection/WoS_251029.Data/PDF/1845001244/10.1016_j.evolhumbehav.2016.02.001.pdf
10.1016_j.ecolecon.2015.05.011,10.1016_j.ecolecon.2015.05.011.pdf,The perils of peer punishment: Evidence from a common pool resource framed field experiment,"de Melo, G; Piaggio, M","de Melo, Gioia; Piaggio, Matias",ECOLOGICAL ECONOMICS,2015,DEC,Article,120,,376,393,,10.1016/j.ecolecon.2015.05.011,http://dx.doi.org/10.1016/j.ecolecon.2015.05.011,WOS:000366793000037,13,13,Ecology; Economics; Environmental Sciences; Environmental Studies,Environmental Sciences & Ecology; Business & Economics,"de Melo, Gioia & Piaggio, Matias (2015). The perils of peer punishment: Evidence from a common pool resource framed field experiment. ECOLOGICAL ECONOMICS.",empirical,experimental,field_experiment,paper_collection/WoS_251029.Data/PDF/3578882908/10.1016_j.ecolecon.2015.05.011.pdf
10.5751_es-07532-200228,10.5751_es-07532-200228.pdf,Incorporating local institutions in irrigation experiments: evidence from rural communities in Pakistan,"Javaid, A; Falk, T","Javaid, Aneeque; Falk, Thomas",ECOLOGY AND SOCIETY,2015,,Article,20,2,,,28,10.5751/ES-07532-200228,http://dx.doi.org/10.5751/ES-07532-200228,WOS:000357622800028,12,12,Ecology; Environmental Studies,Environmental Sciences & Ecology,"Javaid, Aneeque & Falk, Thomas (2015). Incorporating local institutions in irrigation experiments: evidence from rural communities in Pakistan. ECOLOGY AND SOCIETY.",empirical,experimental,field_experiment,paper_collection/WoS_251029.Data/PDF/3719349221/10.5751_es-07532-200228.pdf
10.1126_science.1178883,10.1126_science.1178883.pdf,Indirect Punishment and Generosity Toward Strangers,"Ule, A; Schram, A; Riedl, A; Cason, TN","Ule, Aljaz; Schram, Arthur; Riedl, Arno; Cason, Timothy N.",SCIENCE,2009,DEC 18,Article,326,5960,1701,1704,,10.1126/science.1178883,http://dx.doi.org/10.1126/science.1178883,WOS:000272839000055,100,119,Multidisciplinary Sciences,Science & Technology - Other Topics,"Ule, Aljaz, Schram, Arthur, Riedl, Arno & Cason, Timothy N. (2009). Indirect Punishment and Generosity Toward Strangers. SCIENCE.",empirical,experimental,lab_experiment,paper_collection/WoS_251029.Data/PDF/1069117832/10.1126_science.1178883.pdf
10.1016_j.amc.2020.125063,10.1016_j.amc.2020.125063.pdf,Co-evolution of influence-based preferential selection and limited resource with multi-games on interdependent networks,"Sun, CB; Luo, C","Sun, Chengbin; Luo, Chao",APPLIED MATHEMATICS AND COMPUTATION,2020,JUN 1,Article,374,,,,125063,10.1016/j.amc.2020.125063,http://dx.doi.org/10.1016/j.amc.2020.125063,WOS:000513922200018,16,16,"Mathematics, Applied",Mathematics,"Sun, Chengbin & Luo, Chao (2020). Co-evolution of influence-based preferential selection and limited resource with multi-games on interdependent networks. APPLIED MATHEMATICS AND COMPUTATION.",empirical,experimental,lab_experiment,paper_collection/WoS_251029.Data/PDF/3573318850/10.1016_j.amc.2020.125063.pdf
10.1287_mnsc.2013.1848,10.1287_mnsc.2013.1848.pdf,Money Talks: Rebate Mechanisms in Reputation System Design,"Li, LF; Xiao, E","Li, Lingfang (Ivy); Xiao, Erte",MANAGEMENT SCIENCE,2014,AUG,Article,60,8,2054,2072,,10.1287/mnsc.2013.1848,http://dx.doi.org/10.1287/mnsc.2013.1848,WOS:000341868400011,39,56,Management; Operations Research & Management Science,Business & Economics; Operations Research & Management Science,"Li, LF; Xiao, E (2014). Money Talks: Rebate Mechanisms in Reputation System Design. MANAGEMENT SCIENCE, 60(8), 2054-2072. https://doi.org/10.1287/mnsc.2013.1848",empirical,experimental,lab_experiment,paper_collection/WoS_251029.Data/PDF/3616822172/10.1287_mnsc.2013.1848.pdf
10.1080_0013791x.2011.650839,10.1080_0013791x.2011.650839.pdf,The Effect of Leader Reward and Punishment Behaviors on Subordinates' Budget Reports,"Chen, ML","Chen, Mien-Ling",ENGINEERING ECONOMIST,2012,,Article,57,1,41,54,,10.1080/0013791X.2011.650839,http://dx.doi.org/10.1080/0013791X.2011.650839,WOS:000302568400003,6,9,"Business; Engineering, Industrial; Management; Operations Research & Management Science",Business & Economics; Engineering; Operations Research & Management Science,"Chen, Mien-Ling (2012). The Effect of Leader Reward and Punishment Behaviors on Subordinates' Budget Reports. ENGINEERING ECONOMIST.",empirical,experimental,lab_experiment,paper_collection/WoS_251029.Data/PDF/0423401433/10.1080_0013791x.2011.650839.pdf
10.1007_s10551-020-04664-5,10.1007_s10551-020-04664-5.pdf,Consequentialist Motives for Punishment Signal Trustworthiness,"Dhaliwal, NA; Skarlicki, DP; Hoegg, J; Daniels, MA","Dhaliwal, Nathan A.; Skarlicki, Daniel P.; Hoegg, JoAndrea; Daniels, Michael A.",JOURNAL OF BUSINESS ETHICS,2022,MAR,Article,176,3,451,466,,10.1007/s10551-020-04664-5,http://dx.doi.org/10.1007/s10551-020-04664-5,WOS:001029440900001,12,12,Business; Ethics,Business & Economics; Social Sciences - Other Topics,"Dhaliwal, Nathan A., Skarlicki, Daniel P., Hoegg, JoAndrea & Daniels, Michael A. (2022). Consequentialist Motives for Punishment Signal Trustworthiness. JOURNAL OF BUSINESS ETHICS.",empirical,experimental,lab_experiment,paper_collection/WoS_251029.Data/PDF/1416023182/10.1007_s10551-020-04664-5.pdf
10.1007_s10458-025-09698-5,10.1007_s10458-025-09698-5.pdf,Investigating the impact of direct punishment on the emergence of cooperation in multi-agent reinforcement learning systems,"Dasgupta, N; Musolesi, M","Dasgupta, Nayana; Musolesi, Mirco",AUTONOMOUS AGENTS AND MULTI-AGENT SYSTEMS,2025,JUN,Article,39,1,,,19,10.1007/s10458-025-09698-5,http://dx.doi.org/10.1007/s10458-025-09698-5,WOS:001441294000001,0,0,"Automation & Control Systems; Computer Science, Artificial Intelligence",Automation & Control Systems; Computer Science,"Dasgupta, Nayana & Musolesi, Mirco (2025). Investigating the impact of direct punishment on the emergence of cooperation in multi-agent reinforcement learning systems. AUTONOMOUS AGENTS AND MULTI-AGENT SYSTEMS.",empirical,experimental,other_experiment,paper_collection/WoS_251029.Data/PDF/1401943880/10.1007_s10458-025-09698-5.pdf
10.1016_j.chaos.2025.116591,10.1016_j.chaos.2025.116591.pdf,The impact of tax-based rewards and mercenary punishment on public goods games,"Shen, Y; Deng, ZX; Kang, HW; Sun, XP; Chen, QY","Shen, Yong; Deng, Zixuan; Kang, Hongwei; Sun, Xingping; Chen, Qingyi",CHAOS SOLITONS & FRACTALS,2025,OCT,Review,199,,,,116591,10.1016/j.chaos.2025.116591,http://dx.doi.org/10.1016/j.chaos.2025.116591,WOS:001505269200001,0,0,"Mathematics, Interdisciplinary Applications; Physics, Multidisciplinary; Physics, Mathematical",Mathematics; Physics,"Shen, Y; Deng, ZX; Kang, HW; Sun, XP; Chen, QY (2025). The impact of tax-based rewards and mercenary punishment on public goods games. CHAOS SOLITONS & FRACTALS, 199, 116591. https://doi.org/10.1016/j.chaos.2025.116591",empirical,observational,N/A,paper_collection/WoS_251029.Data/PDF/3857693299/10.1016_j.chaos.2025.116591.pdf
10.1016_j.jebo.2025.107071,10.1016_j.jebo.2025.107071.pdf,The demand for complete and incomplete punishment institutions to promote cooperation,"Bühren, C; Dannenberg, A; Händel, P","Buehren, Christoph; Dannenberg, Astrid; Handel, Philipp",JOURNAL OF ECONOMIC BEHAVIOR & ORGANIZATION,2025,JUL,Article,235,,,,107071,10.1016/j.jebo.2025.107071,http://dx.doi.org/10.1016/j.jebo.2025.107071,WOS:001498954500001,0,0,Economics,Business & Economics,"Buehren, Christoph, Dannenberg, Astrid & Handel, Philipp (2025). The demand for complete and incomplete punishment institutions to promote cooperation. JOURNAL OF ECONOMIC BEHAVIOR & ORGANIZATION.",empirical,experimental,lab_experiment,paper_collection/WoS_251029.Data/PDF/1278547491/10.1016_j.jebo.2025.107071.pdf
10.1016_j.jesp.2024.104695,10.1016_j.jesp.2024.104695.pdf,Avoidance of altruistic punishment: Testing with a situation-selective third-party punishment game,"Mitsuishi, K; Kawamura, Y","Mitsuishi, Kodai; Kawamura, Yuta",JOURNAL OF EXPERIMENTAL SOCIAL PSYCHOLOGY,2025,JAN,Article,116,,,,104695,10.1016/j.jesp.2024.104695,http://dx.doi.org/10.1016/j.jesp.2024.104695,WOS:001350474000001,3,3,"Psychology, Social",Psychology,"Mitsuishi, Kodai & Kawamura, Yuta (2025). Avoidance of altruistic punishment: Testing with a situation-selective third-party punishment game. JOURNAL OF EXPERIMENTAL SOCIAL PSYCHOLOGY.",empirical,experimental,lab_experiment,paper_collection/WoS_251029.Data/PDF/2015831264/10.1016_j.jesp.2024.104695.pdf
10.1111_ecoj.12209,10.1111_ecoj.12209.pdf,ODE TO THE SEA: WORKPLACE ORGANIZATIONS AND NORMS OF COOPERATION,"Gneezy, U; Leibbrandt, A; List, JA","Gneezy, Uri; Leibbrandt, Andreas; List, John A.",ECONOMIC JOURNAL,2016,SEP,Article,126,595,1856,1883,,10.1111/ecoj.12209,http://dx.doi.org/10.1111/ecoj.12209,WOS:000388585900008,55,70,Economics,Business & Economics,"Gneezy, U; Leibbrandt, A; List, JA (2016). ODE TO THE SEA: WORKPLACE ORGANIZATIONS AND NORMS OF COOPERATION. ECONOMIC JOURNAL, 126(595), 1856-1883. https://doi.org/10.1111/ecoj.12209",empirical,experimental,field_experiment,paper_collection/WoS_251029.Data/PDF/2066990816/10.1111_ecoj.12209.pdf
10.1371_journal.pone.0044747,10.1371_journal.pone.0044747.pdf,Empathy Moderates the Effect of Repetitive Transcranial Magnetic Stimulation of the Right Dorsolateral Prefrontal Cortex on Costly Punishment,"Brüne, M; Scheele, D; Heinisch, C; Tas, C; Wischniewski, J; Güntürkün, O","Bruene, Martin; Scheele, Dirk; Heinisch, Christine; Tas, Cumhur; Wischniewski, Julia; Guentuerkuen, Onur",PLOS ONE,2012,SEP 13,Article,7,9,,,e44747,10.1371/journal.pone.0044747,http://dx.doi.org/10.1371/journal.pone.0044747,WOS:000308788700033,33,38,Multidisciplinary Sciences,Science & Technology - Other Topics,"Bruene, Martin, Scheele, Dirk, Heinisch, Christine, Tas, Cumhur, Wischniewski, Julia & Guentuerkuen, Onur (2012). Empathy Moderates the Effect of Repetitive Transcranial Magnetic Stimulation of the Right Dorsolateral Prefrontal Cortex on Costly Punishment. PLOS ONE.",empirical,experimental,lab_experiment,paper_collection/WoS_251029.Data/PDF/3422857391/10.1371_journal.pone.0044747.pdf
10.1007_s00355-021-01363-6,10.1007_s00355-021-01363-6.pdf,Voting on sanctioning institutions in open and closed communities: experimental evidence,"Cobo-Reyes, R; Katz, G; Markussen, T; Meraglia, S","Cobo-Reyes, Ramon; Katz, Gabriel; Markussen, Thomas; Meraglia, Simone",SOCIAL CHOICE AND WELFARE,2022,APR,Article,58,3,619,677,,10.1007/s00355-021-01363-6,http://dx.doi.org/10.1007/s00355-021-01363-6,WOS:000711319600001,0,0,"Economics; Social Sciences, Mathematical Methods",Business & Economics; Mathematical Methods In Social Sciences,"Cobo-Reyes, Ramon, Katz, Gabriel, Markussen, Thomas & Meraglia, Simone (2022). Voting on sanctioning institutions in open and closed communities: experimental evidence. SOCIAL CHOICE AND WELFARE.",empirical,experimental,lab_experiment,paper_collection/WoS_251029.Data/PDF/1683673949/10.1007_s00355-021-01363-6.pdf
10.1177_0190272519882389,10.1177_0190272519882389.pdf,"Aggression, Conflict, and the Formation of Intimidating Group Reputation","Szekely, A; Andrighetto, G; Payette, N; Tummolini, L","Szekely, Aron; Andrighetto, Giulia; Payette, Nicolas; Tummolini, Luca",SOCIAL PSYCHOLOGY QUARTERLY,2020,MAR,Article,83,1,70,87,190272519882389,10.1177/0190272519882389,http://dx.doi.org/10.1177/0190272519882389,WOS:000506762400001,5,6,"Psychology, Social; Sociology",Psychology; Sociology,"Szekely, A; Andrighetto, G; Payette, N; Tummolini, L (2020). Aggression, Conflict, and the Formation of Intimidating Group Reputation. SOCIAL PSYCHOLOGY QUARTERLY, 83(1), 70-87. https://doi.org/10.1177/0190272519882389",empirical,experimental,lab_experiment,paper_collection/WoS_251029.Data/PDF/2985909918/10.1177_0190272519882389.pdf
10.1016_j.jebo.2019.03.007,10.1016_j.jebo.2019.03.007.pdf,Institutional endogeneity and third-party punishment in social dilemmas,"Marcin, I; Robalo, P; Tausch, F","Marcin, Isabel; Robalo, Pedro; Tausch, Franziska",JOURNAL OF ECONOMIC BEHAVIOR & ORGANIZATION,2019,MAY,Article,161,,243,264,,10.1016/j.jebo.2019.03.007,http://dx.doi.org/10.1016/j.jebo.2019.03.007,WOS:000469161500015,15,17,Economics,Business & Economics,"Marcin, I; Robalo, P; Tausch, F (2019). Institutional endogeneity and third-party punishment in social dilemmas. JOURNAL OF ECONOMIC BEHAVIOR & ORGANIZATION, 161, 243-264. https://doi.org/10.1016/j.jebo.2019.03.007",empirical,experimental,lab_experiment,paper_collection/WoS_251029.Data/PDF/0752750471/10.1016_j.jebo.2019.03.007.pdf
10.3389_fnhum.2013.00252,10.3389_fnhum.2013.00252.pdf,Fairness overrides reputation: the importance of fairness considerations in altruistic cooperation,"Güney, S; Newell, BR","Gueney, Sule; Newell, Ben R.",FRONTIERS IN HUMAN NEUROSCIENCE,2013,JUN 7,Article,7,,,,252,10.3389/fnhum.2013.00252,http://dx.doi.org/10.3389/fnhum.2013.00252,WOS:000320034900001,4,4,Neurosciences; Psychology,Neurosciences & Neurology; Psychology,"Gueney, Sule & Newell, Ben R. (2013). Fairness overrides reputation: the importance of fairness considerations in altruistic cooperation. FRONTIERS IN HUMAN NEUROSCIENCE.",empirical,experimental,lab_experiment,paper_collection/WoS_251029.Data/PDF/3439037746/10.3389_fnhum.2013.00252.pdf
10.1073_pnas.2508479122,10.1073_pnas.2508479122.pdf,Profitable third- party punishment destabilizes cooperation,"Alam, R; Rai, TS","Alam, Raihan; Rai, Tage S.",PROCEEDINGS OF THE NATIONAL ACADEMY OF SCIENCES OF THE UNITED STATES OF AMERICA,2025,AUG 26,Article,122,34,,,e2508479122,10.1073/pnas.2508479122,http://dx.doi.org/10.1073/pnas.2508479122,WOS:001562198800001,0,0,Multidisciplinary Sciences,Science & Technology - Other Topics,"Alam, Raihan & Rai, Tage S. (2025). Profitable third- party punishment destabilizes cooperation. PROCEEDINGS OF THE NATIONAL ACADEMY OF SCIENCES OF THE UNITED STATES OF AMERICA.",empirical,experimental,lab_experiment,paper_collection/WoS_251029.Data/PDF/2097657371/10.1073_pnas.2508479122.pdf
10.1016_j.jecp.2022.105376,10.1016_j.jecp.2022.105376.pdf,"Ire and punishment: Incidental anger and costly punishment in children, adolescents, and adults","Gummerum, M; López-Pérez, B; Van Dijk, E; Van Dillen, LF","Gummerum, Michaela; Lopez-Perez, Belen; Van Dijk, Eric; Van Dillen, Lotte F.",JOURNAL OF EXPERIMENTAL CHILD PSYCHOLOGY,2022,JUN,Article,218,,,,105376,10.1016/j.jecp.2022.105376,http://dx.doi.org/10.1016/j.jecp.2022.105376,WOS:000793037800008,21,22,"Psychology, Developmental; Psychology, Experimental",Psychology,"Gummerum, Michaela, Lopez-Perez, Belen, Van Dijk, Eric & Van Dillen, Lotte F. (2022). Ire and punishment: Incidental anger and costly punishment in children, adolescents, and adults. JOURNAL OF EXPERIMENTAL CHILD PSYCHOLOGY.",empirical,experimental,lab_experiment,paper_collection/WoS_251029.Data/PDF/1925612439/10.1016_j.jecp.2022.105376.pdf
10.1093_jleo_ewy026,10.1093_jleo_ewy026.pdf,Exchange in the Absence of Legal Enforcement: Reputation and Multilateral Punishment under Uncertainty,"Hajikhameneh, A; Rubin, J","Hajikhameneh, Aidin; Rubin, Jared",JOURNAL OF LAW ECONOMICS & ORGANIZATION,2019,MAR,Article,35,1,192,237,,10.1093/jleo/ewy026,http://dx.doi.org/10.1093/jleo/ewy026,WOS:000462188900006,4,4,Economics; Law,Business & Economics; Government & Law,"Hajikhameneh, Aidin & Rubin, Jared (2019). Exchange in the Absence of Legal Enforcement: Reputation and Multilateral Punishment under Uncertainty. JOURNAL OF LAW ECONOMICS & ORGANIZATION.",empirical,experimental,lab_experiment,paper_collection/WoS_251029.Data/PDF/1753744777/10.1093_jleo_ewy026.pdf
10.1257_mic.6.1.290,10.1257_mic.6.1.290.pdf,The Coordination Value of Monetary Exchange: Experimental Evidence,"Camera, G; Casari, M","Camera, Gabriele; Casari, Marco",AMERICAN ECONOMIC JOURNAL-MICROECONOMICS,2014,FEB,Article,6,1,290,314,,10.1257/mic.6.1.290,http://dx.doi.org/10.1257/mic.6.1.290,WOS:000330632100011,37,40,Economics,Business & Economics,"Camera, G; Casari, M (2014). The Coordination Value of Monetary Exchange: Experimental Evidence. AMERICAN ECONOMIC JOURNAL-MICROECONOMICS, 6(1), 290-314. https://doi.org/10.1257/mic.6.1.290",empirical,experimental,lab_experiment,paper_collection/WoS_251029.Data/PDF/3244173420/10.1257_mic.6.1.290.pdf
10.1016_j.obhdp.2012.06.007,10.1016_j.obhdp.2012.06.007.pdf,Equality as a benchmark for third-party punishment and reward: The moderating role of uncertainty in social dilemmas,"de Kwaadsteniet, EW; Rijkhoff, SAM; van Dijk, E","de Kwaadsteniet, Erik W.; Rijkhoff, Sanne A. M.; van Dijk, Eric",ORGANIZATIONAL BEHAVIOR AND HUMAN DECISION PROCESSES,2013,MAR,Article,120,2,251,259,,10.1016/j.obhdp.2012.06.007,http://dx.doi.org/10.1016/j.obhdp.2012.06.007,WOS:000316649000012,30,32,"Psychology, Applied; Management; Psychology, Social",Psychology; Business & Economics,"de Kwaadsteniet, EW; Rijkhoff, SAM; van Dijk, E (2013). Equality as a benchmark for third-party punishment and reward: The moderating role of uncertainty in social dilemmas. ORGANIZATIONAL BEHAVIOR AND HUMAN DECISION PROCESSES, 120(2), 251-259. https://doi.org/10.1016/j.obhdp.2012.06.007",empirical,experimental,lab_experiment,paper_collection/WoS_251029.Data/PDF/2237886876/10.1016_j.obhdp.2012.06.007.pdf
10.1002_ejsp.793,10.1002_ejsp.793.pdf,Defection in the dark? A randomized-response investigation of cooperativeness in social dilemma games,"Moshagen, M; Hilbig, BE; Musch, J","Moshagen, Morten; Hilbig, Benjamin E.; Musch, Jochen",EUROPEAN JOURNAL OF SOCIAL PSYCHOLOGY,2011,AUG,Article,41,5,638,644,,10.1002/ejsp.793,http://dx.doi.org/10.1002/ejsp.793,WOS:000293687800012,37,37,"Psychology, Social",Psychology,"Moshagen, M; Hilbig, BE; Musch, J (2011). Defection in the dark? A randomized-response investigation of cooperativeness in social dilemma games. EUROPEAN JOURNAL OF SOCIAL PSYCHOLOGY, 41(5), 638-644. https://doi.org/10.1002/ejsp.793",empirical,experimental,lab_experiment,paper_collection/WoS_251029.Data/PDF/2489630238/10.1002_ejsp.793.pdf
10.1016_j.geb.2023.02.005,10.1016_j.geb.2023.02.005.pdf,The team allocator game: Allocation power in public goods games,"Karakostas, A; Kocher, MG; Matzat, D; Rau, HA; Riewe, G","Karakostas, Alexandros; Kocher, Martin G.; Matzat, Dominik; Rau, Holger A.; Riewe, Gerhard",GAMES AND ECONOMIC BEHAVIOR,2023,JUL,Article,140,,73,87,,10.1016/j.geb.2023.02.005,http://dx.doi.org/10.1016/j.geb.2023.02.005,WOS:000957524900001,6,8,Economics,Business & Economics,"Karakostas, A; Kocher, MG; Matzat, D; Rau, HA; Riewe, G (2023). The team allocator game: Allocation power in public goods games. GAMES AND ECONOMIC BEHAVIOR, 140, 73-87. https://doi.org/10.1016/j.geb.2023.02.005",empirical,experimental,lab_experiment,paper_collection/WoS_251029.Data/PDF/1080799831/10.1016_j.geb.2023.02.005.pdf
10.1080_00220388.2012.693169,10.1080_00220388.2012.693169.pdf,Safeguarding Common-Pool Resources in Transition Economies: Experimental Evidence from Central Asia,"Rosenbaum, SM; Billinger, S; Stieglitz, N","Rosenbaum, Stephen Mark; Billinger, Stephan; Stieglitz, Nils",JOURNAL OF DEVELOPMENT STUDIES,2012,,Article,48,11,1683,1697,,10.1080/00220388.2012.693169,http://dx.doi.org/10.1080/00220388.2012.693169,WOS:000313943600008,1,1,Development Studies; Economics,Development Studies; Business & Economics,"Rosenbaum, SM; Billinger, S; Stieglitz, N (2012). Safeguarding Common-Pool Resources in Transition Economies: Experimental Evidence from Central Asia. JOURNAL OF DEVELOPMENT STUDIES, 48(11), 1683-1697. https://doi.org/10.1080/00220388.2012.693169",empirical,experimental,lab_experiment,paper_collection/WoS_251029.Data/PDF/0455843485/10.1080_00220388.2012.693169.pdf
10.1037_pspi0000389,10.1037_pspi0000389.pdf,Cross-Cultural Variation in Cooperation: A Meta-Analysis,"Spadaro, G; Graf, C; Jin, SX; Arai, S; Inoue, Y; Lieberman, E; Rinderu, MI; Yuan, ML; Van Lissa, CJ; Balliet, D","Spadaro, Giuliana; Graf, Caroline; Jin, Shuxian; Arai, Sakura; Inoue, Yukako; Lieberman, Eleanor; Rinderu, Maria Isabela; Yuan, Mingliang; Van Lissa, Caspar J.; Balliet, Daniel",JOURNAL OF PERSONALITY AND SOCIAL PSYCHOLOGY,2022,NOV,Article,123,5,1024,1088,,10.1037/pspi0000389,http://dx.doi.org/10.1037/pspi0000389,WOS:000767494500001,37,41,"Psychology, Social",Psychology,"Spadaro, Giuliana, Graf, Caroline, Jin, Shuxian, Arai, Sakura, Inoue, Yukako, Lieberman, Eleanor, Rinderu, Maria Isabela, Yuan, Mingliang, Van Lissa, Caspar J. & Balliet, Daniel (2022). Cross-Cultural Variation in Cooperation: A Meta-Analysis. JOURNAL OF PERSONALITY AND SOCIAL PSYCHOLOGY.",empirical,experimental,lab_experiment,paper_collection/WoS_251029.Data/PDF/1349672635/10.1037_pspi0000389.pdf
10.1016_j.geb.2019.02.006,10.1016_j.geb.2019.02.006.pdf,The market for talent: Competition for resources and self-governance in teams,"Ramalingam, A; Stoddard, BV; Walker, JM","Ramalingam, Abhijit; Stoddard, Brock V.; Walker, James M.",GAMES AND ECONOMIC BEHAVIOR,2019,MAR,Article,114,,268,284,,10.1016/j.geb.2019.02.006,http://dx.doi.org/10.1016/j.geb.2019.02.006,WOS:000463301500015,2,2,Economics,Business & Economics,"Ramalingam, Abhijit, Stoddard, Brock V. & Walker, James M. (2019). The market for talent: Competition for resources and self-governance in teams. GAMES AND ECONOMIC BEHAVIOR.",empirical,experimental,lab_experiment,paper_collection/WoS_251029.Data/PDF/0704457236/10.1016_j.geb.2019.02.006.pdf
10.1016_j.jebo.2024.02.003,10.1016_j.jebo.2024.02.003.pdf,Abuse of power An experimental investigation of the effects of power and transparency on centralized punishment,"Hoeft, L; Mill, W","Hoeft, Leonard; Mill, Wladislaw",JOURNAL OF ECONOMIC BEHAVIOR & ORGANIZATION,2024,APR,Article,220,,305,324,,10.1016/j.jebo.2024.02.003,http://dx.doi.org/10.1016/j.jebo.2024.02.003,WOS:001194422100001,1,1,Economics,Business & Economics,"Hoeft, Leonard & Mill, Wladislaw (2024). Abuse of power An experimental investigation of the effects of power and transparency on centralized punishment. JOURNAL OF ECONOMIC BEHAVIOR & ORGANIZATION.",empirical,experimental,lab_experiment,paper_collection/WoS_251029.Data/PDF/3422319314/10.1016_j.jebo.2024.02.003.pdf
10.1037_npe0000011,10.1037_npe0000011.pdf,Social Rewards and Sanctions: A Voluntary Contribution Mechanism Experiment,"Kumakawa, T","Kumakawa, Takehisa",JOURNAL OF NEUROSCIENCE PSYCHOLOGY AND ECONOMICS,2013,,Article,6,3,189,200,,10.1037/npe0000011,http://dx.doi.org/10.1037/npe0000011,WOS:000209181100003,2,6,"Economics; Psychology, Multidisciplinary",Business & Economics; Psychology,"Kumakawa, Takehisa (2013). Social Rewards and Sanctions: A Voluntary Contribution Mechanism Experiment. JOURNAL OF NEUROSCIENCE PSYCHOLOGY AND ECONOMICS.",empirical,experimental,lab_experiment,paper_collection/WoS_251029.Data/PDF/1472933199/10.1037_npe0000011.pdf
10.1016_j.chaos.2022.112413,10.1016_j.chaos.2022.112413.pdf,Evolution of trust in a hierarchical population with punishing investors,"Sun, KT; Liu, Y; Chen, XJ; Szolnoki, A","Sun, Ketian; Liu, Yang; Chen, Xiaojie; Szolnoki, Attila",CHAOS SOLITONS & FRACTALS,2022,SEP,Article,162,,,,112413,10.1016/j.chaos.2022.112413,http://dx.doi.org/10.1016/j.chaos.2022.112413,WOS:000843837200007,17,17,"Mathematics, Interdisciplinary Applications; Physics, Multidisciplinary; Physics, Mathematical",Mathematics; Physics,"Sun, Ketian, Liu, Yang, Chen, Xiaojie & Szolnoki, Attila (2022). Evolution of trust in a hierarchical population with punishing investors. CHAOS SOLITONS & FRACTALS.",empirical,experimental,lab_experiment,paper_collection/WoS_251029.Data/PDF/2219311236/10.1016_j.chaos.2022.112413.pdf
10.1038_s41598-024-81636-z,10.1038_s41598-024-81636-z.pdf,Bringing leaders of network subgroups closer together does not facilitate consensus,"Jones, MI; Christakis, NA","Jones, Matthew I.; Christakis, Nicholas A.",SCIENTIFIC REPORTS,2024,DEC 4,Article,14,1,,,30183,10.1038/s41598-024-81636-z,http://dx.doi.org/10.1038/s41598-024-81636-z,WOS:001373491600042,1,1,Multidisciplinary Sciences,Science & Technology - Other Topics,"Jones, MI; Christakis, NA (2024). Bringing leaders of network subgroups closer together does not facilitate consensus. SCIENTIFIC REPORTS, 14(1), 30183. https://doi.org/10.1038/s41598-024-81636-z",empirical,experimental,lab_experiment,paper_collection/WoS_251029.Data/PDF/1979629507/10.1038_s41598-024-81636-z.pdf
10.1016_j.cognition.2022.105215,10.1016_j.cognition.2022.105215.pdf,"Extortion, intuition, and the dark side of reciprocity","Bernhard, RM; Cushman, F","Bernhard, Regan M.; Cushman, Fiery",COGNITION,2022,NOV,Article,228,,,,105215,10.1016/j.cognition.2022.105215,http://dx.doi.org/10.1016/j.cognition.2022.105215,WOS:000827386500004,3,5,"Psychology, Experimental",Psychology,"Bernhard, RM; Cushman, F (2022). Extortion, intuition, and the dark side of reciprocity. COGNITION, 228, 105215. https://doi.org/10.1016/j.cognition.2022.105215",empirical,experimental,field_experiment,paper_collection/WoS_251029.Data/PDF/2432382642/10.1016_j.cognition.2022.105215.pdf
10.1038_s41467-024-49779-9,10.1038_s41467-024-49779-9.pdf,An outside individual option increases optimism and facilitates collaboration when groups form flexibly,"Mori, R; Hanaki, N; Kameda, T","Mori, Ryutaro; Hanaki, Nobuyuki; Kameda, Tatsuya",NATURE COMMUNICATIONS,2024,JUN 29,Article,15,1,,,5520,10.1038/s41467-024-49779-9,http://dx.doi.org/10.1038/s41467-024-49779-9,WOS:001260726900002,3,3,Multidisciplinary Sciences,Science & Technology - Other Topics,"Mori, R; Hanaki, N; Kameda, T (2024). An outside individual option increases optimism and facilitates collaboration when groups form flexibly. NATURE COMMUNICATIONS, 15(1), 5520. https://doi.org/10.1038/s41467-024-49779-9",empirical,experimental,lab_experiment,paper_collection/WoS_251029.Data/PDF/3590974891/10.1038_s41467-024-49779-9.pdf
10.1037_xge0001004,10.1037_xge0001004.pdf,High Cooperation and Welfare Despite-and Because of-the Threat of Antisocial Punishments and Feuds,"Gordon, DS; Puurtinen, M","Gordon, David S.; Puurtinen, Mikael",JOURNAL OF EXPERIMENTAL PSYCHOLOGY-GENERAL,2021,JUL,Article,150,7,1373,1386,,10.1037/xge0001004,http://dx.doi.org/10.1037/xge0001004,WOS:000704272100007,6,8,"Psychology, Experimental",Psychology,"Gordon, David S. & Puurtinen, Mikael (2021). High Cooperation and Welfare Despite-and Because of-the Threat of Antisocial Punishments and Feuds. JOURNAL OF EXPERIMENTAL PSYCHOLOGY-GENERAL.",empirical,experimental,lab_experiment,paper_collection/WoS_251029.Data/PDF/0764181562/10.1037_xge0001004.pdf
10.1371_journal.pone.0061458,10.1371_journal.pone.0061458.pdf,"Criminal Defectors Lead to the Emergence of Cooperation in an Experimental, Adversarial Game","D'Orsogna, MR; Kendall, R; McBride, M; Short, MB","D'Orsogna, Maria R.; Kendall, Ryan; McBride, Michael; Short, Martin B.",PLOS ONE,2013,APR 23,Article,8,4,,,e61458,10.1371/journal.pone.0061458,http://dx.doi.org/10.1371/journal.pone.0061458,WOS:000318008400051,18,19,Multidisciplinary Sciences,Science & Technology - Other Topics,"D'Orsogna, Maria R., Kendall, Ryan, McBride, Michael & Short, Martin B. (2013). Criminal Defectors Lead to the Emergence of Cooperation in an Experimental, Adversarial Game. PLOS ONE.",empirical,experimental,lab_experiment,paper_collection/WoS_251029.Data/PDF/0711645630/10.1371_journal.pone.0061458.pdf
10.1016_j.jpubeco.2016.09.001,10.1016_j.jpubeco.2016.09.001.pdf,Static and dynamic underinvestment: An experimental investigation,"Agranov, M; Fréchette, G; Palfrey, T; Vespa, E","Agranov, Marina; Frechette, Guillaume; Palfrey, Thomas; Vespa, Emanuel",JOURNAL OF PUBLIC ECONOMICS,2016,NOV,Article,143,,125,141,,10.1016/j.jpubeco.2016.09.001,http://dx.doi.org/10.1016/j.jpubeco.2016.09.001,WOS:000386407800011,8,8,Economics,Business & Economics,"Agranov, Marina, Frechette, Guillaume, Palfrey, Thomas & Vespa, Emanuel (2016). Static and dynamic underinvestment: An experimental investigation. JOURNAL OF PUBLIC ECONOMICS.",empirical,experimental,lab_experiment,paper_collection/WoS_251029.Data/PDF/3719791986/10.1016_j.jpubeco.2016.09.001.pdf
10.1007_s10683-011-9272-x,10.1007_s10683-011-9272-x.pdf,The strategy versus the direct-response method: a first survey of experimental comparisons,"Brandts, J; Charness, G","Brandts, Jordi; Charness, Gary",EXPERIMENTAL ECONOMICS,2011,SEP,Article,14,3,375,398,,10.1007/s10683-011-9272-x,http://dx.doi.org/10.1007/s10683-011-9272-x,WOS:000293186400005,426,518,Economics,Business & Economics,"Brandts, J; Charness, G (2011). The strategy versus the direct-response method: a first survey of experimental comparisons. EXPERIMENTAL ECONOMICS, 14(3), 375-398. https://doi.org/10.1007/s10683-011-9272-x",empirical,experimental,lab_experiment,paper_collection/WoS_251029.Data/PDF/3455528526/10.1007_s10683-011-9272-x.pdf
10.1093_sf_sot015,10.1093_sf_sot015.pdf,Hidden Paths from Morality to Cooperation: Moral Judgments Promote Trust and Trustworthiness,"Simpson, B; Harrell, A; Willer, R","Simpson, Brent; Harrell, Ashley; Willer, Robb",SOCIAL FORCES,2013,JUN,Article,91,4,1529,1548,,10.1093/sf/sot015,http://dx.doi.org/10.1093/sf/sot015,WOS:000319496900016,30,44,Sociology,Sociology,"Simpson, B; Harrell, A; Willer, R (2013). Hidden Paths from Morality to Cooperation: Moral Judgments Promote Trust and Trustworthiness. SOCIAL FORCES, 91(4), 1529-1548. https://doi.org/10.1093/sf/sot015",empirical,experimental,lab_experiment,paper_collection/WoS_251029.Data/PDF/4139692590/10.1093_sf_sot015.pdf
10.1111_soin.12218,10.1111_soin.12218.pdf,Unequal and Unfair: Free Riding in One-Shot Interactions,"McDougal, MK","McDougal, Mary K.",SOCIOLOGICAL INQUIRY,2018,AUG,Article,88,3,494,509,,10.1111/soin.12218,http://dx.doi.org/10.1111/soin.12218,WOS:000438665800005,1,1,Sociology,Sociology,"McDougal, Mary K. (2018). Unequal and Unfair: Free Riding in One-Shot Interactions. SOCIOLOGICAL INQUIRY.",empirical,experimental,other_experiment,paper_collection/WoS_251029.Data/PDF/0741957620/10.1111_soin.12218.pdf
10.1016_j.euroecorev.2023.104659,10.1016_j.euroecorev.2023.104659.pdf,Cooperation and norm enforcement differ strongly across adult generations,"Praxmarer, M; Rockenbach, B; Sutter, M","Praxmarer, Matthias; Rockenbach, Bettina; Sutter, Matthias",EUROPEAN ECONOMIC REVIEW,2024,FEB,Article,162,,,,104659,10.1016/j.euroecorev.2023.104659,http://dx.doi.org/10.1016/j.euroecorev.2023.104659,WOS:001166224000001,2,2,Economics,Business & Economics,"Praxmarer, Matthias, Rockenbach, Bettina & Sutter, Matthias (2024). Cooperation and norm enforcement differ strongly across adult generations. EUROPEAN ECONOMIC REVIEW.",empirical,experimental,lab_experiment,paper_collection/WoS_251029.Data/PDF/2915677369/10.1016_j.euroecorev.2023.104659.pdf
10.1038_s41598-024-71106-x,10.1038_s41598-024-71106-x.pdf,The relationship of the source of punishment and personality traits with investment and punishment in a public goods game,"Rodrigues, J; Leipold, N; Hewig, J; Hein, G","Rodrigues, Johannes; Leipold, Natasha; Hewig, Johannes; Hein, Grit",SCIENTIFIC REPORTS,2024,SEP 9,Article,14,1,,,21046,10.1038/s41598-024-71106-x,http://dx.doi.org/10.1038/s41598-024-71106-x,WOS:001334500800032,0,0,Multidisciplinary Sciences,Science & Technology - Other Topics,"Rodrigues, Johannes, Leipold, Natasha, Hewig, Johannes & Hein, Grit (2024). The relationship of the source of punishment and personality traits with investment and punishment in a public goods game. SCIENTIFIC REPORTS.",empirical,experimental,lab_experiment,paper_collection/WoS_251029.Data/PDF/2939271808/10.1038_s41598-024-71106-x.pdf
10.1007_s40881-020-00092-3,10.1007_s40881-020-00092-3.pdf,Comparing alternative estimation methods of a public goods game,"Kent, D","Kent, Danielle",JOURNAL OF THE ECONOMIC SCIENCE ASSOCIATION-JESA,2020,DEC,Article,6,2,156,167,,10.1007/s40881-020-00092-3,http://dx.doi.org/10.1007/s40881-020-00092-3,WOS:000566863700001,7,7,Economics,Business & Economics,"Kent, D (2020). Comparing alternative estimation methods of a public goods game. JOURNAL OF THE ECONOMIC SCIENCE ASSOCIATION-JESA, 6(2), 156-167. https://doi.org/10.1007/s40881-020-00092-3",empirical,experimental,lab_experiment,
10.1177_0022002708322361,10.1177_0022002708322361.pdf,Public Goods Provision and Sanctioning in Privileged Groups,"Reuben, E; Riedl, A","Reuben, Ernesto; Riedl, Arno",JOURNAL OF CONFLICT RESOLUTION,2009,FEB,Article,53,1,72,93,,10.1177/0022002708322361,http://dx.doi.org/10.1177/0022002708322361,WOS:000262360000004,64,73,International Relations; Political Science,International Relations; Government & Law,"Reuben, Ernesto & Riedl, Arno (2009). Public Goods Provision and Sanctioning in Privileged Groups. JOURNAL OF CONFLICT RESOLUTION.",empirical,experimental,lab_experiment,paper_collection/WoS_251029.Data/PDF/0782630773/10.1177_0022002708322361.pdf
10.1016_j.socec.2015.03.007,10.1016_j.socec.2015.03.007.pdf,"Public good provision, punishment, and the endowment origin: Experimental evidence","Antinyan, A; Corazzini, L; Neururer, D","Antinyan, Armenak; Corazzini, Luca; Neururer, Daniel",JOURNAL OF BEHAVIORAL AND EXPERIMENTAL ECONOMICS,2015,JUN,Article,56,,72,77,,10.1016/j.socec.2015.03.007,http://dx.doi.org/10.1016/j.socec.2015.03.007,WOS:000358097800008,11,12,Economics,Business & Economics,"Antinyan, A; Corazzini, L; Neururer, D (2015). Public good provision, punishment, and the endowment origin: Experimental evidence. JOURNAL OF BEHAVIORAL AND EXPERIMENTAL ECONOMICS, 56, 72-77. https://doi.org/10.1016/j.socec.2015.03.007",empirical,experimental,lab_experiment,paper_collection/WoS_251029.Data/PDF/0446913970/10.1016_j.socec.2015.03.007.pdf
10.1371_journal.pone.0269523,10.1371_journal.pone.0269523.pdf,The role of personality beliefs and small talk in strategic behaviour,"Bose, N; Sgroi, D","Bose, Neha; Sgroi, Daniel",PLOS ONE,2022,SEP 2,Article,17,9,,,e0269523,10.1371/journal.pone.0269523,http://dx.doi.org/10.1371/journal.pone.0269523,WOS:000953825000001,1,1,Multidisciplinary Sciences,Science & Technology - Other Topics,"Bose, N; Sgroi, D (2022). The role of personality beliefs and small talk in strategic behaviour. PLOS ONE, 17(9), e0269523. https://doi.org/10.1371/journal.pone.0269523",empirical,experimental,lab_experiment,paper_collection/WoS_251029.Data/PDF/3104910224/10.1371_journal.pone.0269523.pdf
10.1371_journal.pone.0175472,10.1371_journal.pone.0175472.pdf,Social rank and social cooperation: Impact of social comparison processes on cooperative decision-making,"Gong, X; Sanfey, AG","Gong, Xu; Sanfey, Alan G.",PLOS ONE,2017,APR 7,Article,12,4,,,e0175472,10.1371/journal.pone.0175472,http://dx.doi.org/10.1371/journal.pone.0175472,WOS:000399375800058,25,29,Multidisciplinary Sciences,Science & Technology - Other Topics,"Gong, X; Sanfey, AG (2017). Social rank and social cooperation: Impact of social comparison processes on cooperative decision-making. PLOS ONE, 12(4), e0175472. https://doi.org/10.1371/journal.pone.0175472",empirical,experimental,lab_experiment,paper_collection/WoS_251029.Data/PDF/3428415413/10.1371_journal.pone.0175472.pdf
10.1038_s41562-022-01341-7,10.1038_s41562-022-01341-7.pdf,Evidence for third-party mediation but not punishment in Mentawai justice,"Singh, M; Garfield, ZH","Singh, Manvir; Garfield, Zachary H.",NATURE HUMAN BEHAVIOUR,2022,JUL,Article,6,7,930,+,,10.1038/s41562-022-01341-7,http://dx.doi.org/10.1038/s41562-022-01341-7,WOS:000792533200002,28,28,"Psychology, Biological; Multidisciplinary Sciences; Neurosciences; Psychology, Experimental",Psychology; Science & Technology - Other Topics; Neurosciences & Neurology,"Singh, Manvir & Garfield, Zachary H. (2022). Evidence for third-party mediation but not punishment in Mentawai justice. NATURE HUMAN BEHAVIOUR.",empirical,observational,N/A,paper_collection/WoS_251029.Data/PDF/2507461657/10.1038_s41562-022-01341-7.pdf
10.1177_1948550614527115,10.1177_1948550614527115.pdf,For Members Only: Ingroup Punishment of Fairness Norm Violations in the Ultimatum Game,"Mendoza, SA; Lane, SP; Amodio, DM","Mendoza, Saaid A.; Lane, Sean P.; Amodio, David M.",SOCIAL PSYCHOLOGICAL AND PERSONALITY SCIENCE,2014,AUG,Article,5,6,662,670,,10.1177/1948550614527115,http://dx.doi.org/10.1177/1948550614527115,WOS:000338998600005,99,118,"Psychology, Social",Psychology,"Mendoza, Saaid A., Lane, Sean P. & Amodio, David M. (2014). For Members Only: Ingroup Punishment of Fairness Norm Violations in the Ultimatum Game. SOCIAL PSYCHOLOGICAL AND PERSONALITY SCIENCE.",empirical,experimental,lab_experiment,paper_collection/WoS_251029.Data/PDF/3421344190/10.1177_1948550614527115.pdf
10.1016_j.jebo.2017.10.009,10.1016_j.jebo.2017.10.009.pdf,Population uncertainty in voluntary contributions of public goods,"Kim, DG","Kim, Duk Gyoo",JOURNAL OF ECONOMIC BEHAVIOR & ORGANIZATION,2018,JAN,Article,145,,218,231,,10.1016/j.jebo.2017.10.009,http://dx.doi.org/10.1016/j.jebo.2017.10.009,WOS:000423649900013,6,7,Economics,Business & Economics,"Kim, DG (2018). Population uncertainty in voluntary contributions of public goods. JOURNAL OF ECONOMIC BEHAVIOR & ORGANIZATION, 145, 218-231. https://doi.org/10.1016/j.jebo.2017.10.009",empirical,experimental,lab_experiment,paper_collection/WoS_251029.Data/PDF/0186737643/10.1016_j.jebo.2017.10.009.pdf
10.1007_s12110-003-1007-z,10.1007_s12110-003-1007-z.pdf,Emotions and actions associated with norm-breaking events,"Wilson, DS; O'Gorman, R","Wilson, DS; O'Gorman, R",HUMAN NATURE-AN INTERDISCIPLINARY BIOSOCIAL PERSPECTIVE,2003,,Article,14,3,277,304,,10.1007/s12110-003-1007-z,http://dx.doi.org/10.1007/s12110-003-1007-z,WOS:000187703400004,41,49,"Anthropology; Social Sciences, Biomedical",Anthropology; Biomedical Social Sciences,"Wilson, DS; O'Gorman, R (2003). Emotions and actions associated with norm-breaking events. HUMAN NATURE-AN INTERDISCIPLINARY BIOSOCIAL PERSPECTIVE, 14(3), 277-304. https://doi.org/10.1007/s12110-003-1007-z",empirical,experimental,lab_experiment,paper_collection/WoS_251029.Data/PDF/1412017135/10.1007_s12110-003-1007-z.pdf
10.1007_s10683-013-9360-1,10.1007_s10683-013-9360-1.pdf,New insights into conditional cooperation and punishment from a strategy method experiment,"Cheung, SL","Cheung, Stephen L.",EXPERIMENTAL ECONOMICS,2014,MAR,Article,17,1,129,153,,10.1007/s10683-013-9360-1,http://dx.doi.org/10.1007/s10683-013-9360-1,WOS:000331223500007,23,28,Economics,Business & Economics,"Cheung, Stephen L. (2014). New insights into conditional cooperation and punishment from a strategy method experiment. EXPERIMENTAL ECONOMICS.",empirical,experimental,lab_experiment,paper_collection/WoS_251029.Data/PDF/1242608872/10.1007_s10683-013-9360-1.pdf
10.3389_fpsyg.2023.1198797,10.3389_fpsyg.2023.1198797.pdf,Punishment in the public goods game is evaluated negatively irrespective of non-cooperators' motivation,"Li, Y; Mifune, N","Li, Yang; Mifune, Nobuhiro",FRONTIERS IN PSYCHOLOGY,2023,JUN 29,Article,14,,,,1198797,10.3389/fpsyg.2023.1198797,http://dx.doi.org/10.3389/fpsyg.2023.1198797,WOS:001024988700001,5,5,"Psychology, Multidisciplinary",Psychology,"Li, Yang & Mifune, Nobuhiro (2023). Punishment in the public goods game is evaluated negatively irrespective of non-cooperators' motivation. FRONTIERS IN PSYCHOLOGY.",empirical,experimental,lab_experiment,paper_collection/WoS_251029.Data/PDF/2505467888/10.3389_fpsyg.2023.1198797.pdf
10.1016_j.jesp.2016.06.007,10.1016_j.jesp.2016.06.007.pdf,Third parties promote cooperative norms in repeated interactions,"Nakashima, NA; Halali, E; Halevy, N","Nakashima, Nathaniel A.; Halali, Eliran; Halevy, Nir",JOURNAL OF EXPERIMENTAL SOCIAL PSYCHOLOGY,2017,JAN,Article,68,,212,223,,10.1016/j.jesp.2016.06.007,http://dx.doi.org/10.1016/j.jesp.2016.06.007,WOS:000389396600025,27,33,"Psychology, Social",Psychology,"Nakashima, NA; Halali, E; Halevy, N (2017). Third parties promote cooperative norms in repeated interactions. JOURNAL OF EXPERIMENTAL SOCIAL PSYCHOLOGY, 68, 212-223. https://doi.org/10.1016/j.jesp.2016.06.007",empirical,experimental,lab_experiment,paper_collection/WoS_251029.Data/PDF/2073088030/10.1016_j.jesp.2016.06.007.pdf
10.1016_j.socec.2011.04.001,10.1016_j.socec.2011.04.001.pdf,Men among men do not take norm enforcement seriously,"Boschini, A; Muren, A; Persson, M","Boschini, Anne; Muren, Astri; Persson, Mats",JOURNAL OF SOCIO-ECONOMICS,2011,OCT,Article,40,5,523,529,,10.1016/j.socec.2011.04.001,http://dx.doi.org/10.1016/j.socec.2011.04.001,WOS:000208882700010,3,5,Economics,Business & Economics,"Boschini, Anne, Muren, Astri & Persson, Mats (2011). Men among men do not take norm enforcement seriously. JOURNAL OF SOCIO-ECONOMICS.",empirical,experimental,lab_experiment,paper_collection/WoS_251029.Data/PDF/3717339906/10.1016_j.socec.2011.04.001.pdf
10.1007_s40881-021-00101-z,10.1007_s40881-021-00101-z.pdf,Behavioral types of the dark side: identifying heterogeneous conflict strategies,"Bolle, F; Tan, JHW","Bolle, Friedel; Tan, Jonathan H. W.",JOURNAL OF THE ECONOMIC SCIENCE ASSOCIATION-JESA,2021,SEP,Article,7,1,49,63,,10.1007/s40881-021-00101-z,http://dx.doi.org/10.1007/s40881-021-00101-z,WOS:000672227300001,0,0,Economics,Business & Economics,"Bolle, F; Tan, JHW (2021). Behavioral types of the dark side: identifying heterogeneous conflict strategies. JOURNAL OF THE ECONOMIC SCIENCE ASSOCIATION-JESA, 7(1), 49-63. https://doi.org/10.1007/s40881-021-00101-z",empirical,experimental,lab_experiment,
10.1016_j.ecolecon.2011.05.011,10.1016_j.ecolecon.2011.05.011.pdf,Context matters to explain field experiments: Results from Colombian and Thai fishing villages,"Castillo, D; Bousquet, F; Janssen, MA; Worrapimphong, K; Cardenas, JC","Castillo, Daniel; Bousquet, Francois; Janssen, Marco A.; Worrapimphong, Kobchai; Camillo Cardenas, Juan",ECOLOGICAL ECONOMICS,2011,JUL 15,Article,70,9,1609,1620,,10.1016/j.ecolecon.2011.05.011,http://dx.doi.org/10.1016/j.ecolecon.2011.05.011,WOS:000292803300008,72,79,Ecology; Economics; Environmental Sciences; Environmental Studies,Environmental Sciences & Ecology; Business & Economics,"Castillo, D; Bousquet, F; Janssen, MA; Worrapimphong, K; Cardenas, JC (2011). Context matters to explain field experiments: Results from Colombian and Thai fishing villages. ECOLOGICAL ECONOMICS, 70(9), 1609-1620. https://doi.org/10.1016/j.ecolecon.2011.05.011",empirical,experimental,field_experiment,paper_collection/WoS_251029.Data/PDF/4034581302/10.1016_j.ecolecon.2011.05.011.pdf
10.1093_qje_qjy013,10.1093_qje_qjy013.pdf,GLOBAL EVIDENCE ON ECONOMIC PREFERENCES,"Falk, A; Becker, A; Dohmen, T; Enke, B; Huffman, D; Sunde, U","Falk, Armin; Becker, Anke; Dohmen, Thomas; Enke, Benjamin; Huffman, David; Sunde, Uwe",QUARTERLY JOURNAL OF ECONOMICS,2018,NOV,Article,133,4,1645,1692,,10.1093/qje/qjy013,http://dx.doi.org/10.1093/qje/qjy013,WOS:000451281400001,906,1217,Economics,Business & Economics,"Falk, A; Becker, A; Dohmen, T; Enke, B; Huffman, D; Sunde, U (2018). GLOBAL EVIDENCE ON ECONOMIC PREFERENCES. QUARTERLY JOURNAL OF ECONOMICS, 133(4), 1645-1692. https://doi.org/10.1093/qje/qjy013",empirical,observational,N/A,paper_collection/WoS_251029.Data/PDF/3975430280/10.1093_qje_qjy013.pdf
10.1523_jneurosci.1642-12.2013,10.1523_jneurosci.1642-12.2013.pdf,Computational Substrates of Norms and Their Violations during Social Exchange,"Xiang, T; Lohrenz, T; Montague, PR","Xiang, Ting; Lohrenz, Terry; Montague, P. Read",JOURNAL OF NEUROSCIENCE,2013,JAN 16,Article,33,3,1099,+,,10.1523/JNEUROSCI.1642-12.2013,http://dx.doi.org/10.1523/JNEUROSCI.1642-12.2013,WOS:000313955000025,147,170,Neurosciences,Neurosciences & Neurology,"Xiang, T; Lohrenz, T; Montague, PR (2013). Computational Substrates of Norms and Their Violations during Social Exchange. JOURNAL OF NEUROSCIENCE, 33(3), 1099-+. https://doi.org/10.1523/JNEUROSCI.1642-12.2013",empirical,experimental,lab_experiment,paper_collection/WoS_251029.Data/PDF/3221265411/10.1523_jneurosci.1642-12.2013.pdf
10.1038_s41598-017-11580-8,10.1038_s41598-017-11580-8.pdf,Caring Cooperators and Powerful Punishers: Differential Effects of Induced Care and Power Motivation on Different Types of Economic Decision Making,"Chierchia, G; Lesemann, FHP; Snower, D; Vogel, M; Singer, T","Chierchia, G.; Lesemann, F. H. Parianen; Snower, D.; Vogel, M.; Singer, T.",SCIENTIFIC REPORTS,2017,SEP 11,Article,7,,,,11068,10.1038/s41598-017-11580-8,http://dx.doi.org/10.1038/s41598-017-11580-8,WOS:000410062900011,15,16,Multidisciplinary Sciences,Science & Technology - Other Topics,"Chierchia, G., Lesemann, F. H. Parianen, Snower, D., Vogel, M. & Singer, T. (2017). Caring Cooperators and Powerful Punishers: Differential Effects of Induced Care and Power Motivation on Different Types of Economic Decision Making. SCIENTIFIC REPORTS.",empirical,experimental,lab_experiment,paper_collection/WoS_251029.Data/PDF/2388798977/10.1038_s41598-017-11580-8.pdf
10.1016_j.irle.2013.07.005,10.1016_j.irle.2013.07.005.pdf,First impressions are more important than early intervention: Qualifying broken windows theory in the lab,"Engel, C; Beckenkamp, M; Glöckner, A; Irlenbusch, B; Hennig-Schmidt, H; Kube, S; Kurschilgen, M; Morell, A; Nicklisch, A; Normann, HT; Towfigh, E","Engel, Christoph; Beckenkamp, Martin; Gloeckner, Andreas; Irlenbusch, Bernd; Hennig-Schmidt, Heike; Kube, Sebastian; Kurschilgen, Michael; Morell, Alexander; Nicklisch, Andreas; Normann, Hans-Theo; Towfigh, Emanuel",INTERNATIONAL REVIEW OF LAW AND ECONOMICS,2014,MAR,Article,37,,126,136,,10.1016/j.irle.2013.07.005,http://dx.doi.org/10.1016/j.irle.2013.07.005,WOS:000334090600013,16,21,Economics; Law,Business & Economics; Government & Law,"Engel, Christoph, Beckenkamp, Martin, Gloeckner, Andreas, Irlenbusch, Bernd, Hennig-Schmidt, Heike, Kube, Sebastian, Kurschilgen, Michael, Morell, Alexander, Nicklisch, Andreas, Normann, Hans-Theo & Towfigh, Emanuel (2014). First impressions are more important than early intervention: Qualifying broken windows theory in the lab. INTERNATIONAL REVIEW OF LAW AND ECONOMICS.",empirical,experimental,lab_experiment,paper_collection/WoS_251029.Data/PDF/2866124618/10.1016_j.irle.2013.07.005.pdf
10.1038_s41598-020-67757-1,10.1038_s41598-020-67757-1.pdf,Collective choice fosters sustainable resource management in the presence of asymmetric opportunities,"Nockur, L; Arndt, L; Keller, J; Pfattheicher, S","Nockur, Laila; Arndt, Laetitia; Keller, Johannes; Pfattheicher, Stefan",SCIENTIFIC REPORTS,2020,JUL 1,Article,10,1,,,10724,10.1038/s41598-020-67757-1,http://dx.doi.org/10.1038/s41598-020-67757-1,WOS:000546550700038,6,8,Multidisciplinary Sciences,Science & Technology - Other Topics,"Nockur, L; Arndt, L; Keller, J; Pfattheicher, S (2020). Collective choice fosters sustainable resource management in the presence of asymmetric opportunities. SCIENTIFIC REPORTS, 10(1), 10724. https://doi.org/10.1038/s41598-020-67757-1",empirical,experimental,lab_experiment,paper_collection/WoS_251029.Data/PDF/1203013321/10.1038_s41598-020-67757-1.pdf
10.1038_s41467-020-14712-3,10.1038_s41467-020-14712-3.pdf,Juvenile cleaner fish can socially learn the consequences of cheating,"Truskanov, N; Emery, Y; Bshary, R","Truskanov, Noa; Emery, Yasmin; Bshary, Redouan",NATURE COMMUNICATIONS,2020,MAR 3,Article,11,1,,,1159,10.1038/s41467-020-14712-3,http://dx.doi.org/10.1038/s41467-020-14712-3,WOS:000519259900002,18,18,Multidisciplinary Sciences,Science & Technology - Other Topics,"Truskanov, Noa, Emery, Yasmin & Bshary, Redouan (2020). Juvenile cleaner fish can socially learn the consequences of cheating. NATURE COMMUNICATIONS.",empirical,experimental,lab_experiment,paper_collection/WoS_251029.Data/PDF/2402540405/10.1038_s41467-020-14712-3.pdf
10.1016_j.jebo.2023.01.012,10.1016_j.jebo.2023.01.012.pdf,The effect of financial constraints on in-group bias: Evidence from rice farmers in Thailand,"Boonmanunt, S; Meier, S","Boonmanunt, Suparee; Meier, Stephan",JOURNAL OF ECONOMIC BEHAVIOR & ORGANIZATION,2023,MAR,Article,207,,96,109,,10.1016/j.jebo.2023.01.012,http://dx.doi.org/10.1016/j.jebo.2023.01.012,WOS:000926384800001,3,4,Economics,Business & Economics,"Boonmanunt, Suparee & Meier, Stephan (2023). The effect of financial constraints on in-group bias: Evidence from rice farmers in Thailand. JOURNAL OF ECONOMIC BEHAVIOR & ORGANIZATION.",empirical,experimental,lab_experiment,paper_collection/WoS_251029.Data/PDF/2132885249/10.1016_j.jebo.2023.01.012.pdf
10.3390_ijerph192416578,10.3390_ijerph192416578.pdf,Association between Cooperative Attitude and High-Risk Behaviors on the Spread of COVID-19 Infection among Medical Students in Japan,"Hirama, C; Zeng, ZC; Nawa, N; Fujiwara, T","Hirama, Chie; Zeng, Zechen; Nawa, Nobutoshi; Fujiwara, Takeo",INTERNATIONAL JOURNAL OF ENVIRONMENTAL RESEARCH AND PUBLIC HEALTH,2022,DEC,Article,19,24,,,16578,10.3390/ijerph192416578,http://dx.doi.org/10.3390/ijerph192416578,WOS:000901203500001,1,1,"Environmental Sciences; Public, Environmental & Occupational Health","Environmental Sciences & Ecology; Public, Environmental & Occupational Health","Hirama, Chie, Zeng, Zechen, Nawa, Nobutoshi & Fujiwara, Takeo (2022). Association between Cooperative Attitude and High-Risk Behaviors on the Spread of COVID-19 Infection among Medical Students in Japan. INTERNATIONAL JOURNAL OF ENVIRONMENTAL RESEARCH AND PUBLIC HEALTH.",empirical,observational,N/A,paper_collection/WoS_251029.Data/PDF/0582513990/10.3390_ijerph192416578.pdf
10.1016_j.jpubeco.2019.104053,10.1016_j.jpubeco.2019.104053.pdf,"Individual, Dictator, and Democratic punishment in public good games with perfect and imperfect observability","Ambrus, A; Greiner, B","Ambrus, Attila; Greiner, Ben",JOURNAL OF PUBLIC ECONOMICS,2019,OCT,Article,178,,,,104053,10.1016/j.jpubeco.2019.104053,http://dx.doi.org/10.1016/j.jpubeco.2019.104053,WOS:000501938300003,10,13,Economics,Business & Economics,"Ambrus, Attila & Greiner, Ben (2019). Individual, Dictator, and Democratic punishment in public good games with perfect and imperfect observability. JOURNAL OF PUBLIC ECONOMICS.",empirical,experimental,lab_experiment,paper_collection/WoS_251029.Data/PDF/1170388403/10.1016_j.jpubeco.2019.104053.pdf
10.3389_fnbeh.2016.00053,10.3389_fnbeh.2016.00053.pdf,"Counter-Punishment, Communication, and Cooperation among Partners","Andrighetto, G; Brandts, J; Conte, R; Sabater-Mir, J; Solaz, H; Székely, A; Villatoro, D","Andrighetto, Giulia; Brandts, Jordi; Conte, Rosaria; Sabater-Mir, Jordi; Solaz, Hector; Szekely, Aron; Villatoro, Daniel",FRONTIERS IN BEHAVIORAL NEUROSCIENCE,2016,APR 5,Article,10,,,,53,10.3389/fnbeh.2016.00053,http://dx.doi.org/10.3389/fnbeh.2016.00053,WOS:000373322000002,5,6,Behavioral Sciences; Neurosciences,Behavioral Sciences; Neurosciences & Neurology,"Andrighetto, Giulia, Brandts, Jordi, Conte, Rosaria, Sabater-Mir, Jordi, Solaz, Hector, Szekely, Aron & Villatoro, Daniel (2016). Counter-Punishment, Communication, and Cooperation among Partners. FRONTIERS IN BEHAVIORAL NEUROSCIENCE.",empirical,experimental,lab_experiment,paper_collection/WoS_251029.Data/PDF/3522114935/10.3389_fnbeh.2016.00053.pdf
10.1007_s12110-012-9136-x,10.1007_s12110-012-9136-x.pdf,Altruistic Punishment and Between-Group Competition Evidence from n-person Prisoner's Dilemmas,"Rebers, S; Koopmans, R","Rebers, Susanne; Koopmans, Ruud",HUMAN NATURE-AN INTERDISCIPLINARY BIOSOCIAL PERSPECTIVE,2012,JUN,Article,23,2,173,190,,10.1007/s12110-012-9136-x,http://dx.doi.org/10.1007/s12110-012-9136-x,WOS:000305912800003,12,15,"Anthropology; Social Sciences, Biomedical",Anthropology; Biomedical Social Sciences,"Rebers, Susanne & Koopmans, Ruud (2012). Altruistic Punishment and Between-Group Competition Evidence from n-person Prisoner's Dilemmas. HUMAN NATURE-AN INTERDISCIPLINARY BIOSOCIAL PERSPECTIVE.",empirical,experimental,other_experiment,paper_collection/WoS_251029.Data/PDF/1549495354/10.1007_s12110-012-9136-x.pdf
10.1371_journal.pone.0110045,10.1371_journal.pone.0110045.pdf,"Both Loved and Feared: Third Party Punishers Are Viewed as Formidable and Likeable, but These Reputational Benefits May Only Be Open to Dominant Individuals","Gordon, DS; Madden, JR; Lea, SEG","Gordon, David S.; Madden, Joah R.; Lea, Stephen E. G.",PLOS ONE,2014,OCT 27,Article,9,10,,,e110045,10.1371/journal.pone.0110045,http://dx.doi.org/10.1371/journal.pone.0110045,WOS:000347994900019,28,35,Multidisciplinary Sciences,Science & Technology - Other Topics,"Gordon, David S., Madden, Joah R. & Lea, Stephen E. G. (2014). Both Loved and Feared: Third Party Punishers Are Viewed as Formidable and Likeable, but These Reputational Benefits May Only Be Open to Dominant Individuals. PLOS ONE.",empirical,experimental,other_experiment,paper_collection/WoS_251029.Data/PDF/4005987940/10.1371_journal.pone.0110045.pdf
10.1523_jneurosci.0595-16.2016,10.1523_jneurosci.0595-16.2016.pdf,Intention Modulates the Effect of Punishment Threat in Norm Enforcement via the Lateral Orbitofrontal Cortex,"Zhang, Y; Yu, HB; Yin, Y; Zhou, XL","Zhang, Yuan; Yu, Hongbo; Yin, Yunlu; Zhou, Xiaolin",JOURNAL OF NEUROSCIENCE,2016,AUG 31,Article,36,35,9217,9226,,10.1523/JNEUROSCI.0595-16.2016,http://dx.doi.org/10.1523/JNEUROSCI.0595-16.2016,WOS:000384005600018,20,22,Neurosciences,Neurosciences & Neurology,"Zhang, Yuan, Yu, Hongbo, Yin, Yunlu & Zhou, Xiaolin (2016). Intention Modulates the Effect of Punishment Threat in Norm Enforcement via the Lateral Orbitofrontal Cortex. JOURNAL OF NEUROSCIENCE.",empirical,experimental,lab_experiment,paper_collection/WoS_251029.Data/PDF/3279520505/10.1523_jneurosci.0595-16.2016.pdf
10.1016_j.jebo.2008.09.007,10.1016_j.jebo.2008.09.007.pdf,Hierarchy and opportunism in teams,"van der Heijden, E; Potters, J; Sefton, M","van der Heijden, Eline; Potters, Jan; Sefton, Martin",JOURNAL OF ECONOMIC BEHAVIOR & ORGANIZATION,2009,JAN,Article,69,1,39,50,,10.1016/j.jebo.2008.09.007,http://dx.doi.org/10.1016/j.jebo.2008.09.007,WOS:000262848600005,39,48,Economics,Business & Economics,"van der Heijden, E; Potters, J; Sefton, M (2009). Hierarchy and opportunism in teams. JOURNAL OF ECONOMIC BEHAVIOR & ORGANIZATION, 69(1), 39-50. https://doi.org/10.1016/j.jebo.2008.09.007",empirical,experimental,lab_experiment,paper_collection/WoS_251029.Data/PDF/0093691606/10.1016_j.jebo.2008.09.007.pdf
10.1111_jssr.12045,10.1111_jssr.12045.pdf,"Religious Context and Prosociality: An Experimental Study from Valparaiso, Chile","Ahmed, A; Salas, O","Ahmed, Ali; Salas, Osvaldo",JOURNAL FOR THE SCIENTIFIC STUDY OF RELIGION,2013,SEP,Article,52,3,627,637,,10.1111/jssr.12045,http://dx.doi.org/10.1111/jssr.12045,WOS:000323890900011,28,33,Sociology; Religion,Sociology; Religion,"Ahmed, Ali & Salas, Osvaldo (2013). Religious Context and Prosociality: An Experimental Study from Valparaiso, Chile. JOURNAL FOR THE SCIENTIFIC STUDY OF RELIGION.",empirical,experimental,lab_experiment,paper_collection/WoS_241106.Data/PDF/0304089172/10.1111_jssr.12045.pdf
10.1016_j.irle.2014.03.001,10.1016_j.irle.2014.03.001.pdf,"How laws affect behavior: Obligations, incentives and cooperative behavior","Galbiati, R; Vertova, P","Galbiati, Roberto; Vertova, Pietro",INTERNATIONAL REVIEW OF LAW AND ECONOMICS,2014,JUN,Article,38,,48,57,,10.1016/j.irle.2014.03.001,http://dx.doi.org/10.1016/j.irle.2014.03.001,WOS:000337206000005,37,44,Economics; Law,Business & Economics; Government & Law,"Galbiati, R; Vertova, P (2014). How laws affect behavior: Obligations, incentives and cooperative behavior. INTERNATIONAL REVIEW OF LAW AND ECONOMICS, 38, 48-57. https://doi.org/10.1016/j.irle.2014.03.001",empirical,experimental,lab_experiment,paper_collection/WoS_251029.Data/PDF/0242097408/10.1016_j.irle.2014.03.001.pdf
10.1098_rsbl.2012.0470,10.1098_rsbl.2012.0470.pdf,"Human punishment is motivated by inequity aversion, not a desire for reciprocity","Raihani, NJ; McAuliffe, K","Raihani, N. J.; McAuliffe, K.",BIOLOGY LETTERS,2012,OCT 23,Article,8,5,802,804,,10.1098/rsbl.2012.0470,http://dx.doi.org/10.1098/rsbl.2012.0470,WOS:000308789200032,57,70,Biology; Ecology; Evolutionary Biology,Life Sciences & Biomedicine - Other Topics; Environmental Sciences & Ecology; Evolutionary Biology,"Raihani, N. J. & McAuliffe, K. (2012). Human punishment is motivated by inequity aversion, not a desire for reciprocity. BIOLOGY LETTERS.",empirical,experimental,other_experiment,paper_collection/WoS_251029.Data/PDF/3730853768/10.1098_rsbl.2012.0470.pdf
10.1038_s41598-024-77190-3,10.1038_s41598-024-77190-3.pdf,The effect of trusting contexts in social dilemmas with collective and individual solutions,"Lo Iacono, S; Sonmez, B; Fairbrother, M","Lo Iacono, Sergio; Sonmez, Burak; Fairbrother, Malcolm",SCIENTIFIC REPORTS,2024,OCT 30,Article,14,1,,,26048,10.1038/s41598-024-77190-3,http://dx.doi.org/10.1038/s41598-024-77190-3,WOS:001345874700018,3,3,Multidisciplinary Sciences,Science & Technology - Other Topics,"Lo Iacono, S; Sonmez, B; Fairbrother, M (2024). The effect of trusting contexts in social dilemmas with collective and individual solutions. SCIENTIFIC REPORTS, 14(1), 26048. https://doi.org/10.1038/s41598-024-77190-3",empirical,experimental,lab_experiment,paper_collection/WoS_251029.Data/PDF/2715492412/10.1038_s41598-024-77190-3.pdf
10.1016_j.jrp.2016.08.004,10.1016_j.jrp.2016.08.004.pdf,The two faces of cooperation: On the unique role of HEXACO Agreeableness for forgiveness versus retaliation,"Hilbig, BE; Thielmann, I; Klein, SA; Henninger, F","Hilbig, Benjamin E.; Thielmann, Isabel; Klein, Sina A.; Henninger, Felix",JOURNAL OF RESEARCH IN PERSONALITY,2016,OCT,Article,64,,69,78,,10.1016/j.jrp.2016.08.004,http://dx.doi.org/10.1016/j.jrp.2016.08.004,WOS:000384788400007,37,37,"Psychology, Social",Psychology,"Hilbig, Benjamin E., Thielmann, Isabel, Klein, Sina A. & Henninger, Felix (2016). The two faces of cooperation: On the unique role of HEXACO Agreeableness for forgiveness versus retaliation. JOURNAL OF RESEARCH IN PERSONALITY.",empirical,experimental,lab_experiment,paper_collection/WoS_251029.Data/PDF/3075409185/10.1016_j.jrp.2016.08.004.pdf
10.17583_hse.12426,10.17583_hse.12426.pdf,"History of Agricultural Collectives in India: Past, Present and Future","Bharti, N; Malik, S","Bharti, Nisha; Malik, Sushant",HSE-SOCIAL AND EDUCATION HISTORY,2023,OCT,Article,12,3,292,307,,10.17583/hse.12426,http://dx.doi.org/10.17583/hse.12426,WOS:001092359300004,0,0,History Of Social Sciences,Social Sciences - Other Topics,"Bharti, N; Malik, S (2023). History of Agricultural Collectives in India: Past, Present and Future. HSE-SOCIAL AND EDUCATION HISTORY, 12(3), 292-307. https://doi.org/10.17583/hse.12426",empirical,observational,N/A,paper_collection/WoS_251029.Data/PDF/3967525996/10.17583_hse.12426.pdf
10.1177_0146167216629123,10.1177_0146167216629123.pdf,Third-Party Cooperation: How Reducing Material Involvement Enhances Contributions to the Public Good,"Vermeer, ABL; Heerema, RL; Sanfey, AG","Vermeer, Annabel B. Losecaat; Heerema, Roeland L.; Sanfey, Alan G.",PERSONALITY AND SOCIAL PSYCHOLOGY BULLETIN,2016,MAR,Article,42,3,337,349,,10.1177/0146167216629123,http://dx.doi.org/10.1177/0146167216629123,WOS:000370414600005,2,2,"Psychology, Social",Psychology,"Vermeer, ABL; Heerema, RL; Sanfey, AG (2016). Third-Party Cooperation: How Reducing Material Involvement Enhances Contributions to the Public Good. PERSONALITY AND SOCIAL PSYCHOLOGY BULLETIN, 42(3), 337-349. https://doi.org/10.1177/0146167216629123",empirical,experimental,lab_experiment,paper_collection/WoS_251029.Data/PDF/2555550623/10.1177_0146167216629123.pdf
10.1016_j.jebo.2025.107207,10.1016_j.jebo.2025.107207.pdf,"Social context, framing, and compliance with the law: experimental evidence","Chavez, CA; Murphy, JJ; Stranlund, JK","Chavez, Carlos A.; Murphy, James J.; Stranlund, John K.",JOURNAL OF ECONOMIC BEHAVIOR & ORGANIZATION,2025,OCT,Article,238,,,,107207,10.1016/j.jebo.2025.107207,http://dx.doi.org/10.1016/j.jebo.2025.107207,WOS:001561310700001,0,0,Economics,Business & Economics,"Chavez, CA; Murphy, JJ; Stranlund, JK (2025). Social context, framing, and compliance with the law: experimental evidence. JOURNAL OF ECONOMIC BEHAVIOR & ORGANIZATION, 238, 107207. https://doi.org/10.1016/j.jebo.2025.107207",empirical,experimental,lab_experiment,paper_collection/WoS_251029.Data/PDF/2844336349/10.1016_j.jebo.2025.107207.pdf
10.1017_s1355770x12000381,10.1017_s1355770x12000381.pdf,"Problems of the commons: group behavior, cooperation and sanctioning in a two-harbor experiment","Zhosan, D; Gardner, R","Zhosan, Dmytro; Gardner, Roy",ENVIRONMENT AND DEVELOPMENT ECONOMICS,2013,FEB,Article,18,1,7,25,,10.1017/S1355770X12000381,http://dx.doi.org/10.1017/S1355770X12000381,WOS:000314300000002,0,0,Economics; Environmental Studies,Business & Economics; Environmental Sciences & Ecology,"Zhosan, Dmytro & Gardner, Roy (2013). Problems of the commons: group behavior, cooperation and sanctioning in a two-harbor experiment. ENVIRONMENT AND DEVELOPMENT ECONOMICS.",empirical,experimental,lab_experiment,paper_collection/WoS_251029.Data/PDF/2604135442/10.1017_s1355770x12000381.pdf
10.1007_s11031-014-9395-4,10.1007_s11031-014-9395-4.pdf,Anger motivates costly punishment of unfair behavior,"Seip, EC; Van Dijk, WW; Rotteveel, M","Seip, Elise C.; Van Dijk, Wilco W.; Rotteveel, Mark",MOTIVATION AND EMOTION,2014,AUG,Article,38,4,578,588,,10.1007/s11031-014-9395-4,http://dx.doi.org/10.1007/s11031-014-9395-4,WOS:000338286300012,74,78,"Psychology, Experimental; Psychology, Social",Psychology,"Seip, Elise C., Van Dijk, Wilco W. & Rotteveel, Mark (2014). Anger motivates costly punishment of unfair behavior. MOTIVATION AND EMOTION.",empirical,experimental,lab_experiment,paper_collection/WoS_251029.Data/PDF/0775056794/10.1007_s11031-014-9395-4.pdf
10.1016_j.jesp.2019.02.009,10.1016_j.jesp.2019.02.009.pdf,Bad luck or bad intentions: When do third parties reveal offenders' intentions to victims?,"Hart, E; Mellers, BA; Bicchieri, C","Hart, Einav; Mellers, Barbara A.; Bicchieri, Cristina",JOURNAL OF EXPERIMENTAL SOCIAL PSYCHOLOGY,2019,SEP,Article,84,,,,103788,10.1016/j.jesp.2019.02.009,http://dx.doi.org/10.1016/j.jesp.2019.02.009,WOS:000486107200029,6,7,"Psychology, Social",Psychology,"Hart, E; Mellers, BA; Bicchieri, C (2019). Bad luck or bad intentions: When do third parties reveal offenders' intentions to victims?. JOURNAL OF EXPERIMENTAL SOCIAL PSYCHOLOGY, 84, 103788. https://doi.org/10.1016/j.jesp.2019.02.009",empirical,experimental,lab_experiment,paper_collection/WoS_251029.Data/PDF/0579028313/10.1016_j.jesp.2019.02.009.pdf
10.1016_s0167-2681(98)00121-8,10.1016_s0167-2681(98)00121-8.pdf,The sound of silence in prisoner's dilemma and dictator games,"Bohnet, I; Frey, BS","Bohnet, I; Frey, BS",JOURNAL OF ECONOMIC BEHAVIOR & ORGANIZATION,1999,JAN,Article,38,1,43,57,,10.1016/S0167-2681(98)00121-8,http://dx.doi.org/10.1016/S0167-2681(98)00121-8,WOS:000078360400003,238,293,Economics,Business & Economics,"Bohnet, I; Frey, BS (1999). The sound of silence in prisoner's dilemma and dictator games. JOURNAL OF ECONOMIC BEHAVIOR & ORGANIZATION, 38(1), 43-57. https://doi.org/10.1016/S0167-2681(98)00121-8",empirical,experimental,lab_experiment,paper_collection/WoS_251029.Data/PDF/0792378194/10.1016_s0167-2681(98)00121-8.pdf
10.1073_pnas.0908855106,10.1073_pnas.0908855106.pdf,Neural responses to sanction threats in two-party economic exchange,"Li, J; Xiao, E; Houser, D; Montague, PR","Li, Jian; Xiao, Erte; Houser, Daniel; Montague, P. Read",PROCEEDINGS OF THE NATIONAL ACADEMY OF SCIENCES OF THE UNITED STATES OF AMERICA,2009,SEP 29,Article,106,39,16835,16840,,10.1073/pnas.0908855106,http://dx.doi.org/10.1073/pnas.0908855106,WOS:000270305800053,71,85,Multidisciplinary Sciences,Science & Technology - Other Topics,"Li, Jian, Xiao, Erte, Houser, Daniel & Montague, P. Read (2009). Neural responses to sanction threats in two-party economic exchange. PROCEEDINGS OF THE NATIONAL ACADEMY OF SCIENCES OF THE UNITED STATES OF AMERICA.",empirical,experimental,lab_experiment,paper_collection/WoS_251029.Data/PDF/1644730116/10.1073_pnas.0908855106.pdf
10.1016_j.jpubeco.2021.104429,10.1016_j.jpubeco.2021.104429.pdf,Trigger-happy or precisionist? On demand for monitoring in peer-based public goods provision,"Nicklisch, A; Putterman, L; Thöni, C","Nicklisch, Andreas; Putterman, Louis; Thoni, Christian",JOURNAL OF PUBLIC ECONOMICS,2021,AUG,Article,200,,,,104429,10.1016/j.jpubeco.2021.104429,http://dx.doi.org/10.1016/j.jpubeco.2021.104429,WOS:000677702600016,2,2,Economics,Business & Economics,"Nicklisch, Andreas, Putterman, Louis & Thoni, Christian (2021). Trigger-happy or precisionist? On demand for monitoring in peer-based public goods provision. JOURNAL OF PUBLIC ECONOMICS.",empirical,experimental,lab_experiment,paper_collection/WoS_251029.Data/PDF/0219594302/10.1016_j.jpubeco.2021.104429.pdf
10.1007_s11558-025-09594-3,10.1007_s11558-025-09594-3.pdf,How do higher-order punishment institutions shape cooperation and norm-enforcement?,"Krügel, JP; Maaser, N","Krugel, Jan Philipp; Maaser, Nicola",REVIEW OF INTERNATIONAL ORGANIZATIONS,2025,2025 MAY 9,Article; Early Access,,,,,,10.1007/s11558-025-09594-3,http://dx.doi.org/10.1007/s11558-025-09594-3,WOS:001484431400001,0,0,Economics; International Relations; Political Science,Business & Economics; International Relations; Government & Law,"Krugel, Jan Philipp & Maaser, Nicola (2025). How do higher-order punishment institutions shape cooperation and norm-enforcement?. REVIEW OF INTERNATIONAL ORGANIZATIONS.",empirical,experimental,lab_experiment,paper_collection/WoS_251029.Data/PDF/1541787377/10.1007_s11558-025-09594-3.pdf
10.1016_j.jebo.2023.04.028,10.1016_j.jebo.2023.04.028.pdf,The endogenous formation of common pool resource coalitions,"Chávez, CA; Murphy, JJ; Quezada, FJ; Stranlund, JK","Chavez, Carlos A.; Murphy, James J.; Quezada, Felipe J.; Stranlund, John K.",JOURNAL OF ECONOMIC BEHAVIOR & ORGANIZATION,2023,JUL,Article,211,,82,102,,10.1016/j.jebo.2023.04.028,http://dx.doi.org/10.1016/j.jebo.2023.04.028,WOS:000998963600001,2,2,Economics,Business & Economics,"Chávez, CA; Murphy, JJ; Quezada, FJ; Stranlund, JK (2023). The endogenous formation of common pool resource coalitions. JOURNAL OF ECONOMIC BEHAVIOR & ORGANIZATION, 211, 82-102. https://doi.org/10.1016/j.jebo.2023.04.028",empirical,experimental,field_experiment,paper_collection/WoS_251029.Data/PDF/2896556829/10.1016_j.jebo.2023.04.028.pdf
10.1177_09567976211054786,10.1177_09567976211054786.pdf,Material Benefits Crowd Out Moralistic Punishment,"Rai, TS","Rai, Tage S.",PSYCHOLOGICAL SCIENCE,2022,MAY,Article,33,5,789,797,9567976211054786,10.1177/09567976211054786,http://dx.doi.org/10.1177/09567976211054786,WOS:000789184800001,8,11,"Psychology, Multidisciplinary",Psychology,"Rai, TS (2022). Material Benefits Crowd Out Moralistic Punishment. PSYCHOLOGICAL SCIENCE, 33(5), 789-797. https://doi.org/10.1177/09567976211054786",empirical,experimental,lab_experiment,paper_collection/WoS_251029.Data/PDF/1048536879/10.1177_09567976211054786.pdf
10.1016_s0167-2681(02)00098-7,10.1016_s0167-2681(02)00098-7.pdf,Decentralized management of common property resources: experiments with a centuries-old institution,"Casari, M; Plott, CR","Casari, M; Plott, CR",JOURNAL OF ECONOMIC BEHAVIOR & ORGANIZATION,2003,JUN,Article,51,2,217,247,PII S0167-2681(02)00098-7,10.1016/S0167-2681(02)00098-7,http://dx.doi.org/10.1016/S0167-2681(02)00098-7,WOS:000183085400004,116,134,Economics,Business & Economics,"Casari, M & Plott, CR (2003). Decentralized management of common property resources: experiments with a centuries-old institution. JOURNAL OF ECONOMIC BEHAVIOR & ORGANIZATION.",empirical,experimental,lab_experiment,paper_collection/WoS_251029.Data/PDF/3375498704/10.1016_s0167-2681(02)00098-7.pdf
10.1016_j.jebo.2023.09.007,10.1016_j.jebo.2023.09.007.pdf,"Mothers, fathers, and others: Competition and cooperation in the aftermath of conflict","Cassar, A; Grosjean, P; Khan, FJ; Lambert, M","Cassar, Alessandra; Grosjean, Pauline; Khan, Fatima Jamal; Lambert, Miranda",JOURNAL OF ECONOMIC BEHAVIOR & ORGANIZATION,2023,NOV,Article,215,,207,223,,10.1016/j.jebo.2023.09.007,http://dx.doi.org/10.1016/j.jebo.2023.09.007,WOS:001083046500001,2,3,Economics,Business & Economics,"Cassar, A; Grosjean, P; Khan, FJ; Lambert, M (2023). Mothers, fathers, and others: Competition and cooperation in the aftermath of conflict. JOURNAL OF ECONOMIC BEHAVIOR & ORGANIZATION, 215, 207-223. https://doi.org/10.1016/j.jebo.2023.09.007",empirical,experimental,lab_experiment,paper_collection/WoS_251029.Data/PDF/0089439146/10.1016_j.jebo.2023.09.007.pdf
10.3389_fpsyg.2018.01865,10.3389_fpsyg.2018.01865.pdf,Both Rewards and Moral Praise Can Increase the Prosocial Decisions: Revealed in a Modified Ultimatum Game Task,"Wang, XL; Han, JH; Li, FH; Cao, BH","Wang, Xiangling; Han, Jiahui; Li, Fuhong; Cao, Bihua",FRONTIERS IN PSYCHOLOGY,2018,OCT 4,Article,9,,,,1865,10.3389/fpsyg.2018.01865,http://dx.doi.org/10.3389/fpsyg.2018.01865,WOS:000446366900001,7,7,"Psychology, Multidisciplinary",Psychology,"Wang, XL; Han, JH; Li, FH; Cao, BH (2018). Both Rewards and Moral Praise Can Increase the Prosocial Decisions: Revealed in a Modified Ultimatum Game Task. FRONTIERS IN PSYCHOLOGY, 9, 1865. https://doi.org/10.3389/fpsyg.2018.01865",empirical,experimental,lab_experiment,paper_collection/WoS_251029.Data/PDF/4044079270/10.3389_fpsyg.2018.01865.pdf
10.1111_ecin.12477,10.1111_ecin.12477.pdf,REPUTATION TRANSMISSION WITHOUT BENEFIT TO THE REPORTER: A BEHAVIORAL UNDERPINNING OF MARKETS IN EXPERIMENTAL FOCUS,"Kamei, K; Putterman, L","Kamei, Kenju; Putterman, Louis",ECONOMIC INQUIRY,2018,JAN,Article,56,1,158,172,,10.1111/ecin.12477,http://dx.doi.org/10.1111/ecin.12477,WOS:000430191800008,5,9,Economics,Business & Economics,"Kamei, K; Putterman, L (2018). REPUTATION TRANSMISSION WITHOUT BENEFIT TO THE REPORTER: A BEHAVIORAL UNDERPINNING OF MARKETS IN EXPERIMENTAL FOCUS. ECONOMIC INQUIRY, 56(1), 158-172. https://doi.org/10.1111/ecin.12477",empirical,experimental,lab_experiment,paper_collection/WoS_251029.Data/PDF/2257451302/10.1111_ecin.12477.pdf
10.1063_5.0147226,10.1063_5.0147226.pdf,Deterrence through punishment can resolve collective risk dilemmas in carbon emission games,"Jiang, LL; Chen, Z; Perc, M; Wang, Z; Kurths, J; Moreno, Y","Jiang, Luo-Luo; Chen, Zhi; Perc, Matjaz; Wang, Zhen; Kurths, Jurgen; Moreno, Yamir",CHAOS,2023,APR,Article,33,4,,,43127,10.1063/5.0147226,http://dx.doi.org/10.1063/5.0147226,WOS:000972044100003,14,14,"Mathematics, Applied; Physics, Mathematical",Mathematics; Physics,"Jiang, Luo-Luo, Chen, Zhi, Perc, Matjaz, Wang, Zhen, Kurths, Jurgen & Moreno, Yamir (2023). Deterrence through punishment can resolve collective risk dilemmas in carbon emission games. CHAOS.",empirical,experimental,lab_experiment,paper_collection/WoS_251029.Data/PDF/2022337363/10.1063_5.0147226.pdf
10.2307_2667052,10.2307_2667052.pdf,"Sanctioning systems, decision frames, and cooperation","Tenbrunsel, AE; Messick, DM","Tenbrunsel, AE; Messick, DM",ADMINISTRATIVE SCIENCE QUARTERLY,1999,DEC,Article,44,4,684,707,,10.2307/2667052,http://dx.doi.org/10.2307/2667052,WOS:000084456900002,478,590,Business; Management,Business & Economics,"Tenbrunsel, AE & Messick, DM (1999). Sanctioning systems, decision frames, and cooperation. ADMINISTRATIVE SCIENCE QUARTERLY.",empirical,experimental,lab_experiment,paper_collection/WoS_251029.Data/PDF/3811051759/10.2307_2667052.pdf
10.1093_sf_soad073,10.1093_sf_soad073.pdf,An Eye For an Eye Versus Turning The Other Cheek? The Status Consequences of Revenge and Forgiveness in Intergroup Conflict,"Benard, S; Doan, L; Nicholson, DA; Meanwell, E; Wright, EL; Lista, P","Benard, Stephen; Doan, Long; Nicholson, D. Adam; Meanwell, Emily; Wright, Eric L.; Lista, Peter",SOCIAL FORCES,2024,JAN 15,Article,102,3,1200,1219,,10.1093/sf/soad073,http://dx.doi.org/10.1093/sf/soad073,WOS:000998285600001,1,1,Sociology,Sociology,"Benard, S; Doan, L; Nicholson, DA; Meanwell, E; Wright, EL; Lista, P (2024). An Eye For an Eye Versus Turning The Other Cheek? The Status Consequences of Revenge and Forgiveness in Intergroup Conflict. SOCIAL FORCES, 102(3), 1200-1219. https://doi.org/10.1093/sf/soad073",empirical,experimental,field_experiment,paper_collection/WoS_251029.Data/PDF/3919361718/10.1093_sf_soad073.pdf
10.1016_j.evolhumbehav.2022.10.002,10.1016_j.evolhumbehav.2022.10.002.pdf,"Why punish cheaters? Those who withdraw cooperation enjoy better reputations than punishers, but both are viewed as difficult to exploit","Arai, S; Tooby, J; Cosmides, L","Arai, Sakura; Tooby, John; Cosmides, Leda",EVOLUTION AND HUMAN BEHAVIOR,2023,JAN,Article,44,1,50,59,,10.1016/j.evolhumbehav.2022.10.002,http://dx.doi.org/10.1016/j.evolhumbehav.2022.10.002,WOS:000909230100001,4,4,"Psychology, Biological; Behavioral Sciences; Social Sciences, Biomedical",Psychology; Behavioral Sciences; Biomedical Social Sciences,"Arai, Sakura, Tooby, John & Cosmides, Leda (2023). Why punish cheaters? Those who withdraw cooperation enjoy better reputations than punishers, but both are viewed as difficult to exploit. EVOLUTION AND HUMAN BEHAVIOR.",empirical,experimental,lab_experiment,paper_collection/WoS_251029.Data/PDF/3593016854/10.1016_j.evolhumbehav.2022.10.002.pdf
10.1016_j.jpubeco.2016.09.008,10.1016_j.jpubeco.2016.09.008.pdf,Information-sensitive Leviathans,"Nicklisch, A; Grechenig, K; Thöni, C","Nicklisch, Andreas; Grechenig, Kristoffel; Thoeni, Christian",JOURNAL OF PUBLIC ECONOMICS,2016,DEC,Article,144,,1,13,,10.1016/j.jpubeco.2016.09.008,http://dx.doi.org/10.1016/j.jpubeco.2016.09.008,WOS:000390074400001,32,37,Economics,Business & Economics,"Nicklisch, Andreas, Grechenig, Kristoffel & Thoeni, Christian (2016). Information-sensitive Leviathans. JOURNAL OF PUBLIC ECONOMICS.",empirical,experimental,lab_experiment,paper_collection/WoS_251029.Data/PDF/0555099393/10.1016_j.jpubeco.2016.09.008.pdf
10.1016_j.joep.2018.09.006,10.1016_j.joep.2018.09.006.pdf,"To claim or not to claim: Anonymity, symmetric externalities and honesty","Schitter, C; Fleiss, J; Palan, S","Schitter, Christian; Fleiss, Juergen; Palan, Stefan",JOURNAL OF ECONOMIC PSYCHOLOGY,2019,MAR,Article,71,,13,36,,10.1016/j.joep.2018.09.006,http://dx.doi.org/10.1016/j.joep.2018.09.006,WOS:000466623600003,7,11,"Economics; Psychology, Multidisciplinary",Business & Economics; Psychology,"Schitter, C; Fleiss, J; Palan, S (2019). To claim or not to claim: Anonymity, symmetric externalities and honesty. JOURNAL OF ECONOMIC PSYCHOLOGY, 71, 13-36. https://doi.org/10.1016/j.joep.2018.09.006",empirical,experimental,lab_experiment,paper_collection/WoS_251029.Data/PDF/3947212610/10.1016_j.joep.2018.09.006.pdf
10.1126_sciadv.aau5175,10.1126_sciadv.aau5175.pdf,Motivating the adoption of new community-minded behaviors: An empirical test in Nigeria,"Blair, G; Littman, R; Paluck, EL","Blair, Graeme; Littman, Rebecca; Paluck, Elizabeth Levy",SCIENCE ADVANCES,2019,MAR,Article,5,3,,,eaau5175,10.1126/sciadv.aau5175,http://dx.doi.org/10.1126/sciadv.aau5175,WOS:000462564300018,44,56,Multidisciplinary Sciences,Science & Technology - Other Topics,"Blair, G; Littman, R; Paluck, EL (2019). Motivating the adoption of new community-minded behaviors: An empirical test in Nigeria. SCIENCE ADVANCES, 5(3), eaau5175. https://doi.org/10.1126/sciadv.aau5175",empirical,experimental,field_experiment,paper_collection/WoS_251029.Data/PDF/2399320402/10.1126_sciadv.aau5175.pdf
10.1016_j.jpubeco.2015.03.012,10.1016_j.jpubeco.2015.03.012.pdf,Norm enforcement in social dilemmas: An experiment with police commissioners,"Dickinson, DL; Masclet, D; Villeval, MC","Dickinson, David L.; Masclet, David; Villeval, Marie Claire",JOURNAL OF PUBLIC ECONOMICS,2015,JUN,Article,126,,74,85,,10.1016/j.jpubeco.2015.03.012,http://dx.doi.org/10.1016/j.jpubeco.2015.03.012,WOS:000357753400006,20,27,Economics,Business & Economics,"Dickinson, David L., Masclet, David & Villeval, Marie Claire (2015). Norm enforcement in social dilemmas: An experiment with police commissioners. JOURNAL OF PUBLIC ECONOMICS.",empirical,experimental,lab_experiment,paper_collection/WoS_251029.Data/PDF/2805478233/10.1016_j.jpubeco.2015.03.012.pdf
10.1257_aer.90.4.980,10.1257_aer.90.4.980.pdf,Cooperation and punishment in public goods experiments,"Fehr, E; Gächter, S","Fehr, E; Gächter, S",AMERICAN ECONOMIC REVIEW,2000,SEP,Article,90,4,980,994,,10.1257/aer.90.4.980,http://dx.doi.org/10.1257/aer.90.4.980,WOS:000089431700015,2459,2931,Economics,Business & Economics,"Fehr, E & Gächter, S (2000). Cooperation and punishment in public goods experiments. AMERICAN ECONOMIC REVIEW.",empirical,experimental,lab_experiment,paper_collection/WoS_251029.Data/PDF/2009726312/10.1257_aer.90.4.980.pdf
10.1080_15534510.2019.1641147,10.1080_15534510.2019.1641147.pdf,Creating sanctioning norms in the lab: the influence of descriptive norms in third-party punishment,"Lois, G; Wessa, M","Lois, Giannis; Wessa, Michele",SOCIAL INFLUENCE,2019,APR 3,Article,14,2,50,63,,10.1080/15534510.2019.1641147,http://dx.doi.org/10.1080/15534510.2019.1641147,WOS:000479074700003,2,4,"Psychology, Social",Psychology,"Lois, Giannis & Wessa, Michele (2019). Creating sanctioning norms in the lab: the influence of descriptive norms in third-party punishment. SOCIAL INFLUENCE.",empirical,experimental,lab_experiment,paper_collection/WoS_251029.Data/PDF/2525825844/10.1080_15534510.2019.1641147.pdf
10.1257_aer.102.7.3317,10.1257_aer.102.7.3317.pdf,Imperfect Public Monitoring with Costly Punishment: An Experimental Study,"Ambrus, A; Greiner, B","Ambrus, Attila; Greiner, Ben",AMERICAN ECONOMIC REVIEW,2012,DEC,Article,102,7,3317,3332,,10.1257/aer.102.7.3317,http://dx.doi.org/10.1257/aer.102.7.3317,WOS:000312093000007,78,101,Economics,Business & Economics,"Ambrus, Attila & Greiner, Ben (2012). Imperfect Public Monitoring with Costly Punishment: An Experimental Study. AMERICAN ECONOMIC REVIEW.",empirical,experimental,lab_experiment,paper_collection/WoS_251029.Data/PDF/2426206510/10.1257_aer.102.7.3317.pdf
10.1073_pnas.0710069105,10.1073_pnas.0710069105.pdf,Heritability of cooperative behavior in the trust game,"Cesarini, D; Dawes, CT; Fowler, JH; Johannesson, M; Lichtenstein, P; Wallace, B","Cesarini, David; Dawes, Christopher T.; Fowler, James H.; Johannesson, Magnus; Lichtenstein, Paul; Wallace, Bjorn",PROCEEDINGS OF THE NATIONAL ACADEMY OF SCIENCES OF THE UNITED STATES OF AMERICA,2008,MAR 11,Article,105,10,3721,3726,,10.1073/pnas.0710069105,http://dx.doi.org/10.1073/pnas.0710069105,WOS:000253930600013,257,311,Multidisciplinary Sciences,Science & Technology - Other Topics,"Cesarini, D; Dawes, CT; Fowler, JH; Johannesson, M; Lichtenstein, P; Wallace, B (2008). Heritability of cooperative behavior in the trust game. PROCEEDINGS OF THE NATIONAL ACADEMY OF SCIENCES OF THE UNITED STATES OF AMERICA, 105(10), 3721-3726. https://doi.org/10.1073/pnas.0710069105",empirical,experimental,lab_experiment,paper_collection/WoS_251029.Data/PDF/3936859996/10.1073_pnas.0710069105.pdf
10.1038_s41562-022-01457-w,10.1038_s41562-022-01457-w.pdf,Corrupt third parties undermine trust and prosocial behaviour between people,"Spadaro, G; Molho, C; Van Prooijen, JW; Romano, A; Mosso, CO; Van Lange, PAM","Spadaro, Giuliana; Molho, Catherine; Van Prooijen, Jan-Willem; Romano, Angelo; Mosso, Cristina O.; Van Lange, Paul A. M.",NATURE HUMAN BEHAVIOUR,2023,JAN,Article,7,1,46,+,,10.1038/s41562-022-01457-w,http://dx.doi.org/10.1038/s41562-022-01457-w,WOS:000874440100001,25,27,"Psychology, Biological; Multidisciplinary Sciences; Neurosciences; Psychology, Experimental",Psychology; Science & Technology - Other Topics; Neurosciences & Neurology,"Spadaro, Giuliana, Molho, Catherine, Van Prooijen, Jan-Willem, Romano, Angelo, Mosso, Cristina O. & Van Lange, Paul A. M. (2023). Corrupt third parties undermine trust and prosocial behaviour between people. NATURE HUMAN BEHAVIOUR.",empirical,experimental,lab_experiment,paper_collection/WoS_251029.Data/PDF/0108451979/10.1038_s41562-022-01457-w.pdf
10.1016_j.evolhumbehav.2015.12.003,10.1016_j.evolhumbehav.2015.12.003.pdf,Generosity is a sign of trustworthiness-the punishment of selfishness is not,"Przepiorka, W; Liebe, U","Przepiorka, Wojtek; Liebe, Ulf",EVOLUTION AND HUMAN BEHAVIOR,2016,JUL,Article,37,4,255,262,,10.1016/j.evolhumbehav.2015.12.003,http://dx.doi.org/10.1016/j.evolhumbehav.2015.12.003,WOS:000377641600001,37,46,"Psychology, Biological; Behavioral Sciences; Social Sciences, Biomedical",Psychology; Behavioral Sciences; Biomedical Social Sciences,"Przepiorka, Wojtek & Liebe, Ulf (2016). Generosity is a sign of trustworthiness-the punishment of selfishness is not. EVOLUTION AND HUMAN BEHAVIOR.",empirical,experimental,lab_experiment,paper_collection/WoS_251029.Data/PDF/0863689917/10.1016_j.evolhumbehav.2015.12.003.pdf
10.1111_geer.12103,10.1111_geer.12103.pdf,Designing Institutions for Social Dilemmas,"Rockenbach, B; Wolff, I","Rockenbach, Bettina; Wolff, Irenaeus",GERMAN ECONOMIC REVIEW,2016,AUG,Article,17,3,316,336,,10.1111/geer.12103,http://dx.doi.org/10.1111/geer.12103,WOS:000380367000004,7,9,Economics,Business & Economics,"Rockenbach, Bettina & Wolff, Irenaeus (2016). Designing Institutions for Social Dilemmas. GERMAN ECONOMIC REVIEW.",empirical,experimental,lab_experiment,paper_collection/WoS_251029.Data/PDF/1097663793/10.1111_geer.12103.pdf
10.1111_ajps.12139,10.1111_ajps.12139.pdf,Institutional Sources of Legitimate Authority: An Experimental Investigation,"Dickson, ES; Gordon, SC; Huber, GA","Dickson, Eric S.; Gordon, Sanford C.; Huber, Gregory A.",AMERICAN JOURNAL OF POLITICAL SCIENCE,2015,JAN,Article,59,1,109,127,,10.1111/ajps.12139,http://dx.doi.org/10.1111/ajps.12139,WOS:000347897800007,30,41,Political Science,Government & Law,"Dickson, Eric S., Gordon, Sanford C. & Huber, Gregory A. (2015). Institutional Sources of Legitimate Authority: An Experimental Investigation. AMERICAN JOURNAL OF POLITICAL SCIENCE.",empirical,experimental,lab_experiment,paper_collection/WoS_251029.Data/PDF/1080502308/10.1111_ajps.12139.pdf
10.1016_j.chaos.2021.111183,10.1016_j.chaos.2021.111183.pdf,Local and global information affect cooperation in networked Prisoner's dilemma games,"Zhang, M; Wang, SY; Hu, XT; Alfaro-Bittner, K","Zhang, M.; Wang, Si-Yi; Hu, Xin-Tao; Alfaro-Bittner, K.",CHAOS SOLITONS & FRACTALS,2021,SEP,Article,150,,,,111183,10.1016/j.chaos.2021.111183,http://dx.doi.org/10.1016/j.chaos.2021.111183,WOS:000687258300012,6,6,"Mathematics, Interdisciplinary Applications; Physics, Multidisciplinary; Physics, Mathematical",Mathematics; Physics,"Zhang, M; Wang, SY; Hu, XT; Alfaro-Bittner, K (2021). Local and global information affect cooperation in networked Prisoner's dilemma games. CHAOS SOLITONS & FRACTALS, 150, 111183. https://doi.org/10.1016/j.chaos.2021.111183",empirical,experimental,lab_experiment,paper_collection/WoS_251029.Data/PDF/2076532804/10.1016_j.chaos.2021.111183.pdf
10.1007_s10683-013-9389-1,10.1007_s10683-013-9389-1.pdf,Recognizing contributors: an experiment on public goods,"Samek, AS; Sheremeta, RM","Samek, Anya Savikhin; Sheremeta, Roman M.",EXPERIMENTAL ECONOMICS,2014,DEC,Article,17,4,673,690,,10.1007/s10683-013-9389-1,http://dx.doi.org/10.1007/s10683-013-9389-1,WOS:000344738700009,67,83,Economics,Business & Economics,"Samek, AS; Sheremeta, RM (2014). Recognizing contributors: an experiment on public goods. EXPERIMENTAL ECONOMICS, 17(4), 673-690. https://doi.org/10.1007/s10683-013-9389-1",empirical,experimental,lab_experiment,
10.1016_j.econlet.2017.05.022,10.1016_j.econlet.2017.05.022.pdf,An experimental investigation of designated punishment behavior in public goods,"Hoeft, L; Mill, W","Hoeft, Leonard; Mill, Wladislaw",ECONOMICS LETTERS,2017,AUG,Article,157,,41,44,,10.1016/j.econlet.2017.05.022,http://dx.doi.org/10.1016/j.econlet.2017.05.022,WOS:000405974500011,12,13,Economics,Business & Economics,"Hoeft, Leonard & Mill, Wladislaw (2017). An experimental investigation of designated punishment behavior in public goods. ECONOMICS LETTERS.",empirical,experimental,lab_experiment,paper_collection/WoS_251029.Data/PDF/2504859690/10.1016_j.econlet.2017.05.022.pdf
10.1016_j.geb.2015.10.001,10.1016_j.geb.2015.10.001.pdf,Fostering cooperation through the enhancement of own vulnerability,"Kopányi-Peuker, A; Offerman, T; Sloof, R","Kopanyi-Peuker, Anita; Offerman, Theo; Sloof, Randolph",GAMES AND ECONOMIC BEHAVIOR,2017,JAN,Article,101,,273,290,,10.1016/j.geb.2015.10.001,http://dx.doi.org/10.1016/j.geb.2015.10.001,WOS:000398014300018,8,8,Economics,Business & Economics,"Kopanyi-Peuker, Anita, Offerman, Theo & Sloof, Randolph (2017). Fostering cooperation through the enhancement of own vulnerability. GAMES AND ECONOMIC BEHAVIOR.",empirical,experimental,lab_experiment,paper_collection/WoS_251029.Data/PDF/2614540763/10.1016_j.geb.2015.10.001.pdf
10.1371_journal.pone.0267153,10.1371_journal.pone.0267153.pdf,Motivations to reciprocate cooperation and punish defection are calibrated by estimates of how easily others can switch partners,"Arai, S; Tooby, J; Cosmides, L","Arai, Sakura; Tooby, John; Cosmides, Leda",PLOS ONE,2022,,Article,17,4,,,e0267153,10.1371/journal.pone.0267153,http://dx.doi.org/10.1371/journal.pone.0267153,WOS:000791280100009,3,4,Multidisciplinary Sciences,Science & Technology - Other Topics,"Arai, Sakura, Tooby, John & Cosmides, Leda (2022). Motivations to reciprocate cooperation and punish defection are calibrated by estimates of how easily others can switch partners. PLOS ONE.",empirical,experimental,lab_experiment,paper_collection/WoS_251029.Data/PDF/2860839159/10.1371_journal.pone.0267153.pdf
10.1016_j.geb.2023.08.017,10.1016_j.geb.2023.08.017.pdf,Real-time monitoring in a public-goods game,"He, SM; Zhu, X","He, Simin; Zhu, Xun",GAMES AND ECONOMIC BEHAVIOR,2023,NOV,Article,142,,454,479,,10.1016/j.geb.2023.08.017,http://dx.doi.org/10.1016/j.geb.2023.08.017,WOS:001081020100001,0,0,Economics,Business & Economics,"He, SM; Zhu, X (2023). Real-time monitoring in a public-goods game. GAMES AND ECONOMIC BEHAVIOR, 142, 454-479. https://doi.org/10.1016/j.geb.2023.08.017",empirical,experimental,lab_experiment,paper_collection/WoS_251029.Data/PDF/2965570242/10.1016_j.geb.2023.08.017.pdf
10.1371_journal.pone.0018050,10.1371_journal.pone.0018050.pdf,Competition for Trophies Triggers Male Generosity,"Pan, XS; Houser, D","Pan, Xiaofei Sophia; Houser, Daniel",PLOS ONE,2011,APR 6,Article,6,4,,,e18050,10.1371/journal.pone.0018050,http://dx.doi.org/10.1371/journal.pone.0018050,WOS:000289192400008,14,17,Multidisciplinary Sciences,Science & Technology - Other Topics,"Pan, XS; Houser, D (2011). Competition for Trophies Triggers Male Generosity. PLOS ONE, 6(4), e18050. https://doi.org/10.1371/journal.pone.0018050",empirical,experimental,lab_experiment,paper_collection/WoS_251029.Data/PDF/0007047983/10.1371_journal.pone.0018050.pdf
10.1007_s11238-022-09897-6,10.1007_s11238-022-09897-6.pdf,When punishers might be loved: fourth-party choices and third-party punishment in a delegation game,"Li, YZ; Luo, J; Niu, H; Ye, H","Li, Yuzhen; Luo, Jun; Niu, He; Ye, Hang",THEORY AND DECISION,2023,APR,Article,94,3,423,465,,10.1007/s11238-022-09897-6,http://dx.doi.org/10.1007/s11238-022-09897-6,WOS:000843954700001,0,0,"Economics; Social Sciences, Mathematical Methods",Business & Economics; Mathematical Methods In Social Sciences,"Li, Yuzhen, Luo, Jun, Niu, He & Ye, Hang (2023). When punishers might be loved: fourth-party choices and third-party punishment in a delegation game. THEORY AND DECISION.",empirical,experimental,lab_experiment,paper_collection/WoS_251029.Data/PDF/0951788018/10.1007_s11238-022-09897-6.pdf
10.1038_srep07470,10.1038_srep07470.pdf,Do good actions inspire good actions in others?,"Capraro, V; Marcelletti, A","Capraro, Valerio; Marcelletti, Alessandra",SCIENTIFIC REPORTS,2014,DEC 12,Article,4,,,,7470,10.1038/srep07470,http://dx.doi.org/10.1038/srep07470,WOS:000346300900002,25,29,Multidisciplinary Sciences,Science & Technology - Other Topics,"Capraro, V; Marcelletti, A (2014). Do good actions inspire good actions in others?. SCIENTIFIC REPORTS, 4, 7470. https://doi.org/10.1038/srep07470",empirical,experimental,lab_experiment,paper_collection/WoS_251029.Data/PDF/1253207672/10.1038_srep07470.pdf
10.1038_sdata.2016.99,10.1038_sdata.2016.99.pdf,Cross-cultural dataset for the evolution of religion and morality project,"Purzycki, BG; Apicella, C; Atkinson, QD; Cohen, E; McNamara, RA; Willard, AK; Xygalatas, D; Norenzayan, A; Henrich, J","Purzycki, Benjamin Grant; Apicella, Coren; Atkinson, Quentin D.; Cohen, Emma; McNamara, Rita Anne; Willard, Aiyana K.; Xygalatas, Dimitris; Norenzayan, Ara; Henrich, Joseph",SCIENTIFIC DATA,2016,NOV 8,Article; Data Paper,3,,,,160099,10.1038/sdata.2016.99,http://dx.doi.org/10.1038/sdata.2016.99,WOS:000390237800001,14,15,Multidisciplinary Sciences,Science & Technology - Other Topics,"Purzycki, Benjamin Grant, Apicella, Coren, Atkinson, Quentin D., Cohen, Emma, McNamara, Rita Anne, Willard, Aiyana K., Xygalatas, Dimitris, Norenzayan, Ara & Henrich, Joseph (2016). Cross-cultural dataset for the evolution of religion and morality project. SCIENTIFIC DATA.",empirical,experimental,field_experiment,paper_collection/WoS_241106.Data/PDF/2787338331/10.1038_sdata.2016.99.pdf
10.1371_journal.pone.0017044,10.1371_journal.pone.0017044.pdf,Different Gain/Loss Sensitivity and Social Adaptation Ability in Gifted Adolescents during a Public Goods Game,"Chung, D; Yun, K; Kim, JH; Jang, B; Jeong, J","Chung, Dongil; Yun, Kyongsik; Kim, Jin Ho; Jang, Bosun; Jeong, Jaeseung",PLOS ONE,2011,FEB 16,Article,6,2,,,e17044,10.1371/journal.pone.0017044,http://dx.doi.org/10.1371/journal.pone.0017044,WOS:000287392700039,11,14,Multidisciplinary Sciences,Science & Technology - Other Topics,"Chung, D; Yun, K; Kim, JH; Jang, B; Jeong, J (2011). Different Gain/Loss Sensitivity and Social Adaptation Ability in Gifted Adolescents during a Public Goods Game. PLOS ONE, 6(2), e17044. https://doi.org/10.1371/journal.pone.0017044",empirical,experimental,lab_experiment,paper_collection/WoS_251029.Data/PDF/2407636607/10.1371_journal.pone.0017044.pdf
10.1098_rsos.192090,10.1098_rsos.192090.pdf,Preferences and constraints: the value of economic games for studying human behaviour,"Pisor, AC; Gervais, MM; Purzycki, BG; Ross, CT","Pisor, Anne C.; Gervais, Matthew M.; Purzycki, Benjamin G.; Ross, Cody T.",ROYAL SOCIETY OPEN SCIENCE,2020,JUN 3,Article,7,6,,,192090,10.1098/rsos.192090,http://dx.doi.org/10.1098/rsos.192090,WOS:000538033000001,54,57,Multidisciplinary Sciences,Science & Technology - Other Topics,"Pisor, AC; Gervais, MM; Purzycki, BG; Ross, CT (2020). Preferences and constraints: the value of economic games for studying human behaviour. ROYAL SOCIETY OPEN SCIENCE, 7(6), 192090. https://doi.org/10.1098/rsos.192090",empirical,experimental,field_experiment,paper_collection/WoS_251029.Data/PDF/2566361835/10.1098_rsos.192090.pdf
10.1111_jems.12570,10.1111_jems.12570.pdf,"Free riding, democracy, and sacrifice in the workplace: Evidence from a real-effort experiment","Kamei, K; Tabero, K","Kamei, Kenju; Tabero, Katy",JOURNAL OF ECONOMICS & MANAGEMENT STRATEGY,2025,FEB,Article,34,1,3,23,,10.1111/jems.12570,http://dx.doi.org/10.1111/jems.12570,WOS:001118867700001,0,1,Economics; Management,Business & Economics,"Kamei, K; Tabero, K (2025). Free riding, democracy, and sacrifice in the workplace: Evidence from a real-effort experiment. JOURNAL OF ECONOMICS & MANAGEMENT STRATEGY, 34(1), 3-23. https://doi.org/10.1111/jems.12570",empirical,experimental,lab_experiment,paper_collection/WoS_251029.Data/PDF/2223870998/10.1111_jems.12570.pdf
10.1016_j.joep.2023.102657,10.1016_j.joep.2023.102657.pdf,Don't sweat it: Ambient temperature does not affect social behavior and perception,"Krause, JS; Brandt, G; Schmidt, U; Schunk, D","Krause, Jan S.; Brandt, Gerrit; Schmidt, Ulrich; Schunk, Daniel",JOURNAL OF ECONOMIC PSYCHOLOGY,2023,DEC,Article,99,,,,102657,10.1016/j.joep.2023.102657,http://dx.doi.org/10.1016/j.joep.2023.102657,WOS:001075985800001,6,6,"Economics; Psychology, Multidisciplinary",Business & Economics; Psychology,"Krause, JS; Brandt, G; Schmidt, U; Schunk, D (2023). Don't sweat it: Ambient temperature does not affect social behavior and perception. JOURNAL OF ECONOMIC PSYCHOLOGY, 99, 102657. https://doi.org/10.1016/j.joep.2023.102657",empirical,experimental,lab_experiment,paper_collection/WoS_251029.Data/PDF/2124778828/10.1016_j.joep.2023.102657.pdf
10.1177_0022002714560349,10.1177_0022002714560349.pdf,When Does Informal Enforcement Work?,"Aakre, S; Helland, L; Hovi, J","Aakre, Stine; Helland, Leif; Hovi, Jon",JOURNAL OF CONFLICT RESOLUTION,2016,OCT,Article,60,7,1312,1340,,10.1177/0022002714560349,http://dx.doi.org/10.1177/0022002714560349,WOS:000382980200006,13,16,International Relations; Political Science,International Relations; Government & Law,"Aakre, Stine, Helland, Leif & Hovi, Jon (2016). When Does Informal Enforcement Work?. JOURNAL OF CONFLICT RESOLUTION.",empirical,experimental,lab_experiment,paper_collection/WoS_251029.Data/PDF/3540371892/10.1177_0022002714560349.pdf
10.1002_pchj.259,10.1002_pchj.259.pdf,Which is the ideal sanction for cooperation? An experimental study on different types of third-party sanctions,"Hou, GL; Wang, F; Shi, JY; Chen, WJ; Yu, J","Hou, Gonglin; Wang, Fei; Shi, Jieyan; Chen, Weijiang; Yu, Jie",PSYCH JOURNAL,2019,JUN,Article,8,2,212,231,,10.1002/pchj.259,http://dx.doi.org/10.1002/pchj.259,WOS:000472121200005,0,1,"Psychology, Multidisciplinary",Psychology,"Hou, Gonglin, Wang, Fei, Shi, Jieyan, Chen, Weijiang & Yu, Jie (2019). Which is the ideal sanction for cooperation? An experimental study on different types of third-party sanctions. PSYCH JOURNAL.",empirical,experimental,lab_experiment,paper_collection/WoS_251029.Data/PDF/2288314078/10.1002_pchj.259.pdf
10.1016_j.euroecorev.2010.04.003,10.1016_j.euroecorev.2010.04.003.pdf,The limits of self-governance when cooperators get punished: Experimental evidence from urban and rural Russia,"Gächter, S; Herrmann, B","Gaechter, Simon; Herrmann, Benedikt",EUROPEAN ECONOMIC REVIEW,2011,FEB,Article,55,2,193,210,,10.1016/j.euroecorev.2010.04.003,http://dx.doi.org/10.1016/j.euroecorev.2010.04.003,WOS:000288309800003,93,110,Economics,Business & Economics,"Gaechter, Simon & Herrmann, Benedikt (2011). The limits of self-governance when cooperators get punished: Experimental evidence from urban and rural Russia. EUROPEAN ECONOMIC REVIEW.",empirical,experimental,lab_experiment,paper_collection/WoS_251029.Data/PDF/0919214647/10.1016_j.euroecorev.2010.04.003.pdf
10.1111_spc3.12924,10.1111_spc3.12924.pdf,Punishing or praising gossipers: How people interpret the motives driving negative gossip shapes its consequences,"Testori, M; Cruz, TDD; Beersma, B","Testori, Martina; Cruz, Terence D. Dores; Beersma, Bianca",SOCIAL AND PERSONALITY PSYCHOLOGY COMPASS,2024,FEB,Article,18,2,,,,10.1111/spc3.12924,http://dx.doi.org/10.1111/spc3.12924,WOS:001112138800001,6,6,"Psychology, Social",Psychology,"Testori, M; Cruz, TDD; Beersma, B (2024). Punishing or praising gossipers: How people interpret the motives driving negative gossip shapes its consequences. SOCIAL AND PERSONALITY PSYCHOLOGY COMPASS, 18(2). https://doi.org/10.1111/spc3.12924",empirical,experimental,lab_experiment,paper_collection/WoS_251029.Data/PDF/3935659553/10.1111_spc3.12924.pdf
10.20350_digitalCSIC_16534,10.20350_digitalCSIC_16534.pdf,The Effect of Economic Inequality on Individuals' Cooperative Behavior Using an Economic Experiment,"Montoya-Lozano, M; Willis, GB; Rodríguez-Bailón, R","Montoya-Lozano, Mar; Willis, Guillermo B.; Rodriguez-Bailon, Rosa",PSICOLOGICA,2024,,Article,45,2,,,e16534,10.20350/digitalCSIC/16534,http://dx.doi.org/10.20350/digitalCSIC/16534,WOS:001301284600002,1,1,"Psychology, Experimental",Psychology,"Montoya-Lozano, M; Willis, GB; Rodríguez-Bailón, R (2024). The Effect of Economic Inequality on Individuals' Cooperative Behavior Using an Economic Experiment. PSICOLOGICA, 45(2), e16534. https://doi.org/10.20350/digitalCSIC/16534",empirical,observational,N/A,paper_collection/WoS_251029.Data/PDF/0460467935/10.20350_digitalCSIC_16534.pdf
10.1016_j.socec.2015.12.002,10.1016_j.socec.2015.12.002.pdf,Endowment heterogeneity and peer punishment in a public good experiment: Cooperation and normative conflict,"Kingsley, DC","Kingsley, David C.",JOURNAL OF BEHAVIORAL AND EXPERIMENTAL ECONOMICS,2016,FEB,Article,60,,49,61,,10.1016/j.socec.2015.12.002,http://dx.doi.org/10.1016/j.socec.2015.12.002,WOS:000370459200006,25,28,Economics,Business & Economics,"Kingsley, David C. (2016). Endowment heterogeneity and peer punishment in a public good experiment: Cooperation and normative conflict. JOURNAL OF BEHAVIORAL AND EXPERIMENTAL ECONOMICS.",empirical,experimental,lab_experiment,paper_collection/WoS_251029.Data/PDF/1904612995/10.1016_j.socec.2015.12.002.pdf
10.1086_699547,10.1086_699547.pdf,How to Protect Entitlements: An Experiment,"Bar-Gill, O; Engel, C","Bar-Gill, Oren; Engel, Christoph",JOURNAL OF LAW & ECONOMICS,2018,AUG,Article,61,3,525,553,,10.1086/699547,http://dx.doi.org/10.1086/699547,WOS:000456332300006,3,3,Economics; Law,Business & Economics; Government & Law,"Bar-Gill, O; Engel, C (2018). How to Protect Entitlements: An Experiment. JOURNAL OF LAW & ECONOMICS, 61(3), 525-553. https://doi.org/10.1086/699547",empirical,experimental,lab_experiment,paper_collection/WoS_251029.Data/PDF/3494425132/10.1086_699547.pdf
10.1016_j.geb.2021.11.012,10.1016_j.geb.2021.11.012.pdf,Social proximity and the erosion of norm compliance,"Bicchieri, C; Dimant, E; Gächter, S; Nosenzo, D","Bicchieri, Cristina; Dimant, Eugen; Gaechter, Simon; Nosenzo, Daniele",GAMES AND ECONOMIC BEHAVIOR,2022,MAR,Article,132,,59,72,,10.1016/j.geb.2021.11.012,http://dx.doi.org/10.1016/j.geb.2021.11.012,WOS:000730979000004,104,132,Economics,Business & Economics,"Bicchieri, C; Dimant, E; Gächter, S; Nosenzo, D (2022). Social proximity and the erosion of norm compliance. GAMES AND ECONOMIC BEHAVIOR, 132, 59-72. https://doi.org/10.1016/j.geb.2021.11.012",empirical,experimental,lab_experiment,paper_collection/WoS_251029.Data/PDF/0968961127/10.1016_j.geb.2021.11.012.pdf
10.1093_qje_qjz001,10.1093_qje_qjz001.pdf,"KINSHIP, COOPERATION, AND THE EVOLUTION OF MORAL SYSTEMS","Enke, B","Enke, Benjamin",QUARTERLY JOURNAL OF ECONOMICS,2019,MAY,Article,134,2,953,1019,,10.1093/qje/qjz001,http://dx.doi.org/10.1093/qje/qjz001,WOS:000489162100008,179,265,Economics,Business & Economics,"Enke, Benjamin (2019). KINSHIP, COOPERATION, AND THE EVOLUTION OF MORAL SYSTEMS. QUARTERLY JOURNAL OF ECONOMICS.",empirical,observational,N/A,paper_collection/WoS_251029.Data/PDF/4135663885/10.1093_qje_qjz001.pdf
10.1002_bdm.2208,10.1002_bdm.2208.pdf,Does she compensate the victim while he punishes the perpetrator? No gender differences in anonymous economic games across 11 nations,"Dorrough, AR; Olsson, MIT; Froehlich, L; Glöckner, A; Martiny, SE","Dorrough, Angela R.; Olsson, Maria I. T.; Froehlich, Laura; Gloeckner, Andreas; Martiny, Sarah E.",JOURNAL OF BEHAVIORAL DECISION MAKING,2021,APR,Article,34,2,261,274,,10.1002/bdm.2208,http://dx.doi.org/10.1002/bdm.2208,WOS:000562643900001,8,9,"Psychology, Applied",Psychology,"Dorrough, Angela R., Olsson, Maria I. T., Froehlich, Laura, Gloeckner, Andreas & Martiny, Sarah E. (2021). Does she compensate the victim while he punishes the perpetrator? No gender differences in anonymous economic games across 11 nations. JOURNAL OF BEHAVIORAL DECISION MAKING.",empirical,experimental,lab_experiment,paper_collection/WoS_251029.Data/PDF/1578037126/10.1002_bdm.2208.pdf
10.1016_j.jpubeco.2015.12.012,10.1016_j.jpubeco.2015.12.012.pdf,The effects of induced emotions on pro-social behaviour,"Drouvelis, M; Grosskopf, B","Drouvelis, Michalis; Grosskopf, Brit",JOURNAL OF PUBLIC ECONOMICS,2016,FEB,Article,134,,1,8,,10.1016/j.jpubeco.2015.12.012,http://dx.doi.org/10.1016/j.jpubeco.2015.12.012,WOS:000373541100001,84,101,Economics,Business & Economics,"Drouvelis, Michalis & Grosskopf, Brit (2016). The effects of induced emotions on pro-social behaviour. JOURNAL OF PUBLIC ECONOMICS.",empirical,experimental,lab_experiment,paper_collection/WoS_251029.Data/PDF/2144072703/10.1016_j.jpubeco.2015.12.012.pdf
10.1111_ecin.12713,10.1111_ecin.12713.pdf,LINKING WEALTH AND PUNISHMENT EFFECTIVENESS: PUNISHMENT AND COOPERATION UNDER CONGRUENT HETEROGENEITIES,"Waichman, I","Waichman, Israel",ECONOMIC INQUIRY,2020,JAN,Article,58,1,86,103,,10.1111/ecin.12713,http://dx.doi.org/10.1111/ecin.12713,WOS:000495964700006,5,7,Economics,Business & Economics,"Waichman, Israel (2020). LINKING WEALTH AND PUNISHMENT EFFECTIVENESS: PUNISHMENT AND COOPERATION UNDER CONGRUENT HETEROGENEITIES. ECONOMIC INQUIRY.",empirical,experimental,lab_experiment,paper_collection/WoS_251029.Data/PDF/2102588474/10.1111_ecin.12713.pdf
10.1016_j.jebo.2013.04.001,10.1016_j.jebo.2013.04.001.pdf,Studying deception without deceiving participants: An experiment of deception experiments,"Alberti, F; Güth, W","Alberti, Federica; Gueth, Werner",JOURNAL OF ECONOMIC BEHAVIOR & ORGANIZATION,2013,SEP,Article,93,,196,204,,10.1016/j.jebo.2013.04.001,http://dx.doi.org/10.1016/j.jebo.2013.04.001,WOS:000325674300014,5,7,Economics,Business & Economics,"Alberti, F; Güth, W (2013). Studying deception without deceiving participants: An experiment of deception experiments. JOURNAL OF ECONOMIC BEHAVIOR & ORGANIZATION, 93, 196-204. https://doi.org/10.1016/j.jebo.2013.04.001",empirical,experimental,lab_experiment,paper_collection/WoS_251029.Data/PDF/2507255882/10.1016_j.jebo.2013.04.001.pdf
10.1111_eth.12223,10.1111_eth.12223.pdf,Variation in Cleaner Wrasse Cooperation and Cognition: Influence of the Developmental Environment?,"Wismer, S; Pinto, AI; Vail, AL; Grutter, AS; Bshary, R","Wismer, Sharon; Pinto, Ana I.; Vail, Alex L.; Grutter, Alexandra S.; Bshary, Redouan",ETHOLOGY,2014,JUN,Article,120,6,519,531,,10.1111/eth.12223,http://dx.doi.org/10.1111/eth.12223,WOS:000334692600001,46,49,"Psychology, Biological; Behavioral Sciences; Zoology",Psychology; Behavioral Sciences; Zoology,"Wismer, S; Pinto, AI; Vail, AL; Grutter, AS; Bshary, R (2014). Variation in Cleaner Wrasse Cooperation and Cognition: Influence of the Developmental Environment?. ETHOLOGY, 120(6), 519-531. https://doi.org/10.1111/eth.12223",empirical,experimental,lab_experiment,paper_collection/WoS_251029.Data/PDF/2403847589/10.1111_eth.12223.pdf
10.1016_j.econlet.2007.09.048,10.1016_j.econlet.2007.09.048.pdf,Does stake size matter for cooperation and punishment?,"Kocher, MG; Martinsson, P; Visser, M","Kocher, Martin G.; Martinsson, Peter; Visser, Martine",ECONOMICS LETTERS,2008,JUN,Article,99,3,508,511,,10.1016/j.econlet.2007.09.048,http://dx.doi.org/10.1016/j.econlet.2007.09.048,WOS:000257300300023,61,68,Economics,Business & Economics,"Kocher, Martin G., Martinsson, Peter & Visser, Martine (2008). Does stake size matter for cooperation and punishment?. ECONOMICS LETTERS.",empirical,experimental,lab_experiment,paper_collection/WoS_251029.Data/PDF/3948550453/10.1016_j.econlet.2007.09.048.pdf
10.1371_journal.pone.0248599,10.1371_journal.pone.0248599.pdf,Strike one hundred to educate one: Measuring the efficacy of collective sanctions experimentally,"Chapkovski, P","Chapkovski, Philipp",PLOS ONE,2021,APR 8,Article,16,4,,,e0248599,10.1371/journal.pone.0248599,http://dx.doi.org/10.1371/journal.pone.0248599,WOS:000639359600077,5,5,Multidisciplinary Sciences,Science & Technology - Other Topics,"Chapkovski, Philipp (2021). Strike one hundred to educate one: Measuring the efficacy of collective sanctions experimentally. PLOS ONE.",empirical,experimental,lab_experiment,paper_collection/WoS_251029.Data/PDF/1120630960/10.1371_journal.pone.0248599.pdf
10.1016_j.socec.2018.09.006,10.1016_j.socec.2018.09.006.pdf,Does heterogeneity spoil the basket? The role of productivity and feedback information on public good provision,"Angelovski, A; Di Cagno, D; Güth, W; Marazzi, F; Panaccione, L","Angelovski, Andrej; Di Cagno, Daniela; Gueth, Werner; Marazzi, Francesca; Panaccione, Luca",JOURNAL OF BEHAVIORAL AND EXPERIMENTAL ECONOMICS,2018,DEC,Article,77,,40,49,,10.1016/j.socec.2018.09.006,http://dx.doi.org/10.1016/j.socec.2018.09.006,WOS:000450343000005,5,5,Economics,Business & Economics,"Angelovski, Andrej, Di Cagno, Daniela, Gueth, Werner, Marazzi, Francesca & Panaccione, Luca (2018). Does heterogeneity spoil the basket? The role of productivity and feedback information on public good provision. JOURNAL OF BEHAVIORAL AND EXPERIMENTAL ECONOMICS.",empirical,experimental,lab_experiment,paper_collection/WoS_251029.Data/PDF/0378836593/10.1016_j.socec.2018.09.006.pdf
10.1628_093245607780182008,10.1628_093245607780182008.pdf,On the coevolution of retribution and trustworthiness:: An (indirect) evolutionary and experimental analysis,"Güth, W; Kliemt, H; Levati, MV; von Wangenheim, G","Gueth, Werner; Kliemt, Hartmut; Levati, M. Vittoria; von Wangenheim, Georg",JOURNAL OF INSTITUTIONAL AND THEORETICAL ECONOMICS-ZEITSCHRIFT FUR DIE GESAMTE STAATSWISSENSCHAFT,2007,MAR,Article; Proceedings Paper,163,1,143,157,,10.1628/093245607780182008,http://dx.doi.org/10.1628/093245607780182008,WOS:000245790600017,5,6,Economics,Business & Economics,"Gueth, Werner, Kliemt, Hartmut, Levati, M. Vittoria & von Wangenheim, Georg (2007). On the coevolution of retribution and trustworthiness:: An (indirect) evolutionary and experimental analysis. JOURNAL OF INSTITUTIONAL AND THEORETICAL ECONOMICS-ZEITSCHRIFT FUR DIE GESAMTE STAATSWISSENSCHAFT.",empirical,experimental,lab_experiment,paper_collection/WoS_251029.Data/PDF/4228432048/10.1628_093245607780182008.pdf
10.1038_s41598-021-89675-6,10.1038_s41598-021-89675-6.pdf,Moral labels increase cooperation and costly punishment in a Prisoner's Dilemma game with punishment option,"Mieth, L; Buchner, A; Bell, R","Mieth, Laura; Buchner, Axel; Bell, Raoul",SCIENTIFIC REPORTS,2021,MAY 13,Article,11,1,,,10221,10.1038/s41598-021-89675-6,http://dx.doi.org/10.1038/s41598-021-89675-6,WOS:000656946100011,29,32,Multidisciplinary Sciences,Science & Technology - Other Topics,"Mieth, Laura, Buchner, Axel & Bell, Raoul (2021). Moral labels increase cooperation and costly punishment in a Prisoner's Dilemma game with punishment option. SCIENTIFIC REPORTS.",empirical,experimental,lab_experiment,paper_collection/WoS_251029.Data/PDF/2041984908/10.1038_s41598-021-89675-6.pdf
10.1016_j.geb.2025.01.011,10.1016_j.geb.2025.01.011.pdf,On a mechanism that improves efficiency and reduces inequality in voluntary contribution games,"Falvey, R; Lane, T; Luckraz, S","Falvey, Rod; Lane, Tom; Luckraz, Shravan",GAMES AND ECONOMIC BEHAVIOR,2025,MAR,Article,150,,518,536,,10.1016/j.geb.2025.01.011,http://dx.doi.org/10.1016/j.geb.2025.01.011,WOS:001428171500001,0,0,Economics,Business & Economics,"Falvey, R; Lane, T; Luckraz, S (2025). On a mechanism that improves efficiency and reduces inequality in voluntary contribution games. GAMES AND ECONOMIC BEHAVIOR, 150, 518-536. https://doi.org/10.1016/j.geb.2025.01.011",empirical,experimental,lab_experiment,paper_collection/WoS_251029.Data/PDF/2883858014/10.1016_j.geb.2025.01.011.pdf
10.1126_sciadv.aau7296,10.1126_sciadv.aau7296.pdf,Individual solutions to shared problems create a modern tragedy of the commons,"Gross, J; De Dreu, CKW","Gross, Jorg; De Dreu, Carsten K. W.",SCIENCE ADVANCES,2019,APR,Article,5,4,,,eaau7296,10.1126/sciadv.aau7296,http://dx.doi.org/10.1126/sciadv.aau7296,WOS:000466398400021,51,56,Multidisciplinary Sciences,Science & Technology - Other Topics,"Gross, Jorg & De Dreu, Carsten K. W. (2019). Individual solutions to shared problems create a modern tragedy of the commons. SCIENCE ADVANCES.",empirical,experimental,lab_experiment,paper_collection/WoS_251029.Data/PDF/2583843202/10.1126_sciadv.aau7296.pdf
10.1111_jopy.12896,10.1111_jopy.12896.pdf,Dispositional compassion shifts social preferences in systematic ways,"Ocampo, J; Keltner, D","Ocampo, Joseph; Keltner, Dacher",JOURNAL OF PERSONALITY,2024,OCT,Article,92,5,1394,1409,,10.1111/jopy.12896,http://dx.doi.org/10.1111/jopy.12896,WOS:001127017200001,0,0,"Psychology, Social",Psychology,"Ocampo, J; Keltner, D (2024). Dispositional compassion shifts social preferences in systematic ways. JOURNAL OF PERSONALITY, 92(5), 1394-1409. https://doi.org/10.1111/jopy.12896",empirical,experimental,lab_experiment,paper_collection/WoS_251029.Data/PDF/1106418446/10.1111_jopy.12896.pdf
10.1002_bdm.1976,10.1002_bdm.1976.pdf,"Race for Power in Public Good Games with Unequal, Unstable Punishment Power","Dorrough, A; Glöckner, A; Lee, B","Dorrough, Angela; Gloeckner, Andreas; Lee, Borah",JOURNAL OF BEHAVIORAL DECISION MAKING,2017,APR,Article,30,2,582,609,,10.1002/bdm.1976,http://dx.doi.org/10.1002/bdm.1976,WOS:000397999600036,8,8,"Psychology, Applied",Psychology,"Dorrough, Angela, Gloeckner, Andreas & Lee, Borah (2017). Race for Power in Public Good Games with Unequal, Unstable Punishment Power. JOURNAL OF BEHAVIORAL DECISION MAKING.",empirical,experimental,lab_experiment,paper_collection/WoS_251029.Data/PDF/3221365071/10.1002_bdm.1976.pdf
10.1371_journal.pone.0026922,10.1371_journal.pone.0026922.pdf,Variation in Cooperative Behaviour within a Single City,"Nettle, D; Colléony, A; Cockerill, M","Nettle, Daniel; Colleony, Agathe; Cockerill, Maria",PLOS ONE,2011,OCT 27,Article,6,10,,,e26922,10.1371/journal.pone.0026922,http://dx.doi.org/10.1371/journal.pone.0026922,WOS:000296521400047,83,94,Multidisciplinary Sciences,Science & Technology - Other Topics,"Nettle, D; Colléony, A; Cockerill, M (2011). Variation in Cooperative Behaviour within a Single City. PLOS ONE, 6(10), e26922. https://doi.org/10.1371/journal.pone.0026922",empirical,experimental,field_experiment,paper_collection/WoS_251029.Data/PDF/1292413412/10.1371_journal.pone.0026922.pdf
10.1017_s0140525x05000142,10.1017_s0140525x05000142.pdf,Economic man in cross-cultural perspective: Behavioral experiments in 15 small-scale societies,"Henrich, J; Boyd, R; Bowles, S; Camerer, C; Fehr, E; Gintis, H; McElreath, R; Alvard, M; Barr, A; Ensminger, J; Henrich, NS; Hill, K; Gil-White, F; Gurven, M; Marlowe, FW; Patton, JQ; Tracer, D","Henrich, J; Boyd, R; Bowles, S; Camerer, C; Fehr, E; Gintis, H; McElreath, R; Alvard, M; Barr, A; Ensminger, J; Henrich, NS; Hill, K; Gil-White, F; Gurven, M; Marlowe, FW; Patton, JQ; Tracer, D",BEHAVIORAL AND BRAIN SCIENCES,2005,DEC,Review,28,6,795,+,,10.1017/S0140525X05000142,http://dx.doi.org/10.1017/S0140525X05000142,WOS:000234696400022,1082,1295,"Psychology, Biological; Behavioral Sciences; Neurosciences",Psychology; Behavioral Sciences; Neurosciences & Neurology,"Henrich, J; Boyd, R; Bowles, S; Camerer, C; Fehr, E; Gintis, H; McElreath, R; Alvard, M; Barr, A; Ensminger, J; Henrich, NS; Hill, K; Gil-White, F; Gurven, M; Marlowe, FW; Patton, JQ; Tracer, D (2005). Economic man in cross-cultural perspective: Behavioral experiments in 15 small-scale societies. BEHAVIORAL AND BRAIN SCIENCES, 28(6), 795-+. https://doi.org/10.1017/S0140525X05000142",empirical,experimental,lab_experiment,paper_collection/WoS_251029.Data/PDF/3650265134/10.1017_s0140525x05000142.pdf
10.1098_rstb.2020.0304,10.1098_rstb.2020.0304.pdf,Is it costly to deceive? People are adept at detecting gossipers' lies but may not reward honesty,"Fonseca, MA; Peters, K","Fonseca, Miguel A.; Peters, Kim",PHILOSOPHICAL TRANSACTIONS OF THE ROYAL SOCIETY B-BIOLOGICAL SCIENCES,2021,NOV 22,Article,376,1838,,,20200304,10.1098/rstb.2020.0304,http://dx.doi.org/10.1098/rstb.2020.0304,WOS:000702897200014,19,19,Biology,Life Sciences & Biomedicine - Other Topics,"Fonseca, MA; Peters, K (2021). Is it costly to deceive? People are adept at detecting gossipers' lies but may not reward honesty. PHILOSOPHICAL TRANSACTIONS OF THE ROYAL SOCIETY B-BIOLOGICAL SCIENCES, 376(1838), 20200304. https://doi.org/10.1098/rstb.2020.0304",empirical,experimental,lab_experiment,paper_collection/WoS_251029.Data/PDF/3982608892/10.1098_rstb.2020.0304.pdf
10.1007_s00199-018-1146-4,10.1007_s00199-018-1146-4.pdf,"Frequency of interaction, communication and collusion: an experiment","Bigoni, M; Potters, J; Spagnolo, G","Bigoni, Maria; Potters, Jan; Spagnolo, Giancarlo",ECONOMIC THEORY,2019,NOV,Article,68,4,827,844,,10.1007/s00199-018-1146-4,http://dx.doi.org/10.1007/s00199-018-1146-4,WOS:000493682800003,9,17,Economics,Business & Economics,"Bigoni, Maria, Potters, Jan & Spagnolo, Giancarlo (2019). Frequency of interaction, communication and collusion: an experiment. ECONOMIC THEORY.",empirical,experimental,lab_experiment,paper_collection/WoS_251029.Data/PDF/0284327308/10.1007_s00199-018-1146-4.pdf
10.1016_j.ejpoleco.2022.102354,10.1016_j.ejpoleco.2022.102354.pdf,Obedience to the symbol of authority: Experimental evidence on the symbolic source of legitimate authority*,"Xu, ZC","Xu, Zhicheng",EUROPEAN JOURNAL OF POLITICAL ECONOMY,2023,JUN,Article,78,,,,102354,10.1016/j.ejpoleco.2022.102354,http://dx.doi.org/10.1016/j.ejpoleco.2022.102354,WOS:001018889200001,0,0,Economics; Political Science,Business & Economics; Government & Law,"Xu, Zhicheng (2023). Obedience to the symbol of authority: Experimental evidence on the symbolic source of legitimate authority*. EUROPEAN JOURNAL OF POLITICAL ECONOMY.",empirical,experimental,lab_experiment,paper_collection/WoS_251029.Data/PDF/1936526797/10.1016_j.ejpoleco.2022.102354.pdf
10.1038_s41562-025-02258-7,10.1038_s41562-025-02258-7.pdf,Testing for completions that simulate altruism in early language models,"Johnson, T; Obradovich, N","Johnson, Tim; Obradovich, Nick",NATURE HUMAN BEHAVIOUR,2025,SEP,Article,9,9,,,,10.1038/s41562-025-02258-7,http://dx.doi.org/10.1038/s41562-025-02258-7,WOS:001537759600001,0,0,"Psychology, Biological; Multidisciplinary Sciences; Neurosciences; Psychology, Experimental",Psychology; Science & Technology - Other Topics; Neurosciences & Neurology,"Johnson, T; Obradovich, N (2025). Testing for completions that simulate altruism in early language models. NATURE HUMAN BEHAVIOUR, 9(9). https://doi.org/10.1038/s41562-025-02258-7",empirical,experimental,lab_experiment,paper_collection/WoS_251029.Data/PDF/1944442929/10.1038_s41562-025-02258-7.pdf
10.1016_j.socec.2023.102081,10.1016_j.socec.2023.102081.pdf,On the limits of hierarchy in public goods games: A survey and meta-analysis on the effects of design variables on cooperation,"Billinger, S; Rosenbaum, SM","Billinger, Stephan; Rosenbaum, Stephen Mark",JOURNAL OF BEHAVIORAL AND EXPERIMENTAL ECONOMICS,2023,DEC,Article,107,,,,102081,10.1016/j.socec.2023.102081,http://dx.doi.org/10.1016/j.socec.2023.102081,WOS:001116746100001,3,3,Economics,Business & Economics,"Billinger, Stephan & Rosenbaum, Stephen Mark (2023). On the limits of hierarchy in public goods games: A survey and meta-analysis on the effects of design variables on cooperation. JOURNAL OF BEHAVIORAL AND EXPERIMENTAL ECONOMICS.",empirical,experimental,lab_experiment,paper_collection/WoS_251029.Data/PDF/2503798240/10.1016_j.socec.2023.102081.pdf
10.1016_j.joep.2012.10.004,10.1016_j.joep.2012.10.004.pdf,Social learning increases the acceptance and the efficiency of punishment institutions in social dilemmas,"Gürerk, Ö","Guererk, Oezguer",JOURNAL OF ECONOMIC PSYCHOLOGY,2013,FEB,Article,34,,229,239,,10.1016/j.joep.2012.10.004,http://dx.doi.org/10.1016/j.joep.2012.10.004,WOS:000315012200019,18,22,"Economics; Psychology, Multidisciplinary",Business & Economics; Psychology,"Guererk, Oezguer (2013). Social learning increases the acceptance and the efficiency of punishment institutions in social dilemmas. JOURNAL OF ECONOMIC PSYCHOLOGY.",empirical,experimental,lab_experiment,paper_collection/WoS_251029.Data/PDF/4270948909/10.1016_j.joep.2012.10.004.pdf
10.1007_s11127-016-0319-6,10.1007_s11127-016-0319-6.pdf,The perils of government enforcement,"Romaniuc, R; Farrow, K; Ibanez, L; Marciano, A","Romaniuc, Rustam; Farrow, Katherine; Ibanez, Lisette; Marciano, Alain",PUBLIC CHOICE,2016,JAN,Article,166,1-2,161,182,,10.1007/s11127-016-0319-6,http://dx.doi.org/10.1007/s11127-016-0319-6,WOS:000372322300008,10,11,Economics; Political Science,Business & Economics; Government & Law,"Romaniuc, Rustam, Farrow, Katherine, Ibanez, Lisette & Marciano, Alain (2016). The perils of government enforcement. PUBLIC CHOICE.",empirical,experimental,lab_experiment,paper_collection/WoS_251029.Data/PDF/2674870098/10.1007_s11127-016-0319-6.pdf
10.1016_j.joep.2013.07.002,10.1016_j.joep.2013.07.002.pdf,Using an exogenous mechanism to examine efficient probabilistic punishment,"Qin, XD; Wang, SY","Qin, Xiangdong; Wang, Siyu",JOURNAL OF ECONOMIC PSYCHOLOGY,2013,DEC,Article,39,,1,10,,10.1016/j.joep.2013.07.002,http://dx.doi.org/10.1016/j.joep.2013.07.002,WOS:000328720500001,13,16,"Economics; Psychology, Multidisciplinary",Business & Economics; Psychology,"Qin, XD; Wang, SY (2013). Using an exogenous mechanism to examine efficient probabilistic punishment. JOURNAL OF ECONOMIC PSYCHOLOGY, 39, 1-10. https://doi.org/10.1016/j.joep.2013.07.002",empirical,experimental,lab_experiment,paper_collection/WoS_251029.Data/PDF/0525445259/10.1016_j.joep.2013.07.002.pdf
10.1016_j.actpsy.2024.104608,10.1016_j.actpsy.2024.104608.pdf,The development of cooperation and cooperative norm enforcement in children and adolescents: The role of in-group favoritism,"Huang, YF; Zhang, YL; Hu, XM; Yang, WQ; Mai, XQ","Huang, Yifan; Zhang, Yinling; Hu, Xinmu; Yang, Wenqi; Mai, Xiaoqin",ACTA PSYCHOLOGICA,2024,NOV,Article,251,,,,104608,10.1016/j.actpsy.2024.104608,http://dx.doi.org/10.1016/j.actpsy.2024.104608,WOS:001361165700001,0,1,"Psychology, Experimental",Psychology,"Huang, Yifan, Zhang, Yinling, Hu, Xinmu, Yang, Wenqi & Mai, Xiaoqin (2024). The development of cooperation and cooperative norm enforcement in children and adolescents: The role of in-group favoritism. ACTA PSYCHOLOGICA.",empirical,experimental,lab_experiment,paper_collection/WoS_251029.Data/PDF/0294987084/10.1016_j.actpsy.2024.104608.pdf
10.1098_rstb.2008.0275,10.1098_rstb.2008.0275.pdf,"Reciprocity, culture and human cooperation: previous insights and a new cross-cultural experiment","Gächter, S; Herrmann, B","Gaechter, Simon; Herrmann, Benedikt",PHILOSOPHICAL TRANSACTIONS OF THE ROYAL SOCIETY B-BIOLOGICAL SCIENCES,2009,MAR 27,Review,364,1518,791,806,,10.1098/rstb.2008.0275,http://dx.doi.org/10.1098/rstb.2008.0275,WOS:000263434200007,304,348,Biology,Life Sciences & Biomedicine - Other Topics,"Gaechter, Simon & Herrmann, Benedikt (2009). Reciprocity, culture and human cooperation: previous insights and a new cross-cultural experiment. PHILOSOPHICAL TRANSACTIONS OF THE ROYAL SOCIETY B-BIOLOGICAL SCIENCES.",empirical,experimental,lab_experiment,paper_collection/WoS_251029.Data/PDF/4292963430/10.1098_rstb.2008.0275.pdf
10.1007_s12110-003-1003-3,10.1007_s12110-003-1003-3.pdf,Pro-community altruism and social status in a Shuar village,"Price, ME","Price, ME",HUMAN NATURE-AN INTERDISCIPLINARY BIOSOCIAL PERSPECTIVE,2003,,Article,14,2,191,208,,10.1007/s12110-003-1003-3,http://dx.doi.org/10.1007/s12110-003-1003-3,WOS:000185385800004,52,68,"Anthropology; Social Sciences, Biomedical",Anthropology; Biomedical Social Sciences,"Price, ME (2003). Pro-community altruism and social status in a Shuar village. HUMAN NATURE-AN INTERDISCIPLINARY BIOSOCIAL PERSPECTIVE.",empirical,observational,N/A,paper_collection/WoS_251029.Data/PDF/1062218704/10.1007_s12110-003-1003-3.pdf
10.1111_jpet.12384,10.1111_jpet.12384.pdf,The impact of peer ratings on cooperation: The role of information and cost of rating,"Faillo, M; Grieco, D; Zarri, L","Faillo, Marco; Grieco, Daniela; Zarri, Luca",JOURNAL OF PUBLIC ECONOMIC THEORY,2020,APR,Article,22,2,408,432,,10.1111/jpet.12384,http://dx.doi.org/10.1111/jpet.12384,WOS:000474076500001,3,3,Economics,Business & Economics,"Faillo, M; Grieco, D; Zarri, L (2020). The impact of peer ratings on cooperation: The role of information and cost of rating. JOURNAL OF PUBLIC ECONOMIC THEORY, 22(2), 408-432. https://doi.org/10.1111/jpet.12384",empirical,experimental,lab_experiment,paper_collection/WoS_251029.Data/PDF/0637172784/10.1111_jpet.12384.pdf
10.1016_j.euroecorev.2024.104795,10.1016_j.euroecorev.2024.104795.pdf,Nudging punishment against sharing of fake news,"Meiske, B; Alvarez-Benjumea, A; Andrighetto, G; Polizzi, E","Meiske, Biljana; Alvarez-Benjumea, Amalia; Andrighetto, Giulia; Polizzi, Eugenia",EUROPEAN ECONOMIC REVIEW,2024,SEP,Article,168,,,,104795,10.1016/j.euroecorev.2024.104795,http://dx.doi.org/10.1016/j.euroecorev.2024.104795,WOS:001272113400001,1,1,Economics,Business & Economics,"Meiske, Biljana, Alvarez-Benjumea, Amalia, Andrighetto, Giulia & Polizzi, Eugenia (2024). Nudging punishment against sharing of fake news. EUROPEAN ECONOMIC REVIEW.",empirical,experimental,lab_experiment,paper_collection/WoS_251029.Data/PDF/0475945128/10.1016_j.euroecorev.2024.104795.pdf
10.1016_j.evolhumbehav.2004.08.009,10.1016_j.evolhumbehav.2004.08.009.pdf,Punitive sentiment among the Shuar and in industrialized societies: cross-cultural similarities,"Price, ME","Price, ME",EVOLUTION AND HUMAN BEHAVIOR,2005,MAY,Article,26,3,279,287,,10.1016/j.evolhumbehav.2004.08.009,http://dx.doi.org/10.1016/j.evolhumbehav.2004.08.009,WOS:000229360200006,32,35,"Psychology, Biological; Behavioral Sciences; Social Sciences, Biomedical",Psychology; Behavioral Sciences; Biomedical Social Sciences,"Price, ME (2005). Punitive sentiment among the Shuar and in industrialized societies: cross-cultural similarities. EVOLUTION AND HUMAN BEHAVIOR, 26(3), 279-287. https://doi.org/10.1016/j.evolhumbehav.2004.08.009",empirical,observational,N/A,paper_collection/WoS_251029.Data/PDF/3257145922/10.1016_j.evolhumbehav.2004.08.009.pdf
10.3389_fpsyg.2022.794953,10.3389_fpsyg.2022.794953.pdf,Potential influence of decision time on punishment behavior and its evaluation,"Maeda, K; Kumai, Y; Hashimoto, H","Maeda, Kaede; Kumai, Yuka; Hashimoto, Hirofumi",FRONTIERS IN PSYCHOLOGY,2022,AUG 22,Article,13,,,,794953,10.3389/fpsyg.2022.794953,http://dx.doi.org/10.3389/fpsyg.2022.794953,WOS:000849937000001,1,1,"Psychology, Multidisciplinary",Psychology,"Maeda, Kaede, Kumai, Yuka & Hashimoto, Hirofumi (2022). Potential influence of decision time on punishment behavior and its evaluation. FRONTIERS IN PSYCHOLOGY.",empirical,experimental,lab_experiment,paper_collection/WoS_251029.Data/PDF/1347795651/10.3389_fpsyg.2022.794953.pdf
10.1098_rspb.2012.0063,10.1098_rspb.2012.0063.pdf,Female cleaner fish cooperate more with unfamiliar males,"Raihani, NJ; Grutter, AS; Bshary, R","Raihani, N. J.; Grutter, A. S.; Bshary, R.",PROCEEDINGS OF THE ROYAL SOCIETY B-BIOLOGICAL SCIENCES,2012,JUN 22,Article,279,1737,2479,2486,,10.1098/rspb.2012.0063,http://dx.doi.org/10.1098/rspb.2012.0063,WOS:000303888500026,21,23,Biology; Ecology; Evolutionary Biology,Life Sciences & Biomedicine - Other Topics; Environmental Sciences & Ecology; Evolutionary Biology,"Raihani, N. J., Grutter, A. S. & Bshary, R. (2012). Female cleaner fish cooperate more with unfamiliar males. PROCEEDINGS OF THE ROYAL SOCIETY B-BIOLOGICAL SCIENCES.",empirical,experimental,lab_experiment,paper_collection/WoS_251029.Data/PDF/0772458889/10.1098_rspb.2012.0063.pdf
10.1162_rest.2009.10174,10.1162_rest.2009.10174.pdf,FRIEND OR FOE? COOPERATION AND LEARNING IN HIGH-STAKES GAMES,"Oberholzer-Gee, F; Waldfogel, J; White, MW","Oberholzer-Gee, Felix; Waldfogel, Joel; White, Matthew W.",REVIEW OF ECONOMICS AND STATISTICS,2010,FEB,Article,92,1,179,187,,10.1162/rest.2009.10174,http://dx.doi.org/10.1162/rest.2009.10174,WOS:000274050100014,24,29,"Economics; Social Sciences, Mathematical Methods",Business & Economics; Mathematical Methods In Social Sciences,"Oberholzer-Gee, F; Waldfogel, J; White, MW (2010). FRIEND OR FOE? COOPERATION AND LEARNING IN HIGH-STAKES GAMES. REVIEW OF ECONOMICS AND STATISTICS, 92(1), 179-187. https://doi.org/10.1162/rest.2009.10174",empirical,observational,N/A,paper_collection/WoS_251029.Data/PDF/2559310617/10.1162_rest.2009.10174.pdf
10.1016_j.isci.2020.101438,10.1016_j.isci.2020.101438.pdf,Network Engineering Using Autonomous Agents Increases Cooperation in Human Groups,"Shirado, H; Christakis, NA","Shirado, Hirokazu; Christakis, Nicholas A.",ISCIENCE,2020,SEP 25,Article,23,9,,,101438,10.1016/j.isci.2020.101438,http://dx.doi.org/10.1016/j.isci.2020.101438,WOS:000577098700006,35,37,Multidisciplinary Sciences,Science & Technology - Other Topics,"Shirado, H; Christakis, NA (2020). Network Engineering Using Autonomous Agents Increases Cooperation in Human Groups. ISCIENCE, 23(9), 101438. https://doi.org/10.1016/j.isci.2020.101438",empirical,experimental,lab_experiment,paper_collection/WoS_251029.Data/PDF/3279774423/10.1016_j.isci.2020.101438.pdf
10.1111_jels.12042,10.1111_jels.12042.pdf,Assuring Civil Damages Adequately Deter: A Public Good Experiment,"Eisenberg, T; Engel, C","Eisenberg, Theodore; Engel, Christoph",JOURNAL OF EMPIRICAL LEGAL STUDIES,2014,JUN,Article,11,2,301,349,,10.1111/jels.12042,http://dx.doi.org/10.1111/jels.12042,WOS:000334243400004,20,24,Law,Government & Law,"Eisenberg, Theodore & Engel, Christoph (2014). Assuring Civil Damages Adequately Deter: A Public Good Experiment. JOURNAL OF EMPIRICAL LEGAL STUDIES.",empirical,experimental,lab_experiment,paper_collection/WoS_251029.Data/PDF/0822514995/10.1111_jels.12042.pdf
10.1371_journal.pone.0085691,10.1371_journal.pone.0085691.pdf,Towards a Biopsychological Understanding of Costly Punishment: The Role of Basal Cortisol,"Pfattheicher, S; Keller, J","Pfattheicher, Stefan; Keller, Johannes",PLOS ONE,2014,JAN 8,Article,9,1,,,e85691,10.1371/journal.pone.0085691,http://dx.doi.org/10.1371/journal.pone.0085691,WOS:000329862500262,21,23,Multidisciplinary Sciences,Science & Technology - Other Topics,"Pfattheicher, Stefan & Keller, Johannes (2014). Towards a Biopsychological Understanding of Costly Punishment: The Role of Basal Cortisol. PLOS ONE.",empirical,experimental,lab_experiment,paper_collection/WoS_241106.Data/PDF/0376875057/10.1371_journal.pone.0085691.pdf
10.1080_00220485.2018.1551097,10.1080_00220485.2018.1551097.pdf,A dynamic semester-long social dilemma game for economic and interdisciplinary courses,"Secchi, S; Banerjee, S","Secchi, Silvia; Banerjee, Simanti",JOURNAL OF ECONOMIC EDUCATION,2019,,Article,50,1,70,85,,10.1080/00220485.2018.1551097,http://dx.doi.org/10.1080/00220485.2018.1551097,WOS:000465549700006,4,5,Economics; Education & Educational Research,Business & Economics; Education & Educational Research,"Secchi, Silvia & Banerjee, Simanti (2019). A dynamic semester-long social dilemma game for economic and interdisciplinary courses. JOURNAL OF ECONOMIC EDUCATION.",empirical,experimental,lab_experiment,paper_collection/WoS_251029.Data/PDF/2015196827/10.1080_00220485.2018.1551097.pdf
10.1016_j.jebo.2023.06.027,10.1016_j.jebo.2023.06.027.pdf,Anger impairs strategic behavior: A Beauty-Contest based analysis,"Castagnetti, A; Proto, E; Sofianos, A","Castagnetti, Alessandro; Proto, Eugenio; Sofianos, Andis",JOURNAL OF ECONOMIC BEHAVIOR & ORGANIZATION,2023,SEP,Article,213,,128,141,,10.1016/j.jebo.2023.06.027,http://dx.doi.org/10.1016/j.jebo.2023.06.027,WOS:001147924900001,3,4,Economics,Business & Economics,"Castagnetti, A; Proto, E; Sofianos, A (2023). Anger impairs strategic behavior: A Beauty-Contest based analysis. JOURNAL OF ECONOMIC BEHAVIOR & ORGANIZATION, 213, 128-141. https://doi.org/10.1016/j.jebo.2023.06.027",empirical,experimental,lab_experiment,paper_collection/WoS_251029.Data/PDF/2229907092/10.1016_j.jebo.2023.06.027.pdf
10.1016_j.jebo.2019.12.007,10.1016_j.jebo.2019.12.007.pdf,Firing the right bullets: Exploring the effectiveness of the hired-gun mechanism in the provision of public goods,"Liu, J; Riyanto, YE; Zhang, RK","Liu, Jia; Riyanto, Yohanes E.; Zhang, Ruike",JOURNAL OF ECONOMIC BEHAVIOR & ORGANIZATION,2020,FEB,Article,170,,222,243,,10.1016/j.jebo.2019.12.007,http://dx.doi.org/10.1016/j.jebo.2019.12.007,WOS:000515199200013,2,4,Economics,Business & Economics,"Liu, J; Riyanto, YE; Zhang, RK (2020). Firing the right bullets: Exploring the effectiveness of the hired-gun mechanism in the provision of public goods. JOURNAL OF ECONOMIC BEHAVIOR & ORGANIZATION, 170, 222-243. https://doi.org/10.1016/j.jebo.2019.12.007",empirical,experimental,lab_experiment,paper_collection/WoS_251029.Data/PDF/0775218594/10.1016_j.jebo.2019.12.007.pdf
10.1016_j.ssresearch.2018.12.012,10.1016_j.ssresearch.2018.12.012.pdf,Solidarity through punishment: An experiment on the merits of centralized enforcement in generalized exchange,"Kanitsar, G","Kanitsar, Georg",SOCIAL SCIENCE RESEARCH,2019,FEB,Article,78,,156,169,,10.1016/j.ssresearch.2018.12.012,http://dx.doi.org/10.1016/j.ssresearch.2018.12.012,WOS:000457821500012,4,4,Sociology,Sociology,"Kanitsar, G (2019). Solidarity through punishment: An experiment on the merits of centralized enforcement in generalized exchange. SOCIAL SCIENCE RESEARCH, 78, 156-169. https://doi.org/10.1016/j.ssresearch.2018.12.012",empirical,experimental,lab_experiment,paper_collection/WoS_251029.Data/PDF/1025020172/10.1016_j.ssresearch.2018.12.012.pdf
10.3390_su12198175,10.3390_su12198175.pdf,The Impact of Team Identity and Gender on Free-Riding Responses to Fear and Cooperation Sustainability,"Gomez-Ruiz, L; Sánchez-Expósito, MJ","Gomez-Ruiz, Laura; Sanchez-Exposito, Maria J.",SUSTAINABILITY,2020,OCT,Article,12,19,,,8175,10.3390/su12198175,http://dx.doi.org/10.3390/su12198175,WOS:000587208000001,4,4,Green & Sustainable Science & Technology; Environmental Sciences; Environmental Studies,Science & Technology - Other Topics; Environmental Sciences & Ecology,"Gomez-Ruiz, L; Sánchez-Expósito, MJ (2020). The Impact of Team Identity and Gender on Free-Riding Responses to Fear and Cooperation Sustainability. SUSTAINABILITY, 12(19), 8175. https://doi.org/10.3390/su12198175",empirical,experimental,lab_experiment,paper_collection/WoS_251029.Data/PDF/0167793078/10.3390_su12198175.pdf
10.1038_s41598-021-88663-0,10.1038_s41598-021-88663-0.pdf,Cooperation across multiple game theoretical paradigms is increased by fear more than anger in selfish individuals,"Chierchia, G; Lesemann, FHP; Snower, D; Singer, T","Chierchia, G.; Lesemann, F. H. Parianen; Snower, D.; Singer, T.",SCIENTIFIC REPORTS,2021,APR 30,Article,11,1,,,9351,10.1038/s41598-021-88663-0,http://dx.doi.org/10.1038/s41598-021-88663-0,WOS:000656496100001,4,4,Multidisciplinary Sciences,Science & Technology - Other Topics,"Chierchia, G., Lesemann, F. H. Parianen, Snower, D. & Singer, T. (2021). Cooperation across multiple game theoretical paradigms is increased by fear more than anger in selfish individuals. SCIENTIFIC REPORTS.",empirical,experimental,lab_experiment,paper_collection/WoS_251029.Data/PDF/4071258923/10.1038_s41598-021-88663-0.pdf
10.1086_730717,10.1086_730717.pdf,"The Costs of Collective Action: An Experimental Study of Risk, Punishment, and Immunity","Cheung, G; Siegel, DA","Cheung, Gloria; Siegel, David A.",JOURNAL OF POLITICS,2025,JAN 1,Article,87,1,306,319,,10.1086/730717,http://dx.doi.org/10.1086/730717,WOS:001404063700001,0,0,Political Science,Government & Law,"Cheung, G; Siegel, DA (2025). The Costs of Collective Action: An Experimental Study of Risk, Punishment, and Immunity. JOURNAL OF POLITICS, 87(1), 306-319. https://doi.org/10.1086/730717",empirical,experimental,lab_experiment,paper_collection/WoS_251029.Data/PDF/0219976257/10.1086_730717.pdf
10.1111_j.1467-9779.2010.01472.x,10.1111_j.1467-9779.2010.01472.x.pdf,Cooperation and Status in Organizations,"Eckel, CC; Fatas, E; Wilson, R","Eckel, Catherine C.; Fatas, Enrique; Wilson, Rick",JOURNAL OF PUBLIC ECONOMIC THEORY,2010,AUG,Article,12,4,737,762,,10.1111/j.1467-9779.2010.01472.x,http://dx.doi.org/10.1111/j.1467-9779.2010.01472.x,WOS:000279738500007,56,84,Economics,Business & Economics,"Eckel, Catherine C., Fatas, Enrique & Wilson, Rick (2010). Cooperation and Status in Organizations. JOURNAL OF PUBLIC ECONOMIC THEORY.",empirical,experimental,lab_experiment,paper_collection/WoS_251029.Data/PDF/1423524763/10.1111_j.1467-9779.2010.01472.x.pdf
10.1093_pnasnexus_pgad091,10.1093_pnasnexus_pgad091.pdf,The competitive advantage of sanctioning institutions revisited: A multilab replication,"Lo Iacono, S; Przepiorka, W; Buskens, V; Corten, R; van Assen, M; van de Rijt, A","Lo Iacono, Sergio; Przepiorka, Wojtek; Buskens, Vincent; Corten, Rense; van Assen, Marcel; van de Rijt, Arnout",PNAS NEXUS,2023,MAY 2,Article,2,5,,,pgad091,10.1093/pnasnexus/pgad091,http://dx.doi.org/10.1093/pnasnexus/pgad091,WOS:001053144200004,6,6,"Multidisciplinary Sciences; Social Sciences, Interdisciplinary",Science & Technology - Other Topics; Social Sciences - Other Topics,"Lo Iacono, Sergio, Przepiorka, Wojtek, Buskens, Vincent, Corten, Rense, van Assen, Marcel & van de Rijt, Arnout (2023). The competitive advantage of sanctioning institutions revisited: A multilab replication. PNAS NEXUS.",empirical,experimental,lab_experiment,paper_collection/WoS_251029.Data/PDF/2569933614/10.1093_pnasnexus_pgad091.pdf
10.1016_j.euroecorev.2018.04.003,10.1016_j.euroecorev.2018.04.003.pdf,Language group differences in time preferences: Evidence from primary school children in a bilingual city,"Sutter, M; Angerer, S; Glätzle-Rützler, D; Lergetporer, P","Sutter, Matthias; Angerer, Silvia; Glatzle-Rutzler, Daniela; Lergetporer, Philipp",EUROPEAN ECONOMIC REVIEW,2018,JUL,Article,106,,21,34,,10.1016/j.euroecorev.2018.04.003,http://dx.doi.org/10.1016/j.euroecorev.2018.04.003,WOS:000436215000002,38,46,Economics,Business & Economics,"Sutter, M; Angerer, S; Glätzle-Rützler, D; Lergetporer, P (2018). Language group differences in time preferences: Evidence from primary school children in a bilingual city. EUROPEAN ECONOMIC REVIEW, 106, 21-34. https://doi.org/10.1016/j.euroecorev.2018.04.003",empirical,experimental,lab_experiment,paper_collection/WoS_251029.Data/PDF/3562926144/10.1016_j.euroecorev.2018.04.003.pdf
10.1016_j.joep.2019.102193,10.1016_j.joep.2019.102193.pdf,Discretionary mechanisms and cooperation in hierarchies: An experimental study,"Billinger, S; Rosenbaum, SM","Billinger, Stephan; Rosenbaum, Stephen Mark",JOURNAL OF ECONOMIC PSYCHOLOGY,2019,OCT,Article,74,,,,102193,10.1016/j.joep.2019.102193,http://dx.doi.org/10.1016/j.joep.2019.102193,WOS:000496342200005,1,3,"Economics; Psychology, Multidisciplinary",Business & Economics; Psychology,"Billinger, S; Rosenbaum, SM (2019). Discretionary mechanisms and cooperation in hierarchies: An experimental study. JOURNAL OF ECONOMIC PSYCHOLOGY, 74, 102193. https://doi.org/10.1016/j.joep.2019.102193",empirical,experimental,lab_experiment,paper_collection/WoS_251029.Data/PDF/0629248671/10.1016_j.joep.2019.102193.pdf
10.1016_j.jenvp.2020.101441,10.1016_j.jenvp.2020.101441.pdf,"Greener Than Thou: People who protect the environment are more cooperative, compete to be environmental, and benefit from reputation","Barclay, P; Barker, JL","Barclay, Pat; Barker, Jessica L.",JOURNAL OF ENVIRONMENTAL PSYCHOLOGY,2020,DEC,Article,72,,,,101441,10.1016/j.jenvp.2020.101441,http://dx.doi.org/10.1016/j.jenvp.2020.101441,WOS:000600919400008,61,65,"Environmental Studies; Psychology, Multidisciplinary",Environmental Sciences & Ecology; Psychology,"Barclay, P; Barker, JL (2020). Greener Than Thou: People who protect the environment are more cooperative, compete to be environmental, and benefit from reputation. JOURNAL OF ENVIRONMENTAL PSYCHOLOGY, 72, 101441. https://doi.org/10.1016/j.jenvp.2020.101441",empirical,experimental,lab_experiment,paper_collection/WoS_251029.Data/PDF/1049783667/10.1016_j.jenvp.2020.101441.pdf
10.1007_s11238-023-09929-9,10.1007_s11238-023-09929-9.pdf,Voluntary play increases cooperation in the presence of punishment: a lab in the field experiment,"Pancotto, F; Righi, S; Takács, K","Pancotto, Francesca; Righi, Simone; Takacs, Karoly",THEORY AND DECISION,2023,OCT,Article,95,3,405,428,,10.1007/s11238-023-09929-9,http://dx.doi.org/10.1007/s11238-023-09929-9,WOS:000986394100001,2,2,"Economics; Social Sciences, Mathematical Methods",Business & Economics; Mathematical Methods In Social Sciences,"Pancotto, Francesca, Righi, Simone & Takacs, Karoly (2023). Voluntary play increases cooperation in the presence of punishment: a lab in the field experiment. THEORY AND DECISION.",empirical,experimental,lab_experiment,paper_collection/WoS_251029.Data/PDF/0113658790/10.1007_s11238-023-09929-9.pdf
10.1037_npe0000099,10.1037_npe0000099.pdf,When Punishment Strikes Late: The Effect of a Delay in Punishment and Punishment Feedback on Cooperation and Efficiency,"Waichman, I; Stenzel, L","Waichman, Israel; Stenzel, Lukas",JOURNAL OF NEUROSCIENCE PSYCHOLOGY AND ECONOMICS,2019,MAR,Article,12,1,1,17,,10.1037/npe0000099,http://dx.doi.org/10.1037/npe0000099,WOS:000460115000001,3,5,"Economics; Psychology, Multidisciplinary",Business & Economics; Psychology,"Waichman, Israel & Stenzel, Lukas (2019). When Punishment Strikes Late: The Effect of a Delay in Punishment and Punishment Feedback on Cooperation and Efficiency. JOURNAL OF NEUROSCIENCE PSYCHOLOGY AND ECONOMICS.",empirical,experimental,lab_experiment,paper_collection/WoS_251029.Data/PDF/1774809492/10.1037_npe0000099.pdf
10.1007_s00265-014-1741-8,10.1007_s00265-014-1741-8.pdf,"Intergroup conflict, ostracism, and the evolution of cooperation under free migration","Sääksvuori, L","Saeaeksvuori, Lauri",BEHAVIORAL ECOLOGY AND SOCIOBIOLOGY,2014,AUG,Article,68,8,1311,1319,,10.1007/s00265-014-1741-8,http://dx.doi.org/10.1007/s00265-014-1741-8,WOS:000339728500009,7,11,Behavioral Sciences; Ecology; Zoology,Behavioral Sciences; Environmental Sciences & Ecology; Zoology,"Saeaeksvuori, Lauri (2014). Intergroup conflict, ostracism, and the evolution of cooperation under free migration. BEHAVIORAL ECOLOGY AND SOCIOBIOLOGY.",empirical,experimental,lab_experiment,paper_collection/WoS_251029.Data/PDF/2676786091/10.1007_s00265-014-1741-8.pdf
10.1257_mic.20180336,10.1257_mic.20180336.pdf,"Spillover Effects of Institutions on Cooperative Behavior, Preferences, and Beliefs","Engl, F; Riedl, A; Weber, R","Engl, Florian; Riedl, Arno; Weber, Roberto",AMERICAN ECONOMIC JOURNAL-MICROECONOMICS,2021,NOV,Article,13,4,261,299,,10.1257/mic.20180336,http://dx.doi.org/10.1257/mic.20180336,WOS:000714112000008,20,24,Economics,Business & Economics,"Engl, Florian, Riedl, Arno & Weber, Roberto (2021). Spillover Effects of Institutions on Cooperative Behavior, Preferences, and Beliefs. AMERICAN ECONOMIC JOURNAL-MICROECONOMICS.",empirical,experimental,lab_experiment,paper_collection/WoS_251029.Data/PDF/0906183458/10.1257_mic.20180336.pdf
10.1177_0022002714564426,10.1177_0022002714564426.pdf,Punishment and Cooperation in Stochastic Social Dilemmas,"Xiao, E; Kunreuther, H","Xiao, Erte; Kunreuther, Howard",JOURNAL OF CONFLICT RESOLUTION,2016,JUN,Article,60,4,670,693,,10.1177/0022002714564426,http://dx.doi.org/10.1177/0022002714564426,WOS:000376208800004,18,20,International Relations; Political Science,International Relations; Government & Law,"Xiao, Erte & Kunreuther, Howard (2016). Punishment and Cooperation in Stochastic Social Dilemmas. JOURNAL OF CONFLICT RESOLUTION.",empirical,experimental,lab_experiment,paper_collection/WoS_251029.Data/PDF/0122522636/10.1177_0022002714564426.pdf
10.1016_j.jesp.2019.103823,10.1016_j.jesp.2019.103823.pdf,Escalation of negative social exchange: Reflexive punishment or deliberative deterrence?,"Vandermeer, J; Hosey, C; Epley, N; Keysar, B","Vandermeer, James; Hosey, Christine; Epley, Nicholas; Keysar, Boaz",JOURNAL OF EXPERIMENTAL SOCIAL PSYCHOLOGY,2019,SEP,Article,84,,,,103823,10.1016/j.jesp.2019.103823,http://dx.doi.org/10.1016/j.jesp.2019.103823,WOS:000486107200011,13,14,"Psychology, Social",Psychology,"Vandermeer, J; Hosey, C; Epley, N; Keysar, B (2019). Escalation of negative social exchange: Reflexive punishment or deliberative deterrence?. JOURNAL OF EXPERIMENTAL SOCIAL PSYCHOLOGY, 84, 103823. https://doi.org/10.1016/j.jesp.2019.103823",empirical,experimental,lab_experiment,paper_collection/WoS_251029.Data/PDF/3935355897/10.1016_j.jesp.2019.103823.pdf
10.1257_mic.3.4.77,10.1257_mic.3.4.77.pdf,Intermediation Reduces Punishment (and Reward),"Coffman, LC","Coffman, Lucas C.",AMERICAN ECONOMIC JOURNAL-MICROECONOMICS,2011,NOV,Article,3,4,77,106,,10.1257/mic.3.4.77,http://dx.doi.org/10.1257/mic.3.4.77,WOS:000296568600004,86,110,Economics,Business & Economics,"Coffman, LC (2011). Intermediation Reduces Punishment (and Reward). AMERICAN ECONOMIC JOURNAL-MICROECONOMICS, 3(4), 77-106. https://doi.org/10.1257/mic.3.4.77",empirical,experimental,lab_experiment,paper_collection/WoS_251029.Data/PDF/1776808933/10.1257_mic.3.4.77.pdf
10.1002_hbm.21298,10.1002_hbm.21298.pdf,The mentalizing network orchestrates the impact of parochial altruism on social norm enforcement,"Baumgartner, T; Götte, L; Gügler, R; Fehr, E","Baumgartner, Thomas; Goette, Lorenz; Guegler, Rahel; Fehr, Ernst",HUMAN BRAIN MAPPING,2012,JUN,Article,33,6,1452,1469,,10.1002/hbm.21298,http://dx.doi.org/10.1002/hbm.21298,WOS:000303857200016,131,158,"Neurosciences; Neuroimaging; Radiology, Nuclear Medicine & Medical Imaging","Neurosciences & Neurology; Radiology, Nuclear Medicine & Medical Imaging","Baumgartner, Thomas, Goette, Lorenz, Guegler, Rahel & Fehr, Ernst (2012). The mentalizing network orchestrates the impact of parochial altruism on social norm enforcement. HUMAN BRAIN MAPPING.",empirical,experimental,lab_experiment,paper_collection/WoS_251029.Data/PDF/2236123282/10.1002_hbm.21298.pdf
10.1007_s12110-009-9072-6,10.1007_s12110-009-9072-6.pdf,"Hadza Cooperation - Second-Party Punishment, Yes; Third-Party Punishment, No","Marlowe, FW","Marlowe, Frank W.",HUMAN NATURE-AN INTERDISCIPLINARY BIOSOCIAL PERSPECTIVE,2009,DEC,Article; Proceedings Paper,20,4,417,430,,10.1007/s12110-009-9072-6,http://dx.doi.org/10.1007/s12110-009-9072-6,WOS:000270668600005,32,37,"Anthropology; Social Sciences, Biomedical",Anthropology; Biomedical Social Sciences,"Marlowe, Frank W. (2009). Hadza Cooperation - Second-Party Punishment, Yes; Third-Party Punishment, No. HUMAN NATURE-AN INTERDISCIPLINARY BIOSOCIAL PERSPECTIVE.",empirical,experimental,lab_experiment,paper_collection/WoS_251029.Data/PDF/1539942439/10.1007_s12110-009-9072-6.pdf
10.1371_journal.pone.0326564,10.1371_journal.pone.0326564.pdf,"Cooperation is not rewarded by friendship, but generous and selfish students repel each other in social networks","Samu, F; Piras, S; Righi, S; Setti, M; Takács, K","Samu, Flora; Piras, Simone; Righi, Simone; Setti, Marco; Takacs, Karoly",PLOS ONE,2025,,Article,20,6,,,e0326564,10.1371/journal.pone.0326564,http://dx.doi.org/10.1371/journal.pone.0326564,WOS:001519818400032,0,0,Multidisciplinary Sciences,Science & Technology - Other Topics,"Samu, F; Piras, S; Righi, S; Setti, M; Takács, K (2025). Cooperation is not rewarded by friendship, but generous and selfish students repel each other in social networks. PLOS ONE, 20(6), e0326564. https://doi.org/10.1371/journal.pone.0326564",empirical,observational,N/A,paper_collection/WoS_251029.Data/PDF/0388146290/10.1371_journal.pone.0326564.pdf
10.1007_s11127-021-00925-7,10.1007_s11127-021-00925-7.pdf,Understanding cross-cultural differences in peer reporting practices: evidence from tax evasion games in Moldova and France,"Romaniuc, R; Dubois, D; Dimant, E; Lupusor, A; Prohnitchi, V","Romaniuc, Rustam; Dubois, Dimitri; Dimant, Eugen; Lupusor, Adrian; Prohnitchi, Valeriu",PUBLIC CHOICE,2022,JAN,Article,190,1-2,127,147,,10.1007/s11127-021-00925-7,http://dx.doi.org/10.1007/s11127-021-00925-7,WOS:000691926300001,6,8,Economics; Political Science,Business & Economics; Government & Law,"Romaniuc, Rustam, Dubois, Dimitri, Dimant, Eugen, Lupusor, Adrian & Prohnitchi, Valeriu (2022). Understanding cross-cultural differences in peer reporting practices: evidence from tax evasion games in Moldova and France. PUBLIC CHOICE.",empirical,experimental,lab_experiment,paper_collection/WoS_251029.Data/PDF/1028616614/10.1007_s11127-021-00925-7.pdf
10.1016_j.jesp.2018.06.009,10.1016_j.jesp.2018.06.009.pdf,Daring dishonesty: On the role of sanctions for (un)ethical behavior,"Thielmann, I; Hilbig, BE","Thielmann, Isabel; Hilbig, Benjamin E.",JOURNAL OF EXPERIMENTAL SOCIAL PSYCHOLOGY,2018,NOV,Article,79,,71,77,,10.1016/j.jesp.2018.06.009,http://dx.doi.org/10.1016/j.jesp.2018.06.009,WOS:000448093100008,13,15,"Psychology, Social",Psychology,"Thielmann, I; Hilbig, BE (2018). Daring dishonesty: On the role of sanctions for (un)ethical behavior. JOURNAL OF EXPERIMENTAL SOCIAL PSYCHOLOGY, 79, 71-77. https://doi.org/10.1016/j.jesp.2018.06.009",empirical,experimental,lab_experiment,paper_collection/WoS_251029.Data/PDF/2424277288/10.1016_j.jesp.2018.06.009.pdf
10.1007_s11948-014-9575-3,10.1007_s11948-014-9575-3.pdf,Intergroup Cooperation in Common Pool Resource Dilemmas,"Sadowski, J; Spierre, SG; Selinger, E; Seager, TP; Adams, EA; Berardy, A","Sadowski, Jathan; Spierre, Susan G.; Selinger, Evan; Seager, Thomas P.; Adams, Elizabeth A.; Berardy, Andrew",SCIENCE AND ENGINEERING ETHICS,2015,OCT,Article,21,5,1197,1215,,10.1007/s11948-014-9575-3,http://dx.doi.org/10.1007/s11948-014-9575-3,WOS:000361456000007,5,6,"Ethics; Engineering, Multidisciplinary; History & Philosophy Of Science; Multidisciplinary Sciences; Philosophy",Social Sciences - Other Topics; Engineering; History & Philosophy of Science; Science & Technology - Other Topics; Philosophy,"Sadowski, J; Spierre, SG; Selinger, E; Seager, TP; Adams, EA; Berardy, A (2015). Intergroup Cooperation in Common Pool Resource Dilemmas. SCIENCE AND ENGINEERING ETHICS, 21(5), 1197-1215. https://doi.org/10.1007/s11948-014-9575-3",empirical,experimental,lab_experiment,paper_collection/WoS_251029.Data/PDF/2858371637/10.1007_s11948-014-9575-3.pdf
10.1007_s10551-011-0795-z,10.1007_s10551-011-0795-z.pdf,When Rules Really Make a Difference: The Effect of Cooperation Rules and Self-Sacrificing Leadership on Moral Norms in Social Dilemmas,"Mulder, LB; Nelissen, RMA","Mulder, Laetitia B.; Nelissen, Rob M. A.",JOURNAL OF BUSINESS ETHICS,2010,SEP,Article,95,,57,72,,10.1007/s10551-011-0795-z,http://dx.doi.org/10.1007/s10551-011-0795-z,WOS:000292032500006,23,29,Business; Ethics,Business & Economics; Social Sciences - Other Topics,"Mulder, Laetitia B. & Nelissen, Rob M. A. (2010). When Rules Really Make a Difference: The Effect of Cooperation Rules and Self-Sacrificing Leadership on Moral Norms in Social Dilemmas. JOURNAL OF BUSINESS ETHICS.",empirical,experimental,lab_experiment,paper_collection/WoS_251029.Data/PDF/2551743279/10.1007_s10551-011-0795-z.pdf
10.1037_a0011381,10.1037_a0011381.pdf,Cooperation in social dilemmas: Free riding may be thwarted by second-order reward rather than by punishment,"Kiyonari, T; Barclay, P","Kiyonari, Toko; Barclay, Pat",JOURNAL OF PERSONALITY AND SOCIAL PSYCHOLOGY,2008,OCT,Article,95,4,826,842,,10.1037/a0011381,http://dx.doi.org/10.1037/a0011381,WOS:000259336300005,114,135,"Psychology, Social",Psychology,"Kiyonari, Toko & Barclay, Pat (2008). Cooperation in social dilemmas: Free riding may be thwarted by second-order reward rather than by punishment. JOURNAL OF PERSONALITY AND SOCIAL PSYCHOLOGY.",empirical,experimental,lab_experiment,paper_collection/WoS_251029.Data/PDF/1047048267/10.1037_a0011381.pdf
