variation,delta_rmse,delta_rmse_ci_low,delta_rmse_ci_high,delta_correlation,delta_correlation_ci_low,delta_correlation_ci_high,delta_directional_accuracy,delta_directional_accuracy_ci_low,delta_directional_accuracy_ci_high,n
10.1162_003355399556151,8.110582704594254,4.7305682516404435,10.932270841004193,-0.3173228317759202,-0.638359573305544,-0.011061718149862723,-0.2,-0.55,0.24999999999999994,20
10.1038_415137a,0.837285732863756,-1.739634319935153,3.30443992320945,-0.2654713592295361,-0.5350834318777871,0.038423382892067495,0.0,-0.2512499999999999,0.25,20
10.1257_aer.90.4.980,3.1145361665928677,0.13583752304660449,5.896837986311043,-0.39955008942394316,-0.7266913790728674,-0.05101536065803655,-0.2,-0.55,0.15000000000000002,20
10.1257_jep.14.3.137,-0.9541140197804259,-3.7208366110769466,1.2697926918529232,0.05157180313544918,-0.09800326436854241,0.20616846724528778,0.04999999999999993,-0.25,0.30000000000000004,20
10.1126_science.1153808,0.9978876495736442,-0.32576588026866293,2.3935970790238237,-0.09739682952292428,-0.2327068914160737,-0.00500921011872096,-0.050000000000000044,-0.15000000000000002,0.0,20
10.1073_pnas.0630443100,3.4972371810262652,0.6357724930100582,6.284278714023831,-0.46290861879057854,-0.7185767883741433,-0.09248615230351945,-0.25,-0.6,0.09999999999999998,20
10.1126_science.1100735,-0.6399176067991492,-1.670458206704577,0.5657815603365134,0.008978051756276084,-0.16466407537340158,0.14650222088795778,0.0,-0.19999999999999996,0.19999999999999996,20
10.1126_science.1127333,-0.2651078759456773,-1.6100859626432316,0.9475269829221619,-0.12008722538189232,-0.2335783311002962,-0.0014726189929980082,-0.050000000000000044,-0.30000000000000004,0.19999999999999996,20
10.1007_s10683-010-9257-1,-0.17981133429160767,-1.2159396260517596,0.9603593772032446,-0.030846294870043423,-0.23054001845964306,0.12282230603006673,-0.09999999999999998,-0.25,0.0,20
10.1007_s12110-002-1012-7,7.977022392929951,4.602721615818206,11.058430279786968,-0.4401266163211176,-0.7294951708963343,-0.13580072445377903,-0.15000000000000002,-0.50125,0.24999999999999994,20
10.1257_aer.99.1.431,0.3426979293280583,-0.6376620366871387,1.5134922561439912,-0.08623312826164586,-0.22573368366104699,0.006799321578654736,-0.050000000000000044,-0.15000000000000002,0.0,20
10.1038_nature02978,0.37806115967860343,-0.5285418871780873,1.4100360806497902,-0.06396142406923466,-0.179539125967401,0.015182172403914741,-0.050000000000000044,-0.15000000000000002,0.0,20
10.1126_science.1123633,8.058660077501372,4.210381035550287,11.59212962904882,-0.5964881148156883,-0.9937963929789617,-0.17429602917451975,-0.15000000000000002,-0.55,0.24999999999999994,20
10.1126_science.1141588,3.493831959513016,1.3903744515304999,5.743156853259388,-0.006089271258292062,-0.11398187189708012,0.15092724551253398,0.0,0.0,0.0,20
10.1038_nature04981,0.10107116944504213,-0.8011901778459165,0.9683549962258245,-0.0992495541799372,-0.2275006128219362,-0.01446251636819478,0.0,0.0,0.0,20
10.1038_nature06723,-0.027731062339506174,-0.988781625706944,0.9575038938853515,-0.07088095392207294,-0.2061371421778545,0.0007803514617144654,-0.050000000000000044,-0.15000000000000002,0.0,20
10.1257_000282803321455359,-0.8163386142085747,-2.315903817734062,0.5999640925427928,-0.05721882163590852,-0.16256847215814943,0.06306801609396945,0.0,-0.19999999999999996,0.20000000000000007,20
10.1073_pnas.0913149107,0.20187872949895613,-1.8902653521721173,1.9443274525167706,-0.09459977196911118,-0.26291719357438514,0.015429438181567758,-0.09999999999999998,-0.4,0.20000000000000007,20
10.1126_science.1177418,-0.08758106474801242,-2.011500820113964,1.478247592870569,-0.08406948308012696,-0.21271749344217838,4.069285843932136e-05,0.0,-0.25,0.25,20
10.1038_nature01474,2.2272008157298506,0.41534846457244873,3.9050857500337073,-0.0883895151131946,-0.22827261091466014,0.02417473520617185,-0.050000000000000044,-0.15000000000000002,0.0,20
10.1073_pnas.1108243108,1.345839443301899,-0.06469654398464625,3.1566585942732575,-0.1058276185489696,-0.2727490241770732,0.001285547586452063,-0.050000000000000044,-0.15000000000000002,0.0,20
10.2307_2667052,1.6118338361577544,0.15654251242379746,3.028263595016402,-0.039804425692140044,-0.1636176382662858,0.08295183716241383,-0.050000000000000044,-0.15000000000000002,0.0,20
10.1073_pnas.161155698,0.28456375265071543,-2.267269792330478,2.362825897566895,0.029411169674574356,-0.09637461446405854,0.16221166660283512,0.0,-0.35,0.30000000000000004,20
10.1098_rstb.2009.0134,-0.5781353897452473,-1.3490995197446396,0.09442221840392633,-0.0175414346386098,-0.10174722073956782,0.07497593355653501,0.04999999999999993,-0.09999999999999998,0.24999999999999994,20
10.1126_science.1183665,-0.7319730640847917,-2.167677684545495,0.8167581302416189,0.1057758654348614,-0.04564488075070834,0.31519473261642295,0.09999999999999998,-0.19999999999999996,0.35000000000000003,20
10.1038_nature09203,1.4112133884825449,-0.03356192249376326,3.1796691768545258,-0.059829331178183676,-0.19821086287797987,0.027804898227369645,-0.050000000000000044,-0.15000000000000002,0.0,20
10.1017_s0140525x11002202,-0.0011372129398923292,-0.8364181932662883,0.7717988058888798,-0.026828192973112452,-0.1387292568773539,0.08680577465285577,0.0,0.0,0.0,20
10.1038_nature05229,0.9500650684446192,-0.6510126330101388,2.8084444975882823,-0.08432443372904308,-0.2525008325103964,0.03432820472203688,-0.050000000000000044,-0.15000000000000002,0.0,20
10.1126_science.1193649,0.6399941983003057,-1.1072233624308008,2.5044368089557083,-0.14824715783675185,-0.29539113732423167,-0.02736495220281503,-0.15000000000000002,-0.45,0.19999999999999996,20
10.1257_000282803322157142,2.275194461083429,-0.6095041363747155,4.706293244779663,-0.19233807453950869,-0.42655724926286376,0.03775072765659651,-0.09999999999999998,-0.45000000000000007,0.25,20
10.1073_pnas.0500938102,10.032606047289288,5.917339060818089,13.503666654872081,-0.8382852050126044,-1.14796806059248,-0.4190611343219172,-0.2,-0.55,0.2,20
10.1002_per.474,0.8608559120293471,-0.5515515737304092,2.5450438790315597,-0.0913497976318337,-0.2613068183916053,0.02001135034483568,-0.050000000000000044,-0.15000000000000002,0.0,20
10.1098_rspb.2003.2336,3.7567583759931162,0.6055296167979141,6.635543839939202,-0.3470868527896738,-0.6917574373000586,-0.04638638838580866,-0.09999999999999998,-0.39999999999999997,0.2,20
10.1103_PhysRevE.83.036101,1.7242896103765988,0.31304108808132924,3.1325399243845466,-0.06338903332137591,-0.19229889996118393,0.02550383327086197,-0.050000000000000044,-0.15000000000000002,0.0,20
10.1111_j.1465-7295.2007.00051.x,0.8611272129788698,-1.265737248517899,2.6286636331663282,-0.1289579265534908,-0.3973619494333758,0.05286137184768253,-0.09999999999999998,-0.35124999999999995,0.15000000000000002,20
10.1073_pnas.0502399102,0.08231689451695612,-0.8627834424443311,1.1214684089877138,-0.04574650376896605,-0.16871442259506678,0.054081481678977014,-0.09999999999999998,-0.25,0.0,20
10.1038_nature16981,0.3488161473304121,-1.678286473448451,2.262990387594383,-0.10014440364811084,-0.24539852902820583,0.015089863204724911,-0.09999999999999998,-0.4,0.24999999999999994,20
10.1371_journal.pcbi.1000758,1.8974910534463012,-0.03149874887258601,3.5970646523626577,-0.15609333604912395,-0.4283971301850138,0.07889231714779517,-0.09999999999999998,-0.35000000000000003,0.19999999999999996,20
10.1017_s0140525x11000069,-0.4240263102472257,-1.696056889260086,0.6753790396834313,0.055187357561703565,-0.030892249336233194,0.17395478166844394,0.0,-0.25,0.24999999999999994,20
10.1111_j.1467-937X.2010.00608.x,-1.0625866784440836,-2.7909280359623345,0.47130608939434465,-0.054445117395894194,-0.23813882836400152,0.10532050745468027,0.04999999999999993,-0.15000000000000002,0.29999999999999993,20
10.1098_rspb.2007.1558,1.7223142537088512,-0.232485043207467,3.719526926714158,-0.11833667671312853,-0.2953669026670708,0.010804625219407024,-0.050000000000000044,-0.15000000000000002,0.0,20
10.1038_nature16980,0.007637568476015488,-1.143890243222816,1.122914373697225,-0.09428327884543886,-0.2710902778822557,0.016825189209167122,-0.050000000000000044,-0.15000000000000002,0.0,20
10.1073_pnas.0504902103,-0.08360995188824649,-1.4679679703793904,1.2215064047011444,-0.024317005857891538,-0.1394160008844718,0.0728358998349892,-0.050000000000000044,-0.25,0.15000000000000002,20
10.1111_j.1468-0262.2005.00644.x,-1.081770785893994,-2.5218239621778853,0.2778101286952052,-0.028264121168186773,-0.15539953452942498,0.09197012716142813,0.09999999999999998,0.0,0.25,20
10.1038_nature07601,1.1023838077966186,-0.3501666059728573,2.710532488939064,-0.09306943425329794,-0.2518681182733158,0.005082225992311283,-0.050000000000000044,-0.15000000000000002,0.0,20
10.1126_science.1145850,0.836552463905706,-0.5309631577025675,2.4150598677270723,-0.0749938059774603,-0.2756040621560314,0.07158922037156704,-0.15000000000000002,-0.30000000000000004,0.0,20
10.1038_ncomms1442,7.028862388892251,4.6154887058123375,9.214552751125686,-0.011512410279616914,-0.1728792351740642,0.21064242519051907,-0.050000000000000044,-0.15000000000000002,0.0,20
10.1126_sciadv.1601444,0.3586542491599056,-0.7067133022238143,1.6921195130144202,-0.08952020096680047,-0.24774763296333882,0.009724387155511756,-0.050000000000000044,-0.15000000000000002,0.0,20
10.1126_science.1183532,-0.05798834277918008,-0.8736448701120122,0.8367571918722034,-0.00794235120100728,-0.1333649399208264,0.08078989919749366,-0.050000000000000044,-0.15000000000000002,0.0,20
10.1038_ncomms5939,0.2695230431045834,-1.326899707507763,1.7106672831521696,-0.08148656985713298,-0.26230423040098844,0.0261356580229669,0.0,-0.25,0.25,20
10.1073_pnas.1105604108,4.153855090914408,0.9093999413091444,6.961718641397538,-0.23184196014360092,-0.5252182015139631,0.13095613859381652,-0.15000000000000002,-0.55125,0.29999999999999993,20
10.1073_pnas.1707505115,2.8598316317818613,0.7576692167963706,5.321280092324877,-0.12315916818390593,-0.3090657832673298,0.0063650094165903495,-0.050000000000000044,-0.15000000000000002,0.0,20
10.1111_j.1468-0262.2004.00511.x,-0.20626183874479853,-1.8195580139403338,1.1675163903207009,-0.032100183687322814,-0.19903025648624023,0.1614237390369565,0.0,-0.19999999999999996,0.2,20
10.1073_pnas.1421402112,0.0569918666081346,-0.9882398795885798,1.0063359637750229,-0.06286107229158577,-0.18425816800048828,0.028914321379106992,-0.050000000000000044,-0.15000000000000002,0.0,20
10.1007_s10683-007-9171-3,2.131475812043136,-0.1585991020246161,4.636163021292327,-0.12395665920548171,-0.4157505537787327,0.07763805108355895,-0.2,-0.5,0.1012499999999989,20
10.2307_2297904,4.527013330451491,1.1971278012398368,7.983308446628309,-0.39114746363639885,-0.8119176834110722,0.11135510356747713,-0.09999999999999998,-0.45,0.25,20
10.1111_j.1467-9442.2006.00444.x,0.7219834253549609,-0.3548760301920774,1.9413852288594566,-0.0975738478257343,-0.26394858308337726,0.029725277267633497,0.0,-0.15000000000000002,0.15000000000000002,20
10.1103_PhysRevX.7.041027,1.0076327487944017,-1.6593444087767233,3.5566732261956764,-0.01994518706151671,-0.21289797948305797,0.12304527572088428,-0.15000000000000002,-0.5,0.19999999999999996,20
10.1038_nn.3087,4.759468886758932,1.456784604748702,7.825238814507936,-0.6433686048256261,-0.9894695172771762,-0.2172254382778208,-0.15000000000000002,-0.5,0.2,20
10.1103_PhysRevX.3.041021,0.3122034405316194,-0.7782717656454159,1.280617733912874,-0.08512175557759127,-0.2233727648790671,0.00782470170352409,-0.050000000000000044,-0.15000000000000002,0.0,20
10.1007_s12110-005-1017-0,-0.39179048054508314,-1.849998802632858,0.8475545626374205,-0.0663652472356866,-0.2123825844956715,0.0717032641188207,0.09999999999999998,-0.15000000000000002,0.35000000000000003,20
10.1126_science.1241399,1.0624370713190299,-1.1122187592848,3.062295085977687,-0.24632059681441854,-0.4701820603836439,-0.09127818646069343,-0.15000000000000002,-0.45,0.15000000000000002,20
10.1103_PhysRevE.92.012819,0.13049870865786506,-0.7286170444294374,1.0284393596266768,-0.041117005154310715,-0.14428280624364306,0.0397972610541835,-0.050000000000000044,-0.15000000000000002,0.0,20
10.1073_pnas.0808450106,-0.12681924006380552,-0.9290768675410704,0.7207838947886036,-0.03896661893189801,-0.13094503041845024,0.030153342809067826,0.0,0.0,0.0,20
10.1007_s10683-017-9527-2,0.511771383744021,-0.6794886423859922,1.75298200468626,-0.056869519199928664,-0.16405620366884802,0.024794988341875396,-0.050000000000000044,-0.15000000000000002,0.0,20
10.1257_aer.99.4.1335,0.7356653713349424,-1.927800694081195,3.0912906540901512,-0.09991411151381269,-0.2936705321150849,0.06498802474116462,0.0,-0.35000000000000003,0.35000000000000003,20
10.1111_j.1468-0297.2005.01031.x,-0.8155242784322185,-1.9918671748893169,0.31234570936969097,-0.04766612851346297,-0.2087798531399731,0.07129915478922674,0.0,-0.15000000000000002,0.15000000000000002,20
10.1073_pnas.1105456108,2.143473778958744,-0.6156393753234486,4.654568066399761,-0.18169771786611139,-0.3956635562021178,-0.0084435742005044,-0.15000000000000002,-0.5,0.19999999999999996,20
10.1098_rsbl.2005.0344,3.0270366791225696,0.3820915418296324,5.522738573278075,-0.0956362559211058,-0.30880468687391094,0.03956785779128673,-0.30000000000000004,-0.65,0.10000000000000003,20
10.1007_s00199-007-0212-0,6.023552163627557,4.048399790751809,8.091374357138383,-0.669818506581992,-1.0628734110056695,-0.3058532794745603,-0.25,-0.55,0.050000000000000044,20
10.1098_rstb.2010.0135,-0.15535579987691328,-1.3720836996301582,1.044810996425941,-0.08382050256987639,-0.22505363179763305,0.018152240717764938,0.0,-0.14999999999999997,0.15000000000000002,20
10.1038_srep03055,0.4036311928776586,-1.4634110234339792,2.142225835994879,-0.1497415992389146,-0.30624616524618586,-0.011250085517800008,-0.09999999999999998,-0.35124999999999995,0.19999999999999996,20
10.1073_pnas.0507229103,-0.20221802513231246,-1.1252398804687882,0.6243349079899917,-0.09143957586230911,-0.26731582980490304,0.05201755615698921,0.09999999999999998,-0.1499999999999999,0.35,20
10.1086_425623,0.6266009871857063,-2.2737656553176713,3.175443607379198,-0.07404317261518223,-0.27826030593672424,0.10132940835723676,0.04999999999999993,-0.15000000000000002,0.25,20
10.1016_j.jtbi.2010.06.010,13.035459400781697,10.422773190470002,15.246366391694698,-0.0654994530384646,-0.2866782032239218,0.093935895265317,-0.050000000000000044,-0.19999999999999996,0.0,20
10.1007_s12110-005-1000-9,-0.035991497073039724,-1.1149342824438897,1.0456127341267463,-0.07174965274307255,-0.1819381091918778,0.0261441473548965,0.0,-0.25,0.25,20
10.1098_rspb.2008.1082,-0.27046985782042743,-1.4568325289771853,0.8380305211285766,-0.06014534346307332,-0.2582638649149022,0.08072064219134821,-0.09999999999999998,-0.25,0.0,20
10.1257_aer.100.1.420,13.285477628608707,5.598504160627852,20.368424167879102,-0.34129639048540233,-0.7243833595822019,0.009803790952272684,-0.09999999999999998,-0.30000000000000004,0.09999999999999998,20
10.1098_rspb.2010.0065,-0.24554536328382248,-1.4812509999000056,0.9548070317598748,-0.048171111835194846,-0.23776382295231022,0.09561490229590368,-0.050000000000000044,-0.15000000000000002,0.0,20
10.1257_0895330027265,-0.2662290555160265,-2.118163696362346,1.4026340297293771,-0.08535294650961667,-0.2446475181190146,0.10197343298481557,0.09999999999999998,-0.09999999999999998,0.3,20
10.1098_rspb.2007.1517,-0.49889544629629956,-1.8262382798303058,0.8915324057437833,-0.052469223224256956,-0.24494954242624478,0.10266638204212176,0.09999999999999998,-0.15000000000000002,0.35000000000000003,20
10.3389_fphy.2018.00107,-0.6385739691615395,-1.1064259438634594,-0.19150274413350576,0.008935790472703209,-0.019698842790939076,0.05164192583949098,0.0,0.0,0.0,20
10.1038_srep00344,0.7622654455370315,-0.3304957026185811,1.9929292071905609,-0.04312848185125295,-0.14028380947761532,0.04260259325955328,-0.050000000000000044,-0.15000000000000002,0.0,20
10.1103_PhysRevE.84.046106,-0.10961692763967879,-0.9651908447729765,0.5692767070419352,-0.023177155498588342,-0.09384828070340857,0.055880164097381224,0.0,0.0,0.0,20
10.1038_nclimate1927,0.44533884841609606,-0.9513977152549086,1.6502803685840655,-0.10805105548792204,-0.2765822628395031,0.004581816892310652,0.09999999999999998,-0.15000000000000002,0.3512499999999989,20
10.1073_pnas.1703857114,2.1821673641167907,-0.876166379523553,4.805620829293068,-0.022661524665842925,-0.2074318337895984,0.09168266831626387,-0.2,-0.55,0.15000000000000002,20
10.1016_j.jtbi.2013.02.008,-0.42380473138780683,-1.280322310831023,0.25352584387554805,-0.03139265488652343,-0.11399814263277641,0.04903174779044852,-0.050000000000000044,-0.15000000000000002,0.0,20
10.1111_j.1465-7295.2009.00268.x,0.0777450791497758,-2.0456001312270926,2.3536923160481624,-0.08559731923670544,-0.2703020842515298,0.06777743482304288,0.0,-0.25,0.20124999999999893,20
10.1073_pnas.1120867109,-0.27701556949337114,-2.0177960936039936,1.1012446695833094,-0.044070363665554946,-0.15083500208326092,0.0497167628311367,0.0,-0.25,0.29999999999999993,20
10.1073_pnas.0407370102,0.1634575560444027,-0.5175609399654708,0.9355009659375694,-0.056958170876076575,-0.14076302752926834,-0.0007218708906342568,0.0,0.0,0.0,20
10.1162_jeea.2005.3.2-3.303,0.29917820559972164,-2.242307957418776,2.382595931698133,-0.10430166632807725,-0.34675828065006337,0.0853202536966618,0.0,-0.3,0.30000000000000004,20
10.1111_j.1468-0297.2009.02288.x,1.2999371737665202,-0.21523924786339765,2.738837031825027,-0.11706728389161658,-0.262615945840064,-0.01882801389452588,-0.050000000000000044,-0.15000000000000002,0.0,20
10.1002_hbm.21298,0.27042040817875623,-0.8192299082117345,1.5085824403001635,-0.08838663911566469,-0.2598398065317203,0.01536575645337549,-0.050000000000000044,-0.15124999999999994,0.0,20
10.1093_ei_cbi045,-0.5713014844490463,-1.4376968113028352,0.40801848385753575,-0.13163638745787454,-0.2860553259816075,0.023241372247602404,0.09999999999999998,0.0,0.25,20
10.1103_PhysRevE.81.057104,1.9380579452733597,-0.0017797233024128341,4.013004323337278,-0.21422473614839488,-0.5611562849403311,0.18584044571511815,0.0,-0.29999999999999993,0.25,20
10.1016_j.jtbi.2008.09.015,0.06357440932016267,-1.5999823323753668,1.5842737000385236,-0.09051899063763902,-0.26714001786809,0.029057496912513504,-0.050000000000000044,-0.20124999999999998,0.10000000000000009,20
10.1073_pnas.1115219109,2.743665895477826,-0.32537109262881414,5.9409804691004515,-0.25239975894091177,-0.5236244801245843,0.02740396591841271,-0.2,-0.5,0.09999999999999998,20
10.1523_jneurosci.2761-12.2013,0.951683925094085,-0.5004164350906415,2.5913261056427825,-0.0712973773458625,-0.23100736854274023,0.0448342099630572,-0.050000000000000044,-0.15000000000000002,0.0,20
10.1037_a0019861,1.1107719209298619,-0.2813853287565744,2.9253310594197033,-0.07710655582693515,-0.23912196737783187,0.040146808517798296,-0.050000000000000044,-0.15000000000000002,0.0,20
10.1098_rspb.2012.0937,0.04464364150900124,-1.2737553389772716,1.2390379253480526,-0.07952490085031871,-0.25697726993076725,0.01822064072202519,-0.050000000000000044,-0.15000000000000002,0.0,20
10.1371_journal.pcbi.1006347,0.33821919117364185,-1.4929395399671426,1.9746513309602969,-0.1238991388526478,-0.23779423989341567,-0.025159609701705728,-0.050000000000000044,-0.35,0.25,20
10.1073_pnas.0905918106,0.8498654219407626,-0.6092661423366734,2.489316340612478,-0.0907325294970831,-0.25196775613950595,0.02092915365338227,-0.050000000000000044,-0.15000000000000002,0.0,20
10.1038_srep23919,2.375219272957481,0.3963888910288542,4.431348002653003,-0.044706016656337555,-0.1984962300613377,0.06943034530536742,-0.050000000000000044,-0.15000000000000002,0.0,20
10.1098_rspb.2011.0805,0.460192639873493,-1.4973416493176355,2.213947825128455,-0.0846049759836296,-0.2265374004549373,0.02523749085078142,-0.15000000000000002,-0.5,0.19999999999999996,20
10.1103_PhysRevE.95.052316,0.5725419975301271,-0.5935285875270212,2.1024174221991916,-0.07777270793523994,-0.23099817711991763,0.0345655015545252,-0.050000000000000044,-0.15000000000000002,0.0,20
10.1098_rspb.2010.1275,4.981553103681711,1.8485339092463182,7.71570803211869,-0.3207958165114077,-0.7733153432167805,0.07996375003298509,-0.050000000000000044,-0.4,0.3,20
10.1073_pnas.1413170111,0.2936018448048632,-0.670245849359964,1.3968280751524451,-0.07558040037399116,-0.2409499564324584,0.039959166478516044,-0.050000000000000044,-0.15000000000000002,0.0,20
10.1038_srep07843,0.6536761336755283,-0.16453930668792252,1.4958561672982158,-0.12480266788206706,-0.2859226959537851,-0.023955400317735027,0.0,0.0,0.0,20
10.1038_nature07184,-0.16656056578981104,-1.8409266735566658,1.2473987379346851,-0.07638526594649941,-0.1913583937613554,0.051559122392462485,0.04999999999999993,-0.15000000000000002,0.29999999999999993,20
10.1093_restud_rdt022,1.9708153087113578,-0.5112799565442682,4.270340098516835,-0.1737818573076786,-0.38591881734570493,0.008241057175368185,-0.09999999999999998,-0.44999999999999996,0.25,20
10.1111_j.1548-1433.2008.00024.x,-0.007341840367006469,-1.227317860716172,1.1057677878098278,-0.06994958048987654,-0.22481025852584485,0.04740874988188251,0.0,-0.14999999999999997,0.10124999999999895,20
10.1103_PhysRevE.91.042810,0.3174814202270735,-1.976421203633408,2.137514923799128,-0.10761174996416645,-0.3409436305426025,0.0816566244336305,0.0,-0.20000000000000007,0.19999999999999996,20
10.1007_s10683-010-9266-0,0.11272312864830347,-1.554708339012563,1.625184848490135,-0.0942137937666716,-0.27147591486828243,0.02121942011903313,-0.050000000000000044,-0.3,0.2,20
10.1023_b_Exec.0000040559.08652.51,0.024212111941513292,-1.4936445503608342,1.490146717467486,-0.09320371934172944,-0.2559024063233242,0.03494611701763552,-0.050000000000000044,-0.15000000000000002,0.0,20
10.1111_j.1540-5907.2012.00596.x,1.6036441102268162,-0.9628281678689783,4.096783085799689,-0.2606970675868157,-0.4682494198586977,-0.08116011103093754,-0.2,-0.45000000000000007,0.10000000000000003,20
10.1126_science.1178883,-0.011092895644837064,-1.6076160841514022,1.3528278732657442,-0.08007762905363258,-0.259710892097363,0.02482198663466257,-0.050000000000000044,-0.2,0.10000000000000003,20
10.1046_j.1461-0248.2002.00358.x,0.594798668163576,-1.4514960066281,2.603977379867988,-0.09225007977697797,-0.21962834554522467,0.028787901648348272,-0.15000000000000002,-0.45000000000000007,0.15000000000000002,20
10.1038_s41467-020-17286-2,0.09533126314529117,-0.9942997477704079,1.369961884912409,-0.07618494252404606,-0.21359535021091186,0.02208894563619681,-0.050000000000000044,-0.15000000000000002,0.0,20
10.1086_588262,-0.41266576603517,-1.4189602991246877,0.4622148970902473,-0.03772658106977089,-0.12871647731173425,0.038395883877023515,0.04999999999999993,0.0,0.15000000000000002,20
10.1086_518568,0.23971131216854857,-0.8004206066042842,1.3470408801055747,-0.04116148548347742,-0.1597394329150661,0.052314786763936534,-0.050000000000000044,-0.15000000000000002,0.0,20
10.1063_1.5051422,1.932274347740722,0.2838980754352271,3.3584976114630214,-0.04573290300932953,-0.15494907912608843,0.03581182050731504,-0.050000000000000044,-0.15000000000000002,0.0,20
10.1098_rspb.2012.0615,-0.4151551264691271,-1.7929202745599646,0.9688702236884246,-0.049992562013786435,-0.16970606934354868,0.03522679486943076,0.04999999999999993,-0.10000000000000009,0.20000000000000007,20
10.1038_srep00458,-1.1829805591808995,-2.83686961919762,0.7068988136785818,0.06188122140805696,-0.10428770887938708,0.2419444954646028,-0.050000000000000044,-0.29999999999999993,0.15000000000000002,20
10.1037_a0027026,-0.6168189206338326,-1.934358033280894,0.5579525705330931,0.013324614033721982,-0.13608364641216697,0.1829627064785982,0.0,-0.24999999999999994,0.25,20
10.1038_srep46634,0.036098990938540076,-0.7014961853967314,0.758898719211349,-0.07978482588926117,-0.18678870348963972,-0.006372832996231089,-0.050000000000000044,-0.15000000000000002,0.0,20
10.1371_journal.pone.0045662,0.3875191917678613,-0.8928871223958001,1.6036725704057821,-0.09503787796821261,-0.2547510939846099,0.014952288917715816,-0.09999999999999998,-0.25,0.0,20
10.1257_aer.20120700,0.3700762876388701,-1.3920335022707342,2.054710357602878,-0.14105368338300972,-0.29379155058292367,-0.0318819003541873,0.0,-0.25,0.20000000000000007,20
10.1142_s0218202519500428,0.5499071226920718,-0.7938336049878315,1.9843817694502086,-0.025405364155188237,-0.13909245788051322,0.0733120180617667,-0.050000000000000044,-0.15124999999999994,0.0,20
10.1038_s41467-021-21602-9,0.5438985724477394,-0.39293682860733603,1.8249980817879519,-0.08816435789133992,-0.23401654517702367,-0.0050686079251876,-0.050000000000000044,-0.15000000000000002,0.0,20
10.1038_s41562-017-0191-5,9.620307705829486,6.104487392644328,12.604038240768633,-0.40973060886261825,-0.5908965273578203,-0.0065803851597519,-0.25,-0.6499999999999999,0.19999999999999996,20
10.1371_journal.pcbi.1003381,0.8848742211381158,-0.328917383350607,2.2989490069758562,-0.07273441688127358,-0.21269769424954482,0.02932142658650084,-0.050000000000000044,-0.15000000000000002,0.0,20
10.1038_ncomms4976,1.6307977612105153,-0.10543175223588397,3.446205557265224,-0.06988063208421658,-0.22199312544104977,0.032416307840661504,-0.050000000000000044,-0.15000000000000002,0.0,20
10.1177_1043463103015002001,7.010820596119845,3.8700761067264167,10.10171171698082,-0.24340350607543837,-0.46011521121690024,-0.020832783357110706,-0.2,-0.6,0.24999999999999994,20
10.1257_aer.98.2.494,4.320741462762162,1.7250426528605136,6.641069763151397,-0.08633110713896208,-0.2632744632584636,0.036224054752539,-0.050000000000000044,-0.15000000000000002,0.0,20
10.1007_s13280-019-01284-w,0.022988169532499825,-1.9791494032327879,1.8852671444235822,-0.05108048348032912,-0.21509915543505714,0.07026047432963602,0.0,-0.19999999999999996,0.19999999999999996,20
10.1257_mic.6.2.247,0.34926944335070154,-1.4982727909943705,2.228966217316874,0.0815726205807471,-0.12534186797543198,0.32137635779279766,-0.050000000000000044,-0.30000000000000004,0.24999999999999994,20
10.1257_aer.100.1.448,0.7764448260623853,-0.4935621565995505,2.5598742381904036,-0.09005901895190205,-0.25218883235475126,0.01821010247732235,-0.050000000000000044,-0.15000000000000002,0.0,20
10.1073_pnas.1605115113,0.9447769061528852,-0.509496317046024,2.7824445121121744,-0.10560249736202032,-0.2850221874086852,0.025367907753197364,-0.050000000000000044,-0.15000000000000002,0.0,20
10.1038_srep11027,1.1076980105957412,-0.8258949392233231,2.934717272122044,-0.06502561882168623,-0.22258171069588237,0.06661124633664692,-0.050000000000000044,-0.15000000000000002,0.0,20
10.1257_aer.102.7.3317,0.010663329088887785,-0.321695663273033,0.4443189340497229,-0.024382904144460316,-0.07633225884445743,0.01586382008015517,0.0,0.0,0.0,20
10.1257_aer.99.3.979,0.21755627950694567,-1.1842906403557742,1.5779355219351319,-0.01665695154808189,-0.12071782782822343,0.09401951005141318,0.0,0.0,0.0,20
10.1111_j.1465-7295.2007.00028.x,3.51825137629769,0.5997485452945213,6.435228788203903,-0.32628012631085435,-0.5268890701834309,-0.10862640142521324,-0.2,-0.55,0.2,20
10.1086_682418,0.6527776861387142,-1.6607531176662669,2.5662063273082105,-0.15001617650320653,-0.35983115977555163,-0.012142422802432856,-0.2,-0.5,0.15000000000000002,20
10.1111_j.1467-9779.2008.00357.x,0.21404191019590169,-1.622848381078135,1.8403497041058683,-0.06303925781393771,-0.17641923452385744,0.0370807670329838,-0.09999999999999998,-0.44999999999999996,0.25,20
10.1073_pnas.1315273111,0.1954782021972825,-0.6137886239264714,1.04939442272104,-0.004650722340973523,-0.05238270196585028,0.06991327154427722,0.0,0.0,0.0,20
10.1073_pnas.0908855106,3.090428509305414,1.0612735881294255,5.266576271747759,-0.057198916222398366,-0.20141423661643318,0.06831132057116576,-0.050000000000000044,-0.15000000000000002,0.0,20
10.1007_s11284-006-0162-1,-0.10250540367620076,-1.6970669589931877,1.2765942755047446,-0.09552252241687487,-0.23877234156003507,0.009212055549966422,-0.050000000000000044,-0.30000000000000004,0.20000000000000007,20
10.1038_ncomms6306,0.22925219562501375,-1.2877254183088755,1.6484041224311181,-0.09099259390276082,-0.2557366258734563,0.04352198628052823,-0.15000000000000002,-0.30000000000000004,0.0,20
10.1093_scan_nst023,0.9866441260045775,-0.20806170552927908,2.5401037178646515,-0.08520362095181166,-0.2285978144405673,0.011714804680767571,-0.050000000000000044,-0.15000000000000002,0.0,20
10.5751_es-05598-180302,0.2249379299912082,-1.4419623300773623,1.5920012061665667,-0.1127398211344679,-0.21524699270735584,-0.0006368552306158304,0.04999999999999993,-0.25,0.35,20
10.1007_s12110-012-9148-6,-0.07652844193701203,-1.742468711119421,1.455636476139239,-0.07624106844341594,-0.223422440862014,0.040451271682555336,-0.050000000000000044,-0.30000000000000004,0.25,20
10.1073_pnas.93.23.13421,0.06311482662476386,-2.5191159047184213,2.445044763532819,-0.012155441120324517,-0.11545383086338376,0.08388550172303216,-0.09999999999999998,-0.4,0.20124999999999893,20
10.1007_s11031-014-9395-4,0.8026849992929312,-0.18985377154940014,2.0270466804021745,-0.06458652455964797,-0.18089902881216005,0.012526787874751645,-0.050000000000000044,-0.15000000000000002,0.0,20
10.1007_s00199-005-0633-6,1.7136417549814604,-0.40722816578391907,3.672687075467111,-0.26167689985209414,-0.6046187119661337,0.06821630380322725,-0.09999999999999998,-0.35,0.15000000000000002,20
10.1111_j.1740-1461.2010.01197.x,4.901540852238914,1.4935432211595179,8.115630234394365,-0.0674162957874459,-0.3274479208482281,0.14425899432792455,-0.050000000000000044,-0.35,0.24999999999999994,20
10.1016_j.jtbi.2005.01.006,-0.4703119049001758,-0.9661446148156422,-0.05277779857239632,-0.003402537747836387,-0.09019919357758849,0.061287528139661,-0.050000000000000044,-0.15000000000000002,0.0,20
10.1177_0022002708322361,1.2884062557876552,-1.8376847632842503,4.193834290237355,-0.20894701651833042,-0.5070496260323402,-0.005175384473870489,0.0,-0.29999999999999993,0.29999999999999993,20
10.1111_evo.12637,0.1344898440571738,-1.3893146812422952,1.7040308615198554,-0.09562708435214806,-0.2986511025391119,0.027317421935502514,-0.050000000000000044,-0.15000000000000002,0.0,20
10.1007_s10683-015-9466-8,-0.19678375850649843,-2.2397341849952963,1.4817422394057356,-0.04670916654484747,-0.13064516697982648,0.010181081228051527,-0.15000000000000002,-0.45000000000000007,0.15000000000000002,20
10.1038_srep06025,1.4536830207011908,-0.03755899972715821,3.2085019647366253,-0.08635693970485403,-0.24787726891019754,0.012800930790730058,-0.050000000000000044,-0.15000000000000002,0.0,20
10.1073_pnas.1215443110,0.42483973509738604,-0.6368200898620173,1.6656790492940636,-0.10262322747899022,-0.27834533959531277,0.002858772909794322,-0.050000000000000044,-0.15000000000000002,0.0,20
10.1038_srep17050,0.8789176301852981,-1.5474452873020719,3.037167580490976,-0.12933393389277392,-0.27462747123340925,-0.004167859476454885,-0.09999999999999998,-0.45,0.25,20
10.1073_pnas.1320451111,5.05573421441295,1.9197225826177213,8.199401456008378,-0.26013642678753934,-0.6449745948220904,0.0005612098550817047,-0.15000000000000002,-0.55,0.25,20
10.1098_rspb.2011.0252,-0.1322591668318882,-1.5509954110962645,1.1369996446203736,-0.1263903424242292,-0.27140148319965335,-0.027206134812198513,0.04999999999999993,0.0,0.15000000000000002,20
10.1002_hbm.22316,0.7741083898126906,-0.5064230027996185,2.4116575462681134,-0.10032542206701711,-0.26631316898814084,0.00930638526878039,-0.050000000000000044,-0.15000000000000002,0.0,20
10.1111_j.1749-6632.2009.04733.x,3.462732903808136,0.30528815270089077,5.983731805669809,-0.23800993622990718,-0.5071818509124829,0.031197565170587197,-0.15000000000000002,-0.5,0.20124999999999887,20
10.1038_s41559-020-01384-x,0.7501795458975531,-0.3380595493582621,2.284328984379155,-0.06727200553294665,-0.22876323600164383,0.03553546650493026,-0.050000000000000044,-0.15000000000000002,0.0,20
10.3389_fnbeh.2014.00248,-0.10801332248128226,-1.3454646679239193,1.0574452490664772,-0.14104368627542874,-0.2634896607545429,-0.038457884356564775,-0.050000000000000044,-0.24999999999999994,0.09999999999999998,20
10.1371_journal.pone.0064941,1.2099204548881497,-0.41775088671991495,2.993424917690411,-0.054565807152816115,-0.2069974097834052,0.06788380347971792,-0.050000000000000044,-0.15000000000000002,0.0,20
10.1111_j.1468-0297.2011.02476.x,1.4731525359010318,-1.3580276088835062,3.9745681723307826,-0.0389072395617277,-0.1930611967847365,0.06909796624807829,-0.2,-0.6000000000000001,0.2,20
10.1086_683024,1.1425939412696868,-0.38143030499817837,2.6820169101177154,-0.1150030474740179,-0.3194537175408135,0.02816091755154412,-0.050000000000000044,-0.15000000000000002,0.0,20
10.1098_rspb.2012.2043,0.3679069336583609,-0.8881996455539715,2.0007090496146143,-0.09810743433356428,-0.2718237004204688,0.004187303207545742,-0.050000000000000044,-0.15000000000000002,0.0,20
10.1111_j.1465-7295.2010.00344.x,0.6471130560664742,-0.3088167154436912,1.8610169610951357,-0.0703727129026599,-0.16744816107352473,-0.000154994941442687,-0.050000000000000044,-0.15000000000000002,0.0,20
10.1126_science.1202599,0.3176421039812478,-1.8593102426475343,2.1637623305155165,-0.055435775282432376,-0.24307518636004424,0.06721422826360156,-0.2,-0.55,0.15000000000000002,20
10.1111_j.1467-9779.2010.01472.x,-0.4532067654796501,-1.6634828297443691,0.6544728080293761,-0.061676115800218256,-0.19531990510763056,0.043787546925932834,-0.050000000000000044,-0.15000000000000002,0.0,20
10.1007_s00191-004-0212-1,1.7553474944490786,-1.4736088596290409,4.649754348118926,-0.16282257086401108,-0.4493516305073609,0.06968282578810552,-0.050000000000000044,-0.35000000000000003,0.3,20
10.1038_srep08917,0.810581315724348,-0.15172681604920685,1.8779395388892368,-0.06702618878076139,-0.2161913852227584,0.025566727569239445,0.0,0.0,0.0,20
10.1098_rsbl.2012.0470,-0.09393467075925432,-1.0388291313690072,0.9651134822640727,-0.03579344790007888,-0.16794131814262148,0.07931330017048986,-0.050000000000000044,-0.15000000000000002,0.0,20
10.1177_0037549711406912,0.3556235055748198,-1.117299514656526,2.0588181957710194,-0.12762551163164781,-0.3468450807167366,0.0180346387487295,-0.050000000000000044,-0.15000000000000002,0.0,20
10.1007_s10645-008-9094-1,0.7296873283265617,-0.4614430001771852,1.8383309854218777,-0.13551644355748238,-0.28677364653360177,-0.008270407046482634,-0.050000000000000044,-0.15000000000000002,0.0,20
10.1038_s41562-017-0138,1.393331042818537,-1.0689049215124502,3.623116397851837,-0.34023578286647743,-0.6450334350834138,-0.0427343644468572,-0.09999999999999998,-0.35124999999999995,0.19999999999999996,20
10.1038_srep10639,0.3514309883964053,-0.30181802560273496,1.0827998548484685,-0.03679314918182619,-0.11393583307894918,0.02249456909288807,0.0,0.0,0.0,20
10.1038_srep01735,0.3616982138073306,-1.6815236217582583,2.312194034347226,-0.04557111261734381,-0.2040123790230559,0.10163476026570173,-0.09999999999999998,-0.45000000000000007,0.25,20
10.1007_s12110-003-1003-3,0.8738800048806912,-1.2068499937539916,3.0535998492503804,-0.1227839409283995,-0.25083103367221377,0.00782788017622198,-0.2,-0.55,0.15000000000000002,20
10.1038_s41598-019-52524-8,0.9009713572360525,-0.5848003168663629,2.7054449675441212,-0.15539746441968133,-0.352049857370673,-0.021365309144832218,-0.050000000000000044,-0.15000000000000002,0.0,20
10.1038_ncomms13327,0.18815660419743097,-1.1733940654646462,1.5229086293051528,-0.07411662496909033,-0.25235061267080644,0.05333483251811139,-0.050000000000000044,-0.25,0.10000000000000003,20
10.1103_PhysRevE.91.022121,-0.8585001823773108,-2.619511365899593,0.5553286827375667,-0.023057036816265808,-0.1527568110470822,0.12835487700044315,0.09999999999999998,-0.10000000000000009,0.35,20
10.1007_s10683-011-9281-9,0.4292572146817415,-0.574361139874401,1.8008064527777639,-0.047246759965345775,-0.16856264451374517,0.04515460822131699,-0.050000000000000044,-0.15000000000000002,0.0,20
10.1073_pnas.0712173105,0.09037473166471877,-1.3865896956849473,1.4906634030761827,-0.13009476910071283,-0.26349122548880144,-0.02502801731989301,0.0,-0.25,0.25,20
10.1111_j.1542-4774.2011.01059.x,-0.1099632862816673,-2.1008275946919155,1.8498236143862767,-0.08359896283229962,-0.21877407820625597,0.020104971113082938,-0.09999999999999998,-0.4,0.19999999999999996,20
10.1086_595622,0.3338930034541363,-1.6201128979390198,1.9251537909796195,-0.08938701916540004,-0.26803251552782725,0.027284499662772282,-0.09999999999999998,-0.39999999999999997,0.19999999999999996,20
10.1007_s12110-017-9298-7,-0.74127698768842,-2.0592149143410836,0.3167432316938224,0.04325348359974568,-0.035955672586788064,0.1587311211166624,0.09999999999999998,0.0,0.25,20
10.1007_s10683-014-9405-0,3.368601977266631,0.7102621089303816,5.804580288626537,-0.26494386675262493,-0.5532688196733445,0.017685416815509135,-0.25,-0.6,0.14999999999999997,20
10.1007_s10683-014-9393-0,-0.5648882580391383,-2.2007366812918567,0.9577829633725499,-0.05097169870089546,-0.1384952542917094,0.007658157155678267,-0.15000000000000002,-0.35,0.0,20
10.1098_rspb.2008.1623,-0.17287863901596712,-1.3262939631873185,0.8176382402904894,-0.07000025482189032,-0.16515120612933457,0.024557983580057417,0.0,-0.15000000000000002,0.15000000000000002,20
10.1073_pnas.1604989113,0.7684933235137734,-0.4079045184461402,2.311763131926693,-0.08326667821821987,-0.23197199243148806,0.013696591785866,-0.050000000000000044,-0.15000000000000002,0.0,20
10.1007_s10683-013-9367-7,-0.568718677266471,-1.854799861510275,0.3662503603221797,-0.0036362851168673105,-0.10437986515348116,0.11995992840748831,0.09999999999999998,0.0,0.25,20
10.1007_s00406-013-0392-5,1.5440366075800798,-0.07105045070858998,3.2910953248967703,-0.06579891623634015,-0.2218006911169218,0.03991165899129863,-0.050000000000000044,-0.15000000000000002,0.0,20
10.1073_pnas.1108996108,0.010472429045813136,-1.813003091274899,1.7185882877819527,-0.07688962403521238,-0.2426807773788311,0.026676213935188042,0.0,-0.30000000000000004,0.30000000000000004,20
10.1098_rstb.2009.0116,-0.5360487726849197,-1.8697441854006012,0.5431398282096622,0.05938669546537634,-0.052014895642857134,0.20725425828412633,0.04999999999999993,0.0,0.15000000000000002,20
10.1038_srep02695,0.5408885108248249,-0.3560882900528563,1.5425923096431837,-0.01911287601336764,-0.07532097331872056,0.03862365996079777,-0.050000000000000044,-0.15000000000000002,0.0,20
10.1007_978-3-540-85436-4_10,0.1900272542662833,-1.568569888039553,1.7797101082738898,-0.10118420067851608,-0.2316192223678023,0.052354642858009066,-0.09999999999999998,-0.39999999999999997,0.19999999999999996,20
10.1177_0022002703258795,0.4938097312871941,-0.6066010581850375,1.8316888101877198,-0.05875179020324073,-0.18715366786292176,0.027848290234986577,-0.050000000000000044,-0.15000000000000002,0.0,20
10.1038_s41467-017-00731-0,1.4024674748390327,-0.7691922401945671,3.249762138336933,-0.12006555861591972,-0.399528768438248,0.08746374451560793,-0.050000000000000044,-0.25,0.15000000000000002,20
10.1038_srep21104,0.43610987155388603,-1.2667974996782114,1.9533051816388023,-0.15640134568773623,-0.29112726276348866,-0.00461490004876734,-0.050000000000000044,-0.30000000000000004,0.19999999999999996,20
10.1007_s10058-012-0120-z,-0.49584848321408614,-1.6104118620745573,0.6055838086956502,-0.042898342117609456,-0.2110167509224724,0.07000320304259099,0.0,-0.15000000000000002,0.1499999999999999,20
10.1111_j.1468-0351.2005.00228.x,-0.705720198790579,-1.7622373124370223,0.1568469572138459,0.04258010135915247,-0.029416020545968785,0.13762294982713302,0.04999999999999993,-0.09999999999999998,0.25,20
10.1038_srep06421,1.1255704807353455,-0.9481302013156638,2.9729335348507533,-0.2740053027666959,-0.5225327268893435,-0.038576968089880315,-0.050000000000000044,-0.29999999999999993,0.2,20
10.1371_journal.pone.0076063,0.4537961579883403,-0.7211774132785218,1.9338232857151851,-0.1027473488038324,-0.27800400878131537,0.011787608748886015,-0.050000000000000044,-0.15000000000000002,0.0,20
10.1007_s10584-010-0014-4,-1.0225112648680783,-1.9482095990223172,-0.20914101760281362,0.02168907805938136,-0.05115665568077118,0.10308229469282275,0.04999999999999993,-0.10000000000000009,0.20000000000000007,20
10.1038_srep20767,-0.20162859283200252,-0.8851103319454485,0.5187051526430528,-0.00848445048273161,-0.07546995567979875,0.06940051287657557,0.0,0.0,0.0,20
10.1111_j.1467-6419.2009.00594.x,-0.24670974049060668,-2.1364254284307984,1.6565312075737832,-0.08913149949928845,-0.2379092648006809,0.016818993624221665,0.0,-0.19999999999999996,0.19999999999999996,20
10.1038_s41598-017-16140-8,0.7685464151881591,-1.1940308504789927,2.3398337952553594,-0.12221916165579172,-0.3460767265883272,0.07938754957032963,0.09999999999999998,-0.09999999999999998,0.3,20
10.1093_restud_rdv040,-0.1051802286908412,-1.7030613444789116,1.3301260209547139,-0.054635778253535494,-0.16819665196403474,0.03132322518999677,0.04999999999999993,-0.24999999999999994,0.3,20
10.1371_journal.pone.0064677,0.5764674280857021,-0.8290882447613093,2.0729032623907027,-0.11008921163396057,-0.297305176085046,0.0011175470216885988,-0.050000000000000044,-0.15000000000000002,0.0,20
10.1093_restud_rds016,0.13338299604206494,-1.6932811602549955,1.718204529986705,-0.007466628141746479,-0.11249412425984621,0.1407884922753986,-0.050000000000000044,-0.30000000000000004,0.25,20
10.1177_1368430208098783,-0.0735293098226224,-1.6419323458735815,1.3253936077648825,-0.15304820833662897,-0.3518357106074073,-0.0072290445199997815,0.0,-0.19999999999999996,0.20000000000000007,20
10.1007_s11071-020-05965-0,0.40465444762711655,-1.7635025439371204,2.4064828469893196,-0.09628524009113315,-0.2969337030943242,0.11072230207432092,0.04999999999999993,-0.15124999999999994,0.25,20
10.1126_sciadv.aau7296,1.534140334219324,-0.4089956628389577,3.6490170235110835,-0.06972725861261098,-0.23380107801705471,0.055570929072146946,-0.050000000000000044,-0.15000000000000002,0.0,20
10.1073_pnas.1608990113,0.14161816346268896,-1.3622704253002131,1.6363165398305832,-0.12468019058906754,-0.35752483274858343,0.0698805455973342,0.04999999999999993,-0.15000000000000002,0.25,20
10.1093_bjps_axu024,-0.09632812962868265,-1.2480607491627569,1.101219703350351,-0.05220741234392301,-0.18878575815654397,0.041671264130136165,-0.050000000000000044,-0.20000000000000007,0.10000000000000003,20
10.1371_journal.pone.0125193,0.29210717828771937,-0.7008467446952578,1.463538156621049,-0.0636691325406803,-0.20666884436393593,0.0438302791049423,-0.050000000000000044,-0.15000000000000002,0.0,20
10.1111_evo.12108,-0.7054850806043316,-2.162685683720092,0.7851689861341744,-0.03286834489764434,-0.11605889485726624,0.0514509674692982,-0.050000000000000044,-0.35,0.20000000000000007,20
10.1111_j.1439-0310.2011.01882.x,0.5390627500724205,-0.5931789237918254,1.5623349099064394,-0.05853051420589428,-0.14629904549632897,0.022481683822574546,-0.050000000000000044,-0.15000000000000002,0.0,20
10.4284_sej.2010.76.3.638,-0.2591828871841919,-2.3549100118738298,1.65384488390831,-0.020843251027831133,-0.08004985022746186,0.03294278656691217,0.0,-0.30124999999999996,0.30000000000000004,20
10.1177_1043463107075110,2.2727236141358267,-0.37857169563347853,4.804221258385565,-0.14460317487121355,-0.34120456165743046,-0.021561446701848664,-0.25,-0.65,0.15124999999999883,20
10.1257_aer.p20171090,3.109996044638314,0.5879892446454155,5.487603920580378,-0.09434505295890316,-0.3357180428628185,0.14281436195198555,-0.15000000000000002,-0.55,0.25,20
10.1098_rspb.2011.0690,3.376139795036667,0.3318333758994365,6.019588520877564,-0.12830340778813853,-0.26576800553396296,-0.001092162100793078,-0.25,-0.6499999999999999,0.19999999999999996,20
10.1098_rsif.2011.0063,0.943421166218501,-0.4323557466662679,2.121497862056922,-0.14283847780748,-0.33797399432451297,-0.01204539015428163,-0.050000000000000044,-0.15000000000000002,0.0,20
10.1111_j.1467-9779.2011.01515.x,5.222262906779318,2.0267598483143536,7.996764897225463,-0.39753664132139366,-0.8352097151942048,-0.06433152521572211,-0.15000000000000002,-0.5,0.24999999999999994,20
10.1023_a_1023952115422,1.355784916080963,-0.4906817616853921,3.6991194440001762,-0.33110307834715497,-0.6623563483140459,0.07806579971189341,-0.09999999999999998,-0.4,0.19999999999999996,20
10.1073_pnas.1900078116,1.7739937389746538,-0.10845458680571429,3.685693915463916,-0.06356199881405811,-0.21089453556313528,0.038924692521904,-0.050000000000000044,-0.15000000000000002,0.0,20
10.1073_pnas.1718309115,0.34152595426741517,-0.6999274835347022,1.6576618192829966,-0.11611052645884501,-0.2869249381502887,-0.011229722052812164,-0.09999999999999998,-0.25,0.0,20
10.1038_srep17752,5.993968095117563,2.522792343758135,9.147894669425039,-0.18067359566722496,-0.4786042234789127,0.020564588715419847,-0.2,-0.6000000000000001,0.2,20
10.1086_681231,0.7559348191491466,-0.7674180322456542,2.46610275705344,-0.10614355310216295,-0.35505540784909184,0.03301720278901954,-0.050000000000000044,-0.15000000000000002,0.0,20
10.1007_s10539-012-9317-3,0.6741457269445901,-0.4068639793494891,1.994288208151353,-0.04640098212592447,-0.17096507033756655,0.05068402884708502,-0.050000000000000044,-0.15000000000000002,0.0,20
10.1098_rspb.2010.2342,-0.6078398919112491,-1.9580091558917743,0.7186316864272758,-0.04742222644763727,-0.12417898369376079,0.014765552676947133,0.04999999999999993,-0.10000000000000003,0.25,20
10.1155_2021_6693597,6.148126797456965,2.8618087661916314,9.184502463174208,-0.25757867382392347,-0.4858551067358436,-0.007645877835877741,-0.25,-0.6499999999999999,0.14999999999999997,20
10.1257_aer.20130768,0.4434883474689819,-1.596278068336116,2.0159402388047583,-0.0922434181305013,-0.2850881346509283,0.029805463500209503,-0.25,-0.55,0.050000000000000044,20
10.1038_ncomms12288,3.011716728664191,0.8639338073757115,4.953288757558312,-0.10409071519850632,-0.27879897592874814,0.0033710263815632134,-0.050000000000000044,-0.15000000000000002,0.0,20
10.1111_ele.12178,-0.013171954921285867,-1.9940116141729223,1.8158034548799753,0.013102687942169178,-0.19648602047283742,0.24011572581146023,-0.050000000000000044,-0.39999999999999997,0.29999999999999993,20
10.1080_15534510.2012.729493,0.060653322007788724,-0.7925392202071362,0.8420293139109206,-0.059471259471709614,-0.1891944947768546,0.031957752960990966,0.0,-0.1499999999999999,0.14999999999999997,20
10.1371_journal.pone.0012530,-0.096832430572519,-1.6422681113994804,1.1692377356640182,-0.07710446752690525,-0.19951395642143585,0.0316561805829227,0.04999999999999993,-0.20124999999999998,0.29999999999999993,20
10.1007_s00191-009-0162-8,2.3905023927220173,-0.49529956776123596,4.855468372568165,-0.023546006510482886,-0.23568316987311153,0.2276189712059561,-0.050000000000000044,-0.15000000000000002,0.0,20
10.1007_s10683-019-09629-8,5.314873650298828,2.3160223944583582,7.879410814906095,-0.1290531134606293,-0.39880778282766044,0.07113337789287938,-0.2,-0.6,0.24999999999999994,20
10.1038_srep10321,0.31649761839127954,-0.6482847630391191,1.5541712236926986,-0.04096520235431955,-0.1560983497048826,0.04028659895125301,0.0,-0.14999999999999997,0.15000000000000002,20
10.1016_j.jtbi.2014.10.037,0.145172499816824,-0.7561478956604788,0.9740096276746772,0.0030997127817151693,-0.06213540425012556,0.10120422975298206,0.0,0.0,0.0,20
10.1002_bdm.1810,0.5484493681818421,-0.5060221849548654,1.9593063815915763,-0.09713875948639072,-0.24320604751102362,-0.005531189036385935,-0.050000000000000044,-0.15000000000000002,0.0,20
10.1007_s13235-010-0001-4,-0.30031799074052046,-0.8561830414642823,0.3625326104090455,-0.005219900424124679,-0.07700014175037512,0.057501653503960755,0.0,0.0,0.0,20
10.1007_s10683-005-0869-9,2.9565736394580986,0.2517153562236918,5.394020826729466,-0.196590458583437,-0.40556547774359314,0.07861745474549059,-0.15000000000000002,-0.55,0.2,20
10.1371_journal.pone.0044747,0.5694392449811918,-0.7437611455826147,2.0043496544833466,-0.0966342857819622,-0.26267156493387167,0.007385678323541564,-0.050000000000000044,-0.15000000000000002,0.0,20
10.4284_0038-4038-2012.067,3.9818962458592155,0.4884517121230056,6.997942778538141,-0.3554043690521436,-0.8062640064190244,0.03754769566057513,-0.09999999999999998,-0.44999999999999996,0.24999999999999994,20
10.1007_s12110-009-9072-6,0.4390852326909691,-1.6030613307340917,2.1740802347206585,-0.09961340434958343,-0.29576704840519763,0.02098895199555828,-0.25,-0.5,0.0,20
10.1007_s10640-006-9046-7,-0.11324362208264205,-1.9026222267468689,1.6446222450292785,-0.0308437413079794,-0.135158873994361,0.041133361648737515,-0.050000000000000044,-0.35,0.24999999999999994,20
10.1038_s41562-019-0707-2,-0.7885951653626622,-1.5481366311865816,-0.051270686952941916,-0.002959118249412085,-0.07222549523561374,0.05487579761734114,0.04999999999999993,0.0,0.15000000000000002,20
10.3389_fpsyg.2019.01374,1.1383694994133275,-0.5362380613077319,2.9872697674076547,-0.0618931982278359,-0.22051880864381465,0.06414273796093231,-0.050000000000000044,-0.15000000000000002,0.0,20
10.1017_s0033291717003075,0.9311409895314382,-0.45315761871120797,2.6925662694448778,-0.0857672565615879,-0.2583563226661915,0.02974934528153773,-0.050000000000000044,-0.15000000000000002,0.0,20
10.1038_s41467-018-04775-8,2.8669244094368116,0.0003325002396937277,5.409369894853011,-0.20189401241400623,-0.44732303474490615,0.04955138711683141,-0.09999999999999998,-0.45000000000000007,0.3,20
10.1371_journal.pcbi.1004232,1.8404099193251513,0.3523880555423791,3.4909560412253633,-0.10939389612972594,-0.2958037461313063,0.003501352710531598,-0.050000000000000044,-0.15000000000000002,0.0,20
10.1371_journal.pone.0085531,-0.6048447224865114,-1.7468716267798368,0.5083051260835363,-0.07642317140490607,-0.24413654365126378,0.03811545546546211,0.0,-0.19999999999999996,0.19999999999999996,20
10.1086_381411,0.486459864223729,-1.477712406985445,2.2607525503839,-0.05949587281188495,-0.2585321823924188,0.1405465378563014,-0.09999999999999998,-0.44999999999999996,0.25,20
10.1086_690066,0.40933132036850317,-1.7573292585823124,2.331031287652678,-0.030559856960404752,-0.16203185229938635,0.11411605092661661,-0.15000000000000002,-0.45125,0.19999999999999996,20
10.1155_2017_1676045,14.318253251211416,11.071557089502932,17.75730333320637,-0.8046423492048294,-1.1684461502850263,-0.43097948272365905,-0.25,-0.65125,0.14999999999999997,20
10.1142_s0218202515400163,-0.2166144585209695,-1.2517552356794777,0.5940295402357244,-0.0571587977531155,-0.14690701172583218,0.02485339090341374,0.0,-0.15000000000000002,0.15000000000000002,20
10.1111_jssr.12045,0.4166655379488704,-1.16186541159747,1.848289372906234,-0.0955627263146186,-0.2130132063834165,-0.008534112132860677,-0.09999999999999998,-0.35,0.15000000000000002,20
10.1103_PhysRevE.80.066101,0.5644818592684784,-0.8495948500665845,2.018726561492755,-0.11870367782977842,-0.2770592380097411,-0.0006367145633752128,-0.050000000000000044,-0.15000000000000002,0.0,20
10.1016_j.jtbi.2008.09.004,3.795121403245367,-0.017116328468469735,7.0102762970048325,-0.37478388141818403,-0.7451453303962595,-0.07044673535383021,-0.15000000000000002,-0.49999999999999994,0.15000000000000002,20
10.1038_s41467-020-15661-7,0.4278171882590387,-0.8990313237221427,2.041083524355363,-0.10900169185470854,-0.30827044182522917,0.011589463573820206,-0.050000000000000044,-0.15000000000000002,0.0,20
10.1371_journal.pone.0155773,0.32289642707532273,-0.9351499979540449,1.659524407318021,-0.10539321748725472,-0.3031919001051094,0.02579568487677652,-0.050000000000000044,-0.15000000000000002,0.0,20
10.1007_s00182-014-0419-9,0.49189526072407475,-0.20092899859078775,1.271795404590715,-0.03215504834715577,-0.11169600806658826,0.022188918054827183,-0.050000000000000044,-0.15000000000000002,0.0,20
10.1371_journal.pone.0117183,1.0947601440081867,-0.4137964982659988,2.8700978788011224,-0.15250829562470547,-0.3447333455324427,-0.015968769093645842,-0.050000000000000044,-0.15000000000000002,0.0,20
10.1111_ajps.12139,-0.4372397986236205,-1.9602613819403738,0.7954793209820455,-0.05235560100963921,-0.18321756295542665,0.0474344558260678,0.0,0.0,0.0,20
10.1371_journal.pone.0068423,0.18750411878049977,-1.4249210127624925,1.7110903292627961,-0.10911195749652447,-0.241078553541723,0.018761079064932323,-0.050000000000000044,-0.35000000000000003,0.25,20
10.1016_j.neuroimage.2019.06.047,0.8426368943650937,-0.43429366061914626,2.590308942333918,-0.09064054595716098,-0.2737895802920927,0.03259498434796154,-0.050000000000000044,-0.15000000000000002,0.0,20
10.1111_oik.02064,-0.46028635649248884,-1.5304374018569662,0.28658847456979114,-0.04587078397229316,-0.13644559012055255,0.05142151518896702,0.04999999999999993,0.0,0.15000000000000002,20
10.1007_s10683-011-9292-6,2.43035010546049,0.45229895230504247,4.530077806841665,-0.08276586375283657,-0.24923787278979828,0.044308938575322594,-0.050000000000000044,-0.15000000000000002,0.0,20
10.1007_s11427-010-4016-2,0.3071790329163102,-1.7834450075395851,2.2871238385869557,-0.09077899270095402,-0.22191794626461972,0.016214432939420195,-0.2,-0.45125,0.09999999999999998,20
10.1371_journal.pone.0244592,-0.3094975265199631,-2.1800838797868782,1.4360732965076428,-0.07320622434271884,-0.2055782860574748,0.05296659639732497,-0.050000000000000044,-0.35,0.25,20
10.1038_srep28809,0.5499645723993041,-1.1738602942758007,2.142406259135665,-0.1286032648319263,-0.2735248590143272,-0.007869547864500228,-0.25,-0.6000000000000001,0.14999999999999997,20
10.1103_PhysRevE.91.062804,0.19794312371068212,-1.306583045328053,1.7566884420154854,-0.1409730901069447,-0.28784166926992893,0.029048931402591193,-0.050000000000000044,-0.35,0.25,20
10.1111_spc3.12581,0.30230645023034963,-0.8543168729122254,1.6878699097698258,-0.0747172779086106,-0.22053410650528946,0.030406097138804822,-0.050000000000000044,-0.15000000000000002,0.0,20
10.1038_s41598-019-44725-y,1.015376215593034,-0.3477183445293915,2.700435238130559,-0.09644466134727825,-0.2652086813759134,0.0070111754343740425,-0.050000000000000044,-0.15000000000000002,0.0,20
10.1038_s41598-017-18727-7,1.7295753817768178,-0.0430171241503381,3.8690888000110757,-0.06706223796646926,-0.23304426917937807,0.0683048208024809,-0.050000000000000044,-0.15000000000000002,0.0,20
10.1038_s41598-017-13918-8,0.9675663040782325,-0.6577097050389042,2.7961793390183725,-0.16975292647644502,-0.4023764423635117,-0.0055308213983767465,-0.050000000000000044,-0.29999999999999993,0.19999999999999996,20
10.1371_journal.pone.0110045,0.34718255048190816,-0.8465299885194438,1.3679466432963723,-0.10713843459001937,-0.24370076845053276,-0.009617393481012993,-0.050000000000000044,-0.15000000000000002,0.0,20
10.1007_s10339-011-0421-0,1.9765687241834398,0.6114032573366849,3.497170551941714,-0.08780181806850773,-0.2271174872832411,0.016539121752437824,-0.050000000000000044,-0.15000000000000002,0.0,20
10.1103_PhysRevE.84.066115,4.5600055693488555,0.7796572259022105,7.834880612137102,-0.5523149235678593,-0.9331406222299244,-0.14482614178569442,0.0,-0.3,0.30000000000000004,20
10.1017_ehs.2020.58,-0.10328529800010333,-1.9498328579873898,1.6944396453383095,-0.1261548609732368,-0.29750378999110794,-0.009216804506595476,-0.050000000000000044,-0.30000000000000004,0.2,20
10.1038_srep38349,-0.10476675746663577,-1.4282039881493946,1.0568378846197806,-0.0866957787273247,-0.19677333394676347,0.027486828713490122,0.04999999999999993,-0.09999999999999998,0.25,20
10.1007_s10683-013-9360-1,0.18922595102639583,-0.5730693316951223,1.0935590409898766,-0.0489521561629751,-0.15123507958869015,0.017472748767621248,-0.050000000000000044,-0.15000000000000002,0.0,20
10.1257_mic.5.2.213,-0.41049100861590926,-1.431936987772122,0.6007145063105382,-0.02676618008613174,-0.10519029990088884,0.07945312727943203,0.0,-0.19999999999999996,0.2,20
10.1111_j.1465-7295.2011.00422.x,1.5034776818973112,-1.131755728927751,3.613553620302472,-0.2435839708659901,-0.47541790319177596,0.01393711385208869,0.04999999999999993,-0.15000000000000002,0.25,20
10.1007_s11211-012-0157-8,-0.20904029209274722,-1.9758180782203043,1.6483627288583846,-0.07635009503509971,-0.24177779141237685,0.03250987684268373,-0.09999999999999998,-0.35,0.14999999999999997,20
10.1093_ajae_aar154,1.8937773801290225,-0.4191495430594047,4.103483758553891,-0.21699289914530018,-0.43001757019381487,0.0016520284379139727,-0.09999999999999998,-0.35124999999999995,0.19999999999999996,20
10.1007_s10551-011-0795-z,-0.03282691501571389,-1.2058628647491598,1.208842517376468,-0.11169823621376418,-0.23301000368564811,-0.02853820429587714,0.0,-0.2,0.20000000000000007,20
10.1177_0146167206289978,3.3191943628259617,-0.5716781175599003,6.648196221163633,-0.0235918428363604,-0.271696056918981,0.17778472652345295,-0.15000000000000002,-0.55,0.2,20
10.1038_s41598-021-89675-6,0.4532391240017155,-1.0020386982178437,1.897839148174303,-0.11739937835699343,-0.3029941114810308,-0.00726209122028868,-0.050000000000000044,-0.15000000000000002,0.0,20
10.1007_s00265-019-2667-y,0.5614395018611527,-0.3235007869325063,1.6264917442983435,-0.075873189670709,-0.19447433290488672,-0.001588882867595995,-0.050000000000000044,-0.15000000000000002,0.0,20
10.3390_su10124585,2.8325420196496838,0.5300035811335605,5.207786217651975,-0.22759898221745123,-0.43205474507109115,0.03699522003293701,-0.25,-0.55,0.09999999999999998,20
10.1371_journal.pone.0196524,-0.10015100650234032,-1.6212826470088737,1.4367626872844856,-0.0991810834949205,-0.2590604675115071,0.022363266970477844,0.04999999999999993,-0.20000000000000007,0.3,20
10.1093_esr_jcw014,0.07046562854486016,-1.8859185336481898,1.8978849218364369,-0.08207224416372394,-0.18697236966556874,0.0024335668585868326,-0.15000000000000002,-0.45,0.15000000000000002,20
10.1371_journal.pone.0124561,5.758443797409048,2.273894801278022,8.786011522654851,-0.5432099424922504,-0.8575908753746846,-0.1459727317689386,-0.2,-0.6,0.19999999999999996,20
10.1007_s10683-014-9402-3,-0.09363664326484056,-1.0324726792769163,0.9014842980712647,-0.07788421291222503,-0.21966463847264445,0.004434710499704211,-0.050000000000000044,-0.15000000000000002,0.0,20
10.1371_journal.pone.0045093,2.298244043316001,0.40109191117129267,4.047953731744477,-0.15666247561486452,-0.3385248627711367,-0.04256248590395804,-0.050000000000000044,-0.15000000000000002,0.0,20
10.1093_jleo_ewp039,0.047747985235068846,-1.503182647180766,1.6602981052921792,-0.10550705548406558,-0.2831982405900328,0.002663595227805611,-0.050000000000000044,-0.15000000000000002,0.0,20
10.1016_j.jtbi.2010.02.015,-0.8057490476821592,-2.201385470625442,0.5202940990246562,-0.0064269327469836934,-0.1511428404784156,0.1129689802618409,0.0,-0.25,0.25,20
10.1007_s11127-006-9075-3,1.973779592900219,0.293501293433719,3.717400695247243,-0.11801142211728632,-0.272013758393089,-0.0062871052666414705,-0.09999999999999998,-0.25,0.0,20
10.1038_s41562-022-01341-7,0.1571309699627106,-1.2654451616099571,1.4841440026906838,-0.06944506228571568,-0.2437751579781567,0.08231453978076225,-0.15000000000000002,-0.4,0.09999999999999998,20
10.1103_PhysRevE.101.062419,1.0030926653789756,-1.4081713178133366,3.2892900564094987,-0.13653544093634584,-0.3677146213676546,0.07185144422018146,0.0,-0.19999999999999996,0.19999999999999996,20
10.1257_mic.20170389,0.13859826218358418,-1.4049597312037114,1.4986127390629034,-0.10361652105700891,-0.26283333791013364,-0.010058940489630727,-0.09999999999999998,-0.30000000000000004,0.1499999999999999,20
10.1007_s11269-017-1661-2,0.940338030829289,-1.2699111140018462,2.84868377595471,-0.08599857456959481,-0.2119055018284523,0.07043478658279335,0.0,-0.29999999999999993,0.3,20
10.1038_s41598-017-02952-1,0.08296798971650254,-1.0322706076473052,1.102064165132743,-0.09837221559981457,-0.25365647415560494,0.0008235553242841411,-0.050000000000000044,-0.15000000000000002,0.0,20
10.2753_mis0742-1222310208,-0.5009581487126002,-1.2256289846421498,0.018023721663243758,0.02852515797027233,-0.024235340490034812,0.09039799297838767,0.04999999999999993,0.0,0.15000000000000002,20
10.1371_journal.pone.0085691,0.6581010780453669,-1.6793983567670865,2.713936064627739,-0.20319403467567793,-0.42451249933627966,0.007058326268594308,-0.09999999999999998,-0.35000000000000003,0.19999999999999996,20
10.1098_rspb.2012.0063,-0.23466671673691764,-1.6416381521781045,0.9744750296289302,-0.05918188608513386,-0.19275213787637036,0.10755107621218321,-0.050000000000000044,-0.25,0.15124999999999889,20
10.1007_s10539-004-5155-2,1.9639568481511747,0.2776543309818607,3.617120214391155,-0.25465112690491637,-0.5754900771222851,0.09025845906418166,-0.15000000000000002,-0.45000000000000007,0.15000000000000002,20
10.1038_s41598-020-73855-x,0.6483967490233473,-1.044725615658974,2.2394896017551345,-0.09220445540302014,-0.2585961224930049,0.1132422709959567,-0.15000000000000002,-0.45,0.14999999999999997,20
10.1007_s10955-018-2012-2,0.9606673402765393,-0.2615937231004274,2.296195419256892,-0.05774423542482021,-0.1936209722719121,0.022602207046527333,-0.050000000000000044,-0.15000000000000002,0.0,20
10.1038_s41598-017-12823-4,0.6277998551937483,-0.45179536961560246,1.8380411218061294,-0.07803527892165829,-0.20045008472751938,0.0019479355977661042,-0.09999999999999998,-0.25,0.0,20
10.1038_srep25413,9.70933639791804,6.356338438810697,13.168275450451848,-0.5508350342229207,-0.8814266926304672,-0.17912376754137968,-0.25,-0.6499999999999999,0.2,20
10.1371_journal.pone.0059894,0.934056980192401,-1.419418300697068,3.2517408003650594,-0.1727863307880731,-0.3839310811938027,0.015205192056305689,-0.2,-0.5,0.10000000000000003,20
10.1371_journal.pone.0035287,0.5336214879157533,-0.7330507258009195,1.6554586834884917,0.00150679740942683,-0.0797890368261583,0.10228417318586074,0.0,0.0,0.0,20
10.1111_j.1749-6632.2009.04503.x,0.02226518002957345,-1.7651945905609117,1.8336630354915926,-0.1179908324821407,-0.3191356393414982,0.03617098087210051,0.09999999999999998,-0.09999999999999998,0.3,20
10.1007_s13235-019-00339-7,-0.3597934267584302,-1.253424930766295,0.37996134833444517,-0.0302291064751391,-0.16813885834643574,0.07765492236690638,0.04999999999999993,-0.10000000000000009,0.20000000000000007,20
10.1086_702414,0.9495578895601513,-0.4334731011912549,2.5789178718785264,-0.07852563647045774,-0.2438349299158995,0.03277190646940255,-0.050000000000000044,-0.15000000000000002,0.0,20
10.1371_journal.pcbi.1002868,0.6705938668807763,-0.04442544345723913,1.2995535879509343,-0.042011862717032944,-0.12455646723300365,0.008530420167636171,-0.050000000000000044,-0.15000000000000002,0.0,20
10.1007_s10539-012-9341-3,1.1671745493121737,-0.22175536074134922,2.9649317119190988,-0.09670602920419868,-0.2781719552968926,0.013121931094095875,-0.050000000000000044,-0.15000000000000002,0.0,20
10.1007_s10458-010-9122-9,10.195780436862655,6.2330160675387996,13.95463168201202,-0.7933605098370298,-1.1328663241728771,-0.38725067281675923,-0.09999999999999998,-0.5,0.25,20
10.1103_PhysRevE.81.036115,0.20183997845439716,-1.7418686005373019,1.8423413250187863,0.036497082261364944,-0.031161721283734116,0.16295871263598619,-0.050000000000000044,-0.35000000000000003,0.20000000000000007,20
10.1007_978-1-4419-6896-8_17,-0.14492809204797208,-1.7772403740054556,1.3663881092209618,-0.10447769415607888,-0.27554945978483186,-0.00039894325965711647,-0.050000000000000044,-0.15000000000000002,0.0,20
10.1063_5.0099697,0.7487378514718079,-0.767296021242909,1.9761718608320396,-0.15942331938964177,-0.34818321802556224,0.002351702293340742,0.04999999999999993,-0.15000000000000002,0.25,20
10.1257_mic.20180336,0.6153386286594786,-1.906844371509484,2.83046669207355,0.02429732437381249,-0.06591580483113417,0.12502832803199698,-0.09999999999999998,-0.5,0.3,20
10.1109_tcsii.2019.2910893,0.7276506921414017,-0.7580643502933917,2.297493634061584,-0.11294474780292751,-0.27748435259658405,0.023724761170568993,-0.09999999999999998,-0.25,0.0,20
10.1111_jels.12042,3.132257111358089,0.012755464077940263,5.894098438053249,-0.21566380430495707,-0.4169763142864467,0.026282081368797595,-0.09999999999999998,-0.45,0.29999999999999993,20
10.1007_s11238-013-9382-3,2.9439622976132,0.6277692605697885,4.911088322518942,-0.08581195132521457,-0.24554469684697477,0.04097871027483023,-0.050000000000000044,-0.15000000000000002,0.0,20
10.1017_epi.2013.34,1.833821148276777,-0.16785573230739462,3.6437260838242134,-0.1337360397044014,-0.36496562106391234,0.04818765922711909,-0.050000000000000044,-0.25,0.15000000000000002,20
10.1371_journal.pone.0061458,8.947822028182856,4.278820055967655,13.030479783898098,-0.7394545534416412,-1.287396436108274,-0.2211730667110137,-0.2,-0.55,0.2,20
10.1111_j.1558-5646.2010.01194.x,2.886889320620596,0.27816156647328183,5.316897877166943,-0.18975464887363191,-0.3733742144719409,-0.013946819974011366,-0.2,-0.55,0.2,20
10.1257_0022051054661549,0.039235687322168644,-0.5833348636329593,0.6822870918882386,-0.03744401106428763,-0.11553155754419331,0.02249725320120503,0.0,0.0,0.0,20
10.1063_5.0037956,-0.14815461789878448,-1.0680598762144216,0.5230619538856927,-0.02828822832480693,-0.11451488431378776,0.058805195579682425,0.0,-0.14999999999999997,0.15000000000000002,20
10.1007_s12110-020-09371-8,0.008288491841534018,-1.2235305172680648,1.2456599829602486,-0.08424763757948239,-0.25218489265187877,0.04276540795454423,-0.09999999999999998,-0.25,0.0,20
10.1038_s41598-017-15188-w,0.29772124116913634,-0.7842370056887409,1.486722092484388,-0.0891728883703975,-0.26182724838807403,0.014181942479715527,-0.050000000000000044,-0.15000000000000002,0.0,20
10.1007_7854_2016_445,-0.5682038998440158,-2.292587406685481,1.0153608230627846,-0.019852111560632824,-0.15181352357366357,0.10099615177792616,0.04999999999999993,-0.15000000000000002,0.25,20
10.1007_s10683-015-9452-1,-0.1542983140062777,-1.373831444173006,0.8796452209995038,-0.07728344966939393,-0.19452292441571106,0.01828839371074986,0.0,-0.14999999999999997,0.15000000000000002,20
10.1371_journal.pone.0104207,3.9014596305918063,0.2803963595911925,7.0558140163660585,-0.3681293151159543,-0.8169307634524172,-0.015244031600267901,-0.050000000000000044,-0.44999999999999996,0.29999999999999993,20
10.1111_ecoj.12088,0.8102898221295831,-0.24241156979718242,1.7876964181027453,-0.05083739274175825,-0.15278114805273313,0.024503708427683422,-0.050000000000000044,-0.15000000000000002,0.0,20
10.1163_1568539x-00003143,0.7927129590216664,-1.2358274661591344,2.6702330599657578,-0.04118278232653183,-0.23063653717697047,0.11981823295358167,-0.15000000000000002,-0.5,0.19999999999999996,20
10.1038_s41598-020-64930-4,1.252200901950732,-1.604050704394741,3.59980415371001,-0.12156562910933799,-0.31342413393241386,0.02579501027352323,-0.09999999999999998,-0.4,0.20000000000000007,20
10.1086_708176,-0.7466187763774039,-1.6602176311539703,0.012989809124278802,0.007622778346618064,-0.1115206323635773,0.1277925201460052,0.0,-0.15000000000000002,0.15000000000000002,20
10.1038_s41467-020-14712-3,0.9444116897922044,-1.51018380958452,3.157229292477389,-0.1533393202645727,-0.3027110503548565,-0.013238694535702757,-0.15000000000000002,-0.5,0.20000000000000007,20
10.3389_fpsyg.2019.02956,0.8505237647007995,-1.3577818783428153,3.1558236075612527,-0.09902955398711988,-0.28373302746566503,0.048093209500332884,-0.09999999999999998,-0.45000000000000007,0.3,20
10.1523_jneurosci.0595-16.2016,0.5801051993630812,-0.7810475200776718,2.360356819825447,-0.09109943841432278,-0.27703668118794683,0.033102667478690846,-0.050000000000000044,-0.15000000000000002,0.0,20
10.1007_s00355-015-0884-5,0.25505188068987295,-1.4037550519175117,1.7479290541252237,-0.1126848871914945,-0.2935711783567609,0.025708245087441482,0.0,-0.19999999999999996,0.19999999999999996,20
10.1371_journal.pone.0108423,4.447902510783437,0.9433098131444431,7.911278068665684,-0.23285266779954222,-0.6044308313869151,0.02884673401203617,-0.050000000000000044,-0.4,0.35,20
10.1111_ajsp.12057,1.1268856051796075,-0.14671011213119772,2.6497825588577,-0.06648193585615625,-0.19589855296871836,0.02181437171622754,-0.050000000000000044,-0.15000000000000002,0.0,20
10.1111_j.1465-7295.2011.00452.x,0.34829380901724516,-1.9510275256597938,2.6134579398907034,-0.09385460776859367,-0.34750300310109705,0.07405580785716591,-0.09999999999999998,-0.3,0.09999999999999998,20
10.1007_s10614-008-9154-2,0.6346187530695717,-1.2574730582192133,2.4472356952637644,-0.17465263819968574,-0.3368929173772017,0.003397882513355579,-0.09999999999999998,-0.44999999999999996,0.19999999999999996,20
10.1177_0951629806065012,1.0298079163685472,-0.5821470600443035,2.928614500480949,-0.19532620980297566,-0.49994523996458945,0.10787998779453495,0.09999999999999998,-0.15000000000000002,0.35,20
10.1023_a_1011612522206,1.0544526893794597,-1.0012441579224804,3.1160123137761353,-0.06882922066742703,-0.23850331236752662,0.0874669757305873,-0.15000000000000002,-0.45125,0.15124999999999889,20
10.1038_s41598-022-10582-5,0.9541320190577043,-0.2918525684113573,2.4326701008672944,-0.07633131259266857,-0.2261549509465761,0.0047819321536428094,-0.050000000000000044,-0.15000000000000002,0.0,20
10.1038_s41598-021-95303-0,1.7892114078858983,-1.0571589834731792,4.325274809963831,-0.17852241931182133,-0.3943994312273077,0.0035156684106453025,-0.2,-0.6,0.19999999999999996,20
10.1038_s41598-021-85814-1,1.2809569602369333,-0.6844691224110871,3.2784162215620527,-0.22433161828673343,-0.43844106354256607,0.044723355198661906,-0.050000000000000044,-0.35,0.25,20
10.1038_s41598-020-73564-5,0.2838970708421842,-1.3682562951167865,1.7927803898545083,-0.12258217820734552,-0.2542979431841437,-0.014437540721401217,0.04999999999999993,-0.15000000000000002,0.25124999999999886,20
10.1038_s41598-020-73314-7,-0.020719042482130412,-1.5863453127160938,1.3962564568192648,-0.16574867132946153,-0.40300325295529676,-0.013296259772985163,0.04999999999999993,-0.09999999999999998,0.24999999999999994,20
10.1093_jeea_jvz008,0.9935054526093552,-1.1875587052550782,3.043588797603494,-0.10520674827881515,-0.2946732319834512,0.057778609925550936,-0.09999999999999998,-0.35,0.09999999999999998,20
10.1017_ehs.2020.22,0.20299209251255945,-1.7562801078830135,1.8523183318412895,-0.11128353408106739,-0.2853136905436987,0.013958332039272566,-0.2,-0.45000000000000007,0.050000000000000044,20
10.1093_restud_rdy048,6.330308554195315,1.2936682867252633,11.064016591875184,-0.14301786409873518,-0.35790837412467524,0.12554296341306287,0.04999999999999993,0.0,0.15000000000000002,20
10.1002_bdm.2050,4.448504985366863,1.6556981778055446,6.960922750666185,-0.08124222249402957,-0.2544270763025997,0.0625768858566167,-0.050000000000000044,-0.15000000000000002,0.0,20
10.1109_jstsp.2013.2263785,8.41928591161636,5.315453105083887,11.656764050159598,-0.4475692692451444,-0.9533310044317657,-0.04038366141599795,-0.25,-0.6499999999999999,0.14999999999999997,20
10.1007_s13235-011-0020-9,0.9986542126576454,-0.548330762029282,2.7219367935793066,-0.09079999733193012,-0.26743786959222,0.017950454335619013,-0.050000000000000044,-0.15000000000000002,0.0,20
10.1007_978-3-642-02624-9_8,1.3403104651724762,0.018541720012168278,2.6582178730764046,-0.04324506202895895,-0.153828430624569,0.04652340084304991,-0.050000000000000044,-0.15000000000000002,0.0,20
10.1023_B_ACBI.0000043440.36462.1a,0.5879295387280328,-0.7412903707012852,2.3087057861296514,-0.09957879263063085,-0.2946820244324097,0.01377660044701537,-0.050000000000000044,-0.15000000000000002,0.0,20
10.1073_pnas.2106028118,1.628487476548469,-0.7107837264841115,3.819234011135028,-0.10601291955797432,-0.3221709110689882,0.08762833520952841,-0.09999999999999998,-0.45,0.25,20
10.1038_s41598-019-49239-1,0.21247899284934757,-0.6881677784280463,1.3319008495750453,-0.06406788854383494,-0.18486893353874825,0.021136228988498165,-0.050000000000000044,-0.15000000000000002,0.0,20
10.1371_journal.pone.0208129,0.5708802287619195,-0.790641689919322,1.9606538132018838,-0.1443821162987275,-0.34098776481908666,-0.01305924536708034,-0.050000000000000044,-0.24999999999999994,0.10000000000000003,20
10.1086_691630,1.765688444928709,-1.6067078123674514,4.6197763226036255,-0.2135890293110107,-0.5357510743089658,0.037548070704243576,-0.050000000000000044,-0.39999999999999997,0.30000000000000004,20
10.1038_sdata.2016.99,1.5456606714417225,0.151899486017962,3.371969455655664,-0.14996695974767582,-0.3460165436294758,-0.02577072781158989,-0.050000000000000044,-0.15000000000000002,0.0,20
10.1017_s0266267110000374,1.0032252006522562,0.0002863014800570306,2.1349706058623847,-0.06271724325719485,-0.16443833290124976,0.007114784431719067,-0.050000000000000044,-0.15000000000000002,0.0,20
10.1109_tnse.2023.3279094,1.4414178947010692,-0.08710358900235134,3.176456976546052,-0.17763706319624506,-0.46767135247393377,-0.003049886812914826,-0.09999999999999998,-0.25,0.0,20
10.1007_s11071-023-08297-x,0.3077874461524308,-1.0883598098469975,1.6115200845382023,-0.08012305571833855,-0.2234533608586268,0.0481218485914625,0.04999999999999993,-0.10000000000000009,0.24999999999999994,20
10.3390_buildings12010019,5.171738300252881,2.2456024387176883,7.791658766537638,-0.0824580478202066,-0.23712119747206695,0.02075702772931777,-0.25,-0.6499999999999999,0.19999999999999996,20
10.1140_epjb_s10051-021-00185-w,0.922864050773442,-0.5458021470553798,2.6881029767324893,-0.17448006708445896,-0.4850921756146301,0.044994050531788066,-0.2,-0.45,0.050000000000000044,20
10.1371_journal.pone.0254860,-0.26896424728850477,-1.2308164722899124,0.6460884262861287,-0.0004159963217227336,-0.11536197449976938,0.12100815764498374,0.0,0.0,0.0,20
10.1038_s41562-021-01059-y,0.35843855695799665,-1.1429955758889057,1.7255738661119338,-0.07573125999134234,-0.2937555561453119,0.1357257777028535,-0.050000000000000044,-0.30000000000000004,0.2,20
10.1103_PhysRevE.97.062136,1.7453929286857237,-0.8965591100234545,4.190661209886495,-0.18246149508980547,-0.4053226182007094,0.026220394501615604,-0.15000000000000002,-0.45,0.15000000000000002,20
10.1038_s41598-017-11580-8,0.6211746126465307,-0.5296286780714405,2.1580493013427366,-0.10712100611633868,-0.2892852902926982,0.008290229774587416,-0.050000000000000044,-0.15000000000000002,0.0,20
10.1111_ecin.12187,0.09623138010872179,-1.1443835557833137,1.4585660662022597,-0.08887195219425192,-0.24641455924035166,0.009229458406499426,-0.050000000000000044,-0.15000000000000002,0.0,20
10.1103_PhysRevE.90.042726,-0.2265024563947815,-1.5663508303448987,0.8975182888364683,0.009805650209880779,-0.13045580722810016,0.1522049606939463,0.0,-0.15000000000000002,0.15000000000000002,20
10.1007_s13235-013-0094-7,10.305436981772754,6.687064639473904,13.79559455423843,-0.6666425347977724,-1.096819289358717,-0.21888571801538256,-0.2,-0.6,0.19999999999999996,20
10.1007_s10539-013-9401-3,-0.6282139905723412,-2.1769675671081825,0.6856379795905925,0.004425411548361624,-0.11122753790613323,0.14114226807073313,0.15000000000000002,-0.050000000000000044,0.3999999999999999,20
10.1111_j.1465-7295.2011.00433.x,0.33531547788671556,-1.2679365672482699,2.158137616859788,-0.12125839842512898,-0.3382258985120405,0.0015912092962361791,-0.09999999999999998,-0.25,0.0,20
10.1007_978-0-387-72596-3_7,0.31790905944876524,-1.4120946417704965,1.9588105632247783,-0.20021045254494857,-0.4157413001793238,-0.050119525078051966,-0.050000000000000044,-0.25,0.15000000000000002,20
10.1111_bjso.12450,0.5425652582286231,-1.784605396698151,2.5467261804783328,-0.041759973523217586,-0.12638383984419368,0.05213408978748598,-0.15000000000000002,-0.5,0.2,20
10.3390_g10010012,-0.1791626981762242,-1.7419333627647706,1.1970628996264912,-0.05532708835834066,-0.18526324414493206,0.0411875641506284,0.0,-0.24999999999999994,0.25,20
10.3389_fpsyg.2017.01990,0.45042637939641494,-1.7600633249954476,2.2164404847818915,-0.09356321155492864,-0.26346054495710997,0.029151714137875418,-0.2,-0.5,0.09999999999999998,20
10.1038_srep42844,0.038290175290132566,-1.4054303204385175,1.3568846245626307,-0.16299368611977888,-0.35311469350102986,-0.024365701118173145,-0.09999999999999998,-0.24999999999999994,0.0,20
10.1007_s00355-014-0841-8,0.4448263501355978,-1.6990812993671986,2.0908431127156115,-0.09227823503502897,-0.285465778544897,0.03017807078333706,-0.25,-0.55,0.050000000000000044,20
10.1109_tnsm.2015.2397883,10.128004364725953,6.505841626030457,13.581958276408379,-0.7692692249284115,-1.0463265230865002,-0.4602019504108837,-0.25,-0.6012500000000001,0.19999999999999996,20
10.1371_journal.pone.0020474,-0.07756921665825889,-1.3383911416608496,0.8749082130365742,-0.0731464888131742,-0.19322062680572466,0.06584655330136815,0.15000000000000002,0.0,0.30000000000000004,20
10.1002_cplx.20244,-0.27850167115373115,-1.599325699706714,1.0161850538969839,-0.06054349701317796,-0.18709570082898871,0.01838327678010826,0.0,-0.25,0.24999999999999994,20
10.1023_a_1020598804674,9.21808351999119,5.621961653624855,12.261884862955228,-0.37428558352093205,-0.591743198146179,-0.08223989539725252,-0.2,-0.6000000000000001,0.2,20
10.1007_s10683-019-09609-y,0.41018320299327016,-1.9219734435961657,2.337656891099239,-0.08747453097730995,-0.27706697798288954,0.12473856076961627,-0.050000000000000044,-0.30124999999999996,0.25,20
10.1038_s41598-020-57562-1,0.366933811516831,-1.5178837909703122,1.9593094401272215,-0.08810999200788894,-0.29071369780000517,0.05974256157924378,-0.050000000000000044,-0.35,0.25,20
10.1063_1.5085076,3.2206933630684675,0.4691268012065974,5.662504742288069,-0.08730026880042119,-0.2620844385118784,0.04899055692016671,-0.2,-0.6,0.2,20
10.1093_ajae_aay025,-0.23067086699698258,-2.0668671523907536,1.2053951344577898,-0.016328663774486496,-0.145832084147685,0.12491719928897344,-0.050000000000000044,-0.30000000000000004,0.19999999999999996,20
10.1002_bdm.2012,0.07644802111011995,-1.1207300670794036,1.341474365345503,-0.11854322358815872,-0.2640860992831121,0.00038532165307741413,-0.050000000000000044,-0.20000000000000007,0.09999999999999998,20
10.1038_s41598-017-12742-4,5.63776439637416,2.4449898934245007,8.57351207103698,-0.4897896917750749,-0.7925764566085013,-0.07403856811976593,-0.2,-0.55,0.2,20
10.1103_PhysRevE.95.052309,0.5845577127892412,-0.6033774107959762,1.762844199628139,0.009788517355459159,-0.08891037053773866,0.12301657064459218,0.0,0.0,0.0,20
10.5751_es-07532-200228,2.40331862544637,0.16826626387426152,4.831294538264608,-0.07571075975123087,-0.28323729132329795,0.07217727059717886,-0.050000000000000044,-0.15000000000000002,0.0,20
10.1371_journal.pone.0054308,1.852551546793486,-0.6311561166648604,4.319947891155408,-0.2420923863663179,-0.49889930264879623,0.02739032067702277,0.0,-0.25,0.25,20
10.1177_0048393108315509,-0.2642330318692192,-1.9824946921850481,1.1923613777193867,-0.024118011944546214,-0.1603798060017212,0.09817294129385236,0.0,-0.19999999999999996,0.20000000000000007,20
10.1007_s11284-006-0070-4,2.2869945715208972,-0.24193840343123532,4.668655819750261,-0.11606686925401977,-0.31822613032166697,0.06667459203458727,-0.15000000000000002,-0.5,0.2,20
10.3197_096327105774462683,3.157790306805661,0.3010825611994092,5.798031623330559,-0.1746602132618859,-0.35837468151857205,0.003368249293468436,-0.15000000000000002,-0.55,0.29999999999999993,20
10.1007_s11238-004-3672-8,1.1351860606579445,-0.33799070182429675,3.046532370130237,-0.09885710908572043,-0.28829404639826534,0.024408672558760728,-0.050000000000000044,-0.15000000000000002,0.0,20
10.1007_s001820050100,1.7500612643007143,-0.8367576527066265,4.105094069001178,0.03411999979616065,-0.13549228444877942,0.18843884934314936,-0.2,-0.6,0.2,20
10.1038_s41562-022-01457-w,1.1073862733593058,-0.43193419855099097,2.7337622375611565,-0.12241537305513461,-0.3102738129313603,0.01738375465489549,-0.09999999999999998,-0.25,0.0,20
10.1002_bdm.2273,1.1525814116362856,-0.22935822656496158,2.8218408200461447,-0.11089642281972378,-0.26786658912892714,-0.0019632737876263276,-0.050000000000000044,-0.15000000000000002,0.0,20
10.3389_fnbeh.2020.00102,0.34182016288744776,-0.8531306462914309,1.7325038718844992,-0.0926252409712286,-0.2522497703926738,0.018410457103830182,-0.050000000000000044,-0.15000000000000002,0.0,20
10.1371_journal.pone.0229510,0.39850745417336153,-1.1015370526373656,1.743147041513278,-0.14726050613885905,-0.323317935674317,-0.034173106449224534,-0.15000000000000002,-0.45,0.15000000000000002,20
10.1371_journal.pone.0227360,1.6414287016382572,-1.0407867820075114,4.132457876842732,-0.25470870686248615,-0.5371153623010175,-0.08045982865679469,-0.25,-0.55125,0.09999999999999998,20
10.1371_journal.pone.0200965,0.8223949072694543,-0.6926935371349104,2.492250321917362,-0.08788878708091175,-0.25574031912821593,0.03424431558712441,-0.050000000000000044,-0.15000000000000002,0.0,20
10.1017_s0043887117000181,1.1863766928367951,-1.2410666160495234,3.6193647959209394,-0.13718680125349447,-0.37378519510773495,0.06105667587419277,-0.050000000000000044,-0.30000000000000004,0.2,20
10.1038_s41598-017-12490-5,-0.20131380169488722,-0.7630817518777586,0.5335791121929666,-0.03575014808504706,-0.1207794411193642,0.014713806838317892,0.0,0.0,0.0,20
10.1007_s11127-016-0319-6,0.057076397668441636,-1.1486649365008117,1.155166162284335,-0.08579595464367806,-0.21300672236785925,0.010657325855589218,0.0,-0.19999999999999996,0.2,20
10.1111_beer.12096,-0.10445219589428234,-1.4578931449118768,1.4211984923088183,-0.10586709025060437,-0.2730038785557927,0.02921854118828547,0.04999999999999993,-0.10125,0.2,20
10.1007_s10816-013-9194-3,2.280619204718506,-0.5826555298095818,5.218029090225701,-0.1158558484943738,-0.3510758331729174,0.0899434926006329,-0.2,-0.55,0.15000000000000002,20
10.1371_journal.pone.0092336,2.027724739482637,-0.024629634560327497,3.9175066123105946,-0.25904764679157755,-0.5071864056955655,-0.024415926081776663,-0.15000000000000002,-0.30000000000000004,0.0,20
10.1371_journal.pone.0057378,1.840051193187814,-1.2625763919342745,4.539642885847753,-0.11680295383582895,-0.39216850128184366,0.0694984114518727,-0.09999999999999998,-0.35124999999999995,0.19999999999999996,20
10.1186_1744-9081-9-3,2.272036693089201,-0.7354293158236322,4.816722048646135,-0.22036771273091899,-0.5499054305317378,0.01847052169463938,-0.09999999999999998,-0.45000000000000007,0.3,20
10.1007_s12110-012-9136-x,-0.22808572651096704,-1.0732103647016695,0.6912464368789255,-0.050801416614227435,-0.15604600403035546,0.01253965664398786,-0.050000000000000044,-0.15000000000000002,0.0,20
10.3982_te795,-0.26025076268785874,-1.6366395406967964,0.8745372168205215,0.010676267019564256,-0.07867128027875549,0.13065997145061256,-0.15000000000000002,-0.35,0.050000000000000044,20
10.1111_j.1749-6632.2009.04542.x,0.5450058525588544,-0.33012697973444566,1.6085294707933742,-0.04348843178219208,-0.15237458233246304,0.0322693777517541,-0.050000000000000044,-0.15000000000000002,0.0,20
10.1007_s10539-007-9065-y,-0.0011604308064843138,-1.2544586777131057,0.9628694100082051,-0.07505412009004497,-0.2157393781129345,0.04243931123593901,0.0,-0.15000000000000002,0.15000000000000002,20
10.1038_s41598-023-41519-1,0.1929098538341334,-1.220499053922171,1.55408954267787,-0.08009204207893628,-0.27324528931564773,0.057649014806425064,0.0,-0.19999999999999996,0.2,20
10.1002_hbm.25874,1.1218818950914837,-0.33150404972007197,2.8453538419445836,-0.09087960429895825,-0.25942826905143695,0.02611641539642161,-0.050000000000000044,-0.15000000000000002,0.0,20
10.1140_epjb_s10051-021-00212-w,2.4424777769050996,-0.534274626584353,5.030973673639736,-0.21910489588690452,-0.5134859453806683,0.00198816112072113,-0.15000000000000002,-0.5,0.19999999999999996,20
10.1140_epjb_e2020-100618-x,4.416402814177277,0.5835260461285156,7.822720627004099,-0.29070238036400725,-0.651090202161132,0.10325730040614367,-0.15000000000000002,-0.55,0.2,20
10.1093_ejil_chaa009,1.0917411309316556,-0.7733541453548143,2.8163567840144874,-0.1445909266879143,-0.3472222216685493,0.058978038225713306,-0.09999999999999998,-0.4,0.24999999999999994,20
10.3390_g10010011,-0.07535500732322564,-2.227964780725767,1.7934574700491164,-0.038047902878538875,-0.20406132233852783,0.1057235638375012,0.04999999999999993,-0.19999999999999996,0.3,20
10.1007_s11211-017-0300-7,10.146519809176393,6.491410501626563,13.51939253539459,-0.6069343662038307,-0.827023774053319,-0.2592658954854542,-0.2,-0.6,0.19999999999999996,20
10.1073_pnas.1704032114,0.3299501852522235,-0.5558675353246237,1.2639788001150074,-0.04131285612723945,-0.149841072467072,0.03813121834350103,-0.09999999999999998,-0.25,0.0,20
10.1080_08941920.2016.1209266,2.4952563646750514,0.03901031858600991,4.866272197730337,-0.12171183581766076,-0.31934109204965244,-0.008385232327072403,-0.25,-0.6499999999999999,0.14999999999999997,20
10.3389_fnbeh.2016.00180,0.7454727808641621,-0.5165220148769489,2.2993863425538716,-0.09312399748264577,-0.26123959953616743,0.015330726360741344,-0.050000000000000044,-0.15000000000000002,0.0,20
10.3389_fpsyg.2016.00799,0.7190870302911598,-1.540798733120825,2.790318390818217,-0.09975123759616611,-0.22336557541850446,0.013067134434729342,-0.25,-0.55,0.050000000000000044,20
10.3389_fpsyg.2015.00983,1.0743724887676072,-0.28624113768922227,2.752286477119438,-0.10705748317943609,-0.27240843182796615,0.003594735635616716,-0.050000000000000044,-0.15000000000000002,0.0,20
10.1371_journal.pone.0040325,1.227215521686901,-1.4131466764057166,3.5710965306110016,-0.15272358879877562,-0.36621039333722966,0.04496117531929443,-0.050000000000000044,-0.35000000000000003,0.25,20
10.1007_s11403-007-0027-x,2.4512168107965406,-0.25505540984588765,4.668006800569745,-0.2127538483170316,-0.47351606831190945,0.06147018860289361,-0.09999999999999998,-0.4,0.19999999999999996,20
10.1038_s41893-022-00877-w,-0.016622092441577863,-2.3572082709099464,2.201718564443695,-0.09511387070293897,-0.3314250940813822,0.11634462269591371,0.0,-0.25,0.25,20
10.1126_sciadv.abj7377,0.52238315615792,-1.0009098047569245,1.9820129896939371,-0.2286359327797366,-0.3961433798526291,-0.049326796819317315,-0.050000000000000044,-0.35,0.2,20
10.1027_1864-9335_a000460,0.8020335509696048,-0.547889236142881,2.375181531751437,-0.09459507215460128,-0.2520962041493628,0.0011367604726277248,-0.050000000000000044,-0.15000000000000002,0.0,20
10.1057_s41599-020-0419-2,-0.028107306208839056,-1.5897421521452606,1.621094743970656,-0.10560540687519093,-0.2755489348450679,0.008367523710560883,0.0,-0.15000000000000002,0.10000000000000009,20
10.1007_s10683-018-9592-1,1.143519954837715,-1.6543249076610005,3.685819101826962,-0.14289646943993706,-0.34117435030511445,0.04851626042747793,-0.09999999999999998,-0.45,0.20124999999999887,20
10.1016_j.jtbi.2017.10.007,0.43832014430339683,-1.0488082836574777,1.787942826542692,-0.11948172768854615,-0.2896350636193361,0.001548879112487462,-0.09999999999999998,-0.35,0.1499999999999999,20
10.1038_s41598-017-07916-z,0.07351242831797844,-0.7527985719800019,1.0201980801849857,-0.059181522883463344,-0.18804351455642046,0.01925778547422983,-0.050000000000000044,-0.15000000000000002,0.0,20
10.1038_srep42735,0.0933835001093346,-1.227367947600525,1.2310403081272743,-0.10475817691224554,-0.23919788045398324,-0.001455479144687147,0.09999999999999998,-0.09999999999999998,0.3,20
10.1093_oep_gpv048,-0.7519335546057704,-2.267366528012612,0.5830154904117423,-0.057646791747881565,-0.19320085149139138,0.0677726631701176,0.15000000000000002,0.0,0.35,20
10.1093_jleo_ewu019,4.622188785529361,1.6445501142237318,7.357355162125166,-0.10153580074019097,-0.2731759031077066,0.010651392375341543,-0.25,-0.7,0.14999999999999997,20
10.3389_fnbeh.2015.00107,1.6870217239349339,-0.05187346663851126,3.3014983474987325,-0.09283871275244915,-0.20707330880157407,0.01711644664567896,-0.050000000000000044,-0.15000000000000002,0.0,20
10.1007_s10539-012-9327-1,-0.4284120954373325,-2.251822307796075,1.2754967270995967,0.06991233797197571,-0.054417461682898335,0.2351328699890957,0.04999999999999993,-0.20124999999999998,0.35,20
10.1093_jae_ejr034,4.70783035664672,1.3393685095596537,7.866427231737639,-0.33481984410306054,-0.6171940170588294,0.034426737423910704,-0.09999999999999998,-0.5,0.25,20
10.1007_s00191-010-0204-2,11.00916191137344,6.916348461937396,14.640663372249076,-0.6410576620504567,-1.078662880715112,-0.1754893973297934,-0.15000000000000002,-0.5,0.25,20
10.1111_j.1439-0310.2010.01781.x,0.24448710237674742,-0.5103501507558862,1.0593742107551656,-0.06473103701631377,-0.17561577037170806,0.010523766032878322,0.0,0.0,0.0,20
10.1007_s00199-008-0421-1,1.0329358784230038,-0.2812631101164266,2.0295916295585403,-0.13209156078397366,-0.3225151175653678,0.07009297436133294,0.09999999999999998,0.0,0.25,20
10.1007_978-3-540-85436-4_5,0.22742146229798887,-0.9220935741301235,1.083071203689856,-0.1635961487845577,-0.326354123167783,-0.03222671266449125,0.04999999999999993,-0.09999999999999998,0.20000000000000007,20
10.1103_PhysRevE.76.026114,-0.029343384556676178,-1.513966026921091,1.346118703461088,-0.09687844459778361,-0.2015867693423854,0.0047523127389904754,0.04999999999999993,-0.15000000000000002,0.25,20
10.1007_s11284-006-0163-0,0.1304922149014125,-0.34868557688056595,0.598727624666016,-0.057476864134478944,-0.14233427175315558,-0.00046463653126938676,0.0,0.0,0.0,20
10.1111_j.1468-5584.2005.00267.x,-0.07458603916531459,-1.2165986038875811,0.9932927604901851,-0.10278732398709489,-0.2378788851579996,-0.014984515452556647,-0.09999999999999998,-0.29999999999999993,0.09999999999999998,20
10.1063_5.0147226,0.2528219282537618,-0.936169895850133,1.4970118766436353,-0.09361602932789892,-0.22243816185910964,0.003730016995605177,-0.050000000000000044,-0.15000000000000002,0.0,20
10.1155_2020_8276392,2.3021750927283327,-0.5520733254357574,4.851151594213512,-0.09240662431686841,-0.24300203253608726,0.014167180679766711,-0.2,-0.6,0.2,20
10.1017_s1355770x19000457,1.1103071460719622,-0.4237028019843164,2.885716528732373,-0.07937708933499599,-0.23481418454898445,0.02718766838625489,-0.050000000000000044,-0.15000000000000002,0.0,20
10.1007_s00199-018-1146-4,1.093702711166916,-0.3339141876828002,2.2890405308794675,-0.03962689039454004,-0.173776642059793,0.06416322131932492,-0.050000000000000044,-0.15000000000000002,0.0,20
10.1093_oep_gpy045,-0.6675141969514122,-2.405781068453085,1.0493109456052285,-0.00014539391882406605,-0.08421847959667152,0.11012426245417016,-0.050000000000000044,-0.25,0.19999999999999996,20
10.1371_journal.pone.0207937,0.3570784521740986,-0.32804024516529534,1.1301224725211803,-0.059150093178065855,-0.1580751412024598,-0.0007077120421130267,-0.050000000000000044,-0.15000000000000002,0.0,20
10.1017_s1355770x16000322,0.45009130560406163,-1.6573031870610122,2.1092729431055592,-0.09365411988051109,-0.28564212331632977,0.027738575372417945,-0.2,-0.49999999999999994,0.09999999999999998,20
10.1086_687873,-0.8830768609605952,-2.1310996911577877,0.15541048632170237,0.00895225005488376,-0.0694675614890468,0.1078913827164783,0.04999999999999993,-0.15124999999999994,0.3,20
10.1007_s40503-016-0035-0,1.4078853646528122,-1.128632912957132,3.873367183867289,-0.22980472155947307,-0.41635307431709795,-0.03985557183514881,-0.09999999999999998,-0.45000000000000007,0.3,20
10.1038_srep31927,-0.5741450311054335,-1.6893512222399993,0.6222145147210931,-0.04874175917964407,-0.2012332751731854,0.07040601241323986,0.0,-0.10000000000000009,0.1499999999999999,20
10.5751_es-07493-200323,1.080527568407497,-0.27753633912480774,2.8405504524454277,-0.059560317316508904,-0.23466913443700524,0.05238677672553878,-0.050000000000000044,-0.15000000000000002,0.0,20
10.1007_s00265-014-1741-8,3.4681912881605887,0.46517935075174655,6.55358696473945,-0.1584836525131012,-0.39058608112375964,-0.005714244215977592,-0.15000000000000002,-0.5,0.20000000000000007,20
10.1073_pnas.1400827111,0.2451756144751993,-0.6753110723021647,1.288302624641938,-0.06375083839754192,-0.18522628325955257,0.022021426178699947,0.0,-0.1499999999999999,0.15000000000000002,20
10.1093_aepp_ppq017,0.4577465846667481,-0.9428190329875222,1.7181112910399166,-0.13321043511241748,-0.26993478044490393,-0.00023491594534174218,0.0,-0.15000000000000002,0.14999999999999997,20
10.1177_0170840610372202,-0.25259743916184085,-1.618042656604979,1.070974426637743,-0.09683755271638106,-0.2390192836099307,0.022084934699869895,-0.050000000000000044,-0.25125,0.15000000000000002,20
10.1177_17456916231179156,-0.22912021345627132,-1.9539042534082358,1.3064936886992222,-0.05345339319707898,-0.15938279932737706,0.053263025802420684,0.09999999999999998,-0.050000000000000044,0.3,20
10.1523_jneurosci.2303-21.2022,-0.2751144781984882,-1.2515615903107424,0.8098567468765778,-0.17873403533214532,-0.35684446590353763,0.019424500375244496,-0.050000000000000044,-0.30000000000000004,0.2,20
10.3389_fpubh.2022.881330,-0.18513068710393554,-1.7075548162867809,1.3947044581130925,-0.10284226010570885,-0.27944996904863617,0.06753392537936423,-0.050000000000000044,-0.30124999999999996,0.25,20
10.1007_s11127-021-00925-7,3.9613488494375444,0.412219555620771,7.039105009272184,-0.37854711064213753,-0.6459324133112487,-0.1326678996136833,-0.09999999999999998,-0.5,0.29999999999999993,20
10.1017_s0266267121000195,-1.141345172812521,-2.080813884188909,-0.3488820851194202,0.03690372517101359,-0.009920686637658233,0.11732066359546885,0.09999999999999998,0.0,0.25,20
10.1038_s41598-021-93598-7,0.23049132238431191,-0.7018567269863136,1.0291299131986484,-0.04086182215714751,-0.13891386794058067,0.031657756413269046,0.0,0.0,0.0,20
10.1017_s0266267119000233,2.7745832231560916,0.06288573153112832,5.313905449719423,-0.21970743974188522,-0.48989722685250797,0.04351325375880986,-0.050000000000000044,-0.30000000000000004,0.24999999999999994,20
10.1007_s40656-017-0151-4,0.01361719142744544,-2.0214305599068565,1.7133317805795472,-0.031313116515586104,-0.1803564803853155,0.10077441000333981,0.0,-0.25,0.29999999999999993,20
10.1002_bdm.1976,3.1444918558257084,-0.41821467751239655,5.972336070473191,-0.3294856125386652,-0.6192911334649541,-0.03181320694585926,-0.050000000000000044,-0.25,0.19999999999999996,20
10.1007_s11403-015-0146-8,-0.35437544072528215,-0.9379324473365982,0.2718275379733048,-0.02072200633851662,-0.09518754174896406,0.023378926241034294,0.0,0.0,0.0,20
10.1038_srep12797,7.085960033093033,4.079024870585022,10.310468459344387,-0.19247872910973574,-0.520911948240418,0.049775956812818496,-0.25,-0.7,0.15124999999999889,20
10.1007_978-3-319-15515-9_15,0.7177199282249678,-0.8341685350434668,2.7129423841503777,-0.028401320974991484,-0.17100770509406463,0.10630678328096027,-0.050000000000000044,-0.15000000000000002,0.0,20
10.1111_jpet.12084,-0.33550914757873507,-1.8221418942467205,0.9498201049069258,-0.10494871195296851,-0.2658342402458545,-0.01091276210327446,-0.050000000000000044,-0.29999999999999993,0.15000000000000002,20
10.1371_journal.pone.0105126,2.9995532997075047,0.571539210560322,5.248782060649161,-0.38521273863120054,-0.5811385965801286,-0.10680755678621279,-0.25,-0.55,0.09999999999999998,20
10.1515_bejeap-2013-0110,2.615107344352203,-0.7647326409606081,5.720146795777735,-0.23823745514802486,-0.509732431625655,-0.005496630140777894,-0.15000000000000002,-0.55,0.25,20
10.1007_s11238-013-9356-5,0.3653135827388905,-0.33357917406303755,1.178549024451239,-0.06381521897014397,-0.17324292419137566,0.005330715459033671,-0.050000000000000044,-0.15000000000000002,0.0,20
10.1371_journal.pone.0083225,0.4734286486826127,-1.228967170976845,1.9706678172888532,-0.12916309717811303,-0.30032893432221314,-0.024119523916477544,-0.050000000000000044,-0.24999999999999994,0.09999999999999998,20
10.1371_journal.pone.0077041,1.319669883299853,-1.3602904081731326,3.7774117091435975,-0.20952902898463122,-0.48440779458390065,0.04607130992090452,-0.050000000000000044,-0.30124999999999996,0.25,20
10.1371_journal.pone.0069871,1.6795400010907988,-0.04736641572492614,3.4032611966463318,-0.08006486650306943,-0.22219103667614443,0.025269855214854586,-0.050000000000000044,-0.15000000000000002,0.0,20
10.1111_evo.12031,1.2925204564388784,-2.0305253877011786,4.335070417047836,-0.1305107351518766,-0.38696295088332244,0.12405440255451645,0.04999999999999993,-0.15000000000000002,0.25,20
10.1177_147470491301100117,-0.4815081187866994,-2.471328049694032,1.2945595538315582,-0.016975569668754686,-0.16697195383374994,0.1436047222824621,0.04999999999999993,-0.19999999999999996,0.3,20
10.1371_journal.pone.0044432,4.831935331657751,2.2550510898113614,7.164922541908828,-0.41883646529383806,-0.7139515427948189,-0.06314863851153658,-0.09999999999999998,-0.45,0.25,20
10.1111_j.1559-1816.2012.00914.x,0.12860432723168547,-1.4548925802162802,1.7215121014077328,-0.1236608790872199,-0.2745800863877025,-0.026014959460338043,-0.2,-0.4,0.0,20
10.1371_journal.pone.0039002,0.16194947681980754,-0.9514411048911654,1.1749409501248398,-0.08665440602252295,-0.2664312266615969,-0.00015301630067274022,-0.050000000000000044,-0.15000000000000002,0.0,20
10.1111_j.1467-9779.2011.01520.x,-0.037731522892933356,-2.1718589455448707,1.6880271060301335,-0.089037000112686,-0.2731505031545687,0.04169557299987309,-0.050000000000000044,-0.30000000000000004,0.2,20
10.1177_0951629809103970,-0.11105153430895598,-1.8028829997823548,1.5116980926068209,0.01571632850535809,-0.1038998215025263,0.15043902859330827,-0.050000000000000044,-0.29999999999999993,0.15000000000000002,20
10.1093_ej_uead030,-0.03589717508696033,-1.712851181508674,1.5809924952995567,-0.13254972512566277,-0.2758321337903059,-0.019142762710759202,0.0,-0.24999999999999994,0.25,20
10.1017_ehs.2022.32,0.329472809055412,-0.9156468399686755,1.4058794370058036,-0.13091575367403963,-0.2938980107391164,-0.018948061317343494,-0.050000000000000044,-0.15000000000000002,0.0,20
10.1109_tcsii.2021.3133711,4.048127889624722,0.5288159863651155,6.7326734370948484,-0.28407756491411124,-0.7488181247378228,0.11058110341572785,-0.09999999999999998,-0.44999999999999996,0.2,20
10.1111_jpet.12540,-0.17284794300932838,-1.7208925179798944,1.2750580803972251,-0.14506445953971675,-0.30565233468522507,-0.029242542459002065,-0.050000000000000044,-0.29999999999999993,0.15000000000000002,20
10.1111_apce.12343,0.4058546971656458,-1.0385645163695567,1.739914419705776,-0.1150796598532644,-0.2938623241243093,-0.0021675528805294372,-0.09999999999999998,-0.25,0.0,20
10.1111_ecin.13020,3.1287325716743757,1.0155628552144575,5.298710713669173,-0.1062046224026143,-0.2552928637560286,0.025018988335764155,-0.050000000000000044,-0.15000000000000002,0.0,20
10.1371_journal.pcbi.1008217,4.722623488961035,1.171694325088286,7.780142726264138,-0.2435964244375881,-0.5229200348798656,0.012198403722702434,-0.09999999999999998,-0.35000000000000003,0.15000000000000002,20
10.1109_access.2021.3084342,1.8406453351935825,-0.5981467113642758,4.006406466257679,-0.19560927479764967,-0.362149280930366,0.0014167672068250126,-0.2,-0.55125,0.15000000000000002,20
10.1332_204378920x16026943989422,-0.715270905431046,-1.2268887406358104,-0.19159088813765662,0.03135507577236196,-0.008062012354467707,0.08251679158343184,0.04999999999999993,0.0,0.15000000000000002,20
10.1007_s00355-020-01284-w,0.3783371735872576,-1.3253450294041424,1.7409392070575758,-0.2085976670159393,-0.40336188718149446,-0.033220654007743176,-0.09999999999999998,-0.35,0.15000000000000002,20
10.1002_bdm.2208,0.56062084190481,-0.6582013244159824,2.153368653676856,-0.09453997736063302,-0.26857321097513703,0.018958341378703607,-0.050000000000000044,-0.15000000000000002,0.0,20
10.1007_s40750-020-00143-3,-0.443332753292367,-1.5531321230766262,0.6566287888954251,-0.09949520465828787,-0.21283262196771208,0.0005194186430250067,0.04999999999999993,-0.09999999999999998,0.20000000000000007,20
10.1111_ecin.12766,0.1769965101548454,-0.7227523292669554,1.0591193960547134,-0.041497126940850726,-0.11775565963357497,0.019478020931878975,-0.050000000000000044,-0.15000000000000002,0.0,20
10.1111_ecin.12713,5.120980059305128,1.048636424814532,8.771812135680635,-0.34584353820049596,-0.605982325139672,-0.045415324571227815,-0.2,-0.6000000000000001,0.19999999999999996,20
10.1103_PhysRevE.100.052304,-0.5205501039533962,-1.8956492663355042,0.5922055880474222,0.005800549847935654,-0.10840489192252291,0.16397793489709217,0.09999999999999998,0.0,0.25,20
10.1086_700098,4.906630627929322,2.415590672352174,7.1983172375766005,-0.07288710117970165,-0.22048350898943647,0.051515420081325446,-0.050000000000000044,-0.15000000000000002,0.0,20
10.1007_s11127-018-0622-5,0.46507040551285694,-1.4260640887755225,2.131989086731463,-0.18299012814674348,-0.37712414702026603,0.013008714139159076,0.04999999999999993,-0.15124999999999994,0.29999999999999993,20
10.3389_fpsyg.2018.00932,0.675668787745793,-0.5518162831967689,2.180335149645697,-0.07850151117726634,-0.24011410204753333,0.03269345072666989,-0.050000000000000044,-0.15000000000000002,0.0,20
10.1007_s10588-017-9244-6,0.07302718894314797,-1.543748482697534,1.6692777319258771,-0.14482200197347067,-0.32796478231398474,0.014305958997490606,-0.15000000000000002,-0.4,0.09999999999999998,20
10.1111_jpet.12252,8.343241222386698,4.2293484153020415,12.341380525618122,-0.3900330561818497,-0.9707453539657659,0.24583118864225256,-0.2,-0.55,0.19999999999999996,20
10.1007_s10640-017-0126-7,2.13068050472815,-0.4912141621219656,4.604619811242302,-0.18289689815102977,-0.3924628875190631,-0.027245748173881392,-0.25,-0.6,0.19999999999999996,20
10.3982_te2063,-0.7948542368112497,-2.0114945408080924,0.42289099410355246,-0.0348619776510285,-0.12348740525351551,0.027786373901039527,0.09999999999999998,-0.15000000000000002,0.35,20
10.3389_fnbeh.2016.00053,0.6268283649368298,-0.48037526679891607,1.721217012523251,-0.0017167414622747401,-0.10570439680445592,0.11778266161541982,-0.09999999999999998,-0.25,0.0,20
10.1007_s12038-013-9342-7,0.15345870549492435,-0.5814629881419112,0.8593762820534261,-0.0397052743317563,-0.14723846531921292,0.024707814671226267,-0.050000000000000044,-0.15000000000000002,0.0,20
10.1111_1475-4932.12073,1.9191885113746787,-1.6716567584736908,5.752871218749496,-0.20252832076530858,-0.6166095877175581,0.12894445003878638,-0.050000000000000044,-0.30000000000000004,0.19999999999999996,20
10.1111_joes.12018,-0.41645569448724107,-2.1092783854981403,1.2278857791636648,0.02094195274605004,-0.08637686654592718,0.17107181683772357,0.04999999999999993,-0.20000000000000007,0.30000000000000004,20
10.1371_journal.pone.0034051,-0.3901123178556283,-1.959109236216245,0.8793597245055864,-0.017175685994653134,-0.21189498735476672,0.1983760084349788,0.0,-0.24999999999999994,0.25,20
10.1080_15534510802469156,0.09020418815054931,-1.424259450677456,1.3954550636431264,-0.04089897764646466,-0.1900326462799684,0.06707776701141466,-0.15000000000000002,-0.4,0.09999999999999998,20
10.1196_annals.1399.012,0.07699782407740141,-1.871176895752086,1.5740518244953308,-0.12031790040120638,-0.25985061417072747,0.029753995327847168,0.04999999999999993,-0.15000000000000002,0.25,20
10.1080_10576100490438246,1.1424805062427854,-1.2680113009929292,3.225851435189974,-0.24486004188346938,-0.4737211489925651,-0.010741549608226137,-0.050000000000000044,-0.35,0.25,20
10.1038_s41467-023-38592-5,0.46744244529957424,-0.9283958464402652,2.046743290753524,-0.12029411642823196,-0.2887553265227674,-0.00575651937945498,-0.050000000000000044,-0.15000000000000002,0.0,20
10.1093_pnasnexus_pgad091,1.0031728783899156,-1.8074929021336006,3.2913454678470546,-0.1924732686970943,-0.4388729064600836,0.037805121774542615,-0.09999999999999998,-0.35124999999999995,0.19999999999999996,20
10.1007_s10640-023-00759-5,-0.08802589340523603,-0.9736827868817306,0.7746895569546709,0.036219113356758204,-0.05823022465243823,0.16959171899997905,0.04999999999999993,0.0,0.15000000000000002,20
10.1063_5.0088493,1.5723287235369776,-0.8172153688199048,4.041662344054889,-0.22481018683761717,-0.4238497326880173,-0.0242452165338419,-0.25,-0.6,0.09999999999999998,20
10.1371_journal.pone.0266735,0.44983679617843997,-0.7479331434792953,1.8301586844668027,-0.08408894355515195,-0.24145293754368083,0.02074868536182747,-0.050000000000000044,-0.15000000000000002,0.0,20
10.5267_j.ijiec.2022.3.001,3.0849152156191133,0.13607086077100553,5.651832951871197,-0.36163556172797645,-0.6286202442800566,-0.07321486466758426,-0.050000000000000044,-0.39999999999999997,0.25,20
10.1007_s10551-020-04664-5,0.10529450987606026,-1.678603220639814,1.774230247410295,-0.05713839835507184,-0.19220226676942578,0.035344734370979625,-0.15000000000000002,-0.45,0.15000000000000002,20
10.1371_journal.pone.0263028,0.7836459251925003,-0.4711439242438778,2.0155406130113613,-0.12226754676528495,-0.39322797200274207,0.034617226790557905,-0.09999999999999998,-0.25,0.0,20
10.1038_s41598-021-04217-4,-0.20817263816531462,-1.9289054045127163,1.4020352453600293,-0.10888576854607479,-0.25702634418358217,0.03083597060004476,0.0,-0.25,0.24999999999999994,20
10.1093_scan_nsab124,-0.40564391150149337,-2.069855704095992,1.1456055000275311,-0.09980629287236964,-0.2963144434745556,0.029885875551815853,0.0,-0.19999999999999996,0.19999999999999996,20
10.3389_fpsyg.2021.676064,0.23438421085881522,-0.8836389265817091,1.6112892350836456,-0.09025858958674915,-0.25898380164701756,0.015403892864487446,-0.050000000000000044,-0.15000000000000002,0.0,20
10.1038_s41598-021-89563-z,5.580948681502345,1.7926819892621335,9.18936944994261,-0.36631323067031263,-0.7507327131705765,-0.05640749793226243,-0.050000000000000044,-0.44999999999999996,0.35000000000000003,20
10.1371_journal.pone.0248599,-0.12644866190116932,-1.9921535397248555,1.7260320593825413,-0.09490843863304166,-0.27231897081580203,0.05601896350469269,0.04999999999999993,-0.15000000000000002,0.25,20
10.1093_qje_qjaa035,19.625380333341532,16.294154198330215,22.84387025165881,-0.17816411744658534,-0.4387555928683205,0.023299940083854092,-0.050000000000000044,-0.15000000000000002,0.0,20
10.1007_s10640-020-00526-w,0.4440412676407366,-1.6227335665008138,2.2327215385631227,-0.09254341376822106,-0.28447026747305504,0.029999687734155896,-0.2,-0.5,0.09999999999999998,20
10.1038_s41598-020-60349-z,2.8367261254668863,0.7461301173149082,4.99025391189746,-0.1025687086237782,-0.25870879521517515,0.017825440170281273,-0.050000000000000044,-0.15000000000000002,0.0,20
10.1111_ecin.12720,-0.3021523634931791,-2.7963100067424858,1.824877867944345,0.00945118839233472,-0.08215400926220098,0.10722966459964586,0.0,-0.30000000000000004,0.3,20
10.1057_s41599-019-0249-2,2.650422469334278,-0.12051661097674093,4.799970534857067,-0.08349645762316271,-0.30699637684110515,0.1313096403402501,-0.050000000000000044,-0.15000000000000002,0.0,20
10.1080_00220485.2018.1551097,-0.42826156027375717,-1.360187054179166,0.6278040913723165,-0.002308479241771577,-0.13401710189103755,0.14018036075244159,0.04999999999999993,0.0,0.15000000000000002,20
10.1007_s10539-018-9627-1,0.650629231037108,-0.3929862407187278,1.9825802175757985,-0.07134717480074648,-0.21331203406395274,0.02254168649887627,-0.050000000000000044,-0.15000000000000002,0.0,20
10.1371_journal.pone.0188503,1.96034340223152,0.1462509623620489,3.9385665590434913,-0.1705045932712208,-0.386689241387005,-0.009662700607234533,-0.09999999999999998,-0.25,0.0,20
10.1073_pnas.1606456113,-0.08047008045697535,-0.7462582951357569,0.579588050144526,-0.028819801540951318,-0.10133445338197486,0.03654572647134085,0.0,0.0,0.0,20
10.18564_jasss.3166,6.058514243578743,2.5796377385229627,9.291166305890048,-0.32858657312199924,-0.6569059016884692,0.001267439129589597,-0.09999999999999998,-0.44999999999999996,0.20000000000000007,20
10.1111_kykl.12113,0.6086636782507435,-0.7621736568060449,1.9787392028994357,-0.09387827091687428,-0.3069797666222608,0.020258250570136808,-0.2,-0.5,0.09999999999999998,20
10.1371_journal.pone.0124513,1.77229363967023,-0.4843667904455941,3.9921303756884625,-0.10010734027606205,-0.26050313229934835,0.07283431282282207,-0.30000000000000004,-0.6000000000000001,0.04999999999999999,20
10.1111_jpet.12090,9.360986201075022,5.05458602511454,13.106201065601535,-0.5166576927652478,-1.0693838118890595,-0.017242346418518753,-0.2,-0.55,0.20124999999999893,20
10.1007_s10588-013-9170-1,5.394864714145462,2.259633159924971,8.18233143862693,-0.46189389238120726,-1.0821474534001012,-0.029964922893155638,-0.15000000000000002,-0.5,0.15000000000000002,20
10.1002_evan.21430,-0.09358943098420003,-1.7426920143866698,1.5020308098640742,0.15003319266960247,-0.0017607513209742926,0.37688971071011884,0.04999999999999993,-0.15000000000000002,0.25,20
10.1111_roiw.12092,2.114938346462032,-0.6938104348754044,4.7275507004106805,-0.25421970540067074,-0.4996729079336175,-0.06560155047956819,-0.09999999999999998,-0.45000000000000007,0.3,20
10.3389_fevo.2014.00041,0.6248304478350191,-0.46741980682786405,1.801367420274641,-0.11231670648151992,-0.2691107764304128,-0.006406448459643928,-0.050000000000000044,-0.15000000000000002,0.0,20
10.1155_2014_108024,-0.32079464470261954,-1.1732785123875835,0.5964655614546991,-0.043606612057556116,-0.15203064609088826,0.030904721277569505,0.0,0.0,0.0,20
10.3389_fnhum.2013.00252,1.6313472400746063,-0.10870873901840422,3.4330319737455666,-0.09503088642141533,-0.2508580732640491,0.014233261888468015,-0.050000000000000044,-0.15000000000000002,0.0,20
10.1080_0013791x.2011.650839,2.033965105744209,-0.43790381810754003,4.414749862004342,-0.18776915415669748,-0.4360609526468029,-0.011124790758784042,-0.2,-0.55,0.19999999999999996,20
10.1111_j.1467-9779.2011.01519.x,1.9330755416622614,-0.26121932316587637,3.9257570947746623,-0.08588986561190803,-0.24831358046981256,0.02702495093886595,-0.050000000000000044,-0.15000000000000002,0.0,20
10.1007_s10588-008-9053-z,3.987971941588534,1.3694578116319664,6.474952253953506,-0.3182249086667153,-0.6045726619017312,-0.013270226920738594,-0.09999999999999998,-0.3,0.09999999999999998,20
10.1177_0959354308091842,-0.07664548819914607,-1.4818390317836756,1.5506325697937602,-0.06595174343368226,-0.2545600162441602,0.18683220329191425,0.0,-0.24999999999999994,0.20124999999999893,20
10.1007_s10539-007-9083-9,0.9555464859660532,-1.1355377356974778,2.720921878743329,-0.07642560999621073,-0.29037512246865493,0.09035073142261318,-0.050000000000000044,-0.35000000000000003,0.25,20
10.1177_105971230601400306,0.0933764275390887,-0.6248446784302175,0.8667381237434884,-0.013542507045176677,-0.08835734441678438,0.04982548441823766,0.0,0.0,0.0,20
10.1111_j.0020-8833.2004.00306.x,1.5844617376549897,0.372779485252488,2.6319672394602267,-0.023838492717097592,-0.07253571951976144,0.019843121846548992,-0.050000000000000044,-0.15124999999999994,0.0,20
10.1038_s41598-023-37286-8,0.3458242308863193,-0.5648653028916638,1.3861362160979362,-0.07612561852852107,-0.20000497051896543,0.006328879511687192,-0.050000000000000044,-0.15000000000000002,0.0,20
10.3389_fpsyt.2023.1131769,0.716673017880507,-1.7617917189987689,3.0446763276242783,-0.1101087310182971,-0.33601886583746854,0.06363153610565254,-0.050000000000000044,-0.39999999999999997,0.25,20
10.1063_5.0102483,0.27800701153923235,-1.0458625923371994,1.6854347083533294,-0.11141877569907144,-0.2909593275615871,0.0033951439463791983,-0.050000000000000044,-0.20000000000000007,0.09999999999999998,20
10.3389_fpsyg.2022.816168,7.808481655617064,4.65572169006316,10.823278722465407,-0.106625548241844,-0.41971189423454375,0.23046836599403972,-0.050000000000000044,-0.15000000000000002,0.0,20
10.1027_2151-2604_a000459,0.5622498320631824,-1.191138709319017,2.0096542931677477,-0.09899321389007298,-0.277333452309439,0.010080885022996623,-0.050000000000000044,-0.29999999999999993,0.19999999999999996,20
10.1371_journal.pone.0267153,0.9730934005612539,-0.4606086554791707,2.5981315170944828,-0.11924550329013128,-0.3139306009657546,0.008258699485408095,-0.050000000000000044,-0.15000000000000002,0.0,20
10.3389_fpsyg.2021.678237,0.04487934842186281,-1.2027790344300526,1.5418973523229558,-0.05733846737576431,-0.22770037481400332,0.059314208318024156,-0.050000000000000044,-0.15000000000000002,0.0,20
10.3390_g12030063,-0.838978265725066,-1.6900679970431423,0.00738130445675836,-0.022150600414597266,-0.0895007096246333,0.03329690921744336,0.0,0.0,0.0,20
10.1007_s40881-021-00099-4,-0.05347699808142892,-1.2147452444563422,1.0524062736213622,-0.08418568408023508,-0.22811736288418288,0.0030467034553406046,-0.050000000000000044,-0.15000000000000002,0.0,20
10.1007_s40305-021-00350-z,0.9134993031607817,-0.6756475367200498,2.745815644367848,-0.09230981146338268,-0.28509850471928305,0.02655847187160834,-0.050000000000000044,-0.15000000000000002,0.0,20
10.1093_ej_ueaa116,-0.6995060011880492,-1.660799060982385,0.19933440915764178,-0.030540489097131585,-0.0871326921765189,0.04311637755746447,0.04999999999999993,0.0,0.15000000000000002,20
10.1140_epjb_s10051-021-00108-9,3.828279029283302,1.0264331884963593,6.360545040030917,-0.11229349922761933,-0.27311988580205954,0.024808261242696236,-0.2,-0.6,0.2,20
10.1038_s41598-021-88663-0,0.6447368678787919,-0.8462752337140723,2.2248480495730547,-0.07017053806644635,-0.2582735230629045,0.056576817200216546,-0.050000000000000044,-0.15000000000000002,0.0,20
10.1007_s12144-019-0129-3,2.8654314210828007,0.6139936847364139,4.991961020005238,-0.09534131936402301,-0.4778555423991891,0.2846418817754848,0.04999999999999993,0.0,0.15000000000000002,20
10.1002_bdm.2243,-0.31973688750580465,-1.8294792767947652,0.9763888291000291,-0.08874369643421876,-0.2286420998073426,0.019653829247714853,0.09999999999999998,0.0,0.25,20
10.1111_ecin.12974,0.26783663480477227,-1.0056643613834806,1.506874920612465,-0.165412211149779,-0.3309609618905229,-0.035258980244877065,0.0,-0.1499999999999999,0.15000000000000002,20
10.1561_102.00000099,1.7108037622107757,-0.035425562237952964,3.796392373496358,-0.10416476862465296,-0.2789777660229132,0.019501587790855708,-0.050000000000000044,-0.15000000000000002,0.0,20
10.1038_s41598-020-79731-y,0.4003971880946544,-0.7084365025208409,1.7699622620033413,-0.08721272557458548,-0.2635546029197485,0.01619521998870159,-0.050000000000000044,-0.15000000000000002,0.0,20
10.1007_s10614-020-10017-1,0.3519437439126758,-1.4023444074544749,2.0342149017309796,-0.09863828270777109,-0.3629463040897169,0.08933792670398903,0.0,-0.20000000000000007,0.19999999999999996,20
10.1038_s41598-020-65516-w,-0.3139481153842265,-1.6144485769930517,0.8975367504094232,-0.05732749329837217,-0.21260201830249742,0.05574480373035936,-0.050000000000000044,-0.15000000000000002,0.0,20
10.1086_709105,0.38357101020208884,-0.699010607531976,1.7711001348626807,-0.10824508746748729,-0.26813748314527075,-0.0053589884745576435,-0.050000000000000044,-0.15000000000000002,0.0,20
10.1371_journal.pone.0222724,0.17533835198485193,-0.916390308374835,1.079463800276992,-0.11326681365600144,-0.24447352471104916,-0.002553809644788459,0.0,-0.15000000000000002,0.15000000000000002,20
10.1002_bdm.2110,-0.40643681793865305,-1.5509178780785995,0.5023010615884365,-0.07767263100657418,-0.21629858820430828,0.03931279110523028,0.04999999999999993,-0.09999999999999998,0.20000000000000007,20
10.1093_jleo_ewy026,0.43697649806571004,-0.6596125663855499,1.7300304355150893,-0.06159225235624344,-0.19218094620080928,0.02930944950255146,-0.050000000000000044,-0.15000000000000002,0.0,20
10.3389_fphy.2018.00156,3.841606967822007,0.7412031104239862,6.291830578462228,-0.36402368615889885,-0.5744378792350404,-0.10715240457702856,-0.2,-0.55,0.15000000000000002,20
10.1007_s13235-017-0230-x,-0.09250008841896573,-2.30684683476054,1.7328446662999757,-0.05787114891625389,-0.1560832280043679,0.015189273706870211,0.04999999999999993,-0.19999999999999996,0.29999999999999993,20
10.1371_journal.pone.0202878,0.3231246762329114,-1.8429728877158222,2.0575405654751693,-0.08770995143691074,-0.25585925511387997,0.031169545473264636,-0.25,-0.5,0.04999999999999999,20
10.1111_boer.12140,4.551174361436854,0.9319006857094152,7.443229677253672,-0.1765773654891169,-0.3753383554068475,-0.023820600161901413,-0.25,-0.6499999999999999,0.19999999999999996,20
10.1140_epjb_e2018-90042-8,8.748026721586154,5.710272465186503,11.51031586334328,-0.47409576288566035,-0.7729074808043617,-0.09725727194820541,-0.2,-0.55,0.15000000000000002,20
10.1111_jlca.12283,0.3471544129913582,-0.7185604220306985,1.608932962895488,-0.1023090380829671,-0.26247967468515154,0.006060587032506651,-0.050000000000000044,-0.15000000000000002,0.0,20
10.1007_s11846-016-0209-9,1.6334668874010676,-1.01604453497543,4.066408862199841,-0.15790653639866142,-0.3218418744442004,-0.031746192098645466,-0.25,-0.6499999999999999,0.14999999999999997,20
10.1007_s11047-016-9546-5,0.42467800868241845,-0.9945875265371885,1.9524389678521168,-0.1317319131666308,-0.3287026543326104,0.00571466925443654,-0.09999999999999998,-0.25,0.0,20
10.1371_journal.pone.0166101,0.5619323307975224,-0.8910210205410146,2.320108674355594,-0.059392873735256035,-0.2245914796865108,0.056963677992186934,-0.050000000000000044,-0.15000000000000002,0.0,20
10.1007_s11238-015-9527-7,0.5452399392948175,-0.5902872744476627,2.100306761440257,-0.07546761617323194,-0.25328855470582257,0.02518956344800106,-0.050000000000000044,-0.15000000000000002,0.0,20
10.18564_jasss.3058,3.153768750741121,1.1037530091450554,5.199089416827603,-0.061820129500045895,-0.1867723397479831,0.05207632164563902,-0.050000000000000044,-0.15000000000000002,0.0,20
10.1007_s11245-014-9294-z,8.932783609456518,5.582723894833624,11.966481575562783,-0.19873431564395838,-0.5344415654231675,0.02275391059485716,-0.15000000000000002,-0.55,0.25,20
10.1007_s00182-015-0520-8,-0.4372061805545844,-1.9961654964373419,0.9982039181838505,-0.034980157151020874,-0.1311590514577974,0.07565954355229451,0.15000000000000002,-0.09999999999999998,0.4,20
10.1086_684166,5.761717762427305,2.466111450409575,8.819342814058489,-0.21943402492159847,-0.4130872534343597,-0.04162267970150036,-0.25,-0.7,0.19999999999999996,20
10.1371_journal.pone.0120394,1.5784845324717987,-1.164432820074554,3.998451915185833,-0.06412975667306775,-0.308185195452921,0.15097820362221465,-0.050000000000000044,-0.15000000000000002,0.0,20
10.1007_s00191-014-0375-3,0.6458570009927378,-0.6515410689496849,2.4056082865000032,-0.10298955591690107,-0.26465250191897527,0.007186740667282188,-0.050000000000000044,-0.19999999999999996,0.0,20
10.3390_su5020560,3.694949634833759,0.7033404771335144,6.181954384559867,-0.10003270841034906,-0.3067610062785718,0.09728958451600324,-0.15000000000000002,-0.55,0.2,20
10.1111_j.1439-0310.2012.02075.x,-0.27567276601488366,-1.3065608750394861,0.7621793716396781,-0.06389709456463422,-0.20006835512554724,0.04175670762456591,0.0,-0.15000000000000002,0.14999999999999997,20
10.1371_journal.pone.0041338,0.04421265778663308,-1.5627386113476767,1.548881931539835,-0.11114341797786254,-0.251725982046024,-0.0038873523765716503,0.0,-0.2512499999999999,0.29999999999999993,20
10.1007_978-3-642-18137-5_14,-0.9116388685483363,-2.096515654665116,0.19679886410659764,0.03849541565167702,-0.1414805904842975,0.2083628326625334,0.0,-0.2,0.19999999999999996,20
10.1111_j.1467-8462.2010.00607.x,-0.685789390221692,-1.6428325942245492,0.09613324720591669,0.0032560465077432488,-0.06460537859354361,0.10559675281795886,0.04999999999999993,0.0,0.15000000000000002,20
10.1111_1468-0262.00230,8.04896113240926,4.095397880208381,11.9913781458563,-0.46989990332603754,-1.0146750627785013,0.023357876838317155,-0.09999999999999998,-0.45000000000000007,0.25,20
10.1038_s41467-024-49505-5,1.4321056127549587,-1.257277752696776,4.07458608514651,-0.16262810821369705,-0.43801235084960344,0.059113071256487404,-0.050000000000000044,-0.29999999999999993,0.15000000000000002,20
10.1073_pnas.2322072121,1.3311582400146458,-0.15267080635381877,2.8902528537378567,-0.1969992406676791,-0.3877363879663412,-0.034943935072472926,-0.09999999999999998,-0.25,0.0,20
10.1038_s41598-023-41886-9,0.33736923044444733,-1.2334604765232344,1.8564362111921595,-0.11093071769362417,-0.2969322624764045,0.006120982434081761,-0.050000000000000044,-0.15000000000000002,0.0,20
10.1017_ehs.2023.15,-0.09538675014842557,-1.6841849891234486,1.3859087107414316,-0.0708298589142331,-0.27734212662388247,0.05458471956811562,0.0,-0.15000000000000002,0.15000000000000002,20
10.1038_s41598-023-33167-2,2.7143667533747324,-0.09180644734356037,5.132926379487976,-0.2731597826850047,-0.5197496396473095,-0.06587986686854387,-0.2,-0.6,0.19999999999999996,20
10.1093_jaarel_lfad001,-0.7292726704937316,-1.5212524511472438,0.052877964882362224,-0.0009375155640265476,-0.12685594600467048,0.107610415827416,0.0,-0.14999999999999997,0.1499999999999999,20
10.1111_ajae.12372,-0.20503426279179138,-1.6079072606672957,1.071084052079062,-0.09914368268984941,-0.250032644148298,-0.013878509211316756,0.0,-0.15000000000000002,0.14999999999999997,20
10.1007_s13752-022-00397-y,0.6917170233524566,0.08062003655585073,1.3465926532623138,-0.04194328951720383,-0.10224103304152782,-0.0015633048769608008,0.0,0.0,0.0,20
10.1371_journal.pone.0267251,0.2257599676047981,-1.448022143154818,1.6810091227856985,-0.09485208806811274,-0.2560112586183999,0.0016002290371742328,-0.09999999999999998,-0.25,0.0,20
10.1002_ird.2704,2.3095774908250872,0.2573416809665602,4.338144006155841,-0.07702300269692419,-0.24365692742180964,0.04517142719702749,-0.050000000000000044,-0.15000000000000002,0.0,20
10.1142_s0129183121501278,0.5108412929493316,-0.7638352379906292,2.10292102691181,-0.0885565019915111,-0.2465376121222852,0.020059740905700715,-0.050000000000000044,-0.15000000000000002,0.0,20
10.1038_s41598-021-97001-3,8.07005625423773,5.245285168982597,11.185662457439594,-0.4687147564280302,-0.8332991726138528,-0.037638865395509105,-0.15000000000000002,-0.45,0.15000000000000002,20
10.1086_717102,-0.05135424928575727,-1.2725672258783591,0.9440202515986996,-0.09805329486830461,-0.22952264271630704,-0.011172821194510367,-0.050000000000000044,-0.15000000000000002,0.0,20
10.1007_s00191-021-00739-2,1.7010625813415308,0.0898176644137868,3.5365402421970855,-0.0920000116698465,-0.25057214579166803,0.016535130931491986,-0.050000000000000044,-0.15000000000000002,0.0,20
10.1111_vox.13088,0.39535121616349755,-0.9752200199249814,2.075082058246257,-0.09283827379859444,-0.28713555641370575,0.032299910432716766,-0.050000000000000044,-0.15000000000000002,0.0,20
10.1038_s41598-021-87019-y,1.0513426168725983,0.040462171392990166,2.1807680154188755,-0.11347544448679603,-0.256453978162398,-0.015353791686302251,-0.050000000000000044,-0.15000000000000002,0.0,20
10.1038_s41598-021-86668-3,1.8209330555843364,0.2877215809753038,3.2427930257898825,-0.07602158587571994,-0.1887625887255482,-0.0026647640157510017,-0.050000000000000044,-0.15000000000000002,0.0,20
10.1007_s11127-020-00868-5,1.4080276105847718,-0.16067730246793668,3.117484275210791,-0.07892051935223765,-0.22575535869813332,0.014613559820499266,-0.050000000000000044,-0.15000000000000002,0.0,20
10.1007_s11229-020-02890-y,-0.7246005119849004,-1.4330279963270292,-0.1588554040803335,0.024144116503075685,-0.020283217740601798,0.09353359288416886,0.04999999999999993,0.0,0.15000000000000002,20
10.1371_journal.pone.0236544,0.8275833561717096,-0.6385059360848729,2.5260930702446247,-0.07768603370745153,-0.24401960121876143,0.03108731104249366,-0.050000000000000044,-0.15000000000000002,0.0,20
10.1007_s10640-020-00419-y,-0.19612964134474264,-2.576828349329378,2.0855576924006143,-0.05052876293564812,-0.20997479969002145,0.09908990737043426,-0.09999999999999998,-0.35000000000000003,0.15000000000000002,20
10.3389_fnins.2019.01160,1.0600320746794551,-0.2860015062352962,2.6717506685188246,-0.10824736813633595,-0.27815441176758676,0.006362004317300671,-0.050000000000000044,-0.15000000000000002,0.0,20
10.1093_jleo_ewz004,0.14063774789838668,-1.160007464083316,1.409573444947276,-0.17587391633220079,-0.3288457596467861,-0.06772433452457015,-0.050000000000000044,-0.25,0.09999999999999998,20
10.1007_s10657-019-09615-8,-0.3058968420142776,-2.433776034165276,1.651642613775007,-0.0915513875916758,-0.26765069643745243,0.08173952523978249,0.0,-0.25,0.24999999999999994,20
10.1080_15534510.2019.1641147,0.6706499902690615,-0.8294063157827719,2.3989650439204424,-0.04731731243847159,-0.19998134564743178,0.06073559111101062,-0.050000000000000044,-0.15000000000000002,0.0,20
10.1038_s41598-018-38323-7,0.4646882221870232,-1.6882248831445716,2.4127591023592982,-0.08280613467228781,-0.24114951569942789,0.0019062201421499647,0.0,-0.30000000000000004,0.3,20
10.1371_journal.pone.0166437,-0.5012518685525871,-2.263804961402202,0.9214516083421538,-0.0558772542568271,-0.14666233997339162,0.018661114915322796,0.04999999999999993,-0.15000000000000002,0.29999999999999993,20
10.1515_amcs-2015-0054,0.5463990048685687,-1.8168707954301453,2.630732623079272,-0.04163131842255907,-0.19610624505795074,0.09457772578784647,-0.050000000000000044,-0.39999999999999997,0.30000000000000004,20
10.1111_1468-0106.12034,2.1523890269148334,-0.26197076466845076,4.480797947201089,-0.2781452332871505,-0.5754810041749594,0.02403669177812543,-0.15000000000000002,-0.45000000000000007,0.15000000000000002,20
10.1007_s11284-013-1066-5,2.6306644470092815,0.08914755052585098,4.908198564291451,-0.04590392230470919,-0.195892536189231,0.11605745002954443,-0.2,-0.6000000000000001,0.2,20
10.1007_978-3-642-13983-3_11,0.8349834627569006,-0.6865038731166218,2.5911526068335706,-0.07444288949752276,-0.245913268626958,0.03926989806997761,-0.050000000000000044,-0.15000000000000002,0.0,20
10.1007_s11127-007-9269-3,1.293965637986127,-0.9597024081930761,3.4816191142188795,-0.16715707968251914,-0.421404773479881,0.0243956745908829,0.0,-0.25,0.25,20
10.1007_978-0-387-72596-3_8,1.2809235908210805,-0.3503549606459932,2.872621975046004,-0.05338446712908684,-0.20819714935658715,0.05484814036113079,-0.050000000000000044,-0.15000000000000002,0.0,20
10.1111_j.0021-9029.2006.00042.x,1.21866955872797,-1.369103414957249,3.334427808712854,-0.09073349444689649,-0.2851527580434496,0.022082200725263217,-0.2,-0.6,0.24999999999999994,20
10.1063_5.0215702,1.1768324585950616,-0.6699550311003832,3.249388621900275,-0.09490822071496263,-0.4124806551120833,0.09775874101988047,0.0,-0.19999999999999996,0.20000000000000007,20
10.1017_s0007123423000716,0.35420823574349036,-0.325791128272177,1.221802520738964,-0.030209964035903925,-0.12851836220147728,0.033451779403172316,0.0,0.0,0.0,20
10.1038_s41598-023-50414-8,0.28860410808677095,-1.5587376914704885,2.240886625539536,-0.1320881801517071,-0.3087526822195823,0.002553738771338763,-0.09999999999999998,-0.35000000000000003,0.19999999999999996,20
10.3389_fpsyg.2023.1251276,0.40131003184722225,-0.4913836066520536,1.379278730745479,-0.08539425125918376,-0.20965897529905042,-0.005501577920560417,-0.050000000000000044,-0.15000000000000002,0.0,20
10.1007_s10539-023-09929-7,0.6369145242046805,-0.3549234674125922,2.0428077925436847,-0.02999501279943617,-0.1557731902046973,0.06615272003721356,-0.050000000000000044,-0.15000000000000002,0.0,20
10.3389_fpsyg.2023.1198797,0.8779122207679677,-0.5277531253067322,2.5306682470409085,-0.09548442783990818,-0.2706646349450179,0.021765481076616838,-0.050000000000000044,-0.15000000000000002,0.0,20
10.1007_s11238-023-09929-9,1.6272643636753452,-0.9081448764679608,3.9405439741005925,-0.11455757918779474,-0.29625258437319113,0.005542713133803725,-0.2,-0.55,0.2,20
10.1093_pnasnexus_pgad054,0.18609116206494836,-1.453479728494114,1.4821182462096751,-0.0943632845695972,-0.25260096910336255,0.019757269119504848,0.0,-0.19999999999999996,0.19999999999999996,20
10.1371_journal.pone.0275383,0.13058083604854875,-1.6373914864137367,1.7717895816958953,-0.10433330974418442,-0.27203496591643705,0.012224599014075615,-0.050000000000000044,-0.20000000000000007,0.09999999999999998,20
10.1057_s41599-022-01436-6,0.8212848902963188,-0.6072554397628233,2.4501611081785315,-0.08132349936405903,-0.24185642432186694,0.02988904212592095,-0.050000000000000044,-0.15000000000000002,0.0,20
10.3390_ijerph192416578,0.552319575408621,-0.8647884484715767,2.433111005020679,-0.09881926918039674,-0.2813814938810689,0.027214979687638377,-0.050000000000000044,-0.15000000000000002,0.0,20
10.3390_su141912809,0.6513061714201029,-1.3956096031599616,2.365233704838692,-0.11544237069336205,-0.29222784511645344,-0.002706380054210905,-0.15000000000000002,-0.5,0.19999999999999996,20
10.1038_s41598-022-18797-2,15.899783987191547,12.04932381559322,19.901772467192735,-0.5189877253162235,-0.9967055952649171,-0.008440244962692554,-0.050000000000000044,-0.15000000000000002,0.0,20
10.3390_e24091289,1.2937865287879662,-1.2287347618043654,3.670456466138093,-0.23441400744472518,-0.4804184119919117,-0.024744427544114118,-0.2,-0.45125,0.09999999999999998,20
10.3389_fpsyg.2022.794953,0.602715609559513,-0.6700570006978285,2.2346935961750103,-0.10208526717658484,-0.2674910943468506,0.014128072625771202,-0.050000000000000044,-0.15000000000000002,0.0,20
10.1007_s11238-021-09864-7,0.5218987598835279,-0.896533435906487,2.3644331940395764,-0.0506561360545541,-0.22238547786423407,0.07017641653884277,-0.050000000000000044,-0.15000000000000002,0.0,20
10.6092_issn.1971-8853_14196,0.5013089427267898,-0.40793367858677854,1.4934273626163004,-0.014572094763322663,-0.10634653862631789,0.07590292937294937,-0.050000000000000044,-0.15000000000000002,0.0,20
10.6092_issn.1971-8853_13764,0.8818515161715714,-0.5095529670188509,2.465328412656717,-0.07565172422917898,-0.22740511793925133,0.02361418795911966,-0.050000000000000044,-0.15000000000000002,0.0,20
10.1007_s10640-021-00591-9,0.010335542507228901,-1.1360887673760938,1.2648533419281691,-0.08083696723910794,-0.23045335973624426,0.02082528206272907,-0.050000000000000044,-0.15000000000000002,0.0,20
10.3389_fpsyg.2021.681664,0.9333730339169914,-0.40347000233658425,2.633105131983674,-0.08669684572954162,-0.25987506790448905,0.025181386204857735,-0.050000000000000044,-0.15000000000000002,0.0,20
10.3390_g12020041,-0.22067671856503956,-1.9988091775759982,1.3277467503583267,-0.04601812685444184,-0.1906833198167389,0.07629309794452052,-0.050000000000000044,-0.20000000000000007,0.14999999999999997,20
10.3390_g12010017,1.95366347989886,0.03616946558214385,3.6403528960478075,-0.24800449527132323,-0.5112279838000022,0.040312954533407226,-0.09999999999999998,-0.4,0.19999999999999996,20
10.3390_g11040045,-0.3378921946671145,-0.8603683211360605,0.26857846300349825,-0.02384040797815279,-0.08554155446269839,0.030985548215223833,0.0,0.0,0.0,20
10.1103_PhysRevE.102.052414,-0.08771182212482387,-1.454978839585548,1.1144169160883959,-0.15309952077377958,-0.3155780212978025,0.02625636398078804,-0.050000000000000044,-0.25,0.15000000000000002,20
10.1371_journal.pone.0240324,-0.254360335228494,-1.9313340080917685,1.0879388606282387,-0.10701015814969383,-0.2461076449564817,-0.014564900814155644,0.04999999999999993,0.0,0.15000000000000002,20
10.1007_s40822-020-00144-3,0.4426859783308634,-0.7329814670707336,1.8634708877642632,-0.0622140258358026,-0.20428660677799754,0.03330081967670702,-0.050000000000000044,-0.15000000000000002,0.0,20
10.1007_s10479-017-2412-8,2.5544805030696454,-0.3302418486412607,4.931744671558858,-0.21046035137170416,-0.3638800868841672,-0.033902119921452846,-0.09999999999999998,-0.45000000000000007,0.25,20
10.1111_soin.12218,0.3460553435084899,-1.306808414716927,1.7118981848800996,-0.10108120210151839,-0.2703802292401281,-9.747179305873923e-05,0.0,-0.19999999999999996,0.2,20
10.1007_978-981-13-2769-8_2,1.4199604713283795,-0.11868649907533632,3.1210492962732337,-0.06262623793142497,-0.18630679165340575,0.03677108608833622,-0.050000000000000044,-0.15000000000000002,0.0,20
10.1038_s41598-017-17481-0,4.1058436444593704,1.4486479058823063,6.383038328575528,-0.021783256180094357,-0.19052283456223115,0.1168858805169297,-0.050000000000000044,-0.15000000000000002,0.0,20
10.1111_soc4.12478,0.6139439346628341,-0.6655720434451058,2.3195501980607167,-0.07400108752264889,-0.24216697415903043,0.02963374836745576,-0.050000000000000044,-0.15000000000000002,0.0,20
10.1007_s10588-015-9205-x,-0.14263938280044375,-1.8177619434284733,1.6627111647568094,-0.0550466118339028,-0.17930466295469707,0.02908728970762553,0.0,-0.19999999999999996,0.19999999999999996,20
10.1007_s10955-012-0661-0,1.9706910933796093,-0.8135198125271917,4.672773923775609,-0.07023347346565667,-0.21914626394699502,0.06219121769106461,-0.09999999999999998,-0.45,0.29999999999999993,20
10.1111_j.1468-5876.2011.00544.x,11.742009718501556,7.586416559647034,15.58036188868399,-0.7624054482909771,-1.2912807497859957,-0.2863093503029,-0.25,-0.6012500000000001,0.14999999999999997,20
10.1080_13504851.2011.572844,0.44479024905990094,-1.498962869275076,2.233182354822261,-0.09227373476370948,-0.277487677807931,0.027891008480870966,-0.25,-0.55,0.04999999999999999,20
10.1186_1471-2148-11-345,0.8162120262508994,-0.6449465506693833,2.324287153640456,-0.04030184764014422,-0.16958395394320047,0.06429523784738587,-0.050000000000000044,-0.15000000000000002,0.0,20
10.1007_978-3-642-00128-4_6,-0.22447260155826498,-0.8982524808258568,0.3237268297365436,-0.0003408595535222547,-0.08027208882577126,0.060368284427908724,0.04999999999999993,0.0,0.15000000000000002,20
10.1525_sop.2004.47.1.109,11.454429248556394,0.4595482312746447,18.238220140450327,-0.32322356739389896,-0.5462547711937498,-0.010832393870470228,-0.09999999999999998,-0.25,0.0,20
10.1007_s001820050124,-0.15943348435652283,-2.5072427739845327,1.7295536958052475,0.08156626968470915,-0.1578259964228531,0.4452071524355873,-0.050000000000000044,-0.29999999999999993,0.20000000000000007,20
10.1007_s10668-024-05335-5,2.8715383586434635,0.261878441029481,5.693801044170438,-0.1681293851657592,-0.37243118737094766,0.023863825478222904,-0.2,-0.55,0.15000000000000002,20
10.1103_PhysRevE.110.034301,1.8764200300756082,-0.4040024237180081,4.302669960011579,-0.21800079436314074,-0.503265255199489,0.02648400966687776,-0.09999999999999998,-0.4,0.19999999999999996,20
10.1007_s11538-024-01344-7,0.08368510134253881,-0.7744301479871168,0.8256810984694859,-0.07775825471232678,-0.1726452437246081,-0.001658797242791279,0.0,-0.15000000000000002,0.1499999999999999,20
10.1371_journal.pone.0307832,-0.48782118603201674,-2.149739381976365,0.9920393250167233,0.11241663545354186,-0.09169128508294586,0.36558136830702687,0.0,-0.20000000000000007,0.19999999999999996,20
10.3390_bs14080638,0.7808987654810418,-1.0879164838683328,2.595912425415582,-0.17770550422655979,-0.3928408091504555,-0.005978379067647022,-0.15000000000000002,-0.30000000000000004,0.0,20
10.3390_bs14070601,0.767889731590965,-1.1751379040013952,2.651218819620423,-0.23076882823407407,-0.4619751506848278,-0.03253681620971864,-0.050000000000000044,-0.25,0.15000000000000002,20
10.1126_sciadv.adm7968,2.64188288499527,0.6057220651435591,4.6837767351071875,-0.0636514038713979,-0.2266342775041565,0.04253760479605913,-0.050000000000000044,-0.15000000000000002,0.0,20
10.1080_13504851.2024.2363290,0.5318129378376275,-0.6455702737151554,2.1905118690511056,-0.05870372704679294,-0.2296044878895315,0.04073458809250459,-0.050000000000000044,-0.15000000000000002,0.0,20
10.3390_g15030016,0.39049595586572217,-1.4412594316021283,1.9452211887065385,-0.17497721844925485,-0.340973060871774,0.027949391954097045,0.04999999999999993,-0.15000000000000002,0.25,20
10.1093_pnasnexus_pgae200,1.1606430425836765,-0.9862761086348706,3.2226766031815655,-0.1817897119341494,-0.4901768610318978,0.025327493647900892,0.0,-0.25,0.24999999999999994,20
10.1103_PhysRevE.109.054303,0.7955929124589662,-1.3088831188982346,2.6588922304633456,-0.15934335838495856,-0.3465044936864282,0.03216599957224933,-0.09999999999999998,-0.39999999999999997,0.2,20
10.1017_ehs.2024.18,0.1938534266719545,-1.0296830879008292,1.6266210274465795,-0.08563792191883057,-0.27255638631485113,0.02763653505832288,-0.050000000000000044,-0.15000000000000002,0.0,20
10.1038_s41598-024-57842-0,4.794548794295541,1.3293730820604996,8.118524117657627,-0.6007666094710268,-0.9518606652844637,-0.12611721613398233,-0.050000000000000044,-0.35124999999999995,0.25,20
10.1007_s40881-023-00159-x,0.8505997899264619,-1.65233740578239,3.080857160165207,-0.24013867977637438,-0.5250159442979252,-0.00026118671240292545,-0.050000000000000044,-0.35,0.25,20
10.1007_s11238-024-09977-9,1.7014762000343255,-0.1288537574716177,3.5152939076136573,-0.07982309697184231,-0.22467531440184832,0.02212001284005,-0.050000000000000044,-0.15000000000000002,0.0,20
10.1007_s40881-023-00157-z,0.6079912237601137,-0.6660184934264197,2.2706616094397702,-0.06730831568767925,-0.2131201168623686,0.042753474104028286,-0.050000000000000044,-0.15000000000000002,0.0,20
10.1111_exsy.13527,0.5091754723441655,-0.11228218050878329,1.2229463970048822,-0.045738812028516596,-0.1144130066508766,0.003923061169897433,-0.050000000000000044,-0.15000000000000002,0.0,20
10.1007_s40881-023-00153-3,-0.7892962417358094,-1.6117082748270941,0.0735558801894877,0.00942256163179278,-0.06824035223008997,0.08975550568287494,0.0,0.0,0.0,20
10.3390_bs14010039,0.004763744073015275,-1.5646599044330327,1.4871642700875793,-0.07640534341810046,-0.22755382122800538,0.024102320210154165,0.04999999999999993,-0.19999999999999996,0.30000000000000004,20
10.1017_psrm.2023.52,0.9876012631913547,-0.382402523154133,2.4139166487281063,-0.044681211259537945,-0.13085008450288127,0.037232965524991946,-0.050000000000000044,-0.15000000000000002,0.0,20
10.1007_s10539-023-09936-8,2.139511929376712,-0.7990195336560401,5.000799561842506,-0.1780596507303399,-0.5667220980080119,0.1788927138663504,-0.15000000000000002,-0.45,0.15000000000000002,20
10.3390_g14050065,0.8587180907488285,-0.3376958505238132,2.067096373501585,-0.1572942296157953,-0.33558745554931185,-0.03323243543525266,-0.09999999999999998,-0.25,0.0,20
10.1007_s00265-023-03380-0,0.5751581040569933,-1.627503965325708,2.5457800525238903,-0.11788980036197827,-0.25909169591986314,-0.0257209428392264,-0.30000000000000004,-0.6499999999999999,0.050000000000000044,20
10.1111_ecin.13171,0.5426846725613208,-0.5763400584830816,1.3560697723946789,-0.05875322411626027,-0.21694864213105994,0.056742614558830326,0.04999999999999993,0.0,0.15000000000000002,20
10.1007_s40881-023-00137-3,1.0121374647965808,-0.3930615313823113,2.765493271357453,-0.08352821716373882,-0.2758559139160587,0.04027090154604213,-0.050000000000000044,-0.15000000000000002,0.0,20
10.1073_pnas.2207029120,1.4294659402218768,-1.1044479451071498,4.423165141461646,-0.23240900690337524,-0.8192948762100523,0.2484067494005845,0.04999999999999993,-0.09999999999999998,0.20124999999999893,20
10.1007_s11238-023-09931-1,0.984634960633338,-1.1873638258358215,3.227153595249576,-0.21608263517206572,-0.44572670301761064,-0.05762521456930077,-0.25,-0.55,0.04999999999999999,20
10.1371_journal.pone.0282112,0.003546578845848636,-0.705838827082105,0.8057564484976744,-0.035844065322181984,-0.11686138571522889,0.02136837658006186,0.0,0.0,0.0,20
10.1002_soej.12626,0.6053776145182415,-0.7296657301839347,2.100368709479126,-0.04699137025669908,-0.1865805986080559,0.06678174556148661,-0.050000000000000044,-0.15000000000000002,0.0,20
10.1080_13504851.2022.2156458,-0.5582597246433307,-2.394200357401871,1.0464462101311653,-0.07510409200188761,-0.20895774679515305,0.03967585638891271,0.0,-0.25,0.24999999999999994,20
10.1080_02699931.2022.2146057,0.026463589897856465,-0.8048251689788778,1.0307613705016005,-0.05215320835860382,-0.18298030512719649,0.035164730673603956,-0.050000000000000044,-0.15000000000000002,0.0,20
10.3389_fnhum.2022.967090,1.131298475165834,-1.1375080180486978,3.144355600707907,-0.20742720296555694,-0.4257954082074564,-0.023647900145554845,-0.050000000000000044,-0.35,0.24999999999999994,20
10.1371_journal.pone.0273014,1.9587264427333642,-1.0290856215140252,4.637465001441126,-0.25956005147467687,-0.4811853325467625,-0.07168027268548698,-0.2,-0.55,0.15000000000000002,20
10.1007_s11238-022-09897-6,-0.8315453055897493,-1.766643396120665,0.010656094155277327,-0.00046744856241387467,-0.15240716570815374,0.10015381615022292,-0.050000000000000044,-0.20124999999999998,0.10000000000000009,20
10.3390_math10152823,2.925473481613083,-0.9473185478184045,6.470425255477153,-0.21692841500235538,-0.5283886734736715,0.06459876741464697,-0.09999999999999998,-0.45,0.25,20
10.1007_s11403-022-00363-8,-0.1086943161580427,-1.5851276702777948,1.2117919471689733,-0.10810749331902503,-0.28374935420525205,0.0015846841418583702,-0.050000000000000044,-0.15000000000000002,0.0,20
10.1007_s10683-022-09758-7,0.12475201410730996,-1.383090271817623,1.5256709394343169,-0.11972859610078967,-0.28929772000580684,-0.008728717519841002,0.04999999999999993,-0.15000000000000002,0.2512499999999989,20
10.1007_s11229-022-03743-6,0.8772595886609693,-0.5109711647409436,2.444427397379941,-0.08293041584980676,-0.23438926810853605,0.028956112667504173,-0.050000000000000044,-0.15000000000000002,0.0,20
10.1007_s11229-022-03717-8,-0.856924523000929,-2.7113306036669194,0.7183887980067555,-0.015720640749036008,-0.19305851985642308,0.12260269870434555,0.09999999999999998,-0.19999999999999996,0.3512499999999989,20
10.1142_s021759082246002x,2.1581251312775533,-0.425339631940314,4.455591642628374,-0.333366159103507,-0.7258872603125305,-0.0011381030524476078,0.0,-0.29999999999999993,0.25,20
10.1155_2022_5508783,1.8531307139464124,-0.6259177872850061,4.273097581389982,-0.1799269162907527,-0.3875853463487272,0.032205393301379566,-0.2,-0.6,0.15000000000000002,20
10.1371_journal.pone.0268019,0.21452283704563957,-0.6316799867163739,1.268225240813279,-0.09910004302886244,-0.2816555585914557,0.04293238471518223,-0.050000000000000044,-0.20000000000000007,0.09999999999999998,20
10.1007_s00355-021-01363-6,0.9871266093090405,-1.1221925711812601,2.946427707813583,-0.1923643695725093,-0.3928036612280464,0.005490258347538974,0.0,-0.2,0.2,20
10.1111_jems.12451,0.7026328811048241,-2.0619769702573385,3.0047522035477052,-0.13370440322231147,-0.32224584142544477,-5.614941812415807e-05,-0.15000000000000002,-0.45125,0.19999999999999996,20
10.3390_g12020050,0.31702683640311413,-1.0185163215911968,1.4957191287491143,-0.10940869417524868,-0.23933028540861417,-0.010673601387959489,-0.09999999999999998,-0.25,0.0,20
10.1109_access.2021.3128647,1.5822070038070892,-1.2419788999453558,3.9657016056318852,-0.09126409724897722,-0.23375225211159906,0.018003050404851915,-0.15000000000000002,-0.55,0.20124999999999887,20
10.1111_ssqu.12910,2.3961703482090853,-0.5342648406128705,5.073093127588271,-0.27838482358850686,-0.5535438926954258,-0.09505882078367398,-0.25,-0.6000000000000001,0.14999999999999997,20
10.1007_s12124-020-09571-y,-0.7306657632299478,-2.1273326978241878,0.5076802674015977,-0.008184348226837557,-0.12269325036974892,0.0822415746720164,0.09999999999999998,-0.09999999999999998,0.3,20
10.1007_s10640-020-00471-8,0.361581985735425,-1.0257212418315709,1.6609927055585791,-0.16994903000702827,-0.3678956713621971,-0.03459229794005795,-0.050000000000000044,-0.25,0.15000000000000002,20
10.1080_17419166.2020.1756264,1.136043354359213,-0.9543653596587673,3.5507984649206605,-0.23062933404379388,-0.5353865500369175,-0.025066781367112934,-0.050000000000000044,-0.20000000000000007,0.09999999999999998,20
10.1109_access.2020.2995658,2.117117959548028,-0.33691171715623414,4.63589593823612,-0.06336743085358154,-0.18251066426982918,0.048326638779316894,-0.25,-0.6499999999999999,0.19999999999999996,20
10.1111_jels.12231,1.41863652913021,-0.16192162623567313,3.252903388404647,-0.14487514257799539,-0.3159056508999261,-0.021380056736472683,-0.050000000000000044,-0.15000000000000002,0.0,20
10.1002_pchj.259,2.4925999941112105,-0.8161795911950656,5.29518798953654,-0.1586703218579359,-0.379267162451385,-0.02114015013359854,-0.15000000000000002,-0.55,0.2,20
10.1007_s11403-017-0195-2,1.279449613636789,-1.399231532719582,3.6947149346665484,-0.09124519153423505,-0.21895442159319745,0.030125904228140828,-0.09999999999999998,-0.5,0.3,20
10.18564_jasss.3336,30.547278226916546,21.460480244047595,38.37137367658487,-0.4949783751893603,-0.8863305956523496,-0.12988262080337062,-0.050000000000000044,-0.15000000000000002,0.0,20
10.1007_978-981-10-6439-5_8,4.360185926738134,0.9510962195013027,7.145177777205939,-0.21030275867653286,-0.45981132392522334,0.00822709087207235,-0.09999999999999998,-0.5,0.29999999999999993,20
10.1007_978-3-319-29354-7_9,0.38246805981296816,-0.5945222078449056,1.5565772555833481,-0.06212393455997878,-0.18225673062609046,0.018582388800595987,-0.050000000000000044,-0.15000000000000002,0.0,20
10.1057_978-1-137-50247-6_2,0.7368516473746425,-1.6926110219590473,2.860585912857481,-0.14658210308475977,-0.3035226118147282,-0.014162583091689867,-0.15000000000000002,-0.45,0.15000000000000002,20
10.1155_2014_148915,0.7902608955531223,-1.8754377337946497,3.0237798744290916,-0.09396399459760496,-0.3384178792623958,0.04788466609517979,-0.09999999999999998,-0.4,0.2,20
10.1017_s1355770x12000381,1.6913609300176615,-1.1997914388746136,4.953850530314011,0.012638911466872793,-0.18946143515200103,0.19396273055812385,-0.050000000000000044,-0.4,0.35,20
10.1007_s00355-010-0493-2,-1.011827484074571,-1.9870334542287058,0.07507999182554748,-0.03348015614454414,-0.15515021936616455,0.11110435153082418,0.0,-0.2,0.19999999999999996,20
10.1177_1046496404266546,1.4580616154266268,-0.5878091552817207,3.6163466741312464,-0.285421144955523,-0.4959443758735144,-0.11720876774252592,-0.25,-0.55,0.05124999999999891,20
10.1038_nature02043,-0.4302932975075482,-1.783347549681292,0.802522445066705,-0.1280631847766488,-0.3156951050006135,0.06391542104458561,0.09999999999999998,-0.09999999999999998,0.3,20
10.1016_s1090-5138(04)00005-4,-0.06671858901274952,-0.9545338516981202,0.6909207669339718,-0.07481991812376088,-0.16621433527746834,0.021355402286544645,0.0,0.0,0.0,20
10.1016_j.physrep.2017.05.004,-0.40942259386492275,-1.8982687694850877,0.9152128850744553,-0.06442751288937243,-0.20038755674061198,0.04750969073023858,0.04999999999999993,-0.15000000000000002,0.25,20
10.2307_1964229,2.319298322205973,0.3669452277831568,4.076262778256326,0.09507874365455826,-0.1108037488059107,0.3466435411656715,-0.050000000000000044,-0.20000000000000007,0.09999999999999998,20
10.1098_rsif.2012.0997,0.12438943751547349,-0.6611077555254703,0.867287251165784,0.006524762683816632,-0.0730746072193798,0.08617796354861507,0.0,0.0,0.0,20
10.1016_j.tics.2013.06.003,0.8841992731937145,-0.43406312980740264,2.272152275623342,-0.051246285877866726,-0.18083497478342886,0.053515665935816546,-0.050000000000000044,-0.15000000000000002,0.0,20
10.1016_j.tics.2004.02.007,5.321019155706709,2.3232051965223404,8.274796555245599,-0.4409104988884953,-0.8113839203393627,-0.10159508512145762,-0.15000000000000002,-0.5,0.25,20
10.1016_0162-3095(92)90032-y,-0.3645757344138172,-2.279377600105055,1.1109771382959643,-0.046076985490721034,-0.22664422948285562,0.12857959867471402,0.09999999999999998,-0.09999999999999998,0.29999999999999993,20
10.2307_2297925,3.991201496551441,0.9925499843798371,6.960311344460934,-0.37574642079256176,-0.8083281129435294,0.022861403886583476,-0.2,-0.55,0.1499999999999999,20
10.1038_373209a0,-0.02995078085806213,-1.2814483914937649,0.9749418419755117,-0.07567064721512806,-0.22000287316322312,0.03184441799616309,0.0,-0.19999999999999996,0.2,20
10.1111_j.1461-0248.2005.00773.x,2.6230760886300244,0.5172668069676283,4.8758114630350375,-0.3222198832947555,-0.6702937564301947,-0.05064918824557096,-0.25,-0.5,0.0,20
10.1006_jtbi.2000.2111,3.523118150781346,0.6043753667258492,6.008336038241198,-0.25222118742183286,-0.5569316318795078,0.04576490571108498,-0.2,-0.55,0.15000000000000002,20
10.1016_s0167-2681(03)00094-5,1.894727968357075,-0.46718028984047166,4.028356039052819,-0.2067699644780308,-0.39727830492381105,0.03282735432768424,0.0,-0.3,0.3,20
10.1016_s1090-5138(02)00157-5,5.1252825291749415,1.8363927219126979,8.4105013492011,-0.29154482172369633,-0.6091429453462858,-0.009730199165636597,-0.25,-0.6000000000000001,0.10000000000000003,20
10.1016_j.obhdp.2012.11.003,-0.32686454937261455,-2.207982985740599,1.3973445126356623,-0.061308486007228824,-0.19719304666777324,0.05349891504299056,0.0,-0.25,0.20000000000000007,20
10.1006_jtbi.2001.2406,-0.25599073945948536,-1.024353189262672,0.37049629064660594,-0.05434452294177394,-0.15078628192921806,0.01161409248482768,0.0,-0.15000000000000002,0.15000000000000002,20
10.1037_a0023489,2.020722831769162,-0.9247565711138305,4.668592536977863,-0.23627158924959585,-0.5426356405154513,-0.012525569929108261,-0.15000000000000002,-0.5,0.2,20
10.1006_jtbi.2000.2202,0.13493575997570773,-1.547592812374366,1.9871128313262785,-0.0975326100533781,-0.2773861122049196,0.03197952717514236,0.04999999999999993,-0.15000000000000002,0.25,20
10.1016_j.tpb.2003.07.001,2.937853442742596,0.19343004944366074,5.522848931910114,-0.3587762875739417,-0.6144315832736208,-0.06984511667827803,-0.15000000000000002,-0.5,0.24999999999999994,20
10.1098_rsif.2014.0735,1.259261313694621,-0.279879939698743,2.4774716765256937,-0.03228596650287707,-0.12826673375132702,0.07853881584138966,-0.050000000000000044,-0.15000000000000002,0.0,20
10.1016_j.jpubeco.2007.04.008,0.5052254467025632,-0.8256263119379136,2.2458908887580162,-0.08722845213133379,-0.2472729650733512,0.033274472811603256,-0.050000000000000044,-0.15000000000000002,0.0,20
10.1088_1367-2630_12_8_083005,0.5269371088695989,-1.5987896731099418,2.402954680136134,-0.047501177867348754,-0.20864851846308685,0.09062001884748773,0.15000000000000002,-0.09999999999999998,0.4,20
10.1016_j.tree.2007.07.009,-0.20843665086513408,-1.8566845468142203,1.2951422930825245,-0.020983234373075366,-0.19835303358361492,0.14814194203746858,0.0,-0.25,0.29999999999999993,20
10.1146_annurev.soc.33.040406.131812,8.618956322519328,4.281850276141859,12.017775546652482,-0.8816937809783938,-1.265927436649467,-0.4195964920671462,-0.09999999999999998,-0.5,0.25,20
10.1016_j.tics.2003.12.003,-0.16990148027175422,-1.2876255219683714,0.8299079046310958,-0.0498874059773019,-0.1663031601222664,0.07748122035660923,0.09999999999999998,0.0,0.25,20
10.1016_j.jebo.2003.06.006,0.0280378453538761,-1.1521377272373727,1.2518729234613866,-0.04202166778357996,-0.18723473550074846,0.0692892151168186,-0.050000000000000044,-0.15124999999999994,0.0,20
10.1098_rstb.2008.0275,0.27629255986838785,-0.9444950314294127,1.5914720041462427,-0.03892039753538312,-0.17763960116839211,0.06699826358299059,-0.050000000000000044,-0.15000000000000002,0.0,20
10.1016_j.evolhumbehav.2004.04.002,0.9790783810006971,-1.6931681162450853,3.543161159408978,-0.27591136060620935,-0.5249293242950087,-0.02839790470157942,-0.15000000000000002,-0.39999999999999997,0.09999999999999998,20
10.1098_rsif.2020.0880,0.6566572973649123,-0.6615816186608847,2.3234885484628744,-0.09035933658890927,-0.2895620347621749,0.04484907661863055,-0.05263157894736836,-0.1578947368421053,0.0,19
10.1038_s41562-018-0385-5,-1.33486823120084,-2.5097546532892814,-0.15134046274926768,0.0027964897943136835,-0.07013030093854679,0.09301214597325726,0.1578947368421053,0.0,0.3684210526315789,19
10.1146_annurev-psych-081920-042106,-0.17438509007667502,-1.4260536106782085,0.8205991503721588,-0.09412587184415466,-0.17934941166300206,-0.0016034730994762359,0.10526315789473684,0.0,0.2631578947368421,19
10.1016_j.evolhumbehav.2006.06.001,0.7647419717069912,-0.5686368748173852,2.332880023648129,-0.08705478594116323,-0.2714214488125234,0.045732700358749365,-0.050000000000000044,-0.15000000000000002,0.0,20
10.1088_1367-2630_16_8_083016,0.7068531494694561,-0.608015266514854,1.7514258887502614,-0.027195187102071694,-0.07816022897944334,0.026897996259630234,0.0,0.0,0.0,20
10.1016_j.physleta.2016.06.017,-0.06463165885587063,-1.2851210045579924,0.8305367727178323,0.004986156694609112,-0.09136103535705521,0.12271165518904198,0.0,0.0,0.0,20
10.1016_j.jebo.2012.12.010,-0.363335563457591,-1.8776901509667672,0.8830651114149903,-0.006424319335734174,-0.10955238240469452,0.09812949641834118,0.052631578947368474,-0.21052631578947367,0.3157894736842105,19
10.1016_j.tree.2007.06.012,-0.3179732079076105,-1.0941801712182369,0.30882184005048413,-0.05450565670667429,-0.1210821531346614,-0.0007787009041615586,0.04999999999999993,0.0,0.15000000000000002,20
10.1146_annurev-soc-073014-112242,-0.7643359853112779,-1.5801816945613736,0.08056053069591187,0.00727378197423223,-0.08085244565634546,0.09793330658522431,0.0,0.0,0.0,20
10.1098_rstb.2010.0157,-0.117455375284365,-1.4659509481647428,1.4209782869030552,-0.09608384026492789,-0.3068150680742741,0.06381721859103959,-0.050000000000000044,-0.25,0.15000000000000002,20
10.1006_jtbi.2003.3104,6.2026977408462125,2.828448931000983,9.084394911086783,-0.2781131680411896,-0.4871728423626814,-0.058993888750320675,-0.2,-0.6012500000000001,0.19999999999999996,20
10.1088_1367-2630_14_4_043013,3.89302231987842,0.9901772800804525,6.774155473732995,-0.18062979991001193,-0.4305426269400693,0.03794592029811374,-0.15000000000000002,-0.5,0.19999999999999996,20
10.1016_j.tpb.2005.09.005,0.08814322698459343,-0.6768256436358786,0.7850178722051501,-0.03550861726057797,-0.09324503815842218,0.02045210963017853,0.0,0.0,0.0,20
10.1016_j.geb.2006.08.011,3.722767119422808,0.8629376385740802,6.1596316006052705,-0.2557921828298142,-0.6910568277828023,0.07442253091711332,-0.25,-0.6000000000000001,0.09999999999999998,20
10.1016_s1090-5138(01)00093-9,0.9837219230903207,-1.1151669539271405,3.168275226583933,-0.16893971148694326,-0.3284073905351462,-0.023270153161866865,-0.2,-0.5499999999999999,0.15000000000000002,20
10.1016_j.tree.2011.12.004,-0.41389645170758893,-1.9360129583505568,1.1665847587341047,-0.06799359693922502,-0.27705920810789464,0.18116354569523457,-0.050000000000000044,-0.29999999999999993,0.19999999999999996,20
10.1016_j.jebo.2005.02.008,-0.05775795712644971,-0.8874696806575072,0.8678445445713474,-0.004971092660070786,-0.06914320220764623,0.06286188986210581,0.0,0.0,0.0,20
10.1016_j.geb.2012.10.001,5.732022197948258,2.177818229423715,8.688021152536134,-0.2871398918895061,-0.5430483031686048,-0.027092481339926092,-0.25,-0.65,0.15000000000000002,20
10.1016_j.jrp.2009.01.003,0.9566772224243056,-0.812990254504512,2.657169316364204,-0.1589878458440448,-0.3399751181638299,-0.032126483717250444,-0.25,-0.55,0.04999999999999999,20
10.1146_annurev-psych-010814-015355,1.4938102107150728,-0.32048453214826716,3.124665440989139,-0.05270631500168388,-0.181881336476191,0.04208897282069392,-0.050000000000000044,-0.15000000000000002,0.0,20
10.1093_qje_qjz001,0.8814442772087929,-0.28618695193047045,2.3203608992367752,-0.06733450664350926,-0.24703102358661735,0.04181265279295793,-0.050000000000000044,-0.15000000000000002,0.0,20
10.1016_j.geb.2004.08.007,0.04686620935673513,-1.1933879084250933,1.2158152794228543,0.0028899703622078388,-0.08205763953933673,0.07547468453361104,0.0,0.0,0.0,20
10.1177_1745691613488533,0.9880167217973392,-1.0903962829653637,3.0276809877998834,-0.11505287562507238,-0.28383802434680183,0.048810161527324966,-0.050000000000000044,-0.35124999999999995,0.29999999999999993,20
10.1287_mnsc.2015.2168,-0.05235541963939738,-0.5214381106983479,0.4372973652133267,-0.033450903745156135,-0.09065521897806184,0.010757486827230652,0.0,0.0,0.0,20
10.1037_0022-3514.76.4.587,1.7586980679504043,-0.9468553189193284,4.230712489844543,-0.14235774814493862,-0.36553016111552206,0.0009132591953652379,-0.15000000000000002,-0.50125,0.2,20
10.1016_j.plrev.2016.08.015,-0.2636956190569073,-1.5029194071895504,0.9360482984218195,-0.08720320718980645,-0.20722518938422824,0.012420002356555451,-0.050000000000000044,-0.20000000000000007,0.09999999999999998,20
10.1016_j.conb.2004.10.007,8.96314193307331,5.170223144853511,12.130023493895122,-0.6892742900100457,-1.0729476755408367,-0.2633871451844476,-0.09999999999999998,-0.5,0.25,20
10.1098_rsif.2014.0935,1.703436393962158,-0.3393766133857921,3.8057089306119884,-0.23706576727541367,-0.4699525626351247,-0.0261796925332804,-0.15000000000000002,-0.45,0.15000000000000002,20
10.1146_annurev-psych-081420-110718,-0.24397215312911325,-0.7180382744269491,0.1731578744094191,0.011680646895621316,-0.02925504704292043,0.04964669526086116,0.0,0.0,0.0,20
10.1088_1367-2630_14_9_093016,2.5688255507585067,-0.020638350377467533,5.018640585142346,-0.18014402173893035,-0.3703683670156306,0.042257120516137135,-0.15000000000000002,-0.50125,0.19999999999999996,20
10.1016_j.euroecorev.2008.09.007,-0.23795725453032723,-1.7496959731739599,1.2631968162694867,-0.023792979961240857,-0.16694214645525143,0.06890551390941119,0.0,-0.19999999999999996,0.2,20
10.1016_j.jpubeco.2009.03.004,0.33606958544226284,-0.674482690227987,1.6871563818383504,-0.07603519236265499,-0.21046608387105478,0.023045162421695627,-0.050000000000000044,-0.15000000000000002,0.0,20
10.1016_j.obhdp.2015.01.003,2.4428835982331405,0.1064496473435437,4.522959738018424,-0.40179043665460434,-0.7448534935398428,-0.05539324683156948,-0.2,-0.49999999999999994,0.09999999999999998,20
10.1016_j.bandc.2012.09.009,-0.4707173908331459,-2.2979074094935763,1.248182532506223,-0.0523838329370524,-0.14037839627747603,0.034450821512157885,0.04999999999999993,-0.14999999999999997,0.25124999999999886,20
10.1086_510602,0.9814283331174272,-0.38236006869222255,2.533884487338038,-0.059867288120834194,-0.2157643270496229,0.05700503061937547,-0.050000000000000044,-0.15000000000000002,0.0,20
10.1016_j.jpubeco.2012.08.003,1.7518348234249048,0.3315852278193605,3.3837473495806067,-0.1140385343582131,-0.2616967184554473,-0.00219008259030327,-0.050000000000000044,-0.15000000000000002,0.0,20
10.1111_j.1420-9101.2007.01482.x,1.1324669319108223,-0.12402846562977903,2.580658267473385,-0.08350405463824184,-0.23178621341635763,0.004077530148696846,-0.050000000000000044,-0.15000000000000002,0.0,20
10.1098_rstb.2010.0310,3.7349740069635393,0.2853837148426238,6.513941511748944,-0.11719080408412386,-0.36600372932147446,0.07756552645545789,-0.052631578947368474,-0.42105263157894735,0.31578947368421056,19
10.1006_obhd.1995.1015,0.5903208571215295,-1.4560109627375175,2.755711591700329,-0.11906304058602146,-0.2850547355531823,-0.022121277560112874,-0.2,-0.55125,0.19999999999999996,20
10.1016_j.evolhumbehav.2007.08.002,0.32472467960257667,-1.2093182944001355,1.636410406319651,-0.10381704330181929,-0.24545682073021416,0.0018209099087120647,-0.09999999999999998,-0.25,0.0,20
10.1037_xge0000365,0.509423972019813,-0.9242178596484713,2.1782014962308867,-0.09938895916528712,-0.29705299439721733,0.027280952084697992,-0.050000000000000044,-0.15000000000000002,0.0,20
10.1016_j.amc.2017.08.049,0.905936615238299,-1.7921220774901585,3.269835421698521,-0.1591818435756276,-0.4111050358073167,0.03918471963475675,0.0,-0.29999999999999993,0.25,20
10.1016_s0167-2681(02)00098-7,1.546089653338,-0.5704020493009883,3.709193098753859,-0.28635255585893116,-0.6069637205182962,-0.05222369239051623,-0.09999999999999998,-0.30000000000000004,0.09999999999999998,20
10.1016_j.geb.2007.05.001,1.7443269684381972,-0.09352634536768323,3.6233283987822937,-0.05592509406030266,-0.22342385875506374,0.0546761778522449,-0.050000000000000044,-0.15000000000000002,0.0,20
10.1177_1529100612474436,-0.10267639914528637,-2.4273575658942903,1.9193778679117413,-0.051298193600935016,-0.2089163031563818,0.07344883235621719,-0.15000000000000002,-0.45000000000000007,0.15000000000000002,20
10.1037_a0011381,0.2855658401868464,-0.8785940633487924,1.6263264596210891,-0.0831367225050762,-0.24897609266189352,0.049156936310749695,-0.050000000000000044,-0.15000000000000002,0.0,20
10.1098_rspb.2012.2498,0.1623479532899541,-0.628966853639045,0.8113862525694124,-0.06874897651511414,-0.1330166584356098,-0.009192983779899896,0.0,0.0,0.0,20
10.1177_1948550616639650,0.2574329106837787,-0.655894114163769,1.43249895407715,-0.05313819786455276,-0.17645224295135292,0.03789769868008634,-0.050000000000000044,-0.15000000000000002,0.0,20
10.1098_rstb.2015.0100,-0.3199996838226795,-0.946193058794396,0.2882519637837841,-0.022865853838081596,-0.07307037811795553,0.025415955158129337,0.0,0.0,0.0,20
10.1016_j.cogsys.2005.11.010,1.0789807784981935,-1.2588514990300474,2.9889683851471522,-0.1070279542010264,-0.315966137570726,0.08435823834670964,0.0,-0.25,0.25,20
10.1016_j.plrev.2014.02.003,0.6821331244469304,-1.56987195106261,3.0052239340228297,-0.18408320999776195,-0.4119483528974234,-0.011737110919344193,-0.050000000000000044,-0.35000000000000003,0.25,20
10.1016_j.jtbi.2005.10.011,0.5086882607657017,-1.6516408603214352,2.5348236651998635,-0.15098030087139486,-0.4031367726103169,0.06067195870913602,-0.09999999999999998,-0.35,0.10000000000000009,20
10.1002_per.830,1.2848629537286342,-1.5015331649591763,3.629999768016314,-0.132587204270038,-0.311466763676826,0.0023271105841683225,-0.15000000000000002,-0.55,0.2,20
10.1093_oxrep_grn012,2.4905228439290594,-0.3649044333392072,4.928021022038689,-0.13468062893655441,-0.31114774294107267,0.028311497360174548,-0.09999999999999998,-0.5,0.3,20
10.1177_0956797615624469,0.5919839136753673,-0.6028341489326556,2.0864082251256715,-0.0618136024094067,-0.2173819530996402,0.043885329889055226,-0.050000000000000044,-0.15000000000000002,0.0,20
10.1016_j.jpubeco.2012.05.014,2.2177542766103633,-1.5165988719697205,5.194922490549921,-0.06445652104307298,-0.2632163094485343,0.09801680253830426,-0.15000000000000002,-0.45000000000000007,0.15000000000000002,20
10.1177_1948550614527115,0.5827675198552775,-0.5708814487122124,1.8538082691407631,-0.06547937110465418,-0.20485528293435676,0.03244034458250993,-0.050000000000000044,-0.15000000000000002,0.0,20
10.1016_j.ecolecon.2011.01.011,0.8325139397719203,-0.3362890471947184,2.3673986764060073,-0.07432847080937077,-0.2196042690457706,0.021060898831021004,-0.050000000000000044,-0.15000000000000002,0.0,20
10.1016_j.evolhumbehav.2008.01.001,-0.05603638125488786,-1.515137508368164,1.332368086641452,-0.08871345625819393,-0.22465613979490945,-0.0014320795456254439,0.0,-0.29999999999999993,0.25,20
10.1016_j.euroecorev.2010.04.003,7.722956509369641,4.8515730409057625,10.034600699468113,-0.05422117313384245,-0.20991848829231743,0.07160248607862732,-0.050000000000000044,-0.15000000000000002,0.0,20
10.1016_j.geb.2009.09.004,1.8943379387031944,-0.5983344754567869,3.970765014216501,-0.07860146091410847,-0.3193103970292446,0.11854357168561341,-0.050000000000000044,-0.20000000000000007,0.09999999999999998,20
10.1016_j.jpubeco.2014.05.002,0.9727180591811084,-1.778747704433216,3.3415029251827546,-0.15732053792596912,-0.35012809680212453,0.0219565591365732,-0.2,-0.5,0.15000000000000002,20
10.1086_393069,2.56588999329045,0.281752298187363,4.575209435891701,-0.15348332476809573,-0.35084984025537863,0.08452718103861252,-0.30000000000000004,-0.65,0.09999999999999998,20
10.1016_0303-2647(95)01548-5,0.4454150809675639,-0.5751334348624333,1.1656253862959354,-0.060090127343695454,-0.20715467326432396,0.02769002395407313,0.04999999999999993,-0.09999999999999998,0.20124999999999893,20
10.1016_j.jebo.2009.03.022,2.2557340818777574,0.21167530363082168,4.313000826049277,-0.06675707577337642,-0.21398610732250958,0.0455533376651957,-0.050000000000000044,-0.15000000000000002,0.0,20
10.1016_j.jpubeco.2015.12.012,0.6590718086885747,-1.0404532941326485,2.252049009314591,-0.15293828355423977,-0.36218525642788346,0.0047744249100422406,-0.050000000000000044,-0.24999999999999994,0.10000000000000003,20
10.1287_mnsc.1110.1466,3.389918323905362,1.1599796284866488,5.387942674099983,-0.10379912685407333,-0.2607623517490917,0.010416445718971138,-0.050000000000000044,-0.15000000000000002,0.0,20
10.1016_j.jebo.2005.04.018,-1.1810799273646868,-2.200495541156708,-0.3167036016346219,0.04832018301199115,-0.03845672730689156,0.20386147626121476,0.04999999999999993,0.0,0.15000000000000002,20
10.1098_rspb.2012.2723,0.2539579810696724,-1.1634709716677636,1.461272588327958,-0.0909105907667257,-0.2680155670145492,0.0415994934911041,-0.09999999999999998,-0.30000000000000004,0.09999999999999998,20
10.1111_j.1420-9101.2011.02307.x,-0.08527701703163082,-1.3156733095167648,0.9663573405171033,0.03508888970267621,-0.049194236839481646,0.17378248267782367,0.04999999999999993,0.0,0.15000000000000002,20
10.1016_j.physleta.2020.126965,1.9641744592162853,-0.4833212596845518,4.7725682099812845,-0.06948042892353501,-0.3215495167828217,0.15742522981027915,-0.09999999999999998,-0.45000000000000007,0.25,20
10.1007_978-3-540-85436-4,0.40130602728274756,-1.915877582033548,2.646332109977902,-0.016464902682123084,-0.18450646088253986,0.13499680518443136,-0.09999999999999998,-0.45000000000000007,0.25,20
10.1016_j.jebo.2011.01.017,3.4168023771471203,0.7768031170382532,5.890865307640309,-0.4894595204847344,-0.7706206742248889,-0.16046957012601545,-0.050000000000000044,-0.25,0.15000000000000002,20
10.1016_j.jebo.2009.03.011,1.5986824631084948,-1.8021871096333997,4.4837002097349945,-0.15274805237263878,-0.46006037412245454,0.06410483030429653,-0.09999999999999998,-0.45,0.24999999999999994,20
10.1016_j.ejor.2008.01.021,5.40652211267322,1.8477391605482179,8.523196654648315,-0.16650295705647145,-0.4222924994973617,0.03255650510876055,-0.2,-0.6000000000000001,0.24999999999999994,20
10.1016_j.joep.2013.01.001,0.0561662392106852,-1.851702359292608,1.8986545234237988,-0.11186266372507425,-0.25771597219784415,0.018088195117549645,-0.15000000000000002,-0.44999999999999996,0.15000000000000002,20
10.1016_j.jebo.2008.02.006,2.7477977364329886,-0.24416584021662177,5.5956900817953175,-0.03704217559247547,-0.26019438284670826,0.12075738657667749,-0.15000000000000002,-0.55,0.25,20
10.1016_s0167-2681(02)00032-x,-0.7652167680242759,-2.182170717164217,0.38582604982220264,0.06370919580347723,-0.05024279737717432,0.2526153878648777,0.04999999999999993,0.0,0.15000000000000002,20
10.1016_j.evolhumbehav.2007.04.001,-0.3547469336264433,-1.0962567111433288,0.39116371366400327,-0.021425056787054753,-0.10729368318447705,0.04578649853435865,0.0,0.0,0.0,20
10.2307_2669365,0.5049852255199117,-0.8408980476990798,2.1652032885899546,-0.0979673533857568,-0.2623719571521568,0.018744446478014223,-0.050000000000000044,-0.15000000000000002,0.0,20
10.1038_s41559-019-0907-1,1.1700512523937991,-0.7892395481597324,3.2218091411811094,-0.14417021032163813,-0.29978897503359325,0.03820047118374674,-0.15000000000000002,-0.49999999999999994,0.2,20
10.1098_rspb.2013.0247,-0.4432142604496354,-1.8092456252525362,0.6878001222915133,-0.03778952459198648,-0.13963486919407347,0.04739665410961232,0.15000000000000002,-0.050000000000000044,0.35,20
10.1016_j.evolhumbehav.2017.07.003,-0.04133393865932877,-0.6506162065416603,0.5478434734968781,-0.029447676923391897,-0.10251087294342502,0.026805947824932935,0.0,0.0,0.0,20
10.1016_j.jtbi.2008.06.017,4.699198784693658,2.493499632135772,6.551973169307654,-0.47799226526057803,-0.7536038922304964,-0.22009580087151337,-0.2,-0.5,0.09999999999999998,20
10.1016_j.jet.2008.10.005,1.3600058596325857,-1.414453796085282,3.736904162947275,-0.34803047642329915,-0.588046915000618,-0.10733088185982763,-0.15000000000000002,-0.4,0.15000000000000002,20
10.1016_j.jpubeco.2010.11.021,2.2861309693540344,0.855334959684663,3.730847136396953,-0.034291378869569566,-0.14857088286670145,0.09212079305240445,0.0,0.0,0.0,20
10.1016_j.econlet.2007.09.048,1.2045738702546265,-1.4087751878481598,3.6642761151621883,-0.24362447772070744,-0.5304070509345112,-0.04388980938712767,-0.15789473684210525,-0.4736842105263158,0.15789473684210525,19
10.1016_j.evolhumbehav.2006.08.002,1.6131810604946457,-0.1401271046661229,3.5418750493894997,-0.12018200234374743,-0.40874737069086264,0.2890451376413733,-0.09999999999999998,-0.45,0.24999999999999994,20
10.1086_286052,0.29049729193663243,-1.543990406714547,2.3375786623323025,-0.03456743380705096,-0.27903122663678503,0.22403264367187983,-0.2,-0.55,0.14999999999999997,20
10.1098_rstb.2015.0090,0.19991261294978102,-1.2722924509920177,1.5951620275094327,-0.09713264869558347,-0.2721809297691168,0.001060805023287947,-0.05263157894736836,-0.1578947368421053,0.0,19
10.2307_2095953,4.619171953960406,1.455067519709424,7.337685439843556,-0.31315524173599174,-0.564367882535876,-0.0121833026685198,-0.050000000000000044,-0.4,0.30000000000000004,20
10.1098_rspa.2021.0397,0.020296022367105593,-0.7373965124992173,0.7179766057167579,-0.046840876732897385,-0.15099094478137817,0.02695244043651735,0.0,-0.14999999999999997,0.1499999999999999,20
10.1016_j.obhdp.2011.05.007,0.6071862611294332,-0.732413394210292,2.3959326397611522,-0.055074865839508935,-0.21760017142321986,0.06646627409439873,-0.050000000000000044,-0.15000000000000002,0.0,20
10.1016_j.geb.2006.03.007,4.157412490389876,2.0599744616303606,6.113505753761604,-0.3558757690964176,-0.804548930344598,0.06503542235967855,-0.050000000000000044,-0.35,0.24999999999999994,20
10.1016_j.tree.2005.07.012,0.5239573104390045,-1.8348997528071571,2.89741160761191,-0.20344867426427204,-0.4615977895695415,0.03726349820184976,0.04999999999999993,-0.15124999999999994,0.25,20
10.1016_j.obhdp.2016.02.003,-0.9514884748150534,-2.1522179842380944,-0.11648181864374887,0.039471611644432913,-0.05291792618666131,0.1886103891317014,0.09999999999999998,0.0,0.25,20
10.1016_j.paid.2010.05.002,3.019584215317745,0.7387121522053295,5.339753157540585,-0.33178356570982903,-0.586690531270727,-0.04569043774059253,-0.15000000000000002,-0.5,0.15000000000000002,20
10.1006_game.1998.0638,0.18258563076756484,-1.9155519041532927,2.0714060005156667,-0.07383539343829604,-0.17034508794801095,-0.00022758382904252496,-0.050000000000000044,-0.4,0.25,20
10.1146_annurev-psych-020821-110044,1.0209274709116682,-0.1836779927690928,2.3736693325474505,-0.05846866554716157,-0.17725997066448998,0.04277977950102866,-0.050000000000000044,-0.15000000000000002,0.0,20
10.1016_j.euroecorev.2008.09.005,0.2816671211914956,-0.5967069658684171,1.1947063092487131,-0.08137627173301742,-0.2217718699299891,0.01266390438708653,-0.050000000000000044,-0.15000000000000002,0.0,20
10.1016_j.evolhumbehav.2004.12.006,1.024146139971224,-1.6464457246282673,3.3601080195337687,-0.05152705935940283,-0.26045494405727265,0.11511414004518242,-0.15000000000000002,-0.5,0.19999999999999996,20
10.1016_j.amc.2021.126586,0.2588571058711544,-1.0386859170992264,1.6992334498083506,-0.15396191409957005,-0.3548698770577313,0.011737894541850001,-0.2,-0.39999999999999997,-0.04999999999999993,20
10.1016_j.evolhumbehav.2013.10.001,-0.5117610170907891,-1.335060210201162,0.1115959828361463,-0.037812547487782955,-0.08329938820553744,0.012560602617464214,0.04999999999999993,0.0,0.15000000000000002,20
10.1016_j.neubiorev.2008.09.008,0.009583841324567466,-1.854390077899565,1.7356232001599936,-0.11458817278169753,-0.2894773499954079,0.07041619003063859,0.0,-0.25,0.25,20
10.1016_j.amc.2021.126797,0.03850912881763957,-1.1195130521761563,0.9791976527765391,-0.07133383417760708,-0.23826202030316312,0.05079710644489523,-0.05263157894736836,-0.1578947368421053,0.0,19
10.1016_j.jtbi.2014.06.041,-0.00371795920894602,-2.312979941153907,1.8023903770492158,-0.08924285595039472,-0.29451688549620353,0.04180092660203575,-0.2,-0.5,0.10000000000000003,20
10.1016_j.chaos.2015.06.002,8.709277026377563,5.576028018610762,11.846942730231985,-0.3604695792994881,-0.7370111319386424,-0.06824721102603908,-0.15000000000000002,-0.55,0.25,20
10.1016_j.jpubeco.2009.10.007,0.18836395134373873,-0.9267299757165804,1.4514533898100384,-0.08658992353648542,-0.23697336557709725,0.013888639231927138,-0.050000000000000044,-0.15000000000000002,0.0,20
10.1088_1367-2630_abf205,1.2158315880225299,-2.03697039731541,3.7827280973961908,-0.05387313943196248,-0.215374607771849,0.08366951267704985,-0.15000000000000002,-0.5,0.2,20
10.1016_j.jtbi.2021.110606,-0.21471807261951348,-2.081242948022884,1.566321456744019,-0.04990803115697173,-0.17210018820987363,0.0564751448630641,0.0,-0.25,0.3,20
10.1016_j.jebo.2014.11.009,0.7219068229748462,-2.1532871372856683,3.5733434733392597,-0.16216066953722397,-0.37689824072583844,0.012617241290214147,-0.15000000000000002,-0.44999999999999996,0.19999999999999996,20
10.1209_0295-5075_93_58001,-0.3687867550013326,-1.9223974628072704,0.7890710345087849,-0.04969367630646204,-0.22669748883918425,0.17907013805250274,0.04999999999999993,-0.19999999999999996,0.30000000000000004,20
10.1177_1069397108320422,-0.6809090499937742,-2.2340969656477125,0.7412789892253354,0.02658222928481957,-0.10233570685756664,0.15133454880972308,0.0,-0.29999999999999993,0.25,20
10.1016_j.geb.2010.08.010,2.6061909783397317,0.49830130327396244,4.81283904446399,-0.3662403712566013,-0.6933574560458614,0.005776051315961918,-0.15000000000000002,-0.4,0.09999999999999998,20
10.1016_j.obhdp.2021.01.003,0.1892528770810049,-1.2438693658594628,1.7219867832310347,-0.10584307487195643,-0.2979075040600691,0.010437023009323905,-0.050000000000000044,-0.15000000000000002,0.0,20
10.1016_j.jpubeco.2017.03.002,2.4312600130814515,0.6472666451714176,4.486221323126001,-0.10863692151768578,-0.28316385094104246,0.004807885699892917,-0.050000000000000044,-0.15000000000000002,0.0,20
10.1098_rsif.2022.0036,0.3577645760149446,-0.7977080876249255,1.8940606703343212,-0.0881615423633001,-0.2485310313962595,0.019263213436607578,-0.050000000000000044,-0.15000000000000002,0.0,20
10.1177_0956797617752642,1.7126538477356297,-0.004340567713548277,3.7081735372515796,-0.08204411719735949,-0.24786094780142415,0.03624238028484436,-0.050000000000000044,-0.15000000000000002,0.0,20
10.1016_j.chaos.2018.01.019,5.895918355369392,2.3481153448248953,8.973126768838151,-0.5977147397047892,-0.9304878532559839,-0.1924667064644322,-0.25,-0.55,0.09999999999999998,20
10.1016_j.evolhumbehav.2015.12.004,1.0716358989285553,-1.9350671429219894,3.6097298671000284,-0.05180067512459319,-0.18294101431351895,0.03780954247688189,-0.15000000000000002,-0.55,0.24999999999999994,20
10.1016_j.joep.2009.04.004,0.255314268503847,-1.003617719565138,1.6805535534244755,-0.12690218113810225,-0.32188125914814325,-0.013807214228251985,-0.050000000000000044,-0.15000000000000002,0.0,20
10.1016_j.chaos.2019.109517,0.6533061918269265,-0.23587130900279854,1.6933334369555528,-0.0658436785871842,-0.16510752992384345,0.006640279666598432,-0.050000000000000044,-0.15000000000000002,0.0,20
10.1177_0146167216684134,0.913239107246226,-0.5794894340950765,2.692753217237738,-0.09055568450223694,-0.27092376420547154,0.031985967592609736,-0.050000000000000044,-0.15000000000000002,0.0,20
10.1111_j.1467-2979.2010.00372.x,-0.7537181497671863,-1.738516550078598,0.12511875255333108,0.09523647175006988,0.01197626608925783,0.24822249861732507,0.09999999999999998,0.0,0.25,20
10.1006_jtbi.1996.0286,0.14473676323985352,-1.0831630192002977,1.3312704454166124,-0.0051413080262314725,-0.10954455567010836,0.10139771915470853,0.0,0.0,0.0,20
10.1016_j.euroecorev.2012.05.003,1.2928031454282412,0.2618517280289397,2.341401826439929,-0.056892983659952545,-0.23834416407422404,0.07683032261633199,-0.09999999999999998,-0.35,0.1499999999999999,20
10.1006_jeth.2000.2655,-0.03433908275513531,-0.9660071722107783,0.6661701627231285,-0.01928568286335608,-0.09144701283370549,0.06847415012822812,0.0,0.0,0.0,20
10.1037_pspi0000389,-0.3893604748554571,-2.8215213277155455,1.5753187376181177,0.009189665281180481,-0.12516388948984633,0.12309873896194412,0.0,-0.3,0.30000000000000004,20
10.1016_j.jrp.2016.08.004,0.9627607756487073,-0.2047825750909466,2.349777396169346,-0.08222548802380836,-0.24110768991190906,0.028164455592726588,-0.050000000000000044,-0.15000000000000002,0.0,20
10.1016_j.evolhumbehav.2015.12.003,0.25674356487734773,-1.323371302635946,1.7437316860428635,-0.11514365202862054,-0.3047812027344617,0.007452789932480136,-0.09999999999999998,-0.25,0.0,20
10.1177_1368430215583519,0.994068005295488,-0.18978059719114562,2.4583669495203395,-0.1080415066059015,-0.26583528792858685,-0.0014234589873356632,-0.050000000000000044,-0.15000000000000002,0.0,20
10.1016_j.jpubeco.2015.03.007,1.633642025889018,-0.92717586231082,4.621254469784462,-0.11003470323277487,-0.3465738696468993,0.04577277909095438,-0.25,-0.5499999999999999,0.050000000000000044,20
10.1016_j.physa.2012.03.027,1.9483727490478229,0.29336096025795166,3.0764823918451025,-0.14796119263516894,-0.33058004105420896,0.026430998990327147,-0.09999999999999998,-0.25,0.0,20
10.1016_j.jebo.2009.11.003,6.655222707485561,3.2549043868155634,9.754966727175551,-0.41125594016622474,-0.7032577382774875,-0.1551423577445472,-0.2,-0.6,0.2,20
10.1016_j.physa.2007.06.008,3.4428378978829803,0.45942659632083593,5.9759656836713395,-0.11275549896005133,-0.283489181805033,0.004489978886386554,-0.25,-0.6499999999999999,0.14999999999999997,20
10.1016_j.evolhumbehav.2015.02.002,-0.2807817812873452,-0.7869349936574431,0.4229960885918185,-0.00684664790593803,-0.08817352339146191,0.06329275367091705,0.0,0.0,0.0,20
10.1016_j.jpubeco.2014.10.008,-0.0001858675719370595,-1.2250034305177802,1.222315381791203,-0.0758708868197393,-0.21996586068835075,0.033320408053636674,-0.050000000000000044,-0.20000000000000007,0.10000000000000003,20
10.1093_sf_sov110,2.3071361730231166,0.22076170945538992,4.529233413786081,-0.1013123459031724,-0.30698266181154577,0.032963258511626445,-0.050000000000000044,-0.15000000000000002,0.0,20
10.1016_j.geb.2012.10.011,-0.9386857893949676,-2.0276915415976466,-0.022633890629013224,-0.004908464117975853,-0.10561385555798743,0.12055946487962231,0.09999999999999998,-0.09999999999999998,0.3,20
10.1088_1674-1056_19_11_110201,0.34556878525772206,-1.5232569417243125,2.0551990075378685,-0.1024326464352403,-0.2781762637790164,0.05831763914825463,0.05263157894736836,-0.1578947368421053,0.26315789473684215,19
10.1016_j.ecolecon.2008.04.021,6.723794285318642,3.310496029907628,9.837090169711999,-0.36003734403239573,-0.6571838371244204,-0.09952101363024003,-0.15000000000000002,-0.55,0.29999999999999993,20
10.2307_2786703,2.395862412454231,-0.33288176429180427,4.885172781821128,-0.32432463865003625,-0.5737170911284426,-0.020224005869854563,-0.050000000000000044,-0.35000000000000003,0.25,20
10.1016_j.amc.2022.127308,8.757357105454638,3.533223768986342,12.752500881545997,-0.8530736722548178,-1.2423772199850973,-0.4103644190750113,-0.09999999999999998,-0.45,0.29999999999999993,20
10.1016_j.physleta.2018.04.031,4.208473229031111,1.2106088886869482,7.361612142009486,-0.38475791937419035,-0.6946365415762,-0.11456506846087003,-0.25,-0.55,0.050000000000000044,20
10.1016_j.jpubeco.2014.10.001,1.2821605352384378,-1.4518502934356698,3.7978892950025425,-0.29143330579855325,-0.6653113549967457,0.015250350252495989,-0.09999999999999998,-0.4,0.2,20
10.1016_j.physleta.2022.127935,1.2972973614517604,-0.3509850999407474,2.949377011015575,-0.10017105111989733,-0.2666943281941757,0.009009767491560574,-0.050000000000000044,-0.15000000000000002,0.0,20
10.1098_rstb.2020.0293,1.482293619614528,-0.03766543235708261,2.867179602476666,-0.05692518356843601,-0.18988174472406086,0.03749437608026816,-0.050000000000000044,-0.15000000000000002,0.0,20
10.1016_j.copsyc.2021.09.003,0.8115228806520474,-0.5250821406797108,2.6465985327934956,-0.08754624785870746,-0.24587382000685226,0.023065611651874297,-0.050000000000000044,-0.15000000000000002,0.0,20
10.1111_brv.12260,1.0305445777110593,-0.15733541726124614,2.0706716257487194,-0.11893949436925022,-0.27916406439603114,-0.01064351612577583,-0.15000000000000002,-0.3999999999999999,0.04999999999999999,20
10.1016_j.jpubeco.2016.09.008,2.7193079085342307,-0.48806130631164524,5.532002048716834,-0.30510800145261996,-0.6726763755601065,-0.06244557474108455,-0.2,-0.5,0.1499999999999999,20
10.1098_rspb.2013.2661,2.6477368381017152,0.017891147665350698,5.14599869130157,-0.0629960605508687,-0.3384392745458956,0.11723792689043654,-0.050000000000000044,-0.4,0.30000000000000004,20
10.1017_mor.2017.42,0.7769878004163928,-0.7365613144105211,2.2097200964263637,-0.155558491187612,-0.32823776256546205,-0.0172864783077384,-0.09999999999999998,-0.25,0.0,20
10.1177_1043463116634035,0.0446467329913105,-0.9050821158893829,1.1237697601890655,-0.055530629851273994,-0.1738169572275356,0.021810669620624404,-0.050000000000000044,-0.15000000000000002,0.0,20
10.1177_0190272512442397,0.5598259914131187,-1.775498153011883,2.6190666531626157,-0.055457896181404065,-0.23781073940721068,0.060741655641601146,-0.15000000000000002,-0.55,0.25,20
10.1016_j.chaos.2021.111395,0.7776074991172095,-1.3339569417776305,2.737979518219293,-0.13124807385634363,-0.2814042420393359,0.02452903624033048,0.0,-0.30000000000000004,0.30000000000000004,20
10.1016_j.evolhumbehav.2014.09.001,5.090640665103325,2.12120456007004,7.803487749161608,-0.3715450942819552,-0.6045995273266646,-0.031516156650433926,-0.15000000000000002,-0.5,0.25,20
10.1016_j.obhdp.2014.09.005,0.2269903049100943,-0.9214792951683081,1.3391252108490574,-0.0887498557045272,-0.25945282093907013,0.02748051476030907,-0.050000000000000044,-0.15000000000000002,0.0,20
10.1016_j.ocecoaman.2022.106447,0.05777322916051286,-2.1596688753288698,1.5823596640309863,-0.08483634516194538,-0.22100854121145833,0.09433536758067936,0.09999999999999998,-0.19999999999999996,0.39999999999999997,20
10.1016_j.amc.2022.127703,2.3361681963459633,0.10518607393246562,4.714215102853313,-0.2779910321114622,-0.6453735412817853,-0.0015518403100487994,-0.2,-0.5,0.09999999999999998,20
10.1016_j.jtbi.2021.110737,2.617815808245809,0.48084161608642456,4.785878013310602,-0.11888833609056004,-0.3258973480101077,0.0881096160914767,0.0,-0.15000000000000002,0.15000000000000002,20
10.1016_j.knosys.2019.07.006,1.2778406600683416,0.1163710322605312,2.595376122303382,-0.09275455732779314,-0.23912985780150742,-0.0012193714323677426,-0.050000000000000044,-0.15000000000000002,0.0,20
10.1016_j.cosust.2014.08.002,-0.8338538861125704,-1.5990466707282807,-0.08690051910583406,0.026268954408187994,-0.04460748484255463,0.10755815977154255,0.0,-0.15000000000000002,0.15000000000000002,20
10.18564_jasss.1805,0.2701153353313437,-0.8344972995022856,1.4008904533539834,-0.013350748875295082,-0.10667988542792929,0.07269889840209703,0.04999999999999993,0.0,0.15000000000000002,20
10.1037_pspa0000375,1.5275561428501119,-0.2931023519562653,3.5027660599346637,-0.029407342214119003,-0.19666225352541702,0.11581645669721309,-0.050000000000000044,-0.15000000000000002,0.0,20
10.1016_j.techsoc.2021.101843,1.4163205168197068,-1.230141660366761,3.980861640840451,-0.20052631246297076,-0.42546308145828,0.01915922807109827,-0.050000000000000044,-0.35,0.20000000000000007,20
10.1017_ehs.2020.2,-0.24167798275344854,-1.66477092937214,1.0120676516342295,-0.046900542195747796,-0.14277510455482273,0.014021846646786261,-0.050000000000000044,-0.25,0.15000000000000002,20
10.1098_rspb.2019.0001,1.1572880135801205,-0.4304301740495088,2.9451604417727677,-0.08302602736237674,-0.23174466842130947,0.03128661273992081,-0.050000000000000044,-0.15000000000000002,0.0,20
10.1016_j.jebo.2016.09.005,0.41118698773168294,-0.9465805930065545,2.1242151108002,-0.11616325441877406,-0.3326262454814809,0.020488474265774312,-0.050000000000000044,-0.15000000000000002,0.0,20
10.1016_j.agsy.2015.11.012,-0.40095388644353935,-2.3315219118832773,1.615605104722806,-0.09029291189080202,-0.2515774037053621,0.03320542412388622,0.0,-0.20000000000000007,0.19999999999999996,20
10.1016_j.tree.2013.05.011,-0.9490948164764541,-1.6565931647021943,-0.2658312583243785,-6.342937679959526e-05,-0.07097070234910399,0.07930033096756882,0.0,-0.15000000000000002,0.1499999999999999,20
10.1016_j.jtbi.2007.07.024,1.083602619478282,-0.2929217193371897,2.3355864387349476,-0.15201402304340028,-0.4026474138476662,0.002836920897606498,-0.050000000000000044,-0.20000000000000007,0.09999999999999998,20
10.1098_rsif.2019.0127,-0.37012401103242265,-2.052462704711303,1.2143837169461356,-0.05064785924533444,-0.18002616907336821,0.07797531928522415,0.04999999999999993,-0.15000000000000002,0.25,20
10.1016_j.ecolecon.2015.04.005,0.11450668350039805,-0.9158250815001264,1.0941917803537102,0.024479850240833878,-0.06450064362705148,0.1603027984287545,0.04999999999999993,0.0,0.15000000000000002,20
10.1088_1674-1056_19_10_100204,0.9912717886923188,-1.6525889011970187,3.4960600375472293,-0.1382756493090208,-0.29821867405640595,-0.011823479613191629,-0.15000000000000002,-0.5,0.2,20
10.1016_j.physa.2018.03.004,7.79956653327815,4.285812505926462,10.852826507845066,-0.4595935662534829,-0.7195506528010893,-0.18654344930644753,-0.15000000000000002,-0.55,0.24999999999999994,20
10.1016_j.knosys.2017.05.016,1.4955131658409977,0.24397866035097837,2.7011785042671876,-0.09852127276380962,-0.25150662501001486,0.00862966250458457,0.0,-0.15000000000000002,0.15000000000000002,20
10.1016_j.jtbi.2012.11.034,12.43468811630244,8.696599182329187,16.057445325003904,-0.9799185969308088,-1.3785852866537802,-0.4889474917916145,-0.25,-0.6012500000000001,0.14999999999999997,20
10.1016_j.anbehav.2010.02.023,0.728369590379323,-0.473485398113086,2.3035078994045217,-0.10739279662811174,-0.2902604144868902,0.006057635702808675,-0.050000000000000044,-0.15000000000000002,0.0,20
10.1016_j.jeem.2007.08.001,0.819195544448954,-1.2867362086053906,2.509134779456277,-0.19306044461880212,-0.4751406435507903,0.013872661438445056,-0.050000000000000044,-0.3,0.20000000000000007,20
10.1098_rsif.2024.0547,1.9046803198895708,0.0007130768283927719,3.620927388580891,-0.07351908080544256,-0.22133266086395995,0.04523925907406738,-0.050000000000000044,-0.15000000000000002,0.0,20
10.1098_rstb.2020.0047,1.69825215579072,-0.3804224757515062,3.5522282434836807,-0.2473241029222934,-0.4876334772536194,0.008470988466190916,-0.15000000000000002,-0.45000000000000007,0.19999999999999996,20
10.1016_j.chaos.2018.12.040,4.498086119548538,1.5881285656426394,7.003330564161321,-0.19145302277906362,-0.4229893858952507,0.07986122552789153,-0.2,-0.6,0.19999999999999996,20
10.1016_j.socec.2015.12.002,-0.6079335998837427,-1.6572965826114692,0.31886169213329435,0.02748380526946559,-0.07599692923826265,0.13795332642365574,0.04999999999999993,-0.15000000000000002,0.25,20
10.1016_j.jtbi.2008.09.025,0.06575667087463,-0.8029356744773993,0.9578794642343517,-0.035674707509017134,-0.12287872261892482,0.0300436092087187,-0.050000000000000044,-0.15000000000000002,0.0,20
10.1016_j.physa.2018.03.054,-0.07709377063514378,-1.1413633937127972,0.7597682449078332,-0.08396305321201081,-0.18064618524806303,0.012034972332129431,0.04999999999999993,0.0,0.15000000000000002,20
10.1177_1474704917742720,0.16420403391823335,-2.1544449834081174,2.1588260951222473,-0.051502374398940565,-0.16036958799028103,0.08156119442238932,-0.050000000000000044,-0.35,0.29999999999999993,20
10.1016_j.jtbi.2012.07.010,2.508780992632288,1.179233555191766,3.8450122161865496,-0.3278607979595123,-0.5946899788880651,-0.12033126014304112,-0.050000000000000044,-0.15000000000000002,0.0,20
10.1016_j.ecocom.2018.06.001,13.899975380868351,9.97110817156714,17.555160149416892,-0.7503565707314427,-1.1274861627832757,-0.40946398904174225,-0.31578947368421056,-0.6842105263157895,0.10526315789473684,19
10.1016_j.jtbi.2016.11.012,3.669847200667177,1.6392742807838587,5.437780297102706,0.007350786399270781,-0.14190359180525053,0.11478402308102166,-0.050000000000000044,-0.15000000000000002,0.0,20
10.3389_fnins.2015.00026,0.16898734106865998,-0.42961888108269297,0.7952234702114294,-0.04737052964973021,-0.12329701392162971,0.004317905433114083,0.0,0.0,0.0,20
10.1016_j.cub.2010.10.027,-0.233770506724019,-2.2054133143244754,1.5838972904313224,-0.054488244247894335,-0.17696884718412964,0.07568429815823374,-0.09999999999999998,-0.4,0.2,20
10.1016_j.jebo.2018.04.002,6.118322989553399,3.681470071629808,8.388084038724603,-0.1447536807291307,-0.34763798951442937,-0.001551831492717299,-0.050000000000000044,-0.15000000000000002,0.0,20
10.1016_j.jtbi.2018.04.018,1.287597965751356,-1.0446914010578041,3.7070385304887785,-0.15050252978330048,-0.36015987005005,0.045213654477050835,0.0,-0.35,0.3012499999999989,20
10.1016_j.econlet.2014.05.017,0.25217002219046236,-0.7691340190268448,1.393542846833288,-0.06851846143508,-0.17829512415563079,0.01625321784465257,-0.050000000000000044,-0.15000000000000002,0.0,20
10.1098_rsif.2013.1044,0.6821245835044314,-1.2221135173769149,2.5621807801410403,-0.15717169974100315,-0.33127995355798745,0.018388635380612136,0.0,-0.25,0.29999999999999993,20
10.1016_j.jebo.2012.06.001,-0.4445700515165045,-1.5349174997388517,0.6786893478678847,-0.07072594486700423,-0.20427585611657997,0.03860094681790424,0.04999999999999993,0.0,0.15000000000000002,20
10.1109_tcss.2023.3324087,6.06836225378176,2.926333326059968,8.890289068158967,-0.2503241923742586,-0.529409429550744,0.011803580814715423,-0.25,-0.6000000000000001,0.19999999999999996,20
10.1016_j.jecp.2022.105376,1.1622049745122238,-0.1837794372937735,2.8872730584967967,-0.08148553152069393,-0.23633175483316285,0.02056247122363969,-0.050000000000000044,-0.15000000000000002,0.0,20
10.1017_bpp.2019.4,0.07634453911714445,-0.7328758954899975,1.1079951928225944,-0.07460381666230931,-0.24870893818457535,0.03886336657944727,-0.050000000000000044,-0.15000000000000002,0.0,20
10.1016_j.jtbi.2019.110103,20.816063042870358,14.187102550333462,27.181558295259308,-0.027862793023768928,-0.33569538135694466,0.3522326107450603,0.0,0.0,0.0,20
10.1016_j.socec.2016.04.009,0.15234170943694014,-1.7862358274179169,1.658947496929028,-0.11314001465640233,-0.2944083016154135,-0.0012664850916140325,-0.25,-0.5,0.0,20
10.7717_peerj.450,0.052069852087536894,-1.915432612318851,1.9302846038396362,-0.047079495617298295,-0.16829326357659757,0.05018235707330998,0.04999999999999993,-0.20000000000000007,0.30000000000000004,20
10.1037_a0033495,0.0885821008376011,-1.5010934477290299,1.8118628749616148,-0.1384789618327098,-0.26031914733681605,-0.025976023068269714,-0.050000000000000044,-0.30000000000000004,0.19999999999999996,20
10.1016_j.paid.2010.05.013,1.0638954493666022,-0.8181558392098487,2.865648322775604,-0.12167140567421308,-0.30091318805993533,0.015650611363050737,-0.050000000000000044,-0.35000000000000003,0.29999999999999993,20
10.1016_j.tpb.2006.01.003,0.01819815686524162,-1.0192433527781555,0.9146708396017963,-0.033405759532382895,-0.19258841518274206,0.07466145260379571,-0.05263157894736836,-0.1578947368421053,0.0,19
10.2307_3005886,0.3395345785873376,-1.8762963296440878,2.755880544014784,-0.16413455241233088,-0.5152608699874306,0.23986189502533778,0.0,-0.25,0.25,20
10.1088_1674-1056_27_6_060203,0.42058889165985214,-1.0017818926095277,1.7319741930489312,-0.08492865116531367,-0.23618575519709586,0.07465721083496482,0.0,-0.30000000000000004,0.29999999999999993,20
10.1016_j.chaos.2018.03.036,-0.8530570367717685,-2.1243787453986736,0.2153818815043565,-0.026546574781609378,-0.12627872535777487,0.079792260804278,0.19999999999999996,0.04999999999999993,0.35000000000000003,20
10.1209_0295-5075_121_48005,-0.7689529422842698,-1.7678522923597495,-0.03315651938853162,-0.003045952163700405,-0.11273079844898933,0.11490211495425132,0.09999999999999998,-0.09999999999999998,0.30000000000000004,20
10.1016_j.jpubeco.2015.03.012,1.0996396777823279,-1.4544866612859135,3.467368750807306,-0.09421094170246969,-0.23693620173834,-0.0019934291795134645,-0.2,-0.55,0.15000000000000002,20
10.18564_jasss.2759,-0.3844088025518797,-0.9696761966408084,0.1491586807203739,-0.015581341808756144,-0.08878703408758935,0.05014720391712679,0.0,0.0,0.0,20
10.1016_j.jeem.2012.09.001,0.15522816118861194,-1.2535734977690969,1.3474331522317828,-0.1352925674945431,-0.29684795719992074,-0.015072044996599103,-0.09999999999999998,-0.25,0.0,20
10.1016_j.jtbi.2011.08.034,3.091341657877652,0.6884038973149514,5.4110975829375745,-0.1873077601217274,-0.39946468034384797,0.06140915844284985,-0.15000000000000002,-0.5,0.19999999999999996,20
10.1017_s026988890800132x,-0.8585827326566386,-1.56524861276344,-0.27914672564915893,0.02016150961450558,-0.0427161070197579,0.08702262690992461,0.0,0.0,0.0,20
10.1016_s0376-6357(02)00015-3,5.336243678061231,2.145166222425505,8.084562451257218,-0.19598997095473708,-0.40971630267996856,0.06255520550964225,-0.15000000000000002,-0.55,0.2,20
10.1016_j.amc.2024.128844,1.8473761668708102,-0.4967442336049797,4.007845984400406,-0.12514361448001987,-0.27924426966291777,0.04047484918429365,-0.25,-0.6,0.1499999999999999,20
10.1098_rstb.2020.0300,1.446890721359435,0.06288999554677253,3.1365986223214164,-0.088636528596434,-0.240862665525568,0.008448752228179379,-0.050000000000000044,-0.15124999999999994,0.0,20
10.1287_mnsc.2020.3762,0.33473704658037473,-1.1137631815622389,2.154085374506502,-0.037923513568800415,-0.2216795995114833,0.1185766518843728,0.0,-0.14999999999999997,0.15000000000000002,20
10.1016_j.leaqua.2019.04.002,0.08133191590115008,-2.1884115845006424,2.06224280991768,-0.1164848038117483,-0.2541482925136908,-0.004976517630814715,-0.2,-0.5,0.050000000000000044,20
10.1016_j.cognition.2019.104040,-0.12375403817818142,-1.5705915702449966,1.2214081103497818,-0.07500347410471997,-0.224834671590597,0.019967423417584257,0.0,-0.10000000000000009,0.15000000000000002,20
10.1016_j.pursup.2017.11.006,1.4433603088360192,-0.46975844674016665,3.411903574559325,-0.06943988870840212,-0.21721125154145,0.06827752265882665,-0.050000000000000044,-0.15000000000000002,0.0,20
10.1016_j.chaos.2016.12.008,0.3014930364038033,-1.6217015837694886,2.1148718760756804,-0.12121246334179969,-0.29690196705842004,0.032887456953475516,-0.050000000000000044,-0.35000000000000003,0.25,20
10.1098_rspb.2016.0488,-0.6505190708059736,-2.2105429714554616,0.6946938411898576,-0.026878326709586453,-0.1492183010176082,0.1230897907246624,0.0,-0.25125,0.25124999999999886,20
10.1016_j.obhdp.2016.02.004,0.20202980584974384,-1.7985019770783415,1.7923913782239764,-0.10522687689478283,-0.2924531050888005,0.00887103221757891,-0.09999999999999998,-0.44999999999999996,0.25,20
10.1016_j.jebo.2015.03.018,1.9144579197390312,-0.54508926526804,3.9798991570365763,-0.16219838783234924,-0.4125697934009911,0.03187035469029531,-0.2,-0.5,0.14999999999999997,20
10.1016_j.jtbi.2012.10.022,13.721182611120557,10.251628236257144,16.982536433842455,-0.4010975710472524,-0.7993109115771148,-0.1195626590750739,-0.25,-0.6000000000000001,0.15124999999999889,20
10.1016_j.ejpoleco.2012.03.001,-0.8177061323807759,-2.6930707783761068,0.8959636534262282,0.026570027435149135,-0.0886013162198432,0.12859554039911822,0.04999999999999993,-0.2,0.3,20
10.1017_s1355770x08004592,-0.6360480012294065,-1.1868817363020896,-0.084599636293424,0.020202814869959007,-0.03094910607949506,0.07028421154806477,0.04999999999999993,0.0,0.15000000000000002,20
10.1016_j.amc.2024.128534,4.4789342836885195,1.6137277905875378,7.113650968607581,-0.40029597676247985,-0.6665057255487684,-0.043226469071446574,-0.15000000000000002,-0.5,0.19999999999999996,20
10.1016_j.chaos.2023.113562,2.2934331710710785,0.6546929160191162,3.7023073174504155,-0.05331767123346265,-0.15109760758129417,0.01136920505328881,-0.050000000000000044,-0.15000000000000002,0.0,20
10.1016_j.copsyc.2021.08.015,0.4512000596541501,-0.5880294652195436,1.8748925621464676,-0.03656219594107679,-0.17908888261899153,0.07945520640189069,-0.050000000000000044,-0.15000000000000002,0.0,20
10.1016_j.chaos.2019.04.015,2.7901168941443357,0.6096066001858466,4.803865774082029,-0.09139378640214124,-0.24735016167183643,0.014119457421381076,-0.050000000000000044,-0.15000000000000002,0.0,20
10.1016_j.jebo.2016.09.015,1.0106740645959986,-0.33104057092874345,2.759307957719836,-0.1389669021860913,-0.3133509338120494,-0.022742745430175466,-0.050000000000000044,-0.15000000000000002,0.0,20
10.1177_0022002714564426,0.8131309225789805,-0.8974089063190271,2.9094529127941784,-0.16862654898457674,-0.3877817580437014,-0.027989628013535998,-0.050000000000000044,-0.15000000000000002,0.0,20
10.1016_j.jebo.2015.12.006,4.848215500539493,1.0421463387238687,8.574134624809092,-0.4836162466718803,-0.9546388022661362,0.011140312159979534,-0.09999999999999998,-0.35000000000000003,0.15000000000000002,20
10.1016_j.jebo.2015.03.009,0.4617263249387573,-2.0921543273965653,2.592854414631622,-0.11438849584158328,-0.29537221545787246,0.01977415356572457,-0.09999999999999998,-0.4,0.2,20
10.1088_1478-3975_12_4_046005,0.09033037047700354,-1.8109389821902269,1.6988498432590475,-0.06491888912590793,-0.21556983838609647,0.06643640176920435,0.0,-0.30000000000000004,0.3,20
10.1016_j.joep.2012.10.004,2.882313036958167,0.8149610118488055,4.60707350201037,-0.04597536290000215,-0.19461374314516997,0.08857834907308022,-0.050000000000000044,-0.15000000000000002,0.0,20
10.1628_0932456042776140,1.6935568948283288,-0.4854951709765793,4.550740344369581,-0.02314332279246445,-0.3252031221476046,0.217671932842379,-0.09999999999999998,-0.35000000000000003,0.1499999999999999,20
10.1016_j.chaos.2022.112413,6.95456623007417,3.742797095667361,9.701263793714418,-0.14880333724766326,-0.47568260252489597,0.022591369747454824,-0.25,-0.6512499999999999,0.14999999999999997,20
10.1016_j.jesp.2020.104096,0.3267156074873805,-0.7030546298898394,1.5436572553701193,-0.10534525299993924,-0.25765504595387173,-0.013306087175437693,-0.050000000000000044,-0.15000000000000002,0.0,20
10.1016_j.obhdp.2018.07.001,1.0078321290870642,-0.45669836242563283,2.834363579163297,-0.08675158743727918,-0.24808477620065902,0.04277331173427264,-0.050000000000000044,-0.15000000000000002,0.0,20
10.1111_lsi.12256,-1.1419728800751399,-2.0720690468493044,-0.16123249232941336,0.058377310985241904,-0.0233644873358084,0.15733419182370176,0.09999999999999998,-0.09999999999999998,0.30000000000000004,20
10.1016_j.obhdp.2015.03.006,0.6366850025599629,-0.5513533952541833,2.168632980920267,-0.08489206763380697,-0.24927476626312944,0.017222404542117875,-0.050000000000000044,-0.15000000000000002,0.0,20
10.1016_j.physa.2015.01.029,7.159179659670593,2.3133784966016555,11.724981000554926,-0.6905226972468415,-1.1478392210180377,-0.10480332561387397,-0.09999999999999998,-0.45,0.25,20
10.1016_j.eswa.2014.02.050,1.2881929187844943,-1.0236531409877696,3.506300367219922,-0.2063411593878256,-0.400959279146903,-0.004415857902923275,-0.2,-0.5499999999999999,0.1499999999999999,20
10.1016_j.jebo.2011.10.020,0.3513630563855843,-1.197972964178073,2.0444215847378318,-0.09745266179158252,-0.284109788065554,0.030306373263766038,-0.050000000000000044,-0.15000000000000002,0.0,20
10.1111_j.1420-9101.2011.02398.x,0.3465651526522535,-0.722143984404843,1.7056129655698273,-0.05018263927588695,-0.18476017000374018,0.04842430573432822,-0.050000000000000044,-0.15000000000000002,0.0,20
10.1016_j.jtbi.2004.12.015,-0.78536183631324,-2.2499214371801766,0.6564854365311701,-0.0503289049378548,-0.23535754648687496,0.1567023425903127,-0.09999999999999998,-0.3,0.09999999999999998,20
10.1016_j.physleta.2023.128837,0.6960320173376591,-1.0487879005033152,2.0648270389834154,-0.12849046580474133,-0.28433882004562216,0.03082207464793675,0.0,-0.19999999999999996,0.19999999999999996,20
10.1016_j.chieco.2022.101826,4.690806173801801,1.1750011052846563,8.006254927524267,-0.29375006432683465,-0.526007458041283,-0.07296589639542861,-0.15000000000000002,-0.55,0.25,20
10.1016_j.evolhumbehav.2021.04.002,0.3785652445391836,-1.9765325233263753,2.38656331616672,-0.10637994051002253,-0.24516581977178484,0.0072310141007195065,-0.15000000000000002,-0.5,0.19999999999999996,20
10.1209_0295-5075_132_10007,1.7178065734895407,0.37386121311452086,2.998473698501508,-0.14351996605314032,-0.3620714108994318,0.045107655353794684,-0.09999999999999998,-0.25,0.0,20
10.1016_j.amc.2020.125063,0.20514442079892614,-1.5140676115796634,1.773795712116473,-0.09826887032448062,-0.293169916171566,0.022189916773677966,-0.050000000000000044,-0.15000000000000002,0.0,20
10.1016_j.jpubeco.2018.06.010,0.8822759689340938,-1.6792521905878466,3.137866147739681,-0.18115183225357884,-0.46077340126420774,0.035597692608937324,-0.09999999999999998,-0.3,0.09999999999999998,20
10.1016_j.jebo.2017.06.006,0.3074981575920326,-0.5836480894499291,1.1817123543911143,-0.02733584905519726,-0.1478401805138143,0.09542873891076031,0.04999999999999993,0.0,0.15000000000000002,20
10.1093_aler_ahw005,0.9216610491993169,-0.8289520389242248,2.3875345917573476,-0.00833209638027943,-0.12846879141313597,0.13956518295273493,0.0,0.0,0.0,20
10.1098_rstb.2015.0011,1.138914843230486,-1.555021182842306,3.6344432717253987,-0.16258426213387128,-0.34050532494883196,-0.0032358996029435223,-0.09999999999999998,-0.44999999999999996,0.29999999999999993,20
10.1016_j.evolhumbehav.2015.06.002,5.466344979425561,2.349063530070991,8.222686410659817,-0.21927958812259918,-0.38810636557040085,-0.02531268493158457,-0.2,-0.6,0.24999999999999994,20
10.1016_j.irle.2013.07.005,1.6936642620819198,-1.249313653148616,4.052026987302144,-0.03480963331528175,-0.12441262594117893,0.029332197721522655,-0.25,-0.7,0.14999999999999997,20
10.1016_j.physa.2012.07.078,0.155553831026368,-1.7607827626023982,1.4567748585846796,-0.09463877421103783,-0.22097410261142564,0.0486385564831058,0.0,-0.20000000000000007,0.25,20
10.1016_j.evolhumbehav.2004.03.002,1.5784116168514961,-1.189597031589083,4.042413555354216,-0.09546404691263466,-0.27766524055388575,0.04981656916924052,-0.09999999999999998,-0.5,0.3,20
10.1016_j.actpsy.2020.103055,0.14861832515764384,-0.7593069009572553,1.0425452335799394,-0.09466726511412393,-0.23816043816280558,-0.008609673681476818,-0.050000000000000044,-0.15000000000000002,0.0,20
10.1016_j.irle.2019.105858,-0.23015942463103123,-2.1844977061298794,1.547469161589835,-0.07558551843894934,-0.27883823814893277,0.041895911312891616,0.0,-0.25,0.25,20
10.1177_0956797618800042,-0.32222469301091294,-1.531830474909383,0.8175034566123954,-0.05198007642698488,-0.2166023698190354,0.09508023449264937,-0.050000000000000044,-0.15000000000000002,0.0,20
10.1016_j.joep.2018.03.003,0.43606160502324265,-0.6129892584676497,1.5825637377219766,-0.06857005946537553,-0.21934478887448813,0.04080203761837919,-0.050000000000000044,-0.15000000000000002,0.0,20
10.1086_696880,-0.5522289803196294,-2.4609819524015353,1.0970776820534165,-0.03364609265322227,-0.14074008178088415,0.09339419276180572,0.04999999999999993,-0.15000000000000002,0.29999999999999993,20
10.1016_j.jpubeco.2016.12.007,0.9703777092570309,-0.6330924697229634,2.925663131516078,-0.10540823593687054,-0.2974000475597682,0.029183095544954483,-0.050000000000000044,-0.15000000000000002,0.0,20
10.1016_j.jebo.2015.09.020,-0.029784971272041716,-1.6803766416586532,1.4525326618700083,-0.06443753277779252,-0.2503303327584702,0.10140098218389441,-0.09999999999999998,-0.35124999999999995,0.15000000000000002,20
10.18564_jasss.1568,1.253085249577837,-0.5975544384496966,2.9445831643395612,-0.1728557766944845,-0.3899915482388893,0.03511528564417153,0.04999999999999993,-0.20000000000000007,0.3,20
10.1098_rstb.2023.0034,1.0304544951682297,-0.11244398402282517,2.352581583538095,-0.07158324472454025,-0.20418125084715502,0.008851539594353823,-0.050000000000000044,-0.15000000000000002,0.0,20
10.1016_j.amc.2023.128168,1.2754734495329876,-0.9041445746207274,2.924143195571029,-0.13681391622400685,-0.3231174712440208,0.06701241634359208,-0.050000000000000044,-0.3,0.19999999999999996,20
10.1016_j.jebo.2021.04.029,-0.3948164319825569,-1.507874512227834,0.5940598393645751,-0.11249697973245576,-0.29660261156470497,0.06511541886824469,0.09999999999999998,-0.09999999999999998,0.3,20
10.1016_j.jebo.2020.10.005,4.477366809909298,2.081748028736238,6.554615709243864,-0.11665699699430454,-0.2590697738263364,0.001163870588655618,-0.050000000000000044,-0.15000000000000002,0.0,20
10.1016_j.socec.2018.03.007,1.3683352434637888,-0.8961939701436209,3.6892609445956808,-0.23159943931265187,-0.4500355561877756,0.004103730568523506,-0.15000000000000002,-0.4,0.15000000000000002,20
10.1209_0295-5075_121_38003,0.5229444376261121,-0.8591806895583416,1.8446352127314247,-0.13057393767266168,-0.30290992685175194,-0.008659138336734989,-0.15000000000000002,-0.35000000000000003,0.050000000000000044,20
10.1016_j.geb.2016.03.002,2.221243312724517,0.08866903914587282,4.405083489747236,-0.1154289120667118,-0.3182559863826846,0.09466550754682282,-0.050000000000000044,-0.35000000000000003,0.29999999999999993,20
10.1177_0894439313511396,2.8336163799741234,-0.09306193636670285,5.583247531336183,-0.08350943590139492,-0.41375378313503747,0.08605192416009526,-0.09999999999999998,-0.45000000000000007,0.3,20
10.1016_j.physa.2013.05.054,6.034134486195437,2.9633463880066695,8.953146110123924,-0.08721120560355389,-0.26678886023562187,0.03314289495616151,-0.2,-0.6,0.2,20
10.1016_j.jtbi.2013.01.004,3.1350381095389492,0.41889607497790576,5.801731821999908,-0.10253147644547755,-0.2535438947425343,0.015819284406726745,-0.25,-0.6499999999999999,0.19999999999999996,20
10.1016_j.physa.2010.12.044,0.041251098478121584,-1.5406483519044367,1.4952491201914915,-0.08864950679676964,-0.24150184358196206,0.012952515358968578,0.0,-0.2512499999999999,0.25,20
10.1016_s0167-2681(00)00159-1,0.5816850940287299,-1.502906226565627,2.460152460567987,-0.07399968673594548,-0.24706800265197412,0.0859698122503635,-0.050000000000000044,-0.25,0.15000000000000002,20
10.1209_0295-5075_128_28001,0.5264417176171321,-0.5790661177587989,1.6506483447289713,-0.06460848389496998,-0.18570547991283234,0.03042572696580043,-0.050000000000000044,-0.15000000000000002,0.0,20
10.1016_j.physleta.2018.05.020,5.824287302838871,2.6946214338950836,9.081925775651225,-0.3014280917729116,-0.5645559461083952,-0.06836030321957262,-0.2,-0.6000000000000001,0.25,20
10.1177_0190272517703750,0.5531075769216471,-1.3135757655854339,2.4223249371437556,-0.16585480050765333,-0.3788387268288582,-0.005752204772104328,-0.050000000000000044,-0.15000000000000002,0.0,20
10.1016_j.physa.2017.01.086,4.245051723671038,0.9942382779420005,7.181256292788818,-0.14700865721508977,-0.2821505601978654,-0.014998240317401984,-0.10526315789473684,-0.4736842105263158,0.3157894736842105,19
10.1016_j.econlet.2017.01.016,2.1677805852725305,-0.5090078004590604,4.457184352507527,-0.09964747728521395,-0.24012438507302775,0.025258726099436832,-0.15000000000000002,-0.55,0.24999999999999994,20
10.1177_0022002714560349,2.8859786741422964,-0.8687615100944052,6.087236247413164,-0.06807571150720315,-0.29085554415895293,0.1255627929343625,-0.2,-0.55,0.19999999999999996,20
10.1016_j.joep.2016.02.008,0.5554691375054004,-0.5792777691414848,2.096043936572561,-0.08645832424148636,-0.25447446275677643,0.02300734090203166,-0.050000000000000044,-0.15000000000000002,0.0,20
10.1016_j.ecolecon.2015.05.011,1.2688698826735507,-0.02675374241833425,2.668538842124692,-0.15591540650750918,-0.3537688196115678,-0.036352987357064534,-0.050000000000000044,-0.15000000000000002,0.0,20
10.1016_j.jebo.2012.12.024,1.5356586712410758,-0.9899204891444852,3.8457760744392293,-0.30517476012449785,-0.5300617162834745,-0.05203469144763176,-0.09999999999999998,-0.35000000000000003,0.15000000000000002,20
10.1177_0022002712448910,-0.4209208474721713,-1.9409769616756232,1.0587070935392129,-0.04267610000244382,-0.2252025804501633,0.09701915341177852,0.09999999999999998,-0.09999999999999998,0.3,20
10.1016_j.comnet.2011.07.011,0.6896096010220738,-1.5970402981358864,2.8791445624578538,-0.13866901914356566,-0.3737197455495394,0.013637362690406869,-0.09999999999999998,-0.44999999999999996,0.25,20
10.5840_beq200919433,2.3100388479633542,-0.07212287512982254,4.681659313190636,-0.13367258187287456,-0.33842844365466557,0.07220107112728025,-0.15000000000000002,-0.5,0.15000000000000002,20
10.1007_s11211-008-0064-1,0.7775887563712454,0.0037449138408684585,1.4667157963051685,-0.003081569576300902,-0.09451132452425502,0.08568648237632136,0.04999999999999993,0.0,0.15000000000000002,20
10.1016_j.jtbi.2005.07.014,-0.7900098374912767,-2.1411158169833193,0.3268525858284779,0.023381497989860556,-0.09083708510922944,0.17515408228707585,0.15000000000000002,-0.050000000000000044,0.35,20
10.1016_j.amc.2024.128646,0.9553842012420324,-0.9392190615391474,2.6316529190231113,-0.15171886811571583,-0.3688645420074063,-0.013264636416125873,-0.25,-0.55,0.10000000000000003,20
10.1109_tcss.2022.3144978,5.51726034605518,2.778851048314258,8.25370911739648,-0.48488148156705674,-0.719499320949717,-0.10340071085512026,-0.15000000000000002,-0.55,0.24999999999999994,20
10.1016_j.chaos.2021.111663,0.4312572460885482,-1.8258024939902773,2.410601481096667,-0.06860986441178885,-0.20187079055787466,0.022202268912506692,-0.25,-0.6,0.050000000000000044,20
10.1016_j.jesp.2022.104284,0.7424957133068393,-0.4593655882758785,2.2453396543033604,-0.10010849803522537,-0.2666440894628837,0.0175448590868375,-0.050000000000000044,-0.15000000000000002,0.0,20
10.1016_j.jrp.2019.103907,-0.06825927075369531,-0.6476162545845016,0.6260819087413342,-0.025898243989323944,-0.1299242871885698,0.047997058158721594,-0.050000000000000044,-0.15000000000000002,0.0,20
10.15195_v6.a14,0.15109984517864028,-1.5674070779122489,1.891609439477129,-0.15689585792492228,-0.2760722173267386,-0.010026430180694993,0.04999999999999993,-0.19999999999999996,0.3,20
10.1086_700767,2.3792757016779005,0.7152299119824568,4.1734427179396985,-0.031776199169496144,-0.27265515026250364,0.17536378502360347,-0.050000000000000044,-0.39999999999999997,0.25,20
10.1016_j.joep.2017.03.007,0.03410894602561054,-0.7371026908322961,0.8815611508954878,-0.022816662635814167,-0.0985652157839109,0.036609060144030044,0.0,0.0,0.0,20
10.1016_j.econlet.2017.05.022,0.27895717408292775,-1.2651568855138908,1.993766462829538,-0.08406513481668287,-0.234717871899001,0.03196710306451249,-0.050000000000000044,-0.15000000000000002,0.0,20
10.1016_j.jtbi.2015.09.009,2.165847304897432,0.4134921464985652,3.7744025203986795,-0.23010890028420666,-0.42662247807795944,-0.08638298474285354,0.0,-0.15000000000000002,0.1499999999999999,20
10.1209_0295-5075_111_60003,0.7429942436304744,-0.7180850900465279,2.5514612875307394,-0.06408089308836984,-0.2144772363102275,0.06070162566487341,-0.050000000000000044,-0.15000000000000002,0.0,20
10.1098_rsos.150223,-0.11427808987026822,-2.358664967998498,1.907352601363957,-0.004672207831791231,-0.14297459019575773,0.10524567842597589,-0.050000000000000044,-0.35000000000000003,0.25,20
10.1016_j.jesp.2015.04.005,0.08304772432783203,-1.2848050448173676,1.2662567681903367,-0.08512065694805504,-0.2553841713823313,0.02154676096274497,-0.050000000000000044,-0.15000000000000002,0.0,20
10.1016_j.jebo.2014.11.004,-0.09679731639741007,-1.2284774367882878,1.0744872299020518,-0.13044451000490043,-0.27067451321427866,-0.029127587689049286,0.04999999999999993,-0.10125,0.20000000000000007,20
10.1016_j.evolhumbehav.2014.02.002,1.1447517941088874,-0.5175983659820186,2.6806456832397063,-0.20939701629984203,-0.4397172112848646,-0.045684539532260975,0.0,-0.25,0.25,20
10.1016_j.chaos.2023.114031,1.8389474164533537,-0.7898538913804783,4.1381089238026725,-0.16016577299683465,-0.3401581766232142,0.06842816377038811,-0.050000000000000044,-0.4,0.3,20
10.1016_j.chaos.2023.113218,8.75676967835178,4.818047435714603,12.418350389480473,-0.7222549034941643,-1.064320363121414,-0.2188869406399017,-0.35000000000000003,-0.7,0.04999999999999999,20
10.1016_j.chaos.2022.112432,0.7780557615317889,-1.4790045316468512,2.7074219018409384,-0.20724094508838753,-0.36857951055685106,0.009399447885639877,-0.15000000000000002,-0.45000000000000007,0.15000000000000002,20
10.1016_j.physleta.2022.128138,0.6253174899885297,-1.8339123381712659,2.5384289266682503,-0.10291033598705202,-0.2891433572262505,0.0048222462688434714,-0.25,-0.6000000000000001,0.15000000000000002,20
10.1016_j.joep.2022.102484,-0.29014989620802467,-1.7857866351312355,1.0135393507261818,-0.05494335153463892,-0.2129570700442705,0.04260086402060265,-0.09999999999999998,-0.25,0.0,20
10.1098_rspb.2021.1773,-0.09963601675867206,-1.5946988534631823,1.2064473469397599,-0.06407878391593347,-0.2320460751013114,0.04695276619788729,-0.050000000000000044,-0.15000000000000002,0.0,20
10.1016_j.jenvp.2018.11.002,0.3098300694443834,-1.7507518069689725,2.009731599942508,-0.07559940064068338,-0.266969858653393,0.03637768407250445,-0.2,-0.5,0.09999999999999998,20
10.1016_j.jebo.2017.07.035,1.0118578564764125,-1.6629782745861788,3.5553793243032414,-0.200091633882636,-0.46030870657862577,0.00491067383062889,0.0,-0.25125,0.29999999999999993,20
10.1016_j.envsci.2014.05.006,0.03642445857254906,-2.240302840831721,1.9528667051871857,-0.05077424575648748,-0.17408070072129073,0.04399113958430096,-0.09999999999999998,-0.4,0.19999999999999996,20
10.1016_j.physleta.2014.11.035,0.9007280815637166,-1.1811523527591739,2.8241539677090106,-0.1185510884470723,-0.3299395994915741,0.06591509924711562,0.0,-0.29999999999999993,0.25,20
10.1098_rsbl.2013.1069,1.0361313108946524,-0.5666055159460177,2.8150014828687224,-0.09932561032135578,-0.3101164664304024,0.04030075071688452,-0.09999999999999998,-0.25,0.0,20
10.1146_annurev-resource-091912-151833,-0.3946988309734776,-2.400106711532512,1.2993341864814762,-0.05180776313371138,-0.19891263961912106,0.060115194313366156,-0.050000000000000044,-0.3,0.20000000000000007,20
10.1093_aler_aht010,0.2864790976026148,-1.9890733518258048,2.6355625882322595,-0.08236495975108071,-0.3005138666115366,0.12903669585383334,0.0,-0.19999999999999996,0.2,20
10.1016_j.beproc.2012.06.001,0.2321986206200508,-1.786712556255019,2.077581014132829,-0.08116712236559465,-0.23993922032110807,0.021536632618063423,0.0,-0.35000000000000003,0.35000000000000003,20
10.1162_EVCO_a_00062,9.598500183511607,5.94074797357656,13.30149153472456,-0.7329818618587445,-1.181205723865799,-0.28047996988556384,-0.15000000000000002,-0.5,0.2,20
10.1088_0253-6102_56_4_07,1.4869461250726355,-1.3084634297065654,3.979409636850298,-0.12715081146751028,-0.2817523518179248,0.029645774842608254,-0.2,-0.55,0.19999999999999996,20
10.1016_j.neucom.2024.128510,1.2739423900147102,0.1814376855997834,2.2834424194762795,-0.06893772930659292,-0.2010546050658437,0.02832773194119102,-0.050000000000000044,-0.20000000000000007,0.09999999999999998,20
10.1016_j.leaqua.2023.101695,4.488314405682938,0.9202329052315532,8.07896580145513,-0.16698153035374913,-0.4436867345484555,0.034273460334224154,-0.09999999999999998,-0.5,0.25,20
10.1016_j.chaos.2023.113552,1.1375127278686206,-0.2816015092372862,2.319014672104601,-0.09013822285760609,-0.19031282594827256,0.006520692783697803,0.0,0.0,0.0,20
10.1016_j.jtbi.2022.111202,-0.5784763881742689,-1.9817405982702037,0.7558895375873541,0.016037598088818883,-0.07975255868879709,0.11434092235707516,0.04999999999999993,-0.25,0.30000000000000004,20
10.1017_ehs.2021.36,-1.311432990165188,-2.425162405274789,-0.4420015597089466,0.041010645474144125,-0.059823585808698176,0.17212427986860182,0.04999999999999993,-0.09999999999999998,0.20000000000000007,20
10.1016_j.jebo.2021.05.003,-0.49582594232624455,-1.814588357419191,0.9102373459107902,0.07262030886766357,-0.09089480205507187,0.2806309791841126,0.0,-0.1499999999999999,0.15000000000000002,20
10.1016_j.leaqua.2019.04.003,5.276345816560199,2.504075704863296,7.432605139228694,-0.04144170380293699,-0.1828109836449429,0.11371038640753417,-0.050000000000000044,-0.15000000000000002,0.0,20
10.1016_j.jpubeco.2019.104053,-0.6710691768776975,-1.8542055701873832,0.44806229677166415,-0.047116464771831845,-0.1884995106677366,0.08596167872397423,0.09999999999999998,-0.09999999999999998,0.29999999999999993,20
10.1080_17470919.2017.1411828,1.4737811806941545,0.060809017048298664,3.240986292327226,-0.07614726099258184,-0.22048706123320955,0.021435883731669186,-0.050000000000000044,-0.15000000000000002,0.0,20
10.1016_j.ins.2016.07.041,11.82375755847708,7.848118641623857,15.398083068250292,-0.7685114792978379,-1.2264762706358758,-0.17532992433660136,-0.2,-0.6,0.24999999999999994,20
10.1016_j.physa.2015.08.053,1.0943165585731451,-0.6248528081637665,2.5983950968258664,-0.06271401271333688,-0.22972294195488577,0.09842257014985774,0.04999999999999993,0.0,0.15000000000000002,20
10.1007_s10144-013-0423-0,0.2412731476341543,-1.7678316648868648,2.1607186634634608,-0.1335525402037412,-0.2614112081708518,-0.014489082580190767,-0.09999999999999998,-0.39999999999999997,0.19999999999999996,20
10.1016_j.jtbi.2012.09.012,-0.09923788562571012,-1.4230245659939786,1.0799516356077719,-0.13055181962905638,-0.26770965594070656,-0.017384199257181168,0.0,-0.15000000000000002,0.15000000000000002,20
10.1016_j.econlet.2012.08.002,0.9058205223436806,-0.4480650745345474,2.5130121962947936,-0.11408533123329323,-0.2736861456425058,-0.001642634617092392,-0.050000000000000044,-0.15000000000000002,0.0,20
10.1016_j.jebo.2011.01.005,-0.2854507664349262,-0.8456073165891879,0.34221094719423595,-0.03416279820542223,-0.1077801690232942,0.024471477039018082,0.0,0.0,0.0,20
10.1007_s10588-009-9056-4,5.42121971091314,2.4420638357581925,7.875906897188225,-0.5052583004405294,-0.889888323705777,-0.1119531723100639,-0.15000000000000002,-0.5,0.19999999999999996,20
10.1177_001872677002300105,0.9280319531724075,-0.8543635750697682,2.5343243060274294,-0.09600530317621525,-0.3362195331089473,0.11901419365832439,-0.09999999999999998,-0.3,0.09999999999999998,20
10.1098_rsif.2024.0019,1.071527856969671,0.06393286144604018,1.9836654669419478,-0.07300634976274678,-0.14757263067443904,-0.016464666010756766,-0.050000000000000044,-0.15000000000000002,0.0,20
10.1016_j.amc.2023.128350,1.9409365260211482,-0.3443457125372988,3.9671189504908337,-0.2050064406978433,-0.4330920334298752,-0.020764906177650973,-0.050000000000000044,-0.35000000000000003,0.3,20
10.1016_j.physleta.2022.128302,-0.18250187333912748,-1.7549255432762052,1.2145491949541365,-0.07413652113913372,-0.18641232517806136,0.03581877180770524,0.09999999999999998,-0.19999999999999996,0.35000000000000003,20
10.1287_orsc.2021.1521,0.4981469716129805,-0.8716421764111676,2.111115519454002,-0.10550490689319614,-0.30556498048033076,0.017943468344140796,-0.050000000000000044,-0.15000000000000002,0.0,20
10.1016_j.joep.2021.102448,0.46269084521763837,-1.269165129801216,1.9262459044044198,-0.1904370196041153,-0.3715560750989614,-0.037115275771004624,-0.050000000000000044,-0.25,0.15000000000000002,20
10.1098_rspb.2021.1611,2.1699859152235694,0.10490038961501552,4.407997195369941,-0.10238906492420952,-0.28019723636043287,0.029220994319126458,-0.050000000000000044,-0.15000000000000002,0.0,20
10.1016_j.chaos.2020.109715,0.8477548764646308,-1.2221001175829656,2.599406193809736,-0.14400171875364737,-0.36972950752339034,0.0476503146067779,-0.050000000000000044,-0.30000000000000004,0.19999999999999996,20
10.1016_j.chaos.2019.109422,-0.013806122990463798,-0.9352898766861752,0.7489133188721551,-0.08078543740963728,-0.16135166045258323,-0.013202835937948723,0.0,0.0,0.0,20
10.1016_j.socec.2016.10.003,0.2598439333642588,-1.5761561572822753,1.9538859522890013,-0.08270380855149662,-0.244133539448246,0.009864489100971981,-0.050000000000000044,-0.35,0.25124999999999886,20
10.1016_j.jebo.2016.06.003,1.0309138242506268,-0.21293458101462848,2.0427615323760633,-0.12269488906651804,-0.320864873407417,0.007096001203885061,-0.050000000000000044,-0.15000000000000002,0.0,20
10.1016_j.tpb.2015.06.005,9.188877045294806,5.863880432560353,12.239775141982616,-0.6221783331650601,-0.9270602615570208,-0.20775305872774788,-0.15000000000000002,-0.5,0.2,20
10.1016_j.geb.2013.06.012,-0.0648595138152972,-2.092589353935113,1.5977220894452921,-0.052375127765982965,-0.15887875431969828,0.021094601334426814,-0.09999999999999998,-0.35,0.10124999999999895,20
10.1287_mnsc.1100.1271,0.3379101155315274,-0.5889613541005883,1.473039827400332,-0.048934473627826325,-0.17073139246323976,0.034633116954753074,-0.050000000000000044,-0.15000000000000002,0.0,20
10.1016_j.jtbi.2006.05.004,3.091720390802961,1.12160782319366,5.068193641568182,-0.10501593161886735,-0.24901864230560652,0.008715617755718772,-0.050000000000000044,-0.15000000000000002,0.0,20
10.1016_j.amc.2024.128864,0.3422376051189904,-1.0710857704482615,1.9299014389920157,-0.08492452492192926,-0.24609168066791254,0.04767838625113291,-0.050000000000000044,-0.15000000000000002,0.0,20
10.1016_j.amc.2022.127612,1.8908488355098472,-0.6977244202562681,4.358283748786049,-0.2262614752301927,-0.5144046909202261,-0.04148270207843132,-0.2,-0.55,0.15000000000000002,20
10.1037_dev0001183,1.3099921812842696,-0.9019716256608296,3.3209832634951164,0.010828399244917075,-0.14541740722148566,0.13964337868336077,-0.2,-0.6012500000000001,0.2,20
10.1016_j.jebo.2021.02.016,0.7260760997466669,-0.8468237541854753,2.2916856674766812,-0.14050825430956682,-0.33257136339493654,0.006628414357179973,0.0,-0.15000000000000002,0.15000000000000002,20
10.1016_j.ecolecon.2019.106432,4.190768958005543,0.5454750138893387,7.67526557570572,-0.21704703987570578,-0.4538039500919389,-0.018077841784353815,-0.2,-0.6,0.2,20
10.1016_j.jtbi.2019.05.019,2.2198949124706173,-0.6709783066176614,4.694663425021063,-0.24605169080146355,-0.5403379126314626,0.009352299275637905,-0.050000000000000044,-0.30000000000000004,0.19999999999999996,20
10.1016_j.jebo.2018.11.020,0.26390322044211967,-0.923621985608873,1.338411247044467,-0.09370639128937175,-0.23415424937096113,-0.002334694276257437,-0.050000000000000044,-0.19999999999999996,0.0,20
10.1016_j.econlet.2018.07.043,-0.5077901021157878,-1.8623857053366697,0.871608545143207,-0.0033129418318538217,-0.15263371714630297,0.1159529224210486,-0.050000000000000044,-0.25,0.15000000000000002,20
10.1098_rspb.2018.1508,-0.2326284143738393,-1.041813086620409,0.41102301459819646,-0.03005902064484922,-0.08676886524443583,0.039644333889656685,0.0,0.0,0.0,20
10.1016_j.jecp.2018.01.015,2.1799773628614725,-0.5399922098664374,4.709082158810501,-0.10892353243863973,-0.28933428735154054,-0.0061695285036701,-0.2,-0.6000000000000001,0.2,20
10.1016_j.physa.2017.09.046,1.7034471363520973,-0.5738303186253955,3.597713458210466,-0.24586646883479135,-0.45595473318528984,0.013676742841929053,-0.2,-0.55,0.15000000000000002,20
10.1016_j.geb.2015.10.001,1.5520148920023997,0.317541888448483,2.886341300727629,-0.07805218296161676,-0.20660048581365328,0.00868322526677868,-0.050000000000000044,-0.15000000000000002,0.0,20
10.1016_j.jebo.2016.09.012,0.3718719750097046,-1.5777023965376715,1.9665825177755045,-0.08967744951696532,-0.2637303641067576,0.025458941480882725,-0.15000000000000002,-0.44999999999999996,0.14999999999999997,20
10.1016_j.jpubeco.2016.09.001,0.11185451935912116,-0.747510846039601,0.9185989451638835,-0.02372293433752759,-0.11802798054433308,0.04851510302378343,-0.050000000000000044,-0.15000000000000002,0.0,20
10.1016_j.jmateco.2013.07.003,0.3096586282351943,-0.9535241717014249,1.4138916195443088,-0.08736188444737591,-0.214419282168816,0.06463081009830672,0.09999999999999998,0.0,0.25,20
10.1016_j.physleta.2024.129652,0.5629111193180814,-1.5512746455357074,2.911292331623516,-0.06388283239921966,-0.32354625262071274,0.15570449523075938,0.09999999999999998,-0.15000000000000002,0.35,20
10.1016_j.chaos.2024.115095,2.336463498404643,-0.3194962442615918,4.605141036909057,-0.3378909629192089,-0.5703747991223334,-0.04888474639509129,-0.09999999999999998,-0.35124999999999995,0.15000000000000002,20
10.1098_rsos.230969,0.6287604025820972,-1.2073725076198947,2.2930423777940434,-0.1410803029497547,-0.27946704958873575,-0.01083179153220005,0.0,-0.24999999999999994,0.25,20
10.1016_j.obhdp.2022.104152,0.8289320433788863,-0.6104530535781333,2.615629604271733,-0.15803595356165018,-0.3387250595979805,-0.023142509168065407,-0.050000000000000044,-0.15000000000000002,0.0,20
10.1016_j.socec.2021.101716,0.6046989661210276,-1.5093444203648732,2.2180649969189488,-0.11216882596605326,-0.3051337260995241,0.02834436146031064,-0.15000000000000002,-0.4,0.09999999999999998,20
10.1016_j.physleta.2020.126867,4.934943080711251,1.6784364061155475,7.862644710781882,-0.1551842207215019,-0.38043387579353277,0.03608355539119334,-0.2,-0.55,0.2,20
10.1016_j.geb.2020.07.004,1.3843991757308318,-0.8938978504609885,3.4002544872100593,-0.08562255738140423,-0.23071772096821958,0.09427802014158435,-0.25,-0.6499999999999999,0.14999999999999997,20
10.1088_1742-5468_abb236,1.7133905232776465,-1.1189187933610836,4.206201814767557,-0.05246923230455136,-0.17047395301928037,0.06104776556444382,-0.2,-0.55,0.20124999999999887,20
10.1016_j.joep.2019.102190,0.8905054757736819,-1.4048216207011242,3.243202888029696,-0.20995417161703295,-0.4440538277489784,-0.006197549326475493,-0.15000000000000002,-0.45,0.1499999999999999,20
10.1098_rsos.181441,0.4825904269247401,-0.81462600071307,2.078284992639067,-0.08907971846634011,-0.2578042609753662,0.0321529255044177,-0.050000000000000044,-0.15000000000000002,0.0,20
10.1162_ARTL_a_00251,0.8963061490628528,-0.2706706336345397,2.2509577337155013,-0.0730883087171087,-0.2013765592145291,0.016295950944490125,-0.050000000000000044,-0.15124999999999994,0.0,20
10.1016_j.chaos.2017.10.016,4.8715269437838105,2.260015082699004,7.445954558614745,-0.3538635144472203,-0.6130461125692722,-0.02608945111480349,-0.2,-0.55,0.15000000000000002,20
10.1017_s1744137416000527,4.042219047767365,0.7911062335744431,7.015040016701781,-0.10330305881575619,-0.2638575002401383,0.004871792106549314,-0.25,-0.6499999999999999,0.19999999999999996,20
10.1111_geer.12103,0.6757036988963518,-0.5895414640675398,2.097387894666361,-0.069909073522331,-0.22458720475666058,0.040413846945348615,-0.050000000000000044,-0.15000000000000002,0.0,20
10.1016_j.jtbi.2016.02.012,0.085729260305075,-0.6749150282041126,1.0084176152373128,-0.040329866096032174,-0.16733680744708607,0.056449504867052275,-0.050000000000000044,-0.15000000000000002,0.0,20
10.1177_0951629814539199,0.5458601709486821,-1.3072831848954578,2.1695468479622426,-0.10479292733366896,-0.28227773524630834,0.003856429007027962,-0.25,-0.55,0.050000000000000044,20
10.1016_j.socec.2014.09.001,-0.20274547383891495,-1.7486711136522046,1.302477991277021,-0.11558124049849317,-0.26145116204628116,-0.025446508543312343,-0.050000000000000044,-0.20000000000000007,0.10000000000000003,20
10.1016_j.physa.2014.06.041,1.431665761590419,-0.45454277412965066,2.831151422202121,-0.21278997755178164,-0.37697612067642394,-0.0027059738557553064,0.0,-0.20124999999999998,0.25,20
10.1098_rsbl.2014.0388,0.2793420331213943,-1.7897843433510856,2.109750780780945,-0.10011560847127043,-0.2825819860787069,0.006224219764175692,-0.050000000000000044,-0.35124999999999995,0.3,20
10.1016_j.jebo.2013.08.006,-0.14852681530169498,-0.9963430494268157,0.76017178758645,-0.04787215112154197,-0.195774167767781,0.06630504674067667,-0.050000000000000044,-0.20000000000000007,0.10000000000000009,20
10.1007_s11432-023-4170-3,1.06056911265952,-0.328107224272122,2.854642132789995,-0.06115363038277477,-0.21603443200179684,0.05634431520209658,-0.050000000000000044,-0.15000000000000002,0.0,20
10.1016_j.chaos.2024.115778,0.9977561175891383,-0.12663307727600123,2.1884439485575142,-0.05554537900766143,-0.15560623367746068,0.01533236454457287,-0.050000000000000044,-0.15000000000000002,0.0,20
10.1016_j.chaos.2024.114651,-0.260074598247674,-1.6942329658072062,1.1129962039133758,-0.07756018863343206,-0.24267029107680765,0.07972105948809281,0.0,-0.25,0.25,20
10.1016_j.amc.2024.128553,0.39777561539160544,-1.1758913025559277,1.8920256569385352,-0.14871765461059472,-0.3368833687323165,-0.017722241596096994,-0.050000000000000044,-0.15000000000000002,0.0,20
10.1016_j.chaos.2023.114011,2.5891681916854834,-0.08639447382466303,5.173138493167582,-0.173587543976841,-0.41060766837974544,-0.0061460887227769295,-0.25,-0.6000000000000001,0.15000000000000002,20
10.1016_j.physd.2023.133836,-0.2782450051469034,-1.3040965344338027,0.7513199782051104,-0.09244128673524299,-0.22507841058715022,-0.0018424272128997753,0.04999999999999993,0.0,0.15000000000000002,20
10.1098_rsos.211983,1.2610627231368952,-0.08130616913171951,2.779319746803723,-0.08916716834334393,-0.21980441761468658,0.003709265051391408,-0.050000000000000044,-0.15000000000000002,0.0,20
10.1016_j.physa.2022.128165,0.4506313059733511,-1.3122027769527034,1.9615926794704714,-0.1730250690998884,-0.33118794555319725,-0.03418733886844502,-0.15000000000000002,-0.44999999999999996,0.15000000000000002,20
10.1098_rspb.2021.2174,0.9658457535342526,-0.45123425010463564,2.6612844444905464,-0.0982465756217884,-0.24784689612763913,0.009116619168951123,-0.050000000000000044,-0.15000000000000002,0.0,20
10.1016_j.jmp.2021.102640,-0.367706500367146,-2.2728255345786392,1.6427180677238433,0.013307276733865891,-0.09668727626035152,0.1508717909414139,-0.09999999999999998,-0.4,0.2,20
10.1016_j.physleta.2022.127969,0.27330831511411446,-0.6433748407781588,1.1173648612138873,-0.03567829891173513,-0.13996519567673407,0.06967349321489592,0.0,0.0,0.0,20
10.1016_j.physa.2021.126839,1.7638105098522514,0.4830033473684229,3.183283476739298,-0.13843993859026593,-0.2856104030740679,-0.012278024358349002,-0.050000000000000044,-0.15000000000000002,0.0,20
10.1037_xge0001004,4.212480317136257,1.1614905824511024,7.1566075844208195,-0.11571243336469828,-0.4887928534736977,0.1495787978865478,-0.09999999999999998,-0.45000000000000007,0.29999999999999993,20
10.1016_j.jebo.2021.04.032,0.7077308646366882,-0.5949218366076354,2.5195809738005264,-0.110757384227688,-0.2977098727204112,0.009518057583100075,-0.050000000000000044,-0.15000000000000002,0.0,20
10.1016_j.jebo.2020.03.035,-0.3223544623420862,-2.221514613674714,1.4957447097393939,-0.09631742315055558,-0.2806260940179511,0.04337718514890072,0.0,-0.20124999999999998,0.25,20
10.1016_j.socec.2019.101478,0.8705245708192786,-1.08231166572549,2.649567035486338,-0.12954410633522406,-0.3638299900913138,0.06441893073436904,0.0,-0.19999999999999996,0.19999999999999996,20
10.1098_rspb.2019.1943,2.3001137749685414,-0.4256972038086537,4.663269682173083,-0.12433697803328492,-0.31690959216196,0.021321569293422472,-0.25,-0.65,0.15000000000000002,20
10.1016_j.jtbi.2015.12.016,2.4387177077154343,-0.46562668673376906,5.15503385799428,-0.12505815985750257,-0.3128006648788687,0.12044473271854297,-0.09999999999999998,-0.45000000000000007,0.29999999999999993,20
10.1628_093245616x14500948554072,2.0369782664606833,0.0231829285492472,4.036275748131687,-0.06845663091777154,-0.2254593561281882,0.051844654982709355,-0.050000000000000044,-0.15000000000000002,0.0,20
10.1177_0951629815586885,0.48027211460351804,-1.4613208704584981,2.268259200558637,-0.15826653710627253,-0.3660446092928673,0.03043794704391963,-0.15000000000000002,-0.44999999999999996,0.1499999999999999,20
10.18564_jasss.2647,1.1938129253797447,-0.9053832905811242,3.3150170923869964,-0.20958900276205622,-0.4626106973916637,0.0017491106107855986,-0.050000000000000044,-0.39999999999999997,0.25,20
10.3989_ris.2011.09.03,0.8591832189179165,-1.212909792216186,2.718298722746094,-0.14657542483687885,-0.35118836551976335,0.06515315183013588,-0.09999999999999998,-0.4,0.25,20
10.1016_j.physa.2011.10.009,-0.19155294390364297,-1.4131153517762562,0.8588820876523868,-0.152545241962938,-0.3074885332468052,-0.018819909248873785,0.04999999999999993,-0.09999999999999998,0.20000000000000007,20
10.1063_5.0268194,0.4521037383998312,-1.1427271490431554,1.6991700922841118,-0.10981538823714432,-0.25024838845885605,0.015695074702397768,-0.050000000000000044,-0.35,0.25,20
10.1038_s41598-024-80733-3,6.458387398367049,3.1219403280007345,9.405627880345081,-0.4374473719651284,-0.6411754161281066,-0.16554767559414743,-0.25,-0.6000000000000001,0.14999999999999997,20
10.1016_j.jebo.2023.11.003,1.4967677681305647,-1.4961522793010138,4.225298112892283,-0.08162316655172575,-0.33921537292930615,0.09118837910745005,-0.15000000000000002,-0.5,0.19999999999999996,20
10.1016_j.jebo.2023.10.029,0.3427118093438768,-1.1526823223757265,1.5791568743621485,-0.11942056848505755,-0.2759371936338066,0.01041894682344416,-0.050000000000000044,-0.24999999999999994,0.09999999999999998,20
10.1111_bjso.12687,-0.44855720917785025,-1.1309892466858564,0.21559359942254222,-0.007894646276435546,-0.06552755079156763,0.032372980015248534,0.0,0.0,0.0,20
10.1177_01902725221132517,0.2708860806843294,-2.1682342682264806,2.4134206520746795,-0.10316891398470263,-0.2477735206616449,0.027752312664750183,-0.15000000000000002,-0.45000000000000007,0.19999999999999996,20
10.1086_720287,-0.7640876891868897,-1.95568553190807,0.3477963010579768,-0.040682825870397954,-0.1414901291618004,0.04011727439692209,0.0,0.0,0.0,20
10.1016_j.physa.2022.128097,1.023089804747026,-1.393456698398032,3.234062763760836,-0.16402399886993807,-0.3989502488257177,0.07863192816821736,-0.09999999999999998,-0.44999999999999996,0.2,20
10.1016_j.copsyc.2021.08.033,0.13847809499341057,-0.7691369354471801,1.1782863780437807,-0.05546821954022707,-0.17940436609309496,0.03437970844728289,-0.050000000000000044,-0.15000000000000002,0.0,20
10.1098_rsif.2022.0082,0.10599104229133616,-2.3836255837194846,2.4633153593533397,-0.014475157952623219,-0.22029373917131195,0.14429237043043816,-0.050000000000000044,-0.35,0.25,20
10.1016_j.jebo.2021.05.035,2.5854781164005862,-0.24638751898777422,5.168119349076023,-0.2868253663385265,-0.5516262745667404,0.013536420660682797,-0.15000000000000002,-0.44999999999999996,0.1499999999999999,20
10.1016_j.jpubeco.2020.104347,0.4257876982634148,-1.4662630477208038,2.0441765316384326,-0.09569481350542308,-0.2556251242253555,0.009976171665769645,-0.15000000000000002,-0.45000000000000007,0.15000000000000002,20
10.1016_j.socec.2019.02.006,0.027615884272782942,-0.8650026161180814,0.9690343794136188,-0.02703161491153694,-0.15041217639984453,0.08447694979612821,-0.05263157894736836,-0.26315789473684215,0.1578947368421053,19
10.1016_j.socec.2018.09.006,0.4390983028778921,-2.05715596083818,2.7306467857875285,-0.16460161130888729,-0.40354646161190116,0.11679422054401549,0.0,-0.3157894736842105,0.3157894736842105,19
10.1016_j.amc.2018.02.017,13.045894056082332,9.829008240498815,16.4351868911011,-0.7194659010458047,-1.070505828298703,-0.27711130633651143,-0.30000000000000004,-0.65,0.10000000000000003,20
10.1016_j.physleta.2017.09.041,0.8024165065206459,-1.1944386163295637,2.5680670486392962,-0.13764572180456314,-0.3467084862518519,0.03121137444759984,0.04999999999999993,-0.2,0.29999999999999993,20
10.1016_j.jet.2017.05.005,-0.8068178076176151,-2.1723294473943593,0.5619234485424555,0.004286699583337383,-0.15583826357141592,0.21763931023400107,0.0,-0.25,0.25,20
10.1016_j.joep.2016.03.002,1.1977945049906662,-1.411470593984802,3.4002325869688845,-0.2451952887894212,-0.46194031930301543,-0.04829092159191044,-0.15000000000000002,-0.45,0.14999999999999997,20
10.1016_j.physleta.2015.07.032,0.2604571315418944,-0.5659734456942815,0.9709843237335358,-0.016554742652038268,-0.09610105049011115,0.0708279568478856,-0.050000000000000044,-0.15000000000000002,0.0,20
10.1016_j.socec.2013.02.017,-0.22849031929286756,-1.7273742257593843,1.1470143377935298,-0.08006771387368283,-0.24763252019131832,0.038531179103397775,-0.050000000000000044,-0.15000000000000002,0.0,20
10.1016_j.nonrwa.2009.01.009,0.4923217256564838,-0.3137634069264801,1.53998639136618,-0.08622757200453879,-0.20507561887688835,-0.013909689918427571,-0.050000000000000044,-0.15000000000000002,0.0,20
10.1016_j.geb.2009.07.007,4.1154011906919115,1.0811379160291708,6.790417148067045,-0.20534129347967045,-0.44061215803513704,0.004780308620677544,-0.15000000000000002,-0.55,0.25,20
10.1628_093245607780182008,0.20226371839180501,-1.1244909507479628,1.440064016950206,-0.09108939625265078,-0.2729479697223707,0.02678526089108909,-0.09999999999999998,-0.25,0.0,20
10.1006_game.1994.1035,-0.08924465535510961,-1.4787007208457426,1.2438387420297174,-0.09958850440952949,-0.20441519380742615,-0.024728515606555812,0.04999999999999993,-0.15000000000000002,0.2512499999999989,20
10.1063_5.0256342,5.749797990500544,2.325706433105346,9.028714765981578,-0.31177333866957485,-0.5906564911689541,-0.010985548071150125,-0.09999999999999998,-0.44999999999999996,0.25,20
10.1073_pnas.2408802121,-0.4780291736479292,-2.0386514104079274,0.936187901718224,-0.04792336152161891,-0.12470781779376591,0.03651912110086434,0.04999999999999993,0.0,0.15000000000000002,20
10.1037_pspi0000474,1.0642642851175772,-1.1181643440938454,3.1421591074550297,-0.1631905826070566,-0.34293967419150095,-0.0009099612409106853,-0.15000000000000002,-0.55,0.25,20
10.1016_j.amc.2024.128836,0.8204482198896459,-1.6077254932355023,3.1662724051234883,-0.16908422415526758,-0.3360536941983981,-0.038776665583280294,-0.15000000000000002,-0.45,0.15000000000000002,20
10.1016_j.jesp.2023.104566,1.1434548444539283,-0.16419297663664678,2.719321568752558,-0.09764078944641796,-0.2451918550671526,0.015321566945795203,-0.050000000000000044,-0.15000000000000002,0.0,20
10.1111_cogs.13326,1.375228435134745,-0.12017736788421511,2.8031144257479963,-0.055301377201892876,-0.18113128018311028,0.0380078858461378,-0.050000000000000044,-0.15000000000000002,0.0,20
10.1016_j.actpsy.2023.103957,0.7131563445269204,-0.41958621136707763,2.014508574468483,-0.08883569049599149,-0.23822743596377696,0.01160825095663067,-0.050000000000000044,-0.15000000000000002,0.0,20
10.1016_j.evolhumbehav.2022.10.002,1.8535349580979412,0.03328912739852155,3.39002201425622,0.04456671466824769,-0.05747567634952395,0.19855196379095832,0.0,0.0,0.0,20
10.1016_j.socec.2021.101692,2.919730798405973,0.24217879490551533,5.598886954514478,-0.3242548767803393,-0.7349139586706332,0.0017497397723882301,-0.09999999999999998,-0.39999999999999997,0.19999999999999996,20
10.1017_xps.2020.10,1.9474363877830596,-0.8726314337319664,4.381112133484976,-0.06286135022487493,-0.2101860502912532,0.05139811989839746,-0.2,-0.6,0.19999999999999996,20
10.3982_te2404,3.2438811551888707,-1.0864454131155439,7.525780722569539,-0.30152862359265986,-0.908736647224558,0.3015891918440646,-0.050000000000000044,-0.35000000000000003,0.25,20
10.1016_j.jebo.2019.05.033,1.2416854346943333,-1.3040848653681707,3.3412297319641864,-0.02038373363763757,-0.17261073097537935,0.10356574496575466,-0.2,-0.6,0.19999999999999996,20
10.1016_j.physa.2018.09.194,0.5853557379088956,-0.5792134994972536,2.0071704854452497,-0.08499093898502907,-0.247721223198608,0.022222626688862785,-0.050000000000000044,-0.15000000000000002,0.0,20
10.1016_j.chaos.2018.03.029,2.6916932230221438,0.8240490966351138,4.619619711378548,-0.04087278381712989,-0.1660677072096585,0.05523132781459332,-0.05263157894736836,-0.15789473684210525,0.0,19
10.1016_j.jebo.2017.01.006,-0.4153665117802774,-1.903996618053311,0.9547595896097915,-0.02515751323373605,-0.1293542836689002,0.08180903136848962,-0.050000000000000044,-0.24999999999999994,0.09999999999999998,20
10.1016_j.jtbi.2016.03.017,5.579872857099834,2.943376780562815,8.224286680647985,-0.42490914580777306,-0.7840272087226876,-0.011991566958794334,-0.30000000000000004,-0.65,0.09999999999999998,20
10.1016_j.physa.2015.12.128,-0.7854142243872806,-1.6930809232429764,0.10152434700063984,-0.031495201477713786,-0.13790850768072355,0.0931330265293662,0.09999999999999998,0.0,0.25,20
10.1016_b978-0-12-404681-8.00010-8,-0.5930478242646249,-1.9960463428389197,0.865050841814449,-0.0025460798457582756,-0.1815173858288732,0.1538292307047956,0.0,-0.24999999999999994,0.25,20
10.1016_j.chaos.2013.07.016,5.3603770214485165,2.1618118118014005,8.150660546507874,-0.10629572663317655,-0.27275686726398085,0.010396537781502038,-0.2,-0.6,0.24999999999999994,20
10.1016_j.jebo.2011.01.018,-0.28292284628403763,-1.847825776570315,1.274672119601923,-0.05068219023757814,-0.15940448855059325,0.027306262631249755,-0.15000000000000002,-0.45000000000000007,0.19999999999999996,20
10.1016_j.jesp.2024.104695,1.2975552258319665,-0.3045928447959164,3.072722123033489,-0.10229641809836221,-0.3042472163051362,0.023546510209927353,-0.050000000000000044,-0.15000000000000002,0.0,20
10.1038_s41598-024-69206-9,0.6961361764682295,-0.8569684856603236,2.2923441233839736,-0.10234161053628033,-0.3064412719996808,0.03343830234248699,-0.050000000000000044,-0.15000000000000002,0.0,20
10.1016_j.chaos.2024.114859,-0.3143452296879028,-1.4879532962666953,0.8751776256391746,-0.04704324875072885,-0.19501972259888606,0.07640735839422567,0.09999999999999998,-0.09999999999999998,0.3,20
10.1016_j.euroecorev.2024.104682,4.173281517390001,0.7807290816130372,7.233190276735659,-0.18486131957209873,-0.44677808117181717,0.007957726745756464,-0.2,-0.6,0.2,20
10.1016_j.jeem.2023.102895,1.8583443332038643,-0.949508182501463,4.4569407393462015,-0.18531240083380557,-0.47628140291003707,0.06614110093939796,0.0,-0.24999999999999994,0.24999999999999994,20
10.1016_j.jebo.2023.09.006,0.565125283988829,-2.022198460570223,2.9123405744432485,-0.08917613260224744,-0.2668816998230069,0.03623932669376824,-0.050000000000000044,-0.35,0.24999999999999994,20
10.1016_j.socec.2023.102081,2.774066050890304,-0.4521876374307409,5.738777158637439,-0.2074950906640134,-0.6090686452564824,0.10458302688731533,-0.09999999999999998,-0.44999999999999996,0.25,20
10.1007_s12144-023-05029-7,0.33353527251400905,-0.41607700204249165,1.130470863486476,-0.09579946952578677,-0.20497511423261655,-0.01770486123086981,-0.050000000000000044,-0.15000000000000002,0.0,20
10.1016_j.amc.2023.128247,0.37783673043569976,-0.6301669665037111,1.1653967712988489,-0.1451752021920953,-0.3026733963770204,-0.019202114415977047,0.04999999999999993,-0.10000000000000009,0.24999999999999994,20
10.1016_j.jebo.2023.01.012,0.10643631346992688,-1.253343369012484,1.3062914605692393,-0.08514933898529298,-0.2556277121690573,0.009481629767886565,-0.050000000000000044,-0.15000000000000002,0.0,20
10.1016_j.chaos.2022.112987,-0.2801744379149911,-1.8337297617875306,0.9889588237161633,-0.06621281176683447,-0.2568164516294224,0.15988578200384426,0.04999999999999993,-0.20000000000000007,0.30000000000000004,20
10.1016_j.amc.2022.127578,0.989080997806405,-1.2115018297242994,2.8989973720269124,-0.24384989758285697,-0.46279938648091457,-0.057194241360433974,-0.15000000000000002,-0.45,0.15000000000000002,20
10.1016_j.ejpoleco.2021.102119,-0.5799469076738806,-1.7588219806279424,0.49110436175873057,-0.019915250037804366,-0.08401299342057682,0.04430481400840895,0.04999999999999993,0.0,0.15000000000000002,20
10.1037_pspa0000301,1.7061158828967846,-0.12442461405734201,3.8963797760015626,-0.08048821108131043,-0.2236630846082467,0.038085547250715876,-0.050000000000000044,-0.15000000000000002,0.0,20
10.1016_j.chaos.2022.111973,3.263775929865001,0.24641125260444718,5.928118583548793,-0.17584972649540298,-0.3417702742963982,-0.028114078946238737,-0.2,-0.6,0.2,20
10.1016_j.joep.2021.102452,0.3931699481808648,-1.393951518144832,1.9653368327878582,-0.06625740982247807,-0.19271469731064694,0.006526731496935737,-0.15000000000000002,-0.45000000000000007,0.15000000000000002,20
10.1016_j.physleta.2020.126904,1.757610629026467,-1.0015023365698972,4.395174625160783,-0.23643494771722395,-0.47998810369977013,0.05481719657304547,-0.050000000000000044,-0.35,0.20000000000000007,20
10.1016_j.econlet.2020.109155,-0.8467320897687456,-1.7264328765397707,-0.11876732195055768,-0.07652808672295197,-0.18653389909550055,0.01413904436173482,0.0,-0.14999999999999997,0.15000000000000002,20
10.1016_j.physa.2019.121796,2.0980988181639573,0.05235697417945403,4.098426788736909,-0.2551518752610644,-0.5272140738481964,-0.02915985913702676,-0.09999999999999998,-0.25,0.0,20
10.1037_npe0000099,2.1603930827547577,-1.0431311179816436,5.31402382677832,-0.2171973541236089,-0.4858941005266137,0.03220674022214708,-0.09999999999999998,-0.44999999999999996,0.20000000000000007,20
10.1016_j.socec.2018.05.007,1.490692029028641,-0.2277513117707839,3.4752980345808986,-0.06852976124425658,-0.21892011261309746,0.05986466535605146,-0.050000000000000044,-0.15000000000000002,0.0,20
10.1016_j.euroecorev.2018.05.004,3.0935158354126804,0.804089648393625,5.1031632033383305,-0.04108165720291701,-0.20504115709153414,0.11812846959538094,-0.050000000000000044,-0.15000000000000002,0.0,20
10.1016_j.euroecorev.2013.11.012,-0.03322266859108769,-0.7233841233019318,0.6151306277588274,-0.02764382469296678,-0.07341584552324938,0.01587281831815739,-0.050000000000000044,-0.15000000000000002,0.0,20
10.1016_j.socec.2011.04.001,-0.28848576271180004,-1.4654188936392114,0.6660957189809347,-0.08177127810109486,-0.20662324764568588,-0.0032253653754279435,-0.050000000000000044,-0.15000000000000002,0.0,20
10.1037_1089-2680.11.2.142,5.266255691051369,2.006958350906978,8.537487748033017,-0.5282553021589793,-0.9076925529763114,-0.13301425282066517,-0.15000000000000002,-0.5,0.19999999999999996,20
10.1007_s11538-025-01422-4,0.8403253346746151,-0.6172872762670252,2.2162674413364587,-0.11702258314205793,-0.2659380421716998,0.007285649028486556,-0.050000000000000044,-0.29999999999999993,0.15000000000000002,20
10.1016_j.chaos.2025.116297,6.05929164821485,2.4031168021349836,9.33964087464712,-0.574900737888437,-0.8275269850737836,-0.1640040364127029,-0.050000000000000044,-0.44999999999999996,0.30000000000000004,20
10.1177_10597123241302837,-1.032719664830843,-1.7371008562192611,-0.3786418447547386,0.02469174392555018,-0.07715126354139912,0.12210458994119057,0.04999999999999993,-0.09999999999999998,0.20000000000000007,20
10.1016_j.amc.2024.129156,0.29151221804108296,-0.6455074144297357,1.384141927516528,-0.06606876004793072,-0.1818892249234485,0.017826702110624534,-0.050000000000000044,-0.15000000000000002,0.0,20
10.1016_j.chaos.2024.115622,1.1902029121142244,0.009352634690781788,2.7400071131285415,-0.058709296786947585,-0.18981989885076753,0.033207410836147935,-0.050000000000000044,-0.15000000000000002,0.0,20
10.3389_fpubh.2024.1373747,2.8373306434805636,0.045175874109504376,5.506680630236957,-0.23274535875417468,-0.4274073267049669,-0.028396910126190653,-0.2,-0.5,0.15000000000000002,20
10.1016_j.chaos.2024.114699,0.343930996712861,-1.0249522358014578,1.5301258683930952,-0.11513838335388749,-0.2441119166854826,0.0025208297218162774,0.0,-0.19999999999999996,0.2,20
10.1016_j.physa.2024.129631,0.23434802297097246,-1.217351864814957,1.5386010288757732,-0.13077538290872726,-0.3076432328970125,-0.010001249407880131,-0.09999999999999998,-0.29999999999999993,0.09999999999999998,20
10.1016_j.jecp.2023.105858,-0.3799239012717681,-1.7752769830212165,0.7598470976324205,-0.0589977940180616,-0.18888698597169443,0.1273622330068716,0.0,-0.19999999999999996,0.19999999999999996,20
10.1016_j.euroecorev.2023.104659,0.057486908635980605,-1.122945633292649,1.369469401055784,-0.07590575221376816,-0.238029805655012,0.02355218093796295,-0.050000000000000044,-0.15000000000000002,0.0,20
10.1098_rspb.2023.0916,-0.17802062019637432,-1.6993965419592922,1.2355276922624392,-0.08710847929515964,-0.24904665759545813,0.024963751913432187,-0.050000000000000044,-0.15000000000000002,0.0,20
10.1016_j.jebo.2023.04.004,2.3547229252039648,0.6363325048367905,3.7877492948661162,-0.06929369758433335,-0.19376898744596943,0.01230521925195489,-0.050000000000000044,-0.15000000000000002,0.0,20
10.1016_j.jebo.2023.03.023,7.387540296103215,4.006662863230892,10.664167742426278,-0.46776124156207466,-0.7972452405842506,-0.1383474421947814,-0.15000000000000002,-0.5,0.24999999999999994,20
10.1016_j.physa.2022.127997,1.069550428749558,-0.3528129416649835,2.8111672835197092,-0.06253294716787128,-0.21230928413351646,0.03878305353190001,-0.050000000000000044,-0.15000000000000002,0.0,20
10.1109_tac.2021.3087652,0.9737771816371534,-1.4596646506252584,3.178873571443629,-0.10606817709531191,-0.3469012103321953,0.14800827216413176,-0.2,-0.5,0.10000000000000003,20
10.1016_j.jebo.2021.09.024,0.9084275656481431,-1.3938699091864692,2.8428106177113683,-0.10520820258834263,-0.27830560870664467,0.06939770787367892,-0.050000000000000044,-0.3,0.2,20
10.1016_j.jpubeco.2021.104429,2.432192010203045,-0.3677256898930387,4.776597108728453,-0.276410539513732,-0.6942901856576335,0.06897488857957287,-0.09999999999999998,-0.4,0.2,20
10.1016_j.jrurstud.2020.08.013,2.907951438080418,0.6854119987057427,5.188385997184705,-0.2038113173835076,-0.4201178230958645,0.10254734739242037,-0.2,-0.55,0.15000000000000002,20
10.1016_j.amc.2019.124945,-0.09176802685902707,-1.2674338817601867,0.7701916949965877,-0.06986311749933705,-0.19666629944133043,0.05633816328337403,0.0,-0.19999999999999996,0.20000000000000007,20
10.1016_j.chaos.2019.109398,0.10238705971413431,-1.2095091391954063,1.3209169337684918,-0.08884801985782376,-0.2659216665653731,0.03765383771970357,-0.050000000000000044,-0.15000000000000002,0.0,20
10.1016_j.jrp.2019.05.005,2.0790338863985047,0.048901135129216185,3.979478700618104,-0.04805391809259929,-0.20230007905404626,0.0684484514412317,-0.050000000000000044,-0.15000000000000002,0.0,20
10.1016_j.geb.2019.02.006,2.1566412647780657,-0.781433935170463,4.5718781612787485,-0.3387917791392097,-0.696669472811082,-0.007117262953566983,-0.09999999999999998,-0.4,0.2,20
10.1177_1474704918756993,1.8431576327126402,-1.1765514646825277,4.487304122608631,-0.1571837162588085,-0.4123806968392566,0.052959416270376286,-0.09999999999999998,-0.45,0.29999999999999993,20
10.1088_0253-6102_62_5_03,-0.37104561273238,-1.5320737121142625,0.6904048367876366,-0.0651083930560159,-0.2511801965038434,0.07902430227782237,0.09999999999999998,-0.09999999999999998,0.3,20
10.1037_npe0000011,0.49640453290214825,-0.41395937496289975,1.5791820245480501,-0.07654690434000322,-0.19884363068080868,0.008897009333721898,-0.050000000000000044,-0.15000000000000002,0.0,20
10.1016_j.econlet.2012.04.048,0.7972255179509711,-0.6515957066872241,2.495327461314241,-0.10009544368444567,-0.3000365551088207,0.028635885071746945,-0.050000000000000044,-0.15000000000000002,0.0,20
10.1177_1043463111434700,2.2932133470326557,-0.11204376419470564,4.954346010078186,-0.32404936704266296,-0.7956350421662303,0.10249228120795971,-0.09999999999999998,-0.39999999999999997,0.19999999999999996,20
10.1016_j.labeco.2008.08.002,-0.02412961339344033,-1.1730151042617378,1.1567618277309206,-0.06064838710181264,-0.18471181407001022,0.03174235741240962,-0.050000000000000044,-0.15000000000000002,0.0,20
10.1016_j.isci.2025.112833,0.026478030730773483,-1.6172044262814953,1.384859965377705,-0.10738035613227659,-0.2527673270312856,-0.0020669492918065032,-0.050000000000000044,-0.30000000000000004,0.2,20
10.1073_pnas.2500960122,-0.7128509096740032,-1.5192549918152327,-0.0415236021111839,0.021598700070259436,-0.038406703434942034,0.10975057618371849,0.0,0.0,0.0,20
10.1016_j.chaos.2025.116135,1.2161643012106502,0.011802571208433163,2.361095127207055,-0.05598144685992823,-0.12840915655685636,0.013872149639776182,-0.050000000000000044,-0.15000000000000002,0.0,20
10.1038_s41598-025-87322-y,0.3777847608768443,-1.0672419226687233,2.1830449231746862,-0.08781123157789128,-0.2661423090331725,0.03651996396127845,-0.050000000000000044,-0.15000000000000002,0.0,20
10.1016_j.evolhumbehav.2025.106655,-0.14217396730718068,-0.6886947379039893,0.444529342519459,-0.04290627603158048,-0.10685788719504956,-0.003458418870186851,0.0,0.0,0.0,20
10.1016_j.jtbi.2025.112043,-0.2125991285650768,-1.640309073781425,1.0620057686899125,-0.05447295976523514,-0.23080280072675252,0.11133079307063697,0.04999999999999993,-0.15000000000000002,0.25,20
10.1007_s12144-024-06961-y,1.3897922870940347,-0.26625380071446153,3.3079152426350538,-0.08506117062439222,-0.2797550733801463,0.06386729001094546,-0.050000000000000044,-0.15000000000000002,0.0,20
10.1017_ehs.2024.37,2.820240171945776,-0.06513688770886653,5.183274511739796,-0.28709934395844167,-0.6207003721384199,0.04014897881282847,-0.09999999999999998,-0.44999999999999996,0.3,20
10.1038_s41598-024-72939-2,1.3408474637509071,-0.5892560721475447,3.1593708627077577,-0.04621643008196241,-0.21764864139222634,0.1006175329509274,-0.050000000000000044,-0.15000000000000002,0.0,20
10.1016_j.euroecorev.2024.104795,0.6579449240850757,-1.89971706587011,2.80771707335952,-0.03508087371781532,-0.13441801000463116,0.04666258335015959,-0.2,-0.55,0.2,20
10.1038_s41598-024-67268-3,0.5405247855349682,-0.6335471121170793,2.064512569308876,-0.10148249247167629,-0.27230761844458345,0.01860609393214345,-0.050000000000000044,-0.15000000000000002,0.0,20
10.1016_j.jebo.2024.02.003,0.5414640524917704,-0.905763165056422,2.117535641053639,-0.11170486858134632,-0.2606383197743542,-0.0030202813025464346,-0.050000000000000044,-0.15000000000000002,0.0,20
10.1016_j.jebo.2023.11.027,0.3097687286943893,-0.6975281374660203,1.5504894747351117,-0.16263179137014067,-0.3810096161697127,-0.030081451511052786,-0.09999999999999998,-0.25,0.0,20
10.1016_j.heliyon.2023.e22748,2.746591412343281,0.16985740579690486,5.1467439930439,-0.41203523804074715,-0.6470337421743617,-0.07308510410227058,-0.15000000000000002,-0.45,0.19999999999999996,20
10.1177_10434631231219608,0.9365471859836907,-1.3841808027406173,3.032871687773005,-0.20707789648315356,-0.39952466808629505,-0.025713327546222662,-0.09999999999999998,-0.4,0.25,20
10.1016_j.physa.2023.129282,1.2322191722182758,-1.2109959965672552,3.262134431892106,-0.11224427389313496,-0.3380176374871302,0.07087539315737461,0.0,-0.2512499999999999,0.25,20
10.1016_j.socec.2023.102091,1.658322191943081,0.18330250686928057,3.193023965082488,-0.08181835683787386,-0.21750122598685412,0.02756091323419941,-0.050000000000000044,-0.15000000000000002,0.0,20
10.1016_j.anbehav.2023.08.014,0.03768909530343123,-0.8969617139139101,0.7873210701721836,-0.07555094467769274,-0.18483753464045988,0.014516153676614192,0.0,0.0,0.0,20
10.1016_j.joep.2023.102675,0.49600433063108884,-1.4691427312032868,2.1630964058086195,-0.09786944492333594,-0.2803184445265487,0.029338943655325567,-0.2,-0.45000000000000007,0.050000000000000044,20
10.1016_j.socec.2023.102050,0.24219942595689226,-1.0380175227300514,1.5901801022211635,-0.09998820094460525,-0.2778708620527437,0.010171667357194786,-0.050000000000000044,-0.15000000000000002,0.0,20
10.1016_j.heliyon.2023.e16729,0.1179293902542975,-1.4882664924383437,1.352104530343269,-0.13528855789720085,-0.30790520184094267,0.013010667174639369,0.0,-0.25,0.25,20
10.1177_00375497231171138,0.018602856970710846,-2.5632134740286205,2.0955249166055223,-0.05061211363327256,-0.1977992849174113,0.11451951350797035,0.04999999999999993,-0.20000000000000007,0.30000000000000004,20
10.1209_0295-5075_acb07d,0.3980105071997775,-1.5994198886123348,2.348123569570741,-0.08001359232776628,-0.22955151382119138,0.06410484307655964,-0.15000000000000002,-0.44999999999999996,0.19999999999999996,20
10.1038_s41598-022-23454-9,1.8638663298985998,-1.0120152587237077,4.3223033804047635,-0.1631059752305027,-0.36174715427972615,0.022886509659528455,-0.050000000000000044,-0.35,0.24999999999999994,20
10.1016_j.leaqua.2021.101589,0.25396659518822595,-1.6548899354268705,1.8752977967903497,-0.11797184876263067,-0.2870954589810571,0.0020676850700605395,-0.15000000000000002,-0.4,0.15000000000000002,20
10.1016_j.amc.2022.127567,1.1678919185274657,-1.1109286444474769,2.857596474436882,-0.11445094626979624,-0.34140455363802963,0.07191995162278218,0.0,-0.25,0.20124999999999893,20
10.1016_j.physa.2022.127913,2.3581012491951023,0.3243205767828201,4.256312029368612,-0.2548690507725774,-0.5363647603551865,0.006632612945840906,0.0,-0.3,0.3,20
10.1177_00483931211008432,0.10498205394484117,-2.0814047736537074,1.886760862657875,-0.06976131694847021,-0.2441730461086524,0.048314217765353655,-0.09999999999999998,-0.39999999999999997,0.15124999999999889,20
10.1108_tpm-03-2020-0021,-0.7767425363495502,-1.8593106286756407,0.05576412776031242,-0.028675044876172118,-0.11961105801130065,0.10154259309192337,0.09999999999999998,0.0,0.25,20
10.1016_j.jebo.2019.06.019,1.1357846254664539,-0.8437048812889256,3.3041850906727848,-0.025672955002690956,-0.2122530860837465,0.14965470770355568,-0.050000000000000044,-0.15000000000000002,0.0,20
10.1016_j.biosystems.2018.10.015,-0.34278203646272143,-1.9421346639938553,0.9471686895253015,-0.03884215989162476,-0.17456737812446887,0.0998061643472475,0.0,-0.19999999999999996,0.19999999999999996,20
10.1016_j.jet.2017.02.011,-1.096902168732302,-2.6282009103314286,0.37240951932772226,0.08545847065233036,-0.034948867704718,0.28508400116421595,-0.050000000000000044,-0.30000000000000004,0.20000000000000007,20
10.1016_j.econlet.2016.12.025,-0.20056331561785434,-1.0961194892796942,0.6019374251932011,-0.059791625470834164,-0.13811565549083163,0.03322996689586778,0.04999999999999993,-0.09999999999999998,0.20000000000000007,20
10.1016_j.jebo.2014.08.005,-0.42489038905199816,-1.6597589367083476,0.7674609661037842,0.07095013906713332,-0.07609248457398753,0.24186540045611574,-0.050000000000000044,-0.25,0.19999999999999996,20
10.1016_j.comnet.2011.11.013,2.072871852506112,-0.8268217389750826,4.955396466665,-0.24897868320872912,-0.5458157765316576,0.08073160582744744,-0.15000000000000002,-0.5,0.19999999999999996,20
10.1007_s11432-010-4145-z,4.248176058520701,0.287030012432243,7.685009364542181,-0.438070685603453,-0.8948518282855312,0.09129285750868722,-0.15000000000000002,-0.4,0.09999999999999998,20
10.1016_j.econlet.2008.12.012,0.4733067735392087,-1.534467969082967,2.533808492591118,-0.10475973147292117,-0.28028514030309865,0.07291303837519582,-0.050000000000000044,-0.3,0.2,20
10.1111_j.0023-5962.2005.00280.x,3.0892556703925917,0.956890481871698,5.111523337143566,-0.10244750169018002,-0.24670251788181008,0.017913118479807557,-0.050000000000000044,-0.15000000000000002,0.0,20
10.1016_j.socec.2025.102403,0.17149910304021088,-0.9309708086704479,1.2615750986763348,-0.08168356006159416,-0.21496767564589786,0.006965774218321553,-0.050000000000000044,-0.15000000000000002,0.0,20
10.1016_j.amc.2025.129545,3.6002970864687294,0.3329025231600021,6.706264945790897,-0.30325933104019925,-0.5756970071144285,0.0016794637101378803,-0.050000000000000044,-0.35,0.25,20
10.1016_j.physa.2025.130902,0.35641030349611036,-1.0632971253836732,1.5073937105296138,-0.04931652943448306,-0.1621640511578716,0.07033182899432447,0.0,-0.15000000000000002,0.15000000000000002,20
10.1016_j.jebo.2025.107138,-0.5101790186451138,-1.464120735128988,0.20217356239539985,-0.029256251797881494,-0.14647400884447276,0.08773322525098551,0.0,-0.15000000000000002,0.15000000000000002,20
10.1073_pnas.2508479122,3.387252377034085,1.1230583295514844,5.552020186930221,-0.0880199749108399,-0.23256663038142167,0.03054624115931115,-0.050000000000000044,-0.15000000000000002,0.0,20
10.1016_j.jebo.2025.107071,2.419823448890871,0.19174791681573627,4.37560308586268,-0.057978002320260735,-0.26693922436761847,0.11786694707247765,-0.050000000000000044,-0.15000000000000002,0.0,20
10.1073_pnas.2319925121,2.378609777109811,1.066290545193223,3.5666002088719537,-0.02041926754872836,-0.07606932298807759,0.033607390284368925,-0.050000000000000044,-0.15000000000000002,0.0,20
10.3389_fpsyg.2025.1465057,-0.39871857159471524,-0.8561153104186585,0.008298241397098878,-0.015363610270430095,-0.05950630211766785,0.008896408011081726,0.0,0.0,0.0,20
10.1007_s10458-025-09698-5,2.395907021301574,-0.06701707449336171,4.633249193925849,-0.4000999532507884,-0.6481833044088954,-0.1343376182924235,-0.2,-0.5,0.09999999999999998,20
10.1371_journal.pcbi.1013068,-0.0005899197292666969,-0.9627454974951463,0.9206535627259534,-0.07734372497526021,-0.206738454582489,0.02921253140834495,0.0,0.0,0.0,20
10.1007_s00355-025-01604-y,-0.009336949459934019,-1.3049338208596961,1.0176951187822854,0.01586704434064845,-0.08761858489107606,0.14606618291059306,0.04999999999999993,0.0,0.15000000000000002,20
10.1007_s11558-025-09594-3,2.0205904794140137,0.3296037593210083,3.5723056780709452,-0.24472586239442612,-0.4386081274956102,-0.04904586023217926,-0.09999999999999998,-0.25,0.0,20
10.1093_pnasnexus_pgaf150,-0.028165139472345224,-0.7335267211239652,0.7968822217409366,-0.05472112753717462,-0.17511742158398755,0.03689717873913154,-0.050000000000000044,-0.15000000000000002,0.0,20
10.1038_s41598-025-98728-z,0.8788979638333041,-0.3756609862522023,2.4731957765080015,-0.09115325145236275,-0.2479284467786217,0.011056713865345985,-0.050000000000000044,-0.15000000000000002,0.0,20
10.1002_ejsp.3171,-0.6214694236158396,-1.815929254270261,0.5472509564941923,-0.06395464341980295,-0.18177395725598747,0.019750779573599064,0.04999999999999993,-0.10000000000000009,0.25,20
10.1007_s00355-025-01596-9,-0.10835968501413884,-1.3227110003599911,1.0183549514457395,-0.0851227453259481,-0.22605814729395807,0.04113639872073325,-0.050000000000000044,-0.15000000000000002,0.0,20
10.1007_s10551-025-05998-8,0.28699999812480126,-2.678103216301085,2.7138181512055075,0.04172401500083289,-0.09362427886249472,0.16996734476961092,0.0,-0.39999999999999997,0.35000000000000003,20
10.1086_731967,2.447489797227065,-0.4301864207462009,5.038631761511883,-0.2684469424748093,-0.4896682808818964,-0.08562334891123208,-0.25,-0.6000000000000001,0.10000000000000003,20
10.1073_pnas.2415010122,0.7050239385888686,-1.5660066710537492,2.7845271472992525,-0.1345068221825465,-0.32008969484065947,0.010810749627193549,-0.15000000000000002,-0.4,0.14999999999999997,20
10.1016_j.marpol.2024.106493,2.6797106996438798,0.5244604933519824,4.696259792026604,-0.21310070655251823,-0.48092136542377995,-0.030235679076482263,-0.15000000000000002,-0.30000000000000004,0.0,20
10.1007_s10640-025-00970-6,0.9758279092331339,-0.786558353583363,2.822850072316435,-0.1089533619932399,-0.30067091473431184,0.03151126211638907,-0.050000000000000044,-0.15000000000000002,0.0,20
10.1063_5.0253511,0.4730308809614314,-0.4449559044975787,1.358054486608781,-0.04556638841731886,-0.15091031847826647,0.05668529024087967,0.0,0.0,0.0,20
10.1016_j.amc.2025.129367,5.586906667698837,2.3883540235320972,8.263031013883438,-0.3568095549352427,-0.6774982804233876,-0.07832602230645722,-0.09999999999999998,-0.45000000000000007,0.3,20
10.1016_j.jebo.2025.106930,1.4193781629470346,-0.1691306797832274,3.2457350051823775,-0.08206000530839497,-0.2224111780919992,0.01293036845829141,-0.050000000000000044,-0.15000000000000002,0.0,20
10.1016_j.jedc.2024.104987,-0.8645441061763659,-2.1236240577822114,0.2999728863174101,-0.014902942300666577,-0.16508126704450188,0.17670515034040948,0.0,-0.19999999999999996,0.2,20
10.1002_mde.4492,0.5093755454185027,-0.7195096552298029,2.061585346654029,-0.11341216797590958,-0.2926107272544642,-0.0011649188777449293,-0.050000000000000044,-0.19999999999999996,0.0,20
10.1016_j.physleta.2024.130196,-0.28052375573818367,-1.8078356921414822,1.106839814197968,-0.04450223178873458,-0.22533656513289393,0.10897485555313469,0.04999999999999993,-0.15000000000000002,0.25,20
10.1017_ehs.2024.41,-0.46485724569811726,-1.4217220081583157,0.4436523606930861,-0.03693369563958426,-0.08928443377775751,0.020176585720465257,0.04999999999999993,0.0,0.15000000000000002,20
10.1007_s10551-024-05865-y,-0.22903826246658188,-1.4152320137818446,0.9935528545358735,-0.08272296343035335,-0.24037032161790345,0.03368431400340047,0.0,-0.15000000000000002,0.14999999999999997,20
10.3390_math12243919,0.14134919540498725,-2.049564640225507,1.823252090492676,-0.1004659974200176,-0.3218887351764208,0.19044632004907414,0.15000000000000002,0.0,0.30000000000000004,20
10.1007_s12110-024-09483-5,0.17755740319461566,-0.9288191221845573,1.243566319922829,-0.11567370883604156,-0.2860221196078924,0.00814996862009696,0.04999999999999993,0.0,0.15000000000000002,20
10.1016_j.actpsy.2024.104608,0.13901272646053187,-0.9621411013285996,1.2636924065843629,-0.08481861685947623,-0.20810092774772124,0.011580762013885427,-0.050000000000000044,-0.15000000000000002,0.0,20
10.1016_j.ecolecon.2024.108438,0.43761397361123766,-1.4568544486432695,2.148231754251123,-0.09666589601814546,-0.2729688865353187,0.026623611600093793,-0.2,-0.45,0.09999999999999998,20
10.1016_j.hydroa.2024.100188,1.1149779929759367,-1.0130434558443608,3.0607714630722076,-0.18760439508619514,-0.39458880456149764,0.011537768503310088,-0.050000000000000044,-0.35000000000000003,0.24999999999999994,20
10.1287_mnsc.2022.03085,0.14133044846210385,-1.2548237017964818,1.831267574678385,-0.06404402464254166,-0.26263991572532114,0.06541008969421408,-0.050000000000000044,-0.15000000000000002,0.0,20
10.1016_j.chieco.2024.102267,0.03608292461179019,-1.7121959923788574,1.826439073619445,-0.14558779608835654,-0.32995674813976233,0.005305944279375774,0.0,-0.19999999999999996,0.19999999999999996,20
10.1038_s41598-024-71106-x,0.40534179963133976,-2.091858114518837,2.5376477037517033,-0.13404056403859366,-0.3178342927703211,0.006238141128330166,-0.15000000000000002,-0.5,0.24999999999999994,20
10.1088_1674-1056_ad5aee,2.7997875902879015,0.9978467872650489,4.619289337015004,-0.040463222590635506,-0.17167308797599903,0.05022694963133301,-0.050000000000000044,-0.15000000000000002,0.0,20
10.1088_1674-1056_ad5274,1.061276664596587,-0.5102307459816829,2.237375663340632,-0.30698530693468773,-0.4990399161204237,-0.06916674864649541,-0.050000000000000044,-0.30000000000000004,0.24999999999999994,20
10.1016_j.worlddev.2024.106686,-1.156437162478805,-2.4962492851659546,0.20419357632151522,0.04474266444489472,-0.05172019222164502,0.15776685290895406,0.04999999999999993,-0.09999999999999998,0.24999999999999994,20
10.1016_j.jebo.2024.05.010,0.7623737306585596,-1.672039048044357,2.870306466483481,0.011852823133872703,-0.14941004981396092,0.14147396952368804,-0.15000000000000002,-0.5,0.15000000000000002,20
10.1016_j.socec.2024.102211,1.3408999593371727,-0.3680803824887154,3.1244883897946423,-0.05933563689628185,-0.2210886445143526,0.0623947032477728,-0.050000000000000044,-0.15000000000000002,0.0,20
10.1016_j.jebo.2024.04.016,0.3081028654043605,-1.9962300457249624,2.3484379552165557,-0.052362166377032615,-0.26355305947664476,0.1505251025918089,-0.050000000000000044,-0.30000000000000004,0.19999999999999996,20
10.1098_rsos.230830,1.947977015835236,-0.5577766318756502,4.309435323364421,-0.09126476745600243,-0.3045954460466003,0.12163607962050206,-0.09999999999999998,-0.45125,0.25,20
10.1209_0295-5075_ad0998,-0.4628960054366589,-1.3355603325875736,0.30974546558320953,-0.02371093812423819,-0.15007274687254799,0.14933757855087548,0.04999999999999993,0.0,0.15000000000000002,20
10.1016_j.ejpoleco.2022.102354,0.1197621451406512,-1.4260422981159824,1.486068153740118,-0.09311928565700478,-0.26632468524158365,0.040705570702599836,-0.050000000000000044,-0.15000000000000002,0.0,20
10.1016_j.socec.2023.102034,0.7905323479778854,-0.5627150603275191,2.027764709568803,-0.024601512018368243,-0.12675180237640105,0.051160301153064344,0.0,0.0,0.0,20
10.1017_psa.2023.60,-0.4392124891814273,-1.4278011780183633,0.5428500329076084,-0.012816931231961814,-0.05906024198187159,0.029560302875130815,0.0,-0.15000000000000002,0.14999999999999997,20
10.3233_jifs-232322,1.0281452548502417,-1.118828227080184,3.176431013566353,-0.182964141711768,-0.36253545677195503,-0.017033986959304876,-0.15000000000000002,-0.5,0.19999999999999996,20
10.1016_j.amc.2022.127723,1.3040473068277487,-0.10546766913096725,3.0932578224747425,-0.08453720436210821,-0.22682466891346129,0.02903669210642488,-0.050000000000000044,-0.15000000000000002,0.0,20
10.1515_bejte-2019-0057,0.2535830150555185,-1.3131816525877815,1.9676145565527277,-0.18128113799563,-0.48481555497705325,0.12576134581858212,0.04999999999999993,-0.19999999999999996,0.30000000000000004,20
10.1016_j.jet.2019.104972,10.961855301281577,6.943702456771549,14.447134597416602,-1.0000193922151712,-1.3169364824447398,-0.6419454998574371,-0.15000000000000002,-0.55,0.25,20
10.1016_j.jet.2019.104974,-0.8930749176722896,-2.105423382327895,0.10592897240926125,0.030636036809184253,-0.08225792978058068,0.20079683711545304,0.09999999999999998,0.0,0.25,20
10.1075_is.19011.qir,0.1880634075077321,-1.3757211503358584,1.6676358127533755,-0.08183774796675136,-0.25174007393637976,0.024530099458283307,-0.050000000000000044,-0.15000000000000002,0.0,20
10.1177_0098628319834208,3.8737466196866928,0.8730728851708939,6.790484081449178,-0.19907697412556696,-0.4377710968307352,-0.03428717549057422,-0.15000000000000002,-0.55,0.24999999999999994,20
10.1177_2158244017737592,-0.27296600192469356,-1.0803077209611125,0.40492204247743835,-0.0774528194884937,-0.20966859490398887,0.03357869432127561,0.0,-0.15000000000000002,0.15000000000000002,20
10.1177_0951629815586882,3.443545957543157,1.655915951442783,5.18884160903931,-0.2115540177339486,-0.4364564913106057,-0.05881684677939196,-0.050000000000000044,-0.15000000000000002,0.0,20
10.1628_093245616x14500948554117,-0.7129289519192588,-1.6866686812823382,0.12890282815869733,0.0307972780356619,-0.05588401120982346,0.12475114103690993,-0.050000000000000044,-0.15000000000000002,0.0,20
10.1016_j.amc.2015.01.040,-0.034639023375778066,-1.1264920147055362,0.832487625216309,-0.010542025039469216,-0.1137891108405734,0.14515528161871244,0.04999999999999993,0.0,0.15000000000000002,20
10.1177_104346397009004004,1.1965231940754526,-0.3539875601842683,2.405104497810703,-0.1414639359362826,-0.3163597094870337,0.002210662422571908,0.0,-0.15000000000000002,0.1499999999999999,20
10.1016_j.jebo.2009.01.006,1.504416035217763,-0.8793767920866059,3.7467976731162977,-0.06403075565191418,-0.25255670674036323,0.042033347112172284,-0.26315789473684215,-0.631578947368421,0.10526315789473684,19
