,Q1,Q2,Q3,Q4,Q5,Q6,Q7,Q8,Q9,Q10,Q11,Q12,Q13,Q14,Q15,Q16,Q17,Q18,Q19,Q20
10.1038_nature02043,71.30212476075012,84.3572591201336,80.48297400882743,83.05750115804057,75.96225389692928,92.93533256744087,74.6253474089223,90.1376780373563,75.83296000822396,71.71045304712905,80.0634535844894,79.09663101004901,87.83999801584872,79.89322631350778,87.5456386579535,80.5492672785655,87.41259832471778,74.41466614639116,78.20456032469573,76.45953172494661
10.1016_s1090-5138(04)00005-4,68.72646287517802,81.89370988320064,74.45301129001652,72.80178426006998,76.4580708174187,93.15751612362921,70.9657546668336,87.95501776670903,76.47995967110074,72.48391787647697,80.46338635598352,83.43904947730442,78.13353528347204,85.06809421268684,88.47996897545983,76.51745697508032,89.37416529870085,63.9300546739053,77.09880233388058,76.37849136442519
10.1016_j.physrep.2017.05.004,70.0,85.0,79.15196166704573,81.0,73.27705578522487,93.0,72.0,90.29018545876228,75.77374283606812,74.0,83.45238174139172,81.0,88.0,83.8092579591224,89.0,83.0,87.72030928994951,67.0,80.0,77.54287728872008
10.2307_1964229,65.68081629053638,68.9261513418471,68.47668465068432,89.02513925605288,81.80985702985839,94.14297574135348,61.204121787835945,90.17347909888889,79.56300136112289,62.518289854131325,69.93283693269862,76.69064387454416,86.83790039997456,82.79091577244175,90.43214150778833,63.086299088778965,89.94593344534566,55.72412765361983,69.09239542816455,69.1590244629798
10.1098_rsif.2012.0997,66.55321008127451,80.67147070663098,75.82068880826546,79.0099518589959,74.9048475786482,92.21643214738458,67.38538750293291,87.38044629841087,74.09469626386732,67.30078119465125,78.09091332193303,79.43135507329863,80.12625210108177,80.72730667116241,87.41898081091165,76.43042946411128,85.04195761428991,59.296916992302506,71.17603171136902,76.80767978357231
10.1016_j.tics.2013.06.003,68.44739312644509,79.34053241202228,74.25978395041619,68.60318208048986,75.9590276083188,91.76139264272547,67.01502276542222,87.09778384119765,73.6248422442449,68.87336300412848,78.24791858462454,80.6645376288702,76.3163320944885,82.08058042769834,87.93350215945321,75.42165744476729,86.61705987379482,59.31781827733267,69.41393221077766,77.98888166428846
10.1016_j.tics.2004.02.007,79.13917085041355,97.16457359841863,95.19161381591825,96.2116950480699,90.54445329529827,93.13620741453488,86.74697156748297,93.62002697341052,82.44919785206513,80.51789621776186,87.51964914160683,86.69334376415914,94.74162725926331,87.66539489965471,89.41809370269256,90.6011415846412,90.33220729184193,86.46417861317178,95.17281425819576,83.75331129418967
10.1016_0162-3095(92)90032-y,68.63763272512895,86.67013150927696,78.52267896803991,84.21319062927074,77.4674780093033,92.80929279703022,70.55790264641972,88.46583462540985,75.58250928610065,67.49210588383048,80.50370038496388,79.43568419020419,86.56881606425924,79.74152966072543,88.03959070965898,73.54341666091801,86.98846560256321,67.10618628592921,83.24948659981852,76.16740067860553
10.2307_2297925,76.68952381097014,88.6729015098379,86.4428165151331,96.79110004620634,97.85852423297833,94.48351280193953,76.50916533818787,95.56291145258527,78.9955444051989,80.90609750549541,88.60999257960952,82.66819369678737,95.50054586671551,83.95768301773732,90.46749155231494,82.62908839098779,88.46600215360209,90.71305508461866,86.15536656928421,77.3895948103198
10.1038_373209a0,67.65949022662878,84.7529870904485,86.03440252627813,78.35470367478696,76.2403526645111,92.30240673624141,73.19451728427238,92.22588668360052,75.79518237271785,68.5866289757631,82.29015287317203,87.0,80.79416995728585,83.1120141032639,87.79537474218107,77.73564380681145,86.41906120350728,64.37005946762311,78.6685562821134,76.60009071917848
10.1111_j.1461-0248.2005.00773.x,68.2666052899266,92.09358194332651,91.20923079321456,89.46521570336282,84.46658861549474,91.71990348077375,74.18484186079856,95.91021687438837,79.7613792671932,80.87830729224686,80.80244614102244,79.54352797467558,91.52314859276595,80.78393639672271,86.94578654412831,86.92829336819331,86.29459804652394,63.79812282032861,86.8463609680266,74.7516125552626
10.1006_jtbi.2000.2111,76.75224699744919,93.5759904006828,93.96653934156399,92.0504709971195,85.75260564548037,95.44243465626997,78.17703024581206,96.86451847243868,80.91373158783735,76.98980125146521,87.5682386137548,89.70086437822012,94.11956780591183,85.24347816724276,89.3923566699815,88.75750992095111,88.23273369693932,83.26934177349192,90.56329811578911,80.55285679416471
10.1016_s0167-2681(03)00094-5,66.77344610278594,91.71830216960448,87.37128462139279,87.0532410707985,75.20849029461579,94.96886190457136,79.24783952413534,95.68476315050154,75.70171796340823,73.89154136767871,84.00948073047547,89.29720199313856,89.17605391948906,84.0468823294462,90.26466088427796,88.0209124316573,88.94146966229424,75.17740539053669,82.84910948477741,83.19199665392715
10.1016_s1090-5138(02)00157-5,76.21674785902862,98.04778863562825,96.63875979028958,93.6447142455278,87.52997188240677,95.70613793016824,83.0043908676772,97.22481336340263,89.87077590480672,80.32458750722262,92.74170595956903,88.17651318382231,96.0326258955107,85.6554642675221,92.76314382457983,84.51911981597819,90.54573205399754,75.0723493415115,93.6756819357082,82.82789077585447
10.1016_j.obhdp.2012.11.003,72.58878884155646,88.17390951379808,81.28632286840698,79.83247191657216,76.85883775798973,94.23754990398773,76.27854832911144,91.86049170898515,75.66832630971444,71.00507013762515,81.79430326837615,82.46200266894715,85.59733875579735,85.5085091409773,88.69975728583744,77.70535345135077,89.68088401503374,66.79199059303846,80.17214823953616,77.55292729344274
10.1006_jtbi.2001.2406,68.81604368430708,83.58890847015479,81.35763099593684,75.52494157123573,76.81007990175485,93.5940220198505,68.8646385688089,89.30329490854217,76.39207680242842,72.64065577339296,79.31831680719418,85.33740497993892,80.0288180377013,84.49712162665102,90.77681482015569,79.6438701025658,87.3656516995948,65.03594828856555,73.75268275163238,79.22686985373063
10.1037_a0023489,81.0,92.0,92.0,81.0,85.0,92.0,81.0,90.966861438019,80.25334737176154,81.0,88.0,87.0,88.0,83.46770793290301,89.51904531986312,83.0,93.0,74.0,89.0,85.0
10.1006_jtbi.2000.2202,70.96518240182046,88.86545650082482,85.41304615993462,80.10569579557605,76.22343803458403,93.72537379227627,73.33396831147549,90.3474458089004,74.48143897653111,70.06776087280235,82.18070164583354,81.6528648432701,85.59920819182574,83.1515402285108,88.95023242340724,80.08119977994448,88.10428353979228,66.71334139862505,88.43220197237329,78.15421563358478
10.1016_j.tpb.2003.07.001,78.3853434918899,90.75267438843402,89.35944829462436,87.81230821952913,80.19466506618483,94.30299143741088,83.94305914404795,94.3267318175081,84.41374209980587,83.1730888362454,86.03116632399006,88.7791982225635,90.27574835459093,89.59438547328186,89.17116246129697,88.87753967848006,86.98075416242952,83.50089870098189,87.27549603336652,77.6142697251582
10.1098_rsif.2014.0735,66.89753211928335,76.35891489177124,69.01413833048564,72.30336843855407,75.3683810986704,93.55976996047028,66.48902439211446,87.39769919057132,72.66779404570192,68.76487472705801,79.11886943934483,78.74532845592509,74.57710938881097,83.3291957002635,86.90740930929549,72.91846010227601,86.63502007208514,60.0,68.74586556460814,74.60718067840116
10.1016_j.jpubeco.2007.04.008,70.91423850114701,81.05008960684032,73.09584155529681,67.62720467357232,77.70682996085979,91.99600443700025,69.25882530735188,86.5830873105159,75.11452062858397,70.5075320170322,80.89758017132641,82.23421638918391,76.63329514436397,83.4015144245629,87.50979838081281,75.91196483435594,87.33724612214209,60.9847370245361,72.70318813138417,77.96311752868084
10.1088_1367-2630_12_8_083005,68.95449509466648,87.06516439705908,91.56105254924258,81.77503934817858,77.18929329285882,95.60572703785583,74.12650207644424,91.86947840990771,77.86675229183244,73.9060208080529,85.26003297343999,85.61415635014772,88.87902341051243,88.90839167247759,89.76263396705689,80.5033274400419,90.50586015466357,68.82031048753035,84.4098613294914,82.89897481246805
10.1016_j.tree.2007.07.009,69.60229270796098,83.4973557342495,89.24713215111582,83.64423833110587,81.13824107340471,94.38505951381346,72.78447814325868,89.81986953629529,79.92348771609616,75.90245638781128,80.8115803937224,87.67296729311342,87.47163936592489,85.17753784643723,89.73363991494203,82.35269654522179,89.34896456009999,65.8834720310834,82.21060426220286,79.91492370271297
10.1146_annurev.soc.33.040406.131812,80.70923155776812,98.06514054058518,96.54245458701767,96.74826617228881,94.47991340712116,94.369410973263,94.84102317629204,97.55349479164474,86.20350183056472,93.77467375663679,89.43931126087806,85.2153336589537,94.99423209463893,90.34608977098307,91.21330071782091,95.02901980671649,89.61519008533766,94.70512827785805,94.85656181254267,92.12803603503232
10.1016_j.tics.2003.12.003,69.36219185809979,82.98686839342527,71.47982730589452,72.48544135424027,75.74234940545894,93.73689615754526,69.19570358268078,89.61652911546399,73.48730012948887,71.92173714549436,80.50763062929126,81.17205276553626,86.05697877605455,85.51201770866119,88.13650127213286,74.83374214959548,88.8164015717784,68.90464049998201,76.2895402436026,77.26674195606759
10.1016_j.jebo.2003.06.006,71.99714469858053,81.67669607787121,76.9090835508865,71.39513597719193,78.15014269142674,94.57401498391914,70.37333392100993,90.75604701109694,78.2406897052886,72.25421754865984,83.85321585893173,83.29633061840283,79.995896938453,87.45924178585125,90.79574028212556,76.88290467168379,91.2865401493332,61.99734377396665,75.52471875032154,78.32053657596538
10.1098_rstb.2008.0275,70.77599187033081,78.77614290377927,74.472802996954,69.42328598113377,75.95995121924396,91.65394690330977,69.02383691558526,87.48305739064074,74.76161492323217,69.38885979550892,79.88205201963252,79.73587780292257,77.92290347216633,81.62407204856414,86.80010698750145,73.70167963683222,87.30719318136666,60.7106457970968,72.74845553228589,76.41965422802615
10.1016_j.evolhumbehav.2004.04.002,70.49328568642007,91.6318773922254,90.95367126224322,84.86006853081678,75.5871108106158,92.06147784855844,79.0010239012828,86.86597132958363,80.68291881539301,77.55810290488682,83.34725192223252,79.25957576307731,79.92434406454333,86.81957075258234,87.49447640705424,74.42196112894855,86.69333199347282,67.26669447462025,81.29118843938818,80.94509872123811
10.1098_rsif.2020.0880,70.55705746381281,81.45397038161042,73.9992040550593,67.75239218428415,76.24474871111056,92.70893114836757,69.21840341760638,87.81351613152955,75.48919706201966,70.98423001497598,79.71019791101719,81.28433925612975,77.22017986732254,84.07801813132713,,76.28973895936632,88.15846698536892,59.85807302522887,71.4760833418705,79.39791535191647
10.1038_s41562-018-0385-5,73.8280614497467,82.25770214739914,,79.4890133836805,77.48104061163414,92.43437063645337,73.67728127671616,89.64329805666584,76.29464597335502,73.80590900359466,81.6195149252439,82.38388329677467,82.10281520993587,83.84354910255307,87.56132614753265,76.16533781450212,87.99905303185587,68.14443256464389,81.41622402898771,76.5960716023
10.1146_annurev-psych-081920-042106,68.80447158366233,85.35989638589979,75.66795573280393,74.98617429106973,76.45528763370167,93.84482820199966,69.61827472234603,88.75187100432959,74.8465337340113,,80.72663398871696,81.83653381085075,80.45078223345227,85.47161287890896,88.93282993774113,78.84201141324893,88.12872383177654,66.5352218370094,77.37498353071828,77.58855472434796
10.1016_j.evolhumbehav.2006.06.001,68.2926282652056,79.93667672045473,74.78493809180085,68.30961248529647,76.71262913012671,92.63615777876643,69.30780813616103,87.94397036885066,76.178287978214,70.62434755916429,81.42609171478881,81.00272497398277,75.78489814528679,84.95982311212444,88.64931017138525,76.73651069506033,86.90344861655059,59.65688154215643,70.88171912302874,79.30830819113542
10.1088_1367-2630_16_8_083016,66.59829084217166,79.07713780579473,71.43938270571554,73.2053989922568,72.88542870326116,90.06802422590285,67.65916376706852,85.64497290065734,71.56675220143401,67.67939443465102,77.02394989030554,78.8324856404586,75.91426275299285,80.83864915331449,87.01571785684007,74.96444037372257,84.16554726895376,62.55915260504301,71.09443938535505,75.37393055844242
10.1016_j.physleta.2016.06.017,67.31807395594265,81.21028170649329,78.4976450453232,84.63967151143753,74.59543761644103,94.04759288456118,70.39102889631317,89.44118097214327,72.36383497255866,68.49691214769128,78.33925480908599,80.12338937584825,75.9932121529462,84.71944722165551,87.8144067091513,73.80598579876937,85.90372124889493,61.3340926575064,71.63124832106902,77.13721965288208
10.1016_j.jebo.2012.12.010,69.41725043606066,85.07944586530124,76.19871980531407,,79.77000125068407,93.62986733653052,75.68880809119334,92.56747681276579,77.55582365126321,71.48641334981563,82.59159173831272,81.54362986869347,86.19362990268597,89.34768692699437,90.08105874803867,76.29688818432436,89.59460802240875,66.96862174179513,82.59367101541503,79.29930923605012
10.1016_j.tree.2007.06.012,69.37463621473538,81.34486531006436,76.88482672148534,74.49554246769574,76.22008570477121,91.72709471816482,69.88306151820711,88.09384398031423,75.25289166213567,70.11561882600395,81.19739202122283,80.15313582178293,78.80965094373018,83.25609512667153,87.67155855054378,75.64416635972907,88.07478374395107,65.91771169552764,72.72071113476643,77.09974988268448
10.1146_annurev-soc-073014-112242,72.0158579526389,80.77707612599283,75.61364868304484,73.91589768266704,77.6103663416134,93.46860992909029,70.19629547891313,88.43146540808957,76.57034684920363,71.4346292152076,81.64389243776304,82.54104242292553,80.15708142040579,85.90040181581017,89.46990976174345,76.5512198443435,89.40807652690182,63.26321460295329,76.28824569692347,78.07636176739568
10.1098_rstb.2010.0157,71.79165562419412,83.2823156603687,82.39953062989449,70.42385682024783,76.47668895582106,93.16238542691487,76.0330708388287,90.8535638555887,77.34989863977911,73.84419792287483,81.50893962978151,84.09821427337533,85.7337926954208,83.75918807713518,88.3133871218704,78.21702144346497,87.54780041008384,63.41317567676794,82.89986430126032,78.30441436092717
10.1006_jtbi.2003.3104,83.59207017902978,96.51804871566402,92.06921867538472,89.73559176185792,90.29151984157231,97.11380234852241,84.54112792476782,97.19479424425934,90.23114956997435,88.34322669400045,93.01977502400472,94.01205037139825,92.81537390993127,92.27311936687929,95.07091251052594,91.847171972499,92.25450177746744,85.0792989958931,91.85812341861487,86.43154148368134
10.1088_1367-2630_14_4_043013,70.1065868645123,92.22055481533128,94.89324728504585,91.619792825529,82.83505107957025,95.59694456247624,81.89565032966902,95.40576571065732,74.87095996827833,77.73509972775464,85.9254142118869,95.68380718893147,91.53968917756896,89.10988274720336,90.95668987826099,95.41071349915761,89.03361651874756,69.82333679514419,94.33638270015256,82.06303259915147
10.1016_j.tpb.2005.09.005,67.33871234538869,81.46898791478512,74.95180826091833,73.27970923354376,74.9001014923622,92.42668788338355,67.54819913988422,87.21532453857127,73.60856626708791,69.00059985080945,79.56943909519704,79.24645581541428,80.61366764770621,81.81689275094544,86.52285229867594,75.11899638530484,87.09502611086472,62.665285396266476,75.72392372862906,76.35936268521574
10.1016_j.geb.2006.08.011,87.40531358541595,94.20077998595198,91.20673063313173,90.59476070107169,86.937157973694,96.2782441926224,84.02738879863148,97.11696986868307,81.86740077318582,73.58882511501754,91.67874149571256,82.50792390370394,93.52590316968767,82.67515531019015,91.59773578487476,81.65066563496832,90.35596456241453,84.71991861365085,90.06376689128426,84.0273565319303
10.1016_s1090-5138(01)00093-9,71.24592650043127,90.03692959145158,85.7625161291125,81.62833970346108,82.1964727700234,93.49500540755207,77.7366065583749,91.21867816686921,81.03324861038573,79.53124296824089,86.17828066186132,86.80564920028596,87.54999143822856,87.0212489720803,90.7455808187325,84.42406241382372,90.01667689523912,68.93502621638906,81.98519681970623,80.31553162232731
10.1016_j.tree.2011.12.004,73.6740996491626,82.25289402774351,77.76239027385598,84.26456041720115,85.63082890723734,93.0985631115987,75.98729133244447,90.06757345118237,75.29388517084514,76.56140102725655,80.60630698606211,83.75399953162974,91.05699106468805,83.57425025105283,88.30017991413182,83.1855776196529,89.73886617203912,77.39085800071334,82.2965681174282,77.7569170494094
10.1016_j.jebo.2005.02.008,70.84894709906813,79.85116047545262,70.67388568274846,72.6848617496116,76.27157230092097,93.36985597774257,68.87042732537769,86.8172641835967,74.56067354597363,68.87997810014227,77.67373302341866,79.30752349303485,78.4298349431309,83.11042384115294,86.30427625341335,74.66504926279804,85.72546592285397,61.47100886924548,74.7009643712778,76.66230411831096
10.1016_j.geb.2012.10.001,82.8305556523819,97.68184887570742,93.26146926198936,92.24539531639758,83.47836955207927,97.5769366830671,87.8941682076151,97.87340306822769,85.0,83.42561445256464,96.9649215892337,91.53377928715032,93.88067507740617,88.00148018692988,95.82445641476258,89.83516687870251,85.59130046537618,83.18449332375053,91.66043836905872,90.11198190662685
10.1016_j.jrp.2009.01.003,70.99390417949836,88.09472661436844,83.22013527178973,77.45248273105119,81.80753543554516,95.7960862155885,75.7408079638527,91.21997977194508,81.35708555740834,76.96362728159097,86.40353549191495,87.46294650541789,85.87486568462515,88.12345390327042,88.4764228560153,85.72606663511014,89.35936167911387,64.48731856548673,83.11906188173388,77.9637328584147
10.1146_annurev-psych-010814-015355,66.90813766440182,78.13287947049844,71.68419969079798,66.83077008147635,74.29010943978633,89.64198184077777,66.57492252061365,85.93306811224005,72.70746347274691,67.4823216745338,77.41794147199244,78.51165624410058,75.97611942315636,81.69775465761211,86.94167206292431,73.07971305447663,85.92979536773518,59.19073122383226,69.13590762161735,75.58778222245309
10.1093_qje_qjz001,68.18913644211914,81.0,77.0,68.0,77.0,95.0,68.0,89.0,77.0,68.0,81.0,81.58565176551136,77.0,87.0,89.0,77.0,87.94592016179487,59.13104024309723,74.0,77.0
10.1016_j.geb.2004.08.007,68.40361374349143,77.90795826869393,73.99657730226963,75.10607792271828,74.23049647875695,87.73239108212502,70.09823970757338,84.2797173908283,73.58683983413846,67.63117245049496,77.13459417020547,78.78161039525838,75.35828883020638,81.54288262339749,87.07490666603091,74.50618471521473,84.92480834472353,62.704275969571356,72.29123199821454,73.87863683694391
10.1177_1745691613488533,70.83342683476826,91.13164951416545,86.89321376925443,83.11147972297512,81.12961910945747,95.04073440018789,79.08366168209056,91.58941402057037,79.6325373324296,72.96751015386288,87.18803010905773,86.00001857723004,87.06292426898658,89.60604087956851,89.4579967588733,80.5008892267437,89.75746899476309,68.06956574208081,87.61614515328412,78.82724694682459
10.1287_mnsc.2015.2168,69.53503842693792,81.31494562664302,75.36677914248939,74.55797015321903,75.58899306437993,92.69748593370522,70.07967916879227,89.47693913516719,74.72287370952678,71.21702987736218,80.92517793387913,82.19873766917243,78.74664233358767,82.95712343253244,88.61333571094333,75.65057343034881,87.36930337006136,60.94991866578046,71.5329724906193,77.68967359786888
10.1037_0022-3514.76.4.587,77.51560455984126,91.32940647627841,87.69536526887767,82.79832192594624,82.76889838621116,94.31152871440729,82.407669008454,93.23346021547736,83.93969551105918,77.21857032068343,89.32533278811404,88.43949589402789,87.7073905976389,90.83944942059347,90.09464730475287,86.68700055482503,89.22309594697798,70.50110203708928,86.72013378863393,80.60733256680243
10.1016_j.plrev.2016.08.015,69.84819613961152,85.52239406389958,83.66995482094573,79.13876077485757,76.27171557189725,92.65719937094819,74.21045119101466,92.27305173961082,77.6079350451476,72.12898432693424,78.99075454946825,84.67473192710371,77.84716238336195,84.93625324066902,91.2118295150886,76.72884335915383,86.13539841479574,67.6674549823144,74.64989717485399,79.65069379037931
10.1016_j.conb.2004.10.007,88.78917031427255,97.10506484469974,95.46883071420412,94.8586762676526,93.28143086288345,94.4695236683157,92.43192909547601,98.64078106687884,92.61081335590914,92.52214786156814,93.92425410478704,94.61562442514943,96.72928315778378,95.20139450078817,91.15676048802902,95.52911311044758,88.7299798166323,94.92371730882031,95.70845968491462,91.18847286427075
10.1098_rsif.2014.0935,70.2749029787483,88.57984498968658,94.20606329229709,79.19297895030829,83.862202240569,92.88859927908406,72.65184528598249,93.58174138884446,79.05741182939902,77.43182151145274,82.8997969005992,87.18869778955546,88.68303631470516,84.2347173358778,92.67881229970993,83.32761524837471,89.36413631861795,80.15938270341267,84.69115121796199,81.83283916158845
10.1146_annurev-psych-081420-110718,69.35663928720113,81.54377237655052,73.08662504593188,74.98514476126115,75.33876999983049,92.00634443994605,69.04297991282576,87.8118675368205,74.59690850871696,68.37682049170527,80.97920260688949,80.81964880497634,79.87361684274623,83.57996853319226,87.35507295176592,74.7424338283291,87.08023322665882,59.52855032055239,76.311210791358,76.72987368595837
10.1088_1367-2630_14_9_093016,69.88400657993755,91.29865708199594,87.56246656256671,84.77408495383882,83.39972040143621,94.31574662645511,82.5182989136737,96.57096493802527,82.83452229500355,79.95533173256081,83.04895419006613,90.42233031794515,90.49513009635481,92.31572263536377,92.84642830947104,90.75803396552494,88.28249499159344,75.76250313561098,84.70962247571931,85.32465685217923
10.1016_j.euroecorev.2008.09.007,71.5153572704081,85.4334730904717,82.94109559883529,80.62142012791627,77.94715439878233,94.30142755794085,72.23888444758434,91.35835750704994,82.9753700412049,70.68995935770675,85.31275700546935,82.01608268748086,87.3082046390816,85.07933400773993,91.2491074881081,79.86310796614144,89.44267700803499,64.39456161073926,82.18207818105842,78.79786372317581
10.1016_j.jpubeco.2009.03.004,69.6366332813483,81.40639646348906,76.87966724126657,69.59723785850395,75.41287552110768,91.51665062955746,68.70370987717126,88.68243722057846,77.81614594221618,71.8571942867286,79.39659375120839,83.02310401030475,77.67389257209837,82.59877960493593,89.72126768295834,75.80133827282125,88.24721827698534,60.47698659930464,74.40593864987294,77.40780149120924
10.1016_j.obhdp.2015.01.003,69.14017661404036,89.32423519730703,86.79326575846967,87.11913672638146,82.9482472068777,93.47309648154888,88.29643500846319,93.3456572391007,76.57197819105886,77.20562662603362,86.7672682902528,82.37256551233574,88.44675081744467,85.02141664914858,89.70965823183717,78.01410722160091,89.39720722885657,84.36565010221562,87.82080501334346,79.49149708515023
10.1016_j.bandc.2012.09.009,74.0,87.0,77.0,81.0,77.0,93.0,74.71222612622698,93.0,77.0,74.0,83.0,83.0,82.56472121963897,86.54816800159116,89.0,77.0,91.0,67.04857642426414,80.26589425515726,77.0
10.1086_510602,67.75221296212656,79.22373633313394,76.63339835789246,68.31917028848326,75.99822219243687,93.19617183347468,67.61383622328864,85.94701629477625,74.47155077871025,70.4283309172693,78.34676345387113,81.00283972467778,75.63691648194573,86.104521273561,88.79366325456341,76.40513676755718,86.90534302481592,57.66631494822732,70.24236752473993,77.04715764788014
10.1016_j.jpubeco.2012.08.003,66.43985712382587,82.30129921070466,71.73795592943672,66.77758191487843,71.095924854525,90.29149060310965,65.7925909078841,84.67864896945889,72.67974808075475,68.14500404087045,80.42280478685038,81.0929982330435,75.05123212032166,80.62874192151241,86.64019997891526,74.13995918817969,84.54385094980438,59.37013400482405,72.42267883095873,75.23465145434983
10.1111_j.1420-9101.2007.01482.x,67.78024108807652,80.5064040180412,74.0,67.52937455518811,75.40283165169917,91.90813413966048,68.1676215192327,87.80357386167282,72.60580875197121,69.10420834295508,79.22325049692044,80.53115791061757,76.54746924340958,83.20071352718662,87.58247864950782,74.26670201254127,87.1281871474206,60.06116482248638,70.87823473609436,75.21679800564387
10.1098_rstb.2010.0310,78.73079934693217,95.36791704792599,91.46611269254954,91.25736024743328,78.88131814646087,95.18202800667288,82.82130853202445,96.54436913636485,88.79590348558025,72.04142199125914,90.10268628839935,88.57402392033312,94.40221008283274,91.49249528497948,90.03869740486486,86.75339803781706,86.0648706343202,75.4674578675403,92.73619242603783,
10.1006_obhd.1995.1015,76.39745269783664,86.84846957751226,81.04057367646172,77.02668478939198,80.07207441944306,95.38159182309009,77.32600295291545,92.05690618179135,81.97489919674464,78.2121524333737,85.5556570445265,85.2176396313544,84.03821804503154,89.29590259626973,91.84902825144492,86.18611114520056,92.03741994264742,69.92735989385002,79.51166012170363,82.37928456420077
10.1016_j.evolhumbehav.2007.08.002,70.69097710471802,85.81770018705606,78.81394004620853,71.72785305442446,77.89973817502333,94.57191573453653,73.64535971983268,91.96418172020469,77.90102626359612,73.42773326963298,84.99250073994223,84.58531315705383,81.37234374485156,87.50427726890763,90.01889586193495,78.92631325862726,91.11075189032026,64.92598295566775,76.6284445234061,82.2991392701415
10.1037_xge0000365,71.2206105757066,82.44070361262264,76.24843306989727,67.88491999733616,76.75465820877596,93.5637724960431,70.08852880199834,88.47272290234844,76.87282479592466,72.30108631409907,81.291643411195,82.34655884290106,77.67246503634406,85.75086028448567,89.95673851360773,77.38027972633543,89.21248237493558,61.522541360173804,72.34996286349144,79.9349017830496
10.1016_j.amc.2017.08.049,70.43780614460307,90.22089861345698,87.52793458969494,85.64325159937528,75.27397529798151,91.52539328309673,69.24953722400679,92.23718342406377,75.10657406744397,71.62828452607805,82.43279351429099,87.31600089365327,84.93362746307267,83.24577296151914,87.96557040732138,88.83747744096866,84.77017107750534,67.83504499779886,86.32178089868609,75.11227398492183
10.1016_s0167-2681(02)00098-7,66.73572616805863,92.26827102817516,80.80958014460673,84.97233739232004,79.38111509281556,92.53713659272651,73.86493655144795,84.30597165556001,79.06876579422129,72.66265046869637,85.79731168246862,79.41272496497619,83.94574723876259,78.88721449184928,85.43497716080222,78.27624380687934,86.03360834017394,60.07924448408711,72.65331871501519,74.58864905492221
10.1016_j.geb.2007.05.001,67.46068841013519,77.43222053705368,71.25617997476641,65.88990199392327,73.49311100490353,89.4670089840072,65.73646305781752,83.87804091118505,71.59462919900768,67.65755298990909,76.6682069317733,79.40605800613095,74.2088576027708,80.79509326465927,86.26202086242724,73.86640223587881,85.68717211355893,58.65500562527488,69.23778849920988,75.63354422408956
10.1177_1529100612474436,74.0,89.0,81.0,83.0,81.0,93.0,77.0,92.0,81.0,72.0,87.0,86.0,86.87675331161827,87.0,89.0,77.0,89.0,68.0,84.0,77.0
10.1037_a0011381,70.19848005890873,81.58141864606316,76.61110196119368,70.0,78.08415533577252,94.78658440962899,68.77017330930191,87.71071464661154,76.51764791664021,73.38453776804043,81.32022330187503,82.78789546211864,77.21924668177104,86.12899195444096,89.69932224541971,78.62711944829063,88.13101244775504,61.959440643836395,72.90009860713877,80.50287766605179
10.1098_rspb.2012.2498,67.38279989971207,82.53746226515028,75.60004308265681,73.38530570110777,74.30316498128595,92.46587140021363,70.45720227568697,87.39727117788954,74.86096053146765,69.60833982345065,80.54883180611488,80.79329632437053,78.38742611208366,82.87122074938287,87.45826828338993,74.54004138388986,87.99170462337491,62.623751349924,76.13741227131601,76.15045203468554
10.1177_1948550616639650,69.26403789408882,81.04769784455746,75.60260226525399,70.55189289539288,76.28844218416063,93.08217611689415,68.62457485786565,88.59595719657345,75.17675744095969,69.96024842564286,80.61948461073823,81.94173485768937,76.86708699318159,84.16271625409333,89.30594579953937,76.21389068657231,88.5283849425911,61.755785413921465,73.40977036715009,78.24435658935803
10.1098_rstb.2015.0100,69.50808540744922,80.71188634954099,74.46763415309306,74.55780061572291,76.36529529893266,91.71790546603259,68.76563835568915,87.86377346695411,73.67818838869913,69.9165738497269,78.95736255514483,79.63011274622345,78.74446515755122,82.73232388323846,87.8427513222007,76.23140524073958,87.77306863576852,64.39933574479916,73.28364837748312,77.13450991434071
10.1016_j.cogsys.2005.11.010,64.00889637612728,89.31648833281996,89.34226279909447,85.19300046732377,76.5820585932959,92.14410739109226,66.91326951684285,92.04229830784138,76.44144352996958,66.3050992914744,82.24586195826306,85.5516025234832,87.29228211116823,81.82124420898579,87.80863846875475,77.20156360169537,85.05013103404721,65.08854045026767,84.28660393292026,73.71516832834106
10.1016_j.plrev.2014.02.003,72.83162722163043,92.0863906938255,81.80542967343105,76.48161634639034,80.2615611182766,93.77895039835616,70.55289397958029,90.04989690140577,77.5462557323969,76.87864458242304,83.1806938451585,85.17133363202952,85.50971578423461,84.24583905731318,88.92679247120124,82.37437490036274,86.963386266228,66.42507966561925,86.81629069258491,77.84974009437147
10.1016_j.jtbi.2005.10.011,68.43916398477052,90.03627575922285,83.89807578010843,84.79910828537047,75.27864635684203,91.76991268367675,75.41664132832202,90.33338728937534,76.63756763350584,70.3844606804938,82.07089745734655,83.33768937111898,87.07114097868292,84.97249908339056,86.48380001871877,82.654400024797,86.28148514312761,64.68834707536548,81.2894459530091,72.55321820823359
10.1002_per.830,78.73164208572258,90.62903102130042,83.79392103509299,78.48690766250502,82.2477925278651,94.6563552194462,81.46925315158771,92.24417117561447,83.5818298099713,79.55162345577072,88.12289809324082,86.3259096084681,86.17559823185549,89.65326018619147,92.00176058451476,83.50868498542681,90.95758688265668,71.92036701416068,83.16100144127415,85.80484192170728
10.1093_oxrep_grn012,76.58913920933121,92.78935809598565,86.51986926745471,84.94448438214799,84.66535142478133,95.5462364634023,81.09719916186367,95.45911579999519,84.20206010889062,79.10474030337178,88.85121255570066,88.82467429372026,89.76775687205533,91.46627849533415,91.1859461298527,87.11919199910888,89.45463796421267,77.24096099951464,89.36111691843459,84.02746167132037
10.1177_0956797615624469,69.93786186504462,80.3620731998634,74.09772119061827,68.68785826971958,75.49800750912782,93.23491336808458,69.11426734718813,87.89811145155173,74.97022264093485,69.26572097616283,80.337786015932,80.36547123291969,76.62059949095227,84.39742405320405,88.59166161707223,75.3748889657749,87.91883345061827,60.719700991453415,71.44050031093909,78.10310482492586
10.1016_j.jpubeco.2012.05.014,74.06651605293534,95.88547206669458,78.67484938229147,88.21174441382344,81.65151791605949,97.52870120953463,73.03205751329433,96.93277936264577,82.27131673549454,75.99984539721214,92.84470188283183,86.57913573633067,91.4306335693083,89.00089426859488,94.10490322033219,79.9371079907143,90.64992014247606,64.29166642854663,85.8228877580066,82.99050996913637
10.1177_1948550614527115,71.024723279405,81.46539675110641,75.19694675501434,68.97107212310442,75.43565743720536,93.47761953902653,68.90379063504088,88.35387718223393,74.12593820483083,70.76838492959428,80.76016793457917,81.15953804144651,77.70551215642791,85.31003329445686,88.09871541477656,76.57028200301889,89.68264341009836,59.48988284340299,72.1240144096528,77.55844894589256
10.1016_j.ecolecon.2011.01.011,69.32840208900049,81.05460438142006,72.83927938680657,67.69537875441739,76.13831183869516,92.03905483300582,68.81369839388866,87.31877124692672,74.7963260201456,69.04199503062976,80.38004771633963,81.08012679041218,76.9366440527932,83.49044905822731,87.796324334626,74.8225302134492,87.53524821378721,59.429031131305834,71.91512742116532,77.16872853735953
10.1016_j.evolhumbehav.2008.01.001,72.16642348576192,86.42519559043636,81.55409706174622,74.7143890400438,80.45634153200997,93.31086857105818,75.42683482690165,91.88029128672643,79.19929910948349,75.61550247351992,81.15447283656086,85.34789448105663,83.18092627286761,88.38000109307572,91.17629887808543,80.95787894157837,89.06109368640459,65.47994839953533,77.4873774631655,80.02209630016432
10.1016_j.euroecorev.2010.04.003,60.33400140810861,69.23916283842941,59.8764345989178,58.53157883778593,66.90760876151938,82.14449633863606,59.19419188239325,78.8461600090868,64.81143809296782,61.65088949575648,68.39004468320611,71.39499035174423,67.17062023956534,75.13050466560153,78.80713344191778,62.769346384601874,77.36371565249443,51.952042519281626,63.821470064738435,65.08975346980493
10.1016_j.geb.2009.09.004,67.23113803544646,76.98316919320801,68.35425182990983,65.41189014007651,73.40912974646226,87.14532424698857,73.94649561232255,89.02163324659257,81.39888722830408,67.08178331787647,76.33650198133645,89.39266348754872,73.24072876913037,85.85520855553764,90.94111886278075,68.96787574280955,84.09555151885812,58.60981787203261,66.81390221039376,79.391687407615
10.1016_j.jpubeco.2014.05.002,72.17568344786835,92.89896484966488,84.48046020213509,79.07457245589681,80.52315867264421,93.92275934311353,76.89196170522928,92.28874356049069,80.46911866017517,77.8426658957191,86.80298212587732,86.7843597018189,87.2197313115803,88.35003978319547,89.45600676060849,78.03871466688244,89.36551225936334,69.33867156321821,85.64702090199631,81.64123071401266
10.1086_393069,68.7214576266656,89.73727985836975,91.88252316700492,88.4925345118122,87.05428779266475,95.87380755942347,78.1708569141921,93.92823030387854,80.525861925204,79.24700747092878,85.49446124839501,90.53537324774936,90.07099432699165,89.41844816821174,91.93860930993526,88.61914032942109,88.62035756599032,74.07736238323898,91.0216149327081,82.03152043246888
10.1016_0303-2647(95)01548-5,66.841262372117,84.15546960166577,82.76493381354024,73.05163800590259,75.61630607091953,91.82952222769833,67.80440712388899,87.35798332320405,73.87196975037433,69.02676884634944,80.23979104175898,84.94011584186656,78.00545764781164,85.5737843026124,87.29221493910983,80.02177754904488,87.06751482254357,57.753079995432614,80.89201890959964,77.33212273571345
10.1016_j.jebo.2009.03.022,67.83789327541527,77.09809184012987,70.57681581000806,64.89800544264399,72.96989307932728,89.57826114998734,65.33789980362585,82.90832630220396,70.39312060338865,65.85102075404204,77.09415206132206,77.10006797840282,73.74826073693262,78.90612635793369,84.24577555969793,70.52471380097003,81.94562801940347,59.89374288583746,70.71926856974864,72.8301502426506
10.1016_j.jpubeco.2015.12.012,70.54959868562872,90.20399549170527,82.84812235504054,72.96727693690501,76.49658807625828,92.4464633505297,70.84488422574167,88.26495740920065,74.14726403357255,72.17240772687708,81.1731630849261,82.3247515780437,78.01909409237034,84.66415792278605,88.67569785959552,74.61653891326031,88.14678574579963,61.59919549282657,79.13689350763859,77.66111894530002
10.1287_mnsc.1110.1466,65.10793678880589,77.3368456067367,68.89429537900912,64.3103501603357,72.10387175831262,85.6234902867383,63.66602001334951,81.82845719363824,69.74468033624089,67.18103690290057,74.70215399816821,76.59243292533647,70.67107229276027,78.68722261240003,81.93575418635817,69.94734811797214,82.21971548085928,57.30500093922672,66.79135032274056,73.52736426008312
10.1016_j.jebo.2005.04.018,69.26395936970547,80.35131642673528,75.47627081128155,85.40793954364511,76.62163376175205,91.96533211212741,69.11307894236015,90.06419201401468,75.79649089644039,70.12035757772874,81.35429423646875,80.36380448408443,82.49318087895139,82.84342970188024,86.784741261164,75.48863318715996,85.67521606031232,65.19538622524706,74.33454158923153,77.78317094667726
10.1098_rspb.2012.2723,73.7008411726376,84.12531281423641,77.61033374328801,71.96796834288918,79.6424083405928,94.87829716235994,72.71764561979401,90.00520883947625,78.28790807722719,75.99436586819397,83.72493637852062,83.84940629366602,80.26635134815092,88.77116219361359,91.63976380336948,79.8741612002698,91.54831771843557,63.3367522627686,72.82659095416876,81.78019612734724
10.1111_j.1420-9101.2011.02307.x,67.15575696991024,78.7830670912194,71.5604695789911,79.5501886764412,75.04395348458335,91.895274987408,69.60001635553516,90.7611955228692,71.92618810041796,68.63563356839549,77.32852132319137,79.35678302049845,86.41159567422054,81.86734718562549,86.60011238842151,73.93464013287979,84.58668004910139,62.101623181249344,69.79303814147394,75.28678824180253
10.1016_j.physleta.2020.126965,72.63235404557525,85.6126793258259,95.66144262464326,90.59558173556759,83.74973020701229,94.69671454291415,82.6531398811904,94.33506884464097,82.4441836893497,78.13923065732034,82.00223995358147,89.81253322102695,89.8097873754461,89.70631553910255,93.56472489007103,89.11529525508764,90.35113394901157,68.76475811615815,79.49602352936958,83.79447218480495
10.1007_978-3-540-85436-4,79.29677858514815,89.76895269888503,84.71524620026081,88.9769817039195,81.1415538428039,94.93235209134224,77.14252983950598,92.26410236663786,79.54962009496123,75.19998245598076,86.54483675091222,85.60504495379128,88.96684021758179,88.76686889104184,89.01705444681403,83.06013476731707,90.84138620035525,71.79878714996502,83.61504295344308,78.22916042813873
10.1016_j.jebo.2011.01.017,68.28968382177356,96.0713078006455,71.15926937726033,65.61993290234089,73.8615134520772,92.39455350214918,68.15943117025125,85.92372895687491,77.2988230033137,72.23380355950138,86.15178431760326,83.38229558071863,72.69005716813406,81.88402766124631,90.93193272152574,76.29801997128834,86.10624327101374,77.35973864190137,90.51866248312407,75.90629754910138
10.1016_j.jebo.2009.03.011,76.8719700427913,94.58505169529441,91.43822206811492,83.16228941375257,82.60107887186032,94.1809739302548,75.14299055172995,91.91328948755825,81.19319969316966,72.49689007604255,90.46385123332296,82.54104157410532,88.39996775869345,83.86374048947685,89.5300217421167,78.50816978100585,88.40527223634817,68.13134117587954,89.89189550027528,85.55530187081149
10.1016_j.ejor.2008.01.021,79.75548000026565,96.66236729411821,91.38389156810481,91.2939296455614,89.24246498924099,96.89643718614546,85.87912352485473,98.14079334421892,85.66511196692788,81.1279638502463,94.83967684109481,91.95474302838136,96.10596319303116,92.16956991987439,92.47292764252614,94.41894171620213,91.94002403982014,74.32471287497822,92.43369766568061,86.84202608777044
10.1016_j.joep.2013.01.001,72.4649235172648,87.31847762502798,82.22865013553519,81.33550458227009,84.14254363412101,92.89893730398184,75.95949745873412,92.03436196018362,77.212205176965,76.1474212126577,87.98542646900765,81.40806408381327,88.3258254553456,85.38183433009988,88.82906961537435,80.14235939730885,88.61180508017546,72.34348164360944,81.94164065107749,80.96788962009218
10.1016_j.jebo.2008.02.006,82.59525776424917,87.8620428007737,90.39910454914816,86.56146796176948,89.07700608695437,94.91511877091543,80.0763227776805,95.19558415557809,83.65603199135333,87.06903333143677,91.75404690335957,86.89227634847792,87.92145564733654,91.71363172482393,93.44250984812538,84.8011534856238,89.62135480081481,74.91820821881538,89.22006780992216,87.88908812878245
10.1016_s0167-2681(02)00032-x,67.33191813187166,77.8848430619647,73.48550477698218,84.66295392335714,76.33523908016096,92.04920213023092,67.16434527472572,90.2731634834817,75.07590435827892,69.90659737411598,79.92634042378397,79.02974211148971,84.33543967628886,82.43209430843783,88.00689027804968,74.18622797251281,86.21297689622911,63.808190204657365,71.7762795684142,77.48855345867868
10.1016_j.evolhumbehav.2007.04.001,70.9395720485259,81.66402917959572,78.1004776161099,73.71898376957103,75.85924943312106,92.65650721492987,71.03595499323104,87.47451475904452,74.27659635976678,69.42381516905532,81.92589594082318,80.0141714959588,79.59809023583897,86.34860348755791,87.61811100829965,76.09293449643198,86.98251372194717,62.39139232067994,71.54040448415566,77.90724167327829
10.2307_2669365,70.74690213207224,81.169391050589,74.19249936769559,68.09244368878599,75.88635092907899,92.32251866755533,69.92889097884212,86.8975838732912,74.82507696758825,71.34676178903452,80.21985385745373,80.87725256897164,76.21953042392984,84.01503506929134,87.8778637766271,76.15585602476895,87.95310908560097,61.606317127072714,73.00470895953177,77.60124053969254
10.1038_s41559-019-0907-1,70.1491279010694,88.60102881937537,87.1217735315816,85.84360889809166,77.60128567946074,94.75777645915765,79.35536697554264,93.11753640147619,81.88371285727973,78.07924590156826,85.45877090296074,86.748406709425,88.78063638473958,88.63501657308625,89.76073148595454,86.5564729654592,89.1837524071816,72.91828802705152,84.28781574529664,81.21913228011039
10.1098_rspb.2013.0247,68.32315488061633,84.94597174383073,83.28933421888985,79.90556291882301,77.11850986620126,94.02688575624688,69.51731478882954,88.87383338317707,78.34094644266975,70.47821149907098,85.33373050009175,86.1765595835574,82.02925904999852,85.83582305513133,89.8338278858709,79.02145340306924,88.34607600613077,68.54027116902431,79.63476090941079,79.07348730540426
10.1016_j.evolhumbehav.2017.07.003,69.49276687619994,81.80199574025251,74.77123694240854,74.32168319691097,76.1903205844081,92.67369435545194,69.34346146656435,88.73189601358489,75.38025411057637,70.14373001785626,80.3910128696583,81.41754564214024,77.28947319736336,85.16228139413077,89.49786529810804,76.23493988215743,87.29701073730122,61.62218212807055,71.47500858263848,78.22602527492133
10.1016_j.jtbi.2008.06.017,63.711264755814014,93.77008172711032,65.56261934143642,65.07432705232442,70.78688502595459,95.98762079439221,62.94906405373109,79.8772046126448,83.6519809490445,75.40179570489053,87.03758327224931,87.56598605470992,70.80171360375034,77.84960868852771,91.80391002700881,82.17698221532768,81.8948957961849,65.92561711821277,85.75349368451052,73.3388348491662
10.1016_j.jet.2008.10.005,73.08262048657207,91.9107095118037,87.58380328790237,80.55528928592325,75.98708357395198,92.19665119522922,77.20604207808694,88.16299130932944,85.02158948057428,79.93520963854341,89.30720543502457,79.97959231564938,90.16743152387997,82.89799209979518,88.23409048235482,78.70846854586945,86.69234230410032,73.39546435587182,78.92139251900247,82.5241291128966
10.1016_j.jpubeco.2010.11.021,66.1786712916951,80.18569074073027,69.57570527216532,81.1290276013405,72.9327443407281,89.45478829625735,65.65852043400054,85.44933723670361,68.42576393699079,66.9462373712111,72.9280169223817,75.81628011533952,74.71241477627152,77.08418086020687,81.7105531493334,68.77587033174358,81.39626121467735,56.09817186979038,68.96124937733119,70.73718460820291
10.1016_j.econlet.2007.09.048,75.65856634643204,88.17422474245352,84.3436783051177,78.43094878986051,83.58959708364057,93.9421019434166,80.43148911680439,90.24539457070017,,81.13775495090141,87.94084547331103,83.93197365215681,79.43262240324886,89.10748116411385,90.09099411675527,87.05363421467685,89.77118790968173,70.19952405940795,83.07028579270688,88.81777856883683
10.1016_j.evolhumbehav.2006.08.002,71.4200583346101,82.49479147199759,85.70654932421469,88.93604926890322,86.48417723005161,94.60251665302722,81.58902805217407,94.58193636576522,81.52350133812885,81.95987259149348,83.61019680821033,91.53763281212018,89.941705326769,91.58240276286033,90.19729314516333,86.06187937566136,88.72597698863612,79.74076215763067,84.68440347358002,77.44666856182452
10.1086_286052,73.00258050435177,80.52736315292793,87.00504890922537,81.37235185810779,79.94724631410972,95.44500686509613,80.53335125562728,93.90404440486971,80.19174574248068,73.54418519244282,88.12441604038398,88.44879238777386,89.19053757390064,86.5032881218643,91.67166896120781,83.91118973920463,89.62824866570014,73.01864280806375,83.16457655520104,77.9552551578387
10.1098_rstb.2015.0090,72.46565495087634,85.10101967879488,77.70536381348332,70.74171961831563,77.86293983307613,94.87253898354145,72.78240977387735,90.96338832677486,76.78138012730177,,83.4984542467879,83.4341363760105,80.1709487622014,87.45121785022808,90.8593601793752,78.92089358789545,90.47450110305267,63.33545269221987,76.16884070431566,79.89756093109227
10.2307_2095953,79.47859049511554,91.89241148614099,91.25983852800486,93.19848562931901,85.35621625914499,94.24648514586553,83.72427588713687,93.346504448826,84.9497180594701,86.56710284832683,83.10412760176034,91.25148758332627,91.88866331727354,91.33355641165414,90.57495460323416,93.63996307338144,92.33235748332424,86.5499555751574,94.63901101719257,83.77210764715693
10.1098_rspa.2021.0397,70.0,83.00147663843617,81.2770567324736,73.10955953396711,75.44011657988825,93.96928593849972,69.49268445610748,89.60457795140242,75.80053600716195,71.37122339302994,80.6224833162399,84.57366144385487,79.36516031036665,84.72767329489898,88.9002457934848,78.4459478719305,86.89024352593071,59.392031548631245,81.0,75.98941361418686
10.1016_j.obhdp.2011.05.007,69.16308759152255,80.5955574232941,74.74152159450472,67.53383908655928,75.67532079860695,91.63394737796447,69.02018337652234,87.20005123259799,73.2562908721092,69.68445866601064,80.14142022910333,81.59712043271931,76.89554640913958,85.52007038991736,88.75613967064778,75.87002813008922,89.22463599266348,60.24858616227101,71.79202416779373,79.26825743325556
10.1016_j.geb.2006.03.007,64.95662481323794,91.2004328163374,85.39397349792384,94.7709476234525,74.69031122011593,92.64963795161586,84.88837478613068,96.90314734906909,70.79325647095243,67.22344304729943,88.45993906412754,89.3590764281229,95.73149475832973,81.59451001731509,85.6627873333006,72.96116053375567,84.28177848828578,89.8577624253259,95.43993300888845,75.23547440659846
10.1016_j.tree.2005.07.012,69.71181486440834,91.89565675297538,84.73506572189244,86.46818154940267,74.48139682673913,92.49896701156976,74.3958580531699,88.15207582707001,77.32216628116713,69.40008502688498,83.74790199407347,79.73104353976724,82.75495993415917,82.31960851512669,86.99790490261685,76.04546250762905,85.11738568635597,69.82772641456447,84.00141702496799,75.51370026560566
10.1016_j.obhdp.2016.02.003,67.96250974426005,81.36662276930016,74.26363637291031,81.97158163965169,76.4713754561591,92.54333474702564,68.51499119532744,88.32830882400569,73.8248184713877,69.85204460579072,78.92488600601095,80.96550959368412,85.51661009050173,82.97763021121635,87.47729912407237,75.17933632823777,87.21186468817793,66.84162718536699,72.53502575446589,78.67720917192807
10.1016_j.paid.2010.05.002,67.15496803994665,88.67659706582393,92.88719369386631,86.37204153692409,75.60088264962909,96.48315829241709,84.34391688984067,92.79626809039974,74.22178472067998,77.3941620179071,86.17926627186398,86.75820099591864,89.3923114534664,91.37187870785293,87.3530185054272,92.68055091173302,87.51343251514643,76.37387574096138,88.27270643845485,75.38558826227823
10.1006_game.1998.0638,74.01193181098915,87.702706240266,82.34868908264653,79.52498848163788,82.54667607004927,95.31882770314023,75.33355394911425,93.09443963973057,79.07636616207938,77.61424747179737,84.59320648775719,85.29949489099035,84.80038926576975,89.54624922192109,91.16574155719131,79.16758404542804,91.04733338354659,68.91971907436049,80.05286944727705,78.62486974855159
10.1146_annurev-psych-020821-110044,67.90925333304685,80.02145825734314,73.0688299139845,68.24927492050634,75.67432669102642,92.53419659952006,67.2654097580931,87.44273480334847,71.97873513994627,69.83153025844909,78.66887559813189,80.21770673923456,78.81252828768855,82.5470375859083,86.9478358208759,74.16129538565849,88.23309856562352,59.80956851080095,68.93673492899919,78.03783790515047
10.1016_j.euroecorev.2008.09.005,69.68930803287684,82.52521324401786,74.73357521680032,72.36646649839997,77.61020243356275,95.24336699074125,70.88333244905974,90.35451850946178,78.87970183375253,73.25537336673968,82.74526259074138,83.27257706434382,79.42960317862325,87.62920301300652,88.98769859903088,79.22288805660182,88.95510168521098,61.57478036416917,73.93719971165277,78.99929570187373
10.1016_j.evolhumbehav.2004.12.006,78.7878042169481,90.91046480218147,89.66243093667646,87.61637856102213,81.22136102078095,93.91889348370945,77.54176847737752,92.76957632153506,79.40884501331506,73.74299315294495,86.85361447973074,88.76612081348999,88.52852705948762,87.69592832688221,90.12986253420979,82.53278626180757,90.81329868470941,74.2454052845066,88.64905042861537,78.32197375550025
10.1016_j.amc.2021.126586,68.76300071810596,83.09516265280485,87.09146606054085,83.75824866792625,76.19745699925096,91.97403000629821,76.01913547325302,91.9610857439122,75.13357732673492,75.85150714946022,81.18114818142017,82.97925534952495,81.46781949386425,84.4466316074481,88.18472625801671,85.20047766114803,86.12126621287202,64.7306604561929,74.96429126968695,75.21733942102524
10.1016_j.evolhumbehav.2013.10.001,69.38786820938425,82.23012869059875,76.26988838325279,77.8392050333655,76.81289067823832,93.15793858927077,70.67282384846078,91.01750633849718,74.86107345971574,72.21888942575806,81.27922625840316,81.34717632041168,79.761181872399,84.09244400439647,88.81481973557172,76.67163790891269,88.99838788061872,66.02514669575429,74.39089008923716,78.22151737570503
10.1016_j.neubiorev.2008.09.008,69.55455747891149,87.74768244165877,88.20792507847894,86.87747218924606,78.40509803558727,92.652431340946,74.38040539924668,92.07360786565589,75.66621767435481,74.27772128015587,80.73741853695915,81.53253152569062,87.18606620800574,83.80473558260914,87.72859025530659,77.0793096432061,87.69787041533893,71.51323948446425,81.77107863988681,77.47877098942537
10.1016_j.amc.2021.126797,67.57427922486188,,85.58394227823403,77.80121122233435,73.66553071589293,93.02473803633735,70.02713847169431,85.9528697876189,72.04057835062252,68.34748956123133,79.11543788699841,81.58727374577416,76.00452100439936,82.99194114738991,87.35461458842904,75.82661610526519,82.54107100539176,65.14450021740953,74.48879767481878,76.0278716569976
10.1016_j.jtbi.2014.06.041,75.99999999946536,85.99999947727801,78.990759715422,71.99999990261755,79.99999999914728,87.41075828874743,74.99999999859034,91.99995072055022,78.99999987675469,75.99999892726709,84.99999994702068,84.99099587852562,81.9999396488892,88.99758222454713,91.99902249778252,80.99995947497673,92.99992012111481,64.9999999998605,76.99999992854394,82.97415348512435
10.1016_j.chaos.2015.06.002,86.14787110149071,97.99423252583163,99.1503009965291,96.94407907287787,92.11898951653843,94.76153675871308,95.25899892526085,99.86501857150331,92.67987957924045,84.05076434951533,96.36782814692128,93.79208240570824,95.8595372823607,93.60441573003169,97.05375679434854,94.07950878300767,91.2777326120369,88.94202544055594,97.2729647964804,89.61338921055209
10.1016_j.jpubeco.2009.10.007,71.40623508656476,82.1272144411525,75.17248907837798,69.60652940615407,76.06125350316655,92.56142955795691,70.06291052727192,87.29002631651925,75.95949658007208,71.3372308706141,80.86980123140151,80.45776698562112,77.84645167916074,85.33140887751281,87.39699075834075,76.1356327778425,89.0685649456796,62.36698144618106,74.56700299321437,76.90324127025892
10.1088_1367-2630_abf205,76.0,92.0,88.0,85.0,77.0,96.0,75.0,92.7508482078163,79.0,74.0,85.0,89.0,88.46800490405025,89.0,92.0,88.0,93.0,72.0,84.0,83.0
10.1016_j.jtbi.2021.110606,71.10130411676387,88.17058780110233,84.9541025309816,78.28128437995206,78.36254237058368,92.79469113831553,73.36908409917021,92.79209670141957,80.42876493389934,73.77939755025895,81.0,86.98976006140911,85.71778744715111,88.47089180718746,90.34434555439006,80.21523213510662,87.50669015300547,68.65720877391348,81.35554381698682,80.56235564236506
10.1016_j.jebo.2014.11.009,76.85428574818269,92.99999324717807,85.9319056750581,78.00002645217494,80.00642157705899,92.84593806455084,75.6334714235104,92.53660451991655,78.92185617995946,76.36259770238098,78.17091458431057,84.34504955218159,82.72444359611731,85.58813558165346,91.97165644031331,78.05855149941357,92.99981134326977,67.08456549836143,79.20613232164885,80.22986508561026
10.1209_0295-5075_93_58001,66.246343457714,82.822876723474,84.05817514625714,85.46185372716867,75.30013347035418,91.95575353895791,71.16365547621623,92.80957100231647,80.02066885075565,74.12729068439201,78.33601937958987,88.20906408336128,85.837875446266,88.95566869112403,87.19645053693642,78.43843483484773,86.48125243952977,72.9457028157073,76.76893595970708,75.88717431801767
10.1177_1069397108320422,71.90890438417283,84.10104724669061,85.60949691141437,80.66552649923229,80.55155404749179,94.19619655005256,76.946889606095,91.29195907463009,77.13211764483853,70.02637026804925,85.61428040624602,87.0633430022308,85.72250470314577,86.47055648231492,90.6317763287388,78.142534316218,88.62836056737714,69.31193256494272,85.15028298796042,80.9608858819638
10.1016_j.geb.2010.08.010,69.52776333459087,84.96461819267903,74.17628276618561,89.58555120930978,92.07342618687022,92.89057731510144,74.85319344289334,97.0732938681901,77.59893932920384,82.6741446083871,85.78231251374724,82.47661615823661,92.15717619978105,85.90966337357428,88.13544725680893,80.87503018195196,89.45951763158928,87.25471136988662,72.72930804852685,77.73357448879015
10.1016_j.obhdp.2021.01.003,71.30538787236016,83.51884993658469,76.40727147346702,69.2756965047181,77.39780145978196,92.47683119017589,71.69180693064199,88.4690501207438,76.37501303549638,73.381701428098,81.45301454515095,82.15648812593098,78.15822805938625,85.79508166802333,89.51800085286867,77.47226844948143,89.26578202029333,62.60578210839828,74.36383095742069,80.31979878130831
10.1016_j.jpubeco.2017.03.002,68.79405245582525,79.3482155266491,67.95705527509074,64.21841475587874,72.62577720766083,91.18827777318471,65.20472866537422,84.98606490609518,74.33710232832908,68.18552792617272,76.05550003422671,76.43886811903992,75.31716076955688,80.55300090548037,83.0767961336,71.19317337149447,82.91302359856863,56.92344373686881,71.5876706137341,73.23050842353018
10.1098_rsif.2022.0036,69.58510479079781,81.74201045594504,75.00483919038291,68.69858327136528,76.07582844703724,91.91976696926206,69.91221179144365,88.2081379933737,75.14966303571845,71.86114572142179,80.0500735570523,81.44837603896671,77.61799213727812,84.63009908662677,88.85616085750547,75.83123776880527,88.78962857918569,62.457058102343986,73.3606972880483,78.29374413601394
10.1177_0956797617752642,68.01693230572526,80.02439105645522,72.70914393393616,66.01203035788404,73.58609819604307,86.96672556390175,67.27267298260661,84.34124677481866,70.38912201176757,68.41444690117395,76.92992355547405,77.7334492784141,74.85353461708233,81.57594267244389,83.79628061713882,70.90920267063305,85.22603140573723,59.266240138489934,69.08298653954814,76.1681063099691
10.1016_j.chaos.2018.01.019,69.69278263793035,94.89948043461334,94.71881066559735,93.0431258515578,83.47381902829488,94.08953848418457,93.98099786561471,96.51262739439916,83.00169691478266,83.00692122146025,87.88483331171277,92.82928306813987,92.64256816395195,86.7897724960115,89.48158211510261,94.7294735602716,88.22473692817978,86.23272426543697,89.9592424875836,82.6457921096234
10.1016_j.evolhumbehav.2015.12.004,78.42208524998452,90.18147661334037,84.62608996448179,82.59397824467506,82.84619825156045,95.97254604105109,81.39901236957444,92.3431769189781,79.97050851917061,79.06549499506674,87.0665941120279,85.33762211897175,87.83003873815305,90.371493338458,91.44565583746527,85.25710480735918,91.39902474535803,69.05979118976214,83.18203248031911,86.36032770733186
10.1016_j.joep.2009.04.004,70.07160704795254,81.77016656693853,76.05202750102026,69.25434895697688,76.23333093031263,90.87216871870167,72.16185367445107,86.58370788760837,76.0163102300366,71.09513171517257,80.69665386016837,80.6466404885136,76.56578184018585,82.98628753948678,87.47404559700333,77.87464689320771,87.04207398194588,62.96179511077246,73.4667347906394,78.43417245639056
10.1016_j.chaos.2019.109517,67.97861441468503,81.01266178721984,73.98648605496464,70.81746956112171,75.32351620691016,92.42270676700632,69.10367922707097,87.82131388927871,73.85903365325763,70.13177484900564,80.64661444411111,80.51956584980523,76.19400772856653,83.29145638808484,88.02958668214363,74.58296059878354,87.66841002452712,59.776557844510016,71.78493342954256,77.93149116126516
10.1177_0146167216684134,69.66323911569584,80.32383422110125,73.48484263154681,66.67067597411193,75.53709862072536,91.69409250957801,68.856797187708,86.9786002786233,74.54453145361127,70.6611086128729,79.42858785983496,80.35618958277581,75.63004234839205,84.27496437547111,87.9392060324916,75.19399768898337,86.71699355528942,59.77137986135936,71.47382895184377,77.21908549637794
10.1111_j.1467-2979.2010.00372.x,68.92626875936521,79.46337625264765,76.5667066305798,81.39101305311621,75.99950650087041,92.53965434551617,67.6191989137072,91.55910690939113,72.95588846876983,67.97059534973775,79.94905952753113,80.20869648817828,86.29634334543805,83.07218765642311,87.77240023008942,72.92708714357995,87.34649291606645,58.73408098773865,78.1917160924296,76.15383710101707
10.1006_jtbi.1996.0286,67.0,80.0,74.0,81.0,77.0,92.0,67.0,89.0,75.0,68.0,77.0,81.0,77.0,82.2143656786695,89.0,77.0,85.0,62.0,68.0,77.0
10.1016_j.euroecorev.2012.05.003,69.4801468930716,81.65439447769339,69.31162942406114,71.68460668589205,79.93245179266357,95.89704301526757,64.59892906937336,91.65748810342618,78.97756880839435,75.97966875031028,84.96965419474586,84.9997135640297,79.21435681242137,88.99057083373621,91.97945469327934,74.68532476241847,91.72309928598305,57.3006467353362,76.96200849682381,76.85108959813142
10.1006_jeth.2000.2655,67.64633951787937,82.65551772002803,73.27832997630142,81.65314473655052,78.20501133765212,94.0,68.54527146378713,89.18013333316816,74.36049929975113,70.98702620142926,78.72887592831127,81.79089971212446,77.92497111725758,83.73794193778352,89.0,76.49608470193215,86.71695033325398,61.348329119109835,71.02040620372482,78.38603984370279
10.1037_pspi0000389,77.0,87.0,77.0,81.0,81.0,93.0,70.5239234006305,94.0,81.0,68.0,83.0,87.0,87.0,87.0,89.0,84.0,90.42884028480356,67.0,81.0,77.0
10.1016_j.jrp.2016.08.004,68.94478591013915,80.69854946297113,74.88614869369333,68.37090116149531,75.63559430381592,93.1621167694296,68.14227397481888,87.46314338524995,75.8294416718051,68.94070668299497,80.36978032673153,80.6360441827385,76.59493671197457,84.09833548011609,89.37439821567895,77.47546152824543,88.33835755197812,59.4476216201399,69.6769964470016,77.92196532196955
10.1016_j.evolhumbehav.2015.12.003,73.84950620982868,84.0126470221797,76.57201200975166,70.31472911087681,79.77727532274298,94.38378207036284,72.80560136064919,90.48906105629595,78.83541920768826,75.3953464491452,82.5205461099861,83.13208661661304,80.03448225296874,86.95689404278009,90.8270279897656,80.16720254492088,89.78863128715156,62.881138247641786,74.90773328023538,79.88361975229034
10.1177_1368430215583519,68.96366077541501,81.384029693611,74.22589063748677,67.61933765566465,76.1077880879852,93.43696203613861,69.07743686175608,88.03678837773981,75.6118257379681,70.17623849300544,81.06102418338911,80.45320416049087,76.74363225057061,85.33042751220715,87.98748468711709,76.63647702282043,87.90004540652406,60.236622177749524,70.95157004688299,76.80460597405356
10.1016_j.jpubeco.2015.03.007,75.9908251388747,86.14470858024303,91.03541220562346,89.0,79.91091871739883,95.99550568317159,75.2317052241092,91.4647351936166,79.02772973367968,76.1128593063155,93.69841835249767,85.00029887355579,82.40492407231376,89.09816684418278,91.85586494767655,90.12221650954599,92.36050474317543,65.25107036560092,77.0,81.55634635971751
10.1016_j.physa.2012.03.027,63.29583294778348,87.04943072794075,86.33632702939505,82.01168236818717,72.02438038834286,88.2556314178138,67.98549479357592,89.24557229398121,70.99245944497008,66.46562515164766,77.08221516413181,78.1759712816987,74.94814927916715,82.47854828193519,84.61633009792578,72.93529688503104,81.8535490590207,58.18286451153459,69.55315256008828,73.09166780339832
10.1016_j.jebo.2009.11.003,84.49702219760078,97.24861036101196,93.75879054355138,88.93917491444445,90.49695810816331,94.79571476441194,85.61228422918614,97.71386497781803,84.95200397342906,90.58073609179607,94.44067964945663,92.82193054886217,93.07283183668925,91.24775526886076,92.18026530003524,94.80553390866827,96.18517110993895,84.9140558112159,91.95869026873899,87.97766612044525
10.1016_j.physa.2007.06.008,82.40771975827278,91.8307289718219,86.81613761005866,81.29528331004336,86.56409676687908,96.91109604432847,83.61081704959255,96.41843143943025,85.65963580299899,81.80385572655703,90.58540290243192,90.66328788711068,88.25187576416526,92.89798497972417,94.95291738336414,88.10503769242793,95.48752933520595,77.52474351693986,85.17726321230562,87.58190589005457
10.1016_j.evolhumbehav.2015.02.002,70.22579854189014,80.93611641627598,75.46128224561835,76.83339289499209,76.01118846690068,92.80356888073057,70.11474685608698,87.92049626563274,73.62651350480606,70.52465117577637,80.81037579143198,81.30400595286369,76.97402154877582,85.83519563470831,88.22232807428479,77.14863671666575,88.48089844618264,60.66761426058667,71.85422992391292,77.71086328473407
10.1016_j.jpubeco.2014.10.008,70.21063524473445,81.89538604272458,79.65402966793299,70.59975493263052,75.34870502814553,91.3609963193672,69.43590854650456,86.439262729122,74.34046451674008,70.09094386391025,80.90015624809175,78.77745379871698,77.23193003998114,83.67793943536032,86.7284338181112,74.91195479496176,85.16246231265248,62.55481578052014,78.85716926228504,76.25465362093706
10.1093_sf_sov110,66.75258029994019,77.41789417939744,71.00210770701493,63.35893677689927,73.46310402853379,88.98772955090621,66.41665507345124,83.77533565718717,71.50560393229108,67.74247544016133,76.79142436308292,78.6153653502377,73.50598091632435,78.40001154717103,86.18725388004825,70.66329348897736,84.4644012051233,59.46930019971702,69.1682195909653,75.52946682414446
10.1016_j.geb.2012.10.011,69.7296421326442,81.08483137029833,81.61649579217125,74.79937845651283,75.40358445999001,91.6578945287211,68.8702907587371,86.79134587502843,72.53127990728953,71.82070278961474,79.65032318680692,78.91183693862905,82.80629661127492,82.14556022782538,86.91896629932337,72.49213916741952,87.08763238002251,67.99317585792603,81.7314308025873,80.42452794089256
10.1088_1674-1056_19_11_110201,66.92038630832877,89.23742447975894,84.4279378729811,78.88648084950007,76.58863096915397,91.99791207727829,72.16773560929146,87.7040594876451,75.34467010041385,72.10948882462934,79.50804691208303,86.29349874233411,85.58752215574005,81.67342711955828,88.46098525350322,79.1270483689609,86.45512974528715,61.81919710714684,82.85401893370712,
10.1016_j.ecolecon.2008.04.021,86.29537959173095,94.82626603830502,93.85349935530895,91.29545796367736,93.23994350910438,95.34908658519528,89.61277372989092,97.36871164898831,89.80283144737845,88.52112998879313,91.93311952990912,90.18576298943711,93.9795698546088,94.95767428436756,92.17686112513978,92.72309059515038,90.682150875081,88.03346117804972,93.19076412058179,87.26750305922492
10.2307_2786703,67.24479274809033,92.33001780657901,91.04289607529387,86.35190955757295,79.60572670681172,92.56012883295205,81.42636394103276,90.11898776466813,76.80517657144645,79.88083144770692,81.09490977587582,89.88328180591417,88.78730087473551,89.34231357564111,87.7663651762194,91.25183972079041,86.2684071049657,71.6711402031575,86.7889837310193,76.16539209120508
10.1016_j.amc.2022.127308,69.32592826362638,97.75432076751655,99.99999109955847,99.39377614578866,79.22537932009958,95.59670636205098,82.20228394059863,92.24776135335634,99.70130814266135,91.34066160445478,86.2422284264479,88.09980633885225,88.45882910118986,90.63541043332361,91.52335009443945,99.99955213880635,89.25658098271509,99.73186715715131,79.21053424241072,84.20048890545912
10.1016_j.physleta.2018.04.031,65.9969357412885,93.52135598996327,93.29425786126987,89.01999533840794,75.76447298482995,92.2499597178909,87.11668005188973,96.50075922912721,90.86282401393865,82.10690551295693,84.64685259860975,85.3840852536529,87.48806471541354,91.70212759287584,93.2527018762987,92.32883019200317,83.28304634672998,64.49461063549224,76.19154457343295,82.29504399558084
10.1016_j.jpubeco.2014.10.001,74.64535957126402,89.88480484250269,77.1054419677593,88.23184911969413,79.1744480573273,91.00769655530102,82.36565464165712,92.98787400733703,79.01271075899498,77.25502239448805,87.75791903427707,86.87850047597902,91.8303050218484,78.43078532812048,84.21042668507319,87.71100750047962,84.05689724259895,70.86556012360202,84.72004526476191,79.31076852149452
10.1016_j.physleta.2022.127935,67.5592056469362,79.59797008630538,73.12274961142244,66.92703669665565,74.3920881635952,90.22225555542984,67.89599856030118,85.66297173443891,72.10120747643784,69.80603764126403,77.94525690612494,79.02018037127914,74.7571922253482,82.1768825117003,85.89411133454729,75.18148062765854,85.66044217635853,60.16131756480945,70.10405965084715,76.8310298529878
10.1098_rstb.2020.0293,67.36518837809905,78.31665060431897,69.97582284418576,68.2202958843086,75.93675549152005,91.57511850754905,66.69554690866411,87.98256355562965,73.06955912140131,69.92266623514324,78.95460974192055,79.8499120862012,76.10809768942845,82.16820955712983,87.91277559875995,72.28619320599975,85.7498926047438,57.69661897955431,68.97814001011876,75.30375880587914
10.1016_j.copsyc.2021.09.003,69.63758815258065,80.32378243857355,74.63009934723625,67.02164377727978,75.19499688966664,92.19687567459314,69.43769957702729,85.94131969799385,73.73843838717231,69.71023541872175,79.45313292030286,80.293226786178,76.38772726871322,83.11658437652419,87.9785642773686,75.06780022214883,88.2514484559936,60.64048139795236,72.09248437546391,76.8985567041664
10.1111_brv.12260,67.78541049292483,86.40628768313991,82.27459834650645,71.31726787408304,77.23032253713112,95.0524264409425,68.89876031958426,89.0,74.8493288663285,68.94606284925152,87.00934223789578,79.94900197767025,80.81143771791396,83.81070824813695,88.07720461356317,73.80921063026773,87.53024193045606,59.7474820311066,85.32370875293566,77.79580408355744
10.1016_j.jpubeco.2016.09.008,76.07785187815172,95.19995472774275,91.00528951771544,78.14929551551309,83.65670111145488,94.17747179045466,70.51647360447704,92.95498090352335,82.75771223822787,69.76043224373232,92.37591814517499,78.93833943697038,87.96735321030737,84.4468123650615,91.95669312948681,86.7330400300713,89.30288924072025,72.67873230785781,88.26863933223139,76.65638373539876
10.1098_rspb.2013.2661,76.38690746902097,92.21319691689541,94.74829700807086,94.45083096833446,88.29745069147053,93.23210763347059,75.16038165125063,92.40861322469712,79.06919031456285,76.01050851855953,85.54268437969344,86.09519681563883,96.39648840353814,84.29739154021122,91.06005656898685,83.17541013973705,91.98085238655042,65.46450145796915,95.34048256736396,83.76274157240151
10.1017_mor.2017.42,69.74335989755832,87.1371742310398,76.9431173721797,69.14750317448284,76.16224465157036,93.00254117921087,71.65444251793383,88.90795152566142,75.3819362720578,71.40566024315706,82.66700593837233,82.25029650130517,78.6344462555607,85.12605317007026,89.88677761529831,76.84762462100461,88.2276151617051,63.139202375997705,73.67080660167619,78.28239921789523
10.1177_1043463116634035,70.66153577465774,83.54926940140864,76.2538027802932,71.69918469009932,76.85562006525934,93.51600713908208,70.1661361902132,88.4197147141562,75.83462447025349,70.80659685498613,82.35195100522941,83.16532404454699,77.71175937418145,85.26992400602184,89.47245049333569,75.56273628945499,87.14464769205703,61.227825021083106,74.29191200546195,78.90236918972107
10.1177_0190272512442397,79.88705006466824,87.47714917059228,80.53350808642114,76.53712148588558,81.7376391745447,95.15320466345443,76.7123821063448,91.75326050783279,82.04973214933814,77.64286930051742,86.02445815650103,88.04515242824178,86.7690773275019,89.34721207201737,91.73862705066551,85.44329530701054,92.92029423040232,70.04850535750808,83.64123279888582,81.9176675618486
10.1016_j.chaos.2021.111395,68.74578025599857,89.94282256508734,84.55960036933695,77.25027408425677,77.77014828161738,93.26796159255244,74.15821970215431,93.59457190019029,78.22323155460627,76.81738313929289,83.8502605912644,86.96677425379612,86.79913067431103,90.95643680862109,91.03344641858027,84.49404303051155,88.02803644757294,69.16242569559043,81.30308505981043,80.7723290799149
10.1016_j.evolhumbehav.2014.09.001,73.3384308803154,94.18350048064251,92.95509693829132,89.56909628291862,87.93879590828469,93.6387514200916,88.34577019251381,97.11389508702756,84.92281672077752,85.64185212649802,89.53892686948095,92.19745928569152,92.37572237336317,94.70699476962413,89.6905407531481,92.20127045917663,87.9556229504997,82.92372056183167,90.35119128200144,87.42296381175392
10.1016_j.obhdp.2014.09.005,71.30151862095316,82.50297360693374,76.76809419405177,71.58304493496459,78.37100955060106,95.46169316651763,71.9974616892158,88.27352016949823,76.41238177770005,74.90100933186588,81.05203038600331,82.71393814586763,77.38756292554855,86.74249111597747,90.98666627470386,77.4823374871727,88.77653497875427,61.74485752501221,72.5720138204014,80.46533917311494
10.1016_j.ocecoaman.2022.106447,64.68762523643608,86.80798733628626,79.3153470215444,82.25933016953012,74.90268019168302,93.33805082995188,71.4217834679211,90.74110562487584,75.42042102870984,76.62892738686413,75.07357939487174,85.50761757881007,82.17370216627953,88.98615183693968,88.4081285014479,77.88284146211434,84.96385525028131,65.78762672289524,78.3975415221691,77.4556101522083
10.1016_j.amc.2022.127703,73.92625896979241,91.4631324976231,88.80759293120904,90.63194667298814,83.8290554573358,94.71284273937417,81.98633910158063,94.52560073974648,84.70949264310066,72.52234276414782,87.65367688863257,85.70323268407847,91.0003737915229,83.20393832320207,87.80821460425656,89.64641590917077,85.5027995372667,72.32756350142961,85.2638532331514,75.83910840054078
10.1016_j.jtbi.2021.110737,63.34881599357344,83.56923934856592,88.60407636873398,85.53365837288808,73.09171905316542,92.97077172440059,63.47380682257913,90.40052741325196,71.87953620132623,66.0575501162396,74.87537155252375,83.72067062718779,75.3093686901173,79.32268844713862,88.02200803090992,66.19223606919408,81.0975820478308,59.721989227922855,85.52478161821615,63.83729777364994
10.1016_j.knosys.2019.07.006,67.27374674838994,81.54656123855388,73.28599580033743,67.85622567137352,75.29138178760384,92.5574070036582,67.37568390714897,87.46945654138514,72.48610877990922,68.26584582396808,77.73286894444804,80.31620932535479,75.70227881089826,83.31776642747366,87.34049853071384,75.29892125807118,87.0,60.69539571853722,70.61615755323979,76.01197199743665
10.1016_j.cosust.2014.08.002,71.1316881694396,82.00836864119331,79.59996958304913,78.04848031502844,76.85942094058511,94.31358221742425,69.34177940865322,89.03690897354501,78.82457704783478,69.23679782653264,81.82336112710358,82.90097779726239,81.061589580905,84.50382648955956,88.64767063748063,75.26207061415272,89.0421462718196,62.0332242779702,80.81733665606771,77.44907855817641
10.18564_jasss.1805,68.02635956427571,79.89870736436309,71.83480145095076,72.71527341622031,75.47386575731049,92.17705821602986,67.68937066160774,87.27402441233858,73.24907987613666,68.27151421077578,79.43301546606911,80.73921676557282,74.71506791674867,82.6178821012017,88.51995965309787,73.77725351409747,84.87941646479975,60.68534781195171,78.42551177878453,76.61391536571197
10.1037_pspa0000375,68.0,77.0,74.0,66.0,74.0,92.0,67.0,87.0,68.0,68.0,77.0,77.0,77.0,84.0,89.0,74.0,86.6635529379887,59.0,68.0,77.0
10.1016_j.techsoc.2021.101843,72.84004100136315,92.08735004999619,84.5607190921797,85.67478579049734,77.18347069056455,94.95088045796653,76.99077633198709,93.144699176621,78.0992940105021,76.07158277818459,85.22746871752412,88.85760753238188,90.2486477282967,84.43201074894817,87.85064059582155,88.8480107561354,90.87224922809278,73.54958790403623,80.88922743447945,79.24807518326836
10.1017_ehs.2020.2,70.41146282645009,85.89740708515053,82.01778061877528,80.90347556339924,79.4353621985941,94.81131169028642,73.95033047546598,90.4703238026047,78.45914733964503,73.42671044491686,82.57759605903142,82.34819790132507,82.52250110412103,87.36639931990729,90.67983283680394,81.55224054573857,89.6698510445883,63.21468498900238,79.22230256240563,79.55153053072479
10.1098_rspb.2019.0001,68.31942398992595,79.62473788364719,72.61281799523395,66.71249470493997,74.68827954803785,91.09125318155444,67.54690096407924,86.18378199989732,73.33377598987678,68.52223434038025,78.0623635719853,79.85004677649243,75.29054826422222,82.37115133016526,86.79527904194691,75.33391958070455,86.20119135141152,60.57805799271151,70.41029778484366,76.98660258410659
10.1016_j.jebo.2016.09.005,71.627780615979,81.49689610374402,75.37117175680612,67.55925389845204,75.90714299077655,92.83896699976641,73.2420475268941,87.05874067351779,75.75924727989013,71.63918904061049,82.55146405278116,81.0178107211903,77.51722626540466,83.9063726831087,88.24307297417228,76.16636896504863,88.67352776860672,61.247898690996564,74.96538258691665,78.53554121969466
10.1016_j.agsy.2015.11.012,74.0,88.5507897046259,83.0535221313588,76.54751612408742,77.96395163799654,93.29229722188602,73.31888024288486,89.52174147196232,76.34514443382406,72.7986792218869,83.0,82.58949265514255,80.94348675684387,85.13408001897344,88.64700159210074,76.25454036486623,87.92568596659,67.01809089217635,80.44353802495148,80.22897300397874
10.1016_j.tree.2013.05.011,69.93437297135758,81.256128398431,79.67303187049005,76.99221330758469,76.10153648605048,91.75508748159493,71.11954635333237,89.79232184103462,75.39311463410911,72.14828640572023,80.85854441044536,81.6314641919588,80.66210526446349,84.74594279298961,87.61669411281873,76.60009798443282,89.00179744067935,64.17566379528174,79.66340196863825,77.5692262724954
10.1016_j.jtbi.2007.07.024,67.52591919586108,87.44744243894685,87.81634850881954,74.96384562191535,75.96451154728278,92.0621285098277,69.0297091662727,86.49704823672245,75.14372090876732,68.58212984746719,80.9581091430789,79.01720081488095,76.71455856366549,79.93155966543655,86.27108694158113,73.84673060190111,84.65924667231423,57.443846286285165,79.77105276262647,79.94935484308543
10.1098_rsif.2019.0127,69.35241510575227,87.74122259637164,84.49640425931094,79.94336888941497,78.44666886171143,92.00244886619822,72.8115435233038,90.23910882227463,74.33349674767473,75.27110085342495,80.18169887786708,81.7733868577141,88.05480838761592,87.22474618705866,90.13267790755701,76.30278390683479,87.88992298935796,66.43195785728126,81.5685299371026,77.87372627303583
10.1016_j.ecolecon.2015.04.005,69.00958523288395,77.08166567982349,72.85716623097368,75.02482049480356,76.87742178026897,93.7017954497694,67.73704463421659,83.88902491425094,72.49852964489178,69.72451556775722,79.09590163599921,78.5292708147629,84.50763676828615,81.04427756871631,86.04619230348979,74.16021651579723,86.53765706365772,59.36720914415647,69.5700824124677,75.64715245679218
10.1088_1674-1056_19_10_100204,74.97614784483487,89.77842155139234,86.92866013024329,82.2427208522994,80.33734849458543,93.69713208768408,78.18691982381578,93.8461883517073,81.9772430806501,79.56771014715531,83.78988113517997,86.65924812770326,87.3709935596007,88.73971903070061,90.92480515727148,86.85932330674223,88.74666733650218,71.29049486035763,83.39616477564078,80.34314650830538
10.1016_j.physa.2018.03.004,82.90898265720921,97.70806230047906,95.54816204072416,92.35832317363409,91.21086047187259,95.34581192040595,89.89627017887818,97.93374956151666,91.94874702937177,88.76813155201306,96.9197144463095,94.01903517520286,95.43137067842635,92.32817640909626,93.83454109428192,94.67967977109708,90.75348608424008,88.01461560478712,94.54354859726844,90.19540885124005
10.1016_j.knosys.2017.05.016,66.84701219325818,83.56172418804476,73.70397037270153,69.9093771906141,72.79658316601127,91.32970265427839,67.79491367327222,86.20438531681762,70.15274188341814,67.32381913767954,76.80652377813871,85.89380500765627,73.45673310057192,80.96137202370083,86.22177879170957,75.64522508784472,85.7452617012807,59.16896118966432,72.79936530368279,74.53539307333315
10.1016_j.jtbi.2012.11.034,97.3166458667295,99.46678906335977,98.08968605990839,97.38387859079391,98.00529498196013,96.83077470440496,99.4523994844985,98.97376632221211,97.25799035837049,97.71726759680224,96.64163381483193,97.92010931728353,100.0,97.26904705675092,95.53229762514823,99.59023429088992,93.34097360297181,97.88746698270711,98.49231969624618,96.46554767950657
10.1016_j.anbehav.2010.02.023,69.93560943132978,81.99311626560247,74.29063365887436,67.87103452530297,76.65359999258587,92.29247066907692,70.31435533637249,89.00135734130296,74.95675190070642,71.74704884857297,80.15132047968386,81.21285224767229,77.37098383862225,84.33074116298693,89.50383474027124,78.23800770032253,89.2818105661076,60.23724123047179,72.9183337822717,78.2106560292394
10.1016_j.jeem.2007.08.001,66.45718389933896,86.72162239381673,82.21375531907647,80.52937720893487,76.29504044526468,93.31524518638518,71.90489877390975,92.0019288239129,77.85044737273252,75.00133858866607,86.28221746143122,77.967851157066,84.65025723033939,75.0315661110892,89.069050460668,73.14472864397723,86.20196049790476,64.97732571755269,78.98196782254986,83.583660280116
10.1098_rsif.2024.0547,66.42857815385366,77.15019778737089,71.13091889194816,66.40643910038638,72.83123996488699,88.80727135760583,66.80252324218185,84.89800237698437,71.57054077865544,68.31998213221843,76.11992065156427,77.03962813450825,73.95842115831532,81.34726664278192,85.59655264645073,75.11338667483786,83.00953947351039,58.29597529475683,68.38951784344304,75.81039229154925
10.1098_rstb.2020.0047,70.90126621099296,90.50665455098044,87.08727871300138,85.44866982251659,78.4926773041134,93.51435903644744,80.17539743458173,92.27106540108358,81.36282861336112,73.41312860075305,87.28470503522107,88.1269283500937,89.43966483795917,86.19880464131526,88.70710669447188,84.70123617701755,88.50486096458975,81.5664214211565,88.36933829183656,79.51053342376983
10.1016_j.chaos.2018.12.040,74.72650983296425,92.53756597774081,92.592511900727,90.65569545804432,87.71739180347821,93.31238731656804,87.65594627771868,97.16506030505562,81.60953221669753,81.6539130880411,90.37008019116047,93.52603649438866,93.8977640687942,93.5633590443734,91.82128456486048,91.98345191245718,88.1386170234624,81.63369390255744,91.43164540825217,87.79974024077005
10.1016_j.socec.2015.12.002,69.09840245298452,84.01197113819295,82.94491509374889,79.46025538714831,83.09898213351848,92.13112714841817,67.03702401761656,88.94263886247418,76.28780648062833,71.16005904066743,79.92436060683944,86.2967128575157,78.82021773685173,86.83756675098252,87.87439594975328,74.88871743719329,88.24816725229334,60.86509903643008,84.96656430401926,83.31442524126957
10.1016_j.jtbi.2008.09.025,68.15348317273806,81.67245967295915,73.79097905921502,71.41653717566244,75.9171860303609,92.76591114638495,69.31166219241433,88.26958565779601,74.61288726060698,68.84036925865315,79.2734772542054,82.14987944115389,79.403589479365,83.38448368719622,89.21691752100813,76.09997096790197,86.46323040489297,62.52671244714115,75.10661565911023,76.7848876191673
10.1016_j.physa.2018.03.054,67.7861291001601,85.17451597720188,75.73380241355929,76.86142025922179,77.6376164570921,93.04519398707359,69.1018904776473,88.01760615475094,74.34378193515734,69.78262526238332,79.08890157262104,80.48077142732664,78.37166617572207,82.79925502437966,88.0525844598154,74.9114928515635,86.02286032567655,66.77753711102223,75.65817424656784,76.98480580786018
10.1177_1474704917742720,73.14856307317562,89.78271718414298,86.22964849389776,83.38557657860147,81.16918147030974,95.30814178188115,76.30849889328445,90.63072009048777,80.069920003085,77.49316299554168,80.77990693534835,88.71375578043114,87.07114739152098,89.17593312887176,90.69757895859271,80.09473222048767,88.1405566169101,71.52878233331313,82.20354145386611,80.8998003058153
10.1016_j.jtbi.2012.07.010,67.49044617910896,85.68489480197071,71.08196737049833,66.34941071248844,74.14351004270392,91.40722557735454,74.58134578630793,83.99242110941984,72.783925065742,74.90646488220521,84.96912503217436,77.5584962378454,75.54528426420912,78.67152962635446,85.72567785987728,73.01257074448841,84.81108439746771,58.55191859921639,70.67121495044265,75.05638551742884
10.1016_j.ecocom.2018.06.001,77.20879924805898,99.99800001905123,99.92851788081651,98.65335712056131,98.92919705459731,98.3511646093924,99.47725084673559,99.93223843506986,99.77652109272543,98.72522029326262,99.99898218710047,99.95937061255414,,98.94786020135699,99.23912679871992,98.88338360509697,99.95140648223175,99.50879131414077,99.89038748374269,99.44885413465462
10.1016_j.jtbi.2016.11.012,63.73194990393943,71.59457174517576,69.25248855930724,70.02723826647608,71.51120142070951,81.97707596688858,63.82786213747577,79.47764104925898,68.58210509439755,63.48227004856178,75.2280236658356,74.47009939477977,69.55806074296575,77.17951111147032,83.544710475077,69.62446512359827,83.53371780127482,54.836877687922005,65.37874164676758,70.86027674404092
10.3389_fnins.2015.00026,67.69700622114684,82.72110686421671,75.88848314503899,73.05165223366245,76.39426405630643,92.57848195324625,69.4342368748688,88.42736922875665,74.6411436932959,69.65541288492172,80.75698343890504,81.77834695097133,78.36877837258801,84.43565077243903,88.27178841413325,76.32356631670083,87.47924645629557,60.461966063387756,74.0305228486173,77.72693528193662
10.1016_j.cub.2010.10.027,70.41949082585437,87.51067013856527,81.98714716706777,84.18457539831977,82.37004704436946,93.16815961131582,74.45484769393175,90.78649489203285,80.20312877002124,77.7699277873365,81.43010910861065,86.08314683681117,85.94221467306676,86.41678078951591,89.53032770963857,82.05341801906745,87.623572935642,67.08789291375267,82.80327355054766,81.08774595827924
10.1016_j.jebo.2018.04.002,63.682253640203314,77.68207533779426,67.18754294046373,60.62082249832189,68.78662354243684,88.77800222749116,60.50325826194971,77.56471446490588,67.83613926965056,62.0,75.7233660750233,67.39199648212922,68.74941506775795,74.84382458904405,81.62097792515183,63.942662570629125,80.37914548849432,50.964242731260846,66.59291184433934,71.58022887682542
10.1016_j.jtbi.2018.04.018,71.9841890719194,91.99138728382671,86.73680803705132,82.98059632060371,76.29958978374758,93.93215345081225,77.98320990740852,91.15430881401946,83.24231027476627,73.72286026556984,88.54925356477781,85.69219725416056,88.20608269688054,91.92455084819588,88.60378201329635,85.89237291273277,86.83754233998106,75.03779539712953,86.19195905762079,85.42949409709398
10.1016_j.econlet.2014.05.017,69.1662589579616,81.60626994599812,76.04757537477808,71.77840596446674,75.61470718256753,91.03110103655246,69.46278868990501,86.55684707413418,73.25852042267246,69.68858669454647,80.33751121192601,77.99397086012216,75.96589888722072,82.0250393181719,87.14416322578407,72.4071294045218,85.85148148144701,62.57986685400753,74.62007163438793,77.26339864537806
10.1098_rsif.2013.1044,68.32282144885806,90.1043219212212,87.35159509634796,77.79251573099867,75.49003258450047,92.69507710705251,75.45509825676703,92.50330502605355,73.20903359094686,70.79485405904535,82.89254046944608,86.66678885462777,86.58095074589993,82.46894379020625,87.96541910959218,76.94990965750067,87.2518313453557,67.75385946126065,84.1470111314649,76.33371309607142
10.1016_j.jebo.2012.06.001,71.77175547601502,81.17773231293305,76.88740611417033,72.46748624923192,76.22016248700291,91.49411163633303,71.32507503286746,87.76703588107351,74.4904266354905,70.19021913478615,80.594921415601,81.56033305699792,76.8921000781986,84.45254591783497,87.67304702110401,76.55170084986645,88.58927999657968,68.81943930674548,73.20406565566918,78.06328849202171
10.1109_tcss.2023.3324087,72.0968208030679,95.54164066153699,94.93028741296796,93.33964349598642,93.88003422171788,96.22483182898083,75.44507812266642,97.05208122190415,85.756265917105,80.03415099075367,91.03665875891885,96.23511759970141,90.81591484065248,94.07753621049375,94.03046150126133,96.35792979642554,85.7287626802296,84.67727400176173,97.02621600854515,90.2132370701776
10.1016_j.jecp.2022.105376,68.09589132649774,80.68619207168598,72.92732445604346,66.91682542030601,75.54046949298126,91.65778578179653,67.8355531930788,87.11651991786545,73.94441055578754,70.1944731350325,78.78394421335666,80.30781147049296,76.17960695276277,84.1629057140758,88.85346912412902,75.18792038684381,87.70492204366067,58.65898420836128,70.9090815890923,77.25035013771647
10.1017_bpp.2019.4,69.19957869684454,80.67935968502573,82.11748994218239,76.57193517453751,75.72666593200064,92.05872830701279,68.80671581375525,86.49430605295179,74.64366000068276,74.96161122916139,80.21299958444598,81.63004311019763,75.73479444809828,85.75152793579254,87.79492062348127,78.65418628712243,88.2273006118223,60.75721039114434,70.25791803144136,78.74931816111027
10.1016_j.jtbi.2019.110103,44.5780036012876,39.69723718266606,24.388405042886266,73.59143441353376,64.1021846552619,75.84854399198142,42.43538033655965,72.35794562186412,58.91232337074977,40.3293559651545,63.697841111687396,71.8407591385576,58.850046216895606,70.51968436850221,71.64708153920108,24.294501567194356,79.11962428500951,52.43734211376566,35.685565544161676,58.09735712811935
10.1016_j.socec.2016.04.009,74.9682282668438,85.96066146285315,78.9001056560216,72.00777292304814,79.9647551056106,95.98533976332038,74.92220205945182,87.55448067203228,78.99286059545612,75.91886248274095,84.88298166994167,84.96324680137508,81.63188909652553,86.95683430635235,91.81111788976895,80.93105964400768,89.15391613949055,64.28194510704994,77.04889835669614,81.60303802961771
10.7717_peerj.450,73.63028495660357,88.78515519248464,84.27123999379981,79.51218384960221,79.38580790511583,94.56774638215983,74.0057258230762,91.41353068242762,78.0459266328791,72.33219377710502,85.75775258449426,88.22164699834472,84.15613516188762,87.34143862106535,90.17338919506719,80.27291524990238,91.30386938840877,67.72249951920612,84.06614865565494,79.04124621352456
10.1037_a0033495,71.78805745106675,87.11031850079083,83.13197409407483,77.91714377855999,77.88004897127725,93.39587199397928,77.51843676712869,91.35042741219974,78.56758008305926,75.33006340677794,83.9399029128205,84.62285291971011,82.38373784359634,87.45482125172109,90.17225198091275,83.55285101258558,89.25622411759514,71.37553593126583,81.10273686291472,80.82351593797473
10.1016_j.paid.2010.05.013,67.38018419214687,86.94424168684027,86.30490774100284,80.54018338488984,84.80528424671755,95.77098969637339,68.85250406610201,91.15630844680562,81.34388977924786,80.58753159291001,80.21673803783324,91.11624312759942,85.74717535807983,89.68898750775095,90.05105631791675,85.81652731734157,87.2356239618859,65.92376299932256,78.44121884165727,81.13685815253399
10.1016_j.tpb.2006.01.003,67.63013267197049,,87.0872568565778,76.20582280978783,75.30817256029536,95.14344340287884,69.11973436160154,86.8596737341168,71.37040369963503,67.65075497844433,78.84514931088471,83.01949006325152,80.5494297796215,83.27286468167479,88.86517242145395,73.01002324181451,87.71973369122591,63.73660614751916,76.67964903005202,76.54150318415785
10.2307_3005886,73.18259470615884,74.43986751624618,72.37206094117425,82.51264007687924,87.25364897492325,90.29265771903427,73.87471248768368,94.33827879219855,77.89254146213901,82.73759925216426,84.48469418724005,83.51138323097204,89.78427699273392,78.82320803793787,87.67030792732281,68.15284727177693,87.35381412530727,76.54874494958992,83.69881619265342,74.44269664026125
10.1088_1674-1056_27_6_060203,67.99203356182535,86.70985659521946,84.27068066539358,93.42189651809097,77.20420208744031,94.92020462865058,75.13171566333412,92.14991347199884,72.55379731096278,75.84925588260936,83.52531592058749,84.97406806587614,83.94602827997088,87.54733314257233,87.97680914910464,81.24759092877878,85.81951553285955,65.77281369617455,79.11182708622253,75.69784544534899
10.1016_j.chaos.2018.03.036,69.80108383019764,84.85049106963358,74.09751992396002,78.39319734169412,76.47568355370238,92.3314215377718,72.43762567748108,89.35674263925966,73.97922714596187,71.53200151004376,79.37659709944275,85.21831406229644,84.14389649357925,86.10347596872775,87.77998275642076,80.31198866033058,86.06266115766006,68.60656867175953,79.72743470393247,76.57062241942488
10.1209_0295-5075_121_48005,69.36650938879423,81.92563826198263,83.97782932491354,76.53240536675611,75.59667820267498,92.87761090041273,68.75305316307104,89.55833972103673,74.31980508404232,69.22994490885083,79.72887393450348,81.18337219577967,85.016504572891,83.01546440865063,87.78999145852998,75.96171589742598,87.57775248750224,67.00681668902239,79.90764590145041,76.59382634605359
10.1016_j.jpubeco.2015.03.012,75.58525489498248,88.77812049046075,87.2348288045069,81.8625828784227,85.211832844363,92.8296309562173,73.90971430881893,94.42079859145746,83.2848015585182,81.16731368139511,86.62880638067534,87.949461990786,86.93816747477274,88.07783711754398,91.83605141680279,85.41400300546788,89.14177661569374,72.8740902438991,84.23181553259704,84.1214034217039
10.18564_jasss.2759,69.00880343180953,80.59381064691213,78.74885338822558,74.3860353818238,76.5983464483446,92.66849077048875,69.08112793663541,89.69409625440638,74.02166710479479,70.45949964995508,79.77537185257887,81.11883495882535,80.52374354394638,83.38347088144855,88.0162770171287,75.65264228507539,87.49052506592422,63.55223515818566,73.0341854306407,77.27979300739501
10.1016_j.jeem.2012.09.001,72.45300640694616,83.68680576987538,77.39381847215087,70.49845373371097,78.64994585328112,93.00281289088481,72.7449377458619,89.11580374774734,80.14239240502367,74.42510592445151,83.06236281231924,82.20897614369609,79.32725824470344,86.69021649645055,89.98684334315337,77.43871954432178,89.67316894466549,65.14830972825298,73.82130344238423,78.65917065384956
10.1016_j.jtbi.2011.08.034,68.05785387663879,92.33188713223733,93.60251643377751,90.9153748326247,81.9707040045063,94.47292498995479,73.66963529311008,95.87767121816164,82.2745064565136,77.59741232423374,87.46315697878276,90.17591960727296,90.23918459201234,92.45212942035718,90.48467793544337,90.27391052654978,90.06880660625815,73.45697628005901,89.13942222370827,77.38586506365479
10.1017_s026988890800132x,69.03234771017343,82.0746317702768,77.88180030210937,79.53494988844719,75.44579013381889,92.35235844861819,70.10394575760242,87.54069497973347,77.3004837112597,68.49558037851159,79.6323932814803,81.08026444878229,79.40202488202364,84.79172800249506,87.46929060360412,75.89386043188713,85.41784311748808,62.416423502323795,77.00914855752461,76.86387844511744
10.1016_s0376-6357(02)00015-3,77.90019199368602,93.41084926476896,92.760818961215,91.76976489673046,89.5978509806681,95.27339544760348,87.18452651800966,96.86536792701258,86.65064558240645,83.81806863434686,92.05206378163369,92.36798535673078,92.45083571725036,93.05616915679056,95.61199431056352,92.69699945213081,91.57124807399916,84.06147598400081,90.03030589892263,87.70597172421209
10.1016_j.amc.2024.128844,69.32221691714108,90.19881059108867,91.18180264349296,88.76553888270311,86.2214544385364,96.48079700612607,77.13828258500678,94.52557540764467,81.57881052338672,79.54596639045025,83.36014858493694,91.06943610612676,86.63037209073654,88.29764505444926,92.549655716326,85.5616739816233,86.2473435071288,69.94287117277875,81.50892433060358,84.45999211447892
10.1098_rstb.2020.0300,68.01311725649609,80.0362119532819,71.70660437519324,66.86981814398949,75.49117663429458,92.48986833598913,68.13728514388009,87.34187495155459,73.33943799139426,69.76137769988719,76.83928731757256,79.40524322252433,76.4061635370843,82.92212699833439,88.0939481075339,73.69462363655963,88.02285708173655,59.193340515015535,69.20024024231296,76.12659518440167
10.1287_mnsc.2020.3762,68.0,81.0,74.0,68.0,77.0,92.73862844088593,68.0,88.46264536600277,77.0,70.0,81.0,83.0,87.0,85.0,88.13345742415356,77.0,89.0,62.0,71.58480950326775,80.0
10.1016_j.leaqua.2019.04.002,74.58597527166283,89.19495452472212,80.55671531614891,81.42222524478846,80.16491237899432,93.4658452768903,77.03363701742114,89.92664064567846,80.54911301121152,76.56420441186566,86.54880126940652,83.83084552411735,86.05849666618052,86.47117093783514,88.48690814446145,81.26968616728476,89.59629454234731,69.71014339638243,84.75926743318462,79.20102337117042
10.1016_j.cognition.2019.104040,73.09080550945903,84.58374220507804,79.53938065634468,73.65275353309092,78.05334561250608,94.96176688985074,73.58489669546728,91.34158617629281,77.4474905382186,75.50334006077215,83.21842061999064,84.0870967916888,80.79943862383614,88.05658599423481,90.63158798554305,79.83257460466845,90.59038845455036,65.51765072063114,76.15039792482963,81.43211793364372
10.1016_j.pursup.2017.11.006,68.2936157197727,77.0380045942997,71.50704135243166,65.95766732275153,72.56108477356302,90.36304326668018,67.33745643459743,84.65132497574915,72.02913511121454,67.83183499120426,77.15856638438403,78.88431811278308,75.28942597937738,80.50059478083755,84.62171720829163,74.47411703666486,85.77746662981028,60.9374318661461,69.70655503881954,76.21423807469552
10.1016_j.chaos.2016.12.008,68.51265094821534,87.16624473198206,83.55750053804212,82.57510412111046,81.22889134019645,92.91655383555573,70.43302812798723,91.23884854096919,74.30444137806813,77.64783008407818,82.37470559259616,87.35850913081687,86.83272045497095,84.42592133041227,89.7295824867554,85.12953974141843,89.02372635801083,69.38490179394395,78.86953110023379,77.49069139608442
10.1098_rspb.2016.0488,69.80887631566002,85.41011629921668,81.8095936702115,84.29775628772967,79.66124869826511,93.11632959432185,75.39742704144315,91.01952818960582,74.51994852004712,74.20284976589993,80.86979881317939,86.81792145851729,86.22495798121531,85.40326864233376,87.75090806050723,81.49267645723994,88.47122600147199,67.76467042408309,80.82896365685592,77.77065604078327
10.1016_j.obhdp.2016.02.004,75.26125779417556,86.03417248844069,80.50670819472937,73.49271239620793,80.47351141723624,95.85459855065065,76.91597975097403,89.94764081985613,79.11068312506069,76.7980568039818,85.59842400929753,85.0,82.31007312844099,88.61928081970972,91.65549060199305,81.40405072152916,90.72141100269302,67.04063471372999,77.8592979243243,83.19652772407814
10.1016_j.jebo.2015.03.018,72.52029315813184,89.69625041827896,86.21476054838129,90.37783828339431,85.91425476026639,94.55374897709846,80.55103556767708,90.72837797533425,87.70377870478592,79.43147910392935,86.78746709351455,84.24901465395986,92.05627442895887,90.29904106753617,91.36210738516506,87.02398133673057,88.77020430969142,67.2197207149973,81.52338721173867,78.29827559272199
10.1016_j.jtbi.2012.10.022,98.41472521052033,99.92238170258146,99.29448464994296,97.73544780147955,99.99580759109692,99.99990152481504,99.2321138411446,99.82572525248045,99.95350187781087,99.42531494068479,99.99525628449948,99.9900084671405,99.67016439077771,99.98011854045632,99.98851135212317,99.99763080222584,99.97500530278137,96.55143855987478,97.45178628760587,99.70164002843944
10.1016_j.ejpoleco.2012.03.001,75.72488655000258,83.47602909904158,83.41213020946324,80.07919658181318,81.07151142076293,95.38845887325061,73.48643122487606,88.90680315633786,77.81055269140998,75.49305769489848,85.27178140055464,85.83561177837008,83.93125730435057,87.04882104050819,90.12744574538509,83.45990075709413,89.66050991101174,67.30613783518815,82.21749935594886,82.04886427184502
10.1017_s1355770x08004592,70.87138997204569,82.33002776648719,75.98031750221494,76.67792045921388,76.24421267726977,92.40961822634593,68.2796320805363,88.57996497696594,74.216976021197,71.00504275358793,83.79728944582888,80.83174161217349,82.49159026089629,84.3825783115469,88.96826314557896,75.88269960811684,88.49357313473475,60.85932269265243,75.8643546737999,78.08446856189967
10.1016_j.amc.2024.128534,66.20572852059972,93.08566339460272,97.71125754433443,95.77865436145534,82.94760503379516,95.05940561806179,86.47925803912521,92.78792557561722,78.0681137823002,78.39244118139422,85.63919178252763,89.96381378493214,90.65160220784011,93.07628741972644,88.99505351607095,92.90394583293197,83.93674295270064,83.90830436360875,83.84371056386892,82.73484866515656
10.1016_j.chaos.2023.113562,65.72948540345294,78.02673351603183,73.2089848956417,69.57614439591273,70.95325390430592,87.78331652608617,66.28071061285156,85.021418196035,69.02365505235312,64.50921884851603,73.70309029531349,78.04707569894165,73.59656729275665,77.03690700180464,84.20205177399284,74.19029296152469,82.915878534818,57.67700412474281,69.36635865391777,72.18014520989861
10.1016_j.copsyc.2021.08.015,68.72093903655082,80.18654597737007,74.83212187950214,69.16248055344857,76.11417548126578,93.07361739277967,68.70824638128616,88.55601765930119,75.21734842903693,70.0013794466331,80.82643095547462,82.22191310323976,77.64949498462401,85.5922351375247,90.20182308216421,74.61204445454004,88.74932685011929,60.31244691703009,72.34419529791435,78.29472931779897
10.1016_j.chaos.2019.04.015,64.96444979161255,76.68500673718613,68.63934133535737,64.67142452047587,70.78758188733768,87.14140981035925,66.53449010675175,84.12586548523295,71.50255577166675,65.91292313411867,76.27132931614858,76.25782996205987,72.82038793113126,80.02501384231142,84.62438256660732,71.81216476632261,83.58539980280183,58.59144491793271,68.0684569178353,73.20923117573705
10.1016_j.jebo.2016.09.015,69.65632649030472,83.34629967630617,77.04203014279953,67.3144556500727,75.54981620754417,92.16428337130351,68.57393521597041,86.91192847258306,74.59164053514203,70.55450288937072,81.42531895097821,80.62308531798774,75.96709804592439,83.16675363206447,88.16793588172597,75.8993072096509,87.42863395600818,60.881475516025965,72.0693814765176,76.79666812171303
10.1177_0022002714564426,70.05044024461972,83.16327357037675,75.74322394913278,65.85341395342374,76.36608435350982,91.90571017470225,70.15113860627787,87.43799791522066,75.64614236763613,72.41331586179301,81.90245199585426,80.50095792174358,77.79184574137732,84.00919971076021,87.58473904897711,76.14861387258695,88.86671030410501,63.68809988389728,74.1842729274464,77.63165606672834
10.1016_j.jebo.2015.12.006,67.65966510051398,89.16335596717039,82.17078918870226,96.09299302419093,97.86146223741217,95.0141739510715,74.15631809277996,93.83173210803875,76.53176328481278,84.70771821047408,83.58557630373231,84.45254098675849,95.75510045514784,86.57246869017392,89.28025189768009,79.86548358208726,86.77776613406566,98.18922321214545,85.99809605317267,79.20845752267209
10.1016_j.jebo.2015.03.009,73.81225588813355,89.36267680068231,84.25338443194093,78.64324713359866,80.25530976600325,94.3957974088392,77.62615168564719,91.80286694416625,82.812591885536,73.22490351584906,87.78672349630753,80.96358658478513,85.7211050545816,87.0008846165695,90.53199706754847,81.34314981307038,88.75594565445203,68.1300415557986,81.55917282760021,85.89440067927782
10.1088_1478-3975_12_4_046005,70.48392214596359,86.37184903983088,87.3421704596086,85.92172260164091,76.34972816397132,93.59740728830319,77.66426814745098,89.57192462064917,81.50209353565025,75.24723181248399,84.55677058605696,85.23226808408272,85.7870197211589,91.10036441174653,89.79729465814869,82.71116767427067,88.40639466313344,67.32318467812075,78.45955693809245,78.63439513977423
10.1016_j.joep.2012.10.004,66.34033005174638,73.6055447617329,67.68930244498303,67.4087271590084,74.36652181598348,88.54631780575785,63.02747827565174,84.55165328984504,70.92200084425879,66.77452557565739,78.68200760676478,76.14987660787499,74.1013072666173,75.60746148828429,85.56141279748073,66.85150714967101,84.68162567937163,57.847466434327266,66.89799405323751,72.22255417478816
10.1628_0932456042776140,68.652477264625,77.24289258022033,69.7505303343526,95.1995285588739,81.5803454808371,96.04552180856558,66.15734771456736,88.73157902077232,95.13411056681215,69.40990092647297,78.16006747843727,85.27720103135378,80.57260988069429,89.17401024228063,92.02088501888437,73.01124731864189,91.30436784538955,59.38079448256425,76.3441036780405,71.9300475393522
10.1016_j.chaos.2022.112413,90.57284839036308,95.56422511645322,93.09956975310796,89.88199375838037,90.2267017959919,97.63357591979461,88.65905389117373,96.5583569974741,91.6722523342277,87.92882548655724,95.36323115380718,94.16766197345328,94.13046955080682,92.03984142876256,93.67396855898706,94.18130827360464,96.20888383053389,82.19263549117247,90.54994361980977,92.87074457049768
10.1016_j.jesp.2020.104096,70.40156109515245,82.88416183300676,75.5482268654051,69.82906610197992,76.38368087674007,92.78410527708188,72.10360803005204,87.76199372960744,75.59789297634961,71.37419546229152,81.00050090007245,81.95287271741856,77.99120638856789,85.02501377690871,88.09937070626668,77.43694667262886,89.27455286278335,62.057658007440494,72.95379041699049,78.11548849139315
10.1016_j.obhdp.2018.07.001,69.14943527574273,79.2325221639244,73.69978674948622,67.17885506089169,76.07356974389401,93.01796760576138,68.10935685269538,87.28818534189517,73.91972426847136,70.94221731714867,78.22155491184499,80.34905865524333,74.93832644532608,83.736349416298,87.46256424449724,75.2762444651649,87.13454902054957,59.93215376759845,70.74515174411609,77.49349404249388
10.1111_lsi.12256,70.82755361290634,81.8316858797067,83.45498604610695,79.46861308949586,75.953359440471,94.48089840672982,70.67777485470974,91.0813559036582,76.29685553715521,68.25944126059422,79.15320284007655,84.25665000023228,84.85979802856698,86.11491753926285,89.8745396187741,77.717985823836,89.62390023344996,67.0,77.36376579917119,78.78535568738013
10.1016_j.obhdp.2015.03.006,69.55100403510184,80.9032808416057,75.20680587344516,68.09740401586151,75.87510116826887,91.8589168648226,69.55444430639488,88.14762302872202,74.83859988325061,70.57584053650208,80.76751735079581,80.35581182012876,77.1690932921634,84.4042788645501,87.78653292860638,75.93764985429965,88.50561740236768,60.090663331087114,72.1903054765295,77.73069125423366
10.1016_j.physa.2015.01.029,67.91699204575416,85.99343799633104,89.24086860086219,92.73396440556174,82.77627757885732,95.40182563023123,88.4393035884308,95.72311083815337,79.02599956730022,96.52808769367425,84.38389030318412,98.2396850484545,94.76545211714136,91.58812956474148,89.16112800278756,99.55672309566835,87.9651721886277,98.73782424422734,81.36853210140043,78.35845367603558
10.1016_j.eswa.2014.02.050,69.13112644651366,89.59283649636023,84.9169794382498,85.2819051257701,85.14396801767296,92.70400175144852,78.00812816536968,94.31898860365916,82.0862247059597,82.09948342943697,82.32750340711905,86.62266835375354,89.53609215168959,87.53164752299217,90.05659561513045,84.22805450636254,86.3169079234768,70.10258560212405,82.20683068617865,78.20262690408198
10.1016_j.jebo.2011.10.020,72.62171236870114,82.32797461604562,75.81845845826484,67.48574215672562,77.15797100925293,93.40397311474042,70.7277023108523,88.41936723344938,75.73855654564217,72.68568162626214,82.03068557378235,81.65190808371142,78.6370654646274,85.2505707598838,89.12311415976662,75.80403625405195,88.43457621347741,62.004249515958165,72.87617898469672,79.08816319452632
10.1111_j.1420-9101.2011.02398.x,70.6498853624428,80.95656202882815,73.12945104422751,69.70027035141776,75.63483236226806,93.0778864647349,68.16440248099444,88.83270272913339,74.88818930539833,70.95157985572865,79.81365295933641,80.7467417291065,76.56874109957802,83.98905808190992,88.63796190625978,75.69426515885459,87.10796569261177,60.45169115690365,73.83544652929504,78.88633178176887
10.1016_j.jtbi.2004.12.015,69.69316372695425,81.29922671843593,83.29037001442383,83.0475650452041,73.20864997577391,92.49144058379778,71.5265230395827,86.43308722429165,79.36425006975149,79.39700568448953,78.58421111935932,84.80903578097201,81.31319422435821,86.78423952643296,87.44113798150913,80.7286742727463,86.26143043423315,67.11028173135662,73.17804209622558,82.67888869546087
10.1016_j.physleta.2023.128837,64.33499666425122,85.62852397068616,89.682848019536,81.50930352661173,75.0455302770729,92.13385446037437,75.41486302643298,91.08664313860125,74.50802464095175,72.28742543704165,78.32805437692089,89.81250516100835,81.48248602295726,84.91651910851371,88.05233617570872,77.06483407805293,86.65527093296222,64.5814798677509,84.81873604558973,73.90510555281246
10.1016_j.chieco.2022.101826,79.62755413905653,97.23591543707597,91.29138202872879,87.70680300426022,77.3631592805299,97.0726659140033,87.66161674414532,95.67757397276608,88.12511928707814,81.51625397513224,94.07161888705916,89.1475800377367,90.50088803841264,93.50212432094942,92.4060624708039,89.17636979803294,89.73177828969622,78.89224514434663,90.96173145831825,86.94955110896157
10.1016_j.evolhumbehav.2021.04.002,75.25783684556791,87.78348734761815,84.42430888347072,83.7248681876015,83.33110438585261,92.60323461287466,79.63614391352641,91.87803273026006,79.72193298333585,76.57556174210116,85.289091764607,85.98127212402905,84.17089004272337,87.30064988357354,89.75225735721743,84.76547692274006,91.03868371157947,73.39193824523198,82.9283135582798,80.12535883324199
10.1209_0295-5075_132_10007,65.5881113448235,89.30163630878926,88.082616912857,77.47114679015941,74.01786774227544,90.26217734239447,66.95370899038193,88.0657578883289,70.76042911143078,67.11651769827759,77.04353521318077,81.35308850993971,76.49060845780093,82.14425560733125,86.24678438556232,75.23544722092463,84.82700880499563,57.05254524715434,72.85539768623534,74.72617708767751
10.1016_j.amc.2020.125063,73.66293294762279,84.4602941050147,76.74898935450221,69.62462121929626,77.67005505195499,93.61863664491145,72.04396345831087,89.71455292259914,76.77640205131465,74.05059074760037,84.4421717610065,83.52441684742875,79.50536502736709,87.17002524370774,90.7539105337661,78.49393056619762,90.05249669597234,63.13878724878424,74.77884676282923,80.56150165039027
10.1016_j.jpubeco.2018.06.010,72.62120726177287,90.90694721813232,91.13443399342962,87.16696965770393,76.09262697714807,93.20348904056586,82.7008453061752,89.3116165667177,78.66511258311627,73.80983895945174,82.66088587835806,81.4698849760929,79.71556573092873,87.0,88.4221175378217,73.46180862021917,87.67010577329701,64.9908379211061,84.93619671862281,80.94968093830673
10.1016_j.jebo.2017.06.006,67.31231502061065,82.63115471228708,75.46856097886305,78.23918132446849,76.7515962826788,92.668970282129,67.92785637172176,87.37660395057236,70.31497683659589,68.72895449500562,85.32377263114032,81.0,86.12216834544355,79.89072718954536,85.15421850926344,74.00884400792825,87.04144445499259,59.492672979687434,74.89842679618484,74.47208988688449
10.1093_aler_ahw005,65.93472290561775,77.56101554738063,70.4665437174011,84.47282556206244,73.68890118993825,91.42336814163244,66.51988020565145,83.67909277840727,72.68156646750059,68.45091554755273,77.33472009045839,78.45354536798064,73.76000107672661,81.32475660325969,84.97140025248244,74.86327975500897,85.74796109190692,59.18073227205454,67.38186824612289,75.83528239211054
10.1098_rstb.2015.0011,72.82899871287164,91.05918369514904,82.84389811528352,81.2503879719206,80.24987463772054,93.8816136524233,80.59241694766251,90.54279471120861,81.19643907145667,78.55094339007016,86.2708795163811,86.55331629302529,86.90167875061047,90.46485602209658,89.29656980348211,86.68164232580247,91.90686708135219,70.94464043732884,80.30925750180366,85.57876417553759
10.1016_j.evolhumbehav.2015.06.002,83.76218189922015,93.38265430028554,91.23209139954265,87.84260466768323,90.77102780122618,95.9769643676484,88.37604116690979,96.26832452181829,86.8072758646594,87.54537898390184,89.77289417033957,93.2794138355362,92.8588912453214,92.90731774505191,93.54555377050752,91.61067014177284,91.85127025158145,85.49365090041913,90.5601609639438,87.22236359302556
10.1016_j.irle.2013.07.005,79.10118415385298,90.22536070776539,85.83436498561309,81.94424749452784,83.27908884117103,97.22008298953043,79.9971409437287,94.46756459513404,83.00612564951714,79.73760267255565,89.14182913528875,87.94123558745073,88.61973920272676,91.38660691140623,92.90810350922797,83.99483829691114,93.1846510174547,71.95741641772867,83.6792901400754,86.48791581838583
10.1016_j.physa.2012.07.078,66.92564727537447,86.9611265394632,84.32224023065069,80.1156491930014,75.75040529455113,93.35243604179236,73.00969230645538,92.12047160421093,75.13529317828318,75.91599895447406,78.59292513782034,87.48569816958585,87.60197246924456,85.20288663885505,88.33485052054787,80.9450440283791,86.37157032091434,65.11613012107846,78.91896606314585,76.80212802627243
10.1016_j.evolhumbehav.2004.03.002,76.34705804220839,91.37168931368674,89.97551595593154,82.1882554936318,81.13846447567592,94.74518987866188,77.80639663211748,92.8626548204121,80.11717593491329,77.77089055783108,86.47365819532281,87.8714406163653,90.12547740383246,90.54699504944712,91.03466454003977,87.88596494693998,91.1010989901222,73.76289018603771,86.48139711086235,83.3716552329767
10.1016_j.actpsy.2020.103055,70.6830369789493,84.42361159502113,79.88531575883033,73.13314207491166,76.35110068825864,92.85717606010019,72.18608108971269,88.67195479655803,74.75055500167254,70.2492575425734,83.82179447788926,82.26890094649721,77.8899834282931,84.79657266586783,88.18632669639493,79.20621391300489,89.53054963558932,61.440810901325015,75.72823923373667,78.28080683905026
10.1016_j.irle.2019.105858,75.02361947267285,86.55705383180914,87.00547670026515,76.24355501053238,76.01072540494458,92.39785523512386,71.759947403185,89.80478166502816,76.20915193954941,73.71529951142803,81.42936817407016,86.20771916157248,78.83519722306373,86.93852999422649,89.61209693463405,83.36655984676865,88.84891888605516,65.75258071898081,81.94845643484351,80.77710285790845
10.1177_0956797618800042,69.8273809542681,81.79323628534632,77.81848038524447,72.14779774870014,79.20146018405264,93.85121022784455,71.1097801392082,89.6979315764822,78.60253012226734,73.98879587634914,80.02114323767884,81.05734589093416,80.47116108940102,86.90595357038585,91.11466505877159,78.40433459579914,87.95587560682193,64.27713861459243,75.28476963517882,82.75031621109285
10.1016_j.joep.2018.03.003,68.2043324887533,80.66065713063394,76.38509554080589,69.84391576386618,75.73528424190249,92.7275868907552,68.2947022048959,87.25503492982433,76.3465993592182,71.38957659975199,79.88203657471172,81.44134186997948,76.78376853967193,85.16247155081027,88.25893781260852,78.12035284606561,87.71471891003806,59.58610657722354,73.29190631067819,79.26345379843298
10.1086_696880,70.69448323003859,87.57645653366143,80.78239907143431,81.9764449174866,77.48238748022092,93.59304653410213,74.06438644781198,91.33262690000882,75.45429752506675,72.51069669820748,82.50323070214016,82.0,87.68614005853624,85.99918687373682,88.7161459274749,77.62031929890854,89.37307768779313,68.88712422406157,82.07630594710913,78.79291475826666
10.1016_j.jpubeco.2016.12.007,70.38358091018682,80.7158729548618,73.9185867126856,66.16466874859935,74.09182987259635,90.00391675480898,69.66275809769732,86.56434090471355,73.50818891417111,70.03309958900047,79.9945225074178,78.63699574819643,76.07637574919066,83.52164914704703,86.28801414912783,75.39658095788931,87.28898521827543,59.83437565142105,71.45223568712993,77.46281703650833
10.1016_j.jebo.2015.09.020,70.02359485100978,84.79144030186961,88.20932341298182,81.56750523149252,84.03135555050491,93.40787253290688,74.87836606088058,91.9318685897698,77.0625418053406,74.91801752026862,85.00067408977493,81.81408538547417,88.41919983518851,81.83269080182572,91.75388533786167,76.86948284578209,88.81794729555776,67.80605119717193,80.41204213649861,82.80325397505563
10.18564_jasss.1568,69.00404004689621,87.5670337030622,88.38249500566221,82.96390071016435,73.96959797375622,90.95184175895291,74.3047336234793,91.27726056886299,68.87839654357722,67.23622235402222,78.76554868079108,86.35910672453112,88.91412561574248,84.47324680640087,85.77519536329308,82.46233761462904,86.28583206993267,74.53519119016772,95.91649201678726,72.78614977261003
10.1098_rstb.2023.0034,68.84755938566863,81.15068356002865,73.8193984499792,68.72307147134265,75.48042411619876,91.55621021264848,67.4864118517949,87.35427091441966,73.08666632861235,67.50997904739774,79.0332325533713,80.05872428345327,75.4975942589255,82.00182646383021,87.28244730988554,73.7686281143933,86.69943432149354,60.032752121056774,71.47370899289591,75.41236561193045
10.1016_j.amc.2023.128168,63.53211443649311,87.03537732094445,79.96023614989898,83.45510416603312,74.66424035044851,91.19963456212525,65.05096321655599,93.22399677354912,70.6103918371355,72.71818379866981,74.78715406856651,89.76231383480179,84.81334383005343,80.51735233053537,85.56124399457912,81.74555661827124,84.33850088064396,64.37224662985354,81.5863857463103,69.73945277441025
10.1016_j.jebo.2021.04.029,70.51204834519446,85.23031100269496,82.03629232706669,76.63909046174021,76.5537588393122,92.42484470613739,71.34562105025299,88.56245347858105,74.51203429709862,70.65303092876765,81.60186127603751,78.09970417169917,87.67905891989717,83.19897665506697,87.35777818737058,74.61468663705558,87.01702151197502,74.41888842460673,79.09520151275645,76.77032884594884
10.1016_j.jebo.2020.10.005,65.56693005674435,76.76759140300545,67.64045712875513,63.759489906612046,72.2762944860229,86.51358741561619,63.11040826948295,81.56282448852112,65.20322276354587,66.18712211769666,75.01158764597061,76.16555195564645,70.58752455457272,72.52883544561594,83.34833543188593,65.54347133254333,81.7863206739812,55.49305326960937,67.39665833791949,69.62420403785211
10.1016_j.socec.2018.03.007,72.05223814953257,91.76334463207498,88.98902896373092,86.33903931705855,78.5058927038668,96.18325416812384,78.94550023850191,93.80389011020175,78.62050388213072,73.03463121570532,82.89295879388607,81.86689819968551,89.27164907170845,83.34361042703745,88.91751097343393,84.07352363563436,85.83067822392037,75.68402334640379,86.30423048099676,79.61691699906467
10.1209_0295-5075_121_38003,68.23237785931724,86.2755282062636,86.71298232268272,78.42535399584257,76.6759037061646,95.74306509544549,77.25580092230183,89.59869276007952,75.81088199119247,71.02610550668173,80.21869605314895,84.87616571499524,83.89750479396083,87.14866691372866,88.53959884652043,84.7058407521666,88.11780589042687,64.18268854039177,75.27384671255416,77.38928534352793
10.1016_j.geb.2016.03.002,69.20670974578606,89.53440512977129,93.24746439636546,92.20339876633409,81.06389460038051,95.25696606176236,74.69498978230396,95.8628796149171,79.06860031507317,78.98775057325946,81.48446100790687,90.25924019922955,92.89994302045643,89.43524014631518,89.6116895069651,86.772468764385,89.09940218920296,69.83892088991746,89.0901803081049,76.63518033407294
10.1177_0894439313511396,83.09783424202561,93.3166729962667,91.02064998958451,88.57394956152253,85.6014497731293,95.98491979153793,81.36171701018134,90.34823683281836,84.02179444356032,79.60125322396689,90.8504147363038,88.65221071818713,90.94458318904262,90.70536990458311,88.35226293960137,89.03622839867052,88.64086623938844,73.59911047360877,91.615866052343,87.75839245851472
10.1016_j.physa.2013.05.054,85.29784304483383,93.47314235190326,92.20040576157186,88.35164947839053,90.15195441574339,94.13613500672905,88.37551702388956,97.62338852740916,89.81102722130525,86.83350208959875,92.4835356768129,93.41531381439161,92.51608952543206,96.27309619648022,95.71545254539608,92.82008320613392,96.6712456254115,82.97350244369308,89.70126202769714,90.4004627506842
10.1016_j.jtbi.2013.01.004,78.6057512459162,91.4608267983799,87.53631951671274,82.71517088481971,84.18115945851953,96.05889595395843,81.92842918296377,96.51583815641216,84.73512878724422,82.99326614644971,89.85337917922675,91.63133833120972,89.18753276476973,93.52707758738445,93.55722442874992,89.26695780239481,93.56151347069978,76.64277224768716,85.14315979417961,87.97384819037687
10.1016_j.physa.2010.12.044,71.05296768882573,86.4206870027356,85.22219400727622,76.71930101802364,80.00002119809604,93.09315219852701,71.8041453230836,90.56471899430927,79.03402795369924,75.62373155545833,81.88434953102127,85.07527790681014,86.27936738737799,88.51787878076209,89.42166008256889,84.05649800339388,89.0373343231035,65.61090408968916,78.05088654182386,78.25035462365155
10.1016_s0167-2681(00)00159-1,67.22492536740639,90.67441377784513,85.49828239633044,79.5522458113071,77.60251278458664,92.89998500554496,68.64314707872659,92.68519423417335,71.44170594195666,70.68039069763316,77.6182197971907,82.75641741470264,87.52591284991523,84.48599264915673,87.91542669206086,75.7797275733649,87.1303491417393,62.53933100325438,83.55329804789187,77.22436384920054
10.1209_0295-5075_128_28001,66.19803424581985,81.33836658390813,76.15913338224199,70.20596847644553,75.90014787657509,91.27902181861437,67.88089122942945,86.89041691416428,73.78299093371865,69.12023225735372,78.18559708016191,81.34783206358246,76.99363375075092,84.19982867197605,86.77626730018677,77.36774825021155,85.6348395159862,60.45425111908438,74.40133114294339,76.81208983512131
10.1016_j.physleta.2018.05.020,78.59237072599247,97.19931756503506,94.08587528160658,87.274147536334,89.84965393999073,96.04495004895716,84.74122598427557,97.6228722687979,82.32272656734668,90.2099170389402,91.46749268905461,93.44217874453507,93.71166359167688,94.01690009873019,94.86002740252518,93.03922662038339,87.57702951459824,79.10447896203586,94.1252600798422,87.6587368629013
10.1177_0190272517703750,74.04311367036878,84.08906841864598,78.61585221352236,67.23373441677315,76.65526730863556,90.88719185855886,73.65183680049857,89.44286710859878,75.8005982367056,74.00966952648557,84.5355952533139,82.51378968106478,78.9070498963504,85.65732503868061,89.15221647023787,76.53597119890452,91.36453821455541,63.89940671750606,74.13310945839265,77.12359771473339
10.1016_j.physa.2017.01.086,82.43213673776222,92.8891112924853,90.23095727525111,88.21796831230972,85.76192179009183,95.3660082124469,86.39115453644493,97.02508858725797,86.68955595208215,85.3244667927651,,91.63812836940335,91.24365713638822,91.74028769800577,94.30331711508802,90.91036909120861,91.58894067643794,82.86015120041573,88.24505815623554,87.63603991152148
10.1016_j.econlet.2017.01.016,77.75328649380994,90.84606684271313,85.45029967539298,83.97844451474215,86.37072302121139,95.49099565711346,79.48017429533101,93.65342379053189,84.0926714735268,80.08930319244847,87.4391448961422,87.94725354812994,87.61000527615695,91.06379853221017,92.3606064506164,86.12232523130818,92.80407957110452,80.09337047842922,86.46872911504954,86.34386822192869
10.1177_0022002714560349,76.76720458423934,97.67269088229763,92.76417837766002,92.02758835563515,80.18630251728862,96.63660264669036,75.0,98.18068804898589,79.82651895733663,76.33812425513256,87.82729311192904,85.25995510779263,95.52315849691539,89.05038859568833,92.57093054488699,81.26799402819438,93.16409650040895,65.0655502496367,84.51196111142426,83.83474313397373
10.1016_j.joep.2016.02.008,70.30360039417842,81.92425732973078,75.61735398719304,68.50222662531135,76.83099936761941,94.00070330369294,70.2586136110273,87.99946866499056,76.19947510841293,70.13337534357082,80.89279378745053,80.89285989593343,77.81636269824973,85.64333664036575,88.76526177656922,76.54134092224099,88.97532721006299,61.017113648344505,71.86351238456301,78.64906747682141
10.1016_j.ecolecon.2015.05.011,69.06192792226845,81.87425989860618,72.66343890805669,67.82239271499081,76.04652695791513,93.95066209099078,69.09209156491818,87.6385870523788,76.36590003850667,73.01424230207567,78.43371252286703,79.51102647613418,74.42539642333206,83.92935233264154,87.32081646897143,76.02573316684604,87.1915975144228,60.32782622420865,70.89833142345448,77.925699508111
10.1016_j.jebo.2012.12.024,72.75316723412831,90.83289007677429,74.36202689448055,82.3519231087442,85.05129197255539,93.95140963978322,76.91345349554095,96.8606834438412,75.2965922954207,82.2513467312956,83.82485526832542,79.98891307746179,90.51829262548347,83.78975159908519,88.55215042696449,75.75308213053312,87.88991818589946,79.11159750618077,84.47490448761394,79.60139599862661
10.1177_0022002712448910,75.870792560343,81.0470734444401,78.81098091491026,73.73445372076206,76.21410293392226,93.34301430156617,74.66882763073473,91.45344623064675,78.73110134119625,74.20394023693015,84.96836158967626,85.47474930915874,81.90983172954616,83.85350906185724,91.92031830437641,79.81219670393716,92.63495653372094,65.06922940018664,77.59232817823563,79.03809469648785
10.1016_j.comnet.2011.07.011,76.35192869245948,87.6571501805542,88.74402027364307,73.93792500487633,79.96884087711022,93.36757103868655,75.44379155167388,92.2490845977702,80.6446877388724,76.46088281067547,85.29605129451454,86.6881093656337,82.75206402971698,88.63440495362315,92.14869934681897,86.72404625236003,85.88534471275717,67.72586510434006,82.45038461690626,83.07581647946434
10.5840_beq200919433,71.29427265015161,91.59035705991012,91.33588379214473,88.27399780052846,80.69406075315085,94.65731527956278,77.00935430476326,95.45288285369138,79.93844802246775,74.72901752365881,87.6124096717766,91.31957029567336,91.69158262754826,90.71148745367657,89.56331226735092,89.35549994187247,87.21278731429456,73.3111415020565,90.56542252720196,78.50608301439398
10.1007_s11211-008-0064-1,66.62730414023362,83.53433447620934,70.89889227234019,76.06443051503533,74.24469322119205,91.67827974099438,66.14858595591902,90.57811599865202,70.92753809109765,65.8321946642815,77.25520863126152,81.7050883330895,79.43424680760164,80.617129248646,85.35379983225513,72.19848965523997,86.57074958973134,58.0002597189782,79.41622010859487,75.44235956832738
10.1016_j.jtbi.2005.07.014,68.55812551278665,83.06763915052103,85.24165280928783,84.37676775578363,77.61717942464757,94.97647272774879,68.80707287922297,88.53332530700564,79.27914469705688,71.7810022362254,78.98090566650394,86.43077712510879,83.29536972482978,86.69274121896323,89.17487337433187,80.86715692565922,87.20140126934122,65.35195109419669,81.82872086691115,78.67240657585901
10.1016_j.amc.2024.128646,70.93516401442314,88.05914288944618,84.02839541908696,75.94895332549869,82.15041475093868,95.60767023653057,79.09140473722633,92.51571415099535,80.59962478747842,70.70492780021942,86.66623168782469,82.39603931908813,86.1494144308016,89.88431986973333,91.91552166678294,85.04420734050333,88.40920247270437,67.88368497761539,81.5515293816079,78.34364474942853
10.1109_tcss.2022.3144978,70.05764663048744,94.38823859056464,91.52704836789698,91.60892987237871,88.79736657962546,94.24470299715523,86.0520652987219,96.35369379864267,83.57752743834469,84.5655134858944,92.05011957227549,89.30733872248291,93.77804050049632,91.50190354547408,88.50946038207057,93.62089390968717,87.14217976758951,87.01742750725306,93.20572733886571,87.54648298659683
10.1016_j.chaos.2021.111663,74.76528675351737,87.87276528202432,85.17203079657266,81.18084825454002,80.54568503324779,93.16617701450225,78.10565012033052,91.96712273436553,82.09109855750977,78.20983914960857,84.489339105381,89.36061780661697,86.1012937169289,87.28245523154405,92.22856414732605,85.24145751226766,89.6706998809366,71.145297405283,83.05667980309302,82.19364283381901
10.1016_j.jesp.2022.104284,69.66514574576904,81.3385956773702,75.31111701174409,68.22111639897066,75.59236134524093,92.90300920220254,68.6615149363462,88.01529415539308,75.51553526445448,72.82805430750932,81.20254629776316,80.56032766025939,76.69714794852095,85.41180470174447,89.19283017317773,76.29061050122299,87.91458755706273,60.36028880137745,71.37408465888582,78.39213418094373
10.1016_j.jrp.2019.103907,67.98749909731762,80.86653987066157,79.67607570973267,77.82275749888048,75.78685431240679,92.44959626912038,68.3494661675532,88.24030782541756,74.40038861690329,69.75558047173811,83.39090259204265,82.81310399000377,77.1969381959665,84.03481779105694,87.89953465812847,77.5772910166843,86.35551077344748,60.58258959473391,71.38789248066489,77.23762338345703
10.15195_v6.a14,68.88426046507736,88.19499517699218,76.3177677104176,79.43333438292431,79.14848561616854,92.65247742841612,74.52031629382162,91.06373304865278,77.0414741960899,77.52632971191866,83.62869813406846,84.98904836848685,85.90678985085096,85.45798255160709,87.97370564203815,81.8981926652081,88.53746094414247,68.7450657186534,78.0548533054125,78.7478502383952
10.1086_700767,66.81095416754872,86.75850963275894,87.77749942331157,94.37085492421889,94.095413418698,94.93637489481628,67.84648294056811,93.5083319884713,83.09188787211849,68.36486880801216,79.60696458899521,92.33832752595312,92.35074204532168,93.66426468680271,90.16199218852871,82.59659692261059,86.42995566892726,70.52976391230919,94.14789833018898,75.469445057586
10.1016_j.joep.2017.03.007,68.71895974702328,79.6222408714364,71.81456060075499,75.00374104912854,76.12420645814058,90.95309466690381,70.66685763609685,85.4703022458216,74.76038773601353,70.13764317874892,79.99629502001365,81.04687430834878,76.17260031657521,82.83663728114514,87.6087347495497,74.22022522119103,85.025291241748,60.60385105222949,71.07133336745568,76.84562457776052
10.1016_j.econlet.2017.05.022,70.41223630160701,79.97503226214552,75.35685113395917,68.46276893829943,74.7001492822555,89.44368699425009,69.37968663943774,85.18996832594836,74.31743106561792,70.59356892226701,79.03919252709387,78.86531159629588,76.69702865495321,81.5309593666208,85.65402912243651,74.95645009468058,86.51720556043558,63.2003054352683,73.01301519167146,78.09542751729447
10.1016_j.jtbi.2015.09.009,66.16671472265678,80.7703692936099,68.83779606071168,66.7648860596487,71.78008697771708,92.49921358328005,65.8082393700349,84.22289568464424,72.45582472015171,70.94336056376233,79.17579704870518,77.90979999085098,73.02294542190734,78.92827261873589,87.05273723548696,77.57433536938092,83.53183045402561,66.30573641602136,69.63854107714148,75.72224137402264
10.1209_0295-5075_111_60003,67.96257545490143,79.33832610922708,72.33148998738325,67.04397209402771,75.24040946945709,92.25963451474382,67.22590308818893,87.66992327860511,73.70044127972868,69.41737841936438,78.80307346736296,80.02867370196714,77.32638629589071,82.99646536751652,87.90141614827078,74.06437304196848,87.48753984025053,62.63575326089754,74.6983304193499,76.75286140030899
10.1098_rsos.150223,75.89314380854168,87.26241766157408,86.43627743078201,83.74149707431384,80.67576871672695,94.53679970340205,75.45189633040471,91.28843697084885,78.79558989372735,76.79944340819272,83.3460884187101,88.0542825836588,88.11325469084699,88.9478188342859,90.45403107704685,83.8475028405839,88.507955498934,67.33477362284845,82.03092428125647,77.88208785653731
10.1016_j.jesp.2015.04.005,72.61536506359971,83.41357304432678,76.855735217328,71.36015551707433,77.6185906989882,94.67800982253964,72.63536459368835,89.96662778648177,75.89573464827217,73.79132945268356,81.95906273789517,82.16968256528641,79.10148836968962,86.9430605613633,89.6938511520039,79.65486999181473,90.14769163960526,62.55692971771854,74.18681482737851,80.92632417352819
10.1016_j.jebo.2014.11.004,70.42195211482199,84.77065458091744,74.69649927831416,73.80235256938555,79.69221430632103,92.33168036466611,73.02936678726014,89.39255555911775,75.60717743353908,75.96787063310182,83.51157750136515,81.12721374116869,83.23075700356254,84.50315418982592,89.14326286125743,78.19566556829842,88.43269589709928,67.25496759779702,73.61528145849464,80.26155189023186
10.1016_j.evolhumbehav.2014.02.002,68.75478749407972,89.36766380564703,81.36515301563813,73.75268413424969,75.27840467020134,93.60296748175791,69.08884840211486,91.7267772781495,73.81386937103868,69.2299539712339,86.67874655053394,77.89530629093512,81.76272008714466,80.95224244613868,86.0551697550152,73.46440569998421,86.3706815375906,66.61526966347049,83.51657829884682,75.08217827457277
10.1016_j.chaos.2023.114031,69.42183702921506,90.56702679671876,85.46431958437093,86.72124463112344,83.03044345443254,94.53330727171908,77.96798420731999,95.44999735562992,78.6129572911855,80.15009502073315,79.80255371249757,87.96493122817408,89.97938641779447,91.72963816786456,90.45914080497415,90.50305586963479,87.58531917946978,75.61474160554926,86.6236766464887,83.12419245078614
10.1016_j.chaos.2023.113218,75.47263889822354,95.9860209716342,95.90352534395993,95.72605854691726,88.11586083234401,95.96994347354278,95.19020954064109,95.64456989983039,83.82242984177816,95.72970963764307,87.65914910912528,95.5967532557212,95.85556817393199,92.35256415052802,95.11157626217076,95.98203562832347,95.45887157111878,95.8307133331606,95.90357657869762,81.69679951119618
10.1016_j.chaos.2022.112432,69.25457206863972,89.7731783318484,86.49419876774877,81.79513021631658,84.96876873262998,92.64334311226422,77.29656706003041,89.10914604610424,79.82575940166905,79.81218984547361,81.2694871513643,87.83956790552314,85.63063269494246,88.35877638746462,89.10528510237538,83.93279990037588,85.94447928885359,72.58881972748569,83.62078471775726,80.69429674049738
10.1016_j.physleta.2022.128138,75.34410821896546,87.83413577016982,82.93059352139052,75.25766192190073,81.2059767710302,96.07403526688316,77.53830074298183,92.09487489189328,80.52556069069418,77.77120110706392,86.29904730928196,87.02632235746204,84.64518266141212,89.10954271609683,92.09379192042199,83.84731843196995,89.93901850113524,68.32674066623623,80.18271188967114,84.33193573952633
10.1016_j.joep.2022.102484,73.18952181313851,84.57841190355187,78.30077889445162,72.0482011203195,79.81482692104788,93.46750233544475,72.79204334923212,90.01818021866843,77.26847589722233,72.65837105104333,83.94959073228557,84.06147596018248,80.87060689629061,87.34961750863745,90.16665270947541,78.32555785596269,90.62248085819004,64.48072861655531,76.84336456271339,81.57913999894483
10.1098_rspb.2021.1773,73.38361460528442,83.1164391569612,76.9876747562665,70.9149967954417,78.02466295141518,93.57799414229956,72.41849041269252,89.76134524713292,76.75201810048755,73.81463080474437,82.79652168799126,83.51212546073806,80.7044433105135,86.89651784853957,90.48949802036773,79.47045515010787,90.67566022235633,62.734504696409296,74.06116588189909,81.03423276039473
10.1016_j.jenvp.2018.11.002,75.81206920662015,86.00009435098181,79.00000002491059,72.00114087207089,79.99999999999201,95.99927378234555,74.99961961646022,91.98378191382687,78.51432148100736,74.23380775651404,84.99976957094125,84.9999970114604,81.99689015489852,88.85058285526945,91.99972870846261,80.99999999986002,92.06560229451023,64.55851750925517,76.99285485915428,82.99955419745174
10.1016_j.jebo.2017.07.035,71.80708548717377,91.62063817722684,90.26635732450868,83.86910710800501,77.48483692546333,93.979325929056,80.63361035495682,91.7208158516687,78.25206623229622,75.12423282822199,85.80370448920645,79.66949297627117,85.60221759589301,84.12267772635127,88.09097678728787,79.19048314765392,87.46813660479665,67.79160339389676,83.19625303196926,86.7170245575425
10.1016_j.envsci.2014.05.006,74.22999903097019,88.6171482362031,81.97603958703421,77.0,80.03303241278392,95.11395232284804,72.28958970523709,91.51717592104862,80.13094103648336,73.24688157731393,86.65406362483169,86.67518491427359,84.92914488896348,87.78542312110153,91.80025062542684,80.95084862097832,90.08627820275304,70.1972651946542,80.81880047777014,82.53120025887691
10.1016_j.physleta.2014.11.035,66.70496810442125,89.38028092633583,85.15798897747963,81.6660287170426,76.46381183389053,92.59575561105211,68.1709749912172,94.293064025473,75.7711978164585,67.93193789937541,81.09803460860438,87.61636557137524,87.42084928441629,82.94318887270771,87.75465263467801,86.60700211020588,84.52123524951276,65.74816345777145,82.73170077622363,75.49834165293132
10.1098_rsbl.2013.1069,66.5148822321471,80.22081191509497,79.22694229660279,72.00138894336743,73.47265972065381,91.39588042950555,72.3897613635688,86.22136119593489,72.16122903599761,66.40769888770704,77.44394907052585,82.84779811070152,70.14795614696808,82.08364797547662,87.6105538457469,71.76792391597279,88.70064867810977,62.229747732015134,73.98047220215508,75.87819737804224
10.1146_annurev-resource-091912-151833,74.83964800592123,85.82881599070438,75.80999569435961,79.3370553976062,76.77620222480371,92.33316097567193,76.58562027457013,92.03162743477716,80.40481134875256,70.1412577970512,88.38842542932044,81.80493115337663,86.29961755685734,87.13494016992865,87.41015740158831,79.58457311310683,89.95698807813307,66.97227775497421,81.6581607513505,78.06454599600016
10.1093_aler_aht010,69.95517263494024,91.55856688448812,85.52941891962612,86.17349959661667,76.35291209885895,92.44042314232976,71.70467224522658,89.35613468901053,74.63676888689564,72.4274372019706,79.60932399972225,79.90921437296541,89.43451391650477,82.72335424379013,87.62059932057777,75.30370160759928,85.54523620041562,62.301363998946066,86.31897134571562,78.73991642189058
10.1016_j.beproc.2012.06.001,76.11834636338685,86.06954940883834,79.32814947161562,75.40292373788245,80.60987672218583,95.40536735380942,75.15844061866729,92.02556660644927,79.11183572276536,78.24084804616652,85.05092840455082,85.03651821245019,82.61312539874004,89.08216874550783,90.83789746748774,81.8670938920599,92.94875623251735,65.67026657169161,77.35112215946668,83.28694046082698
10.1162_EVCO_a_00062,63.950181234323175,98.99946006984733,98.89362910290207,99.05675777409627,77.58673065282146,91.62408604265308,98.95889177679308,98.99393892859369,80.12290963234132,75.9983404090678,99.00589719728167,85.17495541371439,98.75167080025766,89.24113698365275,91.67899114233063,96.19055004706843,83.26538215041657,98.49307389570392,97.21236909385318,70.84977489469621
10.1088_0253-6102_56_4_07,73.93063111835924,92.43660444798284,87.3296564654025,84.56257495449813,78.83630123623273,93.18617932387797,79.49708889821763,95.33894757375332,81.225128663936,80.22787737696892,86.58568287876935,88.47185325759966,88.32147016468322,88.55203717972978,93.1050427413133,84.73080649920749,87.43315326310437,72.1386506162956,84.79666063313223,84.22772735405661
10.1016_j.neucom.2024.128510,65.19270689167719,82.23924906354615,84.5907115170475,72.16599212010448,71.85848677487525,88.74070381902733,64.38851799958235,88.03909859516926,71.96842391524574,66.52037928766174,75.33169904749573,79.94135354604805,77.6463178619326,79.53807169572792,84.5331298822045,71.22246281400895,83.62894294853749,58.979933615059885,78.9771334540492,73.87326680999743
10.1016_j.leaqua.2023.101695,80.0,97.0,96.0,93.0,74.0,92.0,84.0,97.0,87.0,81.0,89.0,92.0,91.0,94.0,97.0,94.0,84.89115246812645,69.70171944304553,89.0,88.42856683033044
10.1016_j.chaos.2023.113552,65.29548344531202,80.16306813512016,77.2228822531643,73.75225239598923,73.30677501053363,89.33061002788665,68.84336888647928,86.62075452103568,69.1878145795379,66.19459056202082,78.57154690520473,78.05823514749012,73.79756150854715,79.88178078455798,84.03125680674066,70.87486854839538,82.42282327966949,64.7568919099305,72.33731226564151,73.30615284189315
10.1016_j.jtbi.2022.111202,72.40425922947307,84.18418297591819,85.12934021833527,77.79153666247039,80.42132211514134,94.48384251601023,70.10752385907517,91.93658245326006,79.11973835046786,74.8324379030071,81.74743608162836,86.20043071566015,85.77515402121053,88.99400172491556,91.40661208168297,81.40788060132299,88.69450239012193,66.46764197324171,79.33470483774636,80.84500224494722
10.1017_ehs.2021.36,70.10087302986194,82.21392001245142,82.31452436963933,84.53237103510374,76.91113180871771,92.85717904698362,72.1487568006067,89.21137919186383,75.97950879393561,72.84406629487943,79.20185754775389,81.81552251489113,86.71595643627,85.98800531672977,88.03549841842614,76.93680177083013,86.88454788582678,66.0550875000755,74.62016336957562,77.72633316900239
10.1016_j.jebo.2021.05.003,72.81750052080201,75.07424322956673,68.58407441093586,77.36681854804725,75.83552410244849,92.51465157870271,67.52295039391484,85.24023771297857,79.92047908206868,66.95271775399276,81.50008298567815,80.84368180621495,78.05978447928001,83.52413326041625,85.91167885319744,71.89063459974349,87.68951062065632,58.55338252491425,82.3390957638149,75.81094118336925
10.1016_j.leaqua.2019.04.003,62.66012053376155,70.46648340335061,65.31522477987603,62.57005099712876,70.31381599299533,86.55359713853856,60.77555005997817,79.19499966524653,67.54653286709681,64.76701424299158,71.35318441044912,72.55293762212857,68.8095243386181,76.37978590130811,82.97862156124374,65.92101277220645,79.3558343325417,55.38328460284414,63.349296808708885,71.75271782470746
10.1016_j.jpubeco.2019.104053,71.4057943817367,82.60506883946033,75.02585976958031,76.16043573202718,85.86861316862111,92.81782523120093,73.3846892131022,89.5438306200883,75.89402212665613,70.91994714434148,81.83624741234574,81.12238274201796,87.96920011185595,83.0208026287442,88.33992058303748,75.03936366404749,88.31661867551718,69.34034506407708,79.65790517625818,76.90054158708897
10.1080_17470919.2017.1411828,67.73743571293589,79.96320017612689,71.96295671768588,66.69853324665775,75.75514383830622,91.2806809355396,67.24439602752966,86.54602504476888,72.3992434867049,68.53372150985626,78.3936521209544,80.03230323802411,75.77183659694144,82.63453055655225,87.7615659422683,74.5350054249409,87.500310534606,58.13919651466929,69.4086360722557,76.40011222850546
10.1016_j.ins.2016.07.041,95.44229108245547,97.25306989474254,98.06368256861532,97.59512267067963,97.1557507256082,96.58635281702207,98.36548504719914,99.37236871914668,96.22940787297273,99.82302244746259,98.37590128239506,98.95150478448987,97.58585124878459,98.25062575225772,97.0,93.77658327093475,87.74362181165428,98.44113407837727,97.4847189022758,95.95728433291086
10.1016_j.physa.2015.08.053,64.70385668583975,78.1590371601796,69.96746964100483,80.43618827526264,72.91433788998089,87.91397289534545,73.82644173925704,84.97354043229289,69.87108729045765,65.12818640873688,77.32253696638914,75.88833337913776,76.66350310327688,80.91544640367157,83.15487498740956,69.75850208728045,83.19638302869467,66.31735697457009,68.68079746779532,72.52095493143587
10.1007_s10144-013-0423-0,72.81531917095512,88.89418432862723,82.6419590138942,79.0449997216608,79.08246420205475,93.23880575475914,76.4186016515212,92.68443958001721,79.09014085145047,75.76768662247603,84.85963220676341,84.6520708600511,86.21378426799227,85.96959639657288,89.13645764729617,82.74368377786912,90.00966708989453,70.43258919383518,82.53176932812984,79.48708109811571
10.1016_j.jtbi.2012.09.012,70.29039489953541,86.60584736238043,76.00459030300517,75.02862409835608,77.0,91.82615856647533,70.46539097952693,89.60081105891238,73.60962910761472,72.5705269547691,80.24931681608066,82.3678143436243,78.26500827523495,83.67152024687513,87.4300451357382,77.89018858835551,85.51491337849014,67.65444496896662,76.92695706779082,76.83419426235304
10.1016_j.econlet.2012.08.002,70.15692544160694,81.54109081807765,75.0539016691398,67.36838890078305,75.30709663826268,92.70190602695514,69.75435509331712,87.62736313417267,73.39361431657186,70.63703401185549,80.4560119364555,80.0380466808789,76.18792333799823,83.59102315621442,86.99358043002378,75.26401551745606,88.26471492592914,60.97390793669251,71.10296758270896,77.52880369410785
10.1016_j.jebo.2011.01.005,69.2027582085036,80.4993213376973,75.83328272973658,76.7227049013097,77.10498787197689,91.45716466809574,70.56187190813269,86.25083754035299,74.0668173267943,71.55062292047208,79.54014757484025,80.70305760265637,77.2510688796043,81.95220180394678,86.43098971827516,77.30932128787137,86.46521470088064,60.533745111614,72.31164007777902,78.16409457697904
10.1007_s10588-009-9056-4,70.71255102612947,94.87631379979997,93.16091960848293,95.35496108547373,83.5054332673917,91.05884299665765,83.46533611054333,97.10381742769447,76.66636201077569,72.44186426221145,93.44207964163478,90.12035664412781,95.8085862166439,83.04829517620183,86.14603310202395,93.05596972992446,84.39464590258578,89.50061233508858,95.57800882768936,75.24822574943803
10.1177_001872677002300105,68.65318218164998,75.58548171030799,76.46113052291373,71.03818976691782,79.42369033517372,95.99372820625246,68.1592989113044,83.83209617341585,78.66955569606553,75.0403339392329,77.2098347565062,84.9830075534022,73.16082492881674,86.04036284673109,91.73130684590075,76.96466099830816,85.60945931910706,61.0617915086076,67.60881068132952,76.72005910290885
10.1098_rsif.2024.0019,67.08191095552354,80.3511915762572,71.49310633993886,71.45497043221721,73.76621480812375,92.1349430886742,67.19338211986758,86.78186591298008,73.74789865122439,68.68343639908149,78.16978764458841,78.59486618075515,75.39328795287325,82.4541615047715,86.75836974785334,74.27734287886831,86.39468051184933,61.2644336585601,69.91991947303323,75.59590029039957
10.1016_j.amc.2023.128350,68.49299317593207,89.632762604377,89.20977688176815,83.64600595179158,79.16021381500656,94.69557475127641,75.72336829613825,91.79671882286915,83.96624590634076,74.00636486955656,89.36885006904649,87.51927233716563,87.18303860214803,92.72437962501462,88.98224148793965,89.66105997564786,90.61413624541264,70.58827847208164,77.40109244104892,77.24421917290323
10.1016_j.physleta.2022.128302,70.54535153460486,85.81188445045599,82.90250465846617,77.58247859446654,77.14300552198202,92.9040511173469,74.64803523285072,92.03662016473538,78.89870246191865,76.32859441568188,81.91600781843702,85.35813397033765,85.02640461596734,89.119390523068,89.6972600884948,82.40817249239767,89.45193301097183,67.59982801235616,80.85010818018439,78.93164747225089
10.1287_orsc.2021.1521,71.39976985447504,82.53671084666182,75.72068970098195,68.22994674363227,76.4534810514242,93.25517522320742,70.15587741303735,87.91811385353577,75.76722741292933,72.17762375537349,81.47585405180305,82.099651530174,76.54470194856165,84.98796819953938,89.3095493596223,77.26570571606568,88.85471694908915,61.305901672202026,73.55061779406667,78.92423694027923
10.1016_j.joep.2021.102448,72.06027017212787,87.73485390393742,79.67682117441237,71.99588579820048,77.72373223083028,94.4202404494094,72.20853762284426,88.7163300874451,78.13489840295186,75.78855774604955,85.02950548354447,81.9574813346314,79.20319975433195,85.43957996786199,90.29707533931334,79.4851959252876,89.92612655821979,67.42930449152293,79.56849998906424,80.70334584565587
10.1098_rspb.2021.1611,68.27651278197266,77.86371417928385,71.16756909739091,64.98082515470858,75.56269459003784,87.84958922134454,66.5785041204,83.49014570506549,71.24522120495827,67.56938691983437,77.255852194765,76.93674121898161,72.43365904456131,78.70636351377276,84.82306420485148,70.85958318992645,85.32132242376832,58.722193692779335,68.96567130680953,75.42626321808301
10.1016_j.chaos.2020.109715,66.81689420165738,87.7209026217342,87.83263849425416,85.7529455590597,78.24062973588694,94.48653802382451,69.34129113310459,88.87961822204119,74.69372765504579,76.68816640319785,79.48841537345908,88.42817430301564,84.20360230685908,81.02757041282888,90.01719924401876,86.30529344073528,86.57882713130023,64.30482424139628,83.16142313405179,77.46400159346564
10.1016_j.chaos.2019.109422,69.40627292517881,84.29488886662294,72.85567634359113,74.35782193573111,75.85000268972802,92.29672835628774,69.33617141560703,89.03387219629873,78.68995398336783,71.57303412585901,79.3036282421566,82.78303941142157,77.97256213529744,85.05365672740902,88.89972279888393,76.30737888455377,88.670270039601,65.14413495336991,74.43020865197073,78.13781640676197
10.1016_j.socec.2016.10.003,73.91995097840996,86.0485131378904,79.00947581719261,74.0235513149907,80.21449251033492,95.98561355883541,75.11256871295188,91.93137077949298,79.00779254082377,76.00094528275932,85.03105526563624,85.00511685213141,82.03054790771118,89.01042339600538,91.99859189700224,81.01331065227001,92.04658514825124,66.18807269759063,78.18197597871551,83.02296040585419
10.1016_j.jebo.2016.06.003,66.3318933178023,85.66910937792979,79.20321572852652,73.67027825895211,76.58001201754584,91.20070566959437,66.49829056203522,82.93789138308068,73.22390391162577,68.63701045083492,79.43535866830406,80.36614197837544,73.94881929983615,80.89577961687083,86.4873093576756,72.70475906119862,82.1215517201426,59.44791527032344,76.56422716810876,75.78901988028304
10.1016_j.tpb.2015.06.005,65.5910961033082,99.89538987720734,99.08850988545204,94.8480075664431,83.16000592949669,95.6519342308585,93.66455775435949,98.32421685329754,78.77287009711887,86.99002205849776,94.37660278396348,99.42519736646263,96.54606944547152,93.30408965835294,91.00760426507458,97.41155277474412,92.08652188340832,94.49572363843858,99.1558616232497,83.04916826375282
10.1016_j.geb.2013.06.012,75.38288885381162,86.0114068651115,77.93462844345225,76.14108240346525,81.37151387760235,95.57993315075548,74.6057267745124,92.37375342845996,78.75216028542069,76.42837701516729,85.50840798892153,83.32866331347235,83.71238945351901,88.57184435446709,91.43599357986207,78.00665736516751,91.03386076128531,64.70441697514332,78.24455198653473,80.53090805815509
10.1287_mnsc.1100.1271,69.31626278106447,81.09954338543274,74.51514953241559,69.86886308951537,76.16732478918505,92.22040211316518,70.15110295963835,87.92848820814883,74.98257461015925,69.54648671162113,79.9860338587581,80.29335670929899,78.4035920163389,84.72313381830216,88.4277727297383,75.76809584484333,87.95254148730933,59.98534699280712,71.90161958057348,78.55318205607492
10.1016_j.jtbi.2006.05.004,65.35418465564388,78.36297390571295,68.58516785879833,64.96537534165408,73.17149433350482,91.4669509116519,65.5144832590403,85.6171272236301,70.07180027161499,67.111999391927,75.20332251025387,75.74736227699672,71.05055041297452,81.81788185057171,85.88339581853309,71.5513429116965,86.53155384866227,56.174596256579015,67.04534943384948,75.07241079745884
10.1016_j.amc.2024.128864,71.5291971491458,80.91886692940399,74.96541581745187,68.29268048938958,76.39726189347503,93.68728894864846,70.29694898189115,87.9403621058843,75.05523507289419,71.87956492596203,81.20875151865982,81.2254130836219,77.46699662409102,84.6042230790156,89.37888433056219,76.88873661403125,89.04741652963096,62.08080051022401,73.46517406717977,78.38993061914843
10.1016_j.amc.2022.127612,72.29781811883912,87.3888327283617,90.39074778130781,79.05163910145065,84.90419317209533,96.3801206737786,76.88905150124816,90.57970931372623,81.79837654700329,82.42669798418733,82.6254559062438,88.67786227518648,80.18412284874591,91.09968948124963,92.61131292325369,90.68008399298392,89.11386720055873,67.98305869933559,80.13585870881026,83.41063919066428
10.1037_dev0001183,82.07464535113131,87.36359976212326,85.81100964740469,83.10148208317942,84.69382897782629,95.99973471280764,80.93549728268701,91.99913137807502,84.72620124712438,76.83002196601161,88.33175100696165,87.09389194659533,88.74391466531777,89.5454803258444,92.00087371092943,83.0222017561595,92.05599773916126,77.17329012268922,89.39069283163384,83.10659706710395
10.1016_j.jebo.2021.02.016,68.82467639977527,85.31364609996247,74.22907095721439,68.48926305400042,75.91025046886381,91.51816696849076,68.46354199905213,86.09408187920988,73.75745405795259,69.82419498895841,80.27967274841096,79.54258223400643,76.0199220020894,83.5037663006233,88.07964267016524,75.49183749918255,84.69050246576704,63.66093872034892,77.260511113476,77.18068862612134
10.1016_j.ecolecon.2019.106432,81.65483352175262,96.99999997384766,87.98964216657521,79.93074361775543,84.44212756978173,94.30210734025636,81.50153765398271,96.98733995508445,84.75398630039525,83.49938407494247,96.93524531062324,88.61426210418895,88.55683063988454,96.99999977429441,94.00908030301889,87.67066274624375,95.11077856348098,72.38936877095138,83.44898576853309,87.99030751773601
10.1016_j.jtbi.2019.05.019,66.72565137992476,94.1422163931705,92.59574888294446,90.09973234757672,75.88203092736207,91.50015877541374,74.50155926911293,90.28987995794188,73.58847751277976,69.00221376825458,88.44536916676049,83.85876401064188,88.73304442109185,81.6666361734115,87.94564537578756,86.46931715599086,87.13484128217368,67.45954237085617,85.94915330958112,75.7774242959476
10.1016_j.jebo.2018.11.020,69.8736428299292,85.19019875451406,77.66657108713292,71.56311027287232,77.89860747060177,94.48217143780329,72.13966583586041,90.2915919278334,77.39833151706684,72.16446886542835,82.40752666923848,83.91412212339395,79.9744283099454,86.19408037213243,90.14118533273228,79.01532151037335,89.6509344274259,62.664642665744616,75.37293607811601,80.91521829445844
10.1016_j.econlet.2018.07.043,72.26141924193341,84.42504788052524,85.11009278004401,83.17492634911348,81.73078227435253,92.81117179462564,78.1097820625794,90.9058132159216,75.36028564570255,72.69135371680422,84.44683386906459,81.53091905678217,87.09536457260775,90.73574000915521,88.44732275268103,78.36348324999895,89.43193366694793,63.779271159915844,74.7560946475382,79.22279258521026
10.1098_rspb.2018.1508,69.15156188448186,80.64324656502906,74.14774190222533,74.30519728249608,76.63096120617381,92.4579227373453,68.82509067582355,87.31979496199435,74.17843926632465,70.78147961686263,80.02261231124152,79.76516116066621,78.42704179348719,83.7184233058693,87.6388167090508,73.14699991475165,88.40065426604565,65.30407615149029,72.22524269797877,78.13508131369404
10.1016_j.jecp.2018.01.015,78.90151203418093,90.26518623110982,86.03276618080035,80.02509613877677,85.93666614109077,95.54416358517317,81.0046801873967,94.1402197634053,84.05690142499321,81.43683685710866,88.95341351359151,89.2468175532254,88.04252523997323,91.94501174973281,93.21055055043857,86.41425211993263,93.6251925767524,72.99158733769036,84.40705145619994,84.23157677742995
10.1016_j.physa.2017.09.046,67.03265144697615,89.35852520103792,82.09610730549946,84.02952577479721,86.59348318591385,91.47012194897586,78.32333958591731,94.96175954720132,81.89348805201931,82.13776856260905,81.68554477844457,89.68278996922375,88.65832861512591,90.33705434401732,92.54081268765837,86.09480827453882,84.86324739239315,75.58120442486528,81.62324097925291,78.22865411777323
10.1016_j.geb.2015.10.001,67.51210166983235,81.44871417831011,70.48663237721907,68.27240020009211,76.91273675240133,92.25080160683054,61.684239800924146,82.67090793256168,75.47205190438208,68.8546506094162,78.4109400425318,80.65054209812206,75.64137431948414,81.6197877500657,88.4952398504738,71.65767522829269,85.99280287562459,59.90064093185171,72.7013247300966,74.428939445277
10.1016_j.jebo.2016.09.012,75.9835433619825,85.9758183754158,79.04313238103005,72.15740501197894,80.00000303191115,95.99585612020373,74.72706393080227,91.98765361073836,79.00196838089084,75.85329182923442,84.99984990001686,84.9999997027669,81.95038838565745,88.99999987999075,91.98287815680844,79.60112832047902,92.82799528675235,65.2004027432792,76.9985452092833,81.5782551601949
10.1016_j.jpubeco.2016.09.001,68.09186998149578,83.0736191170193,75.46785004647674,71.9887215620734,76.32714763167903,91.57939049502318,66.98628805061018,87.57243732462749,74.17494960452458,70.07948069073768,79.322509010571,81.00348972933777,80.74286897454787,82.47244232266813,89.12576493173087,74.3508004438735,85.94596042435484,59.63626300706556,77.05771021649689,77.19850526936939
10.1016_j.jmateco.2013.07.003,66.94918260303037,81.490551686396,68.78395713881069,78.67067352480855,75.83222904248629,92.18301417308578,69.62672864353415,90.93774428257872,75.31841999350534,70.2605508729537,78.38166865663138,77.75591786787949,85.08793586413287,81.74481501097102,87.96239319355304,73.74809676674663,87.39598956777883,70.54750912757142,69.94811316574312,75.9098608625075
10.1016_j.physleta.2024.129652,66.88408431168511,81.2024474256117,95.1092567556293,87.15694379685854,74.3475478100922,92.51703981987811,68.07187791862596,92.33184486478115,70.61610809624776,67.72487873803682,80.08829187968392,85.6022787627201,85.17481855871125,81.44408784176714,85.99062695549861,79.25300217718092,85.78453502352396,67.2100134365966,77.62831354069361,74.13210402104063
10.1016_j.chaos.2024.115095,65.20745336644545,93.87799134597735,91.39777157674239,87.55383576924959,76.38526315969294,93.10384366262032,72.75364877133417,91.65098301313235,80.19351131430093,77.12539946381315,88.73404387321482,83.02777413977908,88.47012079345453,82.06583270403998,90.14480806061823,77.11816654382294,84.24494442531213,74.86026334984047,87.60579717553973,75.2666824737323
10.1098_rsos.230969,66.49680246549994,87.65129819138755,89.51893409115337,81.14308224112254,77.83957306933199,94.69642675276366,71.86952512631005,90.50521457457482,74.87164812282492,74.46245154230634,80.69243187307173,84.32442049042261,84.09775330420683,85.24547187260035,89.79493152946226,82.38448839633932,88.83496886540122,66.72337155555991,79.71926354821146,77.37643725073984
10.1016_j.obhdp.2022.104152,70.41785850140509,85.57109422039527,73.92348533321639,67.7403707188998,76.70888012533673,92.14527347946773,68.4906617361777,87.79261796715403,75.66354287350566,72.96579477342216,82.11949715184937,80.98177544541123,78.70864708826305,84.64700502679054,88.5062071717366,75.82394389805133,87.5556870355713,63.346960344598095,72.74868787403967,77.32851285626279
10.1016_j.socec.2021.101716,72.87106350620503,87.09541000746898,82.83792345813585,71.11788136788601,77.4879978600279,96.46087821757716,72.18587348408498,90.21002649086114,77.5881758569139,73.64731171429601,86.32175210864042,81.99458250700637,80.05453851516538,86.84947880267164,90.48593579396709,77.58710107591943,90.69073429472364,62.78049806621058,80.08226574905581,84.79359717922657
10.1016_j.physleta.2020.126867,79.37488670339253,92.60507018415039,96.24571392537065,92.15428646950296,86.35154162820669,97.77873364536725,84.06501715607186,96.9430266342402,85.82776858066352,86.11868251267971,86.9768775965371,96.02209399621499,92.11654511461106,92.35602971754433,95.93605577994822,94.65456582860804,88.46978825321857,77.29802063091734,88.95018926873307,85.00536064091418
10.1016_j.geb.2020.07.004,73.89754019924726,90.027799411763,86.81917671952544,86.24679406163779,80.71958292875446,95.91120036857603,81.10984291368129,92.43425584693567,79.29117909723671,77.40163293397767,87.27846335584051,86.04672094256645,90.57954778291464,89.41650904523489,91.70126612302211,82.52704252257898,90.81106779898371,78.47229407935599,87.00723943030569,83.81203178894715
10.1088_1742-5468_abb236,76.38520230612505,90.61784404450009,91.38115806250914,87.20928865840686,82.70220451018936,95.9962916951303,77.26614631312788,92.09218758256263,84.01418724481353,79.46332827255638,85.85769318880835,88.3058826609108,89.67328318093335,91.36687630141398,92.19233773482448,85.694455153319,91.99760639773405,74.84108340768344,81.87014431619033,84.73864930166144
10.1016_j.joep.2019.102190,70.74719141550719,91.99035681403959,85.05483866290912,83.04246386089804,76.17685485270401,92.62740441714438,78.59454530345656,92.28119933877234,80.12526972164783,71.57041812630108,86.74140939091761,80.50799608588635,89.02318486706459,83.4777000771761,88.03519268723161,75.97169102927761,88.78866357301936,71.17058721361205,84.35838125536557,77.42550199879969
10.1098_rsos.181441,70.52543631251622,82.28388904445877,75.30535881059758,68.1436946210538,77.5152014808114,92.67625847352858,69.90217824520758,88.27329912634394,75.21733391204984,71.61496473962023,80.6990800315901,81.90939216788405,77.41799188848694,85.47902963668385,89.07056359873322,77.18532626981535,89.31440535113384,60.902903786974996,72.88490802516513,79.48222909526251
10.1162_ARTL_a_00251,68.87554128469074,80.67486174117023,74.49642655387,68.70276475622121,75.77435287448458,92.41473884266813,67.40028449780915,84.94593869952831,74.04478008420361,69.51082822633016,78.20252459819312,80.07340054409174,75.55939438961978,82.9117930613994,87.43181594373175,75.2304264490541,85.98500116818633,59.218521797638175,71.1623092367309,76.72154222292421
10.1016_j.chaos.2017.10.016,67.10084282640618,94.22177132269468,95.04978129510721,92.98405379246874,90.30415276755646,92.24490708368359,81.8845694346644,96.90688234009325,80.61755730387858,78.5335677248434,87.35661923666837,90.42520818046549,94.92431006330133,89.32487473057242,88.7026075236465,94.24055841764354,88.15524671694223,78.98509259406657,95.41637463649619,80.22074776547741
10.1017_s1744137416000527,81.78731104965819,94.03377729566142,87.413475842491,83.6676401781018,87.32185382604094,97.23486253672179,83.79240108739359,96.26039947450728,86.15990422852818,83.88160531685834,93.04222937783966,90.04015690988915,90.1444850360785,94.12236673471678,95.19553494262519,88.55784048282412,96.07260402146228,71.98891143544864,85.85801358209237,89.91722039859195
10.1111_geer.12103,68.55474868564573,80.04822191414652,73.64428670992234,68.63231707686649,74.04733716008533,91.57852331504765,70.14755677203608,86.55794140338892,74.24947921189118,69.44499081701046,78.47545099958687,80.2093512431933,75.99676233112736,83.47871658978517,88.32864795059788,75.68559992151927,83.88912514743505,60.72264585408936,70.89072006672902,77.51786033543364
10.1016_j.jtbi.2016.02.012,69.73110760157896,80.72541247311774,73.10963500672158,71.92738213913482,79.46198726838043,94.55797938769139,68.68996129393867,89.85322755136407,75.49223670721516,70.82605096443729,77.88229770115781,83.05922724982396,79.4049932691031,86.42181322841378,88.83494589483824,80.37335696220546,88.44349251113755,61.98932095085034,75.3279125178552,76.41539828581361
10.1177_0951629814539199,74.31708240399286,86.00046442869235,78.99999999265758,72.00000003202555,79.96669555120961,95.98442720155249,74.99960979352025,91.99999934184903,78.99999999999766,75.99657434210884,84.99988750871998,84.99999988222596,81.85007219736201,88.99999999558398,91.99992486106552,80.99993242043435,92.99999618759755,64.81368772556586,76.99806547108719,82.34158982058734
10.1016_j.socec.2014.09.001,73.64328882924174,86.57723644240201,80.70163314022135,76.02423098381061,76.67281639637146,95.23433133409058,73.74202618817259,89.43432994873172,76.16544730553264,74.87022872724857,83.63855997833745,80.27510349195244,80.65652002195493,84.7745878845835,87.12974045726084,77.81385373526707,87.99639733456672,64.9042518371395,77.54172482636884,81.00815048684487
10.1016_j.physa.2014.06.041,63.20698623340391,83.87313861470712,77.01807616254914,72.35670755036004,67.26040286417928,91.42604715750169,75.93620623148976,94.0340879754189,68.56546491294023,73.15755287882247,78.91542681013756,84.00639184974757,86.30757424049521,81.30848450273459,86.99882161379229,74.73596123485898,87.39865700663253,70.80444734352476,79.17990411570908,72.82859722584352
10.1098_rsbl.2014.0388,74.89684564346798,87.32657834732603,80.3504276970609,73.3804393076928,80.62882295544651,94.9597261357893,74.6851409030029,91.77416819999996,79.54739067863528,76.38629077349015,86.30636294109839,85.72603225910093,83.10356632134402,88.72530121439802,90.97959376849195,81.93204738788565,89.90633846166772,66.58399892557625,79.25326281413363,83.05899813913659
10.1016_j.jebo.2013.08.006,70.41310030145965,81.49288960938375,80.02388220801872,77.28808381385298,79.13899196877203,95.82723622278259,70.07030400409936,86.64830538021563,76.73153328245311,75.78838861309795,81.59902513359852,87.25372690029467,77.30775168325935,85.1437561300101,92.2272651295141,80.48842941663915,86.96333482963828,61.24539621634919,73.71685122391094,79.49282327837706
10.1007_s11432-023-4170-3,68.73468217848618,79.1643328047561,72.21718287814107,67.21371419455048,75.43570831061763,92.51964188147532,67.23039046678645,86.21589687416413,74.30671572289515,69.46402416960971,78.01890990748988,80.3412928975929,75.85412488452009,83.77682685857341,87.90678051514253,75.10810798621458,86.83619275747927,59.16417244894916,70.30155686038634,77.24186266598507
10.1016_j.chaos.2024.115778,67.50557862561172,80.458443489679,73.47677153167238,70.1345926454468,73.26123067577771,92.02944958106254,68.5477251548108,85.92928029009248,73.02917749295003,67.53560306654296,78.31558026935916,79.95627980944265,75.60661654883687,83.64159220002969,87.24875955417758,75.17541162518651,85.14155634760512,59.70811965921973,69.47743705392055,76.1665276322654
10.1016_j.chaos.2024.114651,68.0704100026167,83.48016203439984,84.3116464573744,80.6402925073908,75.52588071643343,91.53505512891347,72.4031651517094,92.4214937530945,75.94267797808513,78.69845182453759,82.641957483542,83.81016108671825,86.5433408302073,87.57736004291209,88.95234347860708,81.34984852146493,88.15130330532425,68.30061686044698,80.94440511230347,76.95049294178237
10.1016_j.amc.2024.128553,70.87974274500415,84.89355449557226,78.570123504351,69.18138644955523,76.3171229010154,93.04843954591583,73.36604363651212,89.2119941233793,75.72966712270104,73.36326332960296,84.49448698123085,81.89322597181786,78.99055635341173,85.91466549534046,89.2990801842044,75.60218319487393,89.3640436031404,65.30617244860147,74.6897623396997,79.77573103251899
10.1016_j.chaos.2023.114011,81.0,92.0,92.0,85.0,83.0,96.0,81.0,95.0,84.0,81.0,89.0,89.0,89.0,91.0,92.0,87.0,89.0,72.74746809557554,87.06345146656334,77.24627664250399
10.1016_j.physd.2023.133836,71.38270261351778,83.05771189454076,76.53725325152415,74.01760237704391,77.46002993829998,93.30709555082976,72.51029991690612,89.60894997574097,76.46656392660142,74.01713250818082,82.88638244421229,83.86606699974143,79.5573700439117,85.73064152021139,89.09320403225072,80.93159452597531,90.23815659528721,66.52526886992405,76.17497789196172,78.62159734541095
10.1098_rsos.211983,68.78531094778214,80.41502896202456,72.30701653892706,67.58394641440006,74.6094602714207,91.7341090519437,69.02772871660028,86.8957276733344,72.13194504564754,68.90956980252442,78.23533211007332,79.4687913356119,76.23008738211558,82.37738322762146,86.5054043610737,74.58187092284716,87.7071518423038,59.55549600863516,69.43204505386522,76.1854277793423
10.1016_j.physa.2022.128165,69.88409945267053,87.26942717193012,82.3621833376864,76.14159435988974,76.87569372926411,94.18749511913137,77.55935672433515,92.1001741640671,79.73491767783088,75.7513518123658,81.7739459724374,86.13951546471056,80.89773172677992,85.06728608512691,91.50136714125064,83.71213449404453,88.25344484770787,68.52039090609374,80.3716138317503,82.28656828939795
10.1098_rspb.2021.2174,69.52700345104876,80.04060959739186,73.52759855013798,67.51690841373052,75.62634268456064,91.67424463570114,68.99064711115054,86.09126613971318,73.20479256166458,69.53272982696372,79.16683525487417,79.55166673200323,75.25262359680981,82.25545795591181,85.82253580395222,74.7802265323107,86.35418373251743,60.48625051657954,71.38177983377989,76.1976280052123
10.1016_j.jmp.2021.102640,74.85236674826484,86.56110812300311,79.22063245478934,88.69796928285686,78.85440009295938,95.22828454914111,74.93777425124156,92.82461113197334,78.99689714328339,77.58742928341049,84.36871883129483,86.51275012360304,88.17724348236476,84.25175527979093,91.93351103534702,80.56593217275142,88.08200951347048,66.14029537475196,77.51074453920543,81.58852824293878
10.1016_j.physleta.2022.127969,67.47568811015437,83.53812564089164,71.56302256310255,79.58462595343406,76.29306358766198,92.97999565760627,69.75719614752481,86.83912936772289,73.45599530489507,67.43084761136208,80.49434176264594,81.57114895592346,75.89373614037169,82.27926068697786,87.46510612936943,72.2024355321078,85.77425184104987,61.27239245155224,75.71198674048152,75.02113041560267
10.1016_j.physa.2021.126839,67.91083339461275,84.23652022284281,74.99070787174838,67.93171849113722,73.72443813445874,88.76105158298611,68.7444583049885,87.17607650290391,71.17427717956376,67.14953624989107,79.54784913121227,77.12720580660574,75.66173906581271,82.33413686170637,86.95343974487027,70.68600565039928,86.17514381640838,60.57556866608949,69.6883976203152,72.99895710413483
10.1037_xge0001004,88.45338288449835,91.34338328416226,95.71874365671465,94.87139275716422,92.85579329183123,94.70225879381297,80.0533964480433,97.31628550229503,76.48720133291303,81.87179119258401,85.15712507079941,81.30305119514972,96.78282093689188,89.45503065815785,88.7542334330469,94.08851911902943,96.15303818608164,68.36718138786303,82.43010691551478,90.93480573173737
10.1016_j.jebo.2021.04.032,70.14719109870344,81.61362572655797,73.50651305156188,67.56946357469243,75.83709297757682,92.34341359148088,70.16462541157519,86.5093897025877,75.06734686978781,71.7831470222668,79.27807103663112,81.29778275652957,76.34532022780367,84.28727650934006,87.20458940824197,76.67605298554386,86.59726826946141,60.474205622875616,71.71120049275376,78.17385348808915
10.1016_j.jebo.2020.03.035,72.76542882069366,88.66154461942443,83.25432885768235,77.23205107538752,77.30929856509984,92.69330112666218,76.14509953949043,89.80243838992993,77.40616728736518,71.87294264790857,84.28193960650114,81.0,83.55958299505637,85.41636221686659,88.48028773832978,76.9178528930986,87.81631506395173,66.66494437565645,80.60370927698763,81.31689341773541
10.1016_j.socec.2019.101478,68.23422840664091,90.31507311460099,83.5090739526449,81.6560427238061,78.77449315120383,93.00414472983782,66.42030413035653,86.21612387493501,69.29067798103769,69.40627451388907,79.07426534770194,79.3057023068496,84.71281111057785,79.42932929750931,83.41134871837944,74.43379126011067,86.42998275341759,61.06903273951219,82.82415717624126,74.4498139344575
10.1098_rspb.2019.1943,78.6904787075139,91.46435418893982,88.38149419899284,84.79767011237037,85.02922025492272,95.9437965434106,80.45312884905185,95.93244026906751,82.01258833757002,80.25889226104307,87.1127194655132,89.41876288376058,90.06169886893169,89.7785869295642,92.07672127324062,87.72634694187475,91.44695448461293,72.76761929296595,87.9060695901812,78.88985869333926
10.1016_j.jtbi.2015.12.016,80.28335600281329,89.59030639095877,84.07059566294275,90.30925827648491,83.30008366467688,94.84614566656927,86.5017802443627,92.18942026566731,81.82178810592987,85.20500424975431,87.48392303332137,88.55507048687474,91.37116979526662,88.93556792855817,90.41014303187454,82.40706077262948,90.27282921677416,82.75935593399451,87.46251757003161,85.02764910956128
10.1628_093245616x14500948554072,67.86548334068715,77.55083718171204,69.05361530670227,65.65634281330541,73.29609838435752,88.15508753853096,66.39527094457283,83.20159943326493,70.37659032506103,68.0002113507337,76.09888039693293,77.16278502011609,72.8178236689434,80.72667544507078,85.78262983263146,72.17463255618705,84.99057096335021,58.96946507665472,69.82852744406097,75.1391277242374
10.1177_0951629815586885,70.66726968572671,87.46867492067912,83.6123630609254,86.66420461099663,84.17062169672386,91.92779900198396,79.25779292343299,90.10852571534919,80.93149022653692,76.07908892721208,89.4423297649953,81.98272855507734,88.84363955995507,85.38337525279083,87.54168688313322,75.31702800497445,86.79497967349926,66.05215553779631,77.68477883721228,76.17053161304227
10.18564_jasss.2647,72.9237656343538,85.83007693914377,84.71256340333976,75.28515160926462,84.02053631989341,92.98739356378432,75.38367780165004,89.20717756066789,84.46799045250849,82.62819085820645,81.72592043643614,89.57793444071001,86.52111252120373,91.27514240038332,89.1237724788054,87.16801263565829,92.6020989152996,69.57519290699925,78.3474883188836,78.80455300762925
10.3989_ris.2011.09.03,73.98480904204864,88.97602769074226,85.44653820823902,91.76581318498413,77.67878240991436,93.09945134467701,79.19973567236286,88.48379817241454,81.63550281944168,79.24386475863604,87.94953456870651,86.77445017759534,88.53578163433151,84.49104394092305,88.38071014782052,78.97145474282162,89.00743533077406,72.29626820876354,89.02675580803717,77.55401807813973
10.1016_j.physa.2011.10.009,69.97852777967121,83.38588976769643,81.32651612651968,73.83785988238655,77.29704780834179,92.44713986602783,74.40041731837418,88.46119882609044,78.41908449536399,76.23557221915763,82.58528910501256,82.94436878294853,78.95585162265465,85.41242877647761,88.28768380119651,78.71705140559325,89.02167675998567,67.98002287006958,78.02000078869939,79.31400475121798
10.1063_5.0268194,66.5483044594584,86.71496057783428,80.8348321986331,77.54231897612519,77.20326325326235,95.63573234853949,76.09628605375549,92.44812389179964,73.87624519811732,70.13374989907207,80.68899852334296,88.22865292249902,84.6479808170764,86.4667990114801,88.76685477478435,82.1511751265076,90.16859975743955,68.58665608713486,77.76714934359394,77.19963877536706
10.1038_s41598-024-80733-3,79.82651153005233,94.88466112371233,93.52197299107812,87.64142518288944,91.10710369353542,97.33932451543753,89.35163311681771,95.94355343041967,88.41956442555545,87.27472977409082,93.08323110638199,92.33158434806897,91.72730938757992,92.6489096090136,92.47991618605116,93.4628072800499,95.05742886475929,86.73802848422517,91.93713093626747,88.09996156805651
10.1016_j.jebo.2023.11.003,74.87136610117699,93.42928213766011,89.45789610892182,88.22421129751326,81.15398233506428,93.55964529475806,80.1833794891375,94.84964749000781,80.09301901207814,74.77712503448944,88.57427220463569,86.19839870339592,89.94807620801922,88.02454439936345,88.45661211851107,81.43744912916404,90.2334168172636,67.45039369545701,87.47894309320749,84.91975571076902
10.1016_j.jebo.2023.10.029,68.65211560703814,84.04361018461363,79.68766692036812,69.74583332255864,76.24769040391136,91.61256705836446,68.04966753315809,85.36427450629388,74.08119302880355,70.50236252497062,79.5731240960191,80.05400881745759,76.22801252638455,84.1526271905832,87.47361701376455,74.42748418821247,86.56686588144613,64.91916961692057,77.4925683248663,77.28613458125372
10.1111_bjso.12687,71.35738033698347,83.29471630491783,74.64958267771016,76.8783063663219,78.43718746849804,93.09089186974866,69.81085166081242,89.17330462300184,74.82214184971272,72.04437583073985,80.96325693580194,82.81572881793682,78.79049833883708,86.12882721783821,89.30716191546217,77.46379550601577,89.34513722320094,60.553333920331475,76.76724309788884,77.51424945396508
10.1177_01902725221132517,72.02940516238316,88.75400881125677,86.48764831464167,82.25357756176145,82.15878840818348,94.34154701766249,77.0338475210039,92.90055629728259,77.05830682121926,77.77183483980649,86.5228019194521,82.61841127062313,86.82600793153415,84.83889075338986,90.04777054974896,75.06777263215153,87.32545375566532,67.64241983136081,80.48990207490712,83.19286849062175
10.1086_720287,72.39883113309098,84.77510143714213,75.01651950202623,79.77296419526478,75.93200411914884,93.54727433666811,70.13412957846268,87.35965401990168,76.38905583971075,72.34030251648133,81.50881855422598,82.83767551891013,80.05219964814417,84.43143659147714,87.54720473885949,80.8880281889323,85.42216400595271,65.05285864221487,76.7490552612012,77.39910889781301
10.1016_j.physa.2022.128097,68.51065283096548,90.1456590331803,87.14476175685168,84.13523861842087,82.79166574837983,91.61297645395335,81.56830819660044,88.56875483195212,82.61699402553067,76.09426669436853,87.35196643035266,81.58976217406205,90.67621413569398,88.93700389945681,90.06507292713961,81.36539504725539,87.40668761053406,70.08711085875171,85.10274763742636,85.03585017234325
10.1016_j.copsyc.2021.08.033,70.33593920861308,80.98143122580808,76.93246253846422,71.12279980191174,76.40072586803524,92.96795569797688,69.32606967295051,89.08646065451946,75.25436476997291,70.9554405203413,80.29447011247123,80.73886345316141,77.3118451085148,84.82658556521288,88.5050972362626,75.54235425319436,88.66827989344758,61.88873581518821,72.26955384353535,78.00458013636285
10.1098_rsif.2022.0082,75.67169387698947,85.88935608544195,82.07431932914598,91.76403985733707,79.69230559878488,93.16800732179424,76.18214207331118,91.46741643400834,80.03328539752336,75.94600031650359,83.481567593959,86.39621740014753,84.22926452806928,88.18526059291696,90.12752445237895,90.40019863535619,89.20742835734373,66.31818978854636,81.50241519470833,81.08216821375125
10.1016_j.jebo.2021.05.035,68.28551979455906,95.41246239427504,93.32517755517496,91.48383849811589,82.21082491936681,92.06477857362823,79.92173686511394,94.80895916414798,79.09572629086341,70.49034616496932,91.39366114591442,83.0,91.11124223584305,88.52442791275755,85.91714924313484,75.79009374381033,83.62607104911484,75.05607408837525,83.13406247268998,76.41697518776107
10.1016_j.jpubeco.2020.104347,73.93199182139668,86.09702391866479,79.16669744140792,72.50436634877984,79.96098729487873,95.99398914921194,75.02149532340314,91.96876328133223,79.04534328480509,75.92816448937283,85.10117671165357,85.01504122035495,82.17626354269504,89.00003493387798,91.99550378070062,81.02671802725878,91.99374068704945,65.1769001307076,77.40171520515197,83.00172951237353
10.1016_j.socec.2019.02.006,70.9432169308817,81.5826868333774,,73.53509821790587,80.4677622002962,95.98154262010794,71.09447167148846,87.41040950461633,77.13276766602448,72.2986934409538,81.2439092185272,85.90782024061383,78.44612491440662,88.9444898202277,91.84282654115884,78.76414845710204,90.55197305461112,60.96941967519708,75.46008532966133,77.51920295778953
10.1016_j.socec.2018.09.006,69.08442529667846,91.1451416791513,87.2042109987316,82.41409032356916,83.0,90.30784867817277,,92.55998184172023,78.10917804664884,76.04354740762521,80.79909637797894,79.37726536698096,88.48636162008479,86.43530626649,87.64922950740659,72.9303389885402,84.87668862800533,72.70081136816925,84.16327542530443,87.89669143135424
10.1016_j.amc.2018.02.017,66.9482129873401,99.40702428033796,99.01706611972466,98.8457209754422,99.45820686313978,97.89752808836748,98.22242449053194,99.88742057475642,96.76672096287798,97.52323155600682,99.97609744839939,98.36089906282272,99.28533865265237,97.16849905765537,96.63180752400862,99.92936589616103,98.22004859462501,97.63672923593825,99.96819718882226,99.18840154289751
10.1016_j.physleta.2017.09.041,66.93476239419422,89.18322012789407,89.307649426091,80.82450907097052,76.40059058681112,93.1743413378837,70.04528572008829,91.05254099428151,74.64407631049883,68.64476558129697,80.39950504383656,86.56343496813768,83.95077088221558,83.11169686048751,87.98588239398477,84.19773462574501,86.90626334395756,66.56780461057977,85.4625858630869,76.65493541089467
10.1016_j.jet.2017.05.005,68.99597974838593,80.5767833982312,74.49904246835405,85.93952595106103,82.42176547753807,93.82170816538898,77.0,93.69090642492539,75.20667940857739,72.85944157049157,79.54828455889984,80.41050931674158,88.37406149102824,85.05643246147979,89.00354088828574,77.41685122083423,87.6583672633058,68.37168836025198,81.26566911149753,77.1170368656318
10.1016_j.joep.2016.03.002,69.81576764819285,90.82023787510084,90.775956744272,84.42639130783233,81.03409684390431,95.93031431004479,80.34297544401615,88.70346437253433,74.76037091911287,75.98804524778203,81.20424901398238,83.61771165479149,83.13361170443821,84.72822925885288,90.36067323799112,82.30232370333238,88.48632526014936,70.5420813114628,84.2599597031227,78.35125043727975
10.1016_j.physleta.2015.07.032,67.20573683447888,81.46874603071325,81.69158002213217,78.22377558381422,74.67642179927657,91.68484164952174,66.84311079610767,87.96427593671821,70.66036014899937,66.76054068746295,77.15804197309778,81.4364310135218,76.90756980092758,81.10208877768655,86.4813971227803,74.87324580229759,82.15792023011502,61.65875086891232,72.40403795319754,74.7965991628441
10.1016_j.socec.2013.02.017,73.50940871747852,83.09515651321738,76.98131535736204,71.77729275503435,78.56299933096413,93.79236047074053,73.19570313262648,89.30356198617446,78.02259906203025,74.96811853577309,83.07297399256046,83.67847381545603,79.58343340105309,87.98921931436641,89.88398592244071,80.02537137442813,89.5051882135139,64.09840358365267,76.06231801254741,80.07850093323663
10.1016_j.nonrwa.2009.01.009,68.4193063000817,81.88598539746651,74.3158799367512,70.719837056777,75.87365151924625,92.52170696456797,69.308367573116,88.63766687963628,74.40972633688756,71.48952383854791,80.65144531207311,81.00627353317122,77.35446762584964,83.7461162400307,88.2594677209872,76.2855461349862,88.065386192666,61.34790874058663,72.65086835923879,77.60868619714175
10.1016_j.geb.2009.07.007,79.34723553574595,94.80514618881085,93.27351452935368,86.54278519021864,83.16932825970183,96.27110254452798,83.76587190725358,96.75880658950317,85.98414256260534,76.99879130677762,90.08497299930539,92.11763226259242,89.85986191856571,91.59446939678845,90.9317175143041,90.81080404683618,92.0965240332011,82.05839725947976,90.47508698566705,86.51250620337183
10.1628_093245607780182008,73.0802103720294,84.23123388848988,77.89231025433699,71.59093100443513,80.0193484876299,94.36838192849757,72.52707894973739,90.39550505461561,77.16643570563356,75.05094925202607,81.94303158257395,84.44969436767857,78.78461908236858,87.93011919294514,90.82433959498015,79.80503563146841,90.40813134103877,62.25964779406539,73.87052503577866,80.83347699603164
10.1006_game.1994.1035,70.79520356299923,85.95731779392173,78.97859425039388,81.45003776171389,80.67369569567808,95.01550806779126,74.37127656835467,90.91497879915772,78.64026205017068,75.52723668929116,84.30070419967399,85.02571172351213,82.69423088405507,84.11874933717246,89.86515760995128,80.99356547613613,88.61562295661894,65.63539491798295,76.67333833596851,77.90086927483382
10.1063_5.0256342,68.84657282711363,98.93940177516484,94.38141812794646,93.97225018307402,80.09657499133704,92.95090615793055,89.79369709821754,97.90507065493857,79.16577158560716,75.74516148595048,89.3078944649762,96.3696629013604,95.15193005336916,90.47956510184515,92.84224689104502,96.96976098225633,89.52583461084372,76.37190426721573,93.86813790181542,83.70727067746637
10.1073_pnas.2408802121,71.12370976289317,85.39862415515516,79.09729873261463,83.67855145592661,78.31721902586189,94.98330369416443,70.6496839342624,90.57388956694196,77.48420122490137,75.04308447526233,81.94088963375188,82.9552547922502,81.29920876593684,86.55122644735958,90.17171972404668,79.47332050549574,91.15003510853565,69.79372723334191,76.91899318638387,79.13685882956773
10.1037_pspi0000474,74.0,88.0,86.0,77.0,81.0,96.0,81.43174279927865,91.0,81.0,80.0,85.7871433543808,86.81133065284331,86.65876550823224,89.0,91.0,85.0,89.0,72.0,83.0,85.0
10.1016_j.amc.2024.128836,74.36801035551696,91.30396516985634,84.43567506331364,79.73367614671727,78.57461367606729,94.20459192098495,76.3001030612126,92.14101304347076,81.54973430801786,76.82712849850698,88.1934763426112,85.08095046381523,83.79282395865333,87.52543296711069,90.15785268450091,81.09432249272054,90.52394303163155,69.46068985337304,83.02197670107141,79.96039944877698
10.1016_j.jesp.2023.104566,69.38663659363698,80.93455925633202,72.05414943684241,67.97264496687734,75.85297854586624,92.5548441247541,68.15028427327736,86.69933524154028,73.25912809462916,67.51618196377824,80.0896809694313,76.7714870172687,77.0,79.4363309215645,86.56667557598283,73.70296961390656,84.24203997472677,60.66822999485819,71.81752483856275,77.37582301196522
10.1111_cogs.13326,67.87291956480833,79.44382394330026,71.3064840640247,67.83799626599242,75.46188017827814,90.8592286651195,67.28959985607996,86.39093321577417,72.68683655257416,69.3608191158065,77.0,79.84112993982677,75.27187621015449,82.45384650428265,86.25755745519797,71.90742873439798,84.9757061267609,57.785176566100894,69.08706597511961,76.87256268728139
10.1016_j.actpsy.2023.103957,69.33123572893115,82.1164528037042,76.19316953782827,68.83204576646938,75.87109509421471,94.28960073026197,69.28827358591603,87.79253247505007,75.12277499931682,69.9267083322239,80.09415269676637,81.78024479465529,76.37169131561126,85.29113024700465,88.41893639778219,76.02405548593427,89.06160669384512,61.12601936813999,71.883612236042,78.14099241033378
10.1016_j.evolhumbehav.2022.10.002,65.0,74.31507507469172,68.42268083412213,76.96695268842707,73.23419466084836,89.0656627944421,63.326296371534745,86.77012343398225,68.45072275893305,68.11690989360598,74.14374556307807,77.16857280701619,77.46130116902131,76.55015410645221,84.20771306714185,71.06917472322856,79.36534950727867,57.19375448220286,67.97647473403465,73.75835156237817
10.1016_j.socec.2021.101692,71.0430492716491,90.21352431846653,87.06410582724253,92.84355523619718,76.64245677281482,93.20842954344025,91.34496523835169,92.1447173335371,78.95466906726611,71.52910244068188,87.82027561177613,85.7356386893427,91.18470369557035,86.48684763741083,87.35902665237765,90.141488585066,87.83320394090724,76.55305070347472,91.43355260768779,77.56137316075247
10.1017_xps.2020.10,82.02682213041852,88.7200796148052,88.34020175409083,86.1483293441343,85.34484246755086,95.78441062814349,81.9665428580736,92.33897854329358,83.40836774572944,83.63683653780903,87.4453502003363,86.87970066315306,88.9817344802697,90.38566164161082,92.36144917014397,84.09076621846732,90.83322138399421,78.69399457839883,84.9785074873454,82.22676527602214
10.3982_te2404,74.0,80.0,77.0,97.0,81.0,94.0,75.0,92.0,79.0,80.0,80.0,85.0,95.0,89.0,92.0,92.0,89.0,99.0,77.0,84.0
10.1016_j.jebo.2019.05.033,77.22862070752869,88.83235036130775,89.71673723931062,81.42805077757927,81.04492036409975,95.96297791872271,79.95287808313411,91.9974930454947,80.99250577890128,76.8848296473947,87.520123105428,87.77046104338534,84.298489106579,90.28127039933021,92.20696436847678,82.56246888995156,92.16542988256185,68.7932993873754,88.55127218508552,91.21067108410247
10.1016_j.physa.2018.09.194,69.37802165336664,81.75209751991295,74.8537638963272,68.6190141174894,76.25749060333901,92.39298326790633,68.775016615935,87.38531132271693,74.99817058979525,70.88727683181938,79.97087795248757,80.77466817714323,76.91096362543135,83.86713539798589,88.29575262136102,76.09534737069815,85.51454569744182,60.458556631303146,71.39182633186304,78.85446182924905
10.1016_j.chaos.2018.03.029,67.2028780962811,76.88186793461914,67.40295765993532,65.58008412326484,72.16248356846575,86.95456346027554,65.45731689272218,84.00996966546649,68.10239551300207,66.25261394851985,,77.27752970796253,73.55290560178112,78.04451208658342,84.69111002947758,72.13517958050991,82.2542306112765,56.98992062827079,68.32821539886781,74.48917686229782
10.1016_j.jebo.2017.01.006,72.36579265720378,85.6322328108978,74.46470315331251,80.36038020730156,80.05186082086962,91.5780179509914,68.63929729684088,94.17730347629993,73.99599021221088,71.83118204255858,82.43513325028796,81.75521912117773,84.0135602301297,81.77842260066089,88.41362654567459,75.08429031878939,88.94376012741039,64.3560013081267,76.61166706351042,77.34131936554172
10.1016_j.jtbi.2016.03.017,68.56574652783227,92.2295485222251,87.7451215317412,91.86033140238114,86.03842204513414,96.01531303183768,80.6830020883003,98.29221880891181,79.56300265493431,87.30988099176236,89.94962003620888,92.238715208146,95.02556299407055,92.99834410598741,92.10462569250706,92.52408256711935,92.3868127259691,90.65501947589124,92.38158652873503,76.91312359181462
10.1016_j.physa.2015.12.128,68.18321676730113,79.91373069903727,72.94138369019697,77.8330179308068,78.29991416402602,89.81381768945512,68.51305584543007,87.59842499347994,73.5505387803121,73.0354369719389,78.99300245161018,79.41120671817362,82.58361930296245,81.56797986308739,86.28160707587868,75.72952295037636,85.21846062853334,70.20839308362038,74.93478689264278,76.80558683768707
10.1016_b978-0-12-404681-8.00010-8,70.40113015882564,81.8823174219178,83.50902982161307,81.62369644003572,80.48974550807606,92.70082554851733,72.00000899421511,94.76483099257317,74.64297973103629,67.74288096098356,84.82193455851751,80.15941415370958,88.17142643881112,81.86982322188037,88.02187733464474,74.62960825652642,88.51011098454941,68.07284753575561,81.75312296125874,76.91795496788465
10.1016_j.chaos.2013.07.016,84.51467627072607,94.28599455854459,91.38811601358209,87.77782982641057,90.4218416776584,95.74565577680426,86.92929510192316,97.4567557153567,85.95182442935379,84.96576814533894,90.94074296903545,93.19723176669387,91.00626841857753,93.5430532542091,96.23091385099534,92.31193681041218,95.87082177629952,81.18980800556798,90.81048602762536,88.25002227259841
10.1016_j.jebo.2011.01.018,71.51716280967202,86.85033938988887,82.27502197519972,78.81722119636814,80.38673783240291,93.47194479119909,75.29738339451944,92.31552998772042,79.42248235059766,72.10234268704002,85.93057314960824,85.4290500470147,84.52281425160844,88.58428272769302,90.09264329313228,78.28030162817116,87.2912321896913,66.90404442172905,78.83997132364196,77.95641736452518
10.1016_j.jesp.2024.104695,68.39716786874693,79.80386948959519,73.20216222786074,65.91898025432315,75.34755509986844,91.54614737540449,68.19759046865549,87.6161488773861,74.41366722914084,71.3002730681421,79.5348663901524,80.09283922751752,76.08494871060647,84.28388644308052,87.0609489421193,75.05858345354872,86.90203396131427,58.45182562473226,69.65662430679305,77.36365210099783
10.1038_s41598-024-69206-9,71.95072636158444,81.58015019139502,74.79680095925592,67.20839018024145,76.44271657415703,93.17935529956543,70.23461847158846,87.69715822517851,76.01653797470117,71.98149107544252,81.01257548475176,81.23311378384565,77.07645527517475,85.2441241123486,89.24433900493416,77.6378484361378,89.72095611116856,59.95362142251917,71.60914936108416,79.2885301233
10.1016_j.chaos.2024.114859,68.7387098274648,81.79945984253173,75.31771066712307,70.84237176501122,78.73802346002161,91.92204557585023,68.97150340846459,88.47705742087805,73.93407541430612,70.01536488366325,80.17172203114474,85.81696283685604,82.50696214150409,83.7229820230055,87.92450077089123,79.84764143223464,86.42988591333726,66.2507072716356,75.27283364808339,77.93203581882636
10.1016_j.euroecorev.2024.104682,83.19080427181731,96.33495788644757,94.13500718907547,87.2104367651075,84.5454674990486,97.98117563095319,85.01996529760719,95.7738446001104,81.59993801970413,80.15553455383392,92.88713460843678,87.14702735664343,90.89717083177682,92.0,94.96654663244722,89.11763085538458,88.27671483634481,78.59488736253587,89.38424011515914,86.71093115291133
10.1016_j.jeem.2023.102895,70.92117576355989,92.23664602136913,94.47067038673364,92.96843832266228,77.30585855015005,94.38961562717752,84.92540331300107,91.83893289176643,76.02197360443341,72.20913464681854,84.11872224898995,83.8446640802867,90.60354552345565,83.20320845222021,87.41128931079159,77.7843403071737,87.36534075749087,68.68019473100286,87.3305517662647,82.62829445085703
10.1016_j.jebo.2023.09.006,74.00610801229267,91.24210302773525,85.49456189696444,82.38811726057712,79.4037760562379,94.06999035382277,76.59095725209035,91.49064619040503,80.3902210748584,74.50585010255107,87.0,81.9837880174305,85.86811298207576,88.08615867061174,90.19807660728111,80.30079683374662,92.2571313333733,67.58316485541853,84.57479888368583,83.62494240636939
10.1016_j.socec.2023.102081,79.14825929647188,95.99149158527092,88.64889670272014,85.8732417828539,86.74220892232239,95.57257682982556,80.5977193098491,96.57717791094738,86.79209884727038,70.7855902042406,88.65453774983393,86.55577545401025,91.16138696324681,78.92925072199493,92.01807375438337,81.070006598535,86.21471688819469,74.23251932427522,88.67771350521575,89.99221796380883
10.1007_s12144-023-05029-7,68.3766319279976,82.86882182430341,75.0242433815761,72.36841447808533,74.85635582331315,92.68266433243758,69.66475732569157,87.13263033622778,74.24575018259814,72.32593968702791,80.06408729807072,80.6871015495476,76.76295789239681,85.47971039717034,88.57661033553578,77.21551159245058,87.69141211335658,62.82061234040358,73.51705046134168,76.6445119295259
10.1016_j.amc.2023.128247,68.13070894147722,82.813970448913,85.85302269735575,76.82313989469127,78.64204474370247,93.31496105228788,69.64827968859666,87.70028329294065,73.94748458488183,74.64403398444053,80.16676008696535,86.68779780775424,76.40319950870263,83.2814114509959,88.64464839232723,80.7282895063659,89.0,65.88559437681238,71.66373268253392,77.84345595918855
10.1016_j.jebo.2023.01.012,72.28869313168015,84.75387376833554,78.75024592179516,72.36043874051343,77.17368430180757,94.39717726836936,73.44979166829627,88.60448089957035,77.30922759771052,74.31010314793149,83.93921994401634,83.85812976380359,79.34217817770207,86.37694397966843,90.43375887450478,79.1473199409379,90.36554767226497,61.02595746952546,75.97113777043528,82.38379027039008
10.1016_j.chaos.2022.112987,69.62504769881637,83.70854456264249,87.25292307141106,85.17980008672713,74.95804262765309,92.48137646005435,78.3271431140136,92.21612826885003,75.07075719117674,68.36012038254057,76.97087160384467,85.32467760152329,86.74062668745663,88.29034993267994,86.60111736185375,81.02431596188504,85.44201267187564,74.3689605684719,84.3217117368202,74.74842588189814
10.1016_j.amc.2022.127578,68.4192829027951,90.0516472817117,83.75715024693666,77.73069938167292,79.14883917444992,93.34801667055018,77.69938584185473,91.41539062771712,84.16569277380887,77.39856003799477,85.66613843369316,81.81399399375721,86.09873155556988,87.32387258087094,87.41952087285323,83.00646135891043,85.70407409902536,67.10185662809715,79.86008286280955,84.15511721111001
10.1016_j.ejpoleco.2021.102119,69.74635465252162,84.78744378690756,76.37007035572435,78.21010144329516,77.45532811428605,94.57018646886534,70.40649302545452,89.71482551843401,77.13061325627079,72.26035272401975,82.33130816938693,80.5740433637353,80.92333654097222,86.31524850562563,90.70390231348115,76.92132171859284,88.29053341422255,64.82265748405528,79.89018656673494,80.73380560873012
10.1037_pspa0000301,67.82733485422901,79.51020239147736,72.53795173085653,65.2786845614093,74.0,90.50584040958972,66.34026412432544,85.0,71.50329929966215,68.35575787495321,77.36728038317378,79.19854774039979,74.44866887429724,83.14964241031143,85.30790938288081,73.0040370627995,85.53806506491146,59.0,68.86094788829257,76.58326094034743
10.1016_j.chaos.2022.111973,79.52108549026447,93.03690452676561,88.41298344353903,85.06504525057572,82.82484187888471,96.20412406051813,84.28792891953438,96.50320535952834,86.33468279762033,82.50017243710346,87.564945591003,91.14608372372105,90.08469219902724,91.6331003519021,92.8655363001076,89.63491092809909,85.92855816195663,79.57886342643778,87.01895728097041,87.26023801238784
10.1016_j.joep.2021.102452,73.11637351027495,87.49079990426014,79.65359624329871,75.4432845911104,78.12772771150873,95.7643248880787,75.95812649683093,92.8037709179871,79.94395166211643,74.29585375827838,85.97720931790253,85.06176988940345,84.08635487047998,89.09597309445425,92.25541867400229,78.0279715805352,91.73327024105505,62.96868138816785,79.62273196396887,79.866544210144
10.1016_j.physleta.2020.126904,68.49105906681851,95.29612614607845,87.65724611114086,88.58274962100842,80.72968645170309,93.93441417711448,81.06521615127778,93.91400499995294,75.19701870758311,71.91111443940437,85.2472421217838,87.52004179017437,89.34168022588767,85.66597788648991,89.18245118957518,80.05728304708039,84.14139065343781,74.73567094909374,84.10855612612643,77.71540276899884
10.1016_j.econlet.2020.109155,69.43916955638574,82.03032729016999,77.55453233771193,78.23847372376365,80.16613659139838,92.08756578625716,72.01904226533952,86.85741722444389,79.0450970485643,72.42166695702917,78.88299066349077,82.65168750365406,79.06572334784475,82.61520425732073,88.41900771051837,78.47635720418431,86.22789120940841,70.00908310373897,76.57798076822777,78.16056106281074
10.1016_j.physa.2019.121796,68.83878001709448,93.00908055042345,76.3368192720248,69.44914703191277,75.33653723166285,92.85785447608379,68.44932655930486,87.18037916812347,72.6195218855445,68.12986043426291,84.83566820720554,79.58212543650073,76.61282378265088,79.5987904769889,86.88359552744028,74.72789000899833,86.03021309156415,60.51582591302063,75.76601995691632,76.4613874225227
10.1037_npe0000099,76.59303978963884,94.78209176233798,91.28531243116082,87.92874873521362,77.32697568724402,93.19504532358023,80.3820340121885,93.14819647204362,80.84202527428675,79.38563742142055,91.47419987652988,84.52678542081685,91.29869737455014,84.21865645019288,89.84790080407173,79.67241194608084,88.21373425450899,74.62808826319873,87.60943226980851,86.69277383489089
10.1016_j.socec.2018.05.007,67.75096068808809,77.3228107543633,70.7190454523643,65.6033023396454,73.99282941421758,91.06126610498794,67.61379845598982,84.95583709607938,72.13354035727367,67.78798302385927,78.18599652914817,78.087059400387,75.44291576001999,80.76718843323141,86.26240862554725,71.00281184691258,86.03939732425837,61.27906102516621,71.44338047334335,75.59753264583709
10.1016_j.euroecorev.2018.05.004,66.28225075414896,73.75356828014075,66.39500535134057,64.51996546957359,70.61332950383667,86.62645916700902,65.00019726825879,83.28165394889236,66.33078670079144,68.16591551576101,75.6003703872233,77.26316018937327,70.36733972537141,81.02765316544075,83.44106525334017,71.06642168394325,82.16132267090077,57.26827220785308,67.73019249309641,74.49022316835416
10.1016_j.euroecorev.2013.11.012,69.41249572317027,83.17149994052967,79.36989141999874,75.94758179397826,75.73898554736444,95.54432756632198,68.39014642879319,91.55244762068635,74.45115477300622,69.12421549734954,79.18454040695931,82.43577401909533,79.1845305801222,84.79599883806476,88.93935046652041,76.49523649719632,88.34137089931997,63.67676361197492,73.30343861667296,77.73506114220802
10.1016_j.socec.2011.04.001,72.86617085078959,84.00132246197498,79.53161162535405,74.35856828096841,77.88485161950165,94.97599126472936,73.98266643578293,88.04361741543042,76.69883112722258,74.23363792912035,82.67902498343553,83.31667559076583,79.1497726421654,86.03257187827994,87.47852513611741,78.99881874937525,87.91848801974545,61.71890214111729,77.11792514853909,79.25530603249162
10.1037_1089-2680.11.2.142,72.64922986468461,97.13621249685903,94.80644749318786,95.23884380082875,77.92742965091716,92.1156153241834,90.09559629643337,93.486319848519,84.37542699639218,78.02230989861644,88.28877802926415,90.27421172237216,92.13284320318365,84.63047462833923,86.45008308493334,95.44699246034081,88.48299231415704,82.49092287296064,93.68650119082527,85.62493190677533
10.1007_s11538-025-01422-4,68.0,89.0,81.0,74.0,77.0,94.51754957210285,68.0,94.0,77.0,72.0,81.0,83.0,85.0,84.13409325305861,87.60424212559626,77.61326130740785,89.0,62.0,84.0,77.0
10.1016_j.chaos.2025.116297,80.0450108576278,92.9769879443513,91.51699396395712,91.66999507237519,89.99926443165815,91.7292660222529,91.79092114857517,93.1335421591964,90.20982501787013,91.82671366476954,82.5275618102515,93.09055419255911,92.3658420744058,92.79693887097707,91.54670799847848,92.42320887741172,86.56954221740042,89.19548369247751,91.94970857642073,92.26048785444522
10.1177_10597123241302837,68.95268239091577,81.06423662189,82.24484771263828,79.66271425216117,76.37872174268864,92.59472501990109,71.1748172536122,88.97476515907587,74.78053619403242,70.88303315890809,79.95784737935355,80.34524408252834,83.05208954531659,84.31735350401796,88.31956515117892,76.05179648141151,87.98442604453511,63.6943733056198,77.51150116603132,77.52506218257865
10.1016_j.amc.2024.129156,69.71396169783382,82.07503576427516,74.16576504224415,70.99644288521007,75.5759767557488,92.95348860771914,70.35937476718712,87.00153093592975,74.11293724646147,69.29047072914561,81.93005902663077,81.40806553262094,76.41165650859945,84.15013940275729,88.72516642910443,76.14505626933264,87.1584236594688,61.61410668869779,73.11763784002578,78.16633131694499
10.1016_j.chaos.2024.115622,68.00413532389442,80.6812288688325,72.72742435602576,67.72586052059731,74.93249347950477,92.34480120385544,68.1181933707524,87.58521553587191,72.72651548012661,67.87330508125365,79.00638853471015,79.99981633254521,76.05280607797354,81.8303742020601,88.48329999876265,71.59366821876777,86.0888080763572,59.06692533401678,71.60415287695612,77.0028904805062
10.3389_fpubh.2024.1373747,74.51466262561078,93.80623307949696,88.52549145311085,89.64915077560605,76.54998616473402,95.78502572324687,77.75715492272604,96.07276625843265,81.20426979154526,80.5313966586019,90.2688873605102,83.95519687184795,91.46287723465032,91.02836581054616,91.30808243481087,89.44317370202378,90.93011167127607,76.94446932405208,85.17527879399881,79.41103827458058
10.1016_j.chaos.2024.114699,67.6463081028817,87.14585338056862,83.95138875817645,74.03898096762259,75.90700372113005,93.01078375953777,69.59921636559898,90.6553311018022,73.26774796609655,69.88996985292752,80.35728571345761,83.34223403133551,80.60925784648656,84.48658375413855,88.62852831043027,76.4867664704395,87.59090967696422,66.31186637929636,78.8555256630069,76.06660575483906
10.1016_j.physa.2024.129631,67.48267457969105,87.01929474037144,84.05682967907552,78.00603648539584,78.41920636768322,92.01589712473358,69.882913308005,88.97684908013468,75.61941983004232,72.09567976885515,79.63807086215743,84.05570347463565,78.94088390504118,84.1335362614205,89.35371553296616,82.99808759305114,86.06137134689614,63.68432261223998,78.65946905472782,77.14204144223154
10.1016_j.jecp.2023.105858,67.1907395354042,82.45392534493921,76.00040370329384,86.12784105150496,80.44220376319326,92.75002454227469,70.6757577092633,92.24484484305316,75.40495706845948,75.90214308656049,79.73387098940077,81.52554315563698,85.156042632518,81.62596691030835,87.95398437145346,77.09248770708045,88.10806920019859,66.92931185443997,75.6240971821931,76.51208185175794
10.1016_j.euroecorev.2023.104659,72.52554433325686,82.67733240959966,75.6180032919964,70.31652550077331,76.63855437761457,94.79132107254898,71.52845471180132,89.11973811485461,75.76571145061257,73.59501464662007,82.051666601255,82.08752692132961,80.6730656914091,85.93718914078936,89.2759087729704,78.12032392737436,89.82707229236942,62.428089407372546,74.52954370661001,78.94046020402445
10.1098_rspb.2023.0916,74.14563416586522,84.55940522371614,78.1623643342795,71.6544948068299,77.15963070513634,93.36946413594642,73.92112039762313,89.55772824154842,75.89942996796455,71.47052777962531,83.31791570905773,83.13460747516314,79.37450562232287,86.17501380683767,89.78212920800122,80.88863206403954,89.37880600847619,64.69201722577542,75.79174313796022,80.19764500902747
10.1016_j.jebo.2023.04.004,63.34556962538237,76.46322505663574,69.43429184808792,69.99266105890861,75.84232203596643,92.00671109435045,65.22560587655134,84.46504469320445,73.65160034655332,67.46196746518527,75.69751713545074,79.96176156552778,72.43303442959274,80.9064901893744,85.3564205878132,71.82244939725646,81.10184616563302,57.222097693451914,68.01951991926299,72.13777835978829
10.1016_j.jebo.2023.03.023,83.1546236439844,92.9111723111173,94.94842074157654,89.76722964608062,94.17949359133205,97.83046912663684,88.71107030183688,94.51014033496114,94.85569921273628,90.93949872203427,91.91098590510244,97.0,92.02973331817802,96.34231493875875,90.99907121213019,93.46828782324621,91.74391903392963,89.87116160051426,91.62493393845763,88.89148518314887
10.1016_j.physa.2022.127997,68.74702259308883,79.23313399261069,72.47946770321587,67.210659857514,75.44886391901856,92.21955202118002,66.45379094847281,86.64552187413827,75.54237373697683,69.64286109295891,78.68842051136721,79.61702859275395,76.44430174591149,83.87842147963255,87.88576971234868,74.09155625713147,86.20039350502762,59.02915108984915,71.00400364222355,75.94968550530253
10.1109_tac.2021.3087652,76.0,86.0,79.0,88.0,80.0,96.0,75.0,92.0,78.99999999996292,83.0,84.99653460926649,85.0,91.0,89.0,92.0,81.0,93.0,83.0,77.0,83.0
10.1016_j.jebo.2021.09.024,69.41653250777513,88.32448896069401,80.0477048062552,84.1651031936751,87.12390146690437,95.15157043834907,69.85230751720155,95.1137994416785,78.47538570759868,76.0,81.13385985008989,82.48250408755777,90.74625935328083,88.9835656156025,87.72782842265555,76.52175136182841,85.4868386138611,68.0,66.18406521179541,83.0
10.1016_j.jpubeco.2021.104429,83.23218542258688,92.33180128015593,84.26421812526502,85.61096028609005,88.24019799304305,92.38157164644444,78.92916708081269,95.35615042069404,74.0339192272792,67.96434563963571,92.4603873189075,80.13207568778131,95.56832839275843,80.15173285794332,86.55292383212654,72.28560593995266,86.9586252660315,82.05818221083207,90.49472969834099,76.46780322035762
10.1016_j.jrurstud.2020.08.013,68.70476781070833,89.85553095200306,91.58350314620374,89.35042734624595,86.99991832961813,92.45128965322394,81.88581176172634,94.80248906196866,81.0729242462175,83.32554476324499,84.4313440885006,92.61056150916122,90.0375159222279,93.19889166015109,93.07652687865512,87.359685119393,88.63760116680724,78.65197501246465,86.12369378094697,81.4612911984543
10.1016_j.amc.2019.124945,66.15921229204,83.77336456824638,80.60637182354725,77.450638632379,75.97415716792278,92.02702884968797,75.21143892174574,90.37515481346709,73.56742926605094,70.08923613427542,76.40867850932305,81.42661283198913,84.38077275655779,83.71954319837464,87.02093397896813,72.57597818935454,84.54643570398213,65.50303631025027,72.36941691702334,76.39411780765215
10.1016_j.chaos.2019.109398,71.58957425779275,83.69751974350679,77.14480906353138,70.8034902378271,78.1097593722692,94.01325814987479,73.22456038398657,89.73560044414413,77.29884320396894,74.2764293436941,81.86049578830773,84.36953579523183,78.88950709995784,87.47902078567185,90.28521431674777,77.37788879997994,88.70297468683232,63.04157357509431,72.68572587606356,81.71610480366448
10.1016_j.jrp.2019.05.005,67.32070736565352,77.35170749962761,71.20620239490026,65.2676053328424,72.91675760939854,88.62760080019262,66.02562717850542,83.89350792199882,70.00215983600238,67.64989369529282,75.9315464786922,78.1037677158823,72.99195021376686,82.36049948406921,86.28183068917573,71.66132471718578,84.65750500355195,57.813593691237394,68.22335841475288,75.52380488867088
10.1016_j.geb.2019.02.006,78.56692841715696,92.90450270904059,88.67623445416228,85.30073751209468,78.34228574547791,92.00392037507446,82.50366976142834,95.08706012151465,72.93548728470815,68.90107031610975,87.63370589115634,72.22142519454076,90.98890658262643,87.27136183816035,86.59625310046218,83.08173789991926,81.90308767708255,78.24518605279295,88.77358979206589,76.32562229178097
10.1177_1474704918756993,80.51350279651216,93.07652457025084,87.27685422798395,82.73898957358014,85.21422875618387,94.01342762119427,81.94847579646414,94.92025719214578,79.510192503316,78.1802758493314,89.58456714797265,92.30435921057756,88.92797237155514,84.11495076745419,90.5769380991944,79.9265818383177,87.61485663455245,76.52281777399654,86.55071460939324,84.16136674345714
10.1088_0253-6102_62_5_03,70.44715814951516,83.13439986851668,85.63512193254066,76.12814893578172,75.78738948331691,91.69656487312022,72.27684855325126,89.51060239038577,75.77928688116513,71.52886923228391,82.61916017853373,87.52591420368981,77.35436148752443,83.82639378849755,88.74402747989681,81.27109986621694,88.54474500445949,65.8132996358103,84.24811722696305,81.60973980520494
10.1037_npe0000011,69.62380716228493,83.4846091197699,75.26658501944328,70.23731715518073,73.88596625848065,91.73241207981037,69.96154218018775,90.02868729637933,74.9141490459884,70.0057408960236,79.52085992984766,80.1484946103467,78.86022126548106,83.3866347874386,85.6525186879158,74.04535751360297,86.13066291756797,59.58192497513721,74.36993704776111,77.48726905936753
10.1016_j.econlet.2012.04.048,69.77373887992525,81.09364463762792,73.6397720033096,67.45434043044432,76.36650825871033,92.70697781089392,69.22969506007672,87.1715030095328,74.87305003470257,71.99499704562214,80.42916895034993,81.09493021988227,76.24450831076489,85.2900917405957,88.80994496365086,76.62934506414308,89.54145650917258,60.71354963070152,71.2413257994965,79.42389932196656
10.1177_1043463111434700,69.14720726908263,84.67718372475782,76.49238940647408,92.0679382302291,83.5928216072684,93.47838502714362,76.62189764090202,94.66630730695125,75.9300014130886,81.41041354177632,85.67396916782572,83.02825801855988,95.22800660677211,86.61174276187167,89.28561082773145,79.79712774062209,86.98554168090018,91.30647728354367,80.58904849752406,76.64322184498471
10.1016_j.labeco.2008.08.002,70.56807652923075,81.77153834475884,76.5321501516073,70.60590601431274,76.10327249099666,93.18921531304997,69.33060048057725,89.07464038746258,75.64161443480255,71.79138542517589,80.15825340654641,81.99881209013111,81.41172002581659,84.86173617838149,88.75320790776028,77.25718085050455,88.98268710802537,64.24574253737772,71.72616178007608,77.94794117638106
10.1016_j.isci.2025.112833,73.11394098369702,85.74305547971575,81.79299127834756,74.31614579525744,80.55675951169239,94.97364381937588,75.4400114939284,90.79357666480736,78.8786207050302,76.84918507486603,84.00280370509206,84.33264946875391,83.01997685509374,87.28570990163988,90.73196268594816,79.42579177435907,89.95772552419534,67.7539523084706,75.03061591257362,83.27049944151234
10.1073_pnas.2500960122,68.11946841681012,79.58754145240758,75.82994982729102,75.83442337096798,75.54917434914621,92.73363895264659,67.51327838562763,86.9142575312982,73.6385189289788,70.63740628198688,78.79845910465185,82.13583381655023,79.21665910666985,84.11731137638019,87.27414722741906,75.20382425964533,86.51053994410724,64.9238742277197,76.79189094685066,76.55371536364993
10.1016_j.chaos.2025.116135,66.17964220063838,78.3654024944278,73.39725597122262,70.23638630733019,73.7948623126943,92.15711820672983,67.35419775903311,85.87294936950273,71.23351741059437,67.82206774014237,77.60197670577276,79.16530199730434,75.32969797412409,81.44443450134266,85.42562150064475,72.58655831485014,85.42273151518972,61.25090407876701,70.81640306011455,73.80007304780789
10.1038_s41598-025-87322-y,71.92796530515885,82.31165780709428,75.91307688067717,68.20232877037725,76.95805079350978,94.13219178325912,70.51909577534431,88.72058060562065,75.81813273201095,72.06501504057003,80.58544668877184,82.23909765779736,77.95259513160532,86.27346398164241,89.36124309478971,77.54397041171967,88.91252065687698,61.87371409153626,72.46352412138081,79.43161945867193
10.1016_j.evolhumbehav.2025.106655,69.99611710867443,83.7172569092841,78.04816273874746,76.9786350598982,76.08651655519553,93.2124326463229,69.11788370894479,88.1469713305009,75.26799669457394,71.64321229203844,80.33748260274095,81.98478514500152,77.86979200551022,84.05933637479899,88.81049158125761,76.17687738934384,88.50301652431756,61.31411636198038,72.87100543738771,77.80932596732337
10.1016_j.jtbi.2025.112043,67.37941475146332,79.58808868051334,77.78539333003468,79.38951117007291,76.25285091982472,91.88922215275218,72.14916117693373,92.45688527927464,73.57762460046875,69.16917407681768,76.33515693809059,85.68107076349304,77.08874819188732,83.38931704390853,87.65109328038636,83.23130631190628,86.43639008803059,65.56449198537518,79.23824832970122,73.89479284658886
10.1007_s12144-024-06961-y,67.88748177131795,78.32663050396889,74.80312170515998,65.37879819512082,75.13810511788296,92.52525422812211,68.0,86.63150806803898,73.36880830488684,68.79697085730557,77.80759519133021,80.25018508726318,75.43914799559786,82.52473967786786,88.03412568946555,75.79002257378401,87.45984352564876,58.764576394710915,70.13338518133804,76.83366231192345
10.1017_ehs.2024.37,82.96666474307474,91.0369196855111,89.80526699272502,88.07627237574545,85.11936549385699,94.47950687658579,81.90784824542867,92.70483225820271,78.74425031107127,80.30315496210989,87.32312923080916,89.1590229803259,91.022434712246,89.20754400450524,89.39563037836537,90.30415754102219,87.17910316882505,82.94681219499394,88.517366964543,74.86583686242952
10.1038_s41598-024-72939-2,67.86739900043031,76.73959466380913,71.50433788592696,66.29964328113573,74.53058803180704,90.55373134129461,66.48489363494281,84.10786963125064,72.97404652958168,70.49575783310837,76.54437539779967,79.26207673400363,74.39302240787877,84.97096589337993,86.86843694364786,74.37629968342328,85.85869757496721,58.274831964083326,69.38497185120814,77.21361025037959
10.1016_j.euroecorev.2024.104795,75.53256132343255,87.97428199957277,87.03819913153337,80.21854694928305,81.17705981270444,95.01922653900321,77.29402491029381,92.63198391656691,80.1796947649431,77.59419465340333,85.7748144137287,88.45360756148698,87.50401915015144,90.0392360373658,91.96866842457824,84.63647825682462,92.29223965664838,71.21038557227965,82.65220977233773,83.21323887282152
10.1038_s41598-024-67268-3,69.90379527519103,81.54048650505518,75.523160160768,68.21836492539313,76.16238717651945,92.62489398327763,71.66969077714083,87.9720267906449,75.19721178477599,70.43218539763528,81.30524932403706,81.69152192559874,76.6450846760488,85.10645541143543,87.33087228048228,76.41394469633485,88.51099238675677,61.016272908228586,72.81645821734938,78.17932058572968
10.1016_j.jebo.2024.02.003,69.27308241296817,81.03402562006838,74.04638552375903,68.3457763655008,73.96340196233719,89.5243538861265,70.24183330442435,85.30709057590558,74.53808607773827,69.16672601974608,79.5858835654591,78.04470600933504,76.99629718522559,82.11541511688998,85.46784953710058,75.46183065843944,85.74010876844675,63.8072556704184,72.71222274995093,77.11964527607678
10.1016_j.jebo.2023.11.027,69.9971522643906,82.68058845922185,75.20377941103045,74.98819930289483,76.9405518022349,93.15596077029166,70.68748828426502,89.2012138232855,82.56208024864016,79.32932443021583,82.32061357481147,81.8228831788422,78.59417725711847,84.27334404717361,89.0,76.92938921261569,87.4287539216776,63.42585746112103,73.68418434324698,78.7769422678519
10.1016_j.heliyon.2023.e22748,64.66558998635806,89.55077482297997,89.0849748016669,87.61091872096705,80.23579244857807,91.88574012367386,77.2853647999743,91.6116528121932,78.78778465239786,82.89525051744579,87.82284538548502,88.80081963031893,89.20818503276055,85.94226595270739,87.61863609782876,91.4669013422398,85.67218614333727,75.56475304443374,85.30985817632518,73.4744440184066
10.1177_10434631231219608,77.0,89.11785427111985,82.00120793455679,77.0,87.25586109484485,92.82172645110315,76.87540407629022,91.78064937273325,80.8251868561796,80.15616350731258,85.99058079902696,86.52596209061176,87.82829486275635,86.65713445816279,89.59116570876078,80.91058470005095,90.69117111268504,78.1703939596905,81.22559043124481,82.06882313853492
10.1016_j.physa.2023.129282,67.46532286663845,89.45794411416176,91.60398777262283,84.45359519896128,77.64287621371626,93.83727816683924,71.03888395581018,94.08985148697043,72.62775592962306,67.85328870970744,80.32577807281002,87.95196663724836,86.65556948275488,83.67431768716139,88.626116489747,87.83197566710007,87.4111237946224,65.94122526538293,83.62364473874811,78.01374846780652
10.1016_j.socec.2023.102091,68.09418689268982,82.0240855472856,71.9692077769771,67.40020416381725,73.91191340150324,88.19644495692933,67.53378816273165,87.09294716733582,71.5912270450581,66.86228578280539,80.28223094948225,79.76439344077816,75.91964068813625,83.71588495911237,84.9832059228028,69.47238937656499,85.37212092904016,59.465888151351294,68.55764168314612,73.90760121094033
10.1016_j.anbehav.2023.08.014,69.27207854971947,83.86009082466676,78.12431896582673,73.49989871806271,78.14642802133689,94.12166190960399,72.52849037701611,90.89074424874165,76.24720278606335,74.0,82.49253347281586,83.43260278612273,79.10685015747552,86.91951764302215,90.24297684266043,78.04801814698338,88.2183760412759,62.3360176600935,74.58753633772135,81.0
10.1016_j.joep.2023.102675,75.91473259841736,85.99810751100945,78.99753252579782,71.98435725537375,79.99852492868207,95.98447439912687,74.93090995947748,91.65791348715257,78.97961705882518,75.92240342566338,84.99768930711555,84.97158370925656,80.36206398712318,88.99990840178604,91.94559695418249,80.17254790941107,92.99136411447842,63.87821510481919,76.77138978692966,82.98108990313223
10.1016_j.socec.2023.102050,71.17981479245832,83.28135116078495,76.00570378590318,69.35054507713639,77.16909502188555,94.10951492634588,71.75209784221138,88.83257904141585,75.96423535997276,73.13838073005145,81.58970152636849,82.92083355654296,79.1404557427458,85.95480047731463,89.52725248232863,77.88035988470592,89.56163505232327,63.08049618103646,74.00697847514992,79.6776552296351
10.1016_j.heliyon.2023.e16729,67.67425045253599,86.9161770278195,83.90017562407716,78.11149689869487,78.64249729718091,92.68019748652532,69.41153456197014,87.58267876637188,73.6970656349942,73.02575468725453,80.24787142747292,87.56550463135162,77.23757629475537,85.71567395154693,88.83268159298373,82.48764936214113,84.95676128954814,67.65294702839483,80.44082568135232,77.4330125419333
10.1177_00375497231171138,70.92213020282321,88.45312997807815,90.63362311265284,86.1223582905325,76.2416680713162,94.1335628660655,73.1006370394576,88.25793380523817,75.02303863304546,75.07062548769723,79.154312261656,88.03279766782217,88.53445155789012,87.95027055974775,89.4580127874897,81.48093835009117,86.51596725385842,69.21382199106382,82.77122649199106,77.60302792154499
10.1209_0295-5075_acb07d,71.6711667271613,88.79644761719699,85.27027351712705,81.07061052894046,80.79436081539298,94.13254577238823,77.2530895306078,93.86302955917536,77.01905843446441,72.27965954705883,81.6511769633002,88.21335348680606,88.33143123839223,87.50839261558718,92.1708734643967,84.81657889266576,88.28652281099775,72.30739642042862,81.5107881064142,78.27594268232107
10.1038_s41598-022-23454-9,70.10806531377865,92.26718699551185,95.80190346798797,82.62022525597348,78.24296031760633,93.8508064826094,75.66988820187251,93.19359361382365,76.80116899024047,70.44066405189625,83.960506318239,91.08356651469042,84.39334939767022,87.68754479819066,88.0045175132047,86.75400547358699,89.38355410601775,66.579704449905,86.66208651536171,80.34046870771004
10.1016_j.leaqua.2021.101589,70.79454974554719,87.6022849146717,79.45926523483521,73.69579135248426,77.97927842764352,94.00398811107712,75.96688962188908,92.0494051111691,79.33326891038999,73.06153358568078,86.63488046235673,82.99000184431718,84.55420215801635,88.13538625345801,89.008582209054,78.63869634535754,89.91916212272601,66.94985197119755,79.06522875719142,82.19520820282533
10.1016_j.amc.2022.127567,66.86983336313847,90.74828413707007,89.10663081764038,87.10672690951371,75.95530014565779,92.51163959741794,73.34030869714904,92.07304428069368,71.66668000483853,67.75578027559457,83.27581065009831,85.28579092086096,86.51779108252036,81.76999282958556,87.4777182855159,78.20809399295482,86.19112957394726,61.547593681074474,86.92468985742867,74.2992873415906
10.1016_j.physa.2022.127913,64.67036888158982,88.5016661506726,89.17736364639977,93.24783381906182,74.4237624495706,92.11210339227779,83.5283225770959,95.92309039881339,74.62227822368249,70.23277399490824,84.49348233392178,87.08884158147615,85.18219192962853,91.29214940167495,88.34577657267343,88.18441199902814,84.07970609995685,77.15525560167578,86.79698660128842,74.61109759483126
10.1177_00483931211008432,75.46343404623029,88.03995970584235,79.28204936782191,73.92519815104866,80.90925070778711,93.43265430597786,72.25021019624451,91.8523523964403,78.34860539178423,74.2496703648857,85.56539749035181,83.17929520034016,86.47740056043686,88.90709662365546,88.72770869172868,81.78352513205877,90.87144346014092,63.51220811442221,81.00007221522904,80.05671181768561
10.1108_tpm-03-2020-0021,69.94107350490832,83.52558670353865,77.53199377170564,79.00285505189659,76.3575897416496,91.84774619993568,71.10260027971098,91.1371470452391,73.19360942720817,71.06190841102462,80.34141689303492,80.62081014164039,87.02050187143207,83.57899490890145,87.26581948439679,76.8440885570899,87.54704288951659,70.03000326981434,73.72555220445429,77.42786094383672
10.1016_j.jebo.2019.06.019,69.44185391743031,74.87119346605542,71.3776247137615,66.60594362880623,74.4099137013367,91.3657006141407,67.19901771548759,85.5251883638251,73.22885739536473,67.07074840665284,76.88236718580438,80.26507690365418,74.67452369033201,82.46576945780392,85.49474338415884,74.65097935075012,86.86105999925347,60.02400920545641,70.92932197691889,74.65113562036034
10.1016_j.biosystems.2018.10.015,67.55566240764243,86.01133987445978,86.65571650019547,82.41923976290033,75.58155639354187,93.16283428399404,70.77189386228666,87.86597649706951,73.3982773854641,69.40450866054016,79.85557113083296,84.62335406985629,82.82046618484101,82.63726131051006,88.43473139564315,77.33644545864858,87.69656554798857,65.09356816462004,79.91089471590281,78.09889556806357
10.1016_j.jet.2017.02.011,72.0,82.57941282693514,81.3193368706847,89.4097439848793,80.0,93.15379626798482,71.02989504588929,92.18544257507699,78.06428569168158,77.24379640281896,83.73239687396253,85.0,88.37606635328649,88.20717714861654,90.21289927882722,77.92403374892754,88.87122963087677,65.87893931556196,77.05751142601126,81.11441162780251
10.1016_j.econlet.2016.12.025,68.874995133865,81.52553421005537,74.70815594708348,75.17943398445627,77.44742491692321,93.63526143852401,69.12150767518389,92.15982035822634,75.62670380098513,73.69067211332238,79.15901376855047,80.7292114388117,82.89172853458484,85.14583499145543,88.54925847634517,77.25607223650172,87.94346070275262,67.13065357426898,72.32445616350154,77.17901672758572
10.1016_j.jebo.2014.08.005,68.09542683691807,81.24610120337391,84.67031581763617,86.75557621932253,80.83053579844302,94.27465085198813,67.40631542889116,94.15034144320262,75.00288030046198,69.40911185648493,80.3919692543595,80.44137557629101,91.8886936083716,85.81585337639117,88.33322861841711,78.07745422986609,87.94209530417817,63.66235001846206,88.124011212543,79.87971087267692
10.1016_j.comnet.2011.11.013,75.68869985292766,87.76306025913208,83.79074889397138,89.98245118629058,84.76132719189687,93.51765973477177,80.79910339200576,94.96498604119411,77.82151600438694,88.89051610726504,81.40106145645451,88.78632135754349,89.54371843762267,88.10938095462859,89.57691852789029,84.17626773185023,92.13217420317817,80.98787718143677,81.92743640658688,79.90726320676701
10.1007_s11432-010-4145-z,75.97489803529645,86.0210018213959,78.69860005878661,97.85091183102837,95.94113695344628,93.31570434285115,74.99289983308498,94.98348289294698,78.99949474529593,94.6898956421702,85.07708420565693,82.19165573256761,97.19658260477338,86.76217395993481,88.3847639048209,79.70429826504737,88.59358874402037,90.47403023372608,77.01000495852057,82.5890457323718
10.1016_j.econlet.2008.12.012,69.90723638769325,86.27257348212326,78.76600260037699,86.70136574625573,86.35598178343263,94.49933061705038,70.11201398935196,92.21518194513682,75.01263113563415,81.75261303967264,85.40964960813922,84.96761904284165,88.52987515299196,87.46511144926345,89.94310397096845,78.5972726773365,89.50486914005447,72.11063752970685,74.56186018527195,79.11205500156096
10.1111_j.0023-5962.2005.00280.x,66.79096495600565,77.81990505296994,67.92644633497227,63.1208821831428,69.62850612742767,89.73143770134511,65.8175840510781,85.46207741027966,69.50186364692436,66.10722471249119,76.58463058938669,76.2690010941926,73.23959087123991,78.70070836724003,85.59597131209796,72.60751102316989,86.12764189548594,56.790889831494795,68.20258462306215,74.66741676015113
10.1016_j.socec.2025.102403,71.57358216293946,84.88239881353306,76.23440220928595,71.32477752817209,76.73107066694926,92.97818345523108,71.00611573780348,88.9100364122443,74.80078134184052,70.9961163024873,81.435174019573,81.77499956719814,78.63385832450932,84.89673757482454,88.73519898348233,76.82372751903067,88.79216781677928,61.26184978880641,74.82498639634278,78.17224341977027
10.1016_j.amc.2025.129545,65.4144266548932,95.62305886730763,96.51303060546304,89.49964444605489,74.75731651106706,91.72684455224774,75.97257448916616,94.84332012621945,72.4987895347017,68.60735365173944,78.53233827312354,90.49918777706507,90.0806621862255,88.23736115966166,87.24485000052132,93.75635565058548,85.05424375077236,73.75825688839792,86.78478137766936,71.95891253751753
10.1016_j.physa.2025.130902,65.43699139833542,83.47265474088971,81.1411501303936,78.49878042028979,73.90237085645867,89.29309012410515,65.26109165342247,87.2817779930425,71.4486032296434,67.84918558723513,76.37001295217836,82.05270047960042,77.34477578103615,80.22651689980866,85.22064499290286,71.3354620650665,84.80855943555808,63.79341293374992,81.77395338824326,73.74058497506853
10.1016_j.jebo.2025.107138,68.32705572583271,80.6650599695162,83.28506287625454,80.90427791906728,76.54593479809056,92.73442126047217,69.72227872810217,87.81512352397904,76.76253770282764,72.19766739531437,79.65780959761831,81.34519057549738,79.0,83.16892393731078,85.98630447397235,75.96344092156353,88.27907397864362,61.53074060686126,78.02397514648139,75.7075729353922
10.1073_pnas.2508479122,66.92498737679269,77.27449613493985,68.763908044915,63.99278502346966,69.15415818352577,84.81147685300934,65.00570136111332,82.81331636779178,69.68862185611412,65.3030818503614,75.71517290378054,74.19961114304128,72.8590072636278,77.273311232789,82.57025811873326,68.17036952403532,83.46867241442844,58.1288183162681,66.32173710933836,73.76976226932345
10.1016_j.jebo.2025.107071,65.44996978596049,74.04799534541282,69.34849828342136,66.116743274456,74.91282192601096,90.24696263642117,65.73582270637452,82.75123280243832,70.356421744498,70.6781547295922,76.85148196321357,80.27703284978566,71.07936162497936,82.41789484618673,86.63707205385946,70.40754239744324,84.63741357558708,56.63082860249215,67.30055511023158,74.56294586622609
10.1073_pnas.2319925121,66.06598646297044,79.14987425298628,68.61813550793707,72.36604909764823,72.95575966867314,89.11839978602767,64.3448585402187,85.41278808779857,68.86789466139882,66.1202162113178,75.2892934602749,75.94703058003863,74.71333016609576,78.60247443276981,85.15275065814258,70.49042964017193,80.35414498877324,55.95008606041376,67.50002656896874,73.34161228772933
10.3389_fpsyg.2025.1465057,70.24470868916325,82.29682770781328,75.50018704627264,75.90078679222135,77.03845231912355,92.41590054870301,69.42236960913395,88.3673863592301,75.54534074871367,70.42494226818873,80.99123490734976,82.07843160301826,79.12617770481417,84.41566548054001,88.7322601292623,75.69588675926875,88.64158273437292,62.139411917779825,74.04774592152614,76.49319214940795
10.1007_s10458-025-09698-5,67.56172919761627,89.20931727188756,90.81504182420318,84.36269416164413,75.9130902998083,88.66722706554853,83.22598582017854,92.7119635353308,70.89302765576412,80.10974867759768,90.2347273082746,81.0316099104097,89.05297894009075,88.12463246405875,87.60049061197688,89.86754593727102,84.68626283470276,76.60060498091342,86.56198068758376,80.29155076753625
10.1371_journal.pcbi.1013068,68.77626733248682,80.81342589990244,75.0070880912461,74.20949779413185,79.37123987512199,92.78921072877415,69.26675842349005,87.80672478085289,74.05288133169951,73.75090809108734,79.27573086974878,82.95441182132183,76.27076402215455,84.00376608526543,89.4424169629545,77.4578163328293,88.39971755806947,64.78496847327244,71.25175987605824,78.69069922811119
10.1007_s00355-025-01604-y,65.42087570927482,82.24278479222006,71.4858518361672,81.5443415129037,76.92363639715374,93.12463027960005,68.21464306512858,89.39042306175007,72.47772156677162,66.72419361109014,79.1451444266159,79.73148111811899,86.99360070800952,84.11770003728725,86.701408114779,74.38232932375115,83.55489954971203,63.48286624164806,73.04611752100685,74.2533117396648
10.1007_s11558-025-09594-3,68.78972666883189,90.83327035343953,72.59940637594015,69.19447531859893,73.43148831015795,92.66302723091314,71.1806156858506,86.77269568682051,73.45196354227392,68.45991178047181,84.11755826263388,79.10961491013153,76.18236674329756,82.09580870648891,87.97487460693048,73.75805259037683,89.0,62.54789145367856,71.56768612544998,75.9880759389463
10.1093_pnasnexus_pgaf150,69.86028633376985,81.22955150918277,79.68899714295046,73.16786132611898,75.88456032688958,92.87306161280993,69.36754942240279,88.93029702122057,76.56308183436332,72.11426393697798,80.52372987570732,83.57070959482881,77.95756625953808,84.54325110650085,88.77693487681601,78.20850508316896,91.0,61.90500417195441,73.02400573836533,79.02092200399967
10.1038_s41598-025-98728-z,68.17504050027708,81.12116552050546,73.97534142293775,67.78140507629911,76.15120927260467,91.7921066127027,68.08976904152097,87.34709326915213,74.02915508554038,70.37836466690851,79.29696124285562,80.23715111159976,76.41446940433099,83.97423895315136,87.9081675702243,76.24178737151095,85.79296456989793,60.221354652924724,71.26088293003058,77.55479967621507
10.1002_ejsp.3171,72.49420980360706,83.7838713470183,83.16899473085968,78.04385804517497,77.6854153337179,93.55695499894435,73.49326282110863,89.78813283564614,78.5130532165956,72.98070106094343,85.19361212543096,82.13373342622974,81.47749701094492,85.81752075602319,88.76026996396595,79.65258958950271,88.76662420521124,67.84901781168993,81.36493925601262,77.80779866972661
10.1007_s00355-025-01596-9,72.01376379723284,82.3382123869611,77.6358987397536,72.0991317367875,77.74785696408742,93.096104833564,73.62048298401272,90.34159216807187,78.13029974332072,73.67722646887779,82.6766603068082,83.85413495976333,78.353342778766,86.36637352616316,90.96910156158116,79.40215873607696,90.31529469515917,64.55786909901256,73.91703584530342,80.91740625633228
10.1007_s10551-025-05998-8,80.71936233715932,90.4878578313019,84.79188503168321,85.53712029325591,84.26212616032771,94.29755826941029,77.38723481640154,91.82995941351123,79.69237670103863,76.52329863350275,86.72023914403007,85.50584019298307,90.4315881023985,89.30574499926041,90.69171338934343,79.64509853259648,91.09940121175462,69.2890785811254,84.32188418243766,83.08323711526917
10.1086_731967,74.4243408289013,91.7518841941973,86.46482320682794,78.44639755404187,83.76975528989718,94.48638262381964,80.64444465202868,92.59023696833691,84.72676964459939,82.51602256119105,90.70550070824274,87.51794688558674,86.36945741910141,88.3252761781787,94.01824955674456,87.06866378628911,91.40861835343863,73.39267129181445,82.89189826419212,85.92953821560323
10.1073_pnas.2415010122,72.21347141121791,89.67665258590203,84.57988187920282,84.12588916367835,77.29449245044106,93.19085992300352,74.65721003069288,91.13241410220466,82.18405258149981,76.51620170142988,89.05371768713897,84.02584660959562,89.76932031658589,84.17643099408762,88.77089940024233,82.14841636749225,87.63068507720125,70.68217451392107,89.32581232523053,81.69175689434306
10.1016_j.marpol.2024.106493,66.35580119932052,78.35030442137229,82.62066291541467,70.5023423383716,74.271695847001,87.16809161518064,75.30791646441378,90.7772026017071,75.72221909909328,69.66542935938097,80.19289177574029,81.00426571643027,73.23871892469994,84.57131244928503,84.27728123711542,75.33270943532766,85.53452133531421,54.2387712880288,60.926085638057614,70.07720760522531
10.1007_s10640-025-00970-6,69.72925101120403,82.29128768094769,77.69313056068903,66.91762734346251,74.61291784425188,88.0643581267243,68.8526386555757,85.51548208283846,72.56813956519713,67.91813072711066,80.21993163494852,77.45883403390272,77.1362398830349,80.03893376777275,85.23284040846838,70.32249349306761,83.6878630613181,60.68198967855437,76.83631882443416,74.86221237190513
10.1063_5.0253511,66.98299747131495,78.74191031098911,73.3393525141727,73.49140430090262,74.70702766635533,94.0680244668849,68.65135749649379,89.90334992807108,75.70918654308649,69.83201967681126,78.92977583126917,80.44434427661011,79.13911433925054,82.67565381090635,88.12701454755786,77.88134012823815,85.8893856908297,61.22723784460021,69.59322773867008,77.11402794612503
10.1016_j.amc.2025.129367,83.4913529716115,95.33331735481019,93.3178134228533,92.15487026354059,89.06152644431266,93.80447380699952,90.40752904437412,97.08560946335032,86.48825645458845,85.67855818942635,90.63805164695943,89.38664686968914,93.19641617391424,92.10434589502988,90.07268949614186,90.10531054193366,92.57848559771394,83.74722135269577,93.72543480736124,84.15355679756551
10.1016_j.jebo.2025.106930,67.76334415697711,79.90419491240777,72.82317807439946,66.39467630265744,74.09713894215521,89.89607419316978,67.28186383165932,85.50675825509886,72.71362386764662,68.53809519098223,78.13107475923421,79.32042755355324,75.48628603039928,81.37102244212583,86.91613705635858,73.75650822719372,86.90500846369811,58.76505285243171,70.67193059765665,76.25459001705146
10.1016_j.jedc.2024.104987,68.53731544753599,78.6730826135974,73.72033693277642,82.34952093725562,80.5329040123325,91.62016176384772,70.01525609116872,91.90192584066551,76.17799963194614,74.87573970093882,79.28469536851266,78.80219676289421,84.14114056455604,83.13607396105225,88.01902760550948,74.5963475780615,88.25493826302761,69.0328759157821,75.78449617727075,76.52707456003009
10.1002_mde.4492,71.2357810964185,82.00206770356513,73.81693742279761,68.25695523448258,76.5108197815278,93.09272993058708,70.93206037334578,87.96837661810147,76.22460788547777,72.759940991411,80.52437331508231,82.02600453305347,77.77136839691364,83.94835174783907,87.77821952266312,76.94709900437587,87.35712185967213,61.05726560676619,71.89087567289602,78.70272591724758
10.1016_j.physleta.2024.130196,69.09931937278654,83.69941841262683,88.83107508237585,85.37548618648727,75.56306012469,93.14735612550245,69.17920603441642,88.03328664460419,73.77670175068336,70.98027004453031,79.81603311530719,85.54939056016906,79.9867448586206,83.67057531543539,88.3641855637336,83.85088381830676,86.76880476599678,65.5920316761891,83.89608311643923,78.11878033437796
10.1017_ehs.2024.41,70.42767286245544,81.1229123098416,72.10294454178785,75.26733422104911,75.96707885652852,89.9280318283543,69.5725414995139,87.62374694525509,74.0,70.32985173071555,79.45144619065438,78.1684950908589,79.94408862202667,82.12887271779348,84.80081880446015,74.0560096722431,85.89372447441549,67.28350298007301,74.57166357751632,76.19135693486888
10.1007_s10551-024-05865-y,71.6136683888097,82.14539882230326,76.35285351015371,71.4053261786314,77.06517713983925,93.46948303874814,72.83696785796143,88.88133745656363,75.99477175356598,73.33850423856012,82.14569907094392,81.66378911363564,78.21972082733248,86.27839849874421,89.41754218269752,77.06957362814481,89.47082361421232,65.45269864706356,75.37746907051759,79.84481168978499
10.3390_math12243919,64.45846356412099,76.71952172186836,77.18123081245434,83.49938448335148,71.75497143680633,90.55038606944854,74.75711755545373,84.1645685292834,66.7300067019832,72.13088107001428,75.81410954158142,76.52555513116008,86.1728112716485,79.10011795636642,85.21965505526333,75.91368448500643,81.9321102135129,71.41234992154087,78.18452640717685,72.06660848077387
10.1007_s12110-024-09483-5,68.0185833215462,80.63285603518129,73.10959082721618,74.25129654140139,75.66555566990858,92.06448328842993,68.8038515810894,87.92487344054894,76.74303115313482,76.36251292020825,78.75868221314124,80.36967734847777,77.27318819854666,83.27797500691476,88.04593253091329,75.17911421722701,86.49034390327225,66.3818911580431,70.11732036598742,79.78389156491933
10.1016_j.actpsy.2024.104608,69.71731590205584,82.26674434935569,77.79268624248701,71.52972053172051,75.56198487888969,94.50909111503032,70.3766872567773,88.16805453064046,74.72135423651025,69.85935448351685,80.6666211574894,78.88962360139405,76.80022115892164,84.20640799830498,89.0,76.42445110389161,87.21799566925863,64.51072773561977,74.45599618434225,79.38945397215792
10.1016_j.ecolecon.2024.108438,75.74326746662484,86.000190747871,79.00050954452503,72.01295053484375,79.24865021582478,95.99109676927034,74.91894988095785,91.99764869095843,78.99996650643816,75.99708518389548,84.99997225459032,84.36523378823084,81.99683690678572,88.99996482387927,91.88675915923233,80.94513407918141,92.6222492037758,64.71270962029595,76.85302388193149,82.52204122240501
10.1016_j.hydroa.2024.100188,68.52517895421305,90.92190480437971,87.10306753069777,82.85263638873178,77.65579945460192,94.51816592835497,77.69998561823809,91.44623756731585,82.08836822583946,70.75413266077554,83.03151235140326,87.8457391569631,86.04118822231469,84.14758710775145,88.1336085503633,81.8266898111859,88.597601770391,67.49955718543089,86.22651251853783,75.54186236063548
10.1287_mnsc.2022.03085,73.0706101629045,80.69336288804845,74.53755493159403,68.62879746637365,77.13814606603775,93.46218476388026,70.21781905141054,87.75542493632277,76.69108934144664,71.46679899029141,81.66563878873593,80.8934537785209,78.72557076267648,86.59394409188316,88.320368569883,77.0,88.96257508170909,61.56389480865032,72.43344397876415,78.24484564550117
10.1016_j.chieco.2024.102267,70.0,88.9921550311291,85.02411881924041,77.09874127104239,76.79229987447899,92.7716572883077,69.68027589566127,88.36739207662202,76.56178159940818,71.27356512517977,81.25051369846165,81.56958633933966,80.38248466380618,83.77089657271195,87.83071847965594,77.27630767779536,88.1668312259755,69.4973889104905,82.53833403282498,79.2871112648449
10.1038_s41598-024-71106-x,78.29935307698295,88.37054815870857,84.97568679107076,76.95313503098437,81.64451881881602,94.49087070567694,77.05264520423056,91.91516428780645,80.66006287989299,79.16657494063828,85.98133949138254,85.28667722082584,85.2427875531176,85.04411990946382,89.79862923795963,81.63600720813395,88.35404535512221,71.92698910402875,84.1872037147014,83.52322962707788
10.1088_1674-1056_ad5aee,65.83001794555125,78.22309908899012,69.6550162146946,65.04067449509006,71.61075651449936,89.94300630090817,64.78498674505425,84.17942825735426,69.04082540964232,62.265478914086586,76.10132800191518,78.90005746314608,73.5368028416693,79.62408459534966,85.82975338445159,71.04644461803679,82.50902816927884,57.00008153181812,70.12928045428062,71.94736989353534
10.1088_1674-1056_ad5274,64.64665226154543,86.50951195301654,83.16129173716148,75.57830380723178,72.46413293854411,91.91140853319548,79.73486439908503,88.67511044100281,72.01571701519613,77.29589601324727,82.16374755517658,84.10012907970649,87.5574786661481,81.24097453845972,88.16505172179905,80.23503674431656,86.73653968161543,72.23732889638772,82.6990016517611,75.51017952711173
10.1016_j.worlddev.2024.106686,72.63925199372518,83.08897025772458,75.77811140415979,82.42175387110723,76.85264527086042,93.83058147928683,70.66164554025818,89.03629522081467,76.36881069699524,71.48208814497063,86.32186693398813,81.58632129611223,85.19141397498687,84.52644940872298,88.94748925824628,76.07513052688198,87.7686557536522,63.92154660990378,83.0372155403459,78.02301639507569
10.1016_j.jebo.2024.05.010,75.11123957449631,88.42721111646904,86.14582759892195,86.2297998772941,81.49553908874037,94.67015685961854,75.92411834986429,94.0,82.40564232223196,70.50225857630157,88.19493847597151,90.30174260542586,89.89509155449936,90.03419291910673,91.23442213146325,85.11563698057029,89.58401328560187,68.15020672102777,86.8052197961912,78.12021764409279
10.1016_j.socec.2024.102211,68.18240932353842,78.39157550743695,72.77394918657602,66.00193460675108,74.68180054897014,89.20834128767102,66.94183651700901,86.31787428758966,72.27752488519083,69.29748474473506,76.99147434928534,80.01843331862605,75.08147014476792,82.92746009478988,86.79870101428048,74.78390804553004,86.09086088777823,58.08537014318297,69.62934097899426,76.65585699157397
10.1016_j.jebo.2024.04.016,75.55366747738745,89.39529986733099,89.51714112425961,91.34358826086302,81.83425269235266,94.38916405635192,75.40591775407333,89.0,76.0605468028795,71.2422984764288,83.7043651186167,82.65999394191816,92.13557489081207,85.21216656025075,87.45005689911997,75.60579379582865,85.51729709849663,72.47156185959273,89.89138476457492,77.96697524304713
10.1098_rsos.230830,80.79076057865268,88.61564968593909,83.96822434634096,89.70360027757332,78.35326613070379,95.78537990814172,80.79616967124855,93.80319721244558,79.26631714367863,83.73932522411243,89.85687590599674,89.54689924155207,90.25300321741587,89.35199666058814,91.91420169456512,85.19851028669483,92.9391487301878,77.03956382938999,87.67245026420801,78.22669319735081
10.1209_0295-5075_ad0998,69.30781105819919,81.22929192700481,76.77914934240873,91.76164582355163,75.59812231177781,92.4665149318898,69.39931922505596,88.87935162086782,73.15485803032239,74.30276011200927,79.12691097729233,81.69603250920504,78.59828618858674,82.8415804606259,89.5487454933078,78.99665686375133,86.74224493847079,65.51320630463309,74.41487470561276,75.19378218229834
10.1016_j.ejpoleco.2022.102354,71.0549975403971,83.34705641891131,75.65560329277157,69.5457480983933,76.78521465975648,92.99730251644768,70.18826090146518,88.34973350464999,74.9125895090421,72.08525848184462,81.7451746765849,81.92786135909144,76.20367871749993,86.66658951669358,88.11605533945415,77.49144168517404,87.918575974841,63.72252013317526,75.77426136753074,80.91658798585289
10.1016_j.socec.2023.102034,67.5175437310038,77.77260454590899,70.91516017453613,73.5512495778848,77.3175114117983,88.16692202958178,66.98099097629094,86.71292567693222,73.25226518215102,69.10038791708634,76.11564750727338,78.76190405827326,74.03289002634234,82.47980212943204,85.82930254505865,74.06864808055967,86.4026745196832,59.60740494182511,69.95160706261241,74.85266287473146
10.1017_psa.2023.60,71.71952789336315,84.03152097089074,79.81365297187463,78.23251557815087,76.9400657103556,95.76399893653641,69.71808127621011,90.65617618086289,76.94262711199103,70.62313172763092,80.68780901286014,85.0070555256052,79.90799448807765,84.77364147138859,89.62697156555542,77.36709231364237,90.00240758237064,63.953848425603546,74.81142868005466,78.58495035934821
10.3233_jifs-232322,72.72854012028894,88.83369172529713,84.37231031709085,79.67293383776372,82.82375693432353,93.70544882186326,80.98818582983661,92.00950269518916,80.82043872301831,80.65781469572364,82.98922959700602,89.13961801742877,87.44243508024242,86.58120819502913,88.11190066761593,86.00655306329755,90.12394932447219,71.95148735939044,82.8029915788746,85.06941832573705
10.1016_j.amc.2022.127723,68.53194150986268,79.45493217133414,72.67105253844407,67.2225382171576,75.6416706865786,94.2013389172585,67.9816510378769,86.92176826343207,73.2176857167486,69.3858978758735,79.23466910739076,79.46773736852172,75.86283913949475,81.37882221003788,86.92547291597528,72.79187451358575,86.7756593801407,59.23618765284782,70.53556601198612,77.34258029984427
10.1515_bejte-2019-0057,67.18198169908447,77.44729363582451,78.10130955988464,78.05146543416105,76.26312066624736,90.62793866681473,80.51131121678094,94.37187702584656,74.69131141597748,74.1784772031795,75.05794603373961,85.22621195313081,81.11173676035621,90.06853079110287,85.59268955450068,84.07109465273504,86.04303739835832,73.95356339823586,77.45412923434161,72.07684052623847
10.1016_j.jet.2019.104972,94.22946382980608,98.84808449233384,96.16141618945336,96.6549885314308,97.476348924454,95.75864781212911,97.0607235002443,98.08277896323303,98.19751681315259,96.0617643303313,93.75095846539547,97.2676929127647,97.47976190462236,94.74195190166263,94.21511717714357,96.87594491431086,91.38855686403619,97.0339215769695,96.58704506440162,86.56805300917605
10.1016_j.jet.2019.104974,68.9983461699527,80.29701082284318,73.66515340426866,83.13499590915815,78.7969057825779,92.44891796443801,66.8572221280319,90.53055366758205,73.70763817047451,72.21779894188101,77.76473243424898,81.22072179374678,87.26674140479292,84.09354345452923,88.03707111410523,76.55424894210636,87.23728054590418,68.92351909788442,71.45487624425651,76.93748135346941
10.1075_is.19011.qir,73.36263996125535,84.10442515509358,77.22788257220269,70.66904226410423,78.51326452697656,95.11344421088747,72.02190113096626,90.40621237260292,76.9713782945671,73.75239156254047,83.37095277544817,83.63658662348386,80.51601669385663,87.50032701350372,90.38915023043165,79.5868166242036,91.44595082814877,63.144779005930836,74.75703587757339,80.86710240352319
10.1177_0098628319834208,82.41973771201192,92.38845851534954,89.16635461093455,84.37850285316003,90.03375443215671,97.00157281969318,84.46354836279357,94.95029223127243,87.85134462097676,82.6850542524081,89.49262096291989,90.89605499007622,91.13729703425021,91.01706703455434,91.49746460775279,90.56545670829907,89.79784110405183,79.03625875347525,89.25030719355875,84.30013379586644
10.1177_2158244017737592,68.816373749441,81.59374708460979,78.41015604600989,75.71524960808169,75.14429840145915,91.80628988660777,75.34865391106472,88.9917307989046,73.75000620404056,69.58085515748434,78.54659413464373,79.87236182421233,77.91549761861016,87.46394171647813,88.06445653658743,77.07574371191508,86.29005884004084,67.43807288121423,72.68293338906435,75.55959463204351
10.1177_0951629815586882,63.63924958955628,82.72920760686807,73.484756256871,66.9806697064538,70.04522006270749,91.67044124903897,69.35977590621691,87.12772850718831,73.25795804108454,69.78296409542152,80.72931150506251,69.57985776735444,72.97913685527024,83.26340642833469,87.56809066827076,67.6096153564396,82.25330934677083,56.98900110917052,64.02059434576552,77.48532135853038
10.1628_093245616x14500948554117,71.06253699411991,82.07244105746204,75.47291812876341,82.77852462704298,79.75949505996026,94.28107868120976,69.606026890119,88.24943751561993,79.06575435222162,70.41223481768294,81.5240147692781,80.80571412026937,78.40131925498223,86.9540846741791,90.70399813063842,75.22714701190691,88.79213893073862,61.06264907003148,74.56518952886428,79.1583845457619
10.1016_j.amc.2015.01.040,67.51945793343167,80.66823564195867,77.4213184942377,92.72132801285082,77.88956940369592,92.58017012038972,66.56405188965643,91.72137829391681,75.06176799506244,69.27878316492635,81.17086804773356,79.47421026615906,79.61478856489924,83.25066173341789,87.7249613589292,72.93079983222528,83.46885293311132,66.11945575618593,70.63558382891044,75.10081520901264
10.1177_104346397009004004,65.46419075401786,84.55656071190481,78.86346292591472,72.23443054623222,72.15879652341347,87.96894122455214,68.12661805125303,88.03506169022823,70.75458952903747,65.78325625048932,81.47357913944795,78.39398689457258,78.78170641722224,78.08433050414888,84.21351043583938,71.53518446279789,82.05345664739045,63.52995198586009,80.19985476330558,72.69332788303491
10.1016_j.jebo.2009.01.006,,86.01253942186747,89.00000971800527,82.74032735256124,80.00248818978805,95.99835951881732,75.0988067529663,92.26136257582289,79.03715440959586,76.00000011270917,88.9983435684481,85.01202309849714,86.0054126444059,89.46938071132048,91.79181077505461,89.01107561943037,92.47170570115885,66.98574426709693,77.10545683114009,83.00000000160642
