variation,delta_rmse,delta_rmse_ci_low,delta_rmse_ci_high,delta_correlation,delta_correlation_ci_low,delta_correlation_ci_high,delta_directional_accuracy,delta_directional_accuracy_ci_low,delta_directional_accuracy_ci_high,n
10.1162_003355399556151,-0.509444194359423,-2.4911275418690337,1.561613626595075,-0.054550677746447285,-0.1958458221144129,0.07948191816590562,0.09999999999999998,-0.09999999999999998,0.3,20
10.1038_415137a,5.057554837629094,2.147782629578373,7.628044158909754,-0.16526340199084627,-0.3970173613262404,0.027484212458700284,-0.15000000000000002,-0.5,0.25,20
10.1257_aer.90.4.980,0.41517926602750777,-0.5497532448041533,1.6341237693711308,-0.06272915552008518,-0.20562750519773618,0.024387168201501178,-0.050000000000000044,-0.15124999999999994,0.0,20
10.1257_jep.14.3.137,-0.6888549334614558,-1.519385664273399,0.07453647025060885,0.013925763576145167,-0.03885210544725678,0.0852779474825653,0.04999999999999993,0.0,0.15000000000000002,20
10.1126_science.1153808,1.6435650571596598,-0.05589084840815367,3.483728301211484,-0.07382226272366299,-0.21742579489737848,0.03632043293490594,-0.050000000000000044,-0.15000000000000002,0.0,20
10.1073_pnas.0630443100,-0.5432624750854007,-1.855003944060212,0.5103177505309298,-0.05128520131958125,-0.15507071725925486,0.02941117424261685,0.04999999999999993,-0.15000000000000002,0.25,20
10.1126_science.1100735,0.23031100583360864,-0.8521458108589982,1.5900697723971438,-0.05921897655649622,-0.2071704126317506,0.03712653016805879,-0.050000000000000044,-0.15000000000000002,0.0,20
10.1126_science.1127333,-0.4171908199773098,-1.895866773031066,1.2067323000681058,-0.04318398166659354,-0.18451324853864398,0.12022030730136996,-0.050000000000000044,-0.35,0.25,20
10.1007_s10683-010-9257-1,-0.03532141652621679,-2.0602958956824207,1.9016942497936675,-0.07078228532728659,-0.17828999243100974,0.028498650807901493,0.0,-0.29999999999999993,0.3,20
10.1007_s12110-002-1012-7,5.965203728127517,3.047351454950269,8.879180236121222,-0.29450830765508407,-0.5798984124821073,0.02153815309458293,-0.2,-0.6000000000000001,0.2,20
10.1257_aer.99.1.431,0.3356499126970576,-1.10780886263131,1.63777843774328,-0.08816178429338295,-0.2503919948691626,0.02559032033572011,-0.09999999999999998,-0.25,0.0,20
10.1038_nature02978,0.24750611837802516,-0.768760903512695,1.503428886262977,-0.06774240449141555,-0.20278868645787237,0.03424842830403851,-0.050000000000000044,-0.15000000000000002,0.0,20
10.1126_science.1123633,10.721836837150033,7.392038383218343,14.322054912063575,-0.3551534556190689,-0.7402274306550372,0.0512715606211974,-0.25,-0.6499999999999999,0.14999999999999997,20
10.1126_science.1141588,-0.6187566251096825,-1.667620403766145,0.39983176441302526,-0.060352384416098026,-0.15127818641988505,0.03820147384523431,0.09999999999999998,0.0,0.25,20
10.1038_nature04981,0.4745529493401186,-0.9140409599818091,2.1859450437408063,-0.10255868370930243,-0.2796711399536017,0.018765127915128983,-0.050000000000000044,-0.15000000000000002,0.0,20
10.1038_nature06723,-0.331116686664064,-2.1970076350148378,1.186767465705055,-0.08066025043130032,-0.2795292637331613,0.046126157513755504,0.0,-0.25,0.24999999999999994,20
10.1257_000282803321455359,0.23643987693271473,-0.7010105836188391,1.6340723375006148,-0.03586507726598909,-0.16935849987395304,0.061554241464434424,-0.050000000000000044,-0.15000000000000002,0.0,20
10.1073_pnas.0913149107,0.023699369133685977,-1.4448460323434684,1.4774258078811882,-0.13355759495560338,-0.2693824944068474,-0.021910118991816017,0.0,-0.25,0.25,20
10.1126_science.1177418,0.5179866985668946,-0.8637523311206523,2.324849604190683,-0.08754951428580438,-0.2762908358259845,0.026423323327326546,-0.050000000000000044,-0.15000000000000002,0.0,20
10.1038_nature01474,4.363137461799785,2.2240980261869843,6.2243590910633975,-0.08524284716898956,-0.20461525714315507,0.0020936525243054663,-0.050000000000000044,-0.15000000000000002,0.0,20
10.1073_pnas.1108243108,0.3420318997295215,-0.8843733328776426,1.798804690383818,-0.08505551976140124,-0.25928013245402687,0.028269746364078346,-0.050000000000000044,-0.15000000000000002,0.0,20
10.2307_2667052,1.332398136224378,-0.24970523008658574,3.2087764095698637,-0.08673155994226056,-0.2498353045854246,0.035800754710571266,-0.050000000000000044,-0.15000000000000002,0.0,20
10.1073_pnas.161155698,0.2505512597480788,-1.5050323904697758,1.8072101417648014,-0.08818589200406168,-0.24799373757877607,0.04347865735109442,-0.15000000000000002,-0.4,0.09999999999999998,20
10.1098_rstb.2009.0134,-0.7111074682586889,-2.1324916543671515,0.5880153338016129,-0.017203724717784752,-0.09230439652364938,0.05686215652853164,0.09999999999999998,0.0,0.25,20
10.1126_science.1183665,0.3626798795007673,-0.8121088583343486,1.9581112447631495,-0.07479993982337674,-0.2456895786209281,0.03191079405086729,-0.050000000000000044,-0.15000000000000002,0.0,20
10.1038_nature09203,0.7880515254152787,-0.6276728850308309,2.3648706041707417,-0.07751123853587205,-0.25232167490673124,0.03273386765265938,-0.050000000000000044,-0.15000000000000002,0.0,20
10.1017_s0140525x11002202,0.0038007452138435482,-0.8952570115237224,0.8633945494532562,-0.04662603143637756,-0.1388135322002515,0.030234342699725966,0.0,0.0,0.0,20
10.1038_nature05229,2.9727843159074334,-0.03261128570327262,5.303857649163628,-0.09872305439712614,-0.24678651962117176,-0.003843762062201716,-0.25,-0.6499999999999999,0.14999999999999997,20
10.1126_science.1193649,1.2108775357092698,-1.2240689565951293,3.4318146818042923,-0.10258989267134955,-0.245611054986704,0.0196394993079114,-0.15000000000000002,-0.55,0.24999999999999994,20
10.1257_000282803322157142,0.3287115998956738,-0.589488693474828,1.5052516960272657,-0.04394134067621713,-0.17110841689792655,0.04819401765624449,-0.050000000000000044,-0.15000000000000002,0.0,20
10.1073_pnas.0500938102,-0.9457085604806945,-2.130036884132252,0.21583249612720684,0.00016655557367450946,-0.07052984450885853,0.09120499782205461,0.15000000000000002,-0.050000000000000044,0.3999999999999999,20
10.1002_per.474,0.23334748211050815,-0.7005135858224251,1.2811923958935578,-0.059791328282793876,-0.1885742591364847,0.0354257077416078,-0.050000000000000044,-0.15000000000000002,0.0,20
10.1098_rspb.2003.2336,7.1298989003764275,3.920789054148981,10.231815485384452,-0.14264839350119585,-0.3127762899308974,-0.006059071007878841,-0.25,-0.6499999999999999,0.14999999999999997,20
10.1103_PhysRevE.83.036101,0.6833810648473531,-0.3923571986420519,1.9967227715156184,-0.06706033846323434,-0.19896236921518748,0.024757969942361728,-0.050000000000000044,-0.15000000000000002,0.0,20
10.1111_j.1465-7295.2007.00051.x,0.9242032457510811,-0.4419469161295116,2.446635612025222,-0.054968639293493826,-0.209176634794664,0.05281289442951048,-0.050000000000000044,-0.15000000000000002,0.0,20
10.1073_pnas.0502399102,0.3990798089076115,-0.7625874171779407,1.8297999923352504,-0.07786824880145504,-0.23349361468829624,0.02838940242943522,-0.050000000000000044,-0.15000000000000002,0.0,20
10.1038_nature16981,-0.5392530577074917,-1.5699661869306434,0.3913762053616635,-0.028403459677982412,-0.13937569313535464,0.06894480630773692,0.0,0.0,0.0,20
10.1371_journal.pcbi.1000758,3.41368410978522,0.36044445818215465,6.2348898073147,-0.19524673579740387,-0.39233353044241065,0.03701358744300099,-0.15000000000000002,-0.55,0.24999999999999994,20
10.1017_s0140525x11000069,0.534085479581881,-0.62074828261763,1.9883656390157713,-0.08174955568594078,-0.26408290402085177,0.022118259731618368,-0.050000000000000044,-0.15000000000000002,0.0,20
10.1111_j.1467-937X.2010.00608.x,1.7878121729352765,-0.9931091983844016,4.121598774656026,-0.06061369837143571,-0.15792382253649168,0.03657500533887359,-0.2,-0.6,0.24999999999999994,20
10.1098_rspb.2007.1558,1.5400903682291203,-0.30038408494605645,3.4850688752426264,-0.06258858754232866,-0.21988034238262807,0.0565545019595147,-0.050000000000000044,-0.15000000000000002,0.0,20
10.1038_nature16980,0.34388490366441715,-0.6481526881195143,1.2901300617357592,-0.14475893268568046,-0.2987060556860288,-0.04955094166103717,0.0,0.0,0.0,20
10.1073_pnas.0504902103,0.5865676413646401,-0.8532881345324698,2.1708792715584213,-0.09884480480160629,-0.29446461572581667,0.05267036868407287,-0.050000000000000044,-0.15000000000000002,0.0,20
10.1111_j.1468-0262.2005.00644.x,0.9389436200054035,-0.43502135317150004,2.6499365063619895,-0.07229741069351858,-0.21801434285669055,0.03427067696124718,-0.050000000000000044,-0.15000000000000002,0.0,20
10.1038_nature07601,1.1707949462984333,-0.5134633659147682,2.9778306528718157,-0.06907464522398965,-0.23791960594262723,0.041088024911886456,-0.050000000000000044,-0.15000000000000002,0.0,20
10.1126_science.1145850,0.5173316850014391,-0.7126071378977656,1.8868864576364108,-0.06516515524577005,-0.2041075791405901,0.0414397548751204,-0.050000000000000044,-0.15000000000000002,0.0,20
10.1038_ncomms1442,1.6346654512167147,0.030929938783431695,3.6465543599765162,-0.050133954434268935,-0.20121518560831775,0.06858762417936254,-0.050000000000000044,-0.15000000000000002,0.0,20
10.1126_sciadv.1601444,-0.3600480744599963,-1.523521861550027,0.7394685630536941,0.012672494362991116,-0.12893218479591537,0.1524403308898337,-0.050000000000000044,-0.29999999999999993,0.15000000000000002,20
10.1126_science.1183532,0.16327807762773627,-1.6304493080898297,1.9582820993877328,-0.061187409338291476,-0.23843752330048384,0.09947236297735221,-0.15000000000000002,-0.44999999999999996,0.1499999999999999,20
10.1038_ncomms5939,0.37456983412920586,-1.023805736857462,1.8729123156946488,-0.07544842657812745,-0.2650916805089728,0.04860498261231206,-0.050000000000000044,-0.15000000000000002,0.0,20
10.1073_pnas.1105604108,1.1697719485765026,-1.2332037908173235,3.4371069046330938,-0.08825172202305964,-0.2698984327560036,0.09531287342466625,-0.09999999999999998,-0.45000000000000007,0.25,20
10.1073_pnas.1707505115,1.9044461573869667,0.09798246678600087,3.9841955522456387,-0.07858076554071836,-0.2561578912897304,0.040846428791252394,-0.050000000000000044,-0.15000000000000002,0.0,20
10.1111_j.1468-0262.2004.00511.x,-0.34282858377983505,-0.9462271838343546,0.19314734153203128,-0.010280838536450121,-0.07241628641388316,0.04802133869642412,0.0,0.0,0.0,20
10.1073_pnas.1421402112,0.033598492835595906,-1.1534298852888394,1.1222309878542622,-0.056392289315197575,-0.19070217462391748,0.047613758879891555,-0.050000000000000044,-0.15000000000000002,0.0,20
10.1007_s10683-007-9171-3,3.550842824058427,0.26767705808757697,6.728023873194069,-0.16253443375487836,-0.4591938419602755,0.05026721967808667,-0.09999999999999998,-0.4,0.19999999999999996,20
10.2307_2297904,8.370019567745064,4.791232611104477,11.822506986444317,-0.8053678493704984,-1.1836962398377462,-0.31030051214386856,-0.25,-0.6499999999999999,0.14999999999999997,20
10.1111_j.1467-9442.2006.00444.x,0.4337839566849606,-1.064227431435012,2.0247908667322725,-0.08828348565308608,-0.25628840773093514,0.048169556472055924,-0.09999999999999998,-0.25,0.0,20
10.1103_PhysRevX.7.041027,-0.2860912288025501,-1.1575020904581352,0.5058109142379081,-0.03878425804628449,-0.12537703596338642,0.03409775534535916,0.0,0.0,0.0,20
10.1038_nn.3087,-0.40707237630040094,-1.543296591046762,0.6254548123235303,-0.06626827680436942,-0.1556725803136771,0.00880444951438183,0.15000000000000002,0.0,0.3012499999999989,20
10.1103_PhysRevX.3.041021,0.4405156794777856,-0.8684864373573603,2.0524411092414336,-0.08453406884566672,-0.26290906635701466,0.04918975246796638,-0.050000000000000044,-0.15000000000000002,0.0,20
10.1007_s12110-005-1017-0,0.6986761275671824,-0.47317829577310316,2.2674531969179363,-0.07678458455435799,-0.24644512788926887,0.030864405600944177,-0.050000000000000044,-0.15000000000000002,0.0,20
10.1126_science.1241399,0.3243217169764119,-0.8803234211726453,1.8565049590598717,-0.06557161936640565,-0.23251085151444054,0.0631510419140013,-0.050000000000000044,-0.15000000000000002,0.0,20
10.1103_PhysRevE.92.012819,1.1756682495462094,-1.0873299617427312,3.597135847910948,-0.0923207452244883,-0.29016565508280256,0.09923886883513186,-0.2,-0.5,0.15000000000000002,20
10.1073_pnas.0808450106,-0.05365439183750542,-1.2165117792148168,1.1049428202139533,-0.09642286975723935,-0.24579653530961135,0.011605409871868833,0.0,-0.15000000000000002,0.15000000000000002,20
10.1007_s10683-017-9527-2,-0.03457976691225184,-1.0439713289271593,0.945038999915266,-0.05226666502578292,-0.17945798295984647,0.050458515469813926,0.0,-0.15000000000000002,0.15000000000000002,20
10.1257_aer.99.4.1335,1.1367468463189363,-1.6170038270513214,3.2315661814181182,-0.06555003231433976,-0.1987554308955667,0.03911342518945435,-0.2,-0.55,0.2,20
10.1111_j.1468-0297.2005.01031.x,0.27007365862274657,-1.0147271256828068,1.4520723969192564,-0.06515527337446769,-0.24820374474453222,0.04317904088404085,0.0,-0.15000000000000002,0.15000000000000002,20
10.1073_pnas.1105456108,2.0019212024582034,-0.45346144513859304,4.256444168426763,-0.23746199904980364,-0.4424926117987598,-0.03489419078189649,-0.09999999999999998,-0.49999999999999994,0.25,20
10.1098_rsbl.2005.0344,3.0169883883072464,0.21735554097963725,5.406690219656655,-0.013312108477717355,-0.10254646454695729,0.05961182724669526,-0.25,-0.6499999999999999,0.19999999999999996,20
10.1007_s00199-007-0212-0,9.408829386955983,6.802350460702245,11.602363184579433,-0.11280923190790182,-0.28426304282681786,0.01482835920410191,-0.050000000000000044,-0.15000000000000002,0.0,20
10.1098_rstb.2010.0135,-0.30468737479548835,-1.542052378255526,0.9210479063426182,-0.05588457827580595,-0.17472471427935235,0.03131987148004311,-0.050000000000000044,-0.15000000000000002,0.0,20
10.1038_srep03055,-0.7877468834823622,-1.9399609907545727,0.324391349990894,-0.017301480995996932,-0.1207294498320062,0.0855931262465502,0.0,-0.2,0.19999999999999996,20
10.1073_pnas.0507229103,-0.11998975618805297,-1.3669415971726298,1.1518592382864687,-0.07859284597171778,-0.2096968916712424,0.024407904270469263,0.0,-0.14999999999999997,0.15000000000000002,20
10.1086_425623,-0.11992389889442201,-0.5922843266511246,0.4049853291749813,-0.03195885988949898,-0.11562893299914619,0.030089089427129376,0.0,0.0,0.0,20
10.1016_j.jtbi.2010.06.010,1.703129163565067,0.15076046029417972,3.1761592914867838,-0.14487440985661743,-0.3500749481392369,-0.015064486520841615,-0.050000000000000044,-0.15000000000000002,0.0,20
10.1007_s12110-005-1000-9,-0.20094397906224692,-0.700935330728848,0.43396196880101007,0.0009132563281600836,-0.062249937178274754,0.06509528659101124,0.0,0.0,0.0,20
10.1098_rspb.2008.1082,4.802821714510988,1.8783760150108157,7.5945510246935815,-0.09803910608207422,-0.23433161149260065,-0.0007995451814666336,-0.25,-0.6499999999999999,0.15124999999999889,20
10.1257_aer.100.1.420,1.1951873811848595,-0.34396256130386377,3.0724726351740554,-0.07131228614426366,-0.2488407123424601,0.038048867530734956,-0.050000000000000044,-0.15000000000000002,0.0,20
10.1098_rspb.2010.0065,2.1400534577403922,-0.2757977731448773,4.467597446150443,-0.18699365175747812,-0.3998629673016365,-0.010474862922936937,-0.2,-0.6,0.15000000000000002,20
10.1257_0895330027265,-0.5760807019719243,-2.2845388071448385,1.0451791625282014,-0.03110919391803668,-0.1320633694569832,0.06882924427990791,0.15000000000000002,-0.050000000000000044,0.35000000000000003,20
10.1098_rspb.2007.1517,-0.38684753098884084,-1.5077723393463955,0.6682692703143515,-0.0714103063665561,-0.20591425284709902,0.04959275538904107,0.09999999999999998,0.0,0.25,20
10.3389_fphy.2018.00107,0.414573598027153,-0.8830229558481216,2.012022281448042,-0.04613194173995483,-0.2003399284057372,0.07847103106495175,-0.050000000000000044,-0.15000000000000002,0.0,20
10.1038_srep00344,0.36413915179351086,-0.703329869671224,1.5156025313057382,-0.09719073425766889,-0.21574476803776374,-0.007489104724089045,-0.050000000000000044,-0.15000000000000002,0.0,20
10.1103_PhysRevE.84.046106,0.6780961616145316,-0.4845809066029636,2.239574852854467,-0.07678510080336787,-0.2396373901084445,0.025056403935734918,-0.050000000000000044,-0.15000000000000002,0.0,20
10.1038_nclimate1927,-0.3523750213936303,-2.4752535213230265,1.400069313515793,-0.009840651116789445,-0.11908808963327705,0.07629500217105344,0.04999999999999993,-0.25,0.35000000000000003,20
10.1073_pnas.1703857114,0.761904311898359,-1.6989279029520927,2.9303001664419592,-0.04839950200218257,-0.14102852414827577,0.03305444757080761,-0.09999999999999998,-0.49999999999999994,0.25,20
10.1016_j.jtbi.2013.02.008,0.0857263728983062,-1.0382645799811807,1.2032183562799648,-0.08570610182823812,-0.21960915518916507,0.004210532021862537,-0.050000000000000044,-0.15000000000000002,0.0,20
10.1111_j.1465-7295.2009.00268.x,0.15211653466090347,-0.8471152282475961,1.087097828304769,-0.05659009545562732,-0.16523724632428724,0.028314357869232348,-0.050000000000000044,-0.15000000000000002,0.0,20
10.1073_pnas.1120867109,0.2735733381816523,-0.9998637299185227,1.3997003898593172,-0.14679550290727783,-0.3318649090309017,-0.015176665698535546,-0.050000000000000044,-0.20000000000000007,0.09999999999999998,20
10.1073_pnas.0407370102,0.6891343758101325,-0.5429917746589744,2.291521136783092,-0.07788055818168937,-0.23657950443202794,0.03721655653718612,-0.050000000000000044,-0.15000000000000002,0.0,20
10.1162_jeea.2005.3.2-3.303,0.32303968636729685,-0.7787817267082496,1.736752471803575,-0.06892186481523488,-0.2218165997907451,0.0409428240211027,-0.050000000000000044,-0.15000000000000002,0.0,20
10.1111_j.1468-0297.2009.02288.x,0.7222984844473403,-0.5977425273522271,2.449882513159205,-0.0730683281360417,-0.2135655153886714,0.0330145905487096,-0.050000000000000044,-0.15000000000000002,0.0,20
10.1002_hbm.21298,0.5054791400930316,-0.9132753769336875,2.09033273566109,-0.1061322113162041,-0.2864590728458363,0.020787102745923398,-0.050000000000000044,-0.15000000000000002,0.0,20
10.1093_ei_cbi045,1.9404050278885032,-0.6536708864417822,4.216537848884701,-0.02680086624332212,-0.14683660707059318,0.05614135211777048,-0.25,-0.6499999999999999,0.19999999999999996,20
10.1103_PhysRevE.81.057104,-0.288098156764673,-1.903603473511438,1.1608585727802145,-0.05083950887040223,-0.19925859261211454,0.06361220443846428,-0.050000000000000044,-0.30000000000000004,0.19999999999999996,20
10.1016_j.jtbi.2008.09.015,0.04377310563096515,-1.3911169835114514,1.316251321319339,-0.06638470953792097,-0.2589778587902089,0.061865842855688934,-0.15000000000000002,-0.35000000000000003,0.05124999999999891,20
10.1073_pnas.1115219109,13.866876332845472,10.51266613439553,17.269623373185652,-0.22582753745383383,-0.7687949325987057,0.02105534324751047,-0.25,-0.65,0.19999999999999996,20
10.1523_jneurosci.2761-12.2013,0.7559835952259277,-0.6346620354283533,2.3116549925615164,-0.07851681918434072,-0.2560941954380463,0.04565189736283088,-0.050000000000000044,-0.15000000000000002,0.0,20
10.1037_a0019861,0.8014417524824378,-0.49069126249039224,2.4302789404058696,-0.0767871146986443,-0.2568166713129337,0.03719621288640012,-0.050000000000000044,-0.15000000000000002,0.0,20
10.1098_rspb.2012.0937,0.10426812995377066,-0.8240290544052288,1.0987411862458387,-0.09481506997920708,-0.2108949754848823,0.012579122764179747,0.0,-0.15000000000000002,0.15000000000000002,20
10.1371_journal.pcbi.1006347,1.0638501916978527,-0.5706451100604473,2.9413222784357957,-0.0986165560109934,-0.2727958498671508,0.03815136090659579,-0.050000000000000044,-0.15000000000000002,0.0,20
10.1073_pnas.0905918106,-0.10853092688845312,-1.394470956973738,1.1686156326017494,-0.06548730334685815,-0.22534746528303867,0.046366396211532615,-0.050000000000000044,-0.15000000000000002,0.0,20
10.1038_srep23919,1.5118505683319539,-0.013484635162662604,3.4596875067212394,-0.09266632888208615,-0.26327689315588343,0.011506338879380627,-0.050000000000000044,-0.15000000000000002,0.0,20
10.1098_rspb.2011.0805,3.1361058760072593,0.2743189159301658,5.8094533583093035,-0.0822826196354256,-0.20432345114308179,0.0034794040230904867,-0.25,-0.7,0.15124999999999883,20
10.1103_PhysRevE.95.052316,0.7464462886348144,-1.3025635463885512,2.6542032024916242,-0.044093377158105684,-0.1623591236372934,0.0765543307478841,-0.09999999999999998,-0.40124999999999994,0.3,20
10.1098_rspb.2010.1275,-0.6856932550439998,-2.2826099565547904,0.9031469392306044,0.031151555525580688,-0.03491803562682002,0.11353078393847854,0.09999999999999998,-0.15000000000000002,0.35,20
10.1073_pnas.1413170111,0.32689687162877235,-0.7705120661530365,1.5219083438525365,-0.09490504661189136,-0.2675675958248596,0.023924536425710678,-0.050000000000000044,-0.15000000000000002,0.0,20
10.1038_srep07843,0.3149310575443778,-0.9562995829712501,1.842839566042434,-0.07379395411715328,-0.23286511068129453,0.032678775947982845,-0.050000000000000044,-0.15000000000000002,0.0,20
10.1038_nature07184,0.8922485392756645,-0.3016620860294764,2.5816095969039314,-0.08505024815961726,-0.2300640990459712,0.014830421389198076,-0.050000000000000044,-0.15000000000000002,0.0,20
10.1093_restud_rdt022,-0.40498105894602876,-1.61384607309132,0.6703681428100444,-0.03465932345594802,-0.13337794425214458,0.05012644013617305,0.15000000000000002,-0.050000000000000044,0.3999999999999999,20
10.1111_j.1548-1433.2008.00024.x,0.6075507323356888,-0.5380266686836557,2.072080042499004,-0.06914649395639849,-0.21882196781747973,0.029615036895410347,-0.050000000000000044,-0.15000000000000002,0.0,20
10.1103_PhysRevE.91.042810,-0.6120452777403456,-2.0367589331947444,0.8630953637249867,-0.04432364436460612,-0.21614839629892657,0.13468927086216717,0.0,-0.25,0.25,20
10.1007_s10683-010-9266-0,0.4339172574849792,-1.234752679370272,1.9219575532818607,-0.09676131259318588,-0.25243156226865715,0.03737045035290555,-0.15000000000000002,-0.35,0.0,20
10.1023_b_Exec.0000040559.08652.51,0.44288105995046045,-1.4561036129940679,2.0969268403992665,-0.09220835319200071,-0.270432711074698,0.026018570050597364,-0.2,-0.5,0.09999999999999998,20
10.1111_j.1540-5907.2012.00596.x,2.60396345541933,-0.12852749408589756,5.022747172240856,-0.07793646798333942,-0.24157917797194153,0.03103016976770263,-0.25,-0.7,0.15124999999999889,20
10.1126_science.1178883,0.05011582945322424,-1.7422591999635044,1.7389015635637606,-0.06019734730627602,-0.21994754224381038,0.06292608570976924,-0.09999999999999998,-0.44999999999999996,0.24999999999999994,20
10.1046_j.1461-0248.2002.00358.x,0.5379538189661837,-0.3856034321018672,1.5918703632161197,-0.06363143740634736,-0.20169766345242962,0.023041896875282925,-0.050000000000000044,-0.15000000000000002,0.0,20
10.1038_s41467-020-17286-2,0.6318276309289557,-0.5839080839142403,2.1597508317545016,-0.0912587855821575,-0.256894396005868,0.015168258677910497,-0.050000000000000044,-0.15000000000000002,0.0,20
10.1086_588262,0.5270589085538102,-0.6678277915534965,2.019485709067711,-0.08522925098478651,-0.25786058415114793,0.019909689925315062,-0.050000000000000044,-0.15000000000000002,0.0,20
10.1086_518568,0.2899252426506038,-0.6463934133007362,1.3770903314305774,-0.059806919466515285,-0.17386676720077834,0.030282477355285123,-0.050000000000000044,-0.15000000000000002,0.0,20
10.1063_1.5051422,-0.15562195889505492,-1.1020150054738342,0.8990279552531151,-0.048719615314780196,-0.1692230225277678,0.04637533531204467,-0.050000000000000044,-0.15000000000000002,0.0,20
10.1098_rspb.2012.0615,0.2634646649759702,-0.9858181268399158,1.351136737758972,-0.09132284521285161,-0.2514733076525426,0.011107429445482028,-0.09999999999999998,-0.25,0.0,20
10.1038_srep00458,-0.31329413467544054,-2.635895918293505,1.6752154233401686,0.053548320247908565,-0.02809327927927403,0.15710411746446945,0.04999999999999993,-0.25,0.35000000000000003,20
10.1037_a0027026,0.4689511041751917,-0.9272052126368592,2.004248688591833,-0.1071498997557222,-0.278082977760555,0.013337703530201648,-0.050000000000000044,-0.15000000000000002,0.0,20
10.1038_srep46634,0.29274585166346156,-0.9550895512251956,1.7398035247400125,-0.07492882977562998,-0.22286018102976135,0.030759872224426263,-0.050000000000000044,-0.15000000000000002,0.0,20
10.1371_journal.pone.0045662,0.1947752594270229,-1.2931888348472649,1.789588730796202,-0.07109681691629666,-0.24525362586005314,0.06279684662787756,-0.050000000000000044,-0.15000000000000002,0.0,20
10.1257_aer.20120700,-0.014552350792730984,-1.4576144058696126,1.3888965168595417,-0.11421190166518513,-0.2905799445640377,0.0061476805317489435,-0.050000000000000044,-0.15000000000000002,0.0,20
10.1142_s0218202519500428,1.2392610349631363,-0.49713847161388863,3.0579465434073825,-0.08036023809126391,-0.2504942407485327,0.0395775367181293,-0.050000000000000044,-0.15000000000000002,0.0,20
10.1038_s41467-021-21602-9,0.4176938413197169,-0.9922612520471387,2.2956361548470667,-0.07126165063168166,-0.2411882570552785,0.06502037883089629,-0.050000000000000044,-0.15000000000000002,0.0,20
10.1038_s41562-017-0191-5,0.468927676316663,-1.0126044225795097,2.243126871051454,-0.12359489643782884,-0.309363635823341,0.0011523833214639781,-0.050000000000000044,-0.15000000000000002,0.0,20
10.1371_journal.pcbi.1003381,0.7116278926918422,-0.6127503250339408,2.335281842729253,-0.06871570426932705,-0.22045338421973917,0.05524463541871243,-0.050000000000000044,-0.15000000000000002,0.0,20
10.1038_ncomms4976,0.9809803997276454,-0.5170665603650063,2.7305855940135544,-0.07822270177574042,-0.2322334792478519,0.03354841666179789,-0.050000000000000044,-0.15000000000000002,0.0,20
10.1177_1043463103015002001,-0.5591290316402002,-1.2173095924214674,0.09177496931974667,0.01737514364597581,-0.033351771674056785,0.08609997091782304,0.04999999999999993,0.0,0.15000000000000002,20
10.1257_aer.98.2.494,0.4317559961677899,-0.5922027860967612,1.7768544669679562,-0.06277192919706354,-0.20244070401988684,0.024102579444758257,-0.050000000000000044,-0.15000000000000002,0.0,20
10.1007_s13280-019-01284-w,1.0034352910123037,-0.3141871270228824,2.6527142581340475,-0.08973431292624812,-0.2538136254675303,0.028203134742424397,-0.050000000000000044,-0.15000000000000002,0.0,20
10.1257_mic.6.2.247,-0.7837646816929924,-2.647609138715549,1.155141431483785,0.09785455236989105,-0.026015719831434858,0.2625455211576009,0.0,-0.30000000000000004,0.30000000000000004,20
10.1257_aer.100.1.448,0.2238184381610484,-0.918456955792828,1.598916787651748,-0.07531493139447631,-0.22282091631587914,0.034977476018463516,-0.050000000000000044,-0.19999999999999996,0.0,20
10.1073_pnas.1605115113,0.09244908963932819,-1.513387779137219,1.5386547118745142,-0.07250562210094247,-0.24659245442949343,0.03729904663387703,0.0,-0.1499999999999999,0.15000000000000002,20
10.1038_srep11027,0.7284193568237134,-0.6537903139333087,2.3864431285721652,-0.09772482706584751,-0.279352805626756,0.015336287341042979,-0.050000000000000044,-0.15000000000000002,0.0,20
10.1257_aer.102.7.3317,0.8814478406179314,-0.3717802145025698,2.0969620617021736,-0.14303165093946169,-0.3524734752318384,0.03691980879100977,-0.15000000000000002,-0.4,0.09999999999999998,20
10.1257_aer.99.3.979,4.322837830399968,1.2288673621737691,7.023449871440248,-0.1946532645783246,-0.45983014378809395,0.09053827675072537,-0.2,-0.6000000000000001,0.2,20
10.1111_j.1465-7295.2007.00028.x,1.929124664602253,-0.7759623927883328,4.377427969375896,-0.09057582187087665,-0.2674465682477072,0.02569674976368834,-0.25,-0.6499999999999999,0.14999999999999997,20
10.1086_682418,0.5711251855473813,-0.7579956236782822,2.257431788471838,-0.09343361205020151,-0.26004536801225325,0.017735186872312052,-0.050000000000000044,-0.15000000000000002,0.0,20
10.1111_j.1467-9779.2008.00357.x,0.39602139472443554,-0.548766651873462,1.5247745484230324,-0.04280708012880907,-0.16177877218549566,0.04584072245480164,-0.050000000000000044,-0.15000000000000002,0.0,20
10.1073_pnas.1315273111,0.2761914179852196,-1.809112166288482,2.44400042697187,-0.11790472725271794,-0.3110635526161091,-0.0026115849849406895,-0.09999999999999998,-0.30124999999999996,0.09999999999999998,20
10.1073_pnas.0908855106,1.5660833019681322,-0.1691538374888058,3.4893348763721885,-0.09453380262546196,-0.26458252466237603,0.027903610049232842,-0.050000000000000044,-0.15000000000000002,0.0,20
10.1007_s11284-006-0162-1,-0.13936167021569723,-0.830138509769327,0.5436572407868179,-0.03348434057476257,-0.12439353200799953,0.03921858308296566,0.0,0.0,0.0,20
10.1038_ncomms6306,0.3924280205049975,-0.9584804943574498,1.6809159949423886,-0.08921295952619612,-0.2952338510098156,0.04362470424645647,-0.09999999999999998,-0.25,0.0,20
10.1093_scan_nst023,1.0147368881977794,-0.34153067179703456,2.59951888387355,-0.10618033484230394,-0.29251235127179853,0.010740812342736942,-0.050000000000000044,-0.15000000000000002,0.0,20
10.5751_es-05598-180302,0.4430857745717045,-1.1674466152799543,1.8710797066686875,-0.09408427894526628,-0.27763330699017447,0.018401081193454467,-0.09999999999999998,-0.35000000000000003,0.19999999999999996,20
10.1007_s12110-012-9148-6,-0.8949334067441983,-1.7639343806402565,-0.12177101048956683,0.019215998246472688,-0.059551938400196604,0.1192759908565962,0.09999999999999998,-0.09999999999999998,0.30000000000000004,20
10.1073_pnas.93.23.13421,0.6096043086019902,-0.539897313472689,2.0510262663635297,-0.08610286078487328,-0.2500233194989663,0.013580226520213162,-0.050000000000000044,-0.15000000000000002,0.0,20
10.1007_s11031-014-9395-4,0.7193204158314748,-0.4982702822008593,1.9823860687826784,-0.06165356716396464,-0.2205699268419336,0.04740952980674383,-0.050000000000000044,-0.15000000000000002,0.0,20
10.1007_s00199-005-0633-6,-0.4830164203529428,-2.0696285600143973,1.0013214893038684,-0.028235052878542444,-0.12038175703627094,0.04469441061434863,0.15000000000000002,0.0,0.30000000000000004,20
10.1111_j.1740-1461.2010.01197.x,3.4623218473353665,1.2907490229876257,5.669556109324033,-0.0790494019185789,-0.22152704550929078,0.04375228796985552,-0.050000000000000044,-0.15000000000000002,0.0,20
10.1016_j.jtbi.2005.01.006,-1.2217026088681715,-2.405796849209145,-0.25419986373015074,0.029118569336257227,-0.0521584322633212,0.11655080139307433,0.15000000000000002,0.0,0.30000000000000004,20
10.1177_0022002708322361,0.00672005293596456,-1.6366725996245002,1.5116960670343376,-0.11072298433127048,-0.3264030867510225,0.01620795212660186,-0.050000000000000044,-0.15000000000000002,0.0,20
10.1111_evo.12637,-0.1532378644240282,-1.313166137075263,0.9045130689141211,-0.051562037138040306,-0.19529608151096434,0.059775800535002,-0.050000000000000044,-0.20000000000000007,0.10000000000000003,20
10.1007_s10683-015-9466-8,0.11230615076393669,-0.8430713778756609,1.0917525339546164,-0.05921151156897697,-0.16119582193569088,0.029065853926863255,0.0,0.0,0.0,20
10.1038_srep06025,0.7703573439871425,-0.5078643808137812,2.332471894094325,-0.07207886256522722,-0.22671464924202833,0.03533279574087376,-0.050000000000000044,-0.15000000000000002,0.0,20
10.1073_pnas.1215443110,-0.06362580110447968,-1.779634176819592,1.5543386980397491,-0.08319795976209243,-0.24670167355837064,0.012373299077927785,0.04999999999999993,-0.15000000000000002,0.25,20
10.1038_srep17050,2.401955114749687,-0.34159927521835587,4.865254550563909,-0.2585350106058386,-0.4728570393240494,-0.04630033325782423,-0.35000000000000003,-0.65,0.04999999999999999,20
10.1073_pnas.1320451111,9.423723479827629,6.473278418584667,12.44426139949632,-0.06835676348724995,-0.217640482701331,0.0459396529877369,-0.25,-0.6499999999999999,0.19999999999999996,20
10.1098_rspb.2011.0252,-0.980602499084009,-2.773403429166723,0.801743595949905,0.1051260914975245,-0.02348306423303712,0.29436511593526365,-0.09999999999999998,-0.4,0.20000000000000007,20
10.1002_hbm.22316,0.7451244213622434,-0.494362709833248,2.3315125302450777,-0.1071974128906319,-0.2812787632518822,0.006617955742532004,-0.050000000000000044,-0.15000000000000002,0.0,20
10.1111_j.1749-6632.2009.04733.x,0.4888201337043432,-0.8213049699482058,2.1636954181498114,-0.07252327979781714,-0.2396614782690103,0.05272649161548634,-0.050000000000000044,-0.15000000000000002,0.0,20
10.1038_s41559-020-01384-x,0.4504783309556757,-0.5373482663027294,1.669384072195585,-0.05640218686514109,-0.17846931031795388,0.031754911657035846,-0.050000000000000044,-0.15000000000000002,0.0,20
10.3389_fnbeh.2014.00248,0.26159590338200633,-0.8199018003270216,1.70029222092268,-0.06394983793795816,-0.2068909972382997,0.043077405788147914,-0.050000000000000044,-0.15000000000000002,0.0,20
10.1371_journal.pone.0064941,-0.7100457909011411,-1.9771409847697303,0.45406017128064086,-0.0012104644568635692,-0.0656631924235475,0.06516246514175353,0.09999999999999998,-0.09999999999999998,0.30000000000000004,20
10.1111_j.1468-0297.2011.02476.x,0.09782038501043822,-1.4680718027511512,1.5054719520745392,-0.08460821679430719,-0.2503666705883764,0.04334044052988366,-0.050000000000000044,-0.15000000000000002,0.0,20
10.1086_683024,0.91813451833168,-0.39197237879264285,2.586957589975253,-0.07709983160731249,-0.2406597351170558,0.0345978853421365,-0.050000000000000044,-0.15000000000000002,0.0,20
10.1098_rspb.2012.2043,0.6201727504040004,-0.5609267809701618,2.1692278307441195,-0.06737074940555265,-0.20584365667746377,0.03685475208735379,-0.050000000000000044,-0.15000000000000002,0.0,20
10.1111_j.1465-7295.2010.00344.x,0.23628311914829592,-0.9056810686693829,1.4432589421419264,-0.06807454511977273,-0.19690518586636135,0.0338727127832056,-0.050000000000000044,-0.15000000000000002,0.0,20
10.1126_science.1202599,0.4117753470066754,-1.797363872930066,2.2371424485103835,-0.08753785808994607,-0.27035211625263816,0.028797488489904193,-0.15000000000000002,-0.45000000000000007,0.19999999999999996,20
10.1111_j.1467-9779.2010.01472.x,0.03679846396375375,-1.5928191261963542,1.3656870823797682,-0.09001071052366161,-0.24809894439766716,0.011533351734153175,-0.050000000000000044,-0.15000000000000002,0.0,20
10.1007_s00191-004-0212-1,0.6592404201482083,-0.6497697094331274,2.481298580290319,-0.07181532293332749,-0.2488404484488687,0.050400474914682664,-0.050000000000000044,-0.15000000000000002,0.0,20
10.1038_srep08917,0.4586980701246892,-0.7457599708696554,1.8498625935459376,-0.07785815924409512,-0.3009834079474597,0.09426728419569824,-0.15000000000000002,-0.39999999999999997,0.09999999999999998,20
10.1098_rsbl.2012.0470,0.6722249956752169,-0.386300715947509,2.184343289278098,-0.08415680336581688,-0.2553234341352874,0.013687452720050406,-0.050000000000000044,-0.15000000000000002,0.0,20
10.1177_0037549711406912,0.17192778929321673,-1.146547080314653,1.4061176131178608,-0.08850287013302627,-0.2360161340505927,0.0043918237666277496,0.0,-0.15000000000000002,0.14999999999999997,20
10.1007_s10645-008-9094-1,-0.04571313458690884,-1.9476193427570483,1.3530774081148362,-0.09510152395016358,-0.2960288419806011,0.049489136019997104,-0.050000000000000044,-0.25,0.1499999999999999,20
10.1038_s41562-017-0138,12.621501545401419,9.961103709805842,14.929246675563983,-0.03773988364108816,-0.2336407643142872,0.10299083028667817,-0.050000000000000044,-0.15000000000000002,0.0,20
10.1038_srep10639,-0.194651303507964,-2.2212563431010532,1.618774811122219,-0.03704602674404556,-0.13643059797419485,0.0664522520816872,0.0,-0.35,0.3012499999999989,20
10.1038_srep01735,0.9623535605516809,-1.2054198407128434,3.1482051163224263,-0.04602474171103421,-0.20280973913124256,0.13098234720149798,-0.15000000000000002,-0.5,0.24999999999999994,20
10.1007_s12110-003-1003-3,-0.7357366759419905,-1.920921265550491,0.21921170940771814,-0.005648597774757791,-0.08974166030153352,0.06141338844124411,0.04999999999999993,-0.10000000000000009,0.24999999999999994,20
10.1038_s41598-019-52524-8,0.9063653460004906,-1.7749837792363732,3.1824473037394445,-0.09663213880186439,-0.2647192748554622,0.012994578879802906,-0.09999999999999998,-0.5,0.25,20
10.1038_ncomms13327,-0.0012796587041625784,-1.3192002536947727,1.2700480790503308,-0.06668093778251483,-0.2048848181756657,0.034457182795810164,-0.050000000000000044,-0.15000000000000002,0.0,20
10.1103_PhysRevE.91.022121,0.7721826889807026,-1.6441055584772115,2.886666377817667,-0.08607249971733111,-0.23586865202304627,0.022927238699526304,-0.15000000000000002,-0.55,0.24999999999999994,20
10.1007_s10683-011-9281-9,0.9173322565510871,-0.3489152745816274,2.411618057423457,-0.049226955640044645,-0.207093233641101,0.0626146688699992,-0.050000000000000044,-0.15000000000000002,0.0,20
10.1073_pnas.0712173105,-0.09612377382521853,-1.194841328697656,1.0230049344862588,-0.06017248585894108,-0.19660881652285,0.03607510131535537,-0.050000000000000044,-0.15000000000000002,0.0,20
10.1111_j.1542-4774.2011.01059.x,0.7130199157750798,-1.489304153016883,2.569757283659317,-0.08124934753817092,-0.23523830542417384,0.024745734915353836,-0.25,-0.6000000000000001,0.15000000000000002,20
10.1086_595622,0.2546508831089156,-1.114753933396816,1.6391811182362481,-0.09631653328962309,-0.2844201102638481,0.037061659821301815,-0.09999999999999998,-0.25,0.0,20
10.1007_s12110-017-9298-7,0.37119512818901246,-0.9667905670179675,1.9025960237120105,-0.06648655694980765,-0.24047393937421702,0.05625707357280345,-0.050000000000000044,-0.15000000000000002,0.0,20
10.1007_s10683-014-9405-0,-0.08487139597138693,-1.759262580712652,1.4958254019133626,-0.0904315195260681,-0.22804514417755428,0.043960863097715464,0.0,-0.25,0.25,20
10.1007_s10683-014-9393-0,0.7664302095547004,-1.7062425078132586,2.8139727607501417,-0.09315301863189285,-0.24598623040435547,0.0180153866157665,-0.15000000000000002,-0.55,0.24999999999999994,20
10.1098_rspb.2008.1623,0.6223679665589819,-0.6201684392612306,2.2488853386972134,-0.05747332842047426,-0.20421916879466648,0.06132078387818996,-0.050000000000000044,-0.15000000000000002,0.0,20
10.1073_pnas.1604989113,0.9091945618140498,-0.30266080221658226,2.4091547463806022,-0.08744542670004685,-0.23149824727683277,0.026983688845736927,-0.050000000000000044,-0.15000000000000002,0.0,20
10.1007_s10683-013-9367-7,-0.18598695462664327,-1.4496475437408953,0.9848849982350661,-0.06268419418905136,-0.19196624350603297,0.05959868295223773,0.04999999999999993,-0.10000000000000009,0.25,20
10.1007_s00406-013-0392-5,2.1046596515492757,-0.14970968347653607,4.1177445444242995,-0.03548412383456123,-0.1991036918089873,0.09189516964019982,-0.050000000000000044,-0.15000000000000002,0.0,20
10.1073_pnas.1108996108,0.2920679261860073,-1.2554764700664136,1.8091716389948698,-0.10982084856625529,-0.29177626706939486,0.017138952356294094,-0.050000000000000044,-0.15000000000000002,0.0,20
10.1098_rstb.2009.0116,0.07513595114364513,-0.8804468905289162,1.157728045584304,-0.061335153453525026,-0.17298018820774458,0.023660016664258526,-0.050000000000000044,-0.15000000000000002,0.0,20
10.1038_srep02695,0.7154089697358215,-0.479008458791655,2.1149022756381792,-0.0887052635535428,-0.2503484880977551,0.015971494837665495,-0.050000000000000044,-0.15000000000000002,0.0,20
10.1007_978-3-540-85436-4_10,0.5844815165921169,-0.6106966959280841,2.052633503920994,-0.07592836128481717,-0.2060025038075008,0.01970600349085144,-0.050000000000000044,-0.15000000000000002,0.0,20
10.1177_0022002703258795,0.6674599633245553,-0.5649278976209774,2.199482821164095,-0.08065460025806515,-0.23960489543425134,0.03560736486340364,-0.050000000000000044,-0.15000000000000002,0.0,20
10.1038_s41467-017-00731-0,6.398206084521974,3.6891123507952455,8.526939312503591,-0.07824186132221189,-0.21450868502392226,0.03151456356693004,-0.050000000000000044,-0.15000000000000002,0.0,20
10.1038_srep21104,-0.7090829207138336,-1.6123169298758042,0.15484781928318112,-0.031460574443786915,-0.12327815834705412,0.07018692216697191,0.04999999999999993,-0.09999999999999998,0.20000000000000007,20
10.1007_s10058-012-0120-z,-1.1547564862701165,-2.1305834323796518,-0.3593886793488724,0.0009362393458423046,-0.06832398293131905,0.11040087188482584,0.09999999999999998,0.0,0.25,20
10.1111_j.1468-0351.2005.00228.x,-0.4284041557160103,-1.289045096202315,0.3961932973378782,-0.04509513007188137,-0.12125085608401923,0.036303825138002135,0.04999999999999993,0.0,0.15000000000000002,20
10.1038_srep06421,1.3407715750284703,-1.0905305989510858,3.5804003179943344,-0.12512072644195593,-0.3313902646990553,0.016277289662860083,-0.09999999999999998,-0.45,0.25,20
10.1371_journal.pone.0076063,0.7236605324286725,-0.7076296918826764,2.3562319908064704,-0.07334450254803848,-0.2243577366782466,0.03612473355805682,-0.050000000000000044,-0.15000000000000002,0.0,20
10.1007_s10584-010-0014-4,0.7032580764326619,-0.6197439312009905,2.4415847585702397,-0.08906475554623494,-0.2576851606871377,0.026106316841819528,-0.050000000000000044,-0.15000000000000002,0.0,20
10.1038_srep20767,0.4009200222597631,-1.4565622186775184,2.07917063570636,-0.05388702638782106,-0.18895788462986576,0.028947724473766177,-0.09999999999999998,-0.44999999999999996,0.20124999999999893,20
10.1111_j.1467-6419.2009.00594.x,-0.07213792465235613,-1.3411550873843445,1.0104307851462482,-0.07013349277725889,-0.21984345985810252,0.027777801335563426,-0.050000000000000044,-0.15000000000000002,0.0,20
10.1038_s41598-017-16140-8,2.535202051089601,-0.39008567442010733,4.861141099596182,-0.1680682073667069,-0.37379367964321875,0.011238827278253049,-0.15000000000000002,-0.55,0.24999999999999994,20
10.1093_restud_rdv040,1.3861078315260427,0.0036511267705338865,2.7976855856442904,-0.0973705683011058,-0.2615981283319028,0.019300487920032326,-0.050000000000000044,-0.15000000000000002,0.0,20
10.1371_journal.pone.0064677,0.056987111947274016,-1.5073321129773656,1.550311392116208,-0.08460218034122913,-0.25691685279186316,0.04504600411614547,-0.050000000000000044,-0.20000000000000007,0.10000000000000003,20
10.1093_restud_rds016,-0.13438743419439358,-1.3956993980028483,1.2113534272826936,-0.11288286841709227,-0.2148014771493915,-0.0014995719105732235,0.04999999999999993,-0.09999999999999998,0.20124999999999893,20
10.1177_1368430208098783,0.12608772733922002,-1.218038131139534,1.6535937101206504,-0.09482624251578153,-0.2691200556913254,0.040948088128072276,-0.050000000000000044,-0.15000000000000002,0.0,20
10.1007_s11071-020-05965-0,-1.029896705344088,-3.047355889825019,0.742258991074337,-0.00928361108618092,-0.10861483992076444,0.10417956392634536,0.04999999999999993,-0.19999999999999996,0.30000000000000004,20
10.1126_sciadv.aau7296,3.8676721494556157,1.5657368569608598,6.233978264430872,-0.060621898481860725,-0.240692075377404,0.06649152105142829,-0.050000000000000044,-0.15000000000000002,0.0,20
10.1073_pnas.1608990113,0.09636615211367072,-1.302885415228531,1.5763100844495745,-0.0901900264294333,-0.25403717120381814,0.029068454466712575,0.0,-0.15000000000000002,0.15000000000000002,20
10.1093_bjps_axu024,0.6428926083999249,-0.5137050413953388,2.0837857977441083,-0.0840483479887052,-0.23857742482732244,0.0200379477377741,-0.050000000000000044,-0.15000000000000002,0.0,20
10.1371_journal.pone.0125193,0.7346476219449372,-0.4975376371630344,2.4211116574095275,-0.09105706534109426,-0.25193169431841245,0.020414758632694357,-0.050000000000000044,-0.15000000000000002,0.0,20
10.1111_evo.12108,-0.03521035505311598,-2.1478512294115184,2.052907084590339,0.07296035261916178,-0.05546222680877182,0.2502349759225744,0.0,-0.35,0.30000000000000004,20
10.1111_j.1439-0310.2011.01882.x,0.2540335092320287,-0.5355683108159912,1.0899968270285458,-0.0559058453009027,-0.16971609363979395,0.02554732910174548,-0.050000000000000044,-0.15000000000000002,0.0,20
10.4284_sej.2010.76.3.638,0.272207911914629,-1.778188295537074,2.098990196861989,-0.08962203371452471,-0.25323165861776437,0.02076146234031855,-0.050000000000000044,-0.39999999999999997,0.25,20
10.1177_1043463107075110,0.410803337574114,-0.7675340140169591,1.9761423679980137,-0.10085198917855942,-0.276324609800665,0.007726628005406808,-0.050000000000000044,-0.15000000000000002,0.0,20
10.1257_aer.p20171090,0.21973318373112338,-0.6846711197819868,1.3664166894864318,-0.03959216042548108,-0.15502481428615295,0.0527040300766971,-0.050000000000000044,-0.15000000000000002,0.0,20
10.1098_rspb.2011.0690,-1.1761599528045394,-2.5118942041912087,0.11652765462520387,0.0740310313065391,-0.03852236722647932,0.23586054297245035,0.09999999999999998,-0.15000000000000002,0.35,20
10.1098_rsif.2011.0063,0.11915763319250594,-0.8977469182087844,1.0717369361469125,-0.09018526465663335,-0.25284245032052666,0.013212199825912905,-0.050000000000000044,-0.15000000000000002,0.0,20
10.1111_j.1467-9779.2011.01515.x,0.4135173722604879,-1.8435132309068205,2.3696510910006237,-0.04914436414970136,-0.2278910262511212,0.05650360989511381,-0.15000000000000002,-0.5,0.24999999999999994,20
10.1023_a_1023952115422,0.245006206885801,-1.192456502625445,1.842607736355386,-0.08327850942536641,-0.258886637067775,0.04482834648057382,-0.050000000000000044,-0.19999999999999996,0.0,20
10.1073_pnas.1900078116,1.852904620906469,0.17594548476851973,3.459174204765553,-0.11132404757600589,-0.26157558645168794,-0.007726302623332563,-0.050000000000000044,-0.15000000000000002,0.0,20
10.1073_pnas.1718309115,0.5665707798757156,-0.7080277326277461,2.068066168583495,-0.09150638718607995,-0.2514470434483827,0.023007203026908753,-0.050000000000000044,-0.15000000000000002,0.0,20
10.1038_srep17752,3.521133180813096,0.24418237657101352,6.570280356151808,-0.1356445264912831,-0.3865410362395907,0.0657783107200675,-0.25,-0.6000000000000001,0.15000000000000002,20
10.1086_681231,-0.2873680488857664,-1.530769603713061,1.0461595583634051,-0.0376375083186935,-0.1386391539219483,0.07174930036308283,0.0,-0.29999999999999993,0.29999999999999993,20
10.1007_s10539-012-9317-3,0.28063234088812905,-0.401375944706801,1.068209860265557,-0.030413927815887476,-0.11848529817774484,0.03515414211872021,-0.050000000000000044,-0.15000000000000002,0.0,20
10.1098_rspb.2010.2342,0.8777187031593314,-0.2614676071778641,2.0819954936045266,-0.0677283754704473,-0.22256421525621864,0.03384749440675465,-0.050000000000000044,-0.15000000000000002,0.0,20
10.1155_2021_6693597,2.473990700514457,-0.6381527479943981,4.900179404829716,-0.11371202572843364,-0.2885050919138354,-0.008445695141384607,-0.25,-0.6499999999999999,0.19999999999999996,20
10.1257_aer.20130768,0.4709080376481687,-0.8723227457272135,2.0871334215170854,-0.08401917161082217,-0.2470785825124568,0.0329044613475195,-0.050000000000000044,-0.15000000000000002,0.0,20
10.1038_ncomms12288,1.3142294336298397,-0.26688328240379133,3.145539857094039,-0.08539610495618022,-0.2628123886967383,0.029332691788895793,-0.050000000000000044,-0.15000000000000002,0.0,20
10.1111_ele.12178,-0.7298482802311259,-1.8541212387902206,0.3602547197689198,-0.06229866639105519,-0.19061470501588024,0.04376775208460077,0.04999999999999993,-0.09999999999999998,0.24999999999999994,20
10.1080_15534510.2012.729493,-0.8961087283274765,-2.308032539218883,0.4200640890178804,0.020909680942673092,-0.08901543891124296,0.15153221409548812,0.09999999999999998,-0.09999999999999998,0.30000000000000004,20
10.1371_journal.pone.0012530,1.7170408558062134,0.3611580788447145,3.431875768328294,-0.10908468718486164,-0.26038821914800336,-0.009467681385435748,-0.050000000000000044,-0.15000000000000002,0.0,20
10.1007_s00191-009-0162-8,0.7774302957768668,-1.5868382378510917,2.9018865173059285,-0.07267557770001143,-0.2550209002920243,0.06584293500728976,-0.15000000000000002,-0.5,0.19999999999999996,20
10.1007_s10683-019-09629-8,-1.0385677624208212,-2.119660593923004,-0.21325246342294873,0.00892352923861539,-0.09710097918153746,0.12428823173393283,0.09999999999999998,-0.09999999999999998,0.30000000000000004,20
10.1038_srep10321,-0.3188669281089185,-1.5783684763532588,1.1274512032314048,-0.05027038800998507,-0.22751317779473537,0.0828651418823427,0.0,-0.25,0.25,20
10.1016_j.jtbi.2014.10.037,3.107478763665628,0.9700826758656754,5.001467932553776,-0.09949276640196592,-0.2319002823897751,0.014980679693676039,-0.050000000000000044,-0.15000000000000002,0.0,20
10.1002_bdm.1810,0.8972437274625573,-0.3452415383994042,2.501102568214244,-0.0997972672660612,-0.26340744119780357,0.010993605503025746,-0.050000000000000044,-0.15000000000000002,0.0,20
10.1007_s13235-010-0001-4,0.7555732598036657,-0.43350659897335825,2.187582646824677,-0.07661280817220928,-0.22621156243056229,0.037121152049972884,-0.050000000000000044,-0.15000000000000002,0.0,20
10.1007_s10683-005-0869-9,-0.13818557590379577,-0.6278425246220796,0.42152440624693666,-0.005311278837782374,-0.07209102070677616,0.05053674046963885,0.0,0.0,0.0,20
10.1371_journal.pone.0044747,0.9115417129556684,-0.4091182444918662,2.413817266480554,-0.08539431587293878,-0.25738520771227236,0.044843046001157565,-0.050000000000000044,-0.15000000000000002,0.0,20
10.4284_0038-4038-2012.067,3.814678606077446,0.7400833576285706,6.553935431185804,-0.1282681795374715,-0.26878434516400657,-0.01976063346981235,-0.25,-0.65125,0.19999999999999996,20
10.1007_s12110-009-9072-6,-0.08898941183621467,-1.242102402896406,1.0075043270588318,-0.060575024288447854,-0.1781812744521092,0.02490290002395564,-0.050000000000000044,-0.15000000000000002,0.0,20
10.1007_s10640-006-9046-7,0.12576809170139835,-1.2073253334833112,1.418125334812496,-0.11472440342141177,-0.2602684247236129,-0.014873334131935412,-0.15000000000000002,-0.4,0.10000000000000003,20
10.1038_s41562-019-0707-2,-0.5487658592339981,-2.347210284798058,1.0115611096119093,-0.019173277135156486,-0.11952459828751653,0.04610066593284917,-0.050000000000000044,-0.30000000000000004,0.19999999999999996,20
10.3389_fpsyg.2019.01374,0.5908200203909466,-0.5285271617429418,2.119437658855105,-0.0993956145571967,-0.2688465490568648,0.010724775273013801,-0.050000000000000044,-0.15000000000000002,0.0,20
10.1017_s0033291717003075,1.1933109283502539,-0.52002955463602,3.1228783928563133,-0.06053169438789463,-0.2208418965061625,0.06464111991203088,-0.050000000000000044,-0.15000000000000002,0.0,20
10.1038_s41467-018-04775-8,-0.5936670324515667,-1.6074721881188887,0.3473568741438765,-0.0408099344723164,-0.1017458134206382,0.028377381093201457,0.04999999999999993,0.0,0.15000000000000002,20
10.1371_journal.pcbi.1004232,0.9979572610458964,-0.6768670544172972,2.642105529983203,-0.0488390751820349,-0.204643033586178,0.08280520375597714,-0.050000000000000044,-0.15000000000000002,0.0,20
10.1371_journal.pone.0085531,-0.03840743845677519,-1.1863251207921905,1.127345548506479,-0.11670300892154373,-0.2636341489523725,-0.0003844526782413934,-0.2,-0.4,-0.04999999999999999,20
10.1086_381411,0.5650597648619433,-1.6498619485196773,2.628881664463307,-0.10348186423669392,-0.2206304518279193,0.006655943328562039,-0.15000000000000002,-0.49999999999999994,0.20000000000000007,20
10.1086_690066,-0.32381603062578,-1.17989036696247,0.5142565921879588,-0.03783862879486899,-0.1230551583978204,0.03417866397732569,0.0,0.0,0.0,20
10.1155_2017_1676045,0.21897515773309895,-1.9397626902300946,2.221893337942457,-0.03749860163853369,-0.1691498271986577,0.0719412251930308,-0.050000000000000044,-0.4,0.3,20
10.1142_s0218202515400163,-0.582257417738913,-1.6655180513361532,0.3619706686332,-0.04388530087373288,-0.1608784487437529,0.07610350694989385,0.04999999999999993,-0.15000000000000002,0.25124999999999886,20
10.1111_jssr.12045,0.6902914030852392,-0.6945086943063009,2.2616728580797507,-0.07985758436420742,-0.25652262639196916,0.03693601532559755,-0.050000000000000044,-0.15000000000000002,0.0,20
10.1103_PhysRevE.80.066101,0.8349802667514208,-0.5291371464188601,2.3924432009342937,-0.0695961987649214,-0.21083353305054645,0.037376708663241894,-0.050000000000000044,-0.15000000000000002,0.0,20
10.1016_j.jtbi.2008.09.004,2.2253071090214602,-0.459255849391671,4.742882452797954,-0.26838666257560706,-0.4663591580839689,-0.030858028259507737,-0.2,-0.55,0.15124999999999889,20
10.1038_s41467-020-15661-7,0.8113889063428132,-1.8261145166250297,2.8749239188027635,-0.08450818615570466,-0.26339241524371804,0.03073592443254169,-0.15000000000000002,-0.55,0.25,20
10.1371_journal.pone.0155773,-0.06981463397016441,-1.3101725432080773,1.1831903277528297,-0.055858350359305864,-0.2401294221908298,0.0623867666361671,0.04999999999999993,-0.09999999999999998,0.20000000000000007,20
10.1007_s00182-014-0419-9,-0.7769461652746186,-1.3711377802998228,-0.1579816226999793,0.02698626828888806,-0.029626893192767612,0.11264813943702004,0.0,0.0,0.0,20
10.1371_journal.pone.0117183,0.4367613568591038,-0.7367142477315801,1.9363030290987884,-0.09394235856419919,-0.25190228637400486,0.013669278488192299,-0.050000000000000044,-0.15000000000000002,0.0,20
10.1111_ajps.12139,0.5227753348928976,-0.6572830628612101,1.9960196425822117,-0.07046524465627624,-0.22215791649640199,0.02031520859911083,-0.050000000000000044,-0.15000000000000002,0.0,20
10.1371_journal.pone.0068423,1.261314463174342,-1.2523548667264548,3.493470440928598,-0.10451811855446913,-0.27454035789889636,-0.002542244022236455,-0.2,-0.55125,0.2,20
10.1016_j.neuroimage.2019.06.047,0.6518184740787758,-0.5996317109007564,2.091906389970428,-0.05712119269960447,-0.20950853223389448,0.04492824462785228,-0.050000000000000044,-0.15000000000000002,0.0,20
10.1111_oik.02064,-0.4362938781687866,-1.120430531114519,0.2348532137940846,-0.010901873356778724,-0.08015416934479631,0.061143059333059704,0.0,0.0,0.0,20
10.1007_s10683-011-9292-6,0.6770274500446583,-0.7077030202043333,2.3665055195328897,-0.052515621191696726,-0.2232190650186001,0.06725494269451009,-0.050000000000000044,-0.15000000000000002,0.0,20
10.1007_s11427-010-4016-2,-0.9200287465090007,-2.1738418249456437,0.11814274805562057,0.005633831052258342,-0.0645380825562649,0.08970015252591777,0.15000000000000002,0.0,0.30000000000000004,20
10.1371_journal.pone.0244592,1.0216691323296319,-0.3522337558495984,2.628618936368067,-0.07108012983880518,-0.22716084242283957,0.030198817745584958,-0.050000000000000044,-0.15000000000000002,0.0,20
10.1038_srep28809,2.2064084589642023,-0.7633626273605473,4.703808931133683,-0.07961665195700007,-0.19896242032270936,0.01682118158052292,-0.25,-0.6000000000000001,0.14999999999999997,20
10.1103_PhysRevE.91.062804,-0.4892985282140545,-1.810777517145892,0.8816671607781653,-0.047795646686220716,-0.19993977631558185,0.10639380377809188,0.0,-0.25,0.25,20
10.1111_spc3.12581,0.31517047219634886,-1.6067025605305765,2.0948669915071947,-0.036875836037394194,-0.1707182529824592,0.0784619579477435,-0.09999999999999998,-0.45000000000000007,0.29999999999999993,20
10.1038_s41598-019-44725-y,0.32047823437794865,-0.9954946454569841,1.7214724802937524,-0.1160382487031777,-0.2616971928591162,-0.012358057064742859,-0.050000000000000044,-0.15000000000000002,0.0,20
10.1038_s41598-017-18727-7,-0.41173737530492627,-1.4539291879114562,0.8396056878637672,-0.04473448268143476,-0.1659468422189667,0.049639053969614474,-0.050000000000000044,-0.15000000000000002,0.0,20
10.1038_s41598-017-13918-8,-0.224121581757192,-0.847438046712608,0.40437740074314804,-0.04523270492415121,-0.14881522910196163,0.009761445723649636,0.0,0.0,0.0,20
10.1371_journal.pone.0110045,-0.016228220755673206,-1.1562831859115148,1.3241127172424527,-0.06392797432063702,-0.22082424045952612,0.04039856842520508,-0.050000000000000044,-0.15000000000000002,0.0,20
10.1007_s10339-011-0421-0,-0.3386527080210602,-0.9993100349327424,0.3641399983382778,-0.022667331428804283,-0.11259200039215697,0.0517916121240434,0.0,0.0,0.0,20
10.1103_PhysRevE.84.066115,-0.05474341394416449,-2.222188763622519,1.7745780412445977,-0.02984347425853673,-0.15186386186937123,0.0735075265229362,-0.050000000000000044,-0.35,0.25,20
10.1017_ehs.2020.58,-0.00549412068276478,-0.9217352841627019,0.9169693347485699,-0.03084859182007227,-0.14630080803466836,0.05539692448849288,-0.050000000000000044,-0.15000000000000002,0.0,20
10.1038_srep38349,1.8942548179262326,-0.6891543341418567,4.274728366259444,0.01922340392198607,-0.06884744946068873,0.12014142284714063,-0.09999999999999998,-0.5,0.3,20
10.1007_s10683-013-9360-1,0.6999106671529551,-0.8104127066122553,2.4402631091298037,-0.08115398001759855,-0.2665078541399773,0.03955616507630722,-0.050000000000000044,-0.15000000000000002,0.0,20
10.1257_mic.5.2.213,0.048933742676711134,-1.8207231519953426,1.7806544554322938,-0.08987511888392752,-0.20990085008039341,0.01325554318470192,-0.15000000000000002,-0.44999999999999996,0.14999999999999997,20
10.1111_j.1465-7295.2011.00422.x,1.8239205638735578,-0.8500587697377985,4.209591881066554,-0.11519973635044412,-0.3112887073040136,0.01576711457880486,-0.15000000000000002,-0.55,0.25,20
10.1007_s11211-012-0157-8,0.6817941674448953,-0.4680765351272828,2.0947422375031217,-0.0633013436659482,-0.21081322342789757,0.04287302727761739,-0.050000000000000044,-0.15000000000000002,0.0,20
10.1093_ajae_aar154,-0.38629885104357164,-1.235951070109254,0.34397772971232166,-0.039980823061471105,-0.10454546176221237,0.02923563823122149,0.0,0.0,0.0,20
10.1007_s10551-011-0795-z,0.20006101403142473,-1.8934261815245867,1.791258552722724,-0.08294414704642739,-0.2603435634309107,0.04634773476228587,-0.09999999999999998,-0.4,0.20000000000000007,20
10.1177_0146167206289978,0.8955551619531619,-0.6535354021049083,2.7298609637812956,-0.09111309231375786,-0.27186680923853,0.024606990163694442,-0.050000000000000044,-0.15000000000000002,0.0,20
10.1038_s41598-021-89675-6,-0.07524446830748843,-2.22920240793918,1.7197052555203487,-0.046258123544430374,-0.16204144787308486,0.04263508489434131,-0.15000000000000002,-0.5,0.19999999999999996,20
10.1007_s00265-019-2667-y,-0.5344213665124355,-1.2201059611091365,0.1513098998046586,-0.005121732007262958,-0.09558253386685725,0.09092910236568845,0.0,-0.15000000000000002,0.15000000000000002,20
10.3390_su10124585,1.3457742285898417,-1.232304001580312,3.8046242674296664,-0.04195941027542904,-0.14121741868250995,0.036325482964693304,-0.2,-0.6,0.19999999999999996,20
10.1371_journal.pone.0196524,0.128382999715285,-0.9099460005244584,1.4138483578050849,-0.05468695756022646,-0.17926735311194936,0.04662644412185286,-0.050000000000000044,-0.15000000000000002,0.0,20
10.1093_esr_jcw014,-0.04139115810727567,-1.1848161783125049,0.9903529890834792,-0.11736961199486895,-0.23320373538099884,-0.024410434644638213,0.04999999999999993,0.0,0.15000000000000002,20
10.1371_journal.pone.0124561,2.391929705033543,-0.1734546767087236,4.655515890545563,-0.006973102468999071,-0.12680507962018955,0.15022534983630223,-0.050000000000000044,-0.4,0.30000000000000004,20
10.1007_s10683-014-9402-3,0.8698569888459957,-0.4379994993745954,2.6475340882484835,-0.08198951579532887,-0.24680364734359053,0.030000388817139734,-0.050000000000000044,-0.15000000000000002,0.0,20
10.1371_journal.pone.0045093,1.7550391248912574,-0.3276726497922466,3.6345571556674874,-0.0821265951737481,-0.25630584091494013,0.029034970250926762,-0.050000000000000044,-0.15000000000000002,0.0,20
10.1093_jleo_ewp039,-0.052413902471408313,-1.4520593563456108,1.315291333219147,-0.09943524544723081,-0.25601796144752775,0.0146748200531118,0.0,-0.1499999999999999,0.15000000000000002,20
10.1016_j.jtbi.2010.02.015,0.24846818706705243,-1.0817770404175076,1.4133646085660698,-0.09149996009320605,-0.2582464187631067,0.027383155662612138,-0.09999999999999998,-0.25,0.0,20
10.1007_s11127-006-9075-3,1.4631119333448366,-1.3992214416626423,4.248796710603644,-0.27316818130024473,-0.5990654526021363,0.009910026883526366,-0.050000000000000044,-0.35000000000000003,0.25,20
10.1038_s41562-022-01341-7,0.08839527604746067,-1.6348169757099043,1.6096767317248204,-0.07850413033533077,-0.27452355687080354,0.050471715652528115,-0.15000000000000002,-0.39999999999999997,0.09999999999999998,20
10.1103_PhysRevE.101.062419,-0.9716917583155862,-2.2718743228852962,0.1053366946903673,0.03772048551762264,-0.07318746548921518,0.1661576356960111,0.15000000000000002,-0.09999999999999998,0.39999999999999997,20
10.1257_mic.20170389,0.3939722022724741,-1.9803289443845087,2.4456126615997955,-0.04409961247602412,-0.12492852134431845,0.011278435123000342,-0.2,-0.55,0.19999999999999996,20
10.1007_s11269-017-1661-2,1.2815501048115117,-1.7177089896052675,3.932553706517367,0.02280831994659871,-0.10040313981897823,0.1382547467798923,-0.09999999999999998,-0.45125,0.25,20
10.1038_s41598-017-02952-1,0.621771588366725,-0.752732865242063,2.3967420278630263,-0.09327689112325244,-0.27054555698722904,0.02714000140551615,-0.050000000000000044,-0.15000000000000002,0.0,20
10.2753_mis0742-1222310208,1.0032255405729353,-0.4239458187982138,2.6763528836930184,-0.10857345525370954,-0.28944304260470577,0.014811577798606524,-0.050000000000000044,-0.15000000000000002,0.0,20
10.1371_journal.pone.0085691,-0.03393644078423996,-0.9226704898531545,0.8734792847468017,-0.045086803948787724,-0.14138530494503584,0.029121528067512045,0.0,0.0,0.0,20
10.1098_rspb.2012.0063,0.1031726724417128,-0.9768610183160157,1.23272026986139,-0.06326742574239497,-0.19481100682679392,0.023052132687421612,-0.050000000000000044,-0.15000000000000002,0.0,20
10.1007_s10539-004-5155-2,0.07313617138118911,-1.68602221802988,1.5696824306560766,-0.1489438494980584,-0.33447399835185937,-0.00914427615474389,0.0,-0.25,0.24999999999999994,20
10.1038_s41598-020-73855-x,-0.5118467515912446,-1.3748281173656334,0.3828740971226133,0.0036507312994898955,-0.05912724155436083,0.0662341861218907,0.0,-0.15000000000000002,0.1499999999999999,20
10.1007_s10955-018-2012-2,0.6513944940986534,-0.7221088713702305,2.3905460919421273,-0.07805268905665796,-0.24575181209373348,0.045962835044734106,-0.050000000000000044,-0.15000000000000002,0.0,20
10.1038_s41598-017-12823-4,0.5801292350988909,-0.86492735862534,2.1262634774062343,-0.13584773930309035,-0.32387848877069086,-0.011060664205198871,-0.050000000000000044,-0.15000000000000002,0.0,20
10.1038_srep25413,3.2461697699064027,0.4022328105839819,5.818558756898174,-0.1010263040115541,-0.2835291636832414,0.002188838838650133,-0.25,-0.6499999999999999,0.19999999999999996,20
10.1371_journal.pone.0059894,-0.01839870428025492,-1.0262630019525658,0.840281492373927,-0.08965154186332669,-0.18645599672106117,0.0017268357733679087,0.04999999999999993,0.0,0.15000000000000002,20
10.1371_journal.pone.0035287,0.5020203752933927,-0.8684850084987199,2.1845069051167383,-0.09211930987670847,-0.2823166656067223,0.02695898773806077,-0.050000000000000044,-0.15000000000000002,0.0,20
10.1111_j.1749-6632.2009.04503.x,0.4435838848261673,-0.4889907950326139,1.6195677741934837,-0.029289853146855505,-0.13007431533003164,0.06089999048860834,-0.050000000000000044,-0.15000000000000002,0.0,20
10.1007_s13235-019-00339-7,-0.8941546415829817,-2.244683034042529,0.3453900522467635,-0.006134204343197669,-0.12373388161057954,0.10324938792800287,0.04999999999999993,-0.15000000000000002,0.25,20
10.1086_702414,0.7172492963960551,-0.5680269162361052,2.366843654610559,-0.07254756059938305,-0.21616059538988167,0.045830045212470076,-0.050000000000000044,-0.15000000000000002,0.0,20
10.1371_journal.pcbi.1002868,1.4252945864262943,-0.06426939393200778,2.967770398671859,-0.0758436761655884,-0.2140861930738977,0.015722443763658573,-0.050000000000000044,-0.15000000000000002,0.0,20
10.1007_s10539-012-9341-3,0.8742837357223427,-0.49761816674296017,2.546634276353403,-0.07243528987322534,-0.25531985621428893,0.050527068782359665,-0.050000000000000044,-0.15000000000000002,0.0,20
10.1007_s10458-010-9122-9,0.7614055621313556,-1.3830549772295255,2.6768637370257715,-0.04718267192466907,-0.21169324295543332,0.09346649424252652,-0.09999999999999998,-0.4,0.24999999999999994,20
10.1103_PhysRevE.81.036115,-0.11748343499683322,-2.5960891360660834,1.8165850891048374,0.0006005903243615496,-0.04925397824352603,0.055739267935286864,-0.050000000000000044,-0.35,0.3,20
10.1007_978-1-4419-6896-8_17,0.4492674644202346,-0.4724331543110322,1.7419531194033282,-0.050540422090529,-0.17459942090850022,0.028751939241111166,-0.050000000000000044,-0.19999999999999996,0.0,20
10.1063_5.0099697,0.28374441650731086,-1.3405711904795887,1.8721957136630858,-0.13409483145757561,-0.27937858275524535,0.010557537176481854,-0.15000000000000002,-0.45000000000000007,0.15000000000000002,20
10.1257_mic.20180336,0.05047938668450058,-1.7132264010718443,1.6186917996551897,-0.02287668318569347,-0.13560405037991674,0.08780544123197524,-0.09999999999999998,-0.45,0.20124999999999893,20
10.1109_tcsii.2019.2910893,0.15220800200651485,-1.255634957457566,1.7098960943674475,-0.08922986557872326,-0.2450336807032733,0.03396383408205647,-0.050000000000000044,-0.15000000000000002,0.0,20
10.1111_jels.12042,0.16176244762760206,-1.8244737905245159,2.010432383240628,-0.04228522214132968,-0.1414260662759359,0.0662567095843295,-0.15000000000000002,-0.5,0.15124999999999889,20
10.1007_s11238-013-9382-3,2.0231444475128386,0.19805001348660986,3.828686999762906,-0.0773754681080111,-0.23173843570171251,0.03524495918912106,-0.050000000000000044,-0.15000000000000002,0.0,20
10.1017_epi.2013.34,1.7686646806053128,-0.8434673103414326,4.1891225132324585,-0.050021095651088365,-0.17046665367170918,0.031097156200591603,-0.2,-0.6,0.15000000000000002,20
10.1371_journal.pone.0061458,5.072909417305435,2.037783181263222,7.828954909731714,-0.18262919890572088,-0.365782951882374,-0.01977670267437529,-0.2,-0.6000000000000001,0.24999999999999994,20
10.1111_j.1558-5646.2010.01194.x,-0.02091237390987022,-1.873002410661587,1.7918845810925952,-0.0839160718794204,-0.24847102026647605,0.036435259932617786,0.0,-0.29999999999999993,0.25,20
10.1257_0022051054661549,0.23026039857825964,-0.4965576733538981,1.173294941590798,-0.03246037239113275,-0.13037711865628387,0.04482354423221889,-0.050000000000000044,-0.15000000000000002,0.0,20
10.1063_5.0037956,1.2096510499207254,-0.9325314035440952,3.2138521280020518,-0.17376107008182556,-0.3390839861201343,0.004460117806627855,-0.15000000000000002,-0.5,0.19999999999999996,20
10.1007_s12110-020-09371-8,0.6473846409937565,-0.7022310631105619,2.2466714434368513,-0.07477912189407498,-0.25485769932137464,0.04155979490945722,-0.050000000000000044,-0.15000000000000002,0.0,20
10.1038_s41598-017-15188-w,0.943987988277807,-0.5327578646493472,2.7210871078248564,-0.10299113381790903,-0.2957303064713103,0.009885107371291476,-0.050000000000000044,-0.15000000000000002,0.0,20
10.1007_7854_2016_445,0.08121885771694082,-0.7767666967642418,1.146279096863625,-0.022115739433737347,-0.13781219959375637,0.0625535274013534,-0.050000000000000044,-0.15000000000000002,0.0,20
10.1007_s10683-015-9452-1,0.6863657349291659,-0.497317793905093,2.147092846805974,-0.09589685588467267,-0.267322050496758,0.013817609855977107,-0.050000000000000044,-0.15000000000000002,0.0,20
10.1371_journal.pone.0104207,0.34420928443188537,-0.776899359947021,1.567215418263558,-0.08569079329002216,-0.22230821497402567,0.009680495254319249,-0.050000000000000044,-0.15000000000000002,0.0,20
10.1111_ecoj.12088,0.07018533573141994,-0.8182422192184464,0.9574221684537765,-0.02110495621227393,-0.14374449274346465,0.07008671725374188,-0.050000000000000044,-0.15000000000000002,0.0,20
10.1163_1568539x-00003143,1.8280489632611792,-0.9860225392130492,4.400956791349409,-0.08546176521206472,-0.23402073405946852,0.07523500468865783,-0.15000000000000002,-0.50125,0.25,20
10.1038_s41598-020-64930-4,0.36825963990205146,-1.6081058878585124,2.098279076833237,-0.08783414514275556,-0.2856823862188553,0.029868395802556715,-0.2,-0.5,0.09999999999999998,20
10.1086_708176,0.13527080308644113,-1.1077401273832692,1.4524753189502717,-0.05165055233945559,-0.18832242932807325,0.06420844662877573,-0.050000000000000044,-0.15000000000000002,0.0,20
10.1038_s41467-020-14712-3,0.1400909465990825,-1.1194989171996301,1.5000025206815246,-0.09373771255881891,-0.2539836707533194,0.0005554594993011343,-0.050000000000000044,-0.15000000000000002,0.0,20
10.3389_fpsyg.2019.02956,2.5006500521076775,-0.3069416344286617,4.915125373593251,-0.0761881978779656,-0.19008712122933746,0.031455099671500314,-0.25,-0.6499999999999999,0.14999999999999997,20
10.1523_jneurosci.0595-16.2016,0.571224912654527,-0.7798130130680372,2.1844877708699073,-0.09979239564332587,-0.27122853746932907,0.020833268733899513,-0.050000000000000044,-0.15000000000000002,0.0,20
10.1007_s00355-015-0884-5,0.2432951622965165,-1.7304244407303155,1.6865249919213492,-0.10311272116433279,-0.2909604128709401,0.016813500152487556,-0.15000000000000002,-0.4,0.10000000000000003,20
10.1371_journal.pone.0108423,0.6822202272204461,-0.9720962060366516,2.365872585999163,-0.16677937761916378,-0.3969291494195311,-0.002750790923402793,-0.050000000000000044,-0.15000000000000002,0.0,20
10.1111_ajsp.12057,0.4671158045317432,-0.9763039041936588,2.0576225963149843,-0.06506073686387914,-0.25580579531675135,0.06767330771587503,-0.050000000000000044,-0.15000000000000002,0.0,20
10.1111_j.1465-7295.2011.00452.x,-0.20744289005000294,-1.7406614300193246,1.0417337705163292,-0.06727485291573931,-0.23348734411518593,0.04171660733343372,0.0,-0.14999999999999997,0.15000000000000002,20
10.1007_s10614-008-9154-2,-0.8528354970755254,-1.8406487661088826,0.11448492120494114,-0.04208868240239405,-0.15381872257322188,0.07978887841114772,0.09999999999999998,0.0,0.25,20
10.1177_0951629806065012,-0.12433877785402814,-1.581129614437598,1.1360868776792112,-0.09669988680130759,-0.22277652367612857,0.004176145979681575,0.04999999999999993,-0.10000000000000009,0.20000000000000007,20
10.1023_a_1011612522206,-0.3455697769731474,-1.9820625434578034,1.1616051944548091,-0.037371408457260835,-0.1635579574193825,0.07346230160806025,-0.050000000000000044,-0.29999999999999993,0.2,20
10.1038_s41598-022-10582-5,0.12533520700749268,-2.0903288461378415,2.0501103405528287,-0.07167742316789372,-0.21507296704522488,0.02701713385304046,-0.15000000000000002,-0.55,0.25,20
10.1038_s41598-021-95303-0,0.8904346712768625,-1.5529706655669673,3.14292940228398,-0.059235371206781795,-0.1787522223077894,0.06788778068980451,-0.2,-0.55,0.2,20
10.1038_s41598-021-85814-1,1.3899491493916836,-0.8979711813137188,3.717667656669563,-0.1696657107948199,-0.33695547308730606,0.022888183766688903,-0.050000000000000044,-0.39999999999999997,0.29999999999999993,20
10.1038_s41598-020-73564-5,-0.2685417255814899,-1.0928037099863008,0.5825112391910108,-0.047539596411758644,-0.14573054499054489,0.029360132098696718,0.0,0.0,0.0,20
10.1038_s41598-020-73314-7,0.2717356478774082,-1.7698434183722824,2.037106299973346,-0.07585257080543895,-0.24080204606413988,0.030195753553665116,0.0,-0.39999999999999997,0.39999999999999997,20
10.1093_jeea_jvz008,0.0200154160281123,-1.0776163804747825,0.9851270453219954,-0.13649310907008572,-0.2845071869973382,-0.03940263400686018,-0.09999999999999998,-0.3,0.09999999999999998,20
10.1017_ehs.2020.22,-0.22015029988996115,-1.2849481957977453,0.7432424001432008,-0.060477587710213276,-0.16058779026990497,0.010175626802405876,0.0,0.0,0.0,20
10.1093_restud_rdy048,0.040401008412580985,-1.3142340224644828,1.4860372356691054,-0.07511380894125386,-0.23097245405231517,0.032961947073551774,-0.050000000000000044,-0.19999999999999996,0.0,20
10.1002_bdm.2050,1.023123110101671,-0.2672851394305605,2.7484214429450815,-0.07829437554718599,-0.2186957063753866,0.018123642715939175,-0.050000000000000044,-0.15000000000000002,0.0,20
10.1109_jstsp.2013.2263785,11.889644004132705,8.228054127703123,15.469098632297012,-0.35602176368266014,-0.7036600600291548,0.0033567915487044834,-0.25,-0.7,0.14999999999999997,20
10.1007_s13235-011-0020-9,1.1811443635502856,-0.29409479667787486,2.8987351741233627,-0.09302036087460985,-0.2304625486725134,0.017082412189302728,-0.050000000000000044,-0.15000000000000002,0.0,20
10.1007_978-3-642-02624-9_8,0.4323771756250805,-0.7581945283186325,1.98143164542546,-0.07299613942338279,-0.23656330270613787,0.042275583567267176,-0.050000000000000044,-0.15000000000000002,0.0,20
10.1023_B_ACBI.0000043440.36462.1a,-0.9787100361451584,-2.3889758470216167,0.21624381553789035,0.024868286409169493,-0.09596335679838526,0.13096673989472735,0.09999999999999998,-0.10000000000000009,0.30000000000000004,20
10.1073_pnas.2106028118,3.8613492831472085,1.190497045586706,6.320925188437872,-0.10758721306348196,-0.23942662834915232,0.012479872236004616,-0.25,-0.6499999999999999,0.19999999999999996,20
10.1038_s41598-019-49239-1,0.4256924283787509,-0.6492438281126526,1.7504321894075927,-0.06772618881305004,-0.21303920425937942,0.018057791198611783,-0.050000000000000044,-0.15000000000000002,0.0,20
10.1371_journal.pone.0208129,0.3679294862065383,-0.8970848260135206,2.0117573768959205,-0.0693040047174478,-0.2361125384155353,0.041571254200831124,-0.050000000000000044,-0.15000000000000002,0.0,20
10.1086_691630,0.004747789581926121,-1.8346004367008035,1.666312415153645,-0.06219024793650185,-0.18936425367514176,0.07388074602781687,0.04999999999999993,-0.2512499999999999,0.3999999999999999,20
10.1038_sdata.2016.99,0.4227459158016096,-0.7202234686332182,1.841280484399555,-0.06013160014130636,-0.2069377095918779,0.0506425865258142,-0.050000000000000044,-0.15000000000000002,0.0,20
10.1017_s0266267110000374,0.29319259904823003,-1.0424175557090014,1.7842061947836678,-0.05817349219581103,-0.24182285985988544,0.0631036636251195,-0.050000000000000044,-0.15000000000000002,0.0,20
10.1109_tnse.2023.3279094,-0.12082062543007677,-0.8444248936571295,0.6660237495500937,-0.03068216614726571,-0.16089396855712937,0.05223880518351201,-0.050000000000000044,-0.15000000000000002,0.0,20
10.1007_s11071-023-08297-x,-0.31258042184194323,-1.8993589359052014,1.1316199420108044,-0.06287068823519382,-0.17717693939951196,0.05325715312688265,0.04999999999999993,-0.15000000000000002,0.29999999999999993,20
10.3390_buildings12010019,0.8085808313351661,-1.5664122688863857,2.922284328511221,-0.08585099068819146,-0.2511583490324123,0.018996786963031694,-0.09999999999999998,-0.44999999999999996,0.25,20
10.1140_epjb_s10051-021-00185-w,-0.08665340253166587,-1.428430790114097,1.2231880569293683,-0.08778087197941842,-0.22932885347823692,0.023577035508381566,-0.15000000000000002,-0.4,0.09999999999999998,20
10.1371_journal.pone.0254860,-0.12234999402408153,-1.5809242206446894,1.58677776655118,-0.10370854391870976,-0.34340345099771835,0.09070782081669464,-0.09999999999999998,-0.30000000000000004,0.14999999999999997,20
10.1038_s41562-021-01059-y,-0.44975175392229527,-2.118926975786319,1.271410461950241,-0.07220314579475051,-0.1911413731032791,0.04735790276092324,0.04999999999999993,-0.15000000000000002,0.25,20
10.1103_PhysRevE.97.062136,1.8541961685011055,-1.0932461578001311,4.186289594335839,-0.07315413129231274,-0.21572121089286211,0.02911054883961159,-0.25,-0.6499999999999999,0.19999999999999996,20
10.1038_s41598-017-11580-8,0.6056792373112518,-0.7267845934825549,2.2822206794247064,-0.07217628103227247,-0.2231914510422205,0.05502334795291759,-0.050000000000000044,-0.15000000000000002,0.0,20
10.1111_ecin.12187,-0.08419771675405219,-1.963115157466392,1.6641817081294783,-0.09104418510589707,-0.21873213793438284,0.01055697108619892,-0.050000000000000044,-0.29999999999999993,0.15000000000000002,20
10.1103_PhysRevE.90.042726,-0.9863540564652471,-2.337756778851329,0.532764030933057,0.01568466919421463,-0.12716780425885993,0.18388479957357312,0.0,-0.25,0.24999999999999994,20
10.1007_s13235-013-0094-7,3.2744488731574384,0.6155859676948565,5.874628854246086,-0.1715897406046063,-0.3651256960286209,-0.003119787972123103,-0.15000000000000002,-0.5,0.24999999999999994,20
10.1007_s10539-013-9401-3,0.17254831619377242,-0.6471832032516519,1.0514442733612765,-0.027931612301425268,-0.13553682766012565,0.06604933447928395,-0.050000000000000044,-0.15000000000000002,0.0,20
10.1111_j.1465-7295.2011.00433.x,0.32097549290452854,-1.683188554844127,1.9983690283968891,-0.09386685469337364,-0.2854839441355959,0.02776490891590121,-0.2,-0.5,0.09999999999999998,20
10.1007_978-0-387-72596-3_7,0.299142857290037,-0.3703470535167358,1.0108227360121749,-0.036811429750145064,-0.11568442682518483,0.02077823303344553,-0.050000000000000044,-0.19999999999999996,0.0,20
10.1111_bjso.12450,-0.020830713161833714,-1.6369472655844228,1.4221430067012728,-0.0999819072488145,-0.2524023762204447,0.030901657230748784,0.04999999999999993,-0.10000000000000003,0.20000000000000007,20
10.3390_g10010012,1.7410114157673613,-0.9616482189273455,4.1952700460206165,-0.07495628714890357,-0.20918820989689554,0.018972946170795233,-0.25,-0.6000000000000001,0.14999999999999997,20
10.3389_fpsyg.2017.01990,0.4447676128642737,-1.510040914383739,2.1213180034436427,-0.09226681432714845,-0.26401525258207276,0.03358137196634822,-0.25,-0.55,0.04999999999999999,20
10.1038_srep42844,0.20106984617549717,-1.8567289601848873,1.9444022386172375,-0.07712587449318975,-0.2523878240492731,0.03738250772799479,0.0,-0.35,0.35,20
10.1007_s00355-014-0841-8,0.4448263479556216,-1.5989148988097868,2.0821730654625967,-0.09227823492927023,-0.27705541881741713,0.025837768560731535,-0.25,-0.55,0.05124999999999891,20
10.1109_tnsm.2015.2397883,4.148367496883039,-0.6882918535989542,8.27878393781811,-0.6453746537610876,-1.2269680707790107,0.036213723391029996,-0.15000000000000002,-0.49999999999999994,0.19999999999999996,20
10.1371_journal.pone.0020474,0.22796727174212972,-1.0170161754671285,1.8443426446942617,-0.05637549203999814,-0.21691922551357687,0.06686001167495502,-0.050000000000000044,-0.15000000000000002,0.0,20
10.1002_cplx.20244,-0.7617537763816031,-2.2879591206284915,0.9037152612673791,-0.03360276271342877,-0.209082934239418,0.12282618607854309,-0.15000000000000002,-0.45,0.15000000000000002,20
10.1023_a_1020598804674,-0.014751215509555493,-0.8701790095683574,1.1151700819155548,-0.026428527691497283,-0.15425861509038488,0.06289082462054565,-0.050000000000000044,-0.15000000000000002,0.0,20
10.1007_s10683-019-09609-y,3.408785565104176,0.8002991965491839,5.754137101840802,-0.18570227223165842,-0.3510735910549864,0.031396198271074406,-0.30000000000000004,-0.6499999999999999,0.10000000000000003,20
10.1038_s41598-020-57562-1,-0.4895484088044526,-1.5452548546692635,0.4998772338053889,-0.03170594280759487,-0.1824775255922575,0.06819156407075165,-0.050000000000000044,-0.15000000000000002,0.0,20
10.1063_1.5085076,0.6466903379455804,-1.6399898694314676,2.3869322093297534,-0.0630795147073202,-0.18103745793849307,0.04975869063709296,-0.25,-0.6,0.10000000000000003,20
10.1093_ajae_aay025,0.035040618813981794,-1.0069977687525093,0.99890346793491,-0.1223787772601076,-0.25743631728677296,-0.025719786592338863,-0.050000000000000044,-0.24999999999999994,0.10000000000000003,20
10.1002_bdm.2012,-0.10216647244196597,-1.1691445567533552,0.8516868477172206,-0.052629039685927026,-0.18146453614822589,0.039889323473717965,0.0,0.0,0.0,20
10.1038_s41598-017-12742-4,8.175116835379576,4.938802850974533,11.01418309854233,-0.18358475807600666,-0.32663541588176875,-0.03662168295532473,-0.25,-0.6499999999999999,0.14999999999999997,20
10.1103_PhysRevE.95.052309,0.022784572394443536,-1.247682220661174,1.3247221857265707,-0.09034124421749046,-0.2381637487018529,0.02753222431287267,0.0,-0.14999999999999997,0.14999999999999997,20
10.5751_es-07532-200228,1.364751141830376,-0.24720780097913733,3.16724405060266,-0.0782573374926615,-0.2584383851710062,0.025687449357203747,-0.050000000000000044,-0.15000000000000002,0.0,20
10.1371_journal.pone.0054308,-0.6152190218542772,-1.6079386471675687,0.23833017720231456,-0.052258104878420086,-0.11138704625481338,0.003893382414510284,0.04999999999999993,0.0,0.15000000000000002,20
10.1177_0048393108315509,1.119133006935245,-0.3348777529374636,2.5328374979093926,-0.11801763804888832,-0.28958098035339996,0.013715511902410396,-0.050000000000000044,-0.15000000000000002,0.0,20
10.1007_s11284-006-0070-4,0.6717211467951127,-1.4520913224272214,2.9449577694544433,-0.13139035105161367,-0.28988539428340737,-0.024704955388414097,-0.15000000000000002,-0.45000000000000007,0.15124999999999889,20
10.3197_096327105774462683,-0.6391900253336171,-1.3770193907394732,0.05381387926073174,0.0035602403295760254,-0.06800060692126014,0.07469433645671586,0.0,0.0,0.0,20
10.1007_s11238-004-3672-8,0.5605146506959464,-1.114411771063115,2.074769993733277,-0.1129468967580034,-0.30387288745291846,0.011660182851582395,-0.050000000000000044,-0.25,0.15000000000000002,20
10.1007_s001820050100,-0.5430856936885906,-2.386617146498525,1.282410586777726,0.013084436279442002,-0.12467937034832462,0.13501867275885848,0.04999999999999993,-0.29999999999999993,0.4,20
10.1038_s41562-022-01457-w,1.954677643928501,-0.0699945284732022,4.0810394539235935,-0.10960664036891787,-0.30405103282277196,0.030801202025108623,-0.050000000000000044,-0.15000000000000002,0.0,20
10.1002_bdm.2273,0.4805384869606648,-0.7655932129304714,2.084453974566485,-0.07383855792965022,-0.2362443860943981,0.033538429362762696,-0.050000000000000044,-0.15000000000000002,0.0,20
10.3389_fnbeh.2020.00102,0.5705231666435582,-0.6807563025846347,2.255365602824913,-0.08627339341945739,-0.2601226262381398,0.03305925510737859,-0.050000000000000044,-0.15000000000000002,0.0,20
10.1371_journal.pone.0229510,-0.1946592552018389,-1.4165690038612007,0.9122209106562099,-0.05837665222337818,-0.21072529529792783,0.06922898269178321,-0.09999999999999998,-0.35000000000000003,0.15000000000000002,20
10.1371_journal.pone.0227360,1.841693709736469,-1.1655193053398847,4.500754586268208,-0.03112753399794721,-0.13005379346501322,0.056176308742428564,-0.15000000000000002,-0.5,0.24999999999999994,20
10.1371_journal.pone.0200965,0.654601225179408,-0.8578487493821939,2.29941788820725,-0.10600548836819113,-0.27958375318591994,0.01723019894248648,-0.050000000000000044,-0.15000000000000002,0.0,20
10.1017_s0043887117000181,1.3846804937133106,0.006654691041086485,3.0195826589472756,-0.08802017668746587,-0.23894753160114965,0.016976164763093632,-0.050000000000000044,-0.15000000000000002,0.0,20
10.1038_s41598-017-12490-5,-0.05276100972293296,-1.3789606173556037,1.2512456516019697,-0.0665429300148207,-0.22518116898289825,0.04802998346439078,-0.09999999999999998,-0.25,0.0,20
10.1007_s11127-016-0319-6,-0.4065023199753304,-1.0427999905423944,0.3087900178937473,-0.009750935668251581,-0.07788954094224529,0.05521075069158558,0.0,0.0,0.0,20
10.1111_beer.12096,0.2332825679368904,-0.9610374203575095,1.659111788162548,-0.0644690220335632,-0.22532928980732977,0.0384985237230691,-0.050000000000000044,-0.15000000000000002,0.0,20
10.1007_s10816-013-9194-3,-0.25678150593939897,-2.047143187598371,1.3836338869548357,-0.06268978636438516,-0.1524523903346029,0.03547378862474509,0.0,-0.25,0.25,20
10.1371_journal.pone.0092336,2.376456027938013,0.24538262710850633,4.490366836520907,-0.09059666947283107,-0.25721879725834396,0.026514163091810466,-0.050000000000000044,-0.15000000000000002,0.0,20
10.1371_journal.pone.0057378,4.829337617700989,1.7634871242053078,7.676759911094821,-0.13530267315152977,-0.32775041897723745,0.11228610774299586,-0.15000000000000002,-0.5,0.24999999999999994,20
10.1186_1744-9081-9-3,3.4960888838347683,0.3609758060244957,6.111473038760951,-0.297097261336047,-0.5304262438857191,-0.08508649352132144,-0.15000000000000002,-0.55,0.25,20
10.1007_s12110-012-9136-x,-0.25757377744750176,-1.4425411230430911,0.9185885626680174,-0.04314721535788857,-0.18907697667098328,0.06748509271602318,0.0,0.0,0.0,20
10.3982_te795,-0.8539669238203755,-1.718549242829799,-0.025634502425767643,0.024284262516930832,-0.04935964688601008,0.1246284063204717,0.09999999999999998,0.0,0.25,20
10.1111_j.1749-6632.2009.04542.x,0.7438628186521212,-0.6616598686297482,2.661341897339198,-0.0887399951889194,-0.2744781044505201,0.030481917088572667,-0.050000000000000044,-0.15000000000000002,0.0,20
10.1007_s10539-007-9065-y,0.08313881241797727,-0.8875472204868847,1.006684731087708,-0.0225298089258128,-0.1446951462025724,0.078822143405647,-0.09999999999999998,-0.25,0.0,20
10.1038_s41598-023-41519-1,0.7028908732626249,-0.5885930784756752,2.251383485093442,-0.0724010165167458,-0.2181299795624033,0.032746866336257945,-0.050000000000000044,-0.15000000000000002,0.0,20
10.1002_hbm.25874,0.7882429435195943,-0.5500297019359726,2.4684018467322537,-0.07902581420441501,-0.25477693476473035,0.03975170483738533,-0.050000000000000044,-0.15000000000000002,0.0,20
10.1140_epjb_s10051-021-00212-w,-0.49006373462613695,-1.7807746347215234,0.9437321876948777,-0.10729752763426303,-0.2719344926760691,0.035559769012935435,-0.050000000000000044,-0.29999999999999993,0.15000000000000002,20
10.1140_epjb_e2020-100618-x,-0.23338050734149007,-1.3252970767046253,0.8952968655631406,-0.09664866988144516,-0.25279497328672407,0.038518432389926464,0.0,-0.15000000000000002,0.15000000000000002,20
10.1093_ejil_chaa009,0.4363039293165327,-0.733810060430871,1.830181908570937,-0.07130377272914568,-0.22111314054925912,0.03306952358777548,-0.050000000000000044,-0.15000000000000002,0.0,20
10.3390_g10010011,7.6158287177784,4.421631543335646,10.582034841646113,-0.18099030034067243,-0.4750727857817475,-0.002189333820869416,-0.25,-0.6499999999999999,0.14999999999999997,20
10.1007_s11211-017-0300-7,0.24637956968593233,-0.8158453072784809,1.2885883539702452,-0.08735278944682334,-0.21383690035702704,-3.4089394645631514e-05,-0.050000000000000044,-0.15000000000000002,0.0,20
10.1073_pnas.1704032114,0.9537780127006075,-0.40726088005148714,2.536159570869384,-0.08536766948876351,-0.2451905817507865,0.018992183902220527,-0.050000000000000044,-0.19999999999999996,0.0,20
10.1080_08941920.2016.1209266,0.25478526211519004,-1.7773190583001244,2.2189106489044925,-0.11959693198266175,-0.2559604372092046,-0.004215966771573236,0.0,-0.25,0.3,20
10.3389_fnbeh.2016.00180,3.1573408176084987,0.8065074741257097,5.22916929743455,-0.0609532053564763,-0.22229826011211332,0.07613117646722362,-0.050000000000000044,-0.15000000000000002,0.0,20
10.3389_fpsyg.2016.00799,0.73160979708077,-0.614751603285534,2.4214947785202474,-0.08310291181512652,-0.25800258791946035,0.034216968831712775,-0.050000000000000044,-0.15000000000000002,0.0,20
10.3389_fpsyg.2015.00983,0.9857282243754719,-0.6023389789990153,2.859030901837611,-0.07755689974284818,-0.24889843305899265,0.0504293678384103,-0.050000000000000044,-0.15000000000000002,0.0,20
10.1371_journal.pone.0040325,5.778235331788026,2.30836354041728,9.040146406345059,-0.5170686410832954,-0.8440990425820739,-0.1478997894901752,-0.09999999999999998,-0.5,0.3,20
10.1007_s11403-007-0027-x,-0.7498159103711632,-2.068145918582293,0.22225854624511546,-0.02227420756958587,-0.08467692409947401,0.04257639157731381,0.04999999999999993,-0.10000000000000009,0.24999999999999994,20
10.1038_s41893-022-00877-w,-0.06030864730539598,-1.240981224869763,1.0909661060984466,-0.060230078476692706,-0.1871591331499566,0.04471298721750458,0.0,-0.14999999999999997,0.14999999999999997,20
10.1126_sciadv.abj7377,0.5929093147594235,-1.4406057573108755,2.944074340291745,-0.18971498739738057,-0.48902088400458793,0.04788645696480666,-0.050000000000000044,-0.25,0.15000000000000002,20
10.1027_1864-9335_a000460,0.5177509598228207,-0.7475187922722769,1.9667543209517624,-0.0717782445930849,-0.22452990261527458,0.045078575790708224,-0.050000000000000044,-0.15000000000000002,0.0,20
10.1057_s41599-020-0419-2,1.2557283258917327,-0.24831601033895545,2.8787571058624564,-0.08780607754352066,-0.23887093944961998,-0.0007255463481097426,-0.050000000000000044,-0.15000000000000002,0.0,20
10.1007_s10683-018-9592-1,0.33255870574091073,-0.8249883637622722,1.5585397987192282,-0.09570473006715796,-0.29146284102813536,0.027596177756138096,-0.050000000000000044,-0.15000000000000002,0.0,20
10.1016_j.jtbi.2017.10.007,0.5475483632664355,-1.7265057685719511,2.484971362918324,-0.10330819428843474,-0.28225706378123266,0.01702311140954033,-0.09999999999999998,-0.44999999999999996,0.20124999999999893,20
10.1038_s41598-017-07916-z,0.4762947055375699,-0.6742308769023856,1.873884127024231,-0.09804563715237136,-0.25051717149269487,0.0009067075202431099,-0.050000000000000044,-0.15000000000000002,0.0,20
10.1038_srep42735,0.4231122230364637,-0.4648538846836924,1.4545787675408133,-0.07302697386282209,-0.19063425166826878,0.003802715779971419,-0.050000000000000044,-0.15000000000000002,0.0,20
10.1093_oep_gpv048,8.872939826606089,5.690349166176516,11.974073061940052,-0.11748969874161563,-0.2820034492668274,-0.009310002169389542,-0.25,-0.6499999999999999,0.19999999999999996,20
10.1093_jleo_ewu019,0.08574937961415952,-1.6307106955407382,1.7768984784774926,-0.05609631259826342,-0.16977548015800842,0.04195142384683685,-0.09999999999999998,-0.45000000000000007,0.25,20
10.3389_fnbeh.2015.00107,2.8342994964832426,0.40538749672401303,5.365926056917616,-0.211907013287368,-0.5806601665944743,0.12949131863634683,-0.09999999999999998,-0.45,0.29999999999999993,20
10.1007_s10539-012-9327-1,2.2913044811802434,-0.14156342291810367,4.595741670075037,-0.0069493367305524245,-0.1591537560541266,0.15799542733831382,-0.09999999999999998,-0.45000000000000007,0.25,20
10.1093_jae_ejr034,4.534443324009744,1.5277917686289253,7.304518719899497,-0.05741815437037545,-0.17588851427470661,0.011521231526013151,-0.25,-0.6499999999999999,0.19999999999999996,20
10.1007_s00191-010-0204-2,7.991304226873731,4.250976828916944,11.41485291949436,-0.5342132756466766,-0.9118495233784369,-0.12753690690801123,-0.25,-0.6499999999999999,0.19999999999999996,20
10.1111_j.1439-0310.2010.01781.x,0.2611384368805174,-0.902178903136253,1.6998810199061998,-0.07111156091239357,-0.22159149234074765,0.037946990172670086,-0.050000000000000044,-0.15000000000000002,0.0,20
10.1007_s00199-008-0421-1,0.3222998423788548,-1.5491874088549284,2.423779219085615,-0.12687736541867023,-0.3954672349605935,0.10237346574401057,0.0,-0.19999999999999996,0.19999999999999996,20
10.1007_978-3-540-85436-4_5,-0.4016999069917109,-1.1449434345996246,0.32702511015643665,-0.01656065479506086,-0.1059462784252204,0.062441974340199054,0.0,0.0,0.0,20
10.1103_PhysRevE.76.026114,0.5730408365494339,-0.6818094282699243,2.128956549006902,-0.07183091377248185,-0.24264372965556277,0.04420523967185818,-0.050000000000000044,-0.15000000000000002,0.0,20
10.1007_s11284-006-0163-0,0.8518682008454785,-0.4451222121183578,2.495541665000963,-0.07648921587282809,-0.240383646680494,0.028078371507192546,-0.050000000000000044,-0.15000000000000002,0.0,20
10.1111_j.1468-5584.2005.00267.x,0.3163801123804424,-0.7525569610810311,1.5738519204973938,-0.08965178898008475,-0.2518874358526185,0.0157721405254762,-0.050000000000000044,-0.15000000000000002,0.0,20
10.1063_5.0147226,-0.3578966055100157,-1.4850301569675666,0.7049659792140344,-0.08592823379906611,-0.20143818346002557,0.009188428541397245,0.09999999999999998,0.0,0.25,20
10.1155_2020_8276392,1.564804374143617,-0.8291676114108888,3.911012878730484,-0.11045536144737389,-0.2896002039088101,0.004047221671067056,-0.30000000000000004,-0.7,0.14999999999999997,20
10.1017_s1355770x19000457,0.4654925871204343,-0.8465878272733663,2.074390445666088,-0.08454112472869812,-0.26648606332267105,0.03639827497115285,-0.050000000000000044,-0.15000000000000002,0.0,20
10.1007_s00199-018-1146-4,-0.4082015920491946,-1.1327952643466594,0.20506008677664153,0.022136676613116246,-0.038637355645709325,0.10038346427735528,0.0,0.0,0.0,20
10.1093_oep_gpy045,1.069028390046734,-0.3789131722408542,2.901201569136264,-0.08497796343055053,-0.23092302837751552,0.027572481369532775,-0.050000000000000044,-0.15000000000000002,0.0,20
10.1371_journal.pone.0207937,-0.39531798726137435,-1.8172775002194825,0.9411630066264828,-0.0588697561260324,-0.163963558121457,0.0191748975737382,0.04999999999999993,-0.15000000000000002,0.29999999999999993,20
10.1017_s1355770x16000322,0.5685076875917199,-0.7682786190772005,2.034596185249785,-0.0760681026989789,-0.2572806304033109,0.0415289161978033,-0.050000000000000044,-0.15000000000000002,0.0,20
10.1086_687873,0.07462477222281994,-1.026125202187823,1.5150105320267293,-0.043070603644553396,-0.19982202224323417,0.06202034520272865,-0.050000000000000044,-0.15000000000000002,0.0,20
10.1007_s40503-016-0035-0,-0.19098536980138903,-1.9005251186744794,1.3576010433109615,-0.07729674928904395,-0.22456346077132971,0.015618802703441114,-0.050000000000000044,-0.3,0.24999999999999994,20
10.1038_srep31927,5.840836164226352,2.2172412955188343,8.793134580897183,-0.3512167658962176,-0.7066850807765873,-0.02364688418412056,-0.2,-0.6000000000000001,0.24999999999999994,20
10.5751_es-07493-200323,0.9022896101860987,-0.33096340588264034,2.499777721826962,-0.07388477815158645,-0.23052547200011783,0.03688239588247921,-0.050000000000000044,-0.15000000000000002,0.0,20
10.1007_s00265-014-1741-8,0.22308774000049425,-1.8265310300590365,2.0155574316792517,-0.049897353320709215,-0.15236040105299856,0.05701362013248435,-0.050000000000000044,-0.35000000000000003,0.25,20
10.1073_pnas.1400827111,0.07857975095575842,-1.761827895684886,1.816435607524742,-0.052073950100099076,-0.1861922902155921,0.11083309814405519,-0.050000000000000044,-0.35,0.20000000000000007,20
10.1093_aepp_ppq017,5.232943090223707,2.286228385914402,8.095265390183604,-0.06774110830772229,-0.22040112851097823,0.026664431069702108,-0.25,-0.6499999999999999,0.19999999999999996,20
10.1177_0170840610372202,-0.16540306307563934,-1.2137455294178654,0.848040117490741,-0.03778104118360537,-0.11895030093331568,0.03407769887950859,-0.09999999999999998,-0.29999999999999993,0.09999999999999998,20
10.1177_17456916231179156,-0.10746883354648862,-0.7959024614953628,0.5776826088650455,-0.022883325939831223,-0.0982635275668694,0.05021832718281515,0.0,0.0,0.0,20
10.1523_jneurosci.2303-21.2022,1.3032734429168409,-1.2093150430462405,3.728324615722066,-0.05182184436866333,-0.18734643835801104,0.045875487886250454,-0.09999999999999998,-0.5,0.3,20
10.3389_fpubh.2022.881330,-0.07145812875734858,-1.7705315224739102,1.632039660761968,-0.08097969415102135,-0.2694678980488045,0.0598220047113753,-0.2,-0.45000000000000007,0.09999999999999998,20
10.1007_s11127-021-00925-7,0.24717400577096527,-1.205643320481685,1.6410711029810015,-0.10946453204499962,-0.3295697591944748,0.02923285758092945,-0.09999999999999998,-0.25,0.0,20
10.1017_s0266267121000195,0.5973094551092082,-0.5396815298945746,2.0180450573609283,-0.07474704256773423,-0.21477451812852116,0.04328528488566097,-0.050000000000000044,-0.15000000000000002,0.0,20
10.1038_s41598-021-93598-7,0.5840799065132103,-0.7611972996670514,2.0823972163208,-0.04782358281413335,-0.19382002580376426,0.06611254465614778,-0.050000000000000044,-0.15000000000000002,0.0,20
10.1017_s0266267119000233,0.5510676729459734,-0.6860496188837543,2.0544071287147183,-0.06872795999444459,-0.2364124668653517,0.04238430987508003,-0.050000000000000044,-0.15000000000000002,0.0,20
10.1007_s40656-017-0151-4,0.35288006055404253,-0.7814301241233926,1.794262546429439,-0.029834193632261807,-0.1649554436219142,0.07172922175785147,-0.050000000000000044,-0.15000000000000002,0.0,20
10.1002_bdm.1976,5.334298683710165,2.7961525637032247,7.708087874523867,-0.0980797026214395,-0.28826019967768257,0.029358255759650596,-0.050000000000000044,-0.15000000000000002,0.0,20
10.1007_s11403-015-0146-8,1.568696517582036,-0.9903232520048513,3.6314095260643087,-0.1179944815706484,-0.2419369673625448,0.02879707769666875,-0.2,-0.55,0.19999999999999996,20
10.1038_srep12797,2.0797184488942557,-0.7022109745503528,4.507502195657452,-0.09854126197064361,-0.2704460604575091,0.05007632347847416,-0.09999999999999998,-0.5,0.25,20
10.1007_978-3-319-15515-9_15,0.10034070905589232,-0.5049343934597477,0.9762504853796826,-0.027509388349121755,-0.11553527738545473,0.04256776584540795,-0.050000000000000044,-0.15000000000000002,0.0,20
10.1111_jpet.12084,0.9071536364185295,-1.3249150269219034,3.0933265570956405,-0.04625609251955842,-0.21626574856875347,0.14237225483526614,-0.050000000000000044,-0.4,0.3,20
10.1371_journal.pone.0105126,3.2872111464083877,0.3514459464044495,5.624964321631642,-0.07078792888358632,-0.198648053201814,0.009141487264169416,-0.25,-0.6499999999999999,0.15124999999999889,20
10.1515_bejeap-2013-0110,5.629194726465939,2.409039575732796,8.789371606266549,-0.21089748165724664,-0.40523651365640917,-0.045280637548988666,-0.25,-0.6499999999999999,0.19999999999999996,20
10.1007_s11238-013-9356-5,0.40705714136771753,-0.8165117790818097,2.066971904383934,-0.06383598686600167,-0.23980379625612175,0.05796607878499202,-0.050000000000000044,-0.15000000000000002,0.0,20
10.1371_journal.pone.0083225,0.0837459973515351,-1.282667960701426,1.382914105274746,-0.11748249662276111,-0.27796832024694607,0.004797284729994767,0.0,-0.15000000000000002,0.15000000000000002,20
10.1371_journal.pone.0077041,0.8339512862084595,-1.2455869835632645,2.737701508796422,-0.11080006704703749,-0.276930581424916,0.0314729421364095,-0.09999999999999998,-0.45,0.25,20
10.1371_journal.pone.0069871,-0.7304575136556233,-1.9368326114268926,0.36295849213901793,-0.039745492912626745,-0.1241849518998175,0.07328588957000758,0.04999999999999993,-0.10000000000000009,0.20000000000000007,20
10.1111_evo.12031,0.44622443992746597,-0.7848951897422528,1.9809838996545992,-0.06806966395536151,-0.2404045929214283,0.05431428079897616,-0.050000000000000044,-0.15000000000000002,0.0,20
10.1177_147470491301100117,0.09301157019504824,-0.9664931363825872,1.2475081517214777,-0.06489571161448027,-0.20550778262968597,0.040978587970915976,-0.050000000000000044,-0.15000000000000002,0.0,20
10.1371_journal.pone.0044432,0.7245351034063559,-1.496752662594594,2.7786970173544194,-0.06910085423425172,-0.18886432183518287,0.05063156397761185,-0.15000000000000002,-0.55,0.24999999999999994,20
10.1111_j.1559-1816.2012.00914.x,0.3826989897769,-0.6887240451022439,1.6283814575524893,-0.06443372156982097,-0.1942334991059456,0.03030684029336122,-0.050000000000000044,-0.15000000000000002,0.0,20
10.1371_journal.pone.0039002,0.4666655549679328,-0.9175524231408043,2.1601258885488916,-0.09572467720602884,-0.276669871626441,0.04339954894053991,-0.050000000000000044,-0.15000000000000002,0.0,20
10.1111_j.1467-9779.2011.01520.x,0.3400313251876108,-1.0670964516375308,2.010456684410561,-0.09649635051927075,-0.2536332666255307,0.029081939653598583,-0.050000000000000044,-0.15000000000000002,0.0,20
10.1177_0951629809103970,0.18645336785365618,-0.69051436830354,1.3452366254791122,-0.046497936174226706,-0.17038565314675616,0.05127010560389573,-0.050000000000000044,-0.15000000000000002,0.0,20
10.1093_ej_uead030,1.6198886342105725,-0.6738121854894662,3.7976928128782226,-0.12466167318285848,-0.3076231426058037,0.0608136822986917,-0.25,-0.6000000000000001,0.14999999999999997,20
10.1017_ehs.2022.32,0.4389311302549226,-0.8006021773039786,1.9095300376076114,-0.09473969409819416,-0.27271112144335824,0.018000112858874442,-0.050000000000000044,-0.15000000000000002,0.0,20
10.1109_tcsii.2021.3133711,1.7644982932477378,-0.689898445498223,3.9063279487322005,-0.07653962066197373,-0.17747650421178301,0.008984473085276213,-0.2,-0.6000000000000001,0.2,20
10.1111_jpet.12540,-0.26223543013410033,-0.9786279979170439,0.4439450276863832,-0.019564225196668894,-0.10997645182096792,0.06334138035547585,0.0,0.0,0.0,20
10.1111_apce.12343,0.06542672677395434,-2.2420306583670007,1.93641026307719,-0.08031133691797243,-0.21830404267055564,0.018471149258042815,-0.15000000000000002,-0.45,0.15000000000000002,20
10.1111_ecin.13020,0.46414937313600646,-0.9597694872753861,1.869690605742488,-0.14344620723621776,-0.3049017686086825,0.0001797340522765769,0.0,-0.15000000000000002,0.10000000000000009,20
10.1371_journal.pcbi.1008217,3.1696264377220116,-0.7441349478752896,6.585922454630938,-0.21474379642233005,-0.4903590773067655,0.016226146810572255,-0.050000000000000044,-0.30000000000000004,0.2,20
10.1109_access.2021.3084342,-0.39093947097208215,-1.4106252236381709,0.5126885246975434,-0.04229032970272373,-0.13376329023341824,0.02796748837742907,0.0,0.0,0.0,20
10.1332_204378920x16026943989422,0.3377613476053103,-0.8437451798330031,1.4819663195632407,-0.07214518487798027,-0.20976962507789831,0.025158605877702512,-0.050000000000000044,-0.15000000000000002,0.0,20
10.1007_s00355-020-01284-w,0.3043207394917564,-1.5305932563134923,2.0169516455049687,-0.09158791398224386,-0.282202254703609,0.03400597324839038,-0.09999999999999998,-0.35,0.14999999999999997,20
10.1002_bdm.2208,0.36953794092205516,-0.7189796648183051,1.7948532498345104,-0.05684747632582743,-0.22340637882444953,0.04867222965695682,-0.050000000000000044,-0.15000000000000002,0.0,20
10.1007_s40750-020-00143-3,-0.09070287510291664,-1.6945357194467356,1.267214332475952,-0.11149761428054616,-0.2620889215134741,-0.005732324493610368,0.04999999999999993,0.0,0.15000000000000002,20
10.1111_ecin.12766,0.8725032481697577,-1.7101409868235768,3.1459365095013023,0.013595893609238963,-0.11775527402096722,0.13923049502942486,-0.09999999999999998,-0.44999999999999996,0.25,20
10.1111_ecin.12713,0.8878580368719007,-1.4373276403422683,2.9382605033085416,-0.1383204929082983,-0.3291135187833277,0.014844023048391696,-0.2,-0.55,0.15000000000000002,20
10.1103_PhysRevE.100.052304,1.347115149743762,-0.8138231788112188,3.4901087167486984,-0.09866430927705405,-0.22581027632081144,0.045503777043649024,-0.2,-0.55,0.19999999999999996,20
10.1086_700098,-0.8894536694126529,-2.0283433361867482,0.1815877952865851,-0.008255333982190582,-0.11559295771028183,0.09057128547548435,0.09999999999999998,0.0,0.25,20
10.1007_s11127-018-0622-5,-0.48296476561245516,-1.5860186878854976,0.44292761892642807,-0.06868383093583175,-0.1693448782506552,0.047333019689344974,0.04999999999999993,-0.09999999999999998,0.20000000000000007,20
10.3389_fpsyg.2018.00932,0.305724035636751,-1.0430224367213563,1.967612030297084,-0.08471972041751863,-0.254301493048078,0.029209461434266875,-0.050000000000000044,-0.15000000000000002,0.0,20
10.1007_s10588-017-9244-6,2.1660957201905555,-0.6236400250938899,4.782091330196525,-0.030912686203332096,-0.1408215709781499,0.05193127633840104,-0.15000000000000002,-0.5499999999999999,0.25,20
10.1111_jpet.12252,1.6307286842728983,-0.7652908048661498,3.990924767566535,-0.044834855852990185,-0.2767619475525594,0.17643504817311606,-0.09999999999999998,-0.5,0.25,20
10.1007_s10640-017-0126-7,2.413960479153004,-0.45050031930489387,4.78593265295992,-0.10072071771610136,-0.265407197488737,-0.00222921382621694,-0.25,-0.6000000000000001,0.15124999999999883,20
10.3982_te2063,0.42338231740097765,-0.7687915344214316,1.7806350919404326,-0.07082157981667236,-0.22486577954742412,0.043753853828324016,-0.050000000000000044,-0.15000000000000002,0.0,20
10.3389_fnbeh.2016.00053,-0.5788322168161377,-2.4481589633642153,1.3800525916078814,0.08949249285897964,-0.02547396467416993,0.2630567632575729,0.0,-0.30000000000000004,0.30000000000000004,20
10.1007_s12038-013-9342-7,0.7623758566055701,-0.43814063531808234,2.081580738154636,-0.05963025870510008,-0.20039955743416527,0.050424513527340266,-0.050000000000000044,-0.15000000000000002,0.0,20
10.1111_1475-4932.12073,-0.4851958022969436,-2.548886649813452,1.5682680221563945,0.03991437469798287,-0.1493881502919316,0.27395075594913104,-0.050000000000000044,-0.35,0.25,20
10.1111_joes.12018,-0.2083767493600952,-1.1145015822694908,0.7079109374356131,-0.024038495191881615,-0.12405799466336412,0.09744889433720559,0.0,0.0,0.0,20
10.1371_journal.pone.0034051,0.017233473228379204,-1.0185324867220678,1.135276603828861,-0.0721179025315497,-0.2270810681027585,0.04751822457629616,-0.050000000000000044,-0.15000000000000002,0.0,20
10.1080_15534510802469156,1.1154520243083983,-0.5406083579229669,2.9969513354939186,-0.09012514433408247,-0.25520653706198687,0.031885206390127416,-0.050000000000000044,-0.15000000000000002,0.0,20
10.1196_annals.1399.012,-0.4599631212488404,-1.125815399068386,0.2710687393560584,-0.00969173996319772,-0.09235120971450402,0.06986782133561324,0.0,0.0,0.0,20
10.1080_10576100490438246,0.5521326960829116,-1.1596635067718721,2.2909484133314675,-0.21458967719433225,-0.47693096059606566,-0.02457019468437587,-0.09999999999999998,-0.4,0.19999999999999996,20
10.1038_s41467-023-38592-5,0.4086663072347836,-0.7657187357140842,1.727703990101482,-0.09713343851865575,-0.23115826097340747,0.006095244158468718,-0.050000000000000044,-0.15000000000000002,0.0,20
10.1093_pnasnexus_pgad091,4.319391927086152,1.278881367746595,6.990490359517575,-0.06420452517534192,-0.15323355147253007,0.016036689932206236,-0.25,-0.6499999999999999,0.19999999999999996,20
10.1007_s10640-023-00759-5,2.089005969265952,-0.8516447177805155,4.900494871110238,-0.13676600112423776,-0.2749371418763818,-0.03961694805412396,-0.2,-0.55,0.19999999999999996,20
10.1063_5.0088493,2.075489951462811,-0.6990620836031151,4.525138052962485,-0.07869106454581942,-0.23656955639192764,0.029757958525461346,-0.25,-0.6499999999999999,0.14999999999999997,20
10.1371_journal.pone.0266735,0.5039114309426225,-0.7149382656656733,1.9612303378335467,-0.06257961875833551,-0.2028552285530898,0.04523820168735071,-0.050000000000000044,-0.15000000000000002,0.0,20
10.5267_j.ijiec.2022.3.001,-0.6211277303797837,-1.8612492756614722,0.7288889407263406,-0.06105931409206056,-0.17983358738508928,0.03635718914472278,0.0,-0.19999999999999996,0.2,20
10.1007_s10551-020-04664-5,-0.31009108915477146,-1.1993667677951287,0.5430674864339282,-0.025449401559960227,-0.13146345823926864,0.07196155466842802,0.0,0.0,0.0,20
10.1371_journal.pone.0263028,24.74198515810775,22.046587466597586,27.16312149569967,-0.11574166292035071,-0.47992051954060194,0.18812652705072605,-0.050000000000000044,-0.15000000000000002,0.0,20
10.1038_s41598-021-04217-4,0.2984327058040437,-0.9371091134030676,1.968315711341617,-0.08617587440767338,-0.2667586092468563,0.027661369037987594,-0.050000000000000044,-0.15000000000000002,0.0,20
10.1093_scan_nsab124,1.3281847822529071,-0.4443312809275631,3.480049229225686,-0.07809909437237206,-0.2556626775089794,0.04602300154250687,-0.050000000000000044,-0.15000000000000002,0.0,20
10.3389_fpsyg.2021.676064,0.12477531671372066,-1.1298596852537894,1.3929385647105765,-0.07374331123213174,-0.24349066842152262,0.05178576589683712,-0.050000000000000044,-0.15000000000000002,0.0,20
10.1038_s41598-021-89563-z,0.05937282523863985,-2.3056701834582216,2.097594477808758,-0.0774413648758957,-0.22896181965835904,0.06991753927982101,-0.050000000000000044,-0.35000000000000003,0.25,20
10.1371_journal.pone.0248599,0.4704463546077875,-0.859692171533635,2.2420762521035873,-0.08675247077910642,-0.26528641616861176,0.027005137904622025,-0.050000000000000044,-0.15000000000000002,0.0,20
10.1093_qje_qjaa035,3.625088710200246,1.0223678643604355,5.952697442589748,-0.25597965360375924,-0.4956284271067697,-0.05716899073605179,-0.050000000000000044,-0.15000000000000002,0.0,20
10.1007_s10640-020-00526-w,0.4270967571387212,-1.4122558621380887,2.114032559885084,-0.09562715946396527,-0.275121961207102,0.024049588246223184,-0.2,-0.5,0.10000000000000003,20
10.1038_s41598-020-60349-z,1.3143312341385558,-0.376729391314349,3.217493748258613,-0.0665295713955647,-0.23239081361961111,0.05810433103336902,-0.050000000000000044,-0.15000000000000002,0.0,20
10.1111_ecin.12720,-0.059616895805518766,-1.204114493355966,1.0834268004377536,-0.08073612523497375,-0.21157397641125497,0.015409352735708724,-0.050000000000000044,-0.15000000000000002,0.0,20
10.1057_s41599-019-0249-2,1.0673514073854005,-1.1925186792148528,2.935719169541782,-0.12736546817737626,-0.3019866285235515,-0.01841647572296682,-0.15000000000000002,-0.5,0.24999999999999994,20
10.1080_00220485.2018.1551097,0.33954323939767406,-0.6360019356070502,1.4167434098433462,-0.04568525756173636,-0.163689965480159,0.053281928998186665,-0.050000000000000044,-0.15000000000000002,0.0,20
10.1007_s10539-018-9627-1,0.564813508594753,-0.76882968529144,2.2518576290500913,-0.08863685811745758,-0.26815316530136096,0.028676144082507838,-0.050000000000000044,-0.15000000000000002,0.0,20
10.1371_journal.pone.0188503,1.2234019587066935,-0.4808312064949104,3.058600315637283,-0.06748636149623,-0.24116262296486626,0.047986279850959,-0.050000000000000044,-0.15000000000000002,0.0,20
10.1073_pnas.1606456113,0.5725701013767779,-0.4639803385690648,2.031085593592151,-0.07244635974809166,-0.22148147993744768,0.029251075847415924,-0.050000000000000044,-0.15000000000000002,0.0,20
10.18564_jasss.3166,-0.15110995282437134,-1.404031861562721,1.1234999855197254,-0.05822933255992291,-0.21621848851656827,0.05186115577157713,-0.050000000000000044,-0.15000000000000002,0.0,20
10.1111_kykl.12113,-0.3622162615757265,-1.3308837322877833,0.6357212848809786,-0.046696734460242584,-0.1992373797100114,0.061977741217805436,0.0,-0.19999999999999996,0.2,20
10.1371_journal.pone.0124513,0.9937938656975156,-1.5927822400259826,3.268516962329494,-0.056202835224732905,-0.21586448144479486,0.04405734364358911,-0.2,-0.6000000000000001,0.2,20
10.1111_jpet.12090,3.3624802221968233,0.7640656327471647,5.720330255655452,-0.2498339879983978,-0.4599703597387162,-0.02012581038023145,-0.25,-0.6000000000000001,0.1499999999999999,20
10.1007_s10588-013-9170-1,-0.8629772295256073,-1.8180094346317794,-0.07409819788179539,0.058524655370130185,-0.0355632228552327,0.17089921066110367,0.0,0.0,0.0,20
10.1002_evan.21430,0.9632370411518139,-1.6279954634914013,3.318237890371697,0.09853525890292181,0.019423597991685245,0.20689066617185575,-0.15000000000000002,-0.5,0.25,20
10.1111_roiw.12092,0.5013607920824112,-0.6117760280948956,2.033524074859796,-0.07893969851597027,-0.2300840404270339,0.029407960671114442,-0.050000000000000044,-0.15000000000000002,0.0,20
10.3389_fevo.2014.00041,2.176026459932788,0.31528965436927264,4.04304365611509,-0.07082959166037617,-0.2149697048726702,0.04094257442422879,-0.050000000000000044,-0.15000000000000002,0.0,20
10.1155_2014_108024,1.1979877055621149,-0.4064872304163687,2.945847739346093,-0.07559767149377594,-0.22439381589029953,0.03995060069295991,-0.050000000000000044,-0.15000000000000002,0.0,20
10.3389_fnhum.2013.00252,0.9612127155376493,-0.2892044399360433,2.396726732092089,-0.08979452421607503,-0.26175540613797793,0.02015921285214049,-0.050000000000000044,-0.15000000000000002,0.0,20
10.1080_0013791x.2011.650839,5.889136104158083,2.754063499606007,8.677119783971989,-0.06842313620319673,-0.22284093807957747,0.014213244948226208,-0.25,-0.6499999999999999,0.14999999999999997,20
10.1111_j.1467-9779.2011.01519.x,4.264278617475418,1.2668304714191814,7.0485767816990315,-0.14948808204232555,-0.3730099860212063,-0.003498230694090261,-0.2,-0.6,0.2,20
10.1007_s10588-008-9053-z,0.13683783027912266,-1.162099591721198,1.7949077681551964,-0.07821999065863683,-0.2622780120777019,0.06012774932846715,-0.050000000000000044,-0.15000000000000002,0.0,20
10.1177_0959354308091842,0.1508782626179075,-1.682459447986512,1.9192397446704743,-0.08897346232288961,-0.24298910329705062,0.014505263933935059,-0.09999999999999998,-0.35000000000000003,0.19999999999999996,20
10.1007_s10539-007-9083-9,0.32654102425925924,-1.1104700503987197,1.8059667603712406,-0.04646656023820317,-0.21471369077927083,0.09031247696895399,-0.2,-0.44999999999999996,0.0,20
10.1177_105971230601400306,0.07534324849233442,-0.9703123838197408,1.1712481256927167,-0.05126942406765289,-0.17982650320069354,0.04406868198082611,0.0,-0.15000000000000002,0.1499999999999999,20
10.1111_j.0020-8833.2004.00306.x,-0.4821721618427919,-1.6330311111305518,0.5009581859787587,-0.04198312085547984,-0.11519645828706851,0.017538936674303538,0.0,-0.15000000000000002,0.15000000000000002,20
10.1038_s41598-023-37286-8,0.7353060314313167,-0.4000709442691868,2.1647472030208346,-0.11127172850913192,-0.30405596606537083,0.004993525353735986,-0.050000000000000044,-0.15000000000000002,0.0,20
10.3389_fpsyt.2023.1131769,-0.545988238780966,-1.6108912039026428,0.5336620328609979,-0.08125845705517676,-0.2144639729128135,0.044033321509992424,-0.050000000000000044,-0.30000000000000004,0.19999999999999996,20
10.1063_5.0102483,0.35352843455401395,-0.7037367440086499,1.445881714720883,-0.07914304487494872,-0.27467492069701205,0.07423775365996972,-0.09999999999999998,-0.30000000000000004,0.1499999999999999,20
10.3389_fpsyg.2022.816168,1.2539486761121523,-0.5039710745575557,3.2963718799629027,-0.07449779753540009,-0.270219536999143,0.04983196163193185,-0.050000000000000044,-0.15000000000000002,0.0,20
10.1027_2151-2604_a000459,0.2864499068800628,-1.0873489901400977,1.9260749741155054,-0.061330320317350306,-0.24642352762408692,0.09092527886566219,0.0,-0.1499999999999999,0.1499999999999999,20
10.1371_journal.pone.0267153,0.31845760215223606,-0.9759640502800908,1.8776280096344355,-0.08417544307964564,-0.25408886094243005,0.036929231427503886,-0.050000000000000044,-0.15000000000000002,0.0,20
10.3389_fpsyg.2021.678237,0.6578708865535736,-0.7705094245201778,2.324111288578629,-0.09890825580776919,-0.2832913736865326,0.024287187089627144,-0.050000000000000044,-0.15000000000000002,0.0,20
10.3390_g12030063,-0.7405124782315058,-2.6057361317519656,0.971847691814773,-0.06733970233195197,-0.17490272885778527,0.030719217569310935,0.09999999999999998,-0.10000000000000009,0.30000000000000004,20
10.1007_s40881-021-00099-4,0.27264972320394154,-0.6669171457275727,1.459083220281796,-0.06414594069376578,-0.19732633011336015,0.03286148590990139,-0.050000000000000044,-0.15000000000000002,0.0,20
10.1007_s40305-021-00350-z,0.19982433013786416,-0.7961845589018853,1.36176529724161,-0.06025858875763135,-0.19424390300361064,0.03851001046028368,-0.050000000000000044,-0.15000000000000002,0.0,20
10.1093_ej_ueaa116,-0.3556700711724421,-1.2943392397882894,0.44587186069796364,-0.057342485076293914,-0.1527995120972938,0.014208221125686054,0.04999999999999993,0.0,0.15000000000000002,20
10.1140_epjb_s10051-021-00108-9,-0.5610483431386388,-1.103855743673308,-0.09658891124388529,-0.026777055802654992,-0.09454704342781767,0.03824990740374888,0.0,0.0,0.0,20
10.1038_s41598-021-88663-0,0.808091379893332,-0.5496608238791313,2.3692354223138414,-0.08304567274007757,-0.25103957100703106,0.04617063928747106,-0.050000000000000044,-0.15000000000000002,0.0,20
10.1007_s12144-019-0129-3,0.4779124182223713,-1.536789502679549,2.390136240457156,-0.10722322991713595,-0.2453620671167869,0.019550067672573317,0.0,-0.30000000000000004,0.3,20
10.1002_bdm.2243,0.47539918095092304,-0.8422563955671127,1.845297275305929,-0.09386032552590373,-0.253609580134059,0.008056409238959497,-0.050000000000000044,-0.15000000000000002,0.0,20
10.1111_ecin.12974,0.6332573641118628,-0.7675497876041001,2.3055898571337368,-0.07554768308482451,-0.23285851201638907,0.03396196073679236,-0.050000000000000044,-0.15000000000000002,0.0,20
10.1561_102.00000099,0.8115768647676127,-0.4973246200426572,2.525890494443786,-0.08683365307856783,-0.2579621349980146,0.019253345736481065,-0.050000000000000044,-0.15000000000000002,0.0,20
10.1038_s41598-020-79731-y,0.7760594173621067,-0.547114463701593,2.336796706579403,-0.07624736420491973,-0.24403189320558194,0.04209898228129101,-0.050000000000000044,-0.15000000000000002,0.0,20
10.1007_s10614-020-10017-1,3.0692247815097895,0.024588772507712853,5.619897671186289,-0.07813069263554329,-0.2038137837247871,0.0030818939589274045,-0.25,-0.6000000000000001,0.15124999999999889,20
10.1038_s41598-020-65516-w,0.3972744067706149,-1.5197149840130522,2.126718026638113,-0.13951245689533487,-0.32732740219770123,0.026578770804672483,0.04999999999999993,-0.15000000000000002,0.25,20
10.1086_709105,0.0787666558316511,-1.2056703821225094,1.421133969419369,-0.08411671146031696,-0.2442422660162032,0.02106321784091177,-0.050000000000000044,-0.15000000000000002,0.0,20
10.1371_journal.pone.0222724,0.030206925327697753,-1.7620509053564435,1.7887254578725096,-0.059041358936922306,-0.22136962206502656,0.06640043451493581,-0.09999999999999998,-0.45,0.25,20
10.1002_bdm.2110,-0.059676476662613887,-1.28672438453662,1.130673476658111,-0.06439600009853619,-0.210896311563761,0.05019930798793647,-0.050000000000000044,-0.15000000000000002,0.0,20
10.1093_jleo_ewy026,0.29570760028612053,-1.0033117696176694,1.5058782706975118,-0.08841560688083372,-0.23569383793912574,0.019890980354880346,0.0,-0.1499999999999999,0.15000000000000002,20
10.3389_fphy.2018.00156,0.25665200344792805,-1.92102677042802,2.074258320991242,-0.1040374311840121,-0.23870529387228323,0.014757037928579754,-0.09999999999999998,-0.4,0.2,20
10.1007_s13235-017-0230-x,-0.27210062586065575,-1.0315731646143729,0.45913791529690307,-0.040709410431947424,-0.12502115316275825,0.035340867439796704,0.0,0.0,0.0,20
10.1371_journal.pone.0202878,0.33829298148429743,-1.5277986184199004,2.018127020694385,-0.08532929664384548,-0.271732469710476,0.042395708095062795,-0.15000000000000002,-0.4,0.15000000000000002,20
10.1111_boer.12140,-0.07381044444980667,-1.3381168183082175,1.0272736666506768,-0.09827550264819729,-0.2074861872898338,-0.010383677454574015,0.04999999999999993,0.0,0.15000000000000002,20
10.1140_epjb_e2018-90042-8,0.9569582969684323,-1.7255969017721133,3.1547002348065893,-0.11662456449860181,-0.32244329797522125,0.04946517847158211,-0.09999999999999998,-0.4,0.2,20
10.1111_jlca.12283,-0.7428398730852734,-1.9244579154742893,0.3801888823313042,-0.008842613655733245,-0.13927139837478184,0.11492779805787025,0.0,-0.24999999999999994,0.24999999999999994,20
10.1007_s11846-016-0209-9,1.0514212406675965,-0.4723295841788437,2.903508992646037,-0.08165369478450324,-0.254898570037993,0.03506761623695283,-0.050000000000000044,-0.15000000000000002,0.0,20
10.1007_s11047-016-9546-5,-0.35612427649360523,-2.1620590350295488,1.387465990150966,-0.06613141383513388,-0.19064956300636263,0.025146268276477104,-0.09999999999999998,-0.35,0.15124999999999889,20
10.1371_journal.pone.0166101,1.0449040802064333,-0.5359516959961075,2.754039373300071,-0.08615180894166685,-0.2606185918743751,0.03617285062697405,-0.050000000000000044,-0.15000000000000002,0.0,20
10.1007_s11238-015-9527-7,0.14394958407357183,-0.7910771378229887,1.2449920935232406,-0.03336326731331474,-0.15511561184616263,0.07107230619896858,-0.09999999999999998,-0.25,0.0,20
10.18564_jasss.3058,-0.16302453501688774,-2.7016940976041215,1.8771357337508676,-0.035240660654802136,-0.13047363207839183,0.06251484257204587,0.04999999999999993,-0.2512499999999999,0.3512499999999989,20
10.1007_s11245-014-9294-z,1.1524326461164813,-1.2655542635693469,3.486386284881169,-0.09143642902091431,-0.2492943249462627,0.03939237560038452,-0.15000000000000002,-0.5,0.19999999999999996,20
10.1007_s00182-015-0520-8,-0.22359645814899842,-1.051394901297818,0.528123744212417,-0.08574144152392227,-0.16509020144741252,-0.015478001471407451,0.04999999999999993,0.0,0.15000000000000002,20
10.1086_684166,0.06306878261566151,-1.699510741563776,1.7127437822985747,-0.034038907007236996,-0.1519743456736965,0.06284347434687705,-0.15000000000000002,-0.5,0.19999999999999996,20
10.1371_journal.pone.0120394,4.157511824289162,2.004545424577617,6.31888082265783,-0.0435235333971693,-0.19666099744370408,0.08771071618642322,-0.050000000000000044,-0.15000000000000002,0.0,20
10.1007_s00191-014-0375-3,0.8201213154739087,-0.6625097810703654,2.5887950193626734,-0.08927630656853192,-0.26101639963164924,0.024795960540057362,-0.050000000000000044,-0.15000000000000002,0.0,20
10.3390_su5020560,-0.1338132903430047,-0.7637970185349797,0.45578286355009484,-0.025278263612656615,-0.09566456272968252,0.03384323423632753,0.0,0.0,0.0,20
10.1111_j.1439-0310.2012.02075.x,-0.607009458935571,-2.0949367756445167,0.7040393333656262,-0.04564231195989232,-0.14825038277839653,0.029349343003955256,0.04999999999999993,0.0,0.15000000000000002,20
10.1371_journal.pone.0041338,-0.6601642728316142,-1.6626157674043158,0.24112154997122837,-0.06179871987136554,-0.14723900860662753,0.02530634440657112,0.04999999999999993,-0.10000000000000009,0.20000000000000007,20
10.1007_978-3-642-18137-5_14,0.024037094095660017,-0.9112374731865164,0.9891888439690656,-0.024519746332103187,-0.14366654087468658,0.06154979656363786,-0.050000000000000044,-0.15000000000000002,0.0,20
10.1111_j.1467-8462.2010.00607.x,0.4087630913743281,-0.6608328742061951,1.9083205187252361,-0.04117054192284175,-0.18858443217643828,0.06424374496655516,-0.050000000000000044,-0.15000000000000002,0.0,20
10.1111_1468-0262.00230,10.275611779122507,6.325704568546209,14.19426033124392,-0.7081111587425748,-1.135411883325002,-0.2854079797477333,-0.30000000000000004,-0.65,0.10000000000000003,20
10.1038_s41467-024-49505-5,-0.4495096134610499,-1.3692062184941063,0.3778412265178365,-0.034326143299977185,-0.11595069406851725,0.034121094538351604,0.04999999999999993,0.0,0.15000000000000002,20
10.1073_pnas.2322072121,0.9964034420686465,-0.29645897355023865,2.843831758622691,-0.1039315596813184,-0.28307908849319224,0.004230185082759145,-0.050000000000000044,-0.15000000000000002,0.0,20
10.1038_s41598-023-41886-9,0.6169647005097332,-0.744470330856593,2.4572683641633333,-0.09120795920815206,-0.2938194762314555,0.03285419176191664,-0.050000000000000044,-0.15000000000000002,0.0,20
10.1017_ehs.2023.15,0.696522789277136,-0.6339902328248126,2.083511833213802,-0.08144547810347236,-0.25518645604010437,0.03721036079073753,0.0,-0.15000000000000002,0.15000000000000002,20
10.1038_s41598-023-33167-2,0.7884172854880651,-0.5993677719622426,1.9176070623638897,-0.2034348042916112,-0.4171384587770477,-0.05781557060193084,-0.050000000000000044,-0.15000000000000002,0.0,20
10.1093_jaarel_lfad001,0.20827992760588376,-0.9487233492717505,1.5269605161552366,-0.05765474528579484,-0.20978459400131777,0.05151367338266364,-0.050000000000000044,-0.15000000000000002,0.0,20
10.1111_ajae.12372,-0.19655012235024394,-2.065075641591044,1.4614573392574859,-0.07012123998007502,-0.25176842085474455,0.047890681717255364,0.09999999999999998,-0.15000000000000002,0.30000000000000004,20
10.1007_s13752-022-00397-y,-0.7376979577487841,-1.3200154913077315,-0.08255251453291604,0.00939534253614216,-0.036122324963923966,0.062069887055885224,0.04999999999999993,0.0,0.15000000000000002,20
10.1371_journal.pone.0267251,0.4866403507424435,-1.2803690887794181,1.9309275400769523,-0.11452380101970949,-0.3118327746446258,-0.003046634063471813,-0.2,-0.45,0.050000000000000044,20
10.1002_ird.2704,2.6103028229337655,0.41094351987790234,4.734950309410936,-0.10523244135269882,-0.2697876368234399,0.01692066577576721,-0.050000000000000044,-0.15000000000000002,0.0,20
10.1142_s0129183121501278,0.6010750803104035,-0.7132784110725666,2.174518525805001,-0.10355107336633929,-0.2775155039363867,0.012994974118039536,-0.050000000000000044,-0.15000000000000002,0.0,20
10.1038_s41598-021-97001-3,6.353009703751961,2.601372387123455,10.493554679279532,-0.3781561624327024,-0.8037988331069027,0.15335964624192833,-0.09999999999999998,-0.45,0.25,20
10.1086_717102,0.5177134735776665,-1.7600087118722603,2.3835106760085516,-0.06875252063120685,-0.23200399670619276,0.03485803290384277,-0.09999999999999998,-0.5,0.3,20
10.1007_s00191-021-00739-2,1.5089740914011793,-0.3526654753217077,3.4375634685933143,-0.0805684296432615,-0.2718304838478102,0.03867877423183698,-0.050000000000000044,-0.15000000000000002,0.0,20
10.1111_vox.13088,0.28181739400084105,-1.1460058119316154,1.9535923149474925,-0.0838072902512309,-0.29143933581332687,0.054917900278650573,-0.050000000000000044,-0.15000000000000002,0.0,20
10.1038_s41598-021-87019-y,1.0663874234812507,-0.4446521792598622,2.7790130154564565,-0.08915304691996206,-0.2869132482284264,0.03894071868844728,-0.050000000000000044,-0.15000000000000002,0.0,20
10.1038_s41598-021-86668-3,-0.9947820494556519,-2.1602067673954117,0.04974966961545327,0.007117004621351231,-0.1055860392916127,0.16868142849418286,0.09999999999999998,-0.15000000000000002,0.35,20
10.1007_s11127-020-00868-5,0.3922686976635248,-0.8808788803461095,2.0019955365894178,-0.09341149825015793,-0.29494901753099584,0.027438699321480495,-0.050000000000000044,-0.15000000000000002,0.0,20
10.1007_s11229-020-02890-y,0.13281238938951834,-0.917084092613024,1.2837071883164437,-0.04799482757293194,-0.16052974983432391,0.04126192914852453,-0.050000000000000044,-0.15000000000000002,0.0,20
10.1371_journal.pone.0236544,0.31834825106683073,-1.047482587629975,1.9129141421497438,-0.09956000958742584,-0.28407908885352295,0.02613534162777402,-0.050000000000000044,-0.15000000000000002,0.0,20
10.1007_s10640-020-00419-y,4.006401291794535,1.1358241529989115,6.826799245648891,-0.09326517887401808,-0.21528732273063264,-0.01248744114374227,-0.25,-0.6499999999999999,0.15124999999999889,20
10.3389_fnins.2019.01160,0.5721526039665257,-0.6852432906964756,2.180570520160982,-0.08375579070827555,-0.2424399011108552,0.031987873881331674,-0.050000000000000044,-0.15000000000000002,0.0,20
10.1093_jleo_ewz004,0.09470832837111942,-1.1651218924039584,1.18274612303624,-0.06925357863529125,-0.184158857997161,0.005432898833229016,0.0,0.0,0.0,20
10.1007_s10657-019-09615-8,0.5659261901833208,-0.9743344781884784,2.0696577900967807,-0.10646025045274854,-0.27298210122113453,0.01495035082654449,0.0,-0.19999999999999996,0.2,20
10.1080_15534510.2019.1641147,0.32006521877410155,-0.9530037872216147,1.9754301316670748,-0.08205875245083938,-0.2657245540658103,0.026850245228039735,-0.050000000000000044,-0.15000000000000002,0.0,20
10.1038_s41598-018-38323-7,2.6831687987905193,-0.2369167602340206,5.337089831898998,-0.10098087186145921,-0.23564227936097362,0.005008004193423777,-0.2,-0.6,0.20124999999999887,20
10.1371_journal.pone.0166437,-0.34765430712513457,-1.7446914800240783,1.0688625500153186,-0.04378663846241526,-0.14047927275745062,0.06696258183546377,0.04999999999999993,-0.20000000000000007,0.3,20
10.1515_amcs-2015-0054,0.42307825135780686,-0.4308456324150605,1.4014873546705435,-0.038625964291641224,-0.13368554098935925,0.04033084473160996,-0.050000000000000044,-0.15000000000000002,0.0,20
10.1111_1468-0106.12034,0.034255721084493373,-2.514916877774697,2.1771827094412974,0.05296628538381831,-0.05098591920850743,0.20904648109844884,-0.050000000000000044,-0.44999999999999996,0.35,20
10.1007_s11284-013-1066-5,4.996701841047693,1.9566838540553955,7.8854032108928385,-0.18708006004014677,-0.3519480437747269,-0.0494833548032572,-0.25,-0.6499999999999999,0.19999999999999996,20
10.1007_978-3-642-13983-3_11,0.15513998744701318,-0.48170980794691093,0.9048751206282231,-0.0321967562890525,-0.10799577184764146,0.030537579812924386,-0.050000000000000044,-0.15000000000000002,0.0,20
10.1007_s11127-007-9269-3,0.6941815444887727,-0.5515805276050603,2.21439248190975,-0.07268751515860927,-0.22258957551083705,0.035900411398778344,-0.050000000000000044,-0.15000000000000002,0.0,20
10.1007_978-0-387-72596-3_8,0.019216558306186293,-0.6502291086329915,0.8554436015214716,-0.011840637472594229,-0.10255498056203388,0.06097650126375234,-0.050000000000000044,-0.15000000000000002,0.0,20
10.1111_j.0021-9029.2006.00042.x,0.7382655974260581,-1.5658805575333288,2.684675011292725,-0.10659202915132115,-0.27171221815447066,-0.0010820453618316807,-0.15000000000000002,-0.5,0.20124999999999893,20
10.1063_5.0215702,0.24281299864309247,-0.9435108187506575,1.4916321325153017,-0.05559954666135991,-0.18539269329921418,0.0447513862683445,-0.050000000000000044,-0.15000000000000002,0.0,20
10.1017_s0007123423000716,0.3055612044270193,-0.9945556885563087,1.9569516128794018,-0.07445867691655705,-0.2487521226840784,0.05054178309896154,-0.050000000000000044,-0.15000000000000002,0.0,20
10.1038_s41598-023-50414-8,0.02955091461324777,-1.3107482104026063,1.1442052464465013,-0.07875502879586027,-0.2063210166743161,0.010289950243226455,-0.050000000000000044,-0.15000000000000002,0.0,20
10.3389_fpsyg.2023.1251276,0.7067946180223021,-0.6567124270587186,2.4962101548833204,-0.0777053039290162,-0.26478670187053205,0.03871332183002167,-0.050000000000000044,-0.15000000000000002,0.0,20
10.1007_s10539-023-09929-7,0.8030152316190255,-0.38225877515488194,2.2209243031957095,-0.08100036944868516,-0.225844473964012,0.029102904806761268,-0.050000000000000044,-0.15000000000000002,0.0,20
10.3389_fpsyg.2023.1198797,0.9700130070566368,-0.35380565142838294,2.6545381686649834,-0.10221034026948694,-0.2938643207495607,0.01045824158092651,-0.050000000000000044,-0.15000000000000002,0.0,20
10.1007_s11238-023-09929-9,1.4507332709832772,-0.922155579266045,3.6272650012868666,-0.14555039781582313,-0.30055065743366616,-0.004057010566420509,-0.2,-0.55125,0.19999999999999996,20
10.1093_pnasnexus_pgad054,0.04544493166910524,-1.4207633836382612,1.3879384167085567,-0.07905550817805762,-0.2517179504353403,0.034650378661069486,-0.15000000000000002,-0.35,0.0,20
10.1371_journal.pone.0275383,0.07622704724543539,-1.8496809140218249,1.7060399725914446,-0.080380257298587,-0.27469425634338684,0.05205916296509027,-0.15000000000000002,-0.4,0.09999999999999998,20
10.1057_s41599-022-01436-6,2.5914426397956687,0.7127408187745101,4.658525898116902,-0.11232115354241368,-0.28016283426552385,0.0022808751600278706,-0.050000000000000044,-0.15000000000000002,0.0,20
10.3390_ijerph192416578,0.370680981630211,-0.8329089429997005,1.9047866925879215,-0.07749618750270248,-0.2551168876725156,0.04006035621909158,-0.050000000000000044,-0.15000000000000002,0.0,20
10.3390_su141912809,-0.4676893051657771,-1.5597151442091102,0.45330990585366765,-0.06974859224921526,-0.17783962905644765,0.021370497437963216,0.0,-0.15000000000000002,0.14999999999999997,20
10.1038_s41598-022-18797-2,0.4245252433790476,-0.5089869444298606,1.5646698392527627,-0.0788925733948288,-0.21335564079540964,0.020568299120309406,-0.050000000000000044,-0.15000000000000002,0.0,20
10.3390_e24091289,-0.5055470152802579,-1.7325109090774211,0.5247079692072508,-0.0577410657739269,-0.17610069907868534,0.04476233222462748,0.04999999999999993,0.0,0.15000000000000002,20
10.3389_fpsyg.2022.794953,0.31238357851130516,-0.8382282281969412,1.5698275051633757,-0.06933171873000465,-0.21969363652045829,0.049420070521130656,-0.050000000000000044,-0.15000000000000002,0.0,20
10.1007_s11238-021-09864-7,-0.01672501515102276,-1.3315043537471587,1.2293224893572416,-0.08667943548210266,-0.26236100925819256,0.031024956963828045,-0.050000000000000044,-0.15000000000000002,0.0,20
10.6092_issn.1971-8853_14196,0.6031551710834808,-0.5981917162999707,2.2537983114009505,-0.097544934926303,-0.27270958839252557,0.021820839955961686,-0.050000000000000044,-0.15000000000000002,0.0,20
10.6092_issn.1971-8853_13764,0.6953744638904809,-0.6110541705141018,2.3103521175772914,-0.09988482652331365,-0.2685182534680383,0.0181334618225749,-0.050000000000000044,-0.15000000000000002,0.0,20
10.1007_s10640-021-00591-9,0.03487058154792422,-1.4257321476177562,1.459793301013633,-0.09884081451742832,-0.2799352521518884,0.017688486076931534,-0.050000000000000044,-0.15000000000000002,0.0,20
10.3389_fpsyg.2021.681664,0.8150340257597097,-0.5277080506542997,2.4362970693345107,-0.10103294142156494,-0.2840967267537452,0.022710207658208293,-0.050000000000000044,-0.15000000000000002,0.0,20
10.3390_g12020041,0.5988719125389235,-0.5324506206688601,1.940305655368737,-0.06521210360164487,-0.20082388474831686,0.042816524214306366,-0.050000000000000044,-0.15000000000000002,0.0,20
10.3390_g12010017,7.892869175813115,4.506416164296754,10.827546390056204,-0.21599102562369427,-0.4152417444178718,-0.04091434281139568,-0.25,-0.6499999999999999,0.19999999999999996,20
10.3390_g11040045,1.166626203631754,-0.4797212102676669,2.9931517753584767,-0.0892520396804729,-0.26042183061759017,0.027569414219928808,-0.050000000000000044,-0.15000000000000002,0.0,20
10.1103_PhysRevE.102.052414,-0.2019215280355482,-0.8522182099126923,0.5573387329106135,-0.028436406734596686,-0.13169138081038773,0.04952705102818045,0.0,0.0,0.0,20
10.1371_journal.pone.0240324,0.544380134853661,-1.5856703166625523,2.378144143545501,-0.10701577178590271,-0.2951528361912675,0.011772501372330633,-0.25,-0.6012500000000001,0.19999999999999996,20
10.1007_s40822-020-00144-3,-0.36107530374259245,-1.7709495464664833,1.1090581142774145,-0.0480919808779946,-0.18464056686790598,0.08286542473040072,0.09999999999999998,-0.15000000000000002,0.35,20
10.1007_s10479-017-2412-8,0.46435739237343565,-1.4223821884082133,2.277018828784174,-0.055612870834606976,-0.2017371880465809,0.06742098899510295,-0.09999999999999998,-0.45,0.25,20
10.1111_soin.12218,0.4344368321425769,-0.7290572783502992,1.6191512108125485,-0.08429085250016077,-0.2331560192024244,0.021703006416390367,-0.050000000000000044,-0.15000000000000002,0.0,20
10.1007_978-981-13-2769-8_2,0.330352667261562,-0.46407225226656956,1.3084025909765948,-0.041423749461347414,-0.14690000749427898,0.02672280085183287,-0.050000000000000044,-0.15000000000000002,0.0,20
10.1038_s41598-017-17481-0,0.8726938506607844,-0.5134049198257785,2.5811189247692226,-0.08427168111811645,-0.24648853293976036,0.027857550985332866,-0.050000000000000044,-0.15000000000000002,0.0,20
10.1111_soc4.12478,-0.67350329697509,-1.6701132655074087,0.2950405627907553,-0.025212551321461718,-0.07860132068605323,0.03198907691291203,0.09999999999999998,0.0,0.25,20
10.1007_s10588-015-9205-x,0.07113242210701021,-1.1240823976343746,1.189209271662595,-0.09628792888993021,-0.23502801985867172,0.014283133078746856,0.0,-0.1499999999999999,0.15000000000000002,20
10.1007_s10955-012-0661-0,0.24571184581497008,-2.2699542763834306,2.1648877193192257,-0.05099451937535493,-0.17280537667363738,0.07310173734949457,-0.09999999999999998,-0.4,0.25,20
10.1111_j.1468-5876.2011.00544.x,14.385327858692968,10.671223186055864,17.99709300026078,-0.43141046311218745,-1.0557596095703634,-0.037724238101716184,-0.25,-0.6499999999999999,0.14999999999999997,20
10.1080_13504851.2011.572844,0.3654573942231467,-1.0716153042238248,1.8403378852721195,-0.10582732987605259,-0.2815011892863664,0.019859865991857264,-0.09999999999999998,-0.25,0.0,20
10.1186_1471-2148-11-345,0.5330293387137672,-1.324856015492218,2.3736730691135035,-0.12726875666612236,-0.3197354878860416,0.05504710796211991,-0.15000000000000002,-0.5,0.19999999999999996,20
10.1007_978-3-642-00128-4_6,0.377915427076549,-0.47243325713978845,1.2624018134792094,-0.03919340393316895,-0.1370295134642284,0.04100958622318124,-0.050000000000000044,-0.15000000000000002,0.0,20
10.1525_sop.2004.47.1.109,4.171710353232807,2.232245353224058,5.782784892320426,-0.03662794699973715,-0.14210120988563654,0.033261212064344806,-0.050000000000000044,-0.15000000000000002,0.0,20
10.1007_s001820050124,0.4582633967036065,-0.5708345920619965,1.617858584288165,-0.06123927560382458,-0.19891821652087688,0.031614817094521026,-0.050000000000000044,-0.15000000000000002,0.0,20
10.1007_s10668-024-05335-5,0.5900991920493981,-1.3656532803476418,2.3455718907740417,-0.15246845955208954,-0.322771624260818,-0.007193229646182301,-0.2,-0.55,0.14999999999999997,20
10.1103_PhysRevE.110.034301,0.1163368592977605,-1.3470235733308122,1.401147740280085,-0.09747977799838259,-0.27786282942545404,0.0276817346243453,-0.050000000000000044,-0.30000000000000004,0.19999999999999996,20
10.1007_s11538-024-01344-7,0.4060753197893341,-0.734094504004271,1.8764584752482734,-0.0768101179834273,-0.2559469041189854,0.03181801619967646,-0.050000000000000044,-0.15000000000000002,0.0,20
10.1371_journal.pone.0307832,-0.1619030642899686,-1.1238570627665367,1.1038132585162508,-0.023149499050611477,-0.16471664197577965,0.07823046183899558,-0.050000000000000044,-0.15000000000000002,0.0,20
10.3390_bs14080638,1.047002557764455,-0.6909641285438395,2.9797344686600664,-0.05750799556554942,-0.2335235263572316,0.07617642999216821,-0.050000000000000044,-0.15000000000000002,0.0,20
10.3390_bs14070601,3.68321283841249,0.820698769387032,6.141796448314925,-0.05356111463724056,-0.1499542427418011,-0.0026476194067183724,-0.25,-0.6000000000000001,0.14999999999999997,20
10.1126_sciadv.adm7968,0.9260653476138865,-0.4816097030687318,2.722748894826422,-0.08555911559851448,-0.24282870616569432,0.03812725214245053,-0.050000000000000044,-0.15000000000000002,0.0,20
10.1080_13504851.2024.2363290,0.5548833923554479,-0.6542758333509664,1.8500859693568286,-0.09015758301617915,-0.25777096223047874,0.02437656949550695,-0.050000000000000044,-0.15000000000000002,0.0,20
10.3390_g15030016,0.45928697033640287,-1.73329578325715,2.3648915020502606,-0.08192160063856191,-0.22023375053177316,0.00817733743665962,-0.25,-0.6000000000000001,0.10000000000000003,20
10.1093_pnasnexus_pgae200,0.26756252497281796,-1.0655165749432938,1.9963962448734962,-0.08208785172009792,-0.2697378795589256,0.05199425292375577,0.0,-0.1499999999999999,0.15000000000000002,20
10.1103_PhysRevE.109.054303,0.6953498367300774,-0.5654912972539098,2.3735079386275912,-0.0722209989948076,-0.23035351301851079,0.04065529548602275,-0.050000000000000044,-0.15000000000000002,0.0,20
10.1017_ehs.2024.18,0.891468984754729,-0.313461938688338,2.5487940420701882,-0.1102629127606033,-0.2643071148527759,-0.0024250868322973334,-0.050000000000000044,-0.15000000000000002,0.0,20
10.1038_s41598-024-57842-0,4.3821330439364905,1.5244647764495887,6.998512466305669,-0.13878750759018077,-0.2840549987417666,0.03852228762006859,-0.2,-0.6000000000000001,0.19999999999999996,20
10.1007_s40881-023-00159-x,0.1759337472520457,-1.3803875673747035,1.761221597218274,-0.09533184438729692,-0.2787510785478316,0.029620806188393592,-0.050000000000000044,-0.15000000000000002,0.0,20
10.1007_s11238-024-09977-9,0.574576026058903,-0.8342538571644209,2.3798292577578115,-0.0851888781421557,-0.2514471735159878,0.039768074855169575,-0.050000000000000044,-0.15000000000000002,0.0,20
10.1007_s40881-023-00157-z,0.4030487907791178,-0.9000945637843689,1.8124690465285753,-0.10265515621359123,-0.25496752228023317,-0.0005999163251583761,-0.050000000000000044,-0.15000000000000002,0.0,20
10.1111_exsy.13527,1.0067929560445545,-0.2281110489169694,2.599272389895251,-0.08068657320403672,-0.24917091689937,0.017815080743592972,-0.050000000000000044,-0.15000000000000002,0.0,20
10.1007_s40881-023-00153-3,4.083892195523128,1.1944207157245876,7.075017841581293,-0.08881767997446999,-0.2516561071897271,0.030203681767081318,-0.2,-0.55,0.24999999999999994,20
10.3390_bs14010039,0.9442957339080316,-1.0681720860776867,2.9280603895449326,-0.1215766358059458,-0.28977803620542253,-0.0021451088187132363,-0.25,-0.6000000000000001,0.09999999999999998,20
10.1017_psrm.2023.52,4.535824384406188,1.6243877829185638,7.313159351608243,-0.13397339616572823,-0.2874044380282299,-0.0051294709870743655,-0.25,-0.6012500000000001,0.14999999999999997,20
10.1007_s10539-023-09936-8,0.16931126762438886,-1.0430458658839923,1.6140924157535188,-0.09136807803240055,-0.2385262929144588,0.011837225085288297,0.0,-0.10125,0.15000000000000002,20
10.3390_g14050065,2.384433426746617,-0.578349470969811,4.964583972080322,-0.14016448352696653,-0.3006842871300307,-0.013376735755059488,-0.2,-0.55,0.2,20
10.1007_s00265-023-03380-0,0.09172946944717975,-1.1246121217896041,1.3650460702192666,-0.07642890481619669,-0.23116154889970977,0.040793738834338976,-0.050000000000000044,-0.15000000000000002,0.0,20
10.1111_ecin.13171,1.0880485298168425,-0.43160489447777395,2.793138987814756,-0.07432510220769328,-0.23593277913848165,0.04145564837678172,-0.050000000000000044,-0.15000000000000002,0.0,20
10.1007_s40881-023-00137-3,2.399103916874611,0.4735195793533056,4.480812504940302,-0.14306192538560575,-0.35447323649934875,-0.012324821752630562,-0.050000000000000044,-0.15000000000000002,0.0,20
10.1073_pnas.2207029120,0.06693838830617338,-0.8324461575017272,0.966454464391523,-0.05246424371174496,-0.1458780345481127,0.04082929207455488,0.04999999999999993,0.0,0.15000000000000002,20
10.1007_s11238-023-09931-1,6.268529977904087,3.1448936527015086,8.976186232051028,-0.07067080308502427,-0.29509770209803865,0.07323881001993171,-0.25,-0.6499999999999999,0.15124999999999889,20
10.1371_journal.pone.0282112,-0.08609481319185885,-0.8410190197962297,0.6429328887953298,-0.027349511247585223,-0.09350799994990987,0.026361520903082563,0.0,0.0,0.0,20
10.1002_soej.12626,0.8200532968650132,-0.49489822868925537,2.665069961020847,-0.08805113707714207,-0.26692899211808857,0.022269766029288585,-0.050000000000000044,-0.15000000000000002,0.0,20
10.1080_13504851.2022.2156458,0.03574358304566161,-0.9324907461147699,1.071715556261237,-0.0549215080911567,-0.17680316114362452,0.03334464795702135,-0.050000000000000044,-0.15000000000000002,0.0,20
10.1080_02699931.2022.2146057,0.5637337344385758,-0.3719625148061661,1.762536165319023,-0.06976421997842974,-0.19270018767038588,0.011968603063193164,-0.050000000000000044,-0.15000000000000002,0.0,20
10.3389_fnhum.2022.967090,-0.032969974176574546,-0.7322038452425144,0.6687961455782699,-0.033768506850665125,-0.12305690228051108,0.03115205528948328,0.0,0.0,0.0,20
10.1371_journal.pone.0273014,3.002460295535756,0.13244166315700912,5.378870380911079,-0.09111214264337053,-0.29245798024592834,0.04824224262409629,-0.25,-0.6499999999999999,0.14999999999999997,20
10.1007_s11238-022-09897-6,-0.044285616305595354,-0.9678185865593745,0.9310147402527943,-0.05709406965233088,-0.20143548351692733,0.055916734202292484,0.0,-0.15000000000000002,0.15000000000000002,20
10.3390_math10152823,2.949820835667322,0.25357886637084215,5.357278433985343,-0.10922497502582795,-0.28659815133599403,0.028251509228092605,-0.2,-0.6000000000000001,0.25,20
10.1007_s11403-022-00363-8,0.12942864659897335,-2.0108179820256296,1.7170910991541992,-0.08283016510361474,-0.26968964240204724,0.03910932962151406,-0.050000000000000044,-0.3,0.19999999999999996,20
10.1007_s10683-022-09758-7,0.5588801479524728,-0.706541011408192,2.2367334244487815,-0.10326222555726672,-0.29411379905899643,0.02038782213688879,-0.050000000000000044,-0.15000000000000002,0.0,20
10.1007_s11229-022-03743-6,1.4783068595212443,-0.24555407082100292,3.367840748549386,-0.08138104633891163,-0.26485738077196586,0.028172972668024213,-0.050000000000000044,-0.15000000000000002,0.0,20
10.1007_s11229-022-03717-8,0.6490184893923452,-0.5806423445303738,2.155598550267066,-0.05071392828038268,-0.18329703892618984,0.051000352020879644,-0.050000000000000044,-0.15000000000000002,0.0,20
10.1142_s021759082246002x,7.8005932639961975,4.6173792392777,10.728373547351854,-0.22602946225528225,-0.47957043871497773,0.015086192952339504,-0.2,-0.6,0.2,20
10.1155_2022_5508783,0.6972007114933403,-0.5501506224400919,2.454815577431368,-0.0824609538500064,-0.25678704652107676,0.03702150242084958,-0.050000000000000044,-0.15000000000000002,0.0,20
10.1371_journal.pone.0268019,0.43530461988098956,-1.0022533058917014,2.0285420994161396,-0.10589507495754857,-0.2822038796047265,0.02660836020104253,-0.050000000000000044,-0.15000000000000002,0.0,20
10.1007_s00355-021-01363-6,0.44916946232123056,-0.9790223282618866,2.060832465868421,-0.10361086634156036,-0.2773384139584979,0.011414610005390525,-0.050000000000000044,-0.15000000000000002,0.0,20
10.1111_jems.12451,-0.039582953909796714,-0.9600480859161671,0.7685520046787633,-0.06098770388415786,-0.19498910014291498,0.030184505919061858,0.0,0.0,0.0,20
10.3390_g12020050,0.444635562585308,-1.7446276038736908,2.098697310036381,-0.09224272302766301,-0.28711174107196763,0.03245354631184945,-0.25,-0.55,0.05124999999999891,20
10.1109_access.2021.3128647,-0.745481629540679,-1.9315734370450228,0.20229603693161408,-0.0044948432683673545,-0.10157687086012733,0.09664930738095795,0.09999999999999998,-0.15000000000000002,0.35,20
10.1111_ssqu.12910,0.6401819053587259,-0.5895413085861485,2.1814670316527316,-0.07709218150906094,-0.2483515997687891,0.03430257700308417,-0.050000000000000044,-0.15000000000000002,0.0,20
10.1007_s12124-020-09571-y,0.3859061890958069,-0.4886100983531623,1.243817732346794,-0.05012803394975296,-0.14495629879052704,0.0236071659212261,-0.050000000000000044,-0.15000000000000002,0.0,20
10.1007_s10640-020-00471-8,0.06884023431403907,-0.9056307084089602,1.1275266061666405,-0.07240077470075579,-0.18294283364683145,0.016643354995021644,-0.050000000000000044,-0.15000000000000002,0.0,20
10.1080_17419166.2020.1756264,0.43017887802612,-2.007426945410395,2.5224082642630057,-0.1571253423210745,-0.3458585019327025,0.006976057414108289,0.0,-0.25,0.25,20
10.1109_access.2020.2995658,1.2642898313077424,-1.38121608575642,3.3993395857896527,-0.057303921599274776,-0.21004868242523217,0.0516274759431317,-0.15000000000000002,-0.55,0.25,20
10.1111_jels.12231,3.779691998517932,1.3541261650916347,5.947374058863486,-0.0669036464445305,-0.22880868959384118,0.06438937127855916,-0.050000000000000044,-0.15000000000000002,0.0,20
10.1002_pchj.259,1.2253807470285558,-1.1909203448868204,3.666198803705251,-0.16812304600352507,-0.46673167971963764,0.04783377796781173,-0.15000000000000002,-0.5,0.2,20
10.1007_s11403-017-0195-2,0.4046967158745902,-1.304873754030262,1.8386398770831938,-0.09977245744824814,-0.2481916568647402,0.015989164097002958,0.0,-0.25,0.3,20
10.18564_jasss.3336,0.862185748584964,-1.240874644598063,3.023378233925037,-0.006709929684769578,-0.16180232645147039,0.17700603813649518,-0.09999999999999998,-0.45,0.24999999999999994,20
10.1007_978-981-10-6439-5_8,0.24064582091766962,-0.8029790123944691,1.51496142902866,-0.028543244969666537,-0.17759946976691218,0.06664926949301399,-0.050000000000000044,-0.15000000000000002,0.0,20
10.1007_978-3-319-29354-7_9,0.2653457317740955,-0.8134350417820465,1.6378969949670978,-0.045797578005612904,-0.1749605843294645,0.054706831428921465,-0.050000000000000044,-0.15000000000000002,0.0,20
10.1057_978-1-137-50247-6_2,-0.014405497751992513,-0.65743464009731,0.699323156491257,-0.01732921580983182,-0.09958121580261549,0.054899658328785884,-0.050000000000000044,-0.15000000000000002,0.0,20
10.1155_2014_148915,0.03700372226068005,-2.0742449517618287,2.006396494887378,-0.08948803627436286,-0.22237004501214766,0.02819208374614678,0.0,-0.35,0.30000000000000004,20
10.1017_s1355770x12000381,0.018788033944735716,-0.4167007322256383,0.5109451224667295,-0.011197616259411514,-0.07739976347325091,0.03538274918232716,0.0,0.0,0.0,20
10.1007_s00355-010-0493-2,-0.24376636991464462,-1.1877803107191838,0.6573537455687302,-0.06553106876055581,-0.17088773655682554,0.022553052637645083,0.04999999999999993,0.0,0.15000000000000002,20
10.1177_1046496404266546,0.6825923430085004,-0.7709949064981115,2.501253933576575,-0.08102888104324846,-0.26150710682131745,0.03848235789797445,-0.050000000000000044,-0.15000000000000002,0.0,20
