variation,rmse,rmse_ci_low,rmse_ci_high,correlation,correlation_ci_low,correlation_ci_high,directional_accuracy,directional_accuracy_ci_low,directional_accuracy_ci_high,n
10.1162_003355399556151,14.814922133925402,11.82717358455681,17.91864945987191,0.3240716484654104,-0.17733990857909251,0.7044618770597597,0.45,0.25,0.65,20
10.1038_415137a,7.541625162194904,4.495509113055757,10.465231452050439,0.37592312101179454,-0.11605398984826722,0.7832293750614918,0.65,0.45,0.85,20
10.1257_aer.90.4.980,9.818875595924016,7.058660472973179,12.718110559661046,0.24184439081738746,-0.2170842266239014,0.6873923984623161,0.45,0.25,0.65,20
10.1257_jep.14.3.137,5.750225409550723,3.0466869828148924,8.364625781017176,0.6929662833767798,0.32819643312291075,0.9140434848981871,0.7,0.5,0.9,20
10.1126_science.1153808,7.702227078904793,5.405465815217647,9.709690247745446,0.5439976507184063,0.13976972373965574,0.7896304798178061,0.6,0.35,0.8,20
10.1073_pnas.0630443100,10.201576610357414,7.404088072044814,13.386049086752672,0.17848586145075204,-0.23963300539747664,0.6890763013398308,0.4,0.2,0.6,20
10.1126_science.1100735,6.064421822531999,4.480806206090241,7.628388401857235,0.6503725319976067,0.345171288485084,0.8437076532286022,0.65,0.4487500000000001,0.85,20
10.1126_science.1127333,6.439231553385471,4.152001209486778,8.549644599297224,0.5213072548594383,0.10705062521507872,0.8173883254281825,0.6,0.4,0.8,20
10.1007_s10683-010-9257-1,6.524528095039541,4.788282331193635,8.049340243960804,0.6105481853712872,0.255130272449029,0.819058649127829,0.55,0.35,0.75,20
10.1007_s12110-002-1012-7,14.681361822261099,11.695626508114701,17.448146734232495,0.20126786392021298,-0.18335540903282552,0.6141035116486672,0.5,0.25,0.75,20
10.1257_aer.99.1.431,7.047037358659207,5.073739383938868,8.841018020192724,0.5551613519796847,0.17618436757043468,0.8043725869569276,0.6,0.4,0.8,20
10.1038_nature02978,7.082400589009752,5.219092050589644,8.765697030876007,0.577433056172096,0.17778502619062753,0.8198758462464774,0.6,0.4,0.8,20
10.1126_science.1123633,14.76299950683252,11.657910267656705,17.681797600531432,0.044906365425642344,-0.3376334972385607,0.44977443446539866,0.5,0.3,0.7,20
10.1126_science.1141588,10.198171388844164,8.052715881902536,12.189817193746563,0.6353052089830385,0.37140473407916214,0.8156784376456677,0.65,0.45,0.85,20
10.1038_nature04981,6.805410598776191,4.62547798778388,8.758259453906392,0.5421449260613934,0.14860395596001624,0.8107564415146049,0.65,0.45,0.85,20
10.1038_nature06723,6.676608366991642,4.719203785871041,8.340152079271602,0.5705135263192577,0.17905455829880923,0.8068337565326067,0.6,0.3987500000000001,0.8,20
10.1257_000282803321455359,5.888000815122574,4.207663361760587,7.621164762657031,0.5841756586054221,0.23977996664990114,0.8191353677834293,0.65,0.45,0.85,20
10.1073_pnas.0913149107,6.906218158830105,4.712901482775785,9.088218769678056,0.5467947082722194,0.140549051543572,0.8201552980255917,0.55,0.35,0.75,20
10.1126_science.1177418,6.616758364583136,4.595369038639586,8.596244241618264,0.5573249971612037,0.18596568658322635,0.8098066935122389,0.65,0.45,0.85,20
10.1038_nature01474,8.931540245060999,6.345241490338059,11.117031811951508,0.553004965128136,0.13873023350870992,0.8297410997775192,0.6,0.4,0.8,20
10.1073_pnas.1108243108,8.050178872633047,5.761238832837285,10.294417452373615,0.535566861692361,0.17470139922412975,0.7948153099834115,0.6,0.4,0.8,20
10.2307_2667052,8.316173265488903,6.365179393639278,10.167448724423773,0.6015900545491906,0.31239040813427726,0.7978607915381296,0.6,0.4,0.8,20
10.1073_pnas.161155698,6.988903181981864,4.829411124075899,9.06169035427279,0.670805649915905,0.3711974310104517,0.8600414407074414,0.65,0.45,0.85,20
10.1098_rstb.2009.0134,6.126204039585901,4.464313586888099,7.681447724850323,0.6238530456027208,0.36736143829727697,0.8216973985390603,0.7,0.5,0.9,20
10.1126_science.1183665,5.972366365246357,4.3524447855411355,7.448729924956617,0.747170345676192,0.47594895220317085,0.9134233561720546,0.75,0.55,0.9,20
10.1038_nature09203,8.115552817813693,5.9788544933785195,10.119317074441254,0.5815651490631469,0.1964563747271382,0.830614695250499,0.6,0.4,0.8,20
10.1017_s0140525x11002202,6.703202216391256,5.009954813340433,8.210525841164442,0.6145662872682182,0.30766665011012156,0.8314433535947112,0.65,0.45,0.85,20
10.1038_nature05229,7.654404497775768,5.272661781419933,9.949707044101615,0.5570700465122875,0.18604552552496229,0.8077422859364294,0.6,0.4,0.8,20
10.1126_science.1193649,7.344333627631454,5.31070869586047,9.363992364857578,0.49314732240457876,0.09285973679674255,0.774377948527873,0.5,0.3,0.75,20
10.1257_000282803322157142,8.979533890414578,6.189318841212843,11.663190451989818,0.4490564057018219,0.03456051709610908,0.8218481264787733,0.55,0.35,0.75,20
10.1073_pnas.0500938102,16.736945476620438,13.036793712647922,20.18821154747078,-0.19689072477127378,-0.48991868817939643,0.15675525583661437,0.45,0.25,0.7,20
10.1002_per.474,7.5651953413604955,5.107858753784459,9.886115934682191,0.5500446826094969,0.14625899385302718,0.8183988638879358,0.6,0.4,0.8,20
10.1098_rspb.2003.2336,10.461097805324265,7.423436188283595,13.584936710032485,0.2943076274516568,-0.20266755963208619,0.6578934994284643,0.55,0.35,0.75,20
10.1103_PhysRevE.83.036101,8.428629039707747,6.0838271555897645,10.75244691635363,0.5780054469199547,0.21772839167293145,0.8235272466608212,0.6,0.4,0.8,20
10.1111_j.1465-7295.2007.00051.x,7.565466642310018,5.27383977446929,9.944483345126255,0.5124365536878398,0.12861769117085062,0.804608333646393,0.55,0.3,0.75,20
10.1073_pnas.0502399102,6.786656323848105,4.850992912359615,8.465527284835627,0.5956479764723646,0.24622798164794787,0.8211817603281811,0.55,0.35,0.75,20
10.1038_nature16981,7.053155576661561,4.828676570029433,9.257281050833361,0.5412500765932198,0.10953474115570348,0.8243342141388149,0.55,0.35,0.8,20
10.1371_journal.pcbi.1000758,8.60183048277745,6.354851480140152,10.627460784727543,0.48530114419220666,0.11277903138485275,0.7679600431467152,0.55,0.35,0.75,20
10.1017_s0140525x11000069,6.280313119083923,4.342599660212147,8.08612659212061,0.6965818378030342,0.39086977214276203,0.8754280771295606,0.65,0.45,0.85,20
10.1111_j.1467-937X.2010.00608.x,5.641752750887065,3.854036798199455,7.308872791830418,0.5869493628454364,0.18171256132814376,0.8408108840768459,0.7,0.5,0.85,20
10.1098_rspb.2007.1558,8.42665368304,5.948968264871477,10.670426780375097,0.5230578035282021,0.13010425043247995,0.7843210193198614,0.6,0.4,0.8,20
10.1038_nature16980,6.711976997807164,4.790044990064364,8.34667056713052,0.5471112013958918,0.1405841772707627,0.80391697627262,0.6,0.4,0.8,20
10.1073_pnas.0504902103,6.620729477442902,4.2870267568324785,8.696501715730559,0.6170774743834391,0.26347855269885934,0.8654492419355226,0.6,0.4,0.8,20
10.1111_j.1468-0262.2005.00644.x,5.6225686434371545,3.80758264668506,7.217676799862704,0.6131303590731438,0.2637425552489897,0.8405695096402611,0.75,0.55,0.95,20
10.1038_nature07601,7.806723237127767,5.523102641833803,10.20576361886937,0.5483250459880327,0.15524023668284098,0.8175323792904674,0.6,0.4,0.8,20
10.1126_science.1145850,7.5408918932368545,5.4673236823218545,9.641706693377193,0.5664006742638703,0.22095205290172176,0.8053228410243102,0.5,0.3,0.7,20
10.1038_ncomms1442,13.7332018182234,11.43814405629943,15.899746710681883,0.6298820699617137,0.3523781610264044,0.8290010798502108,0.6,0.4,0.8,20
10.1126_sciadv.1601444,7.062993678491054,4.724282533224574,9.188249905408359,0.5518742792745301,0.18027584796507445,0.8262684700237451,0.6,0.4,0.8,20
10.1126_science.1183532,6.646351086551968,4.952779172628857,8.262147630709991,0.6334521290403233,0.2845181190028161,0.833884545897913,0.6,0.4,0.8,20
10.1038_ncomms5939,6.973862472435732,4.96342563776538,9.041943156734304,0.5599079103841976,0.15258566442913227,0.8280278957609158,0.65,0.45,0.85,20
10.1073_pnas.1105604108,10.858194520245556,8.586515630797567,13.110712882090462,0.4095525200977297,0.10122057109434579,0.7152335848980487,0.5,0.3,0.7,20
10.1073_pnas.1707505115,9.56417106111301,6.878299615961545,12.327482388460991,0.5182353120574247,0.09000741001573312,0.7955191634109812,0.6,0.35,0.8,20
10.1111_j.1468-0262.2004.00511.x,6.49807759058635,4.270701499110912,8.374644265728248,0.6092942965540078,0.3075161268030163,0.8468882275011083,0.65,0.4487500000000001,0.85,20
10.1073_pnas.1421402112,6.761331295939283,4.865177536948857,8.383583436682432,0.5785334079497448,0.2585033225463133,0.8131020450053495,0.6,0.4,0.8,20
10.1007_s10683-007-9171-3,8.835815241374284,6.54573020155645,10.997054656795811,0.5174378210358489,0.10564936523840267,0.7971967875356809,0.45,0.24875000000000008,0.65,20
10.2307_2297904,11.23135275978264,7.870378368348106,14.508068170866984,0.25024701660493176,-0.10180342304447113,0.6554708983256896,0.55,0.35,0.75,20
10.1111_j.1467-9442.2006.00444.x,7.426322854686109,5.205184536185886,9.604567035282502,0.5438206324155963,0.08216942193375523,0.8263600264550436,0.65,0.45,0.85,20
10.1103_PhysRevX.7.041027,7.71197217812555,5.118023707911574,10.32054162272359,0.6214492931798139,0.25726587883636337,0.8595170456481296,0.5,0.25,0.7,20
10.1038_nn.3087,11.46380831609008,8.318839720088466,14.484213146125176,-0.0019741245842954712,-0.34149197484409516,0.38735440310886776,0.5,0.3,0.7,20
10.1103_PhysRevX.3.041021,7.016542869862768,4.852299979959223,8.922199029565082,0.5562727246637393,0.19084190877565707,0.830529120359294,0.6,0.3987500000000001,0.8,20
10.1007_s12110-005-1017-0,6.312548948786065,4.462839983255655,7.95506662032892,0.575029233005644,0.23196617614684806,0.8357007506057391,0.75,0.55,0.95,20
10.1126_science.1241399,7.766776500650178,5.62608082423203,10.09454987036346,0.3950738834269121,-0.04502204071889008,0.7233881132668695,0.5,0.3,0.7,20
10.1103_PhysRevE.92.012819,6.8348381379890135,4.770515219375723,8.697118572503424,0.6002774750870199,0.2537659353152087,0.8268234494641281,0.6,0.4,0.8,20
10.1073_pnas.0808450106,6.577520189267343,4.823317692809234,8.096736866373258,0.6024278613094326,0.25072583504027357,0.8091417569478759,0.65,0.4487500000000001,0.85,20
10.1007_s10683-017-9527-2,7.216110813075169,5.2585300387321805,9.05116940142647,0.584524961041402,0.24990636942809485,0.8122026449562078,0.6,0.4,0.8,20
10.1257_aer.99.4.1335,7.440004800666091,5.0634740010775925,10.205831854814628,0.5414803687275179,0.09740426045500077,0.8681251215123239,0.65,0.45,0.85,20
10.1111_j.1468-0297.2005.01031.x,5.88881515089893,4.136977667370355,7.309362306871478,0.5937283517278676,0.1576354394466126,0.8130175053732348,0.65,0.4,0.85,20
10.1073_pnas.1105456108,8.847813208289892,6.359695958044937,11.443435895455519,0.4596967623752192,-0.01003640336508627,0.7814315842691781,0.5,0.3,0.7,20
10.1098_rsbl.2005.0344,9.731376108453718,7.44126599654208,11.726097207194817,0.5457582243202248,0.0889966872334601,0.8265424503672854,0.35,0.15,0.55,20
10.1007_s00199-007-0212-0,12.727891592958706,10.19074631199885,15.285170684507161,-0.02842402634066148,-0.45096431491469247,0.3853205922183981,0.4,0.2,0.6,20
10.1098_rstb.2010.0135,6.548983629454235,4.471018725153155,8.422015397610302,0.5575739776714542,0.12037073932605769,0.8287254264715121,0.65,0.45,0.85,20
10.1038_srep03055,7.107970622208807,4.838801940669321,9.53041893706739,0.491652881002416,0.09020863007264551,0.7880531035425038,0.55,0.35,0.75,20
10.1073_pnas.0507229103,6.502121404198836,4.896419863151238,8.08549798431175,0.5499549043790215,0.21946656732174918,0.7995880726151344,0.75,0.55,0.9,20
10.1086_425623,7.330940416516855,4.140320822914667,10.340945833377527,0.5673513076261484,0.10542728218567683,0.8796922596045289,0.7,0.5,0.9,20
10.1016_j.jtbi.2010.06.010,19.739798830112846,17.446740066015376,21.829378418083532,0.575895027202866,0.1449845564670063,0.8194760161928164,0.6,0.35,0.8,20
10.1007_s12110-005-1000-9,6.668347932258109,4.594208412155616,8.418752949254815,0.5696448274982581,0.1701667618093615,0.8188794540336852,0.65,0.45,0.85,20
10.1098_rspb.2008.1082,6.433869571510721,4.57147032884419,8.166765524475078,0.5812491367782573,0.185878962980855,0.8284388277601927,0.55,0.3,0.75,20
10.1257_aer.100.1.420,19.989817057939856,12.797289300200289,26.610034520366554,0.3000980897559283,-0.14895580791894822,0.70683770390771,0.55,0.35,0.75,20
10.1098_rspb.2010.0065,6.458794066047326,4.539861460116141,8.230240478591472,0.5932233684061358,0.2163669376884874,0.8126594867216917,0.6,0.35,0.8,20
10.1257_0895330027265,6.438110373815122,3.768699282321587,9.168869640949604,0.5560415337317139,0.16172802653951407,0.8608622252108324,0.75,0.55,0.9,20
10.1098_rspb.2007.1517,6.205443983034849,4.678232904727156,7.498223983096956,0.5889252570170737,0.25558323986548875,0.8073648101092407,0.75,0.55,0.9012499999999989,20
10.3389_fphy.2018.00107,6.065765460169609,4.460708812490484,7.526773351574826,0.6503302707140338,0.3222387023184215,0.8550370382892848,0.65,0.45,0.85,20
10.1038_srep00344,7.46660487486818,5.469944926063645,9.336918580088486,0.5982659983900777,0.2512270287322222,0.8317460373843599,0.6,0.4,0.8,20
10.1103_PhysRevE.84.046106,6.59472250169147,4.490281053620948,8.469896920538282,0.6182173247427423,0.2593918126905146,0.8528054700500124,0.65,0.45,0.85,20
10.1038_nclimate1927,7.1496782777472445,5.099444753631015,9.206687630920598,0.5333434247534086,0.11594756128793827,0.8130558406511241,0.75,0.55,0.9,20
10.1073_pnas.1703857114,8.88650679344794,6.486034213875499,11.553508561599891,0.6187329555754877,0.15924402958498485,0.8578168182589745,0.45,0.25,0.65,20
10.1016_j.jtbi.2013.02.008,6.280534697943342,4.542728333827899,7.9665744705093635,0.6100018253548072,0.3011317541691769,0.823881504110935,0.6,0.4,0.8,20
10.1111_j.1465-7295.2009.00268.x,6.782084508480924,4.106081426798462,9.460885708590698,0.5557971610046252,0.11955017808019136,0.8607740564937258,0.65,0.45,0.85,20
10.1073_pnas.1120867109,6.427323859837777,3.9517294428810974,8.81638239321368,0.5973241165757757,0.24154521590440095,0.8662119547130036,0.65,0.45,0.85,20
10.1073_pnas.0407370102,6.867796985375551,5.179690682782403,8.250473320405808,0.584436309365254,0.26446470110788006,0.7998095623604932,0.65,0.45,0.85,20
10.1162_jeea.2005.3.2-3.303,7.00351763493087,5.067162702815612,8.728628756286009,0.5370928139132534,0.157432889383661,0.7821924816912856,0.65,0.45,0.85,20
10.1111_j.1468-0297.2009.02288.x,8.004276603097669,5.613623424256155,9.95933622277419,0.524327196349714,0.12045497364498382,0.7829201760798941,0.6,0.4,0.8,20
10.1002_hbm.21298,6.974759837509905,4.917905478161379,8.798213695445531,0.5530078411256659,0.1827753664924027,0.7996211074027545,0.6,0.4,0.8,20
10.1093_ei_cbi045,6.133037944882102,4.891414583520627,7.409520315891267,0.5097580927834561,0.22849689602977855,0.7244355510761753,0.75,0.55,0.95,20
10.1103_PhysRevE.81.057104,8.642397374604508,6.471072405613461,10.648581506517681,0.42716974409293573,0.0901291900284111,0.7947136523434447,0.65,0.45,0.85,20
10.1016_j.jtbi.2008.09.015,6.767913838651311,4.75140574437202,8.623388919051994,0.5508754896036916,0.2077087917307166,0.8061265212238832,0.6,0.4,0.8,20
10.1073_pnas.1115219109,9.448005324808975,6.4854892260246215,12.266979097218789,0.38899472130041884,0.038515402961107836,0.7341280425327078,0.45,0.25,0.7,20
10.1523_jneurosci.2761-12.2013,7.656023354425233,5.129530513780477,9.851621251782552,0.5700971028954681,0.24167065871118323,0.8157816292307668,0.6,0.4,0.8,20
10.1037_a0019861,7.81511135026101,5.35514034118235,10.258083238594896,0.5642879244143955,0.19714224734580013,0.8040292759804902,0.6,0.4,0.8,20
10.1098_rspb.2012.0937,6.74898307084015,4.72897242899097,8.558937270967686,0.5618695793910119,0.17665425445345828,0.79611135796785,0.6,0.35,0.8,20
10.1371_journal.pcbi.1006347,7.04255862050479,4.688515528130191,9.290912843897177,0.5174953413886828,0.1175339711684474,0.8021651613336803,0.6,0.4,0.8,20
10.1073_pnas.0905918106,7.554204851271911,4.9934425182479165,9.781820087462368,0.5506619507442475,0.1614784680495243,0.8028483370054889,0.6,0.4,0.8,20
10.1038_srep23919,9.07955870228863,6.580355489650275,11.305571318312092,0.5966884635849931,0.24423226444441015,0.8387301821941424,0.6,0.4,0.8,20
10.1098_rspb.2011.0805,7.1645320692046415,5.222028215691249,9.051549556739896,0.556789504257701,0.18399083579154915,0.8087763329965544,0.5,0.3,0.7,20
10.1103_PhysRevE.95.052316,7.276881426861276,5.185902179043327,9.230641519140427,0.5636217723060907,0.18242629866566049,0.8111821067759157,0.6,0.4,0.8,20
10.1098_rspb.2010.1275,11.68589253301286,8.99696242271292,14.19572556979501,0.3205986637299229,-0.06481866916418819,0.6400061886853488,0.6,0.4,0.8,20
10.1073_pnas.1413170111,6.997941274136012,5.032881593675074,8.807972995538512,0.5658140798673394,0.18295452250697933,0.8001906585471251,0.6,0.4,0.8,20
10.1038_srep07843,7.358015563006677,5.586851401508237,8.970808669543079,0.5165918123592635,0.13139352307749885,0.7549420361747321,0.65,0.45,0.85,20
10.1038_nature07184,6.537778863541337,4.02423369804876,8.879906348340347,0.5650092142948312,0.11248383385647226,0.8388270972503594,0.7,0.5,0.9,20
10.1093_restud_rdt022,8.675154738042506,6.263813890628265,11.29346594998117,0.467612622933652,0.00910694892991301,0.802905000569975,0.55,0.35,0.75,20
10.1111_j.1548-1433.2008.00024.x,6.696997588964142,4.407261578484262,8.701802289565002,0.5714448997514541,0.15565139232963957,0.8346573816753013,0.65,0.45,0.85,20
10.1103_PhysRevE.91.042810,7.021820849558222,3.911106441835542,9.7070390041042,0.5337827302771642,0.04419901419876365,0.8620209572706101,0.65,0.45,0.85,20
10.1007_s10683-010-9266-0,6.817062557979452,4.746262686146489,8.820310194386304,0.547180686474659,0.16639605247445305,0.8198843864998181,0.6,0.4,0.8,20
10.1023_b_Exec.0000040559.08652.51,6.728551541272662,4.722700182023797,8.658840722451155,0.5481907608996012,0.18499505613809383,0.8165793526725392,0.6,0.4,0.8,20
10.1111_j.1540-5907.2012.00596.x,8.307983539557965,5.762923202691951,10.777432198597111,0.3806974126545149,-0.09890105720928007,0.7213568044457623,0.45,0.25,0.65,20
10.1126_science.1178883,6.693246533686311,4.650605208555418,8.353025967879843,0.561316851187698,0.16029681952177463,0.8122743042893775,0.6,0.4,0.8,20
10.1046_j.1461-0248.2002.00358.x,7.299138097494724,5.006182973280741,9.62407382142337,0.5491444004643526,0.12141259164456675,0.8403534213777343,0.5,0.3,0.7,20
10.1038_s41467-020-17286-2,6.79967069247644,4.6305565038454555,8.657327894553225,0.5652095377172845,0.18318922878272434,0.8168683220644525,0.6,0.4,0.8,20
10.1086_588262,6.291673663295978,4.632185938542438,7.932194998958108,0.6036678991715597,0.29022535928842025,0.810258245964723,0.7,0.5,0.9,20
10.1086_518568,6.944050741499697,4.736666975314201,8.734854734659793,0.6002329947578532,0.24656825847111669,0.824553073701112,0.6,0.4,0.8,20
10.1063_1.5051422,8.63661377707187,6.22524085744705,10.669022726999227,0.5956615772320011,0.24195439709069916,0.8137664334046044,0.6,0.35,0.8,20
10.1098_rspb.2012.0615,6.289184302862021,4.2481569994240385,8.277779860592494,0.5914019182275442,0.18120486683768433,0.831970244703154,0.7,0.5,0.9,20
10.1038_srep00458,5.521358870150249,4.055415177507705,6.7837723173281335,0.7032757016493876,0.45382878941305443,0.8570290686157364,0.6,0.35,0.8,20
10.1037_a0027026,6.087520508697316,4.33349529873848,7.7753760276672566,0.6547190942750526,0.35652425391480824,0.8715420609237202,0.65,0.45,0.85,20
10.1038_srep46634,6.7404384202696885,4.751217756280281,8.58631171750671,0.5616096543520694,0.18539080739997912,0.8080154402086964,0.6,0.4,0.8,20
10.1371_journal.pone.0045662,7.09185862109901,5.0226556879390465,8.863270633714608,0.546356602273118,0.1886177763773028,0.796728337595493,0.55,0.35,0.75,20
10.1257_aer.20120700,7.074415716970019,4.871918715695495,9.334525669487327,0.5003407968583209,0.07206439078111963,0.7928350134476914,0.65,0.45,0.85,20
10.1142_s0218202519500428,7.25424655202322,4.85456300848883,9.11083615656551,0.6159891160861424,0.25554723737570106,0.8405703331228697,0.6,0.4,0.8,20
10.1038_s41467-021-21602-9,7.248238001778888,5.23031087220867,9.25326802273992,0.5532301223499907,0.20003740329718547,0.7915209370014057,0.6,0.4,0.8,20
10.1038_s41562-017-0191-5,16.324647135160635,13.501268890649975,19.069909345383955,0.23166387137871236,-0.07149189487507909,0.7687218412372784,0.4,0.2,0.6,20
10.1371_journal.pcbi.1003381,7.589213650469264,5.394358263402781,9.729445754757032,0.568660063360057,0.1924714371779559,0.8004947763138148,0.6,0.4,0.8,20
10.1038_ncomms4976,8.335137190541664,5.964880563773433,10.544030529504719,0.571513848157114,0.2177438514989072,0.8100555947941641,0.6,0.4,0.8,20
10.1177_1043463103015002001,13.715160025450993,10.918010696012999,16.47351379088894,0.39799097416589224,-0.05368990247798082,0.758589137229424,0.45,0.2,0.65,20
10.1257_aer.98.2.494,11.02508089209331,8.195231524772439,13.558959581609319,0.5550633731023685,0.19140335474656645,0.801184845549314,0.6,0.4,0.8,20
10.1007_s13280-019-01284-w,6.727327598863648,3.714142422268892,9.672995555585972,0.5903139967610015,0.17037212258344803,0.8871255248333115,0.65,0.45,0.85,20
10.1257_mic.6.2.247,7.05360887268185,5.200023413311533,8.790222959222753,0.7229671008220777,0.44901215671920097,0.8846087178710466,0.6,0.4,0.8,20
10.1257_aer.100.1.448,7.480784255393534,5.290081302375455,9.738132000061714,0.5513354612894286,0.17645088904642395,0.8108171597697071,0.6,0.4,0.8,20
10.1073_pnas.1605115113,7.649116335484034,5.3820981281331335,9.681165039839607,0.5357919828793103,0.14592249556515086,0.776756048357956,0.6,0.35,0.8,20
10.1038_srep11027,7.81203743992689,5.339667618080717,10.221827850094241,0.5763688614196444,0.2326765581425031,0.8028663648578225,0.6,0.4,0.8,20
10.1257_aer.102.7.3317,6.715002758420036,5.064762182425981,8.158147103745383,0.6170115760968703,0.2773795912737529,0.8300899461723839,0.65,0.45,0.85,20
10.1257_aer.99.3.979,6.921895708838094,5.120793809367159,8.657316807322855,0.6247375286932487,0.321151436078938,0.8347189220840736,0.65,0.45,0.85,20
10.1111_j.1465-7295.2007.00028.x,10.222590805628839,7.647098973507531,12.710303213952423,0.31511435393047627,-0.14202335739315522,0.6413849194504557,0.45,0.25,0.65,20
10.1086_682418,7.357117115469863,5.10715469744001,9.590665662934928,0.4913783037381241,0.017900604845020637,0.7915304380748548,0.45,0.25,0.65,20
10.1111_j.1467-9779.2008.00357.x,6.91838133952705,4.956677047922852,8.983805448247862,0.5783552224273929,0.19550712125585926,0.8272526241102672,0.55,0.34875000000000006,0.75,20
10.1073_pnas.1315273111,6.899817631528431,5.278615173368353,8.361958864029406,0.6367437579003571,0.3439133443957135,0.8578367138207966,0.65,0.45,0.85,20
10.1073_pnas.0908855106,9.794767938636562,7.359821629098512,12.217822767381689,0.5841955640189322,0.2438732381093043,0.8045933705161266,0.6,0.4,0.8,20
10.1007_s11284-006-0162-1,6.601834025654948,4.4233749849247985,8.850294885492437,0.5458719578244557,0.12719587679687727,0.81224903577536,0.6,0.4,0.8,20
10.1038_ncomms6306,6.933591624956162,5.034671225102691,8.750959571518832,0.5504018863385698,0.1397535058710149,0.8119527948255344,0.5,0.3,0.7,20
10.1093_scan_nst023,7.690983555335726,5.460070275885537,9.742763449380043,0.556190859289519,0.2004838762140068,0.8032954059336931,0.6,0.4,0.8,20
10.5751_es-05598-180302,6.929277359322357,4.51237425210106,9.11637683330043,0.5286546591068627,0.13690072033849834,0.8142477616283763,0.7,0.5,0.9,20
10.1007_s12110-012-9148-6,6.627810987394136,4.754992400789521,8.459914379659685,0.5651534117979147,0.22356957962933685,0.8285920452386981,0.6,0.4,0.8,20
10.1073_pnas.93.23.13421,6.767454255955912,4.67045608646736,8.883441185622942,0.6292390391210061,0.23607726089871495,0.8462491177983499,0.55,0.35,0.75,20
10.1007_s11031-014-9395-4,7.50702442862408,5.2738974410429815,9.31860387790731,0.5768079556816826,0.2504076936843953,0.8179940762500331,0.6,0.4,0.85,20
10.1007_s00199-005-0633-6,8.417981184312609,6.092306042411665,10.736630484115553,0.3797175803892365,0.0035587403383651193,0.7359709977252274,0.55,0.35,0.75,20
10.1111_j.1740-1461.2010.01197.x,11.605880281570062,8.594353986401735,14.586293114783844,0.5739781844538847,0.09198817217663156,0.8601684025673236,0.6,0.4,0.8,20
10.1016_j.jtbi.2005.01.006,6.234027524430973,4.398616681919345,7.847970446972269,0.6379919424934942,0.2807102678913811,0.843409774932414,0.6,0.35,0.8,20
10.1177_0022002708322361,7.992745685118804,5.17825620916523,11.19414602771441,0.4324474637230002,-0.12176190705001427,0.7895694072122978,0.65,0.45,0.85,20
10.1111_evo.12637,6.838829273388322,4.67205894691352,8.939268219823418,0.5457673958891825,0.1496358787037815,0.8252097493273405,0.6,0.4,0.8,20
10.1007_s10683-015-9466-8,6.50755567082465,4.5392832891525945,8.429503389810172,0.5946853136964831,0.24312888002347596,0.8197021147498442,0.5,0.25,0.7,20
10.1038_srep06025,8.15802245003234,5.655173257141716,10.621734317134214,0.5550375405364766,0.19644883781085595,0.7966187951063595,0.6,0.4,0.8,20
10.1073_pnas.1215443110,7.1291791644285345,5.118874663386399,9.028736783900541,0.5387712527623404,0.14674477621866225,0.786109607474588,0.6,0.4,0.8,20
10.1038_srep17050,7.583257059516447,5.517266660788668,10.178345184956468,0.5120605463485567,0.11099754937503552,0.8102799427138185,0.55,0.35,0.75,20
10.1073_pnas.1320451111,11.760073643744098,8.555689423601361,14.622020590691577,0.38125805345379127,-0.17871045827105295,0.7426469647668791,0.5,0.3,0.7,20
10.1098_rspb.2011.0252,6.57208026249926,4.54049105209271,8.609431821694441,0.5150041378171014,0.056948009241191214,0.7886139996108295,0.7,0.5,0.9,20
10.1002_hbm.22316,7.478447819143839,5.09209980694877,9.661904366667509,0.5410690581743135,0.13257849551276885,0.8091003415223673,0.6,0.4,0.8,20
10.1111_j.1749-6632.2009.04733.x,10.167072333139284,7.4963071596821615,12.860291668587339,0.40338454401142343,-0.08816600836773185,0.7864552393480355,0.5,0.3,0.75,20
10.1038_s41559-020-01384-x,7.4545189752287015,5.069495683336262,9.790699635141525,0.574122474708384,0.22618404947110915,0.8285601644813935,0.6,0.4,0.8,20
10.3389_fnbeh.2014.00248,6.596326106849866,4.470978172974825,8.695458497955412,0.5003507939659019,0.11424819671587454,0.7782418487524307,0.6,0.4,0.8,20
10.1371_journal.pone.0064941,7.914259884219298,5.768264023837051,10.074184090490457,0.5868286730885145,0.2598750002301999,0.8251886650019047,0.6,0.4,0.8,20
10.1111_j.1468-0297.2011.02476.x,8.17749196523218,5.728382773785933,10.70350740670918,0.6024872406796029,0.17950015177657902,0.8557336299563766,0.45,0.25,0.65,20
10.1086_683024,7.846933370600835,5.245035593023566,9.905107954121604,0.5263914327673127,0.10087786737906737,0.7914633027598419,0.6,0.4,0.8,20
10.1098_rspb.2012.2043,7.072246362989509,4.690844894352578,9.146640566267987,0.5432870459077663,0.16277834389894336,0.8067374765567955,0.6,0.4,0.8,20
10.1111_j.1465-7295.2010.00344.x,7.351452485397623,5.370526327461482,9.08867914192853,0.5710217673386707,0.18376504169422514,0.8028055327987847,0.6,0.4,0.8,20
10.1126_science.1202599,7.021981533312396,4.860891547706841,8.93951889599187,0.5859587049588982,0.1613550513615824,0.8446323838224478,0.45,0.25,0.65,20
10.1111_j.1467-9779.2010.01472.x,6.251132663851498,4.491379119938904,8.064913304353249,0.5797183644411124,0.169695208621952,0.8349171130353226,0.6,0.4,0.8,20
10.1007_s00191-004-0212-1,8.459686923780227,5.408871518043466,11.50260542728989,0.4785719093773195,-0.09458592636451103,0.8148665778694686,0.6,0.4,0.8,20
10.1038_srep08917,7.5149207450554965,5.399964297351052,9.322974202012107,0.5743682914605692,0.19262990462278556,0.796639036689337,0.65,0.45,0.85,20
10.1098_rsbl.2012.0470,6.610404758571894,4.486989809000422,8.621748650742031,0.6056010323412517,0.26918348669502135,0.8322310041076432,0.6,0.3987500000000001,0.8,20
10.1177_0037549711406912,7.059962934905968,4.603387953933817,9.149356690349181,0.5137689686096828,0.12759582448297108,0.8013293525388662,0.6,0.4,0.8,20
10.1007_s10645-008-9094-1,7.43402675765771,5.23941845478354,9.265529938015543,0.5058780366838482,0.05152053837576458,0.7946948538598767,0.6,0.4,0.8,20
10.1038_s41562-017-0138,8.097670472149685,5.443780227013629,10.95815905957889,0.3011586973748532,-0.14323336081498483,0.6773763399351768,0.55,0.35,0.75,20
10.1038_srep10639,7.055770417727554,5.407574565270539,8.624726293777226,0.6046013310595044,0.24116745373089302,0.8273442604830318,0.65,0.45,0.85,20
10.1038_srep01735,7.066037643138479,5.374003129332338,8.680348576576035,0.5958233676239868,0.23032130943945175,0.8125882422869857,0.55,0.3,0.75,20
10.1007_s12110-003-1003-3,7.57821943421184,5.0838384164862225,10.000875491467514,0.5186105393129311,0.08876621200966352,0.8238528728682555,0.45,0.25,0.65,20
10.1038_s41598-019-52524-8,7.605310786567201,4.949611305177094,10.020650779936407,0.4859970158216493,0.07536712933919232,0.7805674306490558,0.6,0.4,0.8,20
10.1038_ncomms13327,6.892496033528579,4.906861505069544,8.66815198707792,0.5672778552722403,0.196909298207039,0.8276009039686693,0.6,0.35,0.8,20
10.1103_PhysRevE.91.022121,5.845839246953838,3.5050532009561346,7.782354472295021,0.6183374434250648,0.22176418039847495,0.8768070080129853,0.75,0.55,0.9,20
10.1007_s10683-011-9281-9,7.13359664401289,5.004842024377252,9.104969156624481,0.5941477202759848,0.2242568772523755,0.8398075908540198,0.6,0.4,0.8,20
10.1073_pnas.0712173105,6.794714160995867,4.660741659582994,8.955908682921816,0.5112997111406178,0.10924272592344599,0.794505761991208,0.65,0.45,0.85,20
10.1111_j.1542-4774.2011.01059.x,6.594376143049481,4.376821496936099,8.984852519764567,0.557795517409031,0.16777553259757433,0.8360509964784294,0.55,0.3,0.75,20
10.1086_595622,7.038232432785285,4.9465703136671415,9.064636864729513,0.5520074610759306,0.12830453265884662,0.8040893408811071,0.55,0.3,0.7512499999999989,20
10.1007_s12110-017-9298-7,5.9630624416427285,3.9820349166465845,7.784078319456393,0.6846479638410763,0.3596655927587936,0.8819973741303448,0.75,0.55,0.95,20
10.1007_s10683-014-9405-0,10.07294140659778,7.915352600998665,12.329107549085824,0.3764506134887057,-0.07635861451401395,0.7548305338428318,0.4,0.2,0.6012499999999988,20
10.1007_s10683-014-9393-0,6.13945117129201,4.271990167285549,8.067053411012411,0.5904227815404351,0.17311247763158097,0.8249801404328385,0.5,0.3,0.75,20
10.1098_rspb.2008.1623,6.531460790315181,4.370808195562402,8.26087913290938,0.5713942254194403,0.23081120314959766,0.8384845881974167,0.65,0.45,0.85,20
10.1073_pnas.1604989113,7.472832752844922,5.02856839038162,9.730092688060477,0.5581278020231107,0.16409508882443066,0.824446852998613,0.6,0.4,0.8,20
10.1007_s10683-013-9367-7,6.1356207520646775,4.206599305487239,8.046908065813097,0.6377581951244633,0.32766076270096545,0.8521704294595749,0.75,0.55,0.9012499999999989,20
10.1007_s00406-013-0392-5,8.248376036911228,5.932412572132473,10.41360524077383,0.5755955640049905,0.15781649045453433,0.8335795381644304,0.6,0.4,0.8,20
10.1073_pnas.1108996108,6.714811858376962,4.643716326247327,8.788599173719515,0.5645048562061182,0.1118567483597312,0.8272969715277311,0.65,0.45,0.85,20
10.1098_rstb.2009.0116,6.168290656646229,4.182100403414636,8.058039212299125,0.700781175706707,0.4673210950483916,0.8809986837356036,0.7,0.5,0.9,20
10.1038_srep02695,7.245227940155973,5.408974111497565,8.779996682935117,0.622281604227963,0.2792136693770583,0.8395962859972451,0.6,0.4,0.8,20
10.1007_978-3-540-85436-4_10,6.894366683597432,4.525373820983306,9.192512758910166,0.5402102795628145,0.15847674638953316,0.828827144444403,0.55,0.35,0.75,20
10.1177_0022002703258795,7.1981491606183425,5.083508190988245,9.276603581382185,0.5826426900380899,0.2117557355701673,0.8245114840974046,0.6,0.4,0.8,20
10.1038_s41467-017-00731-0,8.106806904170181,5.918883203139948,10.248572882761753,0.5213289216254109,0.08025107432492318,0.8237799276605943,0.6,0.4,0.8,20
10.1038_srep21104,7.1404493008850345,4.724800402496199,9.435796033964161,0.4849931345535944,0.05440794015409224,0.7992455453896955,0.6,0.35,0.8,20
10.1007_s10058-012-0120-z,6.208490946117062,4.274233979714192,7.698686720346912,0.5984961381237212,0.17656588325543413,0.820097184688666,0.65,0.45,0.85,20
10.1111_j.1468-0351.2005.00228.x,5.9986192305405694,4.201788472023879,7.49739162515783,0.6839745816004831,0.38225289784158123,0.8639231118771252,0.7,0.5,0.9,20
10.1038_srep06421,7.829909910066494,4.769598614971645,10.249808634391298,0.36738917747463473,-0.14603753057517288,0.7649020954628548,0.6,0.4,0.8,20
10.1371_journal.pone.0076063,7.158135587319489,4.998465810387236,9.211203166778947,0.5386471314374982,0.1451107010208458,0.8035199547771019,0.6,0.4,0.8,20
10.1007_s10584-010-0014-4,5.68182816446307,3.7007108848973727,7.3046939490787945,0.663083558300712,0.3523077501372523,0.8761384908415404,0.7,0.4987500000000001,0.9,20
10.1038_srep20767,6.502710836499146,4.687365150458576,8.098570358251756,0.632910029758599,0.3484180541480582,0.8360742349036043,0.65,0.45,0.85,20
10.1111_j.1467-6419.2009.00594.x,6.457629688840542,4.439060735062007,8.973854030999581,0.5522629807420422,0.14103820750898893,0.8142631748639022,0.65,0.45,0.85,20
10.1038_s41598-017-16140-8,7.472885844519308,4.754648817414047,9.772468859697035,0.5191753185855389,0.12841990282880236,0.7991399806256729,0.75,0.55,0.95,20
10.1093_restud_rdv040,6.599159200640307,4.515979883674666,8.812643332152485,0.5867587019877951,0.2249802037490305,0.8361792647446209,0.7,0.5,0.9,20
10.1371_journal.pone.0064677,7.2808068574168505,4.75438195904503,9.492727250909855,0.53130526860737,0.10158377776522537,0.807071604422501,0.6,0.3987500000000001,0.8,20
10.1093_restud_rds016,6.837722425373213,4.880385555768912,8.858826157798235,0.6339278520995841,0.318698838300131,0.8618480665196916,0.6,0.4,0.8,20
10.1177_1368430208098783,6.630810119508526,4.258751258823284,8.69146200437761,0.48834627190470165,0.058173150940859696,0.8067213835836904,0.65,0.45,0.85,20
10.1007_s11071-020-05965-0,7.108993876958265,4.248195390135528,9.939091932931557,0.5451092401501975,0.11487684827998658,0.8577811172845081,0.7,0.5,0.9,20
10.1126_sciadv.aau7296,8.238479763550473,5.698437247285411,10.808033051663216,0.5716672216287196,0.19727231929752664,0.8306376872997441,0.6,0.4,0.8,20
10.1073_pnas.1608990113,6.845957592793837,4.621330007807607,8.805132982290443,0.5167142896522631,0.1507396688049351,0.7942701060714287,0.7,0.4987500000000001,0.9,20
10.1093_bjps_axu024,6.608011299702466,4.438576345087929,8.61708994021005,0.5891870678974076,0.15478511459147096,0.8379999803301235,0.6,0.4,0.8,20
10.1371_journal.pone.0125193,6.996446607618868,4.933629608309331,8.71234979973365,0.5777253477006503,0.22884799302484007,0.8008621543643423,0.6,0.4,0.8,20
10.1111_evo.12108,5.998854348726817,4.040412305584676,7.909089365190582,0.6085261353436863,0.2525769981209506,0.8330782055166537,0.6,0.35,0.8,20
10.1111_j.1439-0310.2011.01882.x,7.243402179403569,5.394905730109907,8.794740017008658,0.5828639660354363,0.25085658705373864,0.8011534623908639,0.6,0.4,0.8,20
10.4284_sej.2010.76.3.638,6.4451565421469565,4.296060733203496,8.755467089278975,0.6205512292134995,0.22856506737626422,0.8501656869939171,0.65,0.4,0.85,20
10.1177_1043463107075110,8.977063043466975,6.700113965747524,11.084066225627032,0.49679130537011706,0.04753370771272408,0.7603676558774859,0.4,0.2,0.6,20
10.1257_aer.p20171090,9.814335473969463,7.637782029091404,11.691214199008458,0.5470494272824274,0.187623678024794,0.846607577905831,0.5,0.3,0.7012499999999988,20
10.1098_rspb.2011.0690,10.080479224367815,7.521783497828117,12.53213349411436,0.5130910724531921,0.050009900135619095,0.8071355278494764,0.4,0.2,0.6,20
10.1098_rsif.2011.0063,7.6477605955496495,5.080763701743156,9.706208064406704,0.4985560024338506,0.06301034019978807,0.7731393333418032,0.6,0.4,0.8,20
10.1111_j.1467-9779.2011.01515.x,11.926602336110466,8.89598041359503,14.8059935329282,0.24385783891993695,-0.3428362584595655,0.6623360959305296,0.5,0.25,0.7,20
10.1023_a_1023952115422,8.060124345412111,6.011394995715241,9.765958670562712,0.31029140189417564,0.010471314113310724,0.6840202022872341,0.55,0.35,0.75,20
10.1073_pnas.1900078116,8.478333168305802,6.176292169971386,10.58414466010671,0.5778324814272725,0.20641810639810274,0.8211119713963904,0.6,0.4,0.8,20
10.1073_pnas.1718309115,7.045865383598564,4.869014649860927,9.073889282031766,0.5252839537824856,0.11680211139135252,0.8087823580961309,0.55,0.3,0.75,20
10.1038_srep17752,12.698307524448712,9.623044081976252,16.094887395078125,0.46072088457410565,-0.07727513014608745,0.7831178803398888,0.45,0.25,0.6512499999999989,20
10.1086_681231,7.460274248480295,5.072140326399982,9.84518533529665,0.5352509271391677,0.14903976394103233,0.8033854460243022,0.6,0.4,0.8,20
10.1007_s10539-012-9317-3,7.3784851562757385,5.061945196795294,9.358495371421183,0.5949934981154061,0.24574614215472138,0.8343053184097539,0.6,0.35,0.8,20
10.1098_rspb.2010.2342,6.096499537419899,4.3632583815057036,7.869917100011106,0.5939722537936933,0.25923412102114124,0.8327934826567708,0.7,0.5,0.9,20
10.1155_2021_6693597,12.852466226788113,10.176023610463282,15.126525509976656,0.38381580641740715,0.0015240476453929998,0.7590222006078952,0.4,0.2,0.6,20
10.1257_aer.20130768,7.14782777680013,5.034612958208648,9.13605224849085,0.5491510621108293,0.13542352257695908,0.8103757269238218,0.4,0.2,0.65,20
10.1038_ncomms12288,9.71605615799534,6.976113589363689,12.138359208520937,0.5373037650428243,0.14067606154025114,0.7914678961624128,0.6,0.4,0.8,20
10.1111_ele.12178,6.691167474409863,5.133254717422027,8.167896246588203,0.6544971681834998,0.3327771691513785,0.8937226702486498,0.6,0.4,0.8,20
10.1080_15534510.2012.729493,6.764992751338937,4.992784583533073,8.553860951676878,0.581923220769621,0.20462486417094042,0.8163945350637186,0.65,0.45,0.85,20
10.1371_journal.pone.0012530,6.6075069987586295,3.9173970533617095,8.732738357875723,0.5642900127144254,0.16439924589821645,0.8494932996326973,0.7,0.5,0.9,20
10.1007_s00191-009-0162-8,9.094841822053166,5.742606685187408,11.89400118750611,0.6178484737308477,0.3242776507450597,0.8320766463834156,0.6,0.4,0.8,20
10.1007_s10683-019-09629-8,12.019213079629976,9.524066282229953,14.665034098553843,0.5123413667807013,0.01177368790794574,0.8332154405234777,0.45,0.2,0.65,20
10.1038_srep10321,7.020837047722428,4.866677674620493,8.979460996802992,0.6004292778870111,0.23439740612442359,0.8487325241861841,0.65,0.45,0.85,20
10.1016_j.jtbi.2014.10.037,6.8495119291479725,5.206551890554562,8.598843270683206,0.6444941930230458,0.37754932080502734,0.8495869419475717,0.65,0.45,0.85,20
10.1002_bdm.1810,7.2527887975129905,5.083958226429058,9.26919376386961,0.5442557207549399,0.14940621814008162,0.8000717506445908,0.6,0.4,0.8,20
10.1007_s13235-010-0001-4,6.404021438590628,5.01014499749521,7.745849582754138,0.6361745798172059,0.317657105047242,0.8361377769664717,0.65,0.45,0.85,20
10.1007_s10683-005-0869-9,9.660913068789247,7.313665779003124,12.22963659177061,0.4448040216578936,0.04203743529839586,0.8361816051748255,0.5,0.29875000000000007,0.75,20
10.1371_journal.pone.0044747,7.27377867431234,5.018693775074633,9.467496604664058,0.5447601944593684,0.18009923785484444,0.8120215923130992,0.6,0.4,0.8,20
10.4284_0038-4038-2012.067,10.686235675190364,6.982445944185352,14.173028844268044,0.285990111189187,-0.23539338299346788,0.6909600916267545,0.55,0.35,0.75,20
10.1007_s12110-009-9072-6,7.143424662022118,5.005423609478792,9.00400292104275,0.5417810758917472,0.14176988712152686,0.8173141056960158,0.4,0.2,0.6,20
10.1007_s10640-006-9046-7,6.591095807248506,4.815397659098351,8.3552190477213,0.6105507389333512,0.252679800646458,0.8384288788916063,0.6,0.35,0.8,20
10.1038_s41562-019-0707-2,5.915744263968486,4.223137011815226,7.542138758181008,0.6384353619919185,0.30855912155209836,0.8457931417312111,0.7,0.5,0.9,20
10.3389_fpsyg.2019.01374,7.842708928744476,5.293068277036331,10.273098162855755,0.5795012820134947,0.21305326901057697,0.8199967081462387,0.6,0.4,0.8,20
10.1017_s0033291717003075,7.635480418862587,5.264048573092159,9.763404044256125,0.5556272236797427,0.1404229898542152,0.7962595805656021,0.6,0.4,0.8,20
10.1038_s41467-018-04775-8,9.57126383876796,6.823174121959317,12.449169669595214,0.4395004678273244,0.005171894333835316,0.7997130135659746,0.55,0.35,0.75,20
10.1371_journal.pcbi.1004232,8.5447493486563,6.273846458896109,10.457239074256188,0.5320005841116047,0.14654390499298853,0.778650139587901,0.6,0.4,0.8,20
10.1371_journal.pone.0085531,6.099494706844637,4.355649910764493,7.703187674823789,0.5649713088364245,0.2213379132932869,0.8244487888028789,0.65,0.45,0.85,20
10.1086_381411,7.1907992935548775,5.149281766972362,9.167630946870567,0.5818986074294457,0.28558119206190247,0.8233220206462151,0.55,0.34875000000000006,0.75,20
10.1086_690066,7.113670749699652,4.9235507441452695,9.342907684343432,0.6108346232809259,0.1962433520981669,0.8737607649762387,0.5,0.3,0.7,20
10.1155_2017_1676045,21.022592680542566,17.754132091326646,24.160997571835612,-0.1632478689634987,-0.4647176736784956,-0.028723837831640744,0.4,0.2,0.6,20
10.1142_s0218202515400163,6.487724970810179,4.382114175858923,8.26390218836042,0.5842356824882151,0.18080426558670237,0.8225684753202234,0.65,0.45,0.85,20
10.1111_jssr.12045,7.121004967280019,4.9729480920538505,9.14638622035751,0.545831753926712,0.16411270252707794,0.802608617699578,0.55,0.35,0.75,20
10.1103_PhysRevE.80.066101,7.268821288599627,4.713495494922093,9.604847154165041,0.5226908024115522,0.10885776618608754,0.8319171654829727,0.6,0.4,0.8,20
10.1016_j.jtbi.2008.09.004,10.499460832576515,6.88712125790489,13.9302197503202,0.2666105988231466,-0.34476215638685986,0.6772691499464261,0.5,0.3,0.7,20
10.1038_s41467-020-15661-7,7.132156617590187,4.931596042199838,9.323757066513787,0.5323927883866221,0.14523855765479227,0.8032415688547984,0.6,0.35,0.8,20
10.1371_journal.pone.0155773,7.027235856406471,4.901224885581818,8.9679974629884,0.5360012627540759,0.14995411380529966,0.8100810899982419,0.6,0.4,0.8,20
10.1007_s00182-014-0419-9,7.196234690055223,5.136684039101377,8.834267711783845,0.6092394318941748,0.2756817523557129,0.834652875111315,0.6,0.4,0.8,20
10.1371_journal.pone.0117183,7.799099573339335,5.341028334729307,10.267756636698058,0.48888618461662514,0.06310058024256551,0.7858497460424692,0.6,0.3987500000000001,0.8,20
10.1111_ajps.12139,6.267099630707528,4.194067054929089,8.044740867113301,0.5890388792316914,0.19412411565828774,0.8316481275630097,0.65,0.4487500000000001,0.85,20
10.1371_journal.pone.0068423,6.891843548111648,4.857428844133716,9.010358323955058,0.5322825227448061,0.1877141036493012,0.7972052151644873,0.6,0.35,0.8,20
10.1016_j.neuroimage.2019.06.047,7.546976323696242,5.293428005827575,9.670377117605659,0.5507539342841696,0.1757363523064464,0.8071661848385739,0.6,0.4,0.8,20
10.1111_oik.02064,6.24405307283866,4.435832684337904,7.939504785170579,0.5955236962690375,0.27157616692946623,0.8273014320048411,0.7,0.5,0.85,20
10.1007_s10683-011-9292-6,9.134689534791638,6.617991537102453,11.663458889640925,0.558628616488494,0.18763775399366053,0.7954031807051383,0.6,0.3987500000000001,0.8,20
10.1007_s11427-010-4016-2,7.011518462247459,4.858895344199342,9.442451391220677,0.5506154875403766,0.10560428364930238,0.8228838260996993,0.45,0.25,0.65,20
10.1371_journal.pone.0244592,6.394841902811185,4.059158058794752,8.932800076617923,0.5681882558986118,0.1663815943650707,0.8445894583278306,0.6,0.4,0.8,20
10.1038_srep28809,7.2543040017304525,5.255466175958283,9.139481324629953,0.5127912154094043,0.09640040126373968,0.7974030958351278,0.4,0.2,0.6,20
10.1103_PhysRevE.91.062804,6.902282553041831,5.04517925457477,8.896512856853786,0.5004213901343859,0.1142538574857526,0.8268861933040426,0.6,0.3987500000000001,0.8,20
10.1111_spc3.12581,7.006645879561498,4.8276857710304615,8.917646417004422,0.56667720233272,0.21271694139479558,0.8176933374063674,0.6,0.3987500000000001,0.8,20
10.1038_s41598-019-44725-y,7.719715644924182,5.227434990544567,10.110039501187781,0.5449498188940524,0.1561250562798985,0.816248020483374,0.6,0.4,0.8,20
10.1038_s41598-017-18727-7,8.433914811107966,5.889862744071234,11.100726924418671,0.5743322422748613,0.1726122187392801,0.8377205587723592,0.6,0.4,0.8,20
10.1038_s41598-017-13918-8,7.671905733409381,5.452656663435027,9.596337387791813,0.4716415537648856,0.07986851472697906,0.7492364031621374,0.6,0.4,0.8,20
10.1371_journal.pone.0110045,7.051521979813057,4.710167211641674,8.98596692310562,0.5342560456513112,0.14096668822723263,0.8035952378539554,0.6,0.4,0.8,20
10.1007_s10339-011-0421-0,8.680908153514588,6.49942107364068,10.680396357783692,0.5535926621728229,0.19923175282233824,0.800600225177671,0.6,0.4,0.8,20
10.1103_PhysRevE.84.066115,11.264344998680004,7.224586592564705,14.760714004038173,0.08907955667347134,-0.3429125184654918,0.5568848037240322,0.65,0.45,0.85,20
10.1017_ehs.2020.58,6.601054131331045,4.519621619568122,8.723079799881587,0.5152396192680938,0.06111198322346688,0.7994993411638338,0.6,0.35,0.8,20
10.1038_srep38349,6.599572671864513,4.351019890297574,8.605556376329984,0.5546987015140059,0.1921658900927514,0.8280066918980447,0.7,0.5,0.9,20
10.1007_s10683-013-9360-1,6.893565380357544,4.965350048706996,8.6303824446919,0.5924423240783555,0.2170888024780912,0.8224118922360093,0.6,0.4,0.8,20
10.1257_mic.5.2.213,6.293848420715239,4.624313649669524,7.656946877566961,0.6146283001551989,0.3222155802890606,0.8334334262006283,0.65,0.45,0.85,20
10.1111_j.1465-7295.2011.00422.x,8.20781711122846,4.873364468293563,11.09684563751989,0.3978105093753405,-0.07247369607357437,0.804719229860478,0.7,0.5,0.9,20
10.1007_s11211-012-0157-8,6.495299137238401,4.224774725239014,9.198537075758903,0.5650443852062309,0.11676962606883687,0.8368279028645201,0.55,0.35,0.75,20
10.1093_ajae_aar154,8.598116809460171,5.694768619111678,11.505318949368341,0.42440158109603043,-0.013578679060462092,0.7621396943397256,0.55,0.35,0.7512499999999989,20
10.1007_s10551-011-0795-z,6.671512514315435,4.776199159989187,8.533690954012302,0.5296962440275664,0.10686273858770298,0.8005866582327478,0.65,0.45,0.85,20
10.1177_0146167206289978,10.02353379215711,6.512958978601222,13.801722393392192,0.6178026374049702,0.11789491657889874,0.8910863008029883,0.5,0.29875000000000007,0.7,20
10.1038_s41598-021-89675-6,7.157578553332864,4.957169162670794,9.082220618217905,0.5239951018843372,0.0819776466928674,0.7968859112227229,0.6,0.4,0.8,20
10.1007_s00265-019-2667-y,7.265778931192301,5.182447153836309,9.075072438827508,0.5655212905706216,0.17764889855188726,0.8090520641467417,0.6,0.4,0.8,20
10.3390_su10124585,9.536881448980832,6.844930220961953,12.216185206931893,0.4137954980238794,0.033317074227926846,0.788256836069525,0.4,0.2,0.65,20
10.1371_journal.pone.0196524,6.604188422828808,4.713398339804772,8.708491039821872,0.5422133967464101,0.14116155087611454,0.8108926620271402,0.7,0.5,0.9,20
10.1093_esr_jcw014,6.774805057876009,4.57906496979262,8.997431934010178,0.5593222360776067,0.18270201054053398,0.8301963230809564,0.5,0.3,0.7,20
10.1371_journal.pone.0124561,12.462783226740196,9.119959272702964,15.360461110874914,0.09818453774908023,-0.21797172177981602,0.5095763686932566,0.45,0.25,0.7,20
10.1007_s10683-014-9402-3,6.610702786066308,4.665432091602073,8.395482184948637,0.5635102673291056,0.15188471979267482,0.8106312399456864,0.6,0.4,0.8,20
10.1371_journal.pone.0045093,9.00258347264715,6.469716360530591,11.455306257400697,0.4847320046264661,0.1017492855607638,0.7767476842187643,0.6,0.35,0.8,20
10.1093_jleo_ewp039,6.752087414566217,4.7463117173382035,8.527438349760702,0.535887424757265,0.11256073810043393,0.8134019529257923,0.6,0.4,0.8,20
10.1016_j.jtbi.2010.02.015,5.898590381648989,3.8887074805419513,7.818966881196765,0.6349675474943469,0.29451762530186554,0.8642827566958956,0.65,0.45,0.85,20
10.1007_s11127-006-9075-3,8.678119022231368,6.079508546176725,10.92749151754427,0.5233830581240443,0.13637695623231305,0.7979207087816631,0.55,0.35,0.75,20
10.1038_s41562-022-01341-7,6.861470399293859,5.141967911960169,8.543895548027214,0.5719494179556149,0.22049707303391994,0.8154574159075114,0.5,0.29875000000000007,0.7,20
10.1103_PhysRevE.101.062419,7.707432094710124,4.32077101350243,10.882475857948926,0.5048590393049848,-0.007466040738208587,0.8711801567011885,0.65,0.4,0.85,20
10.1257_mic.20170389,6.842937691514733,4.822537404748216,8.826566876202438,0.5377779591843217,0.12861404640615756,0.8173286064182925,0.55,0.35,0.75,20
10.1007_s11269-017-1661-2,7.6446774601604375,5.1321452717013605,10.302983963281195,0.5553959056717358,0.14620341678012233,0.8632416816341613,0.65,0.45,0.85,20
10.1038_s41598-017-02952-1,6.787307419047651,4.910958596801765,8.428655553559114,0.543022264641516,0.13466044139078318,0.8057900611022518,0.6,0.4,0.8,20
10.2753_mis0742-1222310208,6.203381280618548,4.3714790840520195,7.986790176186037,0.6699196382116029,0.36052166317270895,0.8790824305781343,0.7,0.5,0.9,20
10.1371_journal.pone.0085691,7.362440507376515,4.741200007982364,10.008716092982414,0.4382004455656527,-0.05570974672444612,0.7910134780084854,0.55,0.35,0.75,20
10.1098_rspb.2012.0063,6.469672712594231,4.561020994067537,8.178337793311647,0.5822125941561967,0.28486470604245673,0.8164791427189383,0.6,0.35,0.8,20
10.1007_s10539-004-5155-2,8.668296277482323,6.260890483593786,10.783979188304743,0.38674335333641424,0.019771768779487327,0.7572082790179603,0.5,0.3,0.7,20
10.1038_s41598-020-73855-x,7.352736178354496,4.796038596878757,9.782566228087745,0.5491900248383105,0.19580923660822971,0.8529197611137439,0.5,0.3,0.7,20
10.1007_s10955-018-2012-2,7.665006769607688,5.731179070933017,9.703563627811496,0.5836502448165104,0.16743701637390299,0.8184922621909275,0.6,0.4,0.8,20
10.1038_s41598-017-12823-4,7.332139284524897,5.357226556591669,9.258642303429246,0.5633592013196723,0.2101805768567528,0.8216591973478009,0.55,0.35,0.75,20
10.1038_srep25413,16.41367582724919,13.350103438553955,19.289734254191703,0.0905594460184099,-0.3227639037459933,0.5184337147113524,0.4,0.2,0.6,20
10.1371_journal.pone.0059894,7.6383964095235495,5.118332221188656,10.207660791469275,0.4686081494532575,0.023466744962867235,0.7603994163850754,0.45,0.25,0.7,20
10.1371_journal.pone.0035287,7.237960917246902,5.376506878330894,8.773778707440304,0.6429012776507574,0.34887352543795436,0.8376976368354515,0.65,0.4,0.85,20
10.1111_j.1749-6632.2009.04503.x,6.726604609360722,4.022720637024768,9.519939102417764,0.5234036477591899,0.002292302448021214,0.8584419680455057,0.75,0.55,0.9,20
10.1007_s13235-019-00339-7,6.344546002572718,4.362566972262053,8.024942403076283,0.6111653737661915,0.2597975705320654,0.8291962572587631,0.7,0.45,0.9,20
10.1086_702414,7.6538973188913,5.066273194760331,9.99298991444713,0.5628688437708729,0.1623748273052794,0.8128849869235409,0.6,0.4,0.8,20
10.1371_journal.pcbi.1002868,7.374933296211925,5.338273618966682,9.256078394502536,0.5993826175242977,0.21432468290063217,0.8399753080514402,0.6,0.4,0.8,20
10.1007_s10539-012-9341-3,7.871513978643322,5.433445892922593,10.283734287783808,0.5446884510371319,0.13176865342985347,0.8113518367254243,0.6,0.4,0.8,20
10.1007_s10458-010-9122-9,16.900119866193805,12.90077976324511,20.211125230228195,-0.15196602959569913,-0.4615540200113547,0.1357492424360302,0.55,0.34875000000000006,0.75,20
10.1103_PhysRevE.81.036115,6.906179407785546,4.451724565689956,9.060962118644483,0.6778915625026956,0.35609273197057933,0.8733291086152646,0.6,0.4,0.8,20
10.1007_978-1-4419-6896-8_17,6.559411337283176,4.459061345715289,8.583588682143839,0.5369167860852517,0.14474716896762066,0.8040755629862646,0.6,0.35,0.8,20
10.1063_5.0099697,7.453077280802956,4.887110873249118,9.739953135283232,0.48197116085168884,0.07085038836666024,0.802014639250619,0.7,0.5,0.9,20
10.1257_mic.20180336,7.319678057990627,5.116129779520369,9.905399721506106,0.6656918046151431,0.3272667839931046,0.8981817585458912,0.55,0.35,0.75,20
10.1109_tcsii.2019.2910893,7.43199012147255,4.5520040035594285,9.98791705914599,0.5284497324384031,0.07862905571119962,0.8392457147719627,0.55,0.3,0.75,20
10.1111_jels.12042,9.836596540689238,6.534184426392433,13.020657977665499,0.42573067593637354,-0.013992869495530424,0.8094367625679517,0.55,0.35,0.8,20
10.1007_s11238-013-9382-3,9.648301726944348,7.023696571964877,11.969007308990216,0.555582528916116,0.18828109861413272,0.787909798386497,0.6,0.4,0.8,20
10.1017_epi.2013.34,8.538160577607925,5.8858801268516405,10.695910110343876,0.5076584405369292,0.055741566434048595,0.8196993616538053,0.6,0.4,0.8,20
10.1371_journal.pone.0061458,15.652161457514005,11.129913285658105,19.969749151470438,-0.0980600732003106,-0.6200421074737018,0.3866880404224443,0.45,0.25,0.6512499999999989,20
10.1111_j.1558-5646.2010.01194.x,9.591228749951744,7.072925054130202,12.101784794670753,0.4516398313676987,0.05010759363953344,0.7741259689743382,0.45,0.25,0.65,20
10.1257_0022051054661549,6.743575116653317,4.884677282130857,8.395263689767285,0.603950469177043,0.24800037468545025,0.8342856102634512,0.65,0.4487500000000001,0.85,20
10.1063_5.0037956,6.556184811432364,4.4262584500537585,8.424365315366895,0.6131062519165237,0.2638644283812269,0.836221669680406,0.65,0.45,0.85,20
10.1007_s12110-020-09371-8,6.7126279211726825,4.779279846911987,8.4756284218424,0.5571468426618482,0.1844535643882085,0.797424540889253,0.55,0.35,0.75,20
10.1038_s41598-017-15188-w,7.002060670500285,4.886984174056729,8.872608846209285,0.5522215918709331,0.16587531120721996,0.804911775855794,0.6,0.4,0.8,20
10.1007_7854_2016_445,6.136135529487133,4.124191590586851,8.034465231337002,0.6215423686806978,0.2660681007583749,0.8537559236026587,0.7,0.5,0.9,20
10.1007_s10683-015-9452-1,6.550041115324871,4.430148559934104,8.232490628410726,0.5641110305719367,0.13997604109112288,0.8341127475854115,0.65,0.45,0.85,20
10.1371_journal.pone.0104207,10.605799059922955,7.43371318185256,13.752207226799905,0.2732651651253763,-0.19501833882138112,0.6297312745793189,0.6,0.4,0.8,20
10.1111_ecoj.12088,7.514629251460732,5.362398171876562,9.377398755222465,0.5905570874995724,0.24953226752062002,0.8072988671947396,0.6,0.4,0.8,20
10.1163_1568539x-00003143,7.497052388352815,5.907438098890976,9.040728676458286,0.6002116979147988,0.24934928319938116,0.841119446036776,0.5,0.3,0.75,20
10.1038_s41598-020-64930-4,7.9565403312818805,5.123364578180815,10.513254764877548,0.5198288511319926,0.057829951385770094,0.8102063788849058,0.55,0.3,0.75,20
10.1086_708176,5.9577206529537445,4.038593763471216,7.518274256189044,0.6490172585879487,0.3048710330042861,0.8655624164351908,0.65,0.4,0.85,20
10.1038_s41467-020-14712-3,7.648751119123353,5.338969601294665,9.723378561136618,0.4880551599767579,0.022755211153166133,0.7864080397113941,0.5,0.3,0.7,20
10.3389_fpsyg.2019.02956,7.554863194031948,5.5901351743791805,9.70635201532936,0.5423649262542107,0.1368663877109018,0.8053919108295229,0.55,0.35,0.8,20
10.1523_jneurosci.0595-16.2016,7.28444462869423,4.772890537910278,9.499733927623671,0.5502950418270078,0.15975872738067523,0.8165516092638252,0.6,0.4,0.8,20
10.1007_s00355-015-0884-5,6.959391310021021,4.226308108487286,9.175708096105055,0.5287095930498361,0.10319468341437779,0.839590508398344,0.65,0.4487500000000001,0.85,20
10.1371_journal.pone.0108423,11.152241940114585,7.710868701608581,14.237236945367416,0.4085418124417884,-0.06056587351463405,0.7602876062125478,0.6,0.4,0.8,20
10.1111_ajsp.12057,7.831225034510756,5.589196166980569,9.95727019619417,0.5749125443851744,0.22165236712591946,0.809357364374763,0.6,0.4,0.8,20
10.1111_j.1465-7295.2011.00452.x,7.052633238348394,4.849204186074746,8.898098438321222,0.5475398724727369,0.09309022845941244,0.8039128716859325,0.55,0.35,0.8,20
10.1007_s10614-008-9154-2,7.33895818240072,4.871426714482553,9.598213018456986,0.46674184204164487,0.04539950709638852,0.8323550361508284,0.55,0.35,0.75,20
10.1177_0951629806065012,7.734147345699696,5.647289338251076,9.471935903601404,0.44606827043835495,0.09631943880183766,0.7285012551109312,0.75,0.55,0.9,20
10.1023_a_1011612522206,7.758792118710608,5.54490746258193,10.087165027702234,0.5725652595739036,0.20570608294955148,0.8244133984287492,0.5,0.3,0.7,20
10.1038_s41598-022-10582-5,7.658471448388853,5.242473176988051,9.901562895392095,0.565063167648662,0.21551095378443821,0.8248476098118697,0.6,0.35,0.8,20
10.1038_s41598-021-95303-0,8.493550837217047,6.305678786556178,10.918847572626051,0.4628720609295093,0.000930184186579363,0.7956618642491144,0.45,0.25,0.65,20
10.1038_s41598-021-85814-1,7.985296389568082,5.762024942156029,10.17369352460319,0.4170628619545972,0.054449755123000834,0.7348009185949336,0.6,0.4,0.8,20
10.1038_s41598-020-73564-5,6.988236500173333,4.677797402180839,9.176419912127978,0.5188123020339851,0.0662792069313813,0.798502182830575,0.7,0.45,0.9,20
10.1038_s41598-020-73314-7,6.683620386849018,4.758467201802887,8.62441051197545,0.4756458089118691,0.016663186593084776,0.782975675330425,0.7,0.5,0.9,20
10.1093_jeea_jvz008,7.697844881940504,4.948047315461065,10.20000991818392,0.5361877319625155,0.13669317077794074,0.822722332700241,0.55,0.35,0.75,20
10.1017_ehs.2020.22,6.907331521843708,4.714032051873175,8.781080464999677,0.5301109461602632,0.1411749828347099,0.80630042012779,0.45,0.2,0.65,20
10.1093_restud_rdy048,13.034647983526463,7.579122213135069,18.47477418030953,0.49837661614259543,0.1812907554146712,0.8299169847254694,0.7,0.5,0.8512499999999988,20
10.1002_bdm.2050,11.152844414698011,8.160042950734391,13.855011739289345,0.560152257747301,0.2283514803475993,0.8124281532576719,0.6,0.3987500000000001,0.8,20
10.1109_jstsp.2013.2263785,15.123625340947507,12.106092407259306,17.57116762401073,0.19382521099618624,-0.32995712547688527,0.4366527949520338,0.4,0.2,0.6,20
10.1007_s13235-011-0020-9,7.702993641988794,5.303184265963917,10.095032897922987,0.5505944829094005,0.13578466712018328,0.8168447595397872,0.6,0.35,0.8,20
10.1007_978-3-642-02624-9_8,8.044649894503625,5.989865551038478,10.058975570142042,0.5981494182123717,0.27549458169738894,0.8207859557020342,0.6,0.4,0.85,20
10.1023_B_ACBI.0000043440.36462.1a,7.292268968059181,5.022127642212982,9.39478486822927,0.5418156876106998,0.12532324515618173,0.8125157604332456,0.6,0.4,0.8,20
10.1073_pnas.2106028118,8.332826905879617,6.154703845760608,10.382219345909869,0.5353815606833563,0.14935458363639856,0.806469729246733,0.55,0.3,0.75,20
10.1038_s41598-019-49239-1,6.916818422180496,4.924438462331125,8.871820285470315,0.5773265916974957,0.24142122165743718,0.8221995206934907,0.6,0.35,0.8,20
10.1371_journal.pone.0208129,7.275219658093068,4.821063255078485,9.673953676624626,0.4970123639426031,0.0031391500140121494,0.8169454133842506,0.6,0.35,0.8,20
10.1086_691630,8.470027874259857,5.446352223192998,11.724200166714196,0.4278054509303199,-0.1376198194383353,0.793140421296992,0.6,0.4,0.8,20
10.1038_sdata.2016.99,8.250000100772871,5.4978093737990745,10.74201207361783,0.4914275204936548,0.07296527654502927,0.7774927575871162,0.6,0.4,0.8,20
10.1017_s0266267110000374,7.707564629983405,5.564203389980213,9.550074336564057,0.5786772369841358,0.20948902978338285,0.8310698229940354,0.6,0.35,0.8,20
10.1109_tnse.2023.3279094,8.145757324032218,5.8580751302898815,10.085638592073046,0.46375741704508555,0.004076916130300795,0.7582911359563186,0.55,0.35,0.75,20
10.1007_s11071-023-08297-x,7.012126875483579,4.367557164530097,9.62702812002228,0.5612714245229921,0.14969814931939715,0.8554195139026783,0.7,0.5,0.9,20
10.3390_buildings12010019,11.87607772958403,9.407804140962234,14.273855323049794,0.558936432421124,0.13065311972571797,0.8461825692657876,0.4,0.2,0.6,20
10.1140_epjb_s10051-021-00185-w,7.6272034801045905,5.803192766964834,9.200864802186286,0.46691441315687165,0.0005444548140380742,0.7763188368528666,0.45,0.25,0.65,20
10.1371_journal.pone.0254860,6.435375182042644,4.586121742856737,8.265687308338965,0.6409784839196079,0.3470575051127184,0.8585426077023132,0.65,0.45,0.85,20
10.1038_s41562-021-01059-y,7.062777986289145,5.029687782760739,9.106379936680366,0.5656632202499883,0.2656793504878202,0.8279378251491273,0.6,0.4,0.8,20
10.1103_PhysRevE.97.062136,8.449732358016872,5.4566424705681,11.611544587525,0.45893298515152514,-0.003151945734974157,0.8252771870202347,0.5,0.3,0.7,20
10.1038_s41598-017-11580-8,7.325514041977679,5.035384348968189,9.444788796579791,0.5342734741249919,0.12949241008960663,0.8025330459420449,0.6,0.4,0.8,20
10.1111_ecin.12187,6.80057080943987,4.513017011287582,8.801866763820744,0.5525225280470787,0.1187186273785337,0.8152259851264865,0.6,0.35,0.8,20
10.1103_PhysRevE.90.042726,6.477836972936367,4.508722570686728,8.292870072715429,0.6512001304512114,0.3298187486762322,0.8558847804596427,0.65,0.4,0.85,20
10.1007_s13235-013-0094-7,17.009776411103903,13.523549795162179,20.57391655520613,-0.02524805455644172,-0.39913496445774166,0.43807572360343455,0.45,0.25,0.65,20
10.1007_s10539-013-9401-3,6.076125438758807,3.796301698260607,8.217281301537485,0.6458198917896922,0.28800136988535346,0.8954163576092151,0.8,0.6,0.95,20
10.1111_j.1465-7295.2011.00433.x,7.039654907217864,4.739812428219755,9.457697880080215,0.5201360818162016,0.07480719703809513,0.8237709350489881,0.55,0.35,0.75,20
10.1007_978-0-387-72596-3_7,7.022248488779914,4.612641629846437,9.396886895607617,0.44118402769638204,-0.007738522183517211,0.766093619959247,0.6,0.35,0.8,20
10.1111_bjso.12450,7.246904687559772,4.693080133892613,9.651037584455814,0.599634506718113,0.21758157226069744,0.8685164288255746,0.5,0.25,0.7,20
10.3390_g10010012,6.525176731154924,4.601951700219158,8.454244388381525,0.58606739188299,0.2144597038881129,0.8239251669260551,0.65,0.45,0.85,20
10.3389_fpsyg.2017.01990,7.154765808727563,5.087299232899688,9.218950263123268,0.547831268686402,0.1787882128068009,0.8089814491897825,0.45,0.25,0.65,20
10.1038_srep42844,6.742629604621281,4.492072514809397,8.796279288713036,0.47840079412155173,0.026189928101275264,0.8014572639363365,0.55,0.35,0.75,20
10.1007_s00355-014-0841-8,7.149165779466746,4.97025284930889,8.999005520794723,0.5491162452063016,0.1723795269013199,0.8077481557000951,0.4,0.2,0.65,20
10.1109_tnsm.2015.2397883,16.832343794057103,13.763520165519186,19.80531191482745,-0.12787474468708096,-0.44666561461323995,0.2207224466099034,0.4,0.2,0.6,20
10.1371_journal.pone.0020474,6.62677021267289,4.382908377037713,8.647930353965151,0.5682479914281564,0.17741383125779497,0.8506079198871809,0.8,0.6,0.95,20
10.1002_cplx.20244,6.425837758177417,4.398581748853525,8.541726806172175,0.5808509832281527,0.18325216147281218,0.8355261700204382,0.65,0.45,0.85,20
10.1023_a_1020598804674,15.922422949322337,13.090741142407019,18.457195918335564,0.26710889672039856,-0.10526506167489554,0.705889886894027,0.45,0.25,0.65,20
10.1007_s10683-019-09609-y,7.114522632324419,4.8651229913814475,9.403021733734008,0.5539199492640207,0.18929216241176203,0.8064845271697475,0.6,0.4,0.8,20
10.1038_s41598-020-57562-1,7.0712732408479795,4.895000884944245,9.070087742886127,0.5532844882334417,0.16323721056798496,0.808153627163631,0.6,0.4,0.8,20
10.1063_1.5085076,9.925032792399616,7.553336495436563,12.505472453137847,0.5540942114409094,0.1437985383972442,0.8623416827003711,0.45,0.25,0.7,20
10.1093_ajae_aay025,6.473668562334166,3.945014520322995,8.738605717082116,0.6250658164668441,0.22352818637446956,0.888706372695954,0.6,0.4,0.8,20
10.1002_bdm.2012,6.780787450441268,4.794912375782476,8.872243060553386,0.5228512566531719,0.11579880110777341,0.8055704583379566,0.6,0.3987500000000001,0.8,20
10.1038_s41598-017-12742-4,12.342103825705308,9.50020095517528,14.867785006171841,0.15160478846625566,-0.2164601208568752,0.6405389536545231,0.45,0.25,0.65,20
10.1103_PhysRevE.95.052309,7.28889714212039,5.254555693883019,8.981657458914107,0.6511829975967898,0.3739227372437363,0.8482800457577396,0.65,0.45,0.85,20
10.5751_es-07532-200228,9.107658054777518,6.297983723223931,11.80233556442301,0.5656837204900997,0.17125922394160056,0.8167634013809841,0.6,0.4,0.8,20
10.1371_journal.pone.0054308,8.556890976124635,5.654660227329942,11.198224934857388,0.3993020938750127,-0.007137336392670732,0.7154951749056713,0.65,0.45,0.85,20
10.1177_0048393108315509,6.440106397461929,4.301238818746835,8.662498317646895,0.6172764682967844,0.24957309247310164,0.8607591189787467,0.65,0.45,0.85,20
10.1007_s11284-006-0070-4,8.991334000852046,6.773294670605648,11.094009244873236,0.5253276109873108,0.15430517086869328,0.8125496750647309,0.5,0.3,0.7012499999999988,20
10.3197_096327105774462683,9.86212973613681,7.4641286881395965,12.782205676597076,0.4667342669794447,-0.006811519221634224,0.812501388474526,0.5,0.3,0.7,20
10.1007_s11238-004-3672-8,7.839525489989093,5.220557402242448,10.200118622363084,0.5425373711556102,0.10515236382815632,0.8068431823609835,0.6,0.4,0.8,20
10.1007_s001820050100,8.454400693631863,6.358358941381182,10.377519978322688,0.6755144800374913,0.37492116581826435,0.8833917868164944,0.45,0.25,0.65,20
10.1038_s41562-022-01457-w,7.811725702690454,4.928046995203815,10.320303511779825,0.518979107186196,0.07031736572769297,0.8218231573486189,0.55,0.35,0.8,20
10.1002_bdm.2273,7.856920840967434,5.501288706750626,10.272664765978249,0.5304980574216068,0.12670021020605007,0.806187133422436,0.6,0.4,0.8,20
10.3389_fnbeh.2020.00102,7.046159592218596,4.859906092227003,8.957834491905716,0.548769239270102,0.22340611547951242,0.8030479988927004,0.6,0.4,0.8,20
10.1371_journal.pone.0229510,7.10284688350451,5.179456789036293,9.132245673669496,0.49413397410247156,0.049546696671758636,0.77497718778579,0.5,0.3,0.7,20
10.1371_journal.pone.0227360,8.345768130969406,5.8410986289724125,11.14026383879699,0.38668577337884447,-0.15843935760276776,0.71274666476792,0.4,0.2,0.6,20
10.1371_journal.pone.0200965,7.526734336600603,5.189502390350455,9.783724984765202,0.5535056931604189,0.13770539109170074,0.8095578755848314,0.6,0.35,0.8,20
10.1017_s0043887117000181,7.890716122167944,5.301540252673259,10.54339695492084,0.5042076789878361,0.06067342313163814,0.8397856426407383,0.6,0.3987500000000001,0.85,20
10.1038_s41598-017-12490-5,6.503025627636261,4.936398951236754,8.013610285255657,0.6056443321562835,0.24634835381822462,0.8116541459755605,0.65,0.45,0.85,20
10.1007_s11127-016-0319-6,6.76141582699959,4.521250938668128,8.68725267840714,0.5555985255976525,0.16141897532006028,0.8137988232351625,0.65,0.45,0.85,20
10.1111_beer.12096,6.599887233436866,4.278389143397103,8.568544402715574,0.5355273899907262,0.16036993814502543,0.8081873715194527,0.7,0.5,0.9,20
10.1007_s10816-013-9194-3,8.984958634049654,6.0993704640238695,11.854786528799213,0.5255386317469568,0.08875896616633853,0.844976345570532,0.45,0.25,0.65,20
10.1371_journal.pone.0092336,8.732064168813785,5.692211028133656,11.519507371073152,0.38234683344975307,-0.09851087543854094,0.7864469260413254,0.5,0.25,0.7,20
10.1371_journal.pone.0057378,8.544390622518963,5.4508728515659195,11.61832418158415,0.5245915264055017,0.06437302322456312,0.8096014897240144,0.55,0.3,0.75,20
10.1186_1744-9081-9-3,8.97637612242035,6.361334450444687,11.883397439244947,0.4210267675104116,-0.07396047018209502,0.759473193843416,0.55,0.35,0.75,20
10.1007_s12110-012-9136-x,6.476253702820181,4.654998312656199,8.227894950567128,0.5905930636271032,0.23031252314897227,0.817303579398893,0.6,0.4,0.8,20
10.3982_te795,6.44408866664329,4.459322646680602,8.44695355168468,0.6520707472608949,0.3418502499868644,0.8541511683525465,0.5,0.3,0.75,20
10.1111_j.1749-6632.2009.04542.x,7.249345281890003,5.064172378999058,9.069123747881935,0.5979060484591385,0.26957777467679384,0.8144121700842611,0.6,0.4,0.8,20
10.1007_s10539-007-9065-y,6.703178998524664,4.61117236564056,8.74179661938928,0.5663403601512856,0.1524811559560784,0.8317009294628781,0.65,0.45,0.85,20
10.1038_s41598-023-41519-1,6.897249283165282,4.60262803619298,8.875005696164056,0.5613024381623943,0.1476668355706074,0.8169681038843722,0.65,0.45,0.85,20
10.1002_hbm.25874,7.826221324422632,5.420666137865574,10.268077533569606,0.5505148759423724,0.13947063452225025,0.8043199729608459,0.6,0.4,0.8,20
10.1140_epjb_s10051-021-00212-w,9.146817206236248,6.566147339520786,11.635739867515305,0.4222895843544261,-0.07722184135308491,0.7633613625358094,0.5,0.3,0.7,20
10.1140_epjb_e2020-100618-x,11.120742243508426,7.643022927328151,14.23330825266028,0.35069209987732336,-0.02917155006374373,0.7646385162491913,0.5,0.3,0.7,20
10.1093_ejil_chaa009,7.796080560262804,5.5410661834999955,9.733153792172065,0.4968035535534163,0.11663406311284756,0.8163506159924105,0.55,0.35,0.75,20
10.3390_g10010011,6.628984422007923,4.1174202438077625,9.043440836416703,0.6033465773627917,0.2190207641842653,0.8641110320931665,0.7,0.5,0.9,20
10.1007_s11211-017-0300-7,16.850859238507542,14.013029875588412,19.933963783165208,0.03446011403749998,-0.2377505519932568,0.4073730101140097,0.45,0.24875000000000008,0.65,20
10.1073_pnas.1704032114,7.034289614583372,5.044126903753338,8.935500461773032,0.6000816241140912,0.2326128029541343,0.8383609317431249,0.55,0.35,0.75,20
10.1080_08941920.2016.1209266,9.1995957940062,7.009164677230175,11.313241325538735,0.5196826444236698,0.059779645971362975,0.8058114855211559,0.4,0.2,0.65,20
10.3389_fnbeh.2016.00180,7.449812210195311,5.067341459396822,9.458850617879696,0.5482704827586848,0.18352673604865033,0.8119762792952792,0.6,0.3987500000000001,0.8,20
10.3389_fpsyg.2016.00799,7.423426459622308,5.436527139235783,9.451752162925475,0.5416432426451645,0.1642373889640622,0.7997105779256097,0.4,0.2,0.6,20
10.3389_fpsyg.2015.00983,7.778711918098756,5.430240876145352,9.886532639282812,0.5343369970618945,0.13388302025752502,0.8013815899970526,0.6,0.4,0.8,20
10.1371_journal.pone.0040325,7.931554951018049,4.88096792329138,11.103663996430209,0.488670891442555,-0.015393423940054458,0.817723173648288,0.6,0.4,0.8,20
10.1007_s11403-007-0027-x,9.155556240127689,5.734534508905038,12.07159037838682,0.428640631924299,-0.045380961380989626,0.7759290394033459,0.55,0.35,0.8,20
10.1038_s41893-022-00877-w,6.687717336889571,3.702337953031618,9.702792975061975,0.5462806095383916,0.08510062540206517,0.8754907631662044,0.65,0.4487500000000001,0.85,20
10.1126_sciadv.abj7377,7.226722585489068,4.935148141922944,9.3525998989161,0.412758547461594,-0.015475808091645345,0.7396340759596268,0.6,0.4,0.8,20
10.1027_1864-9335_a000460,7.506372980300753,5.095029854752358,9.615353454944325,0.5467994080867293,0.13851907769596533,0.8283318152393014,0.6,0.4,0.8,20
10.1057_s41599-020-0419-2,6.676232123122309,4.474120757585945,8.71163545870011,0.5357890733661397,0.1856531149253398,0.8176366277387468,0.65,0.45,0.85,20
10.1007_s10683-018-9592-1,7.8478593841688635,5.037745795032472,10.751058594163327,0.49849801080139355,0.05412772980182429,0.8050313695418652,0.55,0.35,0.75,20
10.1016_j.jtbi.2017.10.007,7.142659573634545,4.876897707039487,9.144977099354868,0.5219127525527845,0.05052633118351028,0.7777241747738666,0.55,0.35,0.75,20
10.1038_s41598-017-07916-z,6.777851857649127,4.6894933001264825,8.57523293971908,0.5822129573578673,0.2090683159485527,0.8209855658290665,0.6,0.4,0.8,20
10.1038_srep42735,6.797722929440483,4.4383893354827055,8.856052316923407,0.5366363033290851,0.15335563713152997,0.8278683112859793,0.75,0.55,0.95,20
10.1093_oep_gpv048,5.952405874725378,3.7748336789276347,7.889407058305539,0.583747688493449,0.2273664615023181,0.8416914769720267,0.8,0.6,0.95,20
10.1093_jleo_ewu019,11.32652821486051,8.789216450055173,13.851853933327828,0.5398586795011396,0.09680971222447873,0.8235340982637795,0.4,0.2,0.6,20
10.3389_fnbeh.2015.00107,8.391361153266082,6.29588553303762,10.339640696512705,0.5485557674888815,0.21933453180074372,0.7995514540933912,0.6,0.4,0.8,20
10.1007_s10539-012-9327-1,6.275927333893816,3.80946381496701,8.466801781350764,0.7113068182133063,0.41163533031644606,0.9353495365068105,0.7,0.5,0.9,20
10.1093_jae_ejr034,11.412169785977868,8.202873288703255,14.470407067413031,0.3065746361382701,-0.06514465843623495,0.7587779608484163,0.55,0.35,0.75,20
10.1007_s00191-010-0204-2,17.71350134070459,13.463920352483738,21.261446849242883,0.0003368181908739588,-0.3538734998856275,0.3987171114271222,0.5,0.3,0.7,20
10.1111_j.1439-0310.2010.01781.x,6.948826531707896,4.769100346136509,8.845556800199653,0.5766634432250168,0.18165318244535372,0.8295164885366549,0.65,0.45,0.85,20
10.1007_s00199-008-0421-1,7.737275307754152,5.391984575879031,9.912652880416378,0.509302919457357,0.1863949628117249,0.764404646434804,0.75,0.55,0.95,20
10.1007_978-3-540-85436-4_5,6.931760891629137,5.0002621549664275,8.800773784700127,0.4777983314567729,0.05490816655900408,0.7822952958860035,0.7,0.5,0.9,20
10.1103_PhysRevE.76.026114,6.674996044774472,4.583662820726357,8.67962526778319,0.544516035643547,0.12927969878313625,0.7935485770185389,0.7,0.5,0.9,20
10.1007_s11284-006-0163-0,6.834831644232561,4.942553306265036,8.5865972442692,0.5839176161068517,0.21639989153600003,0.8263310517353168,0.65,0.45,0.85,20
10.1111_j.1468-5584.2005.00267.x,6.629753390165834,4.792202428139793,8.424858385309292,0.5386071562542357,0.15068152828836603,0.7916084229196911,0.55,0.34875000000000006,0.75,20
10.1063_5.0147226,6.95716135758491,4.6900246944752215,8.78985706554024,0.5477784509134317,0.15686046421892688,0.8105553057231538,0.6,0.4,0.8,20
10.1155_2020_8276392,9.006514522059481,6.51480190119709,11.463040609112166,0.5489878559244622,0.1024330737770192,0.8320196447475963,0.45,0.25,0.65,20
10.1017_s1355770x19000457,7.814646575403111,5.331356584453169,9.925508387061319,0.5620173909063346,0.19850457139702177,0.8109286177030062,0.6,0.4,0.8,20
10.1007_s00199-018-1146-4,7.798042140498064,5.387148095288632,9.669190131650694,0.6017675898467906,0.2165226140106599,0.8182255979715714,0.6,0.4,0.8,20
10.1093_oep_gpy045,6.036825232379736,3.973583653980645,7.965470374779035,0.6412490863225065,0.3392892101187314,0.8608170430496714,0.6,0.35,0.8,20
10.1371_journal.pone.0207937,7.061417881505247,5.249553710483109,8.737871353795972,0.5822443870632648,0.24354883359389426,0.8088693286349128,0.6,0.4,0.8,20
10.1017_s1355770x16000322,7.15443073493521,4.858622630095294,8.987306376134066,0.5477403603608195,0.16658988949564854,0.8105464652425902,0.45,0.25,0.65,20
10.1086_687873,5.821262568370553,3.7487820427716096,7.583609675182749,0.6503467302962144,0.37397628693043533,0.8710022706494711,0.7,0.5,0.9,20
10.1007_s40503-016-0035-0,8.11222479398396,5.398663699047629,11.192022466933432,0.41158975868185754,-0.0762387549401338,0.7893763264941682,0.55,0.35,0.75,20
10.1038_srep31927,6.130194398225715,4.317178604063749,7.809438546552521,0.5926527210616865,0.2549236255610976,0.8200113138664589,0.65,0.45,0.85,20
10.5751_es-07493-200323,7.7848669977386455,5.350364090582621,10.140620110222962,0.5818341629248217,0.208132492056207,0.8282380291188278,0.6,0.35,0.8,20
10.1007_s00265-014-1741-8,10.172530717491737,7.621146895461785,12.701416342650601,0.4829108277282294,0.06553560450932736,0.759477354858995,0.5,0.3,0.7,20
10.1073_pnas.1400827111,6.949515043806348,4.88232235970701,8.932122158690916,0.5776436418437887,0.24271820735522062,0.8183075328517683,0.65,0.45,0.85,20
10.1093_aepp_ppq017,7.162086013997897,4.726333735651335,9.41746092354267,0.5081840451289131,0.08978882117055546,0.8180156743280568,0.65,0.45,0.85,20
10.1177_0170840610372202,6.451741990169308,4.276594793539325,8.48518747704805,0.5445569275249496,0.13677946921897383,0.8332656233936109,0.6,0.35,0.8,20
10.1177_17456916231179156,6.475219215874877,3.749729090585657,8.772655887143522,0.5879410870442516,0.18939130584691835,0.8627725153228402,0.75,0.55,0.9,20
10.1523_jneurosci.2303-21.2022,6.42922495113266,4.949396482309149,7.6472363182910925,0.4626604449091853,0.191180490173153,0.702411768627636,0.6,0.4,0.8,20
10.3389_fpubh.2022.881330,6.519208742227213,4.639804382580529,8.176121231061275,0.5385522201356218,0.16256728891566896,0.8041404324567425,0.6,0.4,0.8,20
10.1007_s11127-021-00925-7,10.665688278768693,7.665732304715973,13.22117863355757,0.2628473695991931,-0.25354023096038175,0.6971198991145445,0.55,0.35,0.75,20
10.1017_s0266267121000195,5.5629942565186274,3.6320916871353757,7.257892260138815,0.6782982054123442,0.40118012676948744,0.8859552573156396,0.75,0.55,0.9012499999999989,20
10.1038_s41598-021-93598-7,6.93483075171546,4.679933953779745,8.83671617955431,0.6005326580841831,0.2111360044915847,0.8480503099093205,0.65,0.45,0.85,20
10.1017_s0266267119000233,9.47892265248724,6.460950002755236,12.682660463578504,0.4216870404994454,-0.025968367128693496,0.7636376539389965,0.6,0.4,0.8,20
10.1007_s40656-017-0151-4,6.717956620758594,4.010098056468754,9.108001694792227,0.6100813637257445,0.21596031181394504,0.8715927166372095,0.65,0.45,0.85,20
10.1002_bdm.1976,9.848831285156857,5.5520791001213015,13.335971427125147,0.3119088677026654,-0.19928840255516023,0.7897396952507203,0.6,0.4,0.8,20
10.1007_s11403-015-0146-8,6.349963988605866,4.54570414862848,7.923688037003185,0.620672473902814,0.2681214613109189,0.8454451630993722,0.65,0.45,0.85,20
10.1038_srep12797,13.790299462424182,10.947821434734022,16.285277822799706,0.4489157511315949,-0.03848798958550397,0.7712423618000961,0.4,0.2,0.6,20
10.1007_978-3-319-15515-9_15,7.422059357556116,5.353860564483683,9.381583449857178,0.6129931592663391,0.30928085956932494,0.8313655203855487,0.6,0.4,0.8,20
10.1111_jpet.12084,6.368830281752413,4.414452843988738,8.133895582685062,0.5364457682883621,0.14746478126002494,0.807858013889002,0.6,0.4,0.8,20
10.1371_journal.pone.0105126,9.703892729038653,7.348723848002467,12.157919580541314,0.2561817416101301,-0.12511086964474924,0.6802107620145148,0.4,0.2,0.6,20
10.1515_bejeap-2013-0110,9.319446773683351,6.202743612939113,12.106021689369914,0.40315702509330575,-0.03146709973872662,0.7584273954831201,0.5,0.3,0.7,20
10.1007_s11238-013-9356-5,7.069653012070039,5.076630156565645,8.727917222741516,0.5775792612711866,0.22848349352932965,0.8180433404059702,0.6,0.4,0.8,20
10.1371_journal.pone.0083225,7.177768078013761,5.009011044148555,9.223773408577282,0.5122313830632176,0.05092063804746346,0.7780384384281768,0.6,0.4,0.8,20
10.1371_journal.pone.0077041,8.024009312631001,5.098677443174467,10.709122336017026,0.4318654512566994,-0.009756865542307439,0.7655585098431772,0.6,0.3987500000000001,0.8,20
10.1371_journal.pone.0069871,8.383879430421947,5.937907311517053,10.511064654859348,0.5613296137382612,0.20881572395076303,0.7826597128809706,0.6,0.4,0.8,20
10.1111_evo.12031,7.996859885770027,4.362883395423709,11.355677945338444,0.510883745089454,0.05665567784706095,0.8648123118691844,0.7,0.5,0.9,20
10.1177_147470491301100117,6.222831310544449,3.781698741384106,8.676657038884935,0.6244189105725759,0.22820105853878403,0.8753217594516858,0.7,0.5,0.9,20
10.1371_journal.pone.0044432,11.5362747609889,8.553704127167013,14.148819153169569,0.22255801494749256,-0.1557049467638579,0.6760275525749119,0.55,0.3,0.75,20
10.1111_j.1559-1816.2012.00914.x,6.832943756562834,4.912475663823282,8.824387467181799,0.5177336011541107,0.06139558188669372,0.7706894696753396,0.45,0.25,0.65,20
10.1371_journal.pone.0039002,6.866288906150956,4.683408788836892,8.552252557885062,0.5547400742188077,0.1339851409519767,0.803847688800764,0.6,0.35,0.8,20
10.1111_j.1467-9779.2011.01520.x,6.666607906438215,4.392533031710866,8.656883588598234,0.5523574801286446,0.1903190118706127,0.8459584017967001,0.6,0.4,0.8,20
10.1177_0951629809103970,6.5932878950221925,4.4546646547509035,8.82993045636105,0.6571108087466887,0.3280072197768262,0.876307651367162,0.6,0.35,0.8,20
10.1093_ej_uead030,6.668442254244188,4.565633953156776,8.85934183731892,0.5088447551156678,0.08521842855555666,0.7861836281472054,0.65,0.45,0.85,20
10.1017_ehs.2022.32,7.0338122383865604,4.773704526914795,9.037173512593869,0.510478726567291,0.05982048335811394,0.8023192617295076,0.6,0.4,0.8,20
10.1109_tcsii.2021.3133711,10.75246731895587,7.264778785982229,13.8668858034251,0.3573169153272194,-0.14980507393771464,0.7694032252886613,0.55,0.3,0.7512499999999989,20
10.1111_jpet.12540,6.53149148632182,4.511445766081041,8.473929777915462,0.49633002070161386,0.07954312989028525,0.7868573638249712,0.6,0.35,0.8,20
10.1111_apce.12343,7.110194126496794,4.975044386771194,9.202211068659782,0.5263148203880662,0.12238433914274606,0.7855340543749781,0.55,0.3,0.75,20
10.1111_ecin.13020,9.833072001005524,7.272839031228346,12.210101790472564,0.5351898578387163,0.20798568264750347,0.7921101292373416,0.6,0.35,0.8,20
10.1371_journal.pcbi.1008217,11.426962918292183,7.0774626148936735,15.27480508609238,0.3977980558037425,-0.09973004202137617,0.7569223265429587,0.55,0.35,0.75,20
10.1109_access.2021.3084342,8.544984764524731,6.262152493919989,11.019565802699521,0.44578520544368094,-0.012524065919072219,0.7982390567342633,0.45,0.25,0.65,20
10.1332_204378920x16026943989422,5.9890685239001025,4.338509150801174,7.4829341086931125,0.6727495560136926,0.34873956614569795,0.8660951692830666,0.7,0.5,0.9,20
10.1007_s00355-020-01284-w,7.082676602918406,5.12182339774996,8.873271532327543,0.4327968132253913,0.02595435113283586,0.7429611211151252,0.55,0.35,0.75,20
10.1002_bdm.2208,7.2649602712359584,5.030561439430349,9.414251284594378,0.5468545028806976,0.1337019363245259,0.7886075301339894,0.6,0.4,0.8,20
10.1007_s40750-020-00143-3,6.2610066760387815,4.403264474398901,8.06811427890561,0.5418992755830427,0.1977321180706229,0.801940662878688,0.7,0.5,0.9,20
10.1111_ecin.12766,6.881335939485994,5.048921643275407,8.475374642196408,0.5998973533004799,0.24941534416643552,0.8279376785080448,0.6,0.4,0.8,20
10.1111_ecin.12713,11.825319488636277,8.4892624910573,15.485223616104266,0.29555094204083465,-0.20224378614213107,0.774723861413868,0.45,0.25,0.65,20
10.1103_PhysRevE.100.052304,6.183789325377752,3.7794471847663504,8.395097772886404,0.6471950300892663,0.3307105439796381,0.8968042636075289,0.75,0.55,0.9,20
10.1086_700098,11.61097005726047,8.804763629361162,14.304028856016624,0.568507379061629,0.21633615855625532,0.7850589114404178,0.6,0.4,0.8,20
10.1007_s11127-018-0622-5,7.169409834844005,4.382295271841415,9.715054385816886,0.45840435209458713,0.04006205300836025,0.7921323282446354,0.7,0.5,0.9,20
10.3389_fpsyg.2018.00932,7.380008217076941,4.9917612227876855,9.335435070546879,0.5628929690640643,0.18858845527811424,0.8132056173556206,0.6,0.4,0.8,20
10.1007_s10588-017-9244-6,6.777366618274296,4.862468125648017,8.493300234809068,0.49657247826785994,0.10968518862988516,0.7703681465089381,0.5,0.25,0.7,20
10.1111_jpet.12252,15.047580651717848,11.58456690881532,18.081022122530374,0.2513614240594809,-0.19978078964519708,0.7106410749837871,0.45,0.25,0.65,20
10.1007_s10640-017-0126-7,8.835019934059298,6.5324535735437665,11.420486022857864,0.45849758209030084,-0.026314140049201955,0.7798048197418979,0.4,0.2,0.6,20
10.3982_te2063,5.909485192519899,4.001421651930852,7.714653417021797,0.6065325025903021,0.22497695355041591,0.8444530317075948,0.75,0.55,0.9,20
10.3389_fnbeh.2016.00053,7.331167794267978,5.291037769222546,9.00873593422871,0.6396777387790559,0.3592819751700325,0.8274635197394642,0.55,0.35,0.75,20
10.1007_s12038-013-9342-7,6.857798134826073,4.9551687818257815,8.523250704348376,0.6016892059095743,0.292032258189237,0.8215618825057951,0.6,0.4,0.8,20
10.1111_1475-4932.12073,8.623527940705827,5.109229101428067,12.214834212380577,0.43886615947602203,-0.0884485278004348,0.8056339098058293,0.6,0.35,0.8,20
10.1111_joes.12018,6.287883734843907,4.0531722783346185,8.393641525956841,0.6623364329873807,0.37248571753909204,0.8628636305079378,0.7,0.5,0.9,20
10.1371_journal.pone.0034051,6.31422711147552,4.392001825163719,8.14901496750094,0.6242187942466775,0.2727279739873149,0.8597354859044898,0.65,0.45,0.85,20
10.1080_15534510802469156,6.794543617481698,4.575851894344361,9.017687349867343,0.600495502594866,0.16626873845073736,0.8464805087731712,0.5,0.3,0.75,20
10.1196_annals.1399.012,6.78133725340855,4.209176896985204,9.380327149942906,0.5210765798401242,0.07599830629106367,0.8202044003322634,0.7,0.5,0.9,20
10.1080_10576100490438246,7.846819935573934,5.899217096554123,10.312109044939369,0.39653443835786123,0.046049160728405335,0.7222581988978991,0.6,0.35,0.8,20
10.1038_s41467-023-38592-5,7.171781874630723,4.794005291381557,9.39798225700537,0.5211003638130987,0.14598122470289673,0.7918607166472373,0.6,0.4,0.8,20
10.1093_pnasnexus_pgad091,7.707512307721064,4.804221239997291,10.6925313360786,0.4489212115442363,-0.07146339000118299,0.8173040463642675,0.55,0.34875000000000006,0.75,20
10.1007_s10640-023-00759-5,6.616313535925912,4.944143804043742,8.118892846808297,0.6776135935980888,0.422320741505569,0.8613576051015627,0.7,0.5,0.9,20
10.1063_5.0088493,8.276668152868126,5.554454056404811,11.097644956781782,0.41658429340371345,-0.002433449778587378,0.794776417461178,0.4,0.2,0.6,20
10.1371_journal.pone.0266735,7.154176225509588,4.887101263475915,9.235181539950418,0.5573055366861787,0.14642033188628592,0.8037501645307579,0.6,0.4,0.8,20
10.5267_j.ijiec.2022.3.001,9.789254644950262,6.760194850763217,12.39161506374085,0.27975891851335416,-0.14324326629324907,0.6480312690131486,0.6,0.4,0.8,20
10.1007_s10551-020-04664-5,6.809633939207209,4.776970247274246,8.763563484724372,0.5842560818862588,0.1602562105097386,0.843866422556868,0.5,0.3,0.7,20
10.1371_journal.pone.0263028,7.487985354523649,5.780580645433929,9.140489584662214,0.5191269334760457,0.13598279956995568,0.7997770203480332,0.55,0.35,0.75,20
10.1038_s41598-021-04217-4,6.496166791165834,4.160806427173135,8.763867856766483,0.5325087116952558,0.1301663921511045,0.817216804548627,0.65,0.45,0.85,20
10.1093_scan_nsab124,6.298695517829655,4.067136338677648,8.373693159370822,0.541588187368961,0.1510531202247378,0.8337215694591434,0.65,0.4487500000000001,0.85,20
10.3389_fpsyg.2021.676064,6.938723640189964,4.7703471158859845,9.004825767180337,0.5511358906545815,0.1452896447924005,0.809019514733052,0.6,0.4,0.8,20
10.1038_s41598-021-89563-z,12.285288110833493,8.76365373017493,15.194650121641123,0.275081249571018,-0.1403841374956355,0.6259039590449904,0.6,0.35,0.8,20
10.1371_journal.pone.0248599,6.577890767429979,4.118343111925976,9.08007728412928,0.546486041608289,0.05232841564640867,0.8328981123075716,0.7,0.5,0.9,20
10.1093_qje_qjaa035,26.32971976267268,23.278231927951825,29.293429510366234,0.4632303627947453,0.06113096767154993,0.7347845969321806,0.6,0.4,0.8,20
10.1007_s10640-020-00526-w,7.148380696971885,4.915684109335758,9.165611929331819,0.5488510664731096,0.1613794410014676,0.8070554532638436,0.45,0.25,0.7,20
10.1038_s41598-020-60349-z,9.541065554798035,6.745229122732514,11.947397231669832,0.5388257716175524,0.18233613990535502,0.7967458051785014,0.6,0.4,0.8,20
10.1111_ecin.12720,6.402187065837969,3.9073610919828146,8.772457392951798,0.6508456686336653,0.27378764101630587,0.8859458789832625,0.65,0.45,0.85,20
10.1057_s41599-019-0249-2,9.354761898665426,6.353917647563225,11.991870131318379,0.5578980226181679,0.27594391097290066,0.7615575888899887,0.6,0.4,0.8,20
10.1080_00220485.2018.1551097,6.276077869057391,4.8247961376427835,7.5720615520419345,0.639086000999559,0.38510648737226677,0.8260115032565185,0.7,0.5,0.9,20
10.1007_s10539-018-9627-1,7.3549686603682565,5.267934446978919,9.429473111638783,0.5700473054405841,0.19889313599266756,0.8140561221687476,0.6,0.4,0.8,20
10.1371_journal.pone.0188503,8.664682831562668,5.841184430217428,11.275748295576392,0.4708898869701098,0.02388143148196225,0.7709162928359263,0.55,0.35,0.8,20
10.1073_pnas.1606456113,6.623869348874173,4.867780112891788,8.103969303703309,0.6125746787003793,0.28167377941579924,0.8364576803847946,0.65,0.45,0.85,20
10.18564_jasss.3166,12.762853672909891,9.073902921577321,15.816064853956355,0.3128079071193314,-0.1709833624926153,0.746538809181728,0.55,0.35,0.75,20
10.1111_kykl.12113,7.313003107581892,5.3630935097188255,9.049389981821644,0.5475162093244563,0.18558660298686477,0.8199414929500027,0.45,0.25,0.65,20
10.1371_journal.pone.0124513,8.476633069001378,6.2531037051239,10.82953727325211,0.5412871399652686,0.12663399460780292,0.8602760338177086,0.35,0.15,0.55,20
10.1111_jpet.12090,16.06532563040617,11.933042432016292,20.020791410577058,0.12473678747608288,-0.3715457221475878,0.5557533248669025,0.45,0.25,0.65,20
10.1007_s10588-013-9170-1,12.09920414347661,9.131280831321389,14.758152305076095,0.17950058786012332,-0.4836590319395756,0.625610886687149,0.5,0.3,0.7,20
10.1002_evan.21430,6.610749998346948,4.948327603960088,7.951921040399193,0.7914276729109331,0.5807973755008866,0.9115496031925054,0.7,0.5,0.9,20
10.1111_roiw.12092,8.81927777579318,6.382969594063667,11.289980565294142,0.3871747748406599,-0.06829472593296317,0.7263698204813825,0.55,0.35,0.75,20
10.3389_fevo.2014.00041,7.3291698771661675,4.917172013173386,9.395563628464506,0.5290777737598107,0.14332866131665412,0.7895012438105085,0.6,0.4,0.8,20
10.1155_2014_108024,6.383544784628529,4.634020787685519,7.996348763524974,0.5977878681837745,0.2826935403232265,0.8266873032189531,0.65,0.45,0.85,20
10.3389_fnhum.2013.00252,8.335686669405755,5.598309889341745,10.683798853967978,0.5463635938199153,0.1286406410850374,0.8132489387535914,0.6,0.4,0.8,20
10.1080_0013791x.2011.650839,8.738304535075358,6.308995739600052,11.290574761200363,0.45362532608463313,0.031964381227842474,0.7537447566317329,0.45,0.25,0.65,20
10.1111_j.1467-9779.2011.01519.x,8.63741497099341,6.075407594712732,10.994596030711218,0.5555046146294226,0.20028643828943252,0.8107273440221834,0.6,0.4,0.8,20
10.1007_s10588-008-9053-z,10.692311370919683,7.685189264056492,13.222018410772405,0.3231695715746153,-0.13016049128604845,0.7202871786898967,0.55,0.35,0.75,20
10.1177_0959354308091842,6.627693941132002,4.8271403248209825,8.03043694879808,0.5754427368076483,0.27410410907744454,0.817604724643625,0.65,0.45,0.85,20
10.1007_s10539-007-9083-9,7.659885915297202,5.404820752201751,9.7382821972132,0.5649688702451199,0.17424762555848536,0.817586756200521,0.6,0.4,0.8,20
10.1177_105971230601400306,6.797715856870237,5.03835243462627,8.289842476238867,0.6278519731961539,0.29075237033770635,0.8321675489981248,0.65,0.4,0.85,20
10.1111_j.0020-8833.2004.00306.x,8.288801166986138,6.246127878386352,10.122981402782875,0.617555987524233,0.2716697815756441,0.8295007914883319,0.6,0.35,0.8,20
10.1038_s41598-023-37286-8,7.050163660217468,5.094188469792843,8.79213843926903,0.5652688617128095,0.2153526937725222,0.7960615225241623,0.6,0.4,0.8,20
10.3389_fpsyt.2023.1131769,7.421012447211655,4.5785081193855754,10.122817551197949,0.5312857492230335,0.07531760542805004,0.8446030743150024,0.6,0.35,0.8,20
10.1063_5.0102483,6.982346440870381,4.996733420301249,8.526965017005702,0.5299757045422592,0.1365170104209496,0.8111083876203977,0.6,0.4,0.8,20
10.3389_fpsyg.2022.816168,14.512821084948213,11.411374520072147,17.630059409589194,0.5347689319994866,0.2203179323168792,0.7817646056070593,0.6,0.4,0.85,20
10.1027_2151-2604_a000459,7.266589261394331,5.275453883139695,9.232089336243819,0.5424012663512576,0.1208210833486985,0.814801082788356,0.6,0.4,0.8,20
10.1371_journal.pone.0267153,7.677432829892402,5.062110792325679,9.95772049400443,0.5221489769511993,0.14452135792436302,0.7925327940653417,0.6,0.4,0.8,20
10.3389_fpsyg.2021.678237,6.749218777753011,4.611646367725937,8.590201977741158,0.5840560128655663,0.20938792629027744,0.8218066762150108,0.6,0.4,0.8,20
10.3390_g12030063,5.8653611636060825,4.2679293870554,7.656819634734645,0.6192438798267333,0.21627629184726843,0.8490036866393115,0.65,0.45,0.85,20
10.1007_s40881-021-00099-4,6.6508624312497195,4.594293326920878,8.309655199120868,0.5572087961610955,0.19369112573616612,0.8041660593104979,0.6,0.35,0.8,20
10.1007_s40305-021-00350-z,7.61783873249193,5.486238962932164,9.731552747003752,0.5490846687779479,0.17082664665663097,0.7877295482046146,0.6,0.4,0.8,20
10.1093_ej_ueaa116,6.004833428143099,4.287109331321385,7.5046215579273206,0.610853991144199,0.2762316632880931,0.831399766194051,0.7,0.5,0.9,20
10.1140_epjb_s10051-021-00108-9,10.53261845861445,8.100115078438405,13.135465682999268,0.5291009810137113,0.0665491412585314,0.8347741531465134,0.45,0.25,0.65,20
10.1038_s41598-021-88663-0,7.34907629720994,4.971861108926946,9.672103643327652,0.5712239421748843,0.19964467766977745,0.8103322114138469,0.6,0.35,0.8,20
10.1007_s12144-019-0129-3,9.56977085041395,7.524820164220351,11.386721053474593,0.5460531608773076,0.2188922062109382,0.8042152979067679,0.7,0.5,0.9,20
10.1002_bdm.2243,6.384602541825344,4.227308239423735,8.188989033780967,0.5526507838071119,0.1476939388159052,0.8114174951102306,0.75,0.55,0.9,20
10.1111_ecin.12974,6.972176064135921,4.849552336808875,8.798670946946078,0.4759822690915516,0.03464606169959031,0.7718137531259323,0.65,0.4,0.85,20
10.1561_102.00000099,8.415143191541924,5.751587786780608,10.721686697233416,0.5372297116166777,0.14345337254415455,0.7987526920176866,0.6,0.4,0.8,20
10.1038_s41598-020-79731-y,7.104736617425803,4.958025553930686,9.08086358243539,0.5541817546667451,0.17399171304779887,0.8062699707730103,0.6,0.4,0.8,20
10.1007_s10614-020-10017-1,7.056283173243824,4.968344513560483,9.213006597285133,0.5427561975335595,0.09540568590361287,0.8359037939107823,0.65,0.45,0.85,20
10.1038_s41598-020-65516-w,6.390391313946922,4.44618365841316,8.026111104002034,0.5840669869429584,0.1823724379588094,0.8140074433236485,0.6,0.4,0.8,20
10.1086_709105,7.087910439533237,4.882794908087785,8.903531180197325,0.5331493927738433,0.13823674207770958,0.8096424119962932,0.6,0.4,0.8,20
10.1371_journal.pone.0222724,6.879677781316,4.698531983451512,8.745727234252037,0.5281276665853292,0.1297257946650814,0.8048096980642927,0.65,0.45,0.85,20
10.1002_bdm.2110,6.297902611392495,4.214456866571442,8.0008534645149,0.5637218492347564,0.1895285121173689,0.8135103243642988,0.7,0.5,0.9,20
10.1093_jleo_ewy026,7.1413159273968585,5.092934895124145,9.032198157986224,0.5798022278850872,0.22814630899182478,0.8133958365893139,0.6,0.4,0.8,20
10.3389_fphy.2018.00156,10.545946397153156,7.79926887320821,13.350832533132156,0.27737079408243176,-0.12137830755835559,0.6880381491933417,0.45,0.25,0.65,20
10.1007_s13235-017-0230-x,6.611839340912183,4.312384345608565,8.90131350245402,0.5835233313250767,0.16522402235674352,0.8333336179289855,0.7,0.5,0.9,20
10.1371_journal.pone.0202878,7.02746410556406,4.789529121721401,8.94964454246101,0.5536845288044199,0.16141540725950296,0.8094753227693555,0.4,0.2,0.6012499999999988,20
10.1111_boer.12140,11.255513790768003,8.51766157512542,14.328515601625138,0.4648171147522137,-0.05953753219347907,0.7881410246991029,0.4,0.2,0.65,20
10.1140_epjb_e2018-90042-8,15.452366150917303,11.854153800890685,18.563104425574174,0.16729871735567023,-0.2015097192037033,0.6048046272873288,0.45,0.25,0.65,20
10.1111_jlca.12283,7.051493842322507,4.838041868963032,9.198073684471952,0.5390854421583635,0.10179563490255282,0.8082135909473297,0.6,0.35,0.8,20
10.1007_s11846-016-0209-9,8.337806316732216,6.153455064411727,10.584939077780689,0.4834879438426692,0.024441623139570087,0.7846529248497479,0.4,0.2,0.6,20
10.1007_s11047-016-9546-5,7.129017438013567,4.518825677983718,9.449741737783423,0.5096625670746998,-0.010745075529502343,0.816136626119685,0.55,0.35,0.7512499999999989,20
10.1371_journal.pone.0166101,7.266271760128671,5.017392482195914,9.416901236501582,0.5820016065060746,0.21365144534465308,0.8243227463059991,0.6,0.4,0.8,20
10.1007_s11238-015-9527-7,7.249579368625966,5.105739433936657,9.29948407689749,0.5659268640680987,0.1701364960098661,0.8168732957477869,0.6,0.4,0.8,20
10.18564_jasss.3058,9.85810818007227,7.153122538119405,12.176474166495355,0.5795743507412847,0.2703044182964555,0.7962686451908261,0.6,0.4,0.8,20
10.1007_s11245-014-9294-z,15.637123038787665,12.912704673160448,18.148954392160753,0.44266016459737223,-0.028160610418286828,0.7707741502201257,0.5,0.25,0.7012499999999988,20
10.1007_s00182-015-0520-8,6.267133248776564,4.068648125171125,8.311432140613832,0.6064143230903097,0.30985282675667697,0.8571159535549554,0.8,0.6,0.95,20
10.1086_684166,12.466057191758454,9.711110466665012,15.201754174414953,0.42196045531973214,-0.03868045718431313,0.7684563535179885,0.4,0.2,0.6,20
10.1371_journal.pone.0120394,8.282823961802947,5.106293057601779,11.179317363003715,0.5772647235682629,0.21333639567916546,0.8463706171899106,0.6,0.4,0.8,20
10.1007_s00191-014-0375-3,7.350196430323886,4.959300560732032,9.661589502429488,0.5384049243244295,0.14245158604508198,0.8115626799779831,0.6,0.4,0.8,20
10.3390_su5020560,10.399289064164908,8.027385560417883,12.808687156935962,0.5413617718309816,0.12927623263556873,0.8275682715176464,0.5,0.29875000000000007,0.7,20
10.1111_j.1439-0310.2012.02075.x,6.428666663316265,4.700058109546606,8.078694807171242,0.5774973856766964,0.21395511376103943,0.8073315770150293,0.65,0.45,0.85,20
10.1371_journal.pone.0041338,6.7485520871177815,4.619444333531021,8.700788160134966,0.5302510622634681,0.11825248319852182,0.8034432818714546,0.65,0.45,0.85,20
10.1007_978-3-642-18137-5_14,5.792700560782812,4.105819675738258,7.356321787147266,0.6798898958930076,0.35654586987000153,0.8722808614544841,0.65,0.45,0.85,20
10.1111_j.1467-8462.2010.00607.x,6.018550039109456,3.954551564126583,7.928937363966323,0.6446505267490739,0.32909906998603633,0.8599410416695961,0.7,0.5,0.9,20
10.1111_1468-0262.00230,14.753300561740408,10.659299368075574,18.230416993564518,0.17149457691529307,-0.2626302087811181,0.5721962360254274,0.55,0.35,0.75,20
10.1038_s41467-024-49505-5,8.136445042086107,5.062856355233796,10.767145956467763,0.47876637202763356,0.037585896208556,0.7922419405414368,0.6,0.4,0.8,20
10.1073_pnas.2322072121,8.035497669345794,5.398049244966482,10.247795568840248,0.4443952395736515,-0.014496744196596698,0.763788614272965,0.55,0.35,0.75,20
10.1038_s41598-023-41886-9,7.041708659775596,4.731976363881934,9.283457077056559,0.5304637625477064,0.1380349778268938,0.8171316199988355,0.6,0.4,0.8,20
10.1017_ehs.2023.15,6.608952679182723,4.583453812042393,8.53090388220919,0.5705646213270975,0.18364637189213104,0.8233347660284102,0.65,0.45,0.85,20
10.1038_s41598-023-33167-2,9.418706182705881,6.4218906926617585,12.455849350057969,0.36823469755632593,-0.14835177381478692,0.750429422605473,0.45,0.25,0.7,20
10.1093_jaarel_lfad001,5.975066758837417,4.418253301924472,7.452279013632211,0.6404569646773041,0.3264914989230267,0.8391570368210793,0.65,0.45,0.85,20
10.1111_ajae.12372,6.499305166539357,4.549894534699645,8.47923114689482,0.5422507975514812,0.1502244676535467,0.8243451505854208,0.65,0.45,0.85,20
10.1007_s13752-022-00397-y,7.396056452683605,5.713488529010404,8.914894926749925,0.5994511907241268,0.23500808598688994,0.8100475563642501,0.65,0.45,0.85,20
10.1371_journal.pone.0267251,6.930099396935947,5.030849414372711,8.736104287393559,0.5465423921732179,0.11937796317900518,0.8073469122671904,0.55,0.34875000000000006,0.75,20
10.1002_ird.2704,9.013916920156236,6.289671892887258,11.485887565413302,0.5643714775444064,0.16996754043380902,0.8043056130476768,0.6,0.4,0.8,20
10.1142_s0129183121501278,7.21518072228048,4.882670268489389,9.14663160645081,0.5528379782498195,0.20170935871511442,0.8035746533441671,0.6,0.3987500000000001,0.8,20
10.1038_s41598-021-97001-3,14.77439568356888,11.463872405784873,17.788450936739892,0.17267972381330043,-0.20054365000361163,0.5473444527233621,0.5,0.3,0.7,20
10.1086_717102,6.652985180045391,4.909465268117863,8.333750849258992,0.543341185373026,0.19009839387955899,0.7982355840535176,0.6,0.35,0.8,20
10.1007_s00191-021-00739-2,8.40540201067268,5.960635811888379,10.731143919467346,0.5493944685714841,0.10715932505231236,0.8166664928570466,0.6,0.4,0.8,20
10.1111_vox.13088,7.099690645494646,4.927965759217444,9.236116499412775,0.5485562064427362,0.12029911840755098,0.7891079491676667,0.6,0.4,0.8,20
10.1038_s41598-021-87019-y,7.755682046203747,5.3718546533716856,9.674862963575194,0.5279190357545346,0.11997743190046828,0.8147057873636718,0.6,0.35,0.8,20
10.1038_s41598-021-86668-3,8.525272484915485,6.159733591042884,10.632221455189294,0.5653728943656107,0.19741660916549666,0.8062544508468207,0.6,0.4,0.8,20
10.1007_s11127-020-00868-5,8.11236703991592,5.738211524198782,10.350259714663704,0.562473960889093,0.19030458974459757,0.8121236114385154,0.6,0.4,0.8,20
10.1007_s11229-020-02890-y,5.979738917346248,4.089107782655101,7.603248209774366,0.6655385967444063,0.3531940622983472,0.8599838596340359,0.7,0.45,0.9,20
10.1371_journal.pone.0236544,7.531922785502858,5.240319686374028,9.775001548774071,0.5637084465338791,0.18316225304496747,0.8179064234203608,0.6,0.4,0.8,20
10.1007_s10640-020-00419-y,6.508209787986406,3.876613624111524,9.198869094083875,0.5908657173056825,0.14724680588251665,0.8552913149334507,0.55,0.35,0.75,20
10.3389_fnins.2019.01160,7.764371504010604,5.307385122151132,9.983398375228026,0.5331471121049947,0.1402136102144974,0.8085763403399007,0.6,0.4,0.8,20
10.1093_jleo_ewz004,6.844977177229535,5.065902786014379,8.65258343547989,0.4655205639091298,0.053867936126189474,0.7476188634250468,0.6,0.4,0.8,20
10.1007_s10657-019-09615-8,6.398442587316871,3.9447421175578725,9.104086388289678,0.5498430926496548,0.09700526416689671,0.8578359212947447,0.65,0.45,0.85,20
10.1080_15534510.2019.1641147,7.37498941960021,4.947147302790408,9.399810737326192,0.594077167802859,0.25009832608701815,0.8282700148300738,0.6,0.4,0.8,20
10.1038_s41598-018-38323-7,7.169027651518172,5.062775075281623,9.180944788760701,0.5585883455690428,0.13429044977686888,0.7954638724363328,0.65,0.45,0.85,20
10.1371_journal.pone.0166437,6.203087560778561,4.069499511080808,8.38249102658854,0.5855172259845035,0.1554935743301186,0.8450537754791008,0.7,0.5,0.9,20
10.1515_amcs-2015-0054,7.250738434199717,5.016447121960881,9.224258157869578,0.5997631618187715,0.20830204424643214,0.8486967928317767,0.6,0.4,0.8,20
10.1111_1468-0106.12034,8.856728456245982,6.608716080676387,11.364275688743474,0.3632492469541801,-0.1356056607931492,0.7515608164401074,0.5,0.3,0.75,20
10.1007_s11284-013-1066-5,9.33500387634043,6.981409074733261,11.638626641438824,0.5954905579366214,0.22264381953053003,0.8651602292290382,0.45,0.25,0.7,20
10.1007_978-3-642-13983-3_11,7.539322892088049,5.286240016587071,9.86716775960106,0.5669515907438079,0.17954313774677702,0.8292421963101961,0.6,0.4,0.8,20
10.1007_s11127-007-9269-3,7.9983050673172755,5.111745822684135,11.059577979487077,0.4742374005588115,-0.052231343412367744,0.8193278608288964,0.65,0.45,0.85,20
10.1007_978-0-387-72596-3_8,7.985263020152229,5.262844074892254,10.368592963329798,0.5880100131122438,0.22367032369526949,0.8310786263757175,0.6,0.4,0.8,20
10.1111_j.0021-9029.2006.00042.x,7.923008988059118,5.609467745808512,10.220947645258148,0.5506609857944341,0.1579083334023903,0.8071224054499373,0.45,0.25,0.65,20
10.1063_5.0215702,7.88117188792621,5.3710047586015675,10.086593960649985,0.546486259526368,0.0617624073444089,0.8423208219453161,0.65,0.45,0.85,20
10.1017_s0007123423000716,7.058547665074639,5.271477056368108,8.653785653148766,0.6111845162054267,0.24452064066051582,0.8263093923463075,0.65,0.45,0.85,20
10.1038_s41598-023-50414-8,6.992943537417919,4.667857637844334,9.542862423625888,0.5093063000896235,0.03262295091636449,0.8232697463203065,0.55,0.35,0.75,20
10.3389_fpsyg.2023.1251276,7.105649461178371,5.044305235043134,8.74996263855362,0.5560002289821468,0.1714589406698178,0.7932997674149552,0.6,0.35,0.8,20
10.1007_s10539-023-09929-7,7.341253953535829,5.213762866064323,9.351635990670044,0.6113994674418944,0.2540418928295173,0.8457956555506541,0.6,0.4,0.8,20
10.3389_fpsyg.2023.1198797,7.582251650099116,5.144494962352734,9.795340240095264,0.5459100524014224,0.15086690948996734,0.8084949815226722,0.6,0.4,0.8,20
10.1007_s11238-023-09929-9,8.331603793006494,6.149417818328968,10.475334162031432,0.5268369010535359,0.14540543874149922,0.8069490955791349,0.45,0.25,0.7,20
10.1093_pnasnexus_pgad054,6.890430591396097,4.654360797466793,9.027045239839884,0.5470311956717334,0.17503708033012938,0.8168031547846462,0.65,0.45,0.85,20
10.1371_journal.pone.0275383,6.834920265379697,4.848084594058503,8.79699182565553,0.5370611704971462,0.13269118982060032,0.7966766624059078,0.6,0.4,0.8,20
10.1057_s41599-022-01436-6,7.525624319627467,5.0406031538840965,9.779622501793966,0.5600709808772716,0.18831913715714077,0.815863019753601,0.6,0.4,0.8,20
10.3390_ijerph192416578,7.256659004739769,4.914824836527636,9.561881559277547,0.5425752110609339,0.156104258189531,0.8188766517474334,0.6,0.4,0.8,20
10.3390_su141912809,7.355645600751251,5.05785852095657,9.500080364477872,0.5259521095479686,0.11103706223550831,0.8038984708713763,0.5,0.3,0.7,20
10.1038_s41598-022-18797-2,22.604123416522697,19.039851429625664,26.186301149601306,0.1224067549251071,-0.4438472051306535,0.7155779915731083,0.6,0.35,0.8,20
10.3390_e24091289,7.998125958119115,5.567452145380037,10.579927760225592,0.40698047279660543,-0.05694429605029461,0.7403871275092279,0.45,0.25,0.7,20
10.3389_fpsyg.2022.794953,7.307055038890661,4.753146000582302,9.503333115467452,0.5393092130647458,0.11670704145888221,0.8053640688523035,0.6,0.4,0.8,20
10.1007_s11238-021-09864-7,7.226238189214676,4.897036632128,9.431293593772885,0.5907383441867765,0.236023144589311,0.8124200734450043,0.6,0.3987500000000001,0.8,20
10.6092_issn.1971-8853_14196,7.205648372057938,5.328856547196419,8.858052876233671,0.626822385478008,0.3106916039263672,0.8280582168728503,0.6,0.4,0.8,20
10.6092_issn.1971-8853_13764,7.58619094550272,5.189363448628556,9.982483526980966,0.5657427560121516,0.17584944550508494,0.8135175222454933,0.6,0.4,0.8,20
10.1007_s10640-021-00591-9,6.714674971838377,4.476383162684274,8.675520730990584,0.5605575130022227,0.13373145270987802,0.8363188470123529,0.6,0.4,0.8,20
10.3389_fpsyg.2021.681664,7.63771246324814,5.2772670652630325,9.987633073211017,0.554697634511789,0.15849526082154555,0.8098068305839894,0.6,0.4,0.8,20
10.3390_g12020041,6.483662710766109,4.384941122231476,8.132609080098712,0.5953763533868888,0.2158294919792593,0.8296588694329773,0.6,0.4,0.8,20
10.3390_g12010017,8.658002909230008,6.16068762040056,10.97722072977018,0.3933899849700074,0.0725558696669322,0.727167460228785,0.55,0.35,0.75,20
10.3390_g11040045,6.366447234664034,4.805273986821092,7.783076445239067,0.6175540722631778,0.30758330241921467,0.8220472781538491,0.65,0.45,0.85,20
10.1103_PhysRevE.102.052414,6.616627607206325,3.9949323890269426,8.866264242214616,0.488294959467551,0.03981958688295699,0.8207568703722105,0.6,0.4,0.8,20
10.1371_journal.pone.0240324,6.4499790941026545,4.508685870594381,8.341524386270207,0.5343843220916368,0.1534859316768218,0.7781334688518371,0.7,0.5,0.9,20
10.1007_s40822-020-00144-3,7.147025407662012,4.988802826156893,9.05973908121779,0.579180454405528,0.17871519476901632,0.8260751444162466,0.6,0.4,0.8,20
10.1007_s10479-017-2412-8,9.258819932400794,6.686226125154005,11.930666698923927,0.43093412886962645,0.04838288533973897,0.7680930341057676,0.55,0.35,0.75,20
10.1111_soin.12218,7.050394772839638,4.869066940684536,9.03573341823459,0.5403132781398122,0.13816683721354237,0.8033659262095152,0.65,0.45,0.85,20
10.1007_978-981-13-2769-8_2,8.124299900659528,5.767621081487048,10.185302211216948,0.5787682423099056,0.24814613414785236,0.8089170804377319,0.6,0.4,0.8,20
10.1038_s41598-017-17481-0,10.810183073790519,7.872339162803897,13.287092168781333,0.6196112240612363,0.23725077629768604,0.8487765642969295,0.6,0.4,0.8,20
10.1111_soc4.12478,7.318283363993983,5.094622721191366,9.531401570602762,0.5673933927186817,0.2174370288780488,0.8130080087100283,0.6,0.4,0.8,20
10.1007_s10588-015-9205-x,6.561700046530705,4.164611252181441,8.93655586722104,0.5863478684074278,0.12966385144871412,0.8469477336083749,0.65,0.45,0.85,20
10.1007_s10955-012-0661-0,8.675030522710758,6.012318949636402,11.464115504668895,0.5711610067756739,0.09952538331374274,0.8515787347454665,0.55,0.35,0.8,20
10.1111_j.1468-5876.2011.00544.x,18.446349147832706,14.767822683410945,22.306502813581545,-0.12101096804964655,-0.589592628458871,0.22734382034487113,0.4,0.2,0.6,20
10.1080_13504851.2011.572844,7.149129678391049,5.042879749466351,8.99364382306524,0.5491207454776211,0.15045697811490424,0.8038843831886967,0.4,0.2,0.65,20
10.1186_1471-2148-11-345,7.520551455582048,5.396858272384514,9.562002147820438,0.6010926326011864,0.27117037380155845,0.8241537352809091,0.6,0.4,0.8,20
10.1007_978-3-642-00128-4_6,6.4798668277728835,4.651823846068195,8.154656053897769,0.6410536206878084,0.2657825477811264,0.8474488920658515,0.7,0.5,0.9,20
10.1525_sop.2004.47.1.109,18.158768677887544,6.575508952736881,26.338685476289488,0.31817091284743165,0.034373353099387625,0.6811625615053215,0.55,0.35,0.8,20
10.1007_s001820050124,6.544905944974626,4.261265258157234,8.711813636523557,0.7229607499260398,0.5093010294843874,0.8501696052870417,0.6,0.35,0.8,20
10.1007_s10668-024-05335-5,9.575877787974612,7.297807149741636,11.762534242354468,0.4732650950755714,0.06360617086823811,0.8136771080070169,0.45,0.25,0.7,20
10.1103_PhysRevE.110.034301,8.580759459406757,6.60290405652088,10.495008924284637,0.4233936858781899,0.009243420790200615,0.7269542399294131,0.55,0.3,0.75,20
10.1007_s11538-024-01344-7,6.788024530673687,4.539230581797542,8.61677599972154,0.5636362255290038,0.16599812443548045,0.8090181263608925,0.65,0.45,0.85,20
10.1371_journal.pone.0307832,6.216518243299132,4.496563764644313,7.78194288632878,0.7538111156948725,0.5172604082555339,0.8865178598152276,0.65,0.45,0.85,20
10.3390_bs14080638,7.48523819481219,4.706799334284828,9.955638262160184,0.4636889760147708,-0.024438653761312403,0.8105838608793716,0.5,0.25,0.7,20
10.3390_bs14070601,7.472229160922113,4.825020412234644,9.928952315568527,0.41062565200725654,-0.06008832463284462,0.7359105121700396,0.6,0.4,0.8,20
10.1126_sciadv.adm7968,9.346222314326418,6.6903933863078136,11.726231299010957,0.5777430763699327,0.1690370155128873,0.8316869462450638,0.6,0.4,0.8,20
10.1080_13504851.2024.2363290,7.236152367168776,4.948679832166252,9.345355741384518,0.5826907531945377,0.2202500688286911,0.8224685468232541,0.6,0.35,0.8,20
10.3390_g15030016,7.094835385196871,4.079856226717584,9.921222832809871,0.46641726179207577,0.06503628984496151,0.8022075606670712,0.7,0.5,0.85,20
10.1093_pnasnexus_pgae200,7.864982471914825,5.156965932920847,10.395020614319842,0.4596047683071812,-0.11008569578555352,0.7877542776547137,0.65,0.45,0.85,20
10.1103_PhysRevE.109.054303,7.499932341790115,5.009859727995881,10.048109469976728,0.48205112185637206,0.08490274994308446,0.802672794988056,0.55,0.35,0.75,20
10.1017_ehs.2024.18,6.898192856003103,4.893727928269826,8.71070637505929,0.5557565583225,0.1546483516657884,0.8217226516427345,0.6,0.4,0.8,20
10.1038_s41598-024-57842-0,11.49888822362669,7.7096818863911585,14.619708599865813,0.040627870770303866,-0.2733800782334252,0.4011111506750053,0.6,0.4,0.8,20
10.1007_s40881-023-00159-x,7.55493921925761,5.5420367307478315,9.47458887952185,0.40125580046495624,0.024183090508012598,0.6771898279456129,0.6,0.3987500000000001,0.8,20
10.1007_s11238-024-09977-9,8.405815629365474,6.052510532588457,10.671845325302227,0.5615713832694883,0.1434283554229828,0.7994096529957521,0.6,0.35,0.8,20
10.1007_s40881-023-00157-z,7.312330653091262,5.2013589736489045,9.44563201767148,0.5740861645536514,0.20864428103239344,0.8252277910887283,0.6,0.4,0.8,20
10.1111_exsy.13527,7.213514901675314,5.203157914682059,8.90644936261039,0.595655668212814,0.219416145616378,0.826926551767531,0.6,0.4,0.8,20
10.1007_s40881-023-00153-3,5.915043187595339,4.10347130545044,7.496166475199908,0.6508170418731234,0.30405190235585583,0.8637133438296769,0.65,0.4,0.85,20
10.3390_bs14010039,6.709103173404164,4.847012578350325,8.41189173717036,0.5649891368232302,0.22337823065198648,0.8056169661117194,0.7,0.5,0.9,20
10.1017_psrm.2023.52,7.691940692522503,5.9395743532314995,9.45447789761111,0.5967132689817927,0.2671344366453807,0.8377570714198678,0.6,0.3987500000000001,0.8,20
10.1007_s10539-023-09936-8,8.84385135870786,6.510421343345403,10.90455333494569,0.4633348295109907,0.009012076861046605,0.7701485297793289,0.5,0.3,0.7,20
10.3390_g14050065,7.563057520079977,5.358108544875626,9.799029388386852,0.4841002506255353,-0.019696299357064673,0.7856723294110876,0.55,0.3,0.75,20
10.1007_s00265-023-03380-0,7.279497533388142,5.04770383207878,9.650836296481803,0.5235046798793523,0.09644122460720149,0.8018673085830563,0.35,0.15,0.55,20
10.1111_ecin.13171,7.247024101892469,5.22699059396618,9.05539622485583,0.5826412561250703,0.16366783411964508,0.8397158365464051,0.7,0.5,0.9,20
10.1007_s40881-023-00137-3,7.716476894127729,5.083423114047437,10.052039707416274,0.5578662630775918,0.23177773509131036,0.8226018846712805,0.6,0.4,0.8,20
10.1073_pnas.2207029120,8.133805369553025,4.9558037060656845,11.361946192019508,0.4089854733379554,-0.06309811217996189,0.7766638710112679,0.7,0.5,0.9,20
10.1007_s11238-023-09931-1,7.6889743899644865,5.1508880581397145,10.28499142747652,0.4253118450692649,-0.06248005838208095,0.7566523483751529,0.4,0.2,0.6,20
10.1371_journal.pone.0282112,6.707886008176997,4.95776269681029,8.233107574764789,0.6055504149191486,0.23146083211596236,0.8328742489132306,0.65,0.45,0.85,20
10.1002_soej.12626,7.30971704384939,5.097067976005818,9.326023160214655,0.5944031099846315,0.25924205649000015,0.8269688239854734,0.6,0.4,0.8,20
10.1080_13504851.2022.2156458,6.146079704687818,3.785141989766802,8.453799437071039,0.566290388239443,0.14266956825753954,0.8326974619047481,0.65,0.45,0.85,20
10.1080_02699931.2022.2146057,6.730803019229005,4.680553595683179,8.668507484969682,0.5892412718827268,0.22588632992224936,0.8234221306640793,0.6,0.4,0.8,20
10.3389_fnhum.2022.967090,7.835637904496982,5.233116002767976,10.524644299330697,0.43396727727577367,-0.039719611892884775,0.7861909048896011,0.6,0.4,0.8012499999999989,20
10.1371_journal.pone.0273014,8.663065872064513,5.639000128525938,11.710058717953052,0.38183442876665374,-0.10141009476851198,0.7244530931667231,0.45,0.25,0.65,20
10.1007_s11238-022-09897-6,5.872794123741399,4.101031415923708,7.511069400703986,0.6409270316789167,0.2704794168842778,0.8512697349178397,0.6,0.4,0.8,20
10.3390_math10152823,9.629812910944231,6.048572117018296,13.320956455403776,0.42446606523897523,-0.17930263792304132,0.8327079567217986,0.55,0.35,0.75,20
10.1007_s11403-022-00363-8,6.595645113173106,4.5368245123902655,8.417836903340536,0.5332869869223056,0.11277491603632493,0.8120648429939777,0.6,0.4,0.8,20
10.1007_s10683-022-09758-7,6.829091443438458,4.7998219640388315,8.8460166629899,0.5216658841405409,0.11817231846069426,0.7996761241537143,0.7,0.5,0.9,20
10.1007_s11229-022-03743-6,7.581599017992118,5.381031163782059,9.669026911901689,0.5584640643915239,0.18227134840672754,0.8044678031043058,0.6,0.4,0.8,20
10.1007_s11229-022-03717-8,5.847414906330219,3.8384808549186427,7.805526599885349,0.6256738394922946,0.24473313760774648,0.8636575583161993,0.75,0.55,0.9,20
10.1142_s021759082246002x,8.862464560608702,6.3344472562404714,11.452020362528668,0.30802832113782364,-0.13850924001121398,0.6527519639582191,0.65,0.45,0.85,20
10.1155_2022_5508783,8.55747014327756,5.828394426215779,11.287475968903284,0.4614675639505779,-0.011808706723629936,0.8039272467768317,0.45,0.25,0.65,20
10.1371_journal.pone.0268019,6.918862266376788,5.412992699354696,8.326459569073865,0.5422944372124682,0.23873073243816625,0.7770916055191524,0.6,0.35,0.8,20
10.1007_s00355-021-01363-6,7.691466038640189,4.497420066143221,10.216358462456263,0.4490301106688213,-0.01623088594825699,0.8288679504014342,0.65,0.45,0.85,20
10.1111_jems.12451,7.406972310435973,5.167287111053905,9.847511399933982,0.5076900770190191,0.09078892631217261,0.8042987878807671,0.5,0.3,0.7,20
10.3390_g12020050,7.021366265734263,4.716680650875076,9.246298064035054,0.5319857860660819,0.1509412413755643,0.8169735150736893,0.55,0.35,0.75,20
10.1109_access.2021.3128647,8.286546433138238,5.9708529308795875,10.67782815727698,0.5501303829923534,0.10551051812473805,0.8321451501552002,0.5,0.3,0.75,20
10.1111_ssqu.12910,9.100509777540234,6.910204215084167,11.510196134561454,0.36300965665282375,-0.1296302267650268,0.7165578687108516,0.4,0.2,0.65,20
10.1007_s12124-020-09571-y,5.973673666101201,4.106789470955156,7.891661978141941,0.633210132014493,0.2721884174812517,0.8522371232610274,0.75,0.55,0.95,20
10.1007_s10640-020-00471-8,7.0659214150665735,4.89924051267932,9.187690167229809,0.47144545023430234,0.05241050212703823,0.7790004818547229,0.6,0.4,0.8,20
10.1080_17419166.2020.1756264,7.8403827836903615,4.893171491733514,11.068817469025047,0.41076514619753673,-0.11418838755692802,0.8023528468096105,0.6,0.4,0.8,20
10.1109_access.2020.2995658,8.821457388879177,6.657385300898204,10.948423160746243,0.5780270493877491,0.21441568775277767,0.8386781218275218,0.4,0.2,0.6,20
10.1111_jels.12231,8.122975958461359,5.54443656918272,10.561595740557834,0.4965193376633352,0.060547062293012245,0.7843699391334784,0.6,0.35,0.8,20
10.1002_pchj.259,9.196939423442359,6.438165114965923,11.833888902031784,0.4827241583833947,-0.0071923485457106974,0.7773081816249976,0.5,0.3,0.7,20
10.1007_s11403-017-0195-2,7.9837890429679375,5.740356388739835,10.799438428822299,0.5501492887070956,0.11175311146370168,0.8529006947522322,0.55,0.35,0.75,20
10.18564_jasss.3336,37.251617656247696,27.24760368664734,44.76887039707616,0.14641610505197036,-0.3364130523506525,0.5794774431371458,0.6,0.4,0.8,20
10.1007_978-981-10-6439-5_8,11.064525356069282,8.258227365514156,14.027304842667956,0.43109172156479775,-0.07455763741696107,0.7935945447387885,0.55,0.35,0.75,20
10.1007_978-3-319-29354-7_9,7.086807489144117,5.227907433616946,8.927018414005559,0.5792705456813518,0.20853783226211262,0.8327783154688986,0.6,0.4,0.8,20
10.1057_978-1-137-50247-6_2,7.441191076705791,5.025971841027603,9.818040366143196,0.49481237715657084,0.06963619149174716,0.7845433213219053,0.5,0.3,0.75,20
10.1155_2014_148915,7.494600324884271,4.693413827471133,10.490129528380404,0.5474304856437257,0.055454800189765126,0.8259354725904161,0.55,0.35,0.75,20
10.1017_s1355770x12000381,8.39570035934881,5.494801878842924,11.06443386374696,0.6540333917082034,0.34845130971316113,0.8668272447529907,0.6,0.4,0.8,20
10.1007_s00355-010-0493-2,5.6925119452565776,4.281936502534058,6.999937257122151,0.6079143240967865,0.3436533296660498,0.8135435925134024,0.65,0.45,0.85,20
10.1177_1046496404266546,8.162401044757775,5.71748576379381,10.55467105542936,0.3559733352858076,-0.09653268223480059,0.7014536971356958,0.4,0.2,0.6,20
10.1038_nature02043,6.2740461318236,4.416799032906238,7.902650018824976,0.5133312954646818,0.17359203832494294,0.7825860803336203,0.75,0.55,0.95,20
10.1016_s1090-5138(04)00005-4,6.637620840318399,4.583963610926172,8.382565588663624,0.5665745621175697,0.22993174250881046,0.8174351647710566,0.65,0.45,0.85,20
10.1016_j.physrep.2017.05.004,6.294916835466226,4.299015406316941,8.236281793586878,0.5769669673519582,0.17851164794545704,0.8147756454901318,0.7,0.5,0.9,20
10.2307_1964229,9.023637751537121,7.1588769069968,10.757326056172941,0.7364732238958889,0.5005646159777937,0.8744564488032393,0.6,0.4,0.8,20
10.1098_rsif.2012.0997,6.828728866846622,4.958554999755096,8.70108049390708,0.6479192429251472,0.32752703476775147,0.8453075123051014,0.65,0.45,0.85,20
10.1016_j.tics.2013.06.003,7.588538702524863,5.428290521155636,9.639418321172814,0.5901481943634639,0.24768798270465667,0.820959888413566,0.6,0.4,0.8,20
10.1016_j.tics.2004.02.007,12.025358585037857,9.13611619021607,15.070773941874595,0.20048398135283527,-0.2696251602683778,0.5955119399309231,0.5,0.25,0.7,20
10.1016_0162-3095(92)90032-y,6.339763694917331,3.8183963508119705,8.752442222395187,0.5953174947506096,0.23405444253932145,0.8576379342877913,0.75,0.55,0.95,20
10.2307_2297925,10.69554092588259,7.763981951955198,13.368287525437164,0.26564805944876885,-0.14990193062115642,0.6468626683525787,0.45,0.25,0.65,20
10.1038_373209a0,6.674388648473086,4.596185451295552,8.632842237617549,0.5657238330262025,0.1601298433007197,0.8094010815237396,0.65,0.45,0.85,20
10.1111_j.1461-0248.2005.00773.x,9.327415517961173,6.98269599780601,11.73398356574029,0.31917459694657513,-0.22288816515191856,0.703037953504379,0.4,0.2,0.6,20
10.1006_jtbi.2000.2111,10.227457580112494,7.553054062451489,12.867239791179511,0.38917329281949775,-0.07170198458205998,0.7488627744184821,0.45,0.2,0.65,20
10.1016_s0167-2681(03)00094-5,8.599067397688223,5.734450305807835,11.29474221522843,0.4346245157632998,0.03716106088596255,0.7767648219937273,0.65,0.45,0.85,20
10.1016_s1090-5138(02)00157-5,11.82962195850609,8.95932215582503,14.88984375885643,0.3498496585176343,-0.1565137335025354,0.7482688985696201,0.4,0.2,0.6012499999999988,20
10.1016_j.obhdp.2012.11.003,6.377474879958534,3.959387913751984,8.902683744538734,0.5800859942341018,0.14403154357357836,0.8400052459288685,0.65,0.45,0.85,20
10.1006_jtbi.2001.2406,6.448348689871663,4.511786678863026,8.206926978971275,0.5870499572995567,0.2342323081660015,0.8271086715889557,0.65,0.45,0.85,20
10.1037_a0023489,8.72506226110031,6.14076035919535,11.464484046000162,0.40512289099173476,-0.1377029506826562,0.7624389671290309,0.5,0.3,0.7,20
10.1006_jtbi.2000.2202,6.839275189306856,4.500908307306457,9.426781738888335,0.5438618701879525,0.10827410516998595,0.8095789949611653,0.7,0.5,0.9,20
10.1016_j.tpb.2003.07.001,9.642192872073744,7.254562511280508,12.031278231957527,0.2826181926673889,-0.09271437856213337,0.6860158007632439,0.5,0.3,0.7,20
10.1098_rsif.2014.0735,7.963600743025769,5.99817557344223,9.782318689455128,0.6091085137384535,0.36716730200513803,0.8112165060467738,0.6,0.4,0.8,20
10.1016_j.jpubeco.2007.04.008,7.209564876033712,4.953303763916214,9.4187585023214,0.5541660281099968,0.17109933689417645,0.8210957237373884,0.6,0.4,0.8,20
10.1088_1367-2630_12_8_083005,7.231276538200747,4.647821166454782,9.376914461257929,0.5938933023739819,0.2177337674019008,0.8528203130693965,0.8,0.6,0.95,20
10.1016_j.tree.2007.07.009,6.495902778466014,4.505335842063625,8.284703701419861,0.6204112458682552,0.30110530697984994,0.8467103661386055,0.65,0.45,0.85,20
10.1146_annurev.soc.33.040406.131812,15.323295751850475,11.229512850060614,18.65782627885069,-0.24029930073706318,-0.5488866963082839,0.1494593810228781,0.55,0.35,0.75,20
10.1016_j.tics.2003.12.003,6.534437949059394,4.511120251126453,8.336234208082683,0.5915070742640287,0.26748989248847643,0.8174944536634757,0.75,0.55,0.9,20
10.1016_j.jebo.2003.06.006,6.732377274685025,4.794829981609833,8.386648906363293,0.5993728124577506,0.26449667355738055,0.8175926161207577,0.6,0.4,0.8,20
10.1098_rstb.2008.0275,6.980631989199536,5.108860179577639,8.88673178302692,0.6024740827059475,0.29769090068314347,0.8192538885285254,0.6,0.4,0.8,20
10.1016_j.evolhumbehav.2004.04.002,7.683417810331846,4.689204021068269,10.4024111990262,0.36548311963512126,-0.1555803437418238,0.7437756963750551,0.5,0.3,0.7,20
10.1098_rsif.2020.0880,7.53512398648849,5.247457121675099,9.622385676362418,0.5126718988346964,0.08590545424243741,0.7916878575283723,0.5789473684210527,0.3684210526315789,0.7894736842105263,19
10.1038_s41562-018-0385-5,5.478723355705055,3.8815306480654637,7.020779733680035,0.6426756110281208,0.35283734767820873,0.8429659833890155,0.7894736842105263,0.5789473684210527,0.9473684210526315,19
10.1146_annurev-psych-081920-042106,6.702340103293376,4.5157372617426565,8.631885327630384,0.5204096413976911,0.07214349018813636,0.8270723490563905,0.7368421052631579,0.5263157894736842,0.8960526315789462,19
10.1016_j.evolhumbehav.2006.06.001,7.46908140103814,5.20856651988339,9.36548769760839,0.5543396943001674,0.1739824310929011,0.8096769186026334,0.6,0.4,0.8,20
10.1088_1367-2630_16_8_083016,7.411192578800605,5.456268613857509,9.023181642633254,0.6141992931392589,0.2874313960659483,0.8312758826132266,0.65,0.45,0.85,20
10.1016_j.physleta.2016.06.017,6.639707770475278,4.446690873762559,8.609817153094548,0.6463806369359397,0.3455441333611613,0.862417467217194,0.65,0.45,0.85,20
10.1016_j.jebo.2012.12.010,6.1397013845656305,3.9020461614897886,8.277584725054295,0.6597342068560437,0.3225396754584687,0.8864287479451437,0.6842105263157895,0.47368421052631576,0.8421052631578947,19
10.1016_j.tree.2007.06.012,6.386366221423538,4.71666689935844,7.949214815721163,0.5868888235346563,0.23845091226771956,0.822632737159021,0.7,0.5,0.9,20
10.1146_annurev-soc-073014-112242,5.940003444019871,4.312721692004117,7.43228248082986,0.6486682622155628,0.3311649466350234,0.8400601088182312,0.65,0.4487500000000001,0.85,20
10.1098_rstb.2010.0157,6.5868840540467835,4.493891454760108,8.515976371086136,0.5453106399764027,0.16900206899838685,0.825882686843576,0.6,0.4,0.8,20
10.1006_jtbi.2003.3104,12.907037170177361,10.089815578946984,15.527302675425116,0.36328131220014104,-0.11301585733380771,0.7426573499987118,0.45,0.25,0.6512499999999989,20
10.1088_1367-2630_14_4_043013,10.597361749209568,7.7921089917017525,13.281811192427268,0.4607646803313187,0.10665762445957318,0.7642634327065755,0.5,0.25,0.7,20
10.1016_j.tpb.2005.09.005,6.792482656315742,4.810339668364063,8.489789279742709,0.6058858629807526,0.24263248976592053,0.8468338808267261,0.65,0.45,0.85,20
10.1016_j.geb.2006.08.011,10.427106548753956,7.750686946025541,13.06775028555579,0.3856022974115164,-0.13824531717638852,0.7476778927261402,0.4,0.2,0.65,20
10.1016_s1090-5138(01)00093-9,7.688061352421469,5.438596719125936,10.031078490405724,0.47245476875438736,0.014974189183099462,0.7966803999397436,0.45,0.25,0.65,20
10.1016_j.tree.2011.12.004,6.2904429776235595,4.83382203444556,7.596335390337313,0.5734008833021056,0.31688156686462954,0.802789668384482,0.6,0.35,0.8,20
10.1016_j.jebo.2005.02.008,6.646581472204699,4.883485743438463,8.055890757821045,0.6364233875812598,0.33555742904924496,0.8317648541241154,0.65,0.45,0.85,20
10.1016_j.geb.2012.10.001,12.436361627279407,9.45399463135605,15.388890829062063,0.3542545883518245,-0.12287703248759257,0.7135568489269191,0.4,0.2,0.6,20
10.1016_j.jrp.2009.01.003,7.661016651755454,5.618753619246734,9.789235734872141,0.4824066343972858,0.04712009261175516,0.7791988000285426,0.4,0.2,0.6,20
10.1146_annurev-psych-010814-015355,8.198149640046221,5.626210561773005,10.513149040890621,0.5886881652396467,0.2066256740474738,0.8129086958113803,0.6,0.35,0.8,20
10.1093_qje_qjz001,7.585783706539941,5.146100848000369,9.612426235287261,0.5740599735978213,0.1659480337844233,0.8175604749273302,0.6,0.4,0.8,20
10.1016_j.geb.2004.08.007,6.751205638687884,4.770166398949738,8.461796836266032,0.6442844506035384,0.32977716235382537,0.8417404179525877,0.65,0.45,0.85,20
10.1177_1745691613488533,7.692356151128488,5.292420070271232,10.40977814460645,0.5263416046162582,0.07418415995544134,0.8505702136203522,0.6,0.4,0.8,20
10.1287_mnsc.2015.2168,6.651984009691751,4.909759542567018,8.155615623034592,0.6079435764961745,0.2806924229627325,0.8285302985694653,0.65,0.45,0.85,20
10.1037_0022-3514.76.4.587,8.463037497281553,5.935810445737499,10.99465132453656,0.499036732096392,-0.006360763001692593,0.8050630147497235,0.5,0.25,0.7012499999999988,20
10.1016_j.plrev.2016.08.015,6.440643810274241,4.339649558585624,8.386973047028281,0.5541912730515242,0.15038839820853647,0.823947608148583,0.6,0.4,0.8,20
10.1016_j.conb.2004.10.007,15.667481362404457,12.52407506616318,18.446322664084857,-0.04787980976871507,-0.3942446905608879,0.3223742505298406,0.55,0.35,0.75,20
10.1098_rsif.2014.0935,8.407775823293306,6.050725042345052,10.73632388470108,0.40432871296591694,0.04722816421833161,0.7124836835612327,0.5,0.25,0.7,20
10.1146_annurev-psych-081420-110718,6.460367276202035,4.8531150741928,8.059160336359337,0.6530751271369519,0.30330504606805336,0.862452736985737,0.65,0.45,0.85,20
10.1088_1367-2630_14_9_093016,9.273164980089655,6.8531898917523035,11.660400979594057,0.46125045850240026,0.07152844938814149,0.8335143326347831,0.5,0.3,0.7,20
10.1016_j.euroecorev.2008.09.007,6.466382174800821,4.594075460795935,8.322787430105166,0.6176015002800898,0.20552342048567315,0.8508305779071321,0.65,0.45,0.85,20
10.1016_j.jpubeco.2009.03.004,7.040409014773411,4.859503707248652,9.067620494362027,0.5653592878786756,0.18274439739013856,0.8154092431194933,0.6,0.3987500000000001,0.8,20
10.1016_j.obhdp.2015.01.003,9.147223027564289,6.556928303250471,11.689439911981648,0.23960404358672624,-0.11197254559597959,0.6178497219023552,0.45,0.25,0.65,20
10.1016_j.bandc.2012.09.009,6.233622038498003,4.020172660606119,8.418456268112639,0.5890106473042782,0.20912400703082934,0.8336989701922548,0.7,0.5,0.9,20
10.1086_510602,7.685767762448576,5.286968857218913,9.946982875837792,0.5815271921204964,0.20603423155884337,0.8279976302665729,0.6,0.35,0.8,20
10.1016_j.jpubeco.2012.08.003,8.456174252756053,6.017814379571473,10.861944465694393,0.5273559458831175,0.10936285623695605,0.8190947106000295,0.6,0.35,0.8,20
10.1111_j.1420-9101.2007.01482.x,7.836806361241971,5.538573957287527,9.981301732357506,0.5578904256030888,0.1471336442998549,0.8135400926158493,0.6,0.4,0.8,20
10.1098_rstb.2010.0310,10.31367454474349,7.379887285659565,13.57991455103275,0.5425941408008509,0.03580744447585433,0.8345482063431486,0.631578947368421,0.42105263157894735,0.8421052631578947,19
10.1006_obhd.1995.1015,7.294660286452678,5.304187229737517,9.259852439680827,0.5223314396553091,0.1359367064853257,0.7854669731508052,0.45,0.25,0.65,20
10.1016_j.evolhumbehav.2007.08.002,7.029064108933725,4.828825008968972,8.999265429234548,0.5375774369395113,0.15537753530058723,0.8177241629832132,0.55,0.35,0.75,20
10.1037_xge0000365,7.2137634013509615,5.006607167838031,9.319633585667592,0.5420055210760435,0.13754400329766206,0.8146639433607893,0.6,0.4,0.8,20
10.1016_j.amc.2017.08.049,7.6102760445694475,4.647343585247381,10.419706963995132,0.482212636665703,0.029027984950723264,0.8154104800335173,0.65,0.45,0.85,20
10.1016_s0167-2681(02)00098-7,8.250429082669148,5.052384167101087,11.31787583586566,0.35504192438239945,-0.17566761692221583,0.7393034871558969,0.55,0.35,0.8,20
10.1016_j.geb.2007.05.001,8.448666397769346,5.778218396993338,10.654664797991536,0.585469386181028,0.22321134907317175,0.8255607289093635,0.6,0.3987500000000001,0.8,20
10.1177_1529100612474436,6.601663030185862,4.248911173513532,9.30312323448795,0.5900962866403956,0.1643298715471881,0.864808145972572,0.5,0.3,0.7,20
10.1037_a0011381,6.989905269517995,4.771350441314946,8.76110151029869,0.5582577577362544,0.16367814087427573,0.8129614622251102,0.6,0.4,0.8,20
10.1098_rspb.2012.2498,6.866687382621103,4.93687288365075,8.68842104847593,0.5726455037262165,0.202938141638403,0.8171744257840742,0.65,0.45,0.85,20
10.1177_1948550616639650,6.961772340014927,4.981710173934208,8.684575737371976,0.5882562823767779,0.24469273425704213,0.8328612489515538,0.6,0.35,0.8,20
10.1098_rstb.2015.0100,6.384339745508469,4.804689609241072,7.812306527550891,0.618528626403249,0.31834531650917786,0.8312062948071369,0.65,0.45,0.85,20
10.1016_j.cogsys.2005.11.010,7.783320207829342,4.632258927307186,10.51196881503763,0.5343665260403042,0.08005981218076993,0.8508585790149469,0.65,0.45,0.85,20
10.1016_j.plrev.2014.02.003,7.386472553778079,4.714835510591397,10.43150142028206,0.45731127024356866,-0.05611840312655988,0.8274034794874304,0.6,0.4,0.8,20
10.1016_j.jtbi.2005.10.011,7.21302769009685,4.131264552405279,9.928407991204123,0.49041417936993575,-0.02972898143444158,0.854384020825215,0.55,0.35,0.75,20
10.1002_per.830,7.989202383059783,5.728792877062396,10.406432330291736,0.5088072759712926,0.04183763179170386,0.8165462643123821,0.5,0.3,0.7,20
10.1093_oxrep_grn012,9.194862273260208,6.750355225732507,11.967735998109259,0.5067138513047762,0.07004084428088968,0.8434871064959919,0.55,0.3,0.75,20
10.1177_0956797615624469,7.296323343006516,5.121190834430617,9.360291389395103,0.5795808778319239,0.18983701727841204,0.8069584448228386,0.6,0.4,0.8,20
10.1016_j.jpubeco.2012.05.014,8.922093705941512,5.250405392375294,12.944428372866298,0.5769379591982576,0.08566802342356389,0.86887680911525,0.5,0.3,0.7,20
10.1177_1948550614527115,7.287106949186426,5.250709065400081,9.220521151315065,0.5759151091366764,0.19101891512929084,0.8206043675610398,0.6,0.4,0.8,20
10.1016_j.ecolecon.2011.01.011,7.536853369103069,5.097534138816359,9.810207957425927,0.5670660094319598,0.1822597896174348,0.8215101777997055,0.6,0.4,0.8,20
10.1016_j.evolhumbehav.2008.01.001,6.648303048076261,4.697728203109899,8.64627666614489,0.5526810239831367,0.1668206817758102,0.8045220885286315,0.65,0.45,0.85,20
10.1016_j.euroecorev.2010.04.003,14.427295938700789,11.39463885527353,17.144305719629646,0.5871733071074882,0.2793877461583553,0.8131607560255405,0.6,0.4,0.8,20
10.1016_j.geb.2009.09.004,8.598677368034343,5.853972895854233,11.053411761575202,0.5627930193272221,0.19683981502111508,0.8180624629733315,0.6,0.3987500000000001,0.8,20
10.1016_j.jpubeco.2014.05.002,7.677057488512257,4.901213395725887,10.777201550804836,0.4840739423153615,-0.018168922981513836,0.8309516835968442,0.45,0.25,0.65,20
10.1086_393069,9.270229422621599,7.277967831267699,11.440703725600278,0.4879111554732349,0.10388306899231595,0.8259848437853187,0.35,0.15,0.55,20
10.1016_0303-2647(95)01548-5,7.149754510298712,4.928277423466714,9.102644262874668,0.5813043528976352,0.17033272399894567,0.8381810715519759,0.7,0.5,0.9,20
10.1016_j.jebo.2009.03.022,8.960073511208906,6.526110739199131,11.42952730295129,0.5746374044679542,0.20494472282306853,0.8296273127546681,0.6,0.4,0.8,20
10.1016_j.jpubeco.2015.12.012,7.363411238019723,4.764745244110034,9.963143369981845,0.48845619668709084,-0.012080589100199579,0.8131929585491255,0.6,0.4,0.8,20
10.1287_mnsc.1110.1466,10.09425775323651,7.300931135977573,12.533981127242697,0.5375953533872573,0.1411162053187515,0.8060442271918921,0.6,0.4,0.8,20
10.1016_j.jebo.2005.04.018,5.523259501966462,3.8909564884721792,7.036249944195182,0.6897146632533218,0.43292185039611847,0.8669154919577976,0.7,0.5,0.9,20
10.1098_rspb.2012.2723,6.958297410400821,4.965357878489601,8.709270189200753,0.5504838894746049,0.1590903360033821,0.8022823484517771,0.55,0.35,0.75,20
10.1111_j.1420-9101.2011.02307.x,6.619062412299518,4.861220329960175,8.459049992837185,0.6764833699440068,0.4165964126072557,0.8518471033108176,0.7,0.5,0.9,20
10.1016_j.physleta.2020.126965,8.668513888547434,6.204089177752498,10.83825946481683,0.5719140513177956,0.24383888928877087,0.8244816409057667,0.55,0.34875000000000006,0.8,20
10.1007_978-3-540-85436-4,7.105645456613896,4.732875786816113,9.739842156734014,0.6249295775592075,0.2048204839055993,0.8807816692546215,0.55,0.35,0.75,20
10.1016_j.jebo.2011.01.017,10.121141806478269,6.365453849314739,13.485029066545966,0.15193495975659618,-0.31003692609868916,0.6204996741573652,0.6,0.4,0.8,20
10.1016_j.jebo.2009.03.011,8.303021892439643,4.957713943306072,11.711773247399957,0.48864642786869183,-0.12382898540360938,0.8229044447011575,0.55,0.34875000000000006,0.75,20
10.1016_j.ejor.2008.01.021,12.110861542004368,9.18571029084082,14.983593035536652,0.47489152318485917,-0.052448312220517115,0.7962624294401175,0.45,0.25,0.65,20
10.1016_j.joep.2013.01.001,6.760505668541834,4.792066240129379,8.92737236377521,0.5295318165162564,0.153401116340085,0.8056840158189,0.5,0.3,0.7,20
10.1016_j.jebo.2008.02.006,9.452137165764137,7.120139742903381,11.575090039258722,0.6043523046488551,0.2590766517223008,0.8154670024108549,0.5,0.3,0.7,20
10.1016_s0167-2681(02)00032-x,5.939122661306873,4.165376631182195,7.714000418715707,0.7051036760448078,0.4783575946383067,0.8860270452163098,0.7,0.5,0.9,20
10.1016_j.evolhumbehav.2007.04.001,6.349592495704705,4.706519146656965,7.897771184154663,0.6199694234542759,0.2735133162451694,0.8294466186829939,0.65,0.45,0.85,20
10.2307_2669365,7.20932465485106,4.872796975402347,9.472222928041678,0.5434271268555738,0.18163461865597622,0.81886111557232,0.6,0.4,0.8,20
10.1038_s41559-019-0907-1,7.874390681724948,5.6247223038282215,10.003014869763582,0.4972242699196925,0.11603624398307429,0.8275665183925748,0.5,0.25,0.7,20
10.1098_rspb.2013.0247,6.261125168881513,4.138960031268477,8.233187488267959,0.6036049556493441,0.2662972426128861,0.8506180449303746,0.8,0.6,0.95,20
10.1016_j.evolhumbehav.2017.07.003,6.66300549067182,4.814408951104337,8.243638768581292,0.6119468033179387,0.24326644565829017,0.8357950358850907,0.65,0.45,0.85,20
10.1016_j.jtbi.2008.06.017,11.403538214024806,8.431284345076886,13.97839388175451,0.16340221498075258,-0.3139334766248433,0.5564990673992446,0.45,0.25,0.65,20
10.1016_j.jet.2008.10.005,8.064345288963734,5.4535468650145775,10.901607964377947,0.29336400381803146,-0.1907637042775295,0.6913083314574914,0.5,0.3,0.7,20
10.1016_j.jpubeco.2010.11.021,8.990470398685183,7.238328504112161,10.68945496623325,0.607103101371761,0.23791274627734835,0.8496916619628975,0.65,0.45,0.85,20
10.1016_j.econlet.2007.09.048,8.083080558149536,5.972006233582255,10.178589948907458,0.39518222519525376,-0.11302348436835137,0.7277305980313227,0.47368421052631576,0.2631578947368421,0.6842105263157895,19
10.1016_j.evolhumbehav.2006.08.002,8.317520489825794,6.868644355629497,9.6973137132811,0.5212124778975832,0.18868022989692018,0.9099438279586359,0.55,0.35,0.75,20
10.1086_286052,6.994836721267781,5.656382577569308,8.260880984954444,0.6068270464342796,0.288895215670913,0.8382276622862771,0.45,0.25,0.65,20
10.1098_rstb.2015.0090,7.076637806319832,4.870740589354782,9.289475704115588,0.5174028645462623,0.06497001176728599,0.8002856439352798,0.5789473684210527,0.3684210526315789,0.7894736842105263,19
10.2307_2095953,11.323511383291555,8.390255833189162,13.777840857734486,0.32823923850533887,0.017617440773669665,0.662316092034963,0.6,0.35,0.8,20
10.1098_rspa.2021.0397,6.724635451698254,4.570509179321872,8.390930257683273,0.5945536035084332,0.1887403444220117,0.8330897724077055,0.65,0.4487500000000001,0.85,20
10.1016_j.obhdp.2011.05.007,7.311525690460582,5.000350487653348,9.477347195099357,0.5863196144018217,0.20163580481041332,0.8301096812176142,0.6,0.4,0.8,20
10.1016_j.geb.2006.03.007,10.861751919721025,7.88597645380145,13.543170615111736,0.285518711144913,-0.11928315803958384,0.6521334805635012,0.6,0.4,0.8,20
10.1016_j.tree.2005.07.012,7.228296739770153,4.234016935855935,10.269669556117355,0.43794580597705857,-0.039067375531731605,0.8039967304570429,0.7,0.5,0.9,20
10.1016_j.obhdp.2016.02.003,5.752850954516095,3.823315748306179,7.513785275811433,0.6808660918857635,0.3644515356273283,0.8719345395073002,0.75,0.55,0.9,20
10.1016_j.paid.2010.05.002,9.723923644648893,7.126131620570628,12.072257274366052,0.3096109145315016,-0.05101251735171856,0.6426217472827419,0.5,0.3,0.7,20
10.1006_game.1998.0638,6.886925060098713,4.809570396116111,9.106452044056404,0.5675590868030346,0.21586067156012903,0.8258706604210398,0.6,0.4,0.8,20
10.1146_annurev-psych-020821-110044,7.725266900242817,5.656698558383847,9.717932855305335,0.582925814694169,0.22633376383897663,0.8168687491841841,0.6,0.4,0.8,20
10.1016_j.euroecorev.2008.09.005,6.986006550522644,5.21220871123697,8.635833822254122,0.5600182085083132,0.2187628693710031,0.7885413545681058,0.6,0.4,0.8,20
10.1016_j.evolhumbehav.2004.12.006,7.728485569302372,5.3405165246496855,10.234894477451403,0.5898674208819278,0.15602820489622254,0.8748395396425241,0.5,0.3,0.7012499999999988,20
10.1016_j.amc.2021.126586,6.963196535202303,5.1456977246241085,8.473886914498676,0.48743256614176056,0.12324297095968667,0.7515262254553339,0.45,0.25,0.65,20
10.1016_j.evolhumbehav.2013.10.001,6.192578412240359,4.549455366466905,7.903882917600125,0.6035819327535477,0.304728433983609,0.8142649751920045,0.7,0.5,0.9,20
10.1016_j.neubiorev.2008.09.008,6.713923270655716,4.161724645976009,9.063484453473887,0.5268063074596331,0.15455966067300395,0.8305820941260087,0.65,0.4,0.85,20
10.1016_j.amc.2021.126797,6.31728328401582,4.276471150885147,8.129584558439516,0.6653381948241116,0.37552856228633014,0.8624849234531345,0.5789473684210527,0.3684210526315789,0.7894736842105263,19
10.1016_j.jtbi.2014.06.041,6.700621470122202,4.508146857317148,8.890408462603085,0.5521516242909359,0.1270451040955995,0.8297594755247509,0.45,0.25,0.65,20
10.1016_j.chaos.2015.06.002,15.413616455708711,12.386472543626208,18.21511949086511,0.2809249009418425,-0.20689309235631573,0.6442477912589077,0.5,0.3,0.7,20
10.1016_j.jpubeco.2009.10.007,6.892703380674887,4.6505423690737935,8.851562130112159,0.5548045567048452,0.13125876285154825,0.8203087593250492,0.6,0.4,0.8,20
10.1088_1367-2630_abf205,7.920171017353678,4.9665785679506245,10.97154715923628,0.5875213408093681,0.16141926226432374,0.8562230879489191,0.5,0.3,0.7,20
10.1016_j.jtbi.2021.110606,6.489621356711635,4.187809219794902,8.975722168413963,0.5914864490843589,0.19686389506835225,0.8583758079245697,0.65,0.45,0.85,20
10.1016_j.jebo.2014.11.009,7.426246252305995,4.614734445951871,10.348621299506219,0.47923381070410664,-0.02684511371926109,0.8098033532155,0.5,0.3,0.7,20
10.1209_0295-5075_93_58001,6.335552674329816,4.095331824414787,8.436717969374222,0.5917008039348686,0.2916859718287199,0.8600805279087425,0.7,0.5,0.9,20
10.1177_1069397108320422,6.023430379337374,4.270393619374268,7.6911389585928225,0.6679767095261502,0.35404369518330225,0.8805499605190696,0.65,0.45,0.85,20
10.1016_j.geb.2010.08.010,9.31053040767088,6.947947809360514,11.433384778789932,0.2751541089847293,-0.023452846408879277,0.5601857694832109,0.5,0.3,0.7,20
10.1016_j.obhdp.2021.01.003,6.893592306412153,4.62107378626979,9.011432032118641,0.5355514053693742,0.1235891905746212,0.8222221797834388,0.6,0.4,0.8,20
10.1016_j.jpubeco.2017.03.002,9.1355994424126,6.776805530261347,11.375463856782051,0.5327575587236448,0.11830087936809533,0.8011859462697933,0.6,0.4,0.8,20
10.1098_rsif.2022.0036,7.062104005346093,4.760909232244959,9.111045904577463,0.5532329378780305,0.18286419096933224,0.8223412318127432,0.6,0.4,0.8,20
10.1177_0956797617752642,8.416993277066778,6.1240956066792185,10.7448384440148,0.5593503630439711,0.1518469419047628,0.8234791515948419,0.6,0.35,0.8,20
10.1016_j.chaos.2018.01.019,12.60025778470054,9.334973627951733,15.570684488173416,0.043679740536541424,-0.27219788808275347,0.47806677848221185,0.4,0.2,0.6,20
10.1016_j.evolhumbehav.2015.12.004,7.775975328259704,5.254822960128205,10.324374714657486,0.5895938051167374,0.18049839580035945,0.8340193222911582,0.5,0.3,0.7012499999999988,20
10.1016_j.joep.2009.04.004,6.959653697834995,4.707764060388276,8.828251515674708,0.5144922991032284,0.12306688024332194,0.7887183823086834,0.6,0.35,0.8,20
10.1016_j.chaos.2019.109517,7.357645621158075,5.252225793952174,9.213123096244258,0.5755508016541464,0.23312240832740422,0.8035741612173265,0.6,0.4,0.8,20
10.1177_0146167216684134,7.6175785365773745,5.065315895055889,10.045875553195971,0.5508387957390937,0.18142312211184877,0.8058482863916661,0.6,0.35,0.8,20
10.1111_j.1467-2979.2010.00372.x,5.950621279563962,4.339836990432604,7.457531641381944,0.7366309519914005,0.478877692190481,0.8936375903507928,0.75,0.55,0.95,20
10.1006_jtbi.1996.0286,6.849076192571002,4.824123197151907,8.705894614501345,0.6362531722150991,0.3178435658259269,0.8347908883586724,0.65,0.45,0.85,20
10.1016_j.euroecorev.2012.05.003,7.99714257475939,6.410821802439809,9.480278226239834,0.5845014965813781,0.2816993157082193,0.8082355704677914,0.55,0.3,0.75,20
10.1006_jeth.2000.2655,6.670000346576013,4.6826426951720785,8.43733175394375,0.6221087973779745,0.2910571529776793,0.8315575010871857,0.65,0.45,0.85,20
10.1037_pspi0000389,6.314978954475691,4.0629494808754,8.388865750255267,0.6505841455225111,0.2399974703472448,0.8717240507284666,0.65,0.45,0.85,20
10.1016_j.jrp.2016.08.004,7.667100204979856,5.527196647153953,9.613501317731021,0.5591689922175223,0.1454761708417586,0.7920723479154861,0.6,0.4,0.8,20
10.1016_j.evolhumbehav.2015.12.003,6.961082994208496,5.157792543898903,8.809588462416723,0.5262508282127101,0.11800520836796002,0.7908951736604886,0.55,0.35,0.75,20
10.1177_1368430215583519,7.6984074346266365,5.429170524775287,9.912678955885733,0.5333529736354291,0.13827311325670583,0.803014424743609,0.6,0.4,0.8,20
10.1016_j.jpubeco.2015.03.007,8.337981455220167,5.985979208883712,10.56259984259611,0.5313597770085557,0.1260216117828275,0.7765709756774175,0.4,0.2,0.6,20
10.1016_j.physa.2012.03.027,8.652712178378971,6.097132383539926,11.006574063020516,0.4934332876061617,0.03691793002041056,0.8194168579445844,0.55,0.35,0.75,20
10.1016_j.jebo.2009.11.003,13.35956213681671,10.084565189095203,16.29511553588752,0.23013854007510587,-0.2644198308373103,0.6039928949921624,0.45,0.25,0.65,20
10.1016_j.physa.2007.06.008,10.147177327214129,7.852354912370127,12.65759183470831,0.5286389812812793,0.08755371918700085,0.8031913062734006,0.4,0.2,0.6,20
10.1016_j.evolhumbehav.2015.02.002,6.423557648043803,4.671741722758651,7.753125250144849,0.6345478323353926,0.2756833063291814,0.8318856959733021,0.65,0.45,0.85,20
10.1016_j.jpubeco.2014.10.008,6.704153561759211,4.56909052393812,8.543660114813365,0.5655235934215913,0.13424765572058023,0.8264219405522072,0.6,0.35,0.8,20
10.1093_sf_sov110,9.011475602354265,6.210252718726074,11.544116686153163,0.5400821343381582,0.14551724993305165,0.794473190917761,0.6,0.4,0.8,20
10.1016_j.geb.2012.10.011,5.765653639936181,3.8557377904030536,7.468694111424463,0.6364860161233548,0.32953664603211685,0.849017018049166,0.75,0.55,0.95,20
10.1088_1674-1056_19_11_110201,6.924269323037673,3.6294686344396645,9.731525118682919,0.5573522984497344,0.1204874133649142,0.8868356231099501,0.7368421052631579,0.5263157894736842,0.8947368421052632,19
10.1016_j.ecolecon.2008.04.021,13.42813371464979,10.635349770501094,16.007588744771105,0.2813571362089349,-0.1718989175997092,0.6527625752466455,0.5,0.3,0.7,20
10.2307_2786703,9.10020184178538,6.039771892565913,11.835837142741626,0.31706984159129437,-0.10455389605707509,0.7259298786429931,0.6,0.4,0.8,20
10.1016_j.amc.2022.127308,15.461696534785787,11.094108032165774,19.45673881304046,-0.2116791920134872,-0.5329168499965337,0.11971792655536345,0.55,0.35,0.75,20
10.1016_j.physleta.2018.04.031,10.91281265836226,7.690030865477529,13.775564418690438,0.25663656086714026,-0.20592659976843897,0.6217143219172137,0.4,0.2,0.6,20
10.1016_j.jpubeco.2014.10.001,7.986499964569586,5.557801899646613,10.52392984663877,0.34996117444277736,-0.14438325059882426,0.7285202821212085,0.55,0.35,0.75,20
10.1016_j.physleta.2022.127935,8.001636790782909,5.554688962416207,10.329181970549216,0.5412234291214333,0.16896722776691436,0.8097653141338705,0.6,0.4,0.8,20
10.1098_rstb.2020.0293,8.186633048945676,5.911074644076305,10.246747712916102,0.5844692966728946,0.22457157696303964,0.8028250911965716,0.6,0.4,0.8,20
10.1016_j.copsyc.2021.09.003,7.515862309983196,5.137591780707097,9.678768272580408,0.5538482323826232,0.1785529013344445,0.8107303321175564,0.6,0.4,0.8,20
10.1111_brv.12260,7.734884007042208,5.311470909022987,9.828757410332592,0.5224549858720804,0.09454216723183229,0.8159098270424381,0.5,0.3,0.7,20
10.1016_j.jpubeco.2016.09.008,9.42364733786538,6.514779270767465,12.611655894843237,0.33628647878871065,-0.2566195329105806,0.7169173845340943,0.45,0.25,0.65,20
10.1098_rspb.2013.2661,9.352076267432864,6.707136967289047,12.197651139781971,0.5783984196904619,0.1591325975643012,0.8391506600520071,0.6,0.4,0.8,20
10.1017_mor.2017.42,7.481327229747541,5.008322599412265,9.806706591345863,0.4858359890537186,0.01776865934397885,0.797565886563044,0.55,0.3,0.75,20
10.1177_1043463116634035,6.748986162322459,4.579763292613678,8.53319571923517,0.5858638503900566,0.213141679986854,0.8377862863590297,0.6,0.4,0.8,20
10.1177_0190272512442397,7.264165420744267,5.078338378565491,9.45581455923096,0.5859365840599265,0.20268225945743804,0.8348178242850893,0.5,0.25,0.7,20
10.1016_j.chaos.2021.111395,7.481946928448358,4.82277195250814,10.346885445779334,0.510146406384987,0.12081472869155695,0.8361073993765662,0.65,0.45,0.85,20
10.1016_j.evolhumbehav.2014.09.001,11.794980094434473,9.002400109352235,14.374959466631406,0.2698493859593754,-0.1136323766830818,0.7420002497955692,0.5,0.3,0.7,20
10.1016_j.obhdp.2014.09.005,6.931329734241243,5.097209224288262,8.594178373363544,0.5526446245368034,0.13829709694741615,0.7995454920899678,0.6,0.35,0.8,20
10.1016_j.ocecoaman.2022.106447,6.762112658491661,3.754854434587086,9.402331077703064,0.5565581350793852,0.17074713081300366,0.867124350830827,0.75,0.55,0.95,20
10.1016_j.amc.2022.127703,9.040507625677112,6.557339507834787,11.660761410513672,0.3634034481298684,-0.16320905534535618,0.7288921394954848,0.45,0.25,0.7,20
10.1016_j.jtbi.2021.110737,9.322155237576958,6.454736924632678,11.83458980405707,0.5225061441507706,0.13485411374072054,0.8027297010550762,0.65,0.45,0.85,20
10.1016_j.knosys.2019.07.006,7.98218008939949,5.503160905683464,10.049184756341527,0.5486399229135375,0.13219520810837954,0.8097632738541426,0.6,0.4,0.8,20
10.1016_j.cosust.2014.08.002,5.870485543218578,4.240002090027819,7.296528458184275,0.6676634346495186,0.31907911568369757,0.8558178116614318,0.65,0.45,0.85,20
10.18564_jasss.1805,6.974454764662492,5.007731923140406,8.732092730713841,0.6280437313660355,0.2888430785253947,0.8540281004352,0.7,0.5,0.9,20
10.1037_pspa0000375,8.23189557218126,5.876772190716277,10.642849960759069,0.6119871380272116,0.2827698744123112,0.8290133506888806,0.6,0.4,0.8,20
10.1016_j.techsoc.2021.101843,8.120659946150855,5.246429290920725,11.300039488313162,0.44086816777835985,-0.014714639975005403,0.780769704735381,0.6,0.35,0.8012499999999989,20
10.1017_ehs.2020.2,6.4626614465777,4.515214406673692,8.469929303226884,0.5944939380455828,0.2164586514198413,0.8226665457261393,0.6,0.4,0.8,20
10.1098_rspb.2019.0001,7.861627442911269,5.342221351661403,10.156463792307761,0.5583684528789539,0.20149443166345485,0.806198376269386,0.6,0.35,0.8,20
10.1016_j.jebo.2016.09.005,7.115526417062831,4.827373708653743,9.191528060965032,0.5252312258225565,0.11802606776068975,0.786937542147366,0.6,0.4,0.8,20
10.1016_j.agsy.2015.11.012,6.303385542887609,4.007762834494173,8.894275531154008,0.5511015683505286,0.054734298565894964,0.8450474263743625,0.65,0.45,0.85,20
10.1016_j.tree.2013.05.011,5.755244612854694,4.182730586012417,7.225547976883216,0.641331050864531,0.32165088010640674,0.8333694929846797,0.65,0.4,0.85,20
10.1016_j.jtbi.2007.07.024,7.78794204880943,5.491779681728065,9.834979757709931,0.48938045719793033,-0.014122743952559622,0.7951441789082259,0.6,0.4,0.8,20
10.1098_rsif.2019.0127,6.334215418298726,3.7626941194969903,8.841027352258099,0.5907466209959962,0.17820607151259507,0.8750666409037826,0.7,0.5,0.9,20
10.1016_j.ecolecon.2015.04.005,6.8188461128315465,5.1805129744576135,8.244653192309496,0.6658743304821645,0.40620721019455447,0.8361790288464857,0.7,0.5,0.9,20
10.1088_1674-1056_19_10_100204,7.695611218023467,5.3060178630016015,10.025010172952634,0.5031188309323098,0.04091354954103297,0.8096846604700634,0.5,0.3,0.7,20
10.1016_j.physa.2018.03.004,14.503905962609299,11.50879186865516,17.16637449389726,0.18180091398784773,-0.23527381394012306,0.6226520225773193,0.5,0.3,0.7,20
10.1016_j.knosys.2017.05.016,8.199852595172146,5.764275004464779,10.214331683310528,0.542873207477521,0.0890132628783232,0.8219332657452544,0.65,0.45,0.85,20
10.1016_j.jtbi.2012.11.034,19.13902754563359,15.719616463345545,22.38888147077502,-0.33852411668947824,-0.6718558096444973,0.05681620356629815,0.4,0.2,0.6,20
10.1016_j.anbehav.2010.02.023,7.4327090197104715,5.128896470640246,9.538683512158887,0.5340016836132189,0.16246015078652484,0.8092185516296792,0.6,0.4,0.8,20
10.1016_j.jeem.2007.08.001,7.5235349737801025,5.007020249810442,9.782064852345096,0.4483340356225285,0.012795014013196751,0.7753244202479183,0.6,0.35,0.8,20
10.1098_rsif.2024.0547,8.60901974922072,6.256472642986717,10.901830751746362,0.567875399435888,0.19689783288296345,0.8208249478995858,0.6,0.4,0.8,20
10.1098_rstb.2020.0047,8.402591585121868,6.099383851534041,10.686036823622304,0.3940703773190372,-0.005786338328331098,0.7836685256246074,0.5,0.3,0.7,20
10.1016_j.chaos.2018.12.040,11.202425548879686,8.781866886992589,13.45628408547809,0.449941457462267,0.08508076590534527,0.8344270290279968,0.45,0.25,0.65,20
10.1016_j.socec.2015.12.002,6.096405829447406,4.072542955429186,7.993994791680362,0.6688782855107962,0.32068944239917274,0.8759963650435549,0.7,0.5,0.9,20
10.1016_j.jtbi.2008.09.025,6.7700961002057785,4.582427805636418,8.569577913240117,0.6057197727323135,0.23554970739423237,0.8453640235151096,0.6,0.4,0.8,20
10.1016_j.physa.2018.03.054,6.627245658696005,4.385684380107558,8.771905971289655,0.5574314270293198,0.18446003697627197,0.8335176275353361,0.7,0.5,0.9,20
10.1177_1474704917742720,6.868543463249382,4.299357959528876,9.610574746152272,0.58989210584239,0.2058421756264113,0.8785396062145632,0.6,0.4,0.8,20
10.1016_j.jtbi.2012.07.010,9.213120421963437,6.917834309017757,11.568335937566433,0.3135336822818183,-0.17556845351325434,0.6785720410657322,0.6,0.4,0.8,20
10.1016_j.ecocom.2018.06.001,20.56424367211999,17.427270303988696,23.609133805234023,-0.10152567779006656,-0.4050954264223762,0.22750533085750094,0.3684210526315789,0.15789473684210525,0.5789473684210527,19
10.1016_j.jtbi.2016.11.012,10.374186629998325,7.7999747025141115,12.344823480230701,0.6487452666406014,0.3253134102315763,0.8357930591868783,0.6,0.4,0.8,20
10.3389_fnins.2015.00026,6.873326770399808,4.797975148033019,8.85017286036447,0.5940239505916004,0.22975215346474853,0.8297250941637369,0.65,0.45,0.85,20
10.1016_j.cub.2010.10.027,6.4705689226071295,4.246602005834783,8.56339113061189,0.5869062359934363,0.21167374141027448,0.8636451679179078,0.55,0.34875000000000006,0.75,20
10.1016_j.jebo.2018.04.002,12.822662418884548,10.121773609872804,15.414995207824054,0.4966407995121999,0.02298782825814572,0.7878549154030651,0.6,0.4,0.8,20
10.1016_j.jtbi.2018.04.018,7.991937395082505,5.344069644364435,10.884289331491624,0.49089195045803014,0.050871458649164515,0.8225273087212411,0.65,0.45,0.85,20
10.1016_j.econlet.2014.05.017,6.956509451521611,4.849453478238936,8.748961062907663,0.5728760188062506,0.16726313776379007,0.8109546623657642,0.6,0.35,0.8,20
10.1098_rsif.2013.1044,7.38646401283558,4.752372744444582,10.041269973830437,0.48422278050032747,0.07067766389296987,0.8146699298912771,0.65,0.45,0.85,20
10.1016_j.jebo.2012.06.001,6.259769377814644,4.2024317354673295,7.957096619661755,0.5706685353743264,0.229764158605021,0.814465906114807,0.7,0.5,0.85,20
10.1109_tcss.2023.3324087,12.772701683112908,9.816472970322868,15.651944308308384,0.391070287867072,-0.04218229940704367,0.7348701235446512,0.4,0.2,0.65,20
10.1016_j.jecp.2022.105376,7.866544403843372,5.302063620919394,10.18598604221362,0.5599089487206367,0.17516584110153652,0.8159360810887082,0.6,0.4,0.8,20
10.1017_bpp.2019.4,6.780683968448293,5.17378111711534,8.227376783864292,0.5667906635790213,0.2318473077850816,0.7898240621253823,0.6,0.4,0.8,20
10.1016_j.jtbi.2019.110103,27.520402472201507,20.48685528902891,33.835236856931125,0.6135316872175617,0.41750953581079353,0.7820366413675898,0.65,0.45,0.85,20
10.1016_j.socec.2016.04.009,6.856681138768089,4.67242656655121,8.85069793311174,0.5282544655849283,0.10563368555705172,0.8114609743971164,0.4,0.2,0.6012499999999988,20
10.7717_peerj.450,6.756409281418685,4.4497569103109385,9.160038748350575,0.5943149846240323,0.1406986259205892,0.8467697277066255,0.7,0.5,0.9,20
10.1037_a0033495,6.7929215301687496,4.733805036870005,8.78076917546056,0.5029155184086208,0.0946520348174789,0.7902479332210846,0.6,0.4,0.8,20
10.1016_j.paid.2010.05.013,7.768234878697751,5.4234338144230625,9.76409048579585,0.5197230745671175,0.14805231562233293,0.7917056176066712,0.6,0.4,0.8,20
10.1016_j.tpb.2006.01.003,6.2969723120634225,4.3395893585045755,8.173970392169064,0.7032662694693358,0.4194513003486749,0.8811057396214144,0.5789473684210527,0.3157894736842105,0.7894736842105263,19
10.2307_3005886,7.043874007918486,5.548427378875779,8.554217162524582,0.47725992782899973,0.15678084196804104,0.7314008850926738,0.65,0.45,0.85,20
10.1088_1674-1056_27_6_060203,7.124928320991001,4.773282308459763,9.246361942444281,0.5564658290760169,0.17430138659406766,0.8190130320319862,0.65,0.45,0.85,20
10.1016_j.chaos.2018.03.036,5.85128239255938,3.4688893335207034,7.907076743117432,0.6148479054597212,0.2480996374312024,0.8704544822353893,0.85,0.7,1.0,20
10.1209_0295-5075_121_48005,5.935386487046879,4.177382070999004,7.6445686755855915,0.6383485280776302,0.3199436470067208,0.8560516866566652,0.75,0.55,0.95,20
10.1016_j.jpubeco.2015.03.012,7.803979107113476,5.63719722083311,10.092648850976639,0.5471835385388609,0.1580074347840348,0.8121096631341908,0.45,0.25,0.65,20
10.18564_jasss.2759,6.319930626779269,4.628306288036256,7.83629171331866,0.6258131384325745,0.3030098600967425,0.8336700450829339,0.65,0.45,0.85,20
10.1016_j.jeem.2012.09.001,6.85956759051976,4.803074657625507,8.755851403102746,0.5061019127467875,0.09639868995567329,0.7886874893762361,0.55,0.34875000000000006,0.75,20
10.1016_j.jtbi.2011.08.034,9.7956810872088,7.266745876338485,12.322284560500702,0.4540867201196032,0.03812481862501804,0.8142563534154217,0.5,0.3,0.7,20
10.1017_s026988890800132x,5.84575669667451,3.9780017163862835,7.416227072620169,0.6615559898558362,0.27771286275216056,0.8721826410485645,0.65,0.45,0.85,20
10.1016_s0376-6357(02)00015-3,12.04058310739238,9.821138665475024,14.427437145415873,0.44540450928659353,0.08400887060499822,0.8246664605793996,0.5,0.3,0.7012499999999988,20
10.1016_j.amc.2024.128844,8.551715596201959,6.1583161106975925,10.824524898588217,0.5162508657613107,0.12174544217035163,0.8176686846246222,0.4,0.2,0.6,20
10.1098_rstb.2020.0300,8.151230150690584,5.772186667710217,10.644926037833596,0.5527579516448966,0.16181786796295075,0.8012418071851275,0.6,0.4,0.8,20
10.1287_mnsc.2020.3762,7.039076475911523,4.537252916102867,9.481465965790433,0.6034709666725302,0.2633125189177215,0.8453666938193214,0.65,0.45,0.85,20
10.1016_j.leaqua.2019.04.002,6.7856713452322985,4.560805465904939,9.300729284648188,0.5249096764295823,0.0867360704086553,0.8151849741747778,0.45,0.25,0.65,20
10.1016_j.cognition.2019.104040,6.580585391152967,4.562188256174877,8.277079678932683,0.5663910061366106,0.20763435357427024,0.8021425548043214,0.65,0.4,0.85,20
10.1016_j.pursup.2017.11.006,8.147699738167168,5.671768752562963,10.454595718737759,0.5719545915329285,0.2506495112423252,0.8064898085738977,0.6,0.35,0.8,20
10.1016_j.chaos.2016.12.008,7.005832465734952,4.467690848428919,9.007111825424966,0.5201820168995309,0.13885833900233746,0.8080253418541622,0.6,0.4,0.8,20
10.1098_rspb.2016.0488,6.053820358525175,3.7668611699185117,7.972828294083477,0.6145161535317442,0.2826645419603676,0.8729605354478152,0.65,0.45,0.85,20
10.1016_j.obhdp.2016.02.004,6.906369235180892,4.898455231082176,8.872163237956002,0.5361676033465478,0.1589605217373945,0.815169029681613,0.55,0.35,0.7512499999999989,20
10.1016_j.jebo.2015.03.018,8.61879734907018,6.342235751943921,10.878172649641444,0.47919609240898137,0.021141403239867296,0.7853713906168275,0.45,0.2,0.65,20
10.1016_j.jtbi.2012.10.022,20.425522040451707,17.465898281622216,23.162310841386734,0.2402969091940782,-0.23005222871247108,0.6018047789098061,0.4,0.2,0.6,20
10.1016_j.ejpoleco.2012.03.001,5.8866332969503725,4.181114465715158,7.4197299622927115,0.6679645076764797,0.36846770320756556,0.848127695850082,0.7,0.5,0.9,20
10.1017_s1355770x08004592,6.068291428101742,4.534470827011915,7.52571200312596,0.6615972951112896,0.33052684209635896,0.8595420394070177,0.7,0.5,0.9,20
10.1016_j.amc.2024.128534,11.183273713019668,8.05330079685304,13.917395714404737,0.24109850347885073,-0.10062291653354535,0.645410231546177,0.5,0.3,0.7,20
10.1016_j.chaos.2023.113562,8.997772600402227,6.785316267214951,10.893152689743182,0.588076809007868,0.2221938756515827,0.81645524923132,0.6,0.4,0.85,20
10.1016_j.copsyc.2021.08.015,7.155539488985299,5.108377566129953,9.157642995599183,0.6048322843002538,0.2871035301170232,0.8367976418336359,0.6,0.4,0.8,20
10.1016_j.chaos.2019.04.015,9.494456323475484,6.72227608912699,11.98216496520679,0.5500006938391894,0.1593110183432743,0.7955873200267869,0.6,0.4,0.8,20
10.1016_j.jebo.2016.09.015,7.715013493927147,5.446392887648273,9.952990135288442,0.5024275780552393,0.08981710951561923,0.7910593985439838,0.6,0.4,0.8,20
10.1177_0022002714564426,7.517470351910129,4.870940222350206,9.954707785090001,0.47276793125675387,-0.016632494540588922,0.7827081958219263,0.6,0.4,0.8,20
10.1016_j.jebo.2015.12.006,11.552554929870642,7.333641709833011,15.53309720808034,0.1577782335694503,-0.2252466996422786,0.5876578661304998,0.55,0.35,0.75,20
10.1016_j.jebo.2015.03.009,7.166065754269906,4.928776168366233,9.682327730782339,0.5270059843997473,0.06428915124877485,0.8125233969166897,0.55,0.35,0.75,20
10.1088_1478-3975_12_4_046005,6.794669799808152,4.839462030741202,8.695772068947456,0.5764755911154227,0.1727842804917641,0.8388221052585959,0.65,0.45,0.85,20
10.1016_j.joep.2012.10.004,9.586652466289316,7.315123356328947,11.710731198201891,0.5954191173413285,0.2932210829249909,0.7926727730719662,0.6,0.35,0.8,20
10.1628_0932456042776140,8.397896324159477,5.952413300755845,10.891785884506303,0.6182511574488662,0.23324100316831822,0.8528521105995315,0.55,0.34875000000000006,0.75,20
10.1016_j.chaos.2022.112413,13.658905659405319,10.883721799359959,16.29249101220474,0.49259114299366735,-0.03111780891483859,0.7754503194332136,0.4,0.2,0.65,20
10.1016_j.jesp.2020.104096,7.031055036818529,4.897789376055039,8.984227911678277,0.5360492272413914,0.13618299185944885,0.8028219295354774,0.6,0.4,0.8,20
10.1016_j.obhdp.2018.07.001,7.712171558418213,5.301191029653704,9.976888678032948,0.5546428928040514,0.18796001407533988,0.8056290370075765,0.6,0.4,0.8,20
10.1111_lsi.12256,5.562366549256009,3.7736026666341664,7.1185488013347005,0.6997717912265725,0.4010830864883675,0.8652517405752747,0.75,0.55,0.9,20
10.1016_j.obhdp.2015.03.006,7.341024431891111,5.115484315985956,9.43136296188584,0.5565024126075236,0.17286964146228448,0.8096964496923234,0.6,0.4,0.8,20
10.1016_j.physa.2015.01.029,13.863519089001741,9.655690186128114,17.89212932880415,-0.04912821700551079,-0.40466162793401583,0.4164330949890087,0.55,0.35,0.75,20
10.1016_j.eswa.2014.02.050,7.992532348115643,5.518145105199955,10.397553932022564,0.435053320853505,-0.0038906309265430558,0.7765238187370258,0.45,0.25,0.65,20
10.1016_j.jebo.2011.10.020,7.055702485716733,4.799881538645437,9.156708043190541,0.5439418184497481,0.12075440561662203,0.8209689630043931,0.6,0.3987500000000001,0.8,20
10.1111_j.1420-9101.2011.02398.x,7.050904581983402,4.972479559365098,9.086754370011825,0.5912118409654437,0.23059847546057166,0.8270486507462516,0.6,0.35,0.8,20
10.1016_j.jtbi.2004.12.015,5.9189775930179085,4.065516226660606,7.4498155360149285,0.5910655753034758,0.2867154471090934,0.8212582377184334,0.55,0.35,0.75,20
10.1016_j.physleta.2023.128837,7.4003714466688075,4.542752882816283,9.785385418806214,0.5129040144365893,0.12739332249284324,0.8157584010879442,0.65,0.4,0.85,20
10.1016_j.chieco.2022.101826,11.39514560313295,8.117795030420229,14.753087853891813,0.34764441591449596,-0.13268615313898388,0.6964211352311157,0.5,0.25,0.7,20
10.1016_j.evolhumbehav.2021.04.002,7.082904673870332,5.203861134560008,9.089577996353684,0.5350145397313081,0.13518435590510233,0.7949640624829295,0.5,0.3,0.75,20
10.1209_0295-5075_132_10007,8.42214600282069,5.848179711490005,10.74178285895394,0.4978745141881903,-0.022792433489759175,0.8271493092105456,0.55,0.35,0.75,20
10.1016_j.amc.2020.125063,6.909483850130075,4.7861896832154995,9.03491228917971,0.54312560991685,0.14506280818034298,0.8081684120748606,0.6,0.35,0.8,20
10.1016_j.jpubeco.2018.06.010,7.586615398265242,4.909432794211155,10.423031165270682,0.4602426479877518,0.012846073505478714,0.798457269459531,0.55,0.35,0.75,20
10.1016_j.jebo.2017.06.006,7.011837586923181,5.211089112285962,8.844157650669935,0.6140586311861334,0.2570105177333251,0.8435719587680025,0.7,0.5,0.9,20
10.1093_aler_ahw005,7.626000478530465,5.4959724698508685,9.598978836797915,0.6330623838610512,0.31472548344559165,0.8400081891331533,0.65,0.45,0.85,20
10.1098_rstb.2015.0011,7.8432542725616345,5.034509445134327,10.64444708347431,0.47881021810745933,0.032677090777520935,0.787515534672513,0.55,0.34875000000000006,0.75,20
10.1016_j.evolhumbehav.2015.06.002,12.17068440875671,9.387045130611996,14.618960364563216,0.42211489211873143,0.003582938978797333,0.7744495397757389,0.45,0.25,0.65,20
10.1016_j.irle.2013.07.005,8.398003691413068,6.079837780574692,10.950722177915324,0.6065848469260489,0.27146375529579725,0.8391774661371857,0.4,0.2,0.6,20
10.1016_j.physa.2012.07.078,6.8598932603575165,4.347419191269272,9.188603312727112,0.5467557060302928,0.18865761968905795,0.8152468757489867,0.65,0.4487500000000001,0.85,20
10.1016_j.evolhumbehav.2004.03.002,8.282751046182645,5.823287169852732,10.773517903771767,0.545930433328696,0.14871950817285381,0.8414627869044556,0.55,0.34875000000000006,0.75,20
10.1016_j.actpsy.2020.103055,6.852957754488792,5.007811937500082,8.602564785660576,0.5467272151272067,0.15501855328167044,0.811588386227846,0.6,0.4,0.8,20
10.1016_j.irle.2019.105858,6.474180004700117,4.38355256322412,8.649556941731063,0.5658089618023813,0.1177159191690904,0.8356236125169504,0.65,0.45,0.85,20
10.1177_0956797618800042,6.3821147363202355,4.514422871870561,8.093371109966643,0.5894144038143457,0.19436207842011952,0.8190705212472036,0.6,0.4,0.8,20
10.1016_j.joep.2018.03.003,7.140401034354391,5.029635208026094,9.188112813450191,0.5728244207759551,0.17619745911390153,0.8165423815966107,0.6,0.35,0.8,20
10.1086_696880,6.152110449011519,3.744820066600073,8.70087167048486,0.6077483875881083,0.22125167981037266,0.8629851784094197,0.7,0.5,0.9,20
10.1016_j.jpubeco.2016.12.007,7.674717138588179,5.259504829305333,10.070992104047198,0.5359862443044601,0.1365298368564002,0.815746611652295,0.6,0.4,0.8,20
10.1016_j.jebo.2015.09.020,6.674554458059107,4.723930108153386,8.408690331585058,0.5769569474635381,0.1962344038564016,0.8114669921589894,0.55,0.35,0.75,20
10.18564_jasss.1568,7.9574246789089855,5.5708408256427955,10.219420969439573,0.4685387035468461,0.11735020559764864,0.7444639463500607,0.7,0.5,0.9,20
10.1098_rstb.2023.0034,7.734793924499378,5.510814426533539,9.708554338514872,0.5698112355167904,0.16331214886135118,0.8288625688223319,0.6,0.35,0.8,20
10.1016_j.amc.2023.128168,7.979812878864136,5.139902672794361,10.489173065452764,0.5045805640173238,0.10534249157424305,0.8293744777625605,0.6,0.4,0.8,20
10.1016_j.jebo.2021.04.029,6.309522997348592,4.308532047580637,8.24673396188809,0.5288975005088749,0.1604397790127255,0.8039069129818207,0.75,0.55,0.9,20
10.1016_j.jebo.2020.10.005,11.181706239240446,8.458361389741778,13.604262470436298,0.5247374832470261,0.1374577390980561,0.7889661675172659,0.6,0.4,0.8,20
10.1016_j.socec.2018.03.007,8.072674672794937,5.471334707421997,10.637268350107682,0.40979504092867874,-0.05695409485577201,0.7375594594300193,0.5,0.3,0.75,20
10.1209_0295-5075_121_38003,7.2272838669572605,5.213460312533458,9.289588380264394,0.5108205425686689,0.09405160943961786,0.7777818674613965,0.5,0.25,0.7,20
10.1016_j.geb.2016.03.002,8.925582742055665,6.586270099906426,11.223965026549404,0.5259655681746188,0.1815920361110118,0.8152639304973308,0.6,0.4,0.8,20
10.1177_0894439313511396,9.537955809305272,6.930205215517221,12.265153296919364,0.5578850443399357,0.012756224241062666,0.8289983970521879,0.55,0.35,0.75,20
10.1016_j.physa.2013.05.054,12.738473915526585,10.407766897691337,14.967458327543497,0.5541832746377767,0.16378909959058072,0.8051683752796265,0.45,0.25,0.65,20
10.1016_j.jtbi.2013.01.004,9.839377538870098,7.447345576336976,12.103823854953806,0.5388630037958531,0.13626458220155616,0.8143441551382911,0.4,0.2,0.65,20
10.1016_j.physa.2010.12.044,6.74559052780927,4.863492552819687,8.769705468954319,0.552744973444561,0.10098328443913568,0.8300816062809344,0.65,0.45,0.85,20
10.1016_s0167-2681(00)00159-1,7.286024523359878,4.377375936851386,10.314842001059302,0.5673947935053851,0.07049273792889171,0.870453341142477,0.6,0.4,0.8,20
10.1209_0295-5075_128_28001,7.230781146948281,5.037499438549611,9.304622902507589,0.5767859963463606,0.19754437615293408,0.8399761883602465,0.6,0.4,0.8,20
10.1016_j.physleta.2018.05.020,12.52862673217002,9.532268565830785,15.60361347801185,0.33996638846841903,-0.12531316634609874,0.7261816264295275,0.45,0.25,0.65,20
10.1177_0190272517703750,7.257447006252796,4.934868604738689,9.54682155929469,0.4755396797336773,0.062131171570444704,0.7920798380306178,0.6,0.4,0.8,20
10.1016_j.physa.2017.01.086,11.122193151666252,8.25289502069816,13.774219132172112,0.49764605622482133,0.06892729648684687,0.8052699370963791,0.5263157894736842,0.3157894736842105,0.7368421052631579,19
10.1016_j.econlet.2017.01.016,8.872120014603679,6.536027394471152,11.08955212040947,0.5417470029561167,0.14834713900193458,0.8246742735588136,0.5,0.3,0.75,20
10.1177_0022002714560349,9.590318103473445,5.993541426755577,13.351851445278204,0.5733187687341275,0.10913520100753288,0.8667383250816783,0.45,0.25,0.65,20
10.1016_j.joep.2016.02.008,7.259808566836549,5.051055534524616,9.326627776758404,0.5549361559998442,0.16856020758877055,0.8140181505810311,0.6,0.3987500000000001,0.8,20
10.1016_j.ecolecon.2015.05.011,7.973209312004699,5.789246206646625,9.98065507763617,0.48547907373382143,0.08199682459483817,0.7689917188405729,0.6,0.4,0.8,20
10.1016_j.jebo.2012.12.024,8.239998100572224,5.758897221879074,10.639324688247628,0.33621972011683277,0.007286662616888986,0.6515099959213269,0.55,0.35,0.75,20
10.1177_0022002712448910,6.283418581858977,4.86515340401742,7.593448595931468,0.5987183802388868,0.24629250318201004,0.803880505226099,0.75,0.55,0.95,20
10.1016_j.comnet.2011.07.011,7.393949030353222,5.056742013731789,9.606498720464964,0.502725461097765,-0.0012738745580974948,0.7974056158299521,0.55,0.3,0.75,20
10.5840_beq200919433,9.014378277294503,6.4005611885836515,11.680580748907351,0.507721898368456,0.07368212966618014,0.8270500173154922,0.5,0.3,0.7,20
10.1007_s11211-008-0064-1,7.481928185702394,5.574344783042018,9.126616661148391,0.6383129106650297,0.2733403285555874,0.8716115941679587,0.7,0.5,0.9,20
10.1016_j.jtbi.2005.07.014,5.914329591839872,3.8451955679391383,7.935733976110313,0.6647759782311912,0.3167787638415882,0.8762534360214184,0.8,0.6,0.95,20
10.1016_j.amc.2024.128646,7.659723630573181,5.39778483107607,9.72473836631385,0.4896756121256148,0.02637457536357992,0.7823097147667151,0.4,0.2,0.6,20
10.1109_tcss.2022.3144978,12.221599775386329,9.195117997714702,14.692345136379558,0.15651299867427387,-0.15701621128674884,0.6328294688577069,0.5,0.25,0.7,20
10.1016_j.chaos.2021.111663,7.135596675419697,5.151002662148361,9.22887504686643,0.5727846158295418,0.18377212903282397,0.8273539284529648,0.4,0.2,0.6,20
10.1016_j.jesp.2022.104284,7.446835142637988,5.062046703378481,9.402859269727598,0.5412859822061052,0.1551712025914547,0.7964064983342234,0.6,0.35,0.8,20
10.1016_j.jrp.2019.103907,6.636080158577453,4.876886129614408,8.283271210210813,0.6154962362520067,0.28734340249899243,0.8240613063550566,0.6,0.4,0.8,20
10.15195_v6.a14,6.855439274509789,4.356458396055466,8.968690842899903,0.48449862231640833,0.10002166239839859,0.7974203610111921,0.7,0.5,0.9,20
10.1086_700767,9.083615131009049,6.83265957259401,10.985149876388267,0.6096182810718345,0.2337141161272333,0.8766204059476789,0.6,0.4,0.8,20
10.1016_j.joep.2017.03.007,6.738448375356759,4.870905428225123,8.281745125550263,0.6185778176055164,0.2790552387722305,0.8243758094227864,0.65,0.45,0.85,20
10.1016_j.econlet.2017.05.022,6.983296603414076,4.8941335101213905,8.875643587563191,0.5573293454246477,0.18317651703063836,0.8125948851057854,0.6,0.4,0.8,20
10.1016_j.jtbi.2015.09.009,8.87018673422858,6.269414705486459,11.239507263364203,0.41128557995712395,0.04573481675734629,0.7070667174954807,0.65,0.45,0.85,20
10.1209_0295-5075_111_60003,7.447333672961623,5.005302626453988,9.806034680443407,0.5773135871529608,0.23370896969169175,0.8227565263155109,0.6,0.4,0.8,20
10.1098_rsos.150223,6.59006133946088,4.571945479254696,8.776765904754303,0.6367222724095394,0.2717307554095243,0.871468747919964,0.6,0.4,0.8,20
10.1016_j.jesp.2015.04.005,6.7873871536589805,5.024714937423542,8.455539027295503,0.5562738232932756,0.1902251794989787,0.8140484629262406,0.6,0.35,0.8,20
10.1016_j.jebo.2014.11.004,6.607542112933738,4.5324849782281325,8.41243272417136,0.5109499702364302,0.12811504215100164,0.7865411491550677,0.7,0.5,0.9,20
10.1016_j.evolhumbehav.2014.02.002,7.849091223440036,5.436324545369476,10.273946227040916,0.4319974639414886,-0.014492436052719533,0.7380186581384198,0.65,0.45,0.85,20
10.1016_j.chaos.2023.114031,8.543286845784502,5.7439124219527296,11.194372714615936,0.48122870724449596,0.1124924097858229,0.8277725349252497,0.6,0.4,0.8,20
10.1016_j.chaos.2023.113218,15.461109107682928,11.869131488426017,18.63919574643704,-0.08086042325283377,-0.36028474541525995,0.3134684110136651,0.3,0.1,0.5,20
10.1016_j.chaos.2022.112432,7.482395190862937,4.969185463219625,9.891798680727268,0.4341535351529431,0.038826818281334406,0.8348281488043233,0.5,0.3,0.7,20
10.1016_j.physleta.2022.128138,7.329656919319678,5.209441986502551,9.474758485663308,0.5384841442542786,0.16937194134249722,0.8050996274347879,0.4,0.2,0.6,20
10.1016_j.joep.2022.102484,6.414189533123124,4.324423593268745,8.147368314917372,0.5864511287066917,0.1931588435092256,0.8293106054971557,0.55,0.35,0.75,20
10.1098_rspb.2021.1773,6.604703412572476,4.716675212244891,8.442379859650586,0.5773156963253971,0.19191193601155476,0.8334791715459728,0.6,0.3987500000000001,0.8,20
10.1016_j.jenvp.2018.11.002,7.014169498775532,4.892707832109769,9.126463735071638,0.5657950796006472,0.180461524971881,0.8270328850536984,0.45,0.25,0.65,20
10.1016_j.jebo.2017.07.035,7.716197285807561,5.055070269736877,10.519499270371986,0.4413028463586946,-0.027843703452359207,0.7657960725150614,0.65,0.45,0.85,20
10.1016_j.envsci.2014.05.006,6.7407638879036975,4.260785431159999,8.98499816404926,0.5906202344848431,0.1810881147409992,0.8647435662515958,0.55,0.34875000000000006,0.75,20
10.1016_j.physleta.2014.11.035,7.605067510894865,4.459820220908374,9.990079911213154,0.5228433917942583,0.07089858303116582,0.8270850739111969,0.65,0.45,0.85,20
10.1098_rsbl.2013.1069,7.740470740225801,5.331930824454169,10.00577039734577,0.5420688699199748,0.15861107956846213,0.8139085392138632,0.55,0.35,0.75,20
10.1146_annurev-resource-091912-151833,6.309640598357671,4.383909422464121,8.319866698817616,0.5895867171076192,0.1864122801959506,0.81798058218353,0.6,0.4,0.8,20
10.1093_aler_aht010,6.990818526933763,4.037587422647224,10.057906996164924,0.5590295204902499,0.07819765210326177,0.8730711481499462,0.65,0.45,0.85,20
10.1016_j.beproc.2012.06.001,6.936538049951199,4.910666680395459,8.8322118704899,0.560227357875736,0.16918525511279375,0.8025267387306206,0.65,0.45,0.85,20
10.1162_EVCO_a_00062,16.302839612842757,12.260337580187816,20.247566229607116,-0.09158738161741392,-0.4640718657015707,0.3385372064628849,0.5,0.3,0.75,20
10.1088_0253-6102_56_4_07,8.191285554403784,5.531362100519861,11.098226336914976,0.5142436687738203,0.055774437455619774,0.8358945474025117,0.45,0.25,0.6512499999999989,20
10.1016_j.neucom.2024.128510,7.978281819345859,5.8280011707062895,9.87311403142755,0.5724567509347377,0.16491070419931056,0.8356650098967306,0.6,0.4,0.8012499999999989,20
10.1016_j.leaqua.2023.101695,11.192653835014086,7.793479677118752,14.44934312369629,0.4744129498875815,-0.009510201331565044,0.7755257047552606,0.55,0.35,0.75,20
10.1016_j.chaos.2023.113552,7.841852157199769,5.675481172185557,9.863178715680368,0.5512562573837245,0.19266799326310996,0.8224244961055691,0.65,0.45,0.85,20
10.1016_j.jtbi.2022.111202,6.1258630411568795,4.265913624293351,7.835419438118655,0.6574320783301495,0.31870014690156584,0.8544535735873586,0.7,0.5,0.9,20
10.1017_ehs.2021.36,5.3929064391659605,3.531023112275194,7.005426444929912,0.6824051257154747,0.3942703708386883,0.8831578363067558,0.7,0.5,0.9,20
10.1016_j.jebo.2021.05.003,6.208513487004904,4.796494015702665,7.346563151346319,0.7140147891089942,0.44544745458213525,0.8556334051460159,0.65,0.45,0.85,20
10.1016_j.leaqua.2019.04.003,11.980685245891348,9.374963910440044,14.342032824817393,0.5999527764383936,0.3023241662686472,0.8107674240892121,0.6,0.4,0.8,20
10.1016_j.jpubeco.2019.104053,6.033270252453451,4.282934815854849,7.577685161392668,0.5942780154694988,0.25345684634803295,0.8245934011938513,0.75,0.55,0.9,20
10.1080_17470919.2017.1411828,8.178120610025303,5.854511288696486,10.44668815504877,0.5652472192487488,0.19052700956714969,0.8083484447248312,0.6,0.35,0.8,20
10.1016_j.ins.2016.07.041,18.52809698780823,15.309180627079218,21.666120977232364,-0.12711699905650728,-0.46711791985251283,0.29320689251610355,0.45,0.2,0.65,20
10.1016_j.physa.2015.08.053,7.798655987904294,5.668465507224889,9.843265456970796,0.5786804675279937,0.2473447882170449,0.8051320897529296,0.7,0.45,0.9,20
10.1007_s10144-013-0423-0,6.945612576965303,4.881879699762202,9.203642590495637,0.5078419400375894,0.07943323233238421,0.8131275393524771,0.55,0.3,0.75,20
10.1016_j.jtbi.2012.09.012,6.605101543705438,4.336016111490148,8.595570365164809,0.5108426606122742,0.08123490243974421,0.8146601609648632,0.65,0.4,0.85,20
10.1016_j.econlet.2012.08.002,7.610159951674829,5.4784278469435375,9.863303799688433,0.5273091490080374,0.15092506620775478,0.8026818499513724,0.6,0.4,0.8,20
10.1016_j.jebo.2011.01.005,6.418888662896222,4.794478637160384,7.8072447966001945,0.6072316820359084,0.2695702864328124,0.8201153591558569,0.65,0.45,0.85,20
10.1007_s10588-009-9056-4,12.125559140244288,9.215118682264224,14.92564913213822,0.1361361798008012,-0.2900597570377006,0.527069321610259,0.5,0.3,0.75,20
10.1177_001872677002300105,7.632371382503556,5.273561601428658,9.62354079007004,0.5453891770651154,0.22830052899765998,0.7886987777627804,0.55,0.35,0.75,20
10.1098_rsif.2024.0019,7.775867286300819,5.8634446752234,9.569334845755655,0.5683881304785838,0.2193962973649084,0.8004221218127836,0.6,0.4,0.8,20
10.1016_j.amc.2023.128350,8.645275955352297,5.937571037803069,10.893232844845585,0.4363880395434873,0.003105952697561701,0.7652377051706516,0.6,0.35,0.8,20
10.1016_j.physleta.2022.128302,6.521837555992021,4.483971617971012,8.378685448047172,0.5672579591021969,0.2332589442283444,0.8284329129117548,0.75,0.55,0.9,20
10.1287_orsc.2021.1521,7.202486400944129,5.014547604951568,9.328569616135383,0.5358895733481345,0.11769337348342199,0.8059793820307682,0.6,0.4,0.8,20
10.1016_j.joep.2021.102448,7.167030274548787,4.874667207706541,9.440763475295396,0.4509574606372153,-0.04829743390281537,0.7829331911967571,0.6,0.4,0.8,20
10.1098_rspb.2021.1611,8.874325344554718,6.344233015224668,11.32709150600265,0.5390054153171211,0.15547415616870328,0.8068893009006173,0.6,0.4,0.8,20
10.1016_j.chaos.2020.109715,7.552094305795779,5.223344713583736,10.079434949579301,0.49739276148768324,0.05898451059534734,0.7986210923829571,0.6,0.4,0.8,20
10.1016_j.chaos.2019.109422,6.690533306340685,4.704469004445102,8.439955757452125,0.5606090428316933,0.16917322844153776,0.8132006732442325,0.65,0.45,0.85,20
10.1016_j.socec.2016.10.003,6.964183362695407,4.799677135435679,8.964120243869356,0.558690671689834,0.1948255445594102,0.8071845615739887,0.6,0.4,0.8,20
10.1016_j.jebo.2016.06.003,7.735253253581775,5.275139989848341,9.781658147448455,0.5186995911748126,-0.025542751903119918,0.8390719511874511,0.6,0.35,0.8,20
10.1016_j.tpb.2015.06.005,15.893216474625955,12.089635511144815,18.929192181264323,0.019216147076270465,-0.2635121151778044,0.37888752689854516,0.5,0.3,0.7,20
10.1016_j.geb.2013.06.012,6.639479915515851,4.708147822109341,8.532597600772483,0.5890193524753476,0.19256764143949348,0.8181113662935817,0.55,0.3,0.75,20
10.1287_mnsc.1100.1271,7.042249544862676,5.0900605757288355,9.0007440912836,0.5924600066135043,0.21247071696170547,0.8209187311377748,0.6,0.4,0.8,20
10.1016_j.jtbi.2006.05.004,9.79605982013411,7.364717811256362,12.440563320227463,0.5363785486224633,0.1609097655639633,0.7961807031190921,0.6,0.4,0.8,20
10.1016_j.amc.2024.128864,7.046577034450139,4.914582447836599,8.958619540489943,0.5564699553194014,0.17885258003313137,0.8009465397286478,0.6,0.4,0.8,20
10.1016_j.amc.2022.127612,8.595188264840996,6.210973936881355,10.946411912662576,0.4151330050111379,-0.034810660868983434,0.7305375674029253,0.45,0.25,0.65,20
10.1037_dev0001183,8.014331610615418,6.033317093070042,9.875705358620442,0.6522228794862477,0.3297009794309793,0.8521532730339884,0.45,0.25,0.65,20
10.1016_j.jebo.2021.02.016,7.430415529077815,4.656390331870029,9.861363755738086,0.5008862259317638,-0.0057654163412061655,0.837215710156062,0.65,0.45,0.85,20
10.1016_j.ecolecon.2019.106432,10.895108387336691,7.5515882735906406,14.143892111795727,0.42434744036562483,-0.07830101563424274,0.7768395785066547,0.45,0.25,0.65,20
10.1016_j.jtbi.2019.05.019,8.924234341801766,5.385152738202995,12.254805162590245,0.39534278943986706,-0.08795798376425906,0.7725603176206943,0.6,0.4,0.8,20
10.1016_j.jebo.2018.11.020,6.968242649773268,4.874445807811244,9.006213015854673,0.5476880889519589,0.16244518038019706,0.8251109954134509,0.6,0.4,0.8,20
10.1016_j.econlet.2018.07.043,6.196549327215361,4.642911032656836,7.903876298038824,0.6380815384094768,0.3035127733214263,0.8397495119664293,0.6,0.4,0.8,20
10.1098_rspb.2018.1508,6.471711014957309,4.711218268365774,8.030730095061907,0.6113354595964814,0.2906859843918485,0.8267331202106278,0.65,0.45,0.85,20
10.1016_j.jecp.2018.01.015,8.884316792192621,6.71416772482701,11.257199329688646,0.5324709478026909,0.10582735882286191,0.8314221805466601,0.45,0.25,0.65,20
10.1016_j.physa.2017.09.046,8.407786565683246,6.024664489732596,10.692715842164104,0.39552801140653926,-0.025048344769056003,0.7866319011879491,0.45,0.25,0.65,20
10.1016_j.geb.2015.10.001,8.256354321333548,6.011677203076288,10.136532030780472,0.5633422972797139,0.1600986896655753,0.8196279028848718,0.6,0.4,0.8,20
10.1016_j.jebo.2016.09.012,7.076211404340853,4.948151111874848,9.078669145281633,0.5517170307243653,0.15852240223038933,0.8226558763620614,0.5,0.3,0.7,20
10.1016_j.jpubeco.2016.09.001,6.81619394869027,4.737446914646557,8.761996227836088,0.617671545903803,0.23945947593874736,0.8498311274762308,0.6,0.4,0.8,20
10.1016_j.jmateco.2013.07.003,7.013998057566343,5.061050111087347,8.777158597460968,0.5540325957939547,0.2759342985638217,0.7890190707795462,0.75,0.55,0.9,20
10.1016_j.physleta.2024.129652,7.26725054864923,4.578949218476377,9.5984633200041,0.577511647842111,0.2711076045657618,0.8081534577085384,0.75,0.55,0.9,20
10.1016_j.chaos.2024.115095,9.040802927735792,5.647658231923392,11.802213831769093,0.3035035173221217,-0.1312383433334435,0.7176403946343564,0.55,0.35,0.75,20
10.1098_rsos.230969,7.333099831913246,4.547758070218433,9.51703115577095,0.5003141772915759,0.0604829189897667,0.7950263308611883,0.65,0.45,0.85,20
10.1016_j.obhdp.2022.104152,7.533271472710035,5.143969656422765,9.844316816816988,0.48335852667968043,0.02193090287060461,0.7796573120073832,0.6,0.4,0.85,20
10.1016_j.socec.2021.101716,7.309038395452176,4.880916412300578,9.506306469973985,0.5292256542752773,0.09900163354180518,0.8153424839969106,0.5,0.3,0.7,20
10.1016_j.physleta.2020.126867,11.639282510042399,8.78525982708911,14.123763280167124,0.4862102595198287,0.060820286064229075,0.7779646429293565,0.45,0.25,0.65,20
10.1016_j.geb.2020.07.004,8.08873860506198,5.880301595661222,10.601697879412026,0.5557719228599264,0.18533725825168493,0.8610248638265598,0.4,0.2,0.6,20
10.1088_1742-5468_abb236,8.417729952608795,5.958062728934238,10.75650599246875,0.5889252479367793,0.17776004872482096,0.844065259633946,0.45,0.25,0.65,20
10.1016_j.joep.2019.102190,7.59484490510483,5.004693775269233,10.48472930504569,0.43144030862429766,-0.03891834819739557,0.7800379793025493,0.5,0.3,0.7,20
10.1098_rsos.181441,7.1869298562558885,4.956131740759366,9.413746867359203,0.5523147617749905,0.1412902383428704,0.805667262693009,0.6,0.4,0.8,20
10.1162_ARTL_a_00251,7.600645578394001,5.3660905266870005,9.651144921597368,0.5683061715242219,0.16993616700761166,0.8255237643213335,0.6,0.35,0.8,20
10.1016_j.chaos.2017.10.016,11.575866373114959,8.902862569803288,14.244239669162118,0.2875309657941103,-0.11961268514222298,0.6870862728783503,0.45,0.25,0.7,20
10.1017_s1744137416000527,10.746558477098514,8.225151576762784,13.426117864049296,0.5380914214255744,0.0903984702035274,0.7993351149110802,0.4,0.2,0.6,20
10.1111_geer.12103,7.3800431282275,5.139978977380933,9.46211930563908,0.5714854067189996,0.18739896083619273,0.8197832179264556,0.6,0.4,0.8,20
10.1016_j.jtbi.2016.02.012,6.7900686896362235,5.04250456927008,8.48371632875378,0.6010646141452984,0.27087390040291154,0.8272552088995001,0.6,0.4,0.8,20
10.1177_0951629814539199,7.250199600279831,5.030354409850753,9.071785484915695,0.5366015529076616,0.11615149983843052,0.79672824868102,0.4,0.2,0.6,20
10.1016_j.socec.2014.09.001,6.5015939554922335,4.452121304395978,8.65686626368527,0.5258132397428374,0.08862583470527927,0.7892038378489459,0.6,0.35,0.8,20
10.1016_j.physa.2014.06.041,8.136005190921567,5.451408570693807,10.635519735684083,0.42860450268954897,0.08718221841093898,0.7029704965149174,0.65,0.4,0.85,20
10.1098_rsbl.2014.0388,6.983681462452543,4.827017188220657,9.004770991916452,0.5412788717700602,0.09479010943428647,0.8212204890894786,0.6,0.4,0.8,20
10.1016_j.jebo.2013.08.006,6.5558126140294535,4.9661160078418325,8.095377049739227,0.5935223291197886,0.25229779484991166,0.8160266539479626,0.6,0.4,0.8,20
10.1007_s11432-023-4170-3,7.7649085419906685,5.055983437402042,10.057968653641742,0.5802408498585558,0.18304408174814935,0.8260802928061096,0.6,0.4,0.8,20
10.1016_j.chaos.2024.115778,7.702095546920287,5.512380743398616,9.683650832129814,0.5858491012336692,0.24575840236909946,0.8123179262272452,0.6,0.4,0.8,20
10.1016_j.chaos.2024.114651,6.4442648310834745,4.509624454230292,8.319307943276375,0.5638342916078986,0.24482876091025485,0.8107182061276883,0.65,0.45,0.85,20
10.1016_j.amc.2024.128553,7.102115044722754,4.629400377320467,9.12663978448543,0.4926768256307359,0.10799683228835776,0.7923206039845251,0.6,0.4,0.8,20
10.1016_j.chaos.2023.114011,9.293507621016632,6.781336681869442,11.961915932004802,0.4678069362644896,-0.0022803472783055295,0.7965417945655576,0.4,0.2,0.6,20
10.1016_j.physd.2023.133836,6.426094424184245,4.820004236898561,7.943410126022081,0.5489531935060876,0.21568504365690816,0.7928404526319108,0.7,0.5,0.9,20
10.1098_rsos.211983,7.965402152468044,5.7096140428258035,10.10176423611936,0.5522273118979867,0.21215508019046905,0.807131351607915,0.6,0.4,0.8,20
10.1016_j.physa.2022.128165,7.1549707353045,5.045793104693749,9.250717717470904,0.4683694111414422,0.04579024175505157,0.7678727219586434,0.5,0.3,0.7,20
10.1098_rspb.2021.2174,7.670185182865401,5.423831276827265,9.820911158809219,0.5431479046195422,0.16737341351586332,0.7992580554548272,0.6,0.3987500000000001,0.8,20
10.1016_j.jmp.2021.102640,6.336632928964002,4.317837745725307,8.261147101457574,0.6547017569751965,0.32393360418652395,0.8547402130120015,0.55,0.35,0.8,20
10.1016_j.physleta.2022.127969,6.977647744445263,4.984242395057397,8.770172467557483,0.6057161813295955,0.23674431586521386,0.8643656588083587,0.65,0.45,0.85,20
10.1016_j.physa.2021.126839,8.4681499391834,6.0182839882284584,10.671853343627923,0.5029545416510647,0.0962747805356818,0.8005788584168689,0.6,0.4,0.8,20
10.1037_xge0001004,10.916819746467405,8.208675741809573,13.422786671503683,0.5256820468766323,0.05095368485337266,0.7682889776730375,0.55,0.35,0.75,20
10.1016_j.jebo.2021.04.032,7.412070293967837,5.097116501522291,9.81123580430099,0.5306370960136426,0.12787312659415967,0.8026453217795707,0.6,0.4,0.8,20
10.1016_j.jebo.2020.03.035,6.381984966989062,4.095072125469595,9.040089408776508,0.545077057090775,0.0900961827631695,0.8421290054712144,0.65,0.45,0.85,20
10.1016_j.socec.2019.101478,7.574864000150427,4.836849140738902,10.32285578395559,0.5118503739061065,0.03411376783335623,0.8347010682522793,0.65,0.45,0.85,20
10.1098_rspb.2019.1943,9.00445320429969,6.708162839034197,11.52595710868899,0.5170575022080457,0.10487373963660163,0.8187292595340134,0.4,0.2,0.6012499999999988,20
10.1016_j.jtbi.2015.12.016,9.143057137046583,6.556635289158219,11.525093931096649,0.516336320383828,0.21774483931031352,0.7811297002207969,0.55,0.35,0.75,20
10.1628_093245616x14500948554072,8.741317695791832,6.232671039852543,11.131269078450055,0.5729378493235591,0.19483388670773827,0.8203870285915641,0.6,0.35,0.8,20
10.1177_0951629815586885,7.1846115439346665,5.102634699972471,9.233415709991899,0.4831279431350581,0.061619374047185434,0.7717603911119095,0.5,0.3,0.7,20
10.18564_jasss.2647,7.898152354710893,5.888173624749442,9.792135395624413,0.4318054774792744,0.00526410443796363,0.743838265036908,0.6,0.4,0.8,20
10.3989_ris.2011.09.03,7.563522648249065,5.507172799760606,9.76088920153015,0.49481905540445176,0.10925037136981641,0.8095954648098157,0.55,0.35,0.75,20
10.1016_j.physa.2011.10.009,6.5127864854275055,4.631788191321672,8.235231771559242,0.4888492382783926,0.07198120502940929,0.7754341361382819,0.7,0.5,0.9,20
10.1063_5.0268194,7.15644316773098,4.434160460596325,9.319717043537551,0.5315790920041863,0.13013024112527807,0.8074451608740683,0.6,0.4,0.8,20
10.1038_s41598-024-80733-3,13.162726827698197,10.34753195881557,15.61824611906258,0.2039471082762022,-0.17342407502307347,0.6163446521569333,0.4,0.2,0.6,20
10.1016_j.jebo.2023.11.003,8.201107197461713,5.379968560307385,11.543365999638052,0.5597713136896049,0.07604921702100854,0.8587459309512997,0.5,0.3,0.75,20
10.1016_j.jebo.2023.10.029,7.047051238675025,4.487124724036632,9.086728602753025,0.5219739117562731,0.09640857150151505,0.8230099251071388,0.6,0.35,0.8,20
10.1111_bjso.12687,6.255782220153298,4.484305941966408,7.865068182772228,0.6334998339648951,0.29388882145645484,0.8447562410165345,0.65,0.45,0.85,20
10.1177_01902725221132517,6.975225510015478,4.601738974634469,9.49891483155036,0.538225566256628,0.09479757114418802,0.8036850135673842,0.5,0.3,0.75,20
10.1086_720287,5.940251740144259,3.9646600845618165,7.740979133110372,0.6007116543709327,0.1894955345069862,0.8324559587427192,0.65,0.4,0.85,20
10.1016_j.physa.2022.128097,7.7274292340781745,5.279457619781102,10.303790469312439,0.47737048137139254,0.04610192682244511,0.853941347821367,0.55,0.35,0.8,20
10.1016_j.copsyc.2021.08.033,6.842817524324559,4.897459476536811,8.525872481989689,0.5859262607011035,0.23745036638199507,0.8186670539534864,0.6,0.35,0.8,20
10.1098_rsif.2022.0082,6.810330471622485,4.428159147518584,8.970470430167545,0.6269193222887074,0.257340060500217,0.8547722342333568,0.6,0.4,0.8,20
10.1016_j.jebo.2021.05.035,9.289817545731735,5.94976356204818,12.515287071612445,0.3545691139028041,-0.1415094903309954,0.762839098506937,0.5,0.3,0.7,20
10.1016_j.jpubeco.2020.104347,7.130127127594563,5.092638717929048,9.09376082573572,0.5456996667359075,0.13238975004405346,0.8079952003374189,0.5,0.3,0.7,20
10.1016_j.socec.2019.02.006,6.841207471178678,4.955882502006103,8.4049008404588,0.6128475063222701,0.27695712997286953,0.8336965867884651,0.5789473684210527,0.3684210526315789,0.7894736842105263,19
10.1016_j.socec.2018.09.006,7.282279490349823,4.0528680281936325,10.584045924691972,0.44313636575391024,0.012487297677349856,0.8411182295898206,0.631578947368421,0.42105263157894735,0.8421052631578947,19
10.1016_j.amc.2018.02.017,19.75023348541348,16.79367540915884,22.69184397089492,-0.07807142080447407,-0.36644693204873013,0.3095456679591281,0.35,0.15,0.5512499999999989,20
10.1016_j.physleta.2017.09.041,7.506755935851794,4.756948245398483,10.042252774118909,0.5037487584367675,0.04794685977279337,0.8176574754646354,0.7,0.5,0.9,20
10.1016_j.jet.2017.05.005,5.897521621713533,3.997945942549322,7.390468259786689,0.645681179824668,0.39912322175873,0.8576643073825941,0.65,0.45,0.85,20
10.1016_j.joep.2016.03.002,7.902133934321815,5.244949850287377,10.588079306676478,0.3961991914519094,-0.05379825232722989,0.7315569129658764,0.5,0.3,0.7,20
10.1016_j.physleta.2015.07.032,6.964796560873043,5.06774781548504,8.777368908416824,0.6248397375892923,0.26089240712637324,0.8448280545542575,0.6,0.4,0.8,20
10.1016_j.socec.2013.02.017,6.475849110038281,4.537899826902643,8.218725699882803,0.5613267663676478,0.17224732436367646,0.8066204835190312,0.6,0.4,0.8,20
10.1016_j.nonrwa.2009.01.009,7.196661154987632,5.176144224463847,9.043420115713788,0.5551669082367918,0.1551754129915665,0.7953802095808079,0.6,0.35,0.8,20
10.1016_j.geb.2009.07.007,10.81974062002306,7.9401098300210435,13.875386158606393,0.43605318676166016,-0.07396570078155368,0.76902264897565,0.5,0.3,0.7,20
10.1628_093245607780182008,6.9066031477229535,5.091383227224689,8.690098148059759,0.5503050839886798,0.17970809108622615,0.8005101061320737,0.55,0.35,0.75,20
10.1006_game.1994.1035,6.615094773976039,4.585183724890267,8.534966945629337,0.5418059758318011,0.20607142093401637,0.7929835483394561,0.7,0.5,0.9,20
10.1063_5.0256342,12.454137419831692,8.897899331570592,15.96123385083275,0.32962114157175576,-0.09437773686396624,0.7518499873467512,0.55,0.3,0.75,20
10.1073_pnas.2408802121,6.226310255683219,4.2081332427644265,8.093391777636278,0.5934711187197117,0.2787721520475525,0.8299807030294228,0.7,0.5,0.9,20
10.1037_pspi0000474,7.768603714448726,5.752089039764162,9.988784370382696,0.478203897634274,0.042904092043424616,0.8136455259778704,0.5,0.3,0.7,20
10.1016_j.amc.2024.128836,7.524787649220794,4.910026559450884,10.52025872339151,0.47231025608606303,-0.029071139844616005,0.7946826192043851,0.5,0.3,0.7,20
10.1016_j.jesp.2023.104566,7.847794273785077,5.859692981794624,9.877055009172489,0.5437536907949126,0.14909141529684827,0.7920812056764808,0.6,0.4,0.8,20
10.1111_cogs.13326,8.079567864465893,5.819096769459329,10.338928974131308,0.5860931030394377,0.22004616324574228,0.8252915024667821,0.6,0.4,0.8,20
10.1016_j.actpsy.2023.103957,7.417495773858069,5.045381495127359,9.281932280951215,0.5525587897453391,0.1734138710817852,0.8133208708441887,0.6,0.4,0.8,20
10.1016_j.evolhumbehav.2022.10.002,8.55787438742909,6.583778088014785,10.282045884219253,0.6859611949095783,0.4544188292093802,0.8532591494133893,0.65,0.45,0.85,20
10.1016_j.socec.2021.101692,9.624070227737121,6.7659166843148695,12.127158029583578,0.3171396034609913,-0.12281034477451798,0.7094535144548165,0.55,0.35,0.75,20
10.1017_xps.2020.10,8.651775817114208,6.340440789331907,10.912480290702225,0.5785331300164557,0.24049911828174433,0.8104564283885491,0.45,0.25,0.65,20
10.3982_te2404,9.94822058452002,5.650031110724481,14.185611999805936,0.33986585664867075,-0.10194209890330194,0.762411286872408,0.6,0.4,0.8,20
10.1016_j.jebo.2019.05.033,7.946024864025482,5.842993270678974,10.067685874525996,0.621010746603693,0.26418345436862867,0.844653752220602,0.45,0.25,0.7,20
10.1016_j.physa.2018.09.194,7.289695167240044,4.9004487006079165,9.559559411678066,0.5564035412563015,0.15663349252632436,0.8129377308796786,0.6,0.4,0.8,20
10.1016_j.chaos.2018.03.029,9.568834651017358,7.096015768886635,11.892967428774442,0.6037819296227812,0.2607798822422598,0.8337128309564793,0.5789473684210527,0.3684210526315789,0.7894736842105263,19
10.1016_j.jebo.2017.01.006,6.288972917550871,4.4511562348681215,8.16918889769188,0.6162369670075946,0.2571231775400319,0.8550278288444212,0.6,0.4,0.8,20
10.1016_j.jtbi.2016.03.017,12.284212286430982,9.594563957924542,14.73144360073005,0.21648533443355755,-0.1491860308375534,0.6384444143204553,0.35,0.15,0.55,20
10.1016_j.physa.2015.12.128,5.918925204943868,4.177436877599367,7.576901783005951,0.6098992787636168,0.33993251359486926,0.8237305215856255,0.75,0.5,0.95,20
10.1016_b978-0-12-404681-8.00010-8,6.111291605066524,4.385422222674946,7.581880713080115,0.6388484003955723,0.3353865632369369,0.846105066664517,0.65,0.45,0.85,20
10.1016_j.chaos.2013.07.016,12.064716450779665,9.286183839340355,14.535826713043797,0.5350987536081541,0.09399095070013537,0.8116786352555253,0.45,0.25,0.65,20
10.1016_j.jebo.2011.01.018,6.421416583047111,4.295169926060352,8.75485225384898,0.5907122900037525,0.20341630850736714,0.8458376838270739,0.5,0.25,0.7,20
10.1016_j.jesp.2024.104695,8.001894655163115,5.466508978569734,10.438127538236003,0.5390980621429684,0.1632946700827733,0.792687661143951,0.6,0.35,0.8,20
10.1038_s41598-024-69206-9,7.400475605799378,5.207595646015188,9.580722706097117,0.5390528697050503,0.1636567391709705,0.7995461134017655,0.6,0.4,0.8,20
10.1016_j.chaos.2024.114859,6.389994199643246,4.122349296260341,8.39034353492111,0.5943512314906018,0.2310176333716262,0.863044534055476,0.75,0.55,0.9,20
10.1016_j.euroecorev.2024.104682,10.87762094672115,7.9189817367409026,13.917860960539869,0.4565331606692319,-0.07606135676579413,0.7799598822200848,0.45,0.25,0.6512499999999989,20
10.1016_j.jeem.2023.102895,8.562683762535013,5.531863404471378,11.41883801571072,0.45608207940752504,0.033105550264621496,0.7984136217672968,0.65,0.45,0.85,20
10.1016_j.jebo.2023.09.006,7.2694647133199775,4.592207822710423,9.977496780289421,0.5522183476390832,0.1108673455789744,0.8374890385306829,0.6,0.4,0.8,20
10.1016_j.socec.2023.102081,9.478405480221452,6.428966301732839,13.046096593577325,0.4338993895773172,-0.15664577937021718,0.840779818948608,0.55,0.35,0.75,20
10.1007_s12144-023-05029-7,7.0378747018451575,5.009936465910861,8.83487801294683,0.5455950107155438,0.16564345433557492,0.8028352089870717,0.6,0.4,0.8,20
10.1016_j.amc.2023.128247,7.082176159766848,5.179564504450813,8.626898000909272,0.4962192780492353,0.15112453783457142,0.7570071101063379,0.7,0.5,0.9,20
10.1016_j.jebo.2023.01.012,6.810775742801075,4.859977155718638,8.593417717194265,0.5562451412560376,0.16794276315818743,0.8053175394022034,0.6,0.4,0.8,20
10.1016_j.chaos.2022.112987,6.424164991416157,4.444596882282322,8.13414515125566,0.5751816684744961,0.218512578017752,0.8258305765255097,0.7,0.5,0.9,20
10.1016_j.amc.2022.127578,7.6934204271375535,5.12854327556105,10.307948433173944,0.39754458265847364,-0.06884543902549065,0.7324102350682333,0.5,0.3,0.7,20
10.1016_j.ejpoleco.2021.102119,6.124392521657268,4.01278863816494,8.133575140661677,0.6214792302035262,0.2691509213054752,0.8564679373668,0.7,0.5,0.9,20
10.1037_pspa0000301,8.410455312227933,5.8605813715326915,10.893721356443091,0.5609062691600202,0.17638902792072791,0.8322922722141533,0.6,0.4,0.8,20
10.1016_j.chaos.2022.111973,9.96811535919615,7.339948200260372,12.42878679099387,0.46554475374592763,0.02368447671266851,0.776212261908368,0.45,0.25,0.65,20
10.1016_j.joep.2021.102452,7.097509377512013,5.111113552557469,9.16303452766883,0.5751370704188525,0.1880488701045925,0.8219276812032598,0.5,0.3,0.7,20
10.1016_j.physleta.2020.126904,8.461950058357615,5.204863363771407,11.92200570102586,0.40495953252410666,-0.07412056855657999,0.8403322841069183,0.6,0.4,0.8,20
10.1016_j.econlet.2020.109155,5.857607339562403,4.030513792299244,7.380937960051936,0.5648663935183786,0.23186451621338405,0.8297024290645555,0.65,0.45,0.85,20
10.1016_j.physa.2019.121796,8.802438247495106,5.582873005050773,11.76891101089965,0.3862426049802662,-0.1872000851788448,0.79238072849611,0.55,0.35,0.75,20
10.1037_npe0000099,8.864732512085906,5.814303215023514,12.172990723750436,0.4241971261177217,-0.026943304594095534,0.783980520960055,0.55,0.35,0.7512499999999989,20
10.1016_j.socec.2018.05.007,8.19503145835979,5.796493351603999,10.69112326623037,0.572864718997074,0.23730551738697234,0.8026302210455263,0.6,0.4,0.8,20
10.1016_j.euroecorev.2018.05.004,9.797855264743829,7.154162019587704,12.306884082234495,0.6003128230384136,0.2588655678112926,0.8281777698776448,0.6,0.4,0.8,20
10.1016_j.euroecorev.2013.11.012,6.671116760740061,4.74290210562085,8.234900165172556,0.6137506555483638,0.2580951536936621,0.8403260989220125,0.6,0.4,0.8,20
10.1016_j.socec.2011.04.001,6.415853666619348,4.590525575647344,8.08344083401867,0.5596232021402358,0.1322712987216745,0.807547139891214,0.6,0.4,0.8,20
10.1037_1089-2680.11.2.142,11.970595120382518,8.473152970368782,15.02676738678719,0.11313917808235135,-0.30671342276943125,0.5598849137752583,0.5,0.29875000000000007,0.7,20
10.1007_s11538-025-01422-4,7.544664764005764,4.937098086938754,10.057775922289068,0.5243718970992727,0.04898959415766307,0.8183792414127763,0.6,0.4,0.8,20
10.1016_j.chaos.2025.116297,12.763631077545998,9.514389320591999,15.470026658403818,0.06649374235289365,-0.21162385050727422,0.4836001064542319,0.6,0.35,0.8,20
10.1177_10597123241302837,5.6716197645003055,3.8671764686496894,7.350547726980906,0.6660862241668808,0.3520727043733995,0.8594217220252173,0.7,0.5,0.9,20
10.1016_j.amc.2024.129156,6.995851647372231,5.072458144915428,8.703714258395582,0.5753257201933999,0.16618255281359032,0.8144046826029067,0.6,0.4,0.8,20
10.1016_j.chaos.2024.115622,7.894542341445373,5.6422273693813585,9.999401608442291,0.582685183454383,0.20453531547897624,0.8257131971141857,0.6,0.35,0.8,20
10.3389_fpubh.2024.1373747,9.541670072811712,7.066618031492208,12.412192327205164,0.40864912148715593,-0.019576292877380237,0.7451091006212864,0.45,0.25,0.65,20
10.1016_j.chaos.2024.114699,7.048270426044009,4.588024753220568,9.374967902298133,0.5262560968874431,0.06713632365535323,0.8126281985272616,0.65,0.45,0.85,20
10.1016_j.physa.2024.129631,6.938687452302121,4.561377694728133,9.272089203302304,0.5106190973326034,0.07999138880191008,0.8269014230684713,0.55,0.35,0.7512499999999989,20
10.1016_j.jecp.2023.105858,6.32441552805938,4.2781196033991185,8.144526529205407,0.582396686223269,0.2624592206021182,0.8217512290553598,0.65,0.45,0.85,20
10.1016_j.euroecorev.2023.104659,6.761826337967129,4.823489084834883,8.501157933071637,0.5654887280275624,0.15347287144716695,0.8012731434535071,0.6,0.35,0.8,20
10.1098_rspb.2023.0916,6.526318809134774,4.513704168862187,8.431744662034836,0.554286000946171,0.16313128656304923,0.8097861694197559,0.6,0.4,0.8,20
10.1016_j.jebo.2023.04.004,9.059062354535113,6.499217699255967,11.304513142846554,0.5721007826569973,0.24842385277880913,0.7868361538529103,0.6,0.4,0.8,20
10.1016_j.jebo.2023.03.023,14.091879725434364,11.158535123897058,16.597904514231903,0.17363323867925595,-0.20082471070532312,0.5519929513543816,0.5,0.25,0.7,20
10.1016_j.physa.2022.127997,7.7738898580807065,5.544597752982396,9.997106344710442,0.5788615330734593,0.15983287446460992,0.8213342731644304,0.6,0.4,0.8,20
10.1109_tac.2021.3087652,7.678116610968302,5.321982371890546,9.658650218289479,0.5353263031460187,0.28160064399776463,0.7553421033697033,0.45,0.2,0.65,20
10.1016_j.jebo.2021.09.024,7.6127669949792915,4.693387926210915,10.014209813851004,0.536186277652988,0.17895348363470423,0.8407243914556122,0.6,0.4,0.8,20
10.1016_j.jpubeco.2021.104429,9.136531439534194,6.632043835005063,11.598635269549128,0.3649839407275986,-0.12895375114199883,0.7125813838959124,0.55,0.35,0.75,20
10.1016_j.jrurstud.2020.08.013,9.612290867411566,7.464165260989298,11.844536558296904,0.437583162857823,0.10245790531950227,0.8546910808264243,0.45,0.25,0.65,20
10.1016_j.amc.2019.124945,6.612571402472121,4.402939465557813,8.573380619697724,0.5715313627419936,0.22698474178278738,0.8344483431445385,0.65,0.45,0.85,20
10.1016_j.chaos.2019.109398,6.806726489045283,4.479587541173324,8.70095573725773,0.5525464603835069,0.1838940508851554,0.8063884592038751,0.6,0.4,0.8,20
10.1016_j.jrp.2019.05.005,8.783373315729653,6.218557646541724,11.234619640909477,0.5933405621487313,0.22781088037259,0.8309589660851583,0.6,0.4,0.8,20
10.1016_j.geb.2019.02.006,8.860980694109214,6.158457008034927,11.63564657682049,0.3026027011021209,-0.19728790979149877,0.6903755528962207,0.55,0.35,0.7512499999999989,20
10.1177_1474704918756993,8.547497062043789,5.8463539719507835,11.328237133116062,0.4842107639825221,-0.00532293527811216,0.8140891197209389,0.55,0.35,0.75,20
10.1088_0253-6102_62_5_03,6.3332938165987684,4.732096597720707,7.946335271901891,0.5762860871853147,0.19872704880155653,0.8296077254266585,0.75,0.55,0.95,20
10.1037_npe0000011,7.200743962233297,5.191275938106197,9.216938364773641,0.5648475759013274,0.17449387220322715,0.8159976978456857,0.6,0.4,0.8,20
10.1016_j.econlet.2012.04.048,7.5015649472821195,5.189623778641799,9.590556819730898,0.5412990365568849,0.1424728418230522,0.7960091595771145,0.6,0.4,0.8,20
10.1177_1043463111434700,8.997552776363804,6.105370345413741,11.921287227853835,0.31734511319866765,-0.08546157474815741,0.695667260194827,0.55,0.35,0.75,20
10.1016_j.labeco.2008.08.002,6.680209815937708,4.501068773680391,8.354414981342533,0.580746093139518,0.23090847304625092,0.8183012148931591,0.6,0.4,0.8,20
10.1016_j.isci.2025.112833,6.730817460061922,4.678321259643082,8.678905979634017,0.534014124109054,0.17111126799978194,0.7968238748277333,0.6,0.4,0.8,20
10.1073_pnas.2500960122,5.991488519657145,4.289540156921565,7.731939406649855,0.66299318031159,0.37881646361976595,0.866521878953196,0.65,0.4,0.85,20
10.1016_j.chaos.2025.116135,7.920503730541799,5.82901633531588,9.917590908516535,0.5854130333814024,0.2755675396251651,0.8189187547699441,0.6,0.35,0.8,20
10.1038_s41598-025-87322-y,7.082124190207993,4.860740085720319,9.226482074943503,0.5535832486634393,0.16729970882238623,0.8073853130696015,0.6,0.4,0.8,20
10.1016_j.evolhumbehav.2025.106655,6.562165462023968,4.760314550280846,8.247042526075372,0.5984882042097501,0.22464574909911228,0.8239656234200917,0.65,0.45,0.85,20
10.1016_j.jtbi.2025.112043,6.491740300766072,4.357964975613177,8.259421329081833,0.5869215204760955,0.2981863322379346,0.8297311372766117,0.7,0.5,0.9,20
10.1007_s12144-024-06961-y,8.094131716425183,5.438188704453555,10.460216905044785,0.5563333096169384,0.21608234946986715,0.8182995788214651,0.6,0.35,0.8,20
10.1017_ehs.2024.37,9.524579601276924,7.069787270746276,11.996825746714778,0.35429513628288895,-0.09538439520546659,0.7546510001171081,0.55,0.35,0.7512499999999989,20
10.1038_s41598-024-72939-2,8.045186893082056,5.423147751638167,10.398876702239706,0.5951780501593682,0.23271553908615444,0.8357897285362774,0.6,0.4,0.8,20
10.1016_j.euroecorev.2024.104795,7.362284353416224,5.325604631803398,9.245902083352785,0.6063136065235153,0.2401487770508308,0.8421580222472216,0.45,0.2,0.65,20
10.1038_s41598-024-67268-3,7.244864214866117,4.937552649213018,9.367987392691969,0.5399119877696543,0.1826053763497597,0.7970863736984325,0.6,0.4,0.8,20
10.1016_j.jebo.2024.02.003,7.245803481822919,4.793249708402082,9.387188761291076,0.5296896116599843,0.1400765178408931,0.8092446487790824,0.6,0.35,0.8,20
10.1016_j.jebo.2023.11.027,7.014108158025538,5.379020662375365,8.388551756009068,0.47876268887118995,0.09481644804782813,0.7685866336260352,0.55,0.35,0.75,20
10.1016_j.heliyon.2023.e22748,9.45093084167443,6.787811886779549,11.979159246986839,0.22935924220058346,-0.14887780378965979,0.6596998493283098,0.5,0.3,0.7,20
10.1177_10434631231219608,7.640886615314839,5.549951045208632,9.815797836608004,0.43431658375817705,0.0016067092362674897,0.7587291163570229,0.55,0.35,0.75,20
10.1016_j.physa.2023.129282,7.936558601549424,4.9235183472197885,10.46805876639166,0.5291502063481957,0.05330784580946829,0.8460330265391763,0.65,0.45,0.85,20
10.1016_j.socec.2023.102091,8.36266162127423,6.136774637850418,10.452393492603205,0.5595761234034567,0.16499032069474948,0.8364955654316228,0.6,0.4,0.8,20
10.1016_j.anbehav.2023.08.014,6.74202852463458,4.731085094665133,8.499145817483724,0.5658435355636379,0.19160952951909163,0.8104081394145843,0.65,0.45,0.85,20
10.1016_j.joep.2023.102675,7.200343759962237,5.021542921007451,9.237692707903065,0.5435250353179947,0.1569316292785584,0.8082110339546374,0.45,0.24875000000000008,0.65,20
10.1016_j.socec.2023.102050,6.946538855288041,4.718324666020385,8.980937952545872,0.5414062792967254,0.13353494826546253,0.791634428947201,0.6,0.4,0.8,20
10.1016_j.heliyon.2023.e16729,6.822268819585446,4.221360538375011,8.989535410119856,0.5061059223441298,0.05860136785090169,0.8255272015581588,0.65,0.45,0.85,20
10.1177_00375497231171138,6.722942286301859,3.807133544072429,9.208064878422645,0.590782366608058,0.21687286660128677,0.8646859540796686,0.7,0.5,0.9,20
10.1209_0295-5075_acb07d,7.102349936530926,4.8133984584562555,9.462473735077749,0.5613808879135643,0.14401686824494303,0.8453161879926789,0.5,0.3,0.7,20
10.1038_s41598-022-23454-9,8.568205759229748,5.18133715568222,11.439172323231473,0.4782885050108279,-0.07310790552341616,0.8107557777406441,0.6,0.4,0.8,20
10.1016_j.leaqua.2021.101589,6.958306024519374,4.653468692203057,9.10263527554896,0.5234226314786999,0.07907901833514233,0.8114428059902924,0.5,0.3,0.7,20
10.1016_j.amc.2022.127567,7.872231347858614,4.991017944522873,10.57694695165365,0.5269435339715344,0.09438733817123435,0.8433492864085442,0.65,0.45,0.85,20
10.1016_j.physa.2022.127913,9.06244067852625,6.447735702620122,11.313003614374685,0.38652542946875323,0.004591508882989089,0.7275189699089869,0.65,0.45,0.85,20
10.1177_00483931211008432,6.80932148327599,4.545513017395758,9.288160572505877,0.5716331632928604,0.09043004488487166,0.8454101336430512,0.55,0.35,0.75,20
10.1108_tpm-03-2020-0021,5.927596892981598,4.014028280861222,7.841638560988936,0.6127194353651585,0.28654290526304926,0.8195846827920739,0.75,0.55,0.9012499999999989,20
10.1016_j.jebo.2019.06.019,7.840124054797602,5.553932130084572,10.18545452432452,0.6157215252386397,0.25626567974065767,0.8184108662447761,0.6,0.4,0.8,20
10.1016_j.biosystems.2018.10.015,6.361557392868427,3.844011007088766,8.692323986925167,0.6025523203497058,0.18911250633215,0.8661103151215289,0.65,0.4,0.85,20
10.1016_j.jet.2017.02.011,5.6074372605988465,3.8242733682467285,7.079774811996227,0.726852950893661,0.48953370788597816,0.8854951809369366,0.6,0.4,0.8012499999999989,20
10.1016_j.econlet.2016.12.025,6.503776113713294,4.681140912281582,8.182525524577173,0.5816028547704964,0.26729543580972126,0.8002536057114386,0.7,0.5,0.9,20
10.1016_j.jebo.2014.08.005,6.27944904027915,4.374968231376757,7.95881131140431,0.7123446193084639,0.4256014369207286,0.8903159049879905,0.6,0.4,0.8,20
10.1016_j.comnet.2011.11.013,8.77721128183726,6.003103700614285,11.246064050628402,0.3924157970326015,0.03391325519937247,0.7188270624111953,0.5,0.3,0.7,20
10.1007_s11432-010-4145-z,10.95251548785185,7.461876302387376,14.243944254936117,0.2033237946378776,-0.21231634973284533,0.6168775870776255,0.5,0.3,0.7,20
10.1016_j.econlet.2008.12.012,7.177646202870357,4.983304880986668,9.173276334771272,0.5366347487684094,0.20578120319374388,0.7959130730657579,0.6,0.3987500000000001,0.8,20
10.1111_j.0023-5962.2005.00280.x,9.79359509972374,7.268102061312398,12.348150723676676,0.5389469785511506,0.1690593829516153,0.796510447600885,0.6,0.4,0.8,20
10.1016_j.socec.2025.102403,6.875838532371359,4.8352851946015365,8.819793348300937,0.5597109201797364,0.1373328193250208,0.8278992702101728,0.6,0.35,0.8,20
10.1016_j.amc.2025.129545,10.304636515799878,6.287773729713501,13.627378006243967,0.33813514920113136,-0.0924333437873108,0.7595299474554192,0.6,0.35,0.8,20
10.1016_j.physa.2025.130902,7.060749732827259,4.9052459142377725,9.384509838758266,0.5920779508068476,0.17429305095157283,0.8497395675648991,0.65,0.4487500000000001,0.85,20
10.1016_j.jebo.2025.107138,6.194160410686035,4.534892337610344,7.922935774803042,0.6121382284434491,0.314392969776545,0.8233962036532524,0.65,0.45,0.85,20
10.1073_pnas.2508479122,10.091591806365233,7.633058192010651,12.511063763813304,0.5533745053304907,0.15225302512239416,0.8211538213192154,0.6,0.35,0.8,20
10.1016_j.jebo.2025.107071,9.12416287822202,6.429511470130067,11.723951712632942,0.5834164779210699,0.2716434268204888,0.8087581088920398,0.6,0.4,0.8,20
10.1073_pnas.2319925121,9.08294920644096,7.228597496406976,10.716228241774571,0.6209752126926023,0.2602674697119255,0.8467291003120351,0.6,0.4,0.8,20
10.3389_fpsyg.2025.1465057,6.305620857736433,4.549896700285947,7.753534371830696,0.6260308699709005,0.2865031581105435,0.8359033826566442,0.65,0.45,0.85,20
10.1007_s10458-025-09698-5,9.100246450632723,6.530185091457881,11.42466469839214,0.24129452699054219,-0.0952071335879471,0.5691111709218409,0.45,0.25,0.6512499999999989,20
10.1371_journal.pcbi.1013068,6.703749509601882,4.827453529325549,8.329211587285846,0.5640507552660704,0.22524800592812716,0.7905425705134289,0.65,0.45,0.85,20
10.1007_s00355-025-01604-y,6.695002479871214,4.491857259980617,8.83548740958854,0.6572615245819791,0.3195684478737847,0.8865673209243204,0.7,0.5,0.9,20
10.1007_s11558-025-09594-3,8.724929908745162,5.954734082422031,11.242236578841142,0.3966686178469045,-0.07767822224380302,0.7612111499666306,0.55,0.3,0.75,20
10.1093_pnasnexus_pgaf150,6.676174289858803,5.030571374218823,8.231298655273228,0.586673352704156,0.22959826787324497,0.8133899739628523,0.6,0.4,0.8,20
10.1038_s41598-025-98728-z,7.5832373931644526,5.240601754548686,9.595984043257404,0.5502412287889679,0.15239647848518237,0.819203366587183,0.6,0.4,0.8,20
10.1002_ejsp.3171,6.082870005715309,4.580251093128568,7.690768297406772,0.5774398368215277,0.1902599511013651,0.806233745111008,0.7,0.5,0.9,20
10.1007_s00355-025-01596-9,6.59597974431701,4.885262262339567,8.228428487923265,0.5562717349153825,0.15857609655460878,0.8062922844264961,0.6,0.35,0.8,20
10.1007_s10551-025-05998-8,6.99133942745595,4.426826288263958,9.740816053410484,0.6831184952421635,0.26825855477693755,0.8979600804796036,0.65,0.45,0.85,20
10.1086_731967,9.151829226558213,6.688274916683407,11.571730799502426,0.3729475377665213,-0.09469985355710078,0.7262864920299106,0.4,0.2,0.6,20
10.1073_pnas.2415010122,7.409363367920017,5.120937928223145,9.948829954169806,0.5068876580587841,0.10593679393521653,0.8065503110452201,0.5,0.3,0.7,20
10.1016_j.marpol.2024.106493,9.384050128975028,6.542998065023665,11.724160853420026,0.4282937736888124,-0.005407945825806337,0.7154154072685667,0.5,0.3,0.7,20
10.1007_s10640-025-00970-6,7.680167338564282,5.3415233315539865,10.080426519942218,0.5324411182480907,0.0854858243088724,0.831420485525188,0.6,0.4,0.8,20
10.1063_5.0253511,7.17737031029258,5.159967429396997,8.997445090986455,0.5958280918240118,0.2969109284590327,0.7958537520314124,0.65,0.45,0.85,20
10.1016_j.amc.2025.129367,12.291246097029985,9.434284762437224,14.910081085168665,0.2845849253060879,-0.1682358041751668,0.6968643785688011,0.55,0.3,0.75,20
10.1016_j.jebo.2025.106930,8.123717592278183,5.786625740859455,10.407469359477803,0.5593344749329356,0.15333355913493826,0.8150227543733729,0.6,0.35,0.8,20
10.1016_j.jedc.2024.104987,5.839795323154783,4.213156224213525,7.481903727737353,0.626491537940664,0.3693957307777393,0.816335490200773,0.65,0.45,0.85,20
10.1002_mde.4492,7.213714974749651,5.02152025301015,9.39206837644426,0.527982312265421,0.11076849660440119,0.7927033724597711,0.6,0.35,0.8,20
10.1016_j.physleta.2024.130196,6.423815673592965,4.251401584473812,8.229249757447944,0.596892248452596,0.24458550050553693,0.8269771990903163,0.7,0.5,0.9,20
10.1017_ehs.2024.41,6.239482183633031,4.711516776613138,7.643453853903814,0.6044607846017463,0.2968485495976806,0.8302145151144159,0.7,0.5,0.9,20
10.1007_s10551-024-05865-y,6.475301166864567,4.515500669839176,8.213978233892282,0.5586715168109773,0.19778071106553485,0.8193222453808601,0.65,0.45,0.85,20
10.3390_math12243919,6.845688624736136,4.258570627387644,9.128332896171546,0.540928482821313,0.2598630599171594,0.7928969833897157,0.8,0.6,0.95,20
10.1007_s12110-024-09483-5,6.881896832525764,5.084080983371232,8.461872722833741,0.5257207714052891,0.18844163040124556,0.7787253429719934,0.7,0.5,0.9,20
10.1016_j.actpsy.2024.104608,6.84335215579168,4.813566187580593,8.699892461288965,0.5565758633818544,0.17590997483044157,0.82653514993853,0.6,0.4,0.8,20
10.1016_j.ecolecon.2024.108438,7.141953402942386,5.04845231915656,9.26511081140563,0.5447285842231852,0.16772894981066053,0.8119963449417121,0.45,0.25,0.7,20
10.1016_j.hydroa.2024.100188,7.819317422307085,5.196489778651675,10.552465129057598,0.45379008515513547,0.022245714926691404,0.8039460268699313,0.6,0.4,0.8,20
10.1287_mnsc.2022.03085,6.845669877793252,4.688702699310826,8.870610743795702,0.577350455598789,0.2094696368046926,0.8164956956117824,0.6,0.4,0.8,20
10.1016_j.chieco.2024.102267,6.740422353942939,4.057242424849241,9.29786334008803,0.4958066841529741,0.008211353131991924,0.8224471773838798,0.65,0.45,0.85,20
10.1038_s41598-024-71106-x,7.109681228962488,5.050006145565758,9.399443747800625,0.507353916202737,0.048939730143356105,0.8076077239001545,0.5,0.3,0.7,20
10.1088_1674-1056_ad5aee,9.50412701961905,7.1540122613887505,11.792937682040298,0.6009312576506951,0.22834837559633323,0.8354382192528172,0.6,0.4,0.8,20
10.1088_1674-1056_ad5274,7.765616093927735,5.21992122806756,10.013018377882716,0.3344091733066429,-0.06448569985293622,0.6523070157701958,0.6,0.3987500000000001,0.8,20
10.1016_j.worlddev.2024.106686,5.5479022668523434,3.7017318211198784,7.2235969398933895,0.6861371446862253,0.3656087817425964,0.8746653926966912,0.7,0.5,0.9,20
10.1016_j.jebo.2024.05.010,7.466713159989708,5.3764474432246665,9.65205161647219,0.6532473033752033,0.2763026732410818,0.8773432100659495,0.5,0.3,0.75,20
10.1016_j.socec.2024.102211,8.045239388668321,5.444404480482874,10.475670855773831,0.5820588433450488,0.22006785345375213,0.8262560914003393,0.6,0.4,0.8,20
10.1016_j.jebo.2024.04.016,7.012442294735509,4.68589706072082,9.502441114522592,0.589032313864298,0.16587089383169487,0.8496143506386252,0.6,0.4,0.8,20
10.1098_rsos.230830,8.652316445166385,6.441872014921914,10.740982849701538,0.5501297127853282,0.22819410153267175,0.78982553183026,0.55,0.35,0.75,20
10.1209_0295-5075_ad0998,6.24144342389449,4.555421259208309,7.806879062173969,0.6176835421170924,0.3246745814829948,0.8381641198122513,0.7,0.5,0.85,20
10.1016_j.ejpoleco.2022.102354,6.8241015744718,4.40792251885566,8.900347236179217,0.5482751945843258,0.11732593707619617,0.8317113212314085,0.6,0.4,0.8,20
10.1016_j.socec.2023.102034,7.494871777309034,5.516152897329366,9.08500799854499,0.6167929682229624,0.3011217464227848,0.8176261742513606,0.65,0.45,0.85,20
10.1017_psa.2023.60,6.265126940149721,4.496590554212481,7.925264455142663,0.6285775490093688,0.2607173098822471,0.8452844142820845,0.65,0.45,0.85,20
10.3233_jifs-232322,7.73248468418139,5.474442950285708,9.912230860830052,0.4584303385295626,0.06303955330125947,0.7804761884788824,0.5,0.3,0.7,20
10.1016_j.amc.2022.127723,8.008386736158897,5.630836992221497,10.353748446763467,0.5568572758792224,0.2154462351612173,0.8021071222449198,0.6,0.4,0.8,20
10.1515_bejte-2019-0057,6.957922444386667,5.066350079927355,8.804265328583856,0.4601133422457006,0.1489084648215574,0.7385441695408216,0.7,0.5,0.9,20
10.1016_j.jet.2019.104972,17.666194730612727,14.24483144886316,20.98039017696186,-0.35862491197384055,-0.606614985190585,-0.09476922873151017,0.5,0.3,0.7,20
10.1016_j.jet.2019.104974,5.811264511658859,4.0219634280435805,7.568312723986599,0.6720305170505149,0.4059616351963382,0.8563688603843818,0.75,0.55,0.95,20
10.1075_is.19011.qir,6.8924028368388806,4.770991576626768,8.837003130678942,0.5595567322745792,0.16772841524923263,0.8128682057128386,0.6,0.35,0.8,20
10.1177_0098628319834208,10.578086049017841,8.07811171798652,12.982104869218299,0.44231750611576365,-0.055068358849248406,0.7843769279750961,0.5,0.25,0.7,20
10.1177_2158244017737592,6.431373427406455,4.537013524503073,8.052487155915408,0.5639416607528369,0.22115571479597046,0.8076724000932226,0.65,0.45,0.85,20
10.1177_0951629815586882,10.147885386874306,7.295802461635711,12.498426339478915,0.429840462507382,-0.05084515178852124,0.7483111137152472,0.6,0.4,0.8,20
10.1628_093245616x14500948554117,5.99141047741189,4.379878507465851,7.401360656743325,0.6721917582769925,0.34992459633416234,0.8626042556475401,0.6,0.4,0.8012499999999989,20
10.1016_j.amc.2015.01.040,6.66970040595537,4.697867122545411,8.289561154999076,0.6308524552018614,0.3191686560881275,0.8217244105900545,0.7,0.5,0.9,20
10.1177_104346397009004004,7.900862623406601,5.481314027776678,10.024274352170767,0.499930544305048,0.025392338517852702,0.8145959119461861,0.65,0.45,0.85,20
10.1016_j.jebo.2009.01.006,7.655568953641182,5.217883906275487,9.67610851042709,0.6219708946651966,0.22811271786456008,0.811897614552468,0.42105263157894735,0.21052631578947367,0.631578947368421,19
