variation,delta_rmse,delta_rmse_ci_low,delta_rmse_ci_high,delta_correlation,delta_correlation_ci_low,delta_correlation_ci_high,delta_directional_accuracy,delta_directional_accuracy_ci_low,delta_directional_accuracy_ci_high,n
YEAR_from2015,0.3872604946221223,-1.8091715278315903,2.158616118813605,-0.08384274900727862,-0.2622065626521951,0.0504042752130541,-0.15000000000000002,-0.45000000000000007,0.15000000000000002,20
YEAR_pre2015,0.8386629702127708,-1.7924385792320576,3.226103189183247,-0.14212235598946027,-0.3832528348395904,0.01615959667422777,-0.25,-0.55,0.050000000000000044,20
JIF_Q1,0.14032657875831234,-1.654752986843684,1.7884002407517188,-0.12519573631245817,-0.3103592638157131,0.002352190746295772,-0.09999999999999998,-0.35,0.1499999999999999,20
JIF_Q2,0.33808118770592266,-1.6272104968592982,2.0914476328631815,-0.11982067952860731,-0.31481674300879114,0.008202810322132511,-0.2,-0.45000000000000007,0.050000000000000044,20
JIF_Q3,0.5278315602695276,-1.0540592289938617,2.0529819179575726,-0.14101333972357666,-0.3561991291683474,0.005239440821521335,-0.15000000000000002,-0.35000000000000003,0.050000000000000044,20
JIF_Q4,-0.05306945524398543,-2.408646087080097,2.029631195999213,-0.07145819650847773,-0.27771189672122915,0.1337656625432078,0.0,-0.20124999999999998,0.25,20
CITE_Q1,0.5242655485065093,-1.7414285665269909,2.6830996201214523,-0.2399458716837462,-0.596002999758014,-0.00025001758565595413,-0.15000000000000002,-0.40124999999999994,0.15000000000000002,20
CITE_Q2,0.3382968345110058,-1.724134805571821,1.9727171995077355,-0.1263515122989708,-0.34207866127722847,0.025621371265066348,-0.09999999999999998,-0.35000000000000003,0.15000000000000002,20
CITE_Q3,0.5111735429111999,-1.519849838981585,2.202561232751771,-0.1352474629264515,-0.3489161080466111,0.02407927462467213,-0.2,-0.45000000000000007,0.09999999999999998,20
CITE_Q4,-0.21123283611864885,-1.7288661040762077,1.1352763197262854,-0.037201398090800475,-0.10758877108100642,0.03929444534546777,0.0,-0.25,0.25,20
TYPE1_theory,-0.001741127966631062,-1.743869561420532,1.5473302452807811,-0.06449152846245032,-0.19494547711259463,0.03673275865434186,-0.15000000000000002,-0.4,0.09999999999999998,20
TYPE1_empirical,0.2277966442481265,-1.9174982351126446,2.0447988040304557,-0.05140138148629603,-0.23696661956203996,0.07633086442556773,-0.2,-0.5,0.09999999999999998,20
TYPE1_review,2.0807294717651166,-0.27274083084365824,4.349413398254416,-0.27884130363757686,-0.5395454399406057,-0.07262411453127743,-0.15000000000000002,-0.45000000000000007,0.15000000000000002,20
PARAMETER_1+varied,1.0735144879754746,-1.1181462257229633,3.3304010440631555,-0.17152447072781957,-0.47446217803715574,0.0204086157945651,-0.30000000000000004,-0.6000000000000001,0.04999999999999999,20
PARAMETER_0varied,-0.11030698200102407,-2.282584718197575,1.8064902887801972,-0.12753755141838174,-0.3932622170985972,0.10462576650607304,-0.050000000000000044,-0.30000000000000004,0.19999999999999996,20
PARAMETER_2+varied,1.1814170122016678,-0.5717539629726409,2.8808700832396688,-0.1676078480308696,-0.4008973663722052,-0.011495808911828128,-0.15000000000000002,-0.4,0.09999999999999998,20
PARAMETER_3+varied,2.101182174384939,-0.827680124050605,4.773914397865913,-0.13055884039510968,-0.46880831280103297,0.0838342911559817,-0.050000000000000044,-0.39999999999999997,0.30000000000000004,20
PARAMETER_4+varied,3.3485945843352303,0.9253968364889387,5.674158220986416,-0.35580245687311285,-0.6213733094215416,-0.11658213604313729,-0.25,-0.6000000000000001,0.10000000000000003,20
DV_efficiency,0.8430116550746645,-1.3050183010508314,2.5989168778551237,-0.2121387317008021,-0.49381276284155323,-0.017261656595552646,-0.15000000000000002,-0.45000000000000007,0.19999999999999996,20
DV_efficiency_false,0.3315484043888217,-2.162415305221128,2.4327882173652084,-0.08768642756809863,-0.22918133828731535,-0.0056267017759002984,-0.09999999999999998,-0.45,0.20124999999999893,20
PARAMETER_DV_1+varied_efficiency,0.8775687499136096,-1.3505519177528564,2.9961268006685766,-0.1314940663905394,-0.3739511358992863,0.03273960553985069,-0.30000000000000004,-0.6,0.0,20
PARAMETER_DV_2+varied_efficiency,3.0241643243855334,-0.4993340862160401,6.725081654673223,-0.2899515228190733,-0.7033901638706552,0.049933325449462905,-0.09999999999999998,-0.35,0.15000000000000002,20
PARAMETER_DV_3+varied_efficiency,1.6812214933277803,-0.7359166907553248,3.742913380636322,-0.0961900230528272,-0.35372799129714516,0.0888153362526324,-0.15000000000000002,-0.45000000000000007,0.19999999999999996,20
TYPE1_PARAMETER_DV_empirical+review_0varied_efficiency,-0.5998197582100016,-2.6941268042521234,1.0144246782064765,-0.022100277220689524,-0.17343931346584887,0.14501651063400173,0.09999999999999998,-0.1499999999999999,0.30000000000000004,20
TYPE1_PARAMETER_DV_empirical+review_1+varied_efficiency,1.5482700250809058,-0.8538586762876971,3.682929803986617,-0.21656094819606359,-0.48979372760818835,-0.02107700883268072,-0.30000000000000004,-0.6,0.0,20
TYPE1_PARAMETER_DV_empirical+review_2+varied_efficiency,1.2238751616605548,-0.5701003698556646,3.21037287971839,-0.24082299324475293,-0.5240574002339035,-0.03988338614569088,-0.09999999999999998,-0.35,0.14999999999999997,20
TYPE1_PARAMETER_DV_theory_0varied_efficiency,-0.37374678030592,-1.5501396301637718,0.6704497638233365,-0.05046535574481115,-0.13547824064334923,0.04617551314526887,0.04999999999999993,0.0,0.15000000000000002,20
TYPE1_PARAMETER_DV_theory_1+varied_efficiency,0.2159945334650306,-1.7632577735964188,2.1770716024112886,0.05008442705023497,-0.14752565540782,0.25978000827226017,-0.15000000000000002,-0.45000000000000007,0.2,20
TYPE1_PARAMETER_DV_theory_2+varied_efficiency,0.7467664306120403,-1.0649581053346049,2.5633199172855607,-0.07786078305041388,-0.2437096145783249,0.1063093197825803,-0.30000000000000004,-0.6000000000000001,0.0,20
TYPE1_PARAMETER_DV_empirical_0varied_efficiency,0.08107393182805556,-2.0499419096921496,1.7818980989087143,-0.08986312137657593,-0.3195613372495629,0.1195543785617407,-0.050000000000000044,-0.35,0.25,20
TYPE1_PARAMETER_DV_empirical_1+varied_efficiency,0.36723648595522196,-1.9219710432160777,2.0322967374562126,-0.09034451323699078,-0.29422578660552323,0.031848472860448035,-0.2,-0.5,0.1012499999999989,20
TYPE1_PARAMETER_DV_empirical_2+varied_efficiency,1.0610436881077145,-0.45898970742241957,2.450256188812288,-0.1490182883160588,-0.3472589266726253,0.014818656246500788,-0.09999999999999998,-0.30000000000000004,0.09999999999999998,20
PARAMETER_DV_0varied_efficiency,0.5775954495964468,-1.852202806357357,2.6015801581607017,-0.21018052339649929,-0.4485675369275421,0.005979895369944456,-0.050000000000000044,-0.30000000000000004,0.2,20
PARAMETER_DV_0varied_efficiency_false,0.37825190563691446,-1.3054113915419288,1.871111637109349,-0.11089813029537188,-0.33203577344711693,0.05469801853321192,-0.15000000000000002,-0.45000000000000007,0.19999999999999996,20
PARAMETER_DV_1+varied_efficiency_false,0.9041232726431954,-0.8157930479225789,2.6017165706317154,-0.17542830527225828,-0.435714603922848,0.004411868745200817,0.04999999999999993,-0.25,0.29999999999999993,20
PARAMETER_DV_2+varied_efficiency_false,0.39139934369540974,-1.7887307434672224,1.8920600282443956,-0.10232140380004173,-0.292222292122057,0.057336158288480626,-0.050000000000000044,-0.35,0.25,20
PARAMETER_DV_3+varied_efficiency_false,1.1455334675556061,-0.44190114822903637,2.754899644961248,-0.14218999365503326,-0.3489877087659115,0.04641779868244578,0.0,-0.29999999999999993,0.29999999999999993,20
PARAMETER_DV_4+varied_efficiency_false,2.748584658878559,0.4580099833104085,4.867673852737984,-0.47182416039686437,-0.7452794533734196,-0.209981339665687,-0.35000000000000003,-0.65,0.0,20
ALL_fromTYPE1,0.2776669458105019,-1.66639429287257,2.004801168140092,-0.0946958243896201,-0.2597812664279599,0.02018131823513549,-0.09999999999999998,-0.30000000000000004,0.15000000000000002,20
TYPE1_DV_empirical+review_efficiency,0.6639404121480394,-1.30308968438402,2.2527175338455323,-0.11305382722202395,-0.30703327989019236,0.023596501235662683,-0.30000000000000004,-0.55125,-0.04999999999999993,20
TYPE1_DV_theory_efficiency,0.9073624348778644,-2.555718068438677,4.5284455575481175,-0.055806013729794546,-0.3804365973510524,0.1848540507341344,-0.050000000000000044,-0.35,0.25,20
TYPE1_DV_empirical_efficiency,0.3531748369510934,-1.5823704743982123,2.0932489206434037,-0.09031456278124017,-0.30149046761869785,0.02984576842828898,-0.15000000000000002,-0.45000000000000007,0.15000000000000002,20
TYPE1_DV_empirical+review_efficiency_false,0.6269641273120277,-1.3253004515049083,2.439657807352222,-0.1032397180053668,-0.2707989916747131,0.0016352485157025204,-0.30000000000000004,-0.6,0.04999999999999999,20
TYPE1_DV_theory_efficiency_false,1.792717865265291,-0.9329753751713465,4.231866688385622,-0.2799414140107699,-0.7275994617912764,0.05020838709159821,0.0,-0.29999999999999993,0.25124999999999886,20
TYPE1_DV_empirical_efficiency_false,0.5697002387417323,-1.3409457711624286,2.2774994810552704,-0.14263917905675916,-0.35313476420069895,-0.0028137857856387906,-0.2,-0.45000000000000007,0.050000000000000044,20
DV:Any | Cat:Any | JIF:Any | Cite:Any | Y15:Any | WoS:Econ,0.4045161771952541,-1.6255536389192153,2.253176936918114,-0.09475202376000746,-0.2832432676498311,0.03590394572614845,-0.25,-0.55,0.09999999999999998,20
DV:Any | Cat:Any | JIF:Any | Cite:Any | Y15:Any | WoS:Multi,0.04131749568745402,-1.475162819052953,1.2361543422127357,-0.09312809275981049,-0.22888262006014126,0.01629724786202432,0.0,-0.15000000000000002,0.14999999999999997,20
DV:Any | Cat:Any | JIF:Any | Cite:Any | Y15:Any | WoS:Other,0.11842172375131454,-1.4307331473019,1.5081549501130769,0.045307304777374324,-0.07953928676573573,0.14406019843904944,0.0,-0.29999999999999993,0.29999999999999993,20
DV:Any | Cat:Any | JIF:Any | Cite:Any | Y15:Y | WoS:Econ,0.44482635013745586,-1.5996446727500293,2.225822954281951,-0.0922782350348278,-0.2878115828312901,0.02396389742345677,-0.25,-0.55,0.050000000000000044,20
DV:Any | Cat:Any | JIF:Any | Cite:Any | Y15:Y | WoS:Multi,-0.13878781072456725,-1.548596422411522,1.2201717680746165,-0.061806678084095235,-0.16525148606479936,0.05317288815975046,0.0,-0.19999999999999996,0.19999999999999996,20
DV:Any | Cat:Any | JIF:Any | Cite:Any | Y15:Y | WoS:Other,0.3595957274282,-0.9565986535445041,1.6485611793739505,-0.09205138905903731,-0.29531675096399734,0.03660442832746706,-0.09999999999999998,-0.3,0.09999999999999998,20
DV:Any | Cat:Any | JIF:Any | Cite:Any | Y15:N | WoS:Econ,0.01440156856969299,-2.2404837323237956,2.440610635512729,-0.05251058746464743,-0.30681973208753116,0.17585731484901507,-0.09999999999999998,-0.35000000000000003,0.15000000000000002,20
DV:Any | Cat:Any | JIF:Any | Cite:Any | Y15:N | WoS:Multi,-0.615855730235884,-2.3770855927777115,0.8907238902199952,-0.011261451407314271,-0.1310130825840424,0.10938700138452606,0.04999999999999993,-0.15000000000000002,0.25,20
DV:Any | Cat:Any | JIF:Any | Cite:Any | Y15:N | WoS:Other,0.3699502574098732,-1.4676018364978491,1.7616126889027728,0.05257660697504041,-0.05858099364304639,0.17050289967947407,0.15000000000000002,-0.050000000000000044,0.35,20
DV:Any | Cat:Any | JIF:Any | Cite:Y | Y15:Any | WoS:Any,-0.5831412158504374,-2.8980272254199804,1.6207324550987674,-0.019382034303656814,-0.27480921868214075,0.1962526308386886,-0.050000000000000044,-0.30000000000000004,0.2,20
DV:Any | Cat:Any | JIF:Any | Cite:Y | Y15:Any | WoS:Econ,0.4008944985606693,-1.7728420084803773,2.2821915603774423,-0.11305992563128653,-0.33830354283063097,0.06644208241826098,-0.09999999999999998,-0.4,0.19999999999999996,20
DV:Any | Cat:Any | JIF:Any | Cite:Y | Y15:Any | WoS:Multi,1.8194020147822103,0.14752810701096689,3.6998316845240886,-0.07312075554858277,-0.22933282678592665,0.041367543421209796,-0.050000000000000044,-0.15000000000000002,0.0,20
DV:Any | Cat:Any | JIF:Any | Cite:Y | Y15:Any | WoS:Other,1.4538505003011553,0.41236412447342036,2.8695808024908613,-0.09987332712608732,-0.23088130257132236,-0.011082953254965706,-0.050000000000000044,-0.15000000000000002,0.0,20
DV:Any | Cat:Any | JIF:Any | Cite:Y | Y15:Y | WoS:Any,2.4471127820254024,0.09312022577302116,5.5617457542909525,-0.18033174469371316,-0.46238144752158866,0.022229984106931257,-0.09999999999999998,-0.25,0.0,20
DV:Any | Cat:Any | JIF:Any | Cite:Y | Y15:Y | WoS:Multi,2.9208319353230214,1.1623674770873464,4.590133984933972,-0.054398612020279735,-0.17735444471050296,0.07113660411249655,-0.050000000000000044,-0.15000000000000002,0.0,20
DV:Any | Cat:Any | JIF:Any | Cite:Y | Y15:N | WoS:Any,-0.6452641389822258,-2.8400997685325753,1.1649324877894796,-0.025824190238095013,-0.21634069919878807,0.14596684164334042,-0.09999999999999998,-0.39999999999999997,0.19999999999999996,20
DV:Any | Cat:Any | JIF:Any | Cite:Y | Y15:N | WoS:Econ,-0.5462843711136358,-2.2040371082510792,1.288335035556306,-0.023907692567568528,-0.27070413945897637,0.23397161347505407,0.0,-0.29999999999999993,0.25,20
DV:Any | Cat:Any | JIF:Any | Cite:Y | Y15:N | WoS:Multi,0.34832830679542504,-1.0870932375593323,1.7848333030167338,-0.03648986951536992,-0.1968565633065994,0.10118698626672064,-0.15000000000000002,-0.30000000000000004,0.0,20
DV:Any | Cat:Any | JIF:Any | Cite:Y | Y15:N | WoS:Other,1.1952065050313925,-0.5151083771912467,3.0551151714566216,-0.01200473565809601,-0.1980364394927003,0.13460919142173436,-0.09999999999999998,-0.30000000000000004,0.09999999999999998,20
DV:Any | Cat:Any | JIF:Any | Cite:N | Y15:Any | WoS:Econ,0.4320600159376431,-1.5895130704565463,2.2893829459219908,-0.10300160433998606,-0.27378987813376926,0.014169588948801737,-0.25,-0.50125,0.0012499999999988614,20
DV:Any | Cat:Any | JIF:Any | Cite:N | Y15:Any | WoS:Multi,0.5149917892852596,-1.617171583826217,2.405019348316834,-0.14351951932380358,-0.3539627656279514,0.011986239143567086,-0.09999999999999998,-0.4,0.2,20
DV:Any | Cat:Any | JIF:Any | Cite:N | Y15:Any | WoS:Other,-0.3654619754098407,-2.0222786950886387,1.1348601245970076,-0.03742084948957092,-0.16251091908292137,0.08203978715788042,0.04999999999999993,-0.20000000000000007,0.30000000000000004,20
DV:Any | Cat:Any | JIF:Any | Cite:N | Y15:Y | WoS:Any,0.36553533626054335,-1.4961448169637306,2.1499835347830176,-0.08177751448670956,-0.27489093615312243,0.0424755124107208,-0.2,-0.45125,0.09999999999999998,20
DV:Any | Cat:Any | JIF:Any | Cite:N | Y15:Y | WoS:Econ,0.36723648595522196,-1.5306738487187614,2.201971652050593,-0.09034451323699078,-0.27217632499925776,0.031217236068866033,-0.2,-0.45000000000000007,0.09999999999999998,20
DV:Any | Cat:Any | JIF:Any | Cite:N | Y15:Y | WoS:Multi,0.31334579609481583,-2.0067071603407967,2.2962825409798415,-0.04097656253470161,-0.22553888860957438,0.09083616514548808,-0.09999999999999998,-0.45000000000000007,0.25,20
DV:Any | Cat:Any | JIF:Any | Cite:N | Y15:Y | WoS:Other,-0.40104792696380187,-1.6018712329723863,0.9519515987780601,-0.05879364058807879,-0.16552255699790738,0.06361002657953585,-0.09999999999999998,-0.3,0.09999999999999998,20
DV:Any | Cat:Any | JIF:Any | Cite:N | Y15:N | WoS:Any,2.315223901770751,-0.8378598992799282,5.899205068710509,-0.41896453770293535,-0.8091209199545546,-0.04631496994976416,-0.09999999999999998,-0.30000000000000004,0.1499999999999999,20
DV:Any | Cat:Any | JIF:Any | Cite:N | Y15:N | WoS:Econ,0.8048226691704974,-0.8248780610323883,2.3556713621970222,-0.12693708461141584,-0.3827592426269068,0.055306596707403725,-0.15000000000000002,-0.45000000000000007,0.15000000000000002,20
DV:Any | Cat:Any | JIF:Any | Cite:N | Y15:N | WoS:Multi,-0.2642799067542727,-2.395576835353884,1.3014430664279042,-0.06044324526497502,-0.26556343374029884,0.10440087492862203,0.04999999999999993,-0.15000000000000002,0.25,20
DV:Any | Cat:Any | JIF:Any | Cite:N | Y15:N | WoS:Other,-0.06112738764557246,-1.8936278881128352,1.635231049655157,-0.06738299365229705,-0.2927030203057868,0.1280571661552044,0.04999999999999993,-0.25,0.35,20
DV:Any | Cat:Any | JIF:Y | Cite:Any | Y15:Any | WoS:Econ,-0.2616462390341896,-2.53490205260427,1.802206471860057,-0.06552203027618542,-0.34436906229522835,0.16274911207187262,-0.09999999999999998,-0.35,0.10000000000000003,20
DV:Any | Cat:Any | JIF:Y | Cite:Any | Y15:Any | WoS:Multi,0.3546451576056828,-1.1923419551263703,1.9298340140114973,-0.16371112666583476,-0.3690799904671923,-0.010480128718069097,0.0,-0.1499999999999999,0.15000000000000002,20
DV:Any | Cat:Any | JIF:Y | Cite:Any | Y15:Any | WoS:Other,0.5857602428797124,-1.0211388728325463,1.9673022898103731,-0.08438818368330747,-0.2344717760345894,0.023493807428630595,0.0,-0.2,0.19999999999999996,20
DV:Any | Cat:Any | JIF:Y | Cite:Any | Y15:Y | WoS:Any,0.39182275023069035,-1.029152528179309,1.8179965856953073,-0.09598318173159182,-0.2554790455594124,0.026567115904576187,-0.050000000000000044,-0.15000000000000002,0.0,20
DV:Any | Cat:Any | JIF:Y | Cite:Any | Y15:Y | WoS:Multi,0.23079939540816063,-1.043274531911619,1.3289387884150126,-0.14621142167812018,-0.2806762389063033,-0.020628313728238527,0.04999999999999993,0.0,0.15000000000000002,20
DV:Any | Cat:Any | JIF:Y | Cite:Any | Y15:Y | WoS:Other,0.6895689862949084,-1.0079117090846479,2.291197642491419,-0.06533916871036993,-0.23282182057901632,0.07024584021000416,-0.050000000000000044,-0.3,0.2,20
DV:Any | Cat:Any | JIF:Y | Cite:Any | Y15:N | WoS:Any,0.1808034893749051,-2.295704081024792,2.426512601043545,-0.15620845772119457,-0.4133473219694473,0.05403416054670869,0.0,-0.29999999999999993,0.25,20
DV:Any | Cat:Any | JIF:Y | Cite:Any | Y15:N | WoS:Econ,0.3833171918858689,-1.9401982527077888,2.487837481146662,-0.13764083958676732,-0.4185345270950394,0.10998994885368987,-0.30000000000000004,-0.55,-0.04999999999999993,20
DV:Any | Cat:Any | JIF:Y | Cite:Any | Y15:N | WoS:Multi,-0.12810496493649914,-2.328088947736179,1.5989748523733271,-0.08046235569918703,-0.2758616723886206,0.11094673171830884,0.0,-0.20124999999999998,0.25,20
DV:Any | Cat:Any | JIF:Y | Cite:Any | Y15:N | WoS:Other,1.5744381198118385,-0.10422801510888494,3.045880596552423,-0.13237623429010903,-0.31218615930013316,0.007504120999239481,-0.09999999999999998,-0.29999999999999993,0.05124999999999891,20
DV:Any | Cat:Any | JIF:Y | Cite:Y | Y15:Any | WoS:Any,0.22770409788059265,-2.386513541516792,2.967651132273471,-0.11087024309837945,-0.42710931187140144,0.1643716484004337,-0.09999999999999998,-0.35,0.1499999999999999,20
DV:Any | Cat:Any | JIF:Y | Cite:Y | Y15:Any | WoS:Econ,0.11120803797229684,-2.231845917249078,2.318743476984885,-0.21182154208140086,-0.558661432275826,0.07246241678457127,-0.2,-0.45,0.050000000000000044,20
DV:Any | Cat:Any | JIF:Y | Cite:Y | Y15:Any | WoS:Multi,1.4134115779536076,0.23333488724610604,2.7413311024899962,-0.09862547341100936,-0.27303528984145703,0.028205421444008748,-0.050000000000000044,-0.15000000000000002,0.0,20
DV:Any | Cat:Any | JIF:Y | Cite:Y | Y15:Any | WoS:Other,5.93270539182858,2.6002549602566214,9.45982884411352,-0.14939790609298242,-0.4685466465290031,0.04361728273049896,-0.15000000000000002,-0.30000000000000004,0.0,20
DV:Any | Cat:Any | JIF:Y | Cite:Y | Y15:Y | WoS:Any,1.6195462596866816,0.11260633073945861,3.478159691421089,-0.045468612998766034,-0.19340395265375362,0.08269866824190956,-0.050000000000000044,-0.15000000000000002,0.0,20
DV:Any | Cat:Any | JIF:Y | Cite:Y | Y15:N | WoS:Any,-0.7452088869905555,-3.0783202707908757,1.2594620496634459,-0.03160838555203582,-0.24194746815212145,0.17639888037052195,-0.050000000000000044,-0.25,0.15000000000000002,20
DV:Any | Cat:Any | JIF:Y | Cite:N | Y15:Any | WoS:Any,-0.4833806778403993,-2.8460816327240273,1.3054156975730185,0.012695734255871671,-0.05711143861007956,0.10250858609151754,-0.050000000000000044,-0.4,0.29999999999999993,20
DV:Any | Cat:Any | JIF:Y | Cite:N | Y15:Any | WoS:Econ,0.5290287343823517,-1.9022459972041483,2.6759900109032784,-0.12825120524866673,-0.330908857038858,0.017494691732077926,-0.2,-0.49999999999999994,0.10000000000000003,20
DV:Any | Cat:Any | JIF:Y | Cite:N | Y15:Any | WoS:Multi,-0.047865170936066015,-1.9776347130204026,1.539167615766831,-0.09778471528335186,-0.29860124731341375,0.04531551284653449,0.0,-0.25,0.25,20
DV:Any | Cat:Any | JIF:Y | Cite:N | Y15:Any | WoS:Other,0.21704507173899756,-1.616313314463405,1.8299218124056753,-0.04291978857354062,-0.14811003151653845,0.05026976858786384,-0.050000000000000044,-0.35,0.24999999999999994,20
DV:Any | Cat:Any | JIF:Y | Cite:N | Y15:Y | WoS:Any,-0.397289582597816,-1.827954068890489,0.8484752682637481,-0.03873860681141539,-0.17389456475881215,0.07508182302169054,-0.050000000000000044,-0.25,0.10000000000000003,20
DV:Any | Cat:Any | JIF:Y | Cite:N | Y15:N | WoS:Any,0.04127465019568621,-1.9538051145675148,1.7334669395980336,-0.07633574283414479,-0.21523544349333718,0.04301907345925175,-0.050000000000000044,-0.35,0.24999999999999994,20
DV:Any | Cat:Any | JIF:N | Cite:Any | Y15:Any | WoS:Any,-0.19507851255735265,-1.9711232614412348,1.510897222518683,-0.007880068541578855,-0.19472919039332748,0.18653677855249406,-0.15000000000000002,-0.4,0.14999999999999997,20
DV:Any | Cat:Any | JIF:N | Cite:Any | Y15:Any | WoS:Econ,0.2645741169900049,-1.891489018590102,1.956680374364675,-0.07919799394424998,-0.25480586466911553,0.04079341610615676,-0.15000000000000002,-0.45000000000000007,0.19999999999999996,20
DV:Any | Cat:Any | JIF:N | Cite:Any | Y15:Any | WoS:Multi,0.5349978869186538,-1.5030945472842852,2.4453737655456855,-0.05454545639458419,-0.21547857665595171,0.07590623071255592,-0.25,-0.6000000000000001,0.10000000000000003,20
DV:Any | Cat:Any | JIF:N | Cite:Any | Y15:Any | WoS:Other,-0.3430325453623002,-1.8333025806488046,1.1169786563953459,-0.03086202530337112,-0.13971544093807692,0.061060902540462945,-0.050000000000000044,-0.30000000000000004,0.20000000000000007,20
DV:Any | Cat:Any | JIF:N | Cite:Any | Y15:Y | WoS:Any,0.3776620516632363,-1.6448234278618208,2.1520239115809034,-0.09027069709352642,-0.27916943426973906,0.03216927832511338,-0.2,-0.5,0.1499999999999999,20
DV:Any | Cat:Any | JIF:N | Cite:Any | Y15:Y | WoS:Econ,0.46444089008372735,-1.356760682259674,2.0634911995720917,-0.11638046118213108,-0.3302032607548357,0.012730202899698359,-0.09999999999999998,-0.35000000000000003,0.19999999999999996,20
DV:Any | Cat:Any | JIF:N | Cite:Any | Y15:Y | WoS:Multi,0.43178399490125763,-1.603828658963641,2.211255657543726,-0.07985688496246368,-0.2353035614763555,0.05944814397117979,-0.15000000000000002,-0.55,0.19999999999999996,20
DV:Any | Cat:Any | JIF:N | Cite:Any | Y15:Y | WoS:Other,0.20656049488632444,-1.285558221716132,1.85356267280855,-0.0941789994710539,-0.25322097885538575,0.07032365528822329,-0.09999999999999998,-0.39999999999999997,0.15124999999999889,20
DV:Any | Cat:Any | JIF:N | Cite:Any | Y15:N | WoS:Any,0.5283564859856691,-1.0287425023938703,1.994828033720311,-0.12967210851379685,-0.297414036915881,-0.037138103396132716,-0.15000000000000002,-0.35,0.04999999999999993,20
DV:Any | Cat:Any | JIF:N | Cite:Any | Y15:N | WoS:Econ,-0.38798592069762616,-2.095057738309957,1.2166912171069881,-0.01800784478720685,-0.18850777622383647,0.1515370678081781,0.0,-0.25,0.20124999999999893,20
DV:Any | Cat:Any | JIF:N | Cite:Any | Y15:N | WoS:Other,0.4424224579125493,-1.4410114544337334,2.244998588197867,-0.08640209463756032,-0.28602830807064095,0.0480078324823392,-0.050000000000000044,-0.15000000000000002,0.0,20
DV:Any | Cat:Any | JIF:N | Cite:Y | Y15:Any | WoS:Any,0.6934461117022579,-1.2882495232638262,2.4200115740474275,-0.14532333998635283,-0.31880213629712395,-0.03228752360583871,-0.2,-0.5,0.09999999999999998,20
DV:Any | Cat:Any | JIF:N | Cite:Y | Y15:Any | WoS:Econ,-0.3341653026571709,-2.744415471742861,1.568538300087408,-0.00034891689976490614,-0.10764267358873333,0.10826668776460278,0.0,-0.25,0.25124999999999886,20
DV:Any | Cat:Any | JIF:N | Cite:Y | Y15:Any | WoS:Other,-0.3622330138089005,-2.443454128814048,1.405933148811434,-0.0035873905514776094,-0.09305864838712555,0.0880044755628101,0.04999999999999993,-0.25,0.30000000000000004,20
DV:Any | Cat:Any | JIF:N | Cite:Y | Y15:N | WoS:Any,0.23458907581858313,-1.8014288416201976,2.063277608986707,-0.1330120633634606,-0.2909981431804531,-0.011257132922919803,-0.09999999999999998,-0.30124999999999996,0.14999999999999997,20
DV:Any | Cat:Any | JIF:N | Cite:N | Y15:Any | WoS:Any,0.44482635013745586,-1.4876838201082137,2.0708240689418367,-0.0922782350348278,-0.28282171812454787,0.028528007795784585,-0.25,-0.55,0.04999999999999999,20
DV:Any | Cat:Any | JIF:N | Cite:N | Y15:Any | WoS:Econ,0.517096635291864,-1.5286040881418972,2.2467723994795956,-0.10048759051412925,-0.2843141458044905,0.016413692708670297,-0.30000000000000004,-0.6,0.0,20
DV:Any | Cat:Any | JIF:N | Cite:N | Y15:Any | WoS:Other,-0.6148702247349211,-2.2719868750295213,1.0414838327205074,-0.04375107282097801,-0.13803702768823395,0.06287633046956947,0.0,-0.20000000000000007,0.25,20
DV:Any | Cat:Any | JIF:N | Cite:N | Y15:Y | WoS:Any,0.44482635013745586,-1.689731967948996,2.1061080112574757,-0.0922782350348278,-0.28004807259933573,0.028621374239922788,-0.25,-0.55,0.09999999999999998,20
DV:Any | Cat:Any | JIF:N | Cite:N | Y15:N | WoS:Any,0.28312434940552134,-1.2276197789526895,1.735626870078686,-0.12586873023808687,-0.3486093996491953,0.016774170272211224,-0.25,-0.45,-0.050000000000000044,20
DV:Any | Cat:E | JIF:Any | Cite:Any | Y15:Any | WoS:Econ,0.3531748369510934,-1.659061700485584,2.078063967690117,-0.09031456278124017,-0.2883740122576856,0.030684622790833883,-0.15000000000000002,-0.45,0.15000000000000002,20
DV:Any | Cat:E | JIF:Any | Cite:Any | Y15:Any | WoS:Multi,-0.5130958213350372,-2.0050687765070756,0.866968070637346,-0.020276200633116304,-0.09531088754665339,0.04639710452635065,0.04999999999999993,-0.10000000000000009,0.20124999999999893,20
DV:Any | Cat:E | JIF:Any | Cite:Any | Y15:Any | WoS:Other,0.738417331501525,-0.388925916658846,2.034776947690901,-0.07025862120004278,-0.23516542030381307,0.05059460183341798,-0.050000000000000044,-0.15000000000000002,0.0,20
DV:Any | Cat:E | JIF:Any | Cite:Any | Y15:Y | WoS:Any,0.5611767360069866,-1.3908663010489395,2.255431479795481,-0.10467115900847868,-0.27760535941462566,0.021910374214092573,-0.25,-0.55,0.050000000000000044,20
DV:Any | Cat:E | JIF:Any | Cite:Any | Y15:Y | WoS:Econ,0.44482635013745586,-1.6748867631029591,2.200752175036266,-0.0922782350348278,-0.265556832359208,0.02678204585716668,-0.25,-0.55,0.04999999999999999,20
DV:Any | Cat:E | JIF:Any | Cite:Any | Y15:Y | WoS:Multi,0.6003404317474965,-1.3855332643092548,2.2603116572950075,-0.07253363476451258,-0.22980930680663475,0.061189563109914955,0.0,-0.19999999999999996,0.20000000000000007,20
DV:Any | Cat:E | JIF:Any | Cite:Any | Y15:Y | WoS:Other,-0.3400959517468083,-1.6082442907944483,0.8575769034880651,0.005069417608762228,-0.05549095834097591,0.07745447449914822,-0.050000000000000044,-0.25,0.15000000000000002,20
DV:Any | Cat:E | JIF:Any | Cite:Any | Y15:N | WoS:Any,1.4421999039595006,-0.7254485321284997,3.5006795101151993,-0.290603596411287,-0.6350587526606756,-0.017038704268961483,-0.15000000000000002,-0.45,0.14999999999999997,20
DV:Any | Cat:E | JIF:Any | Cite:Any | Y15:N | WoS:Econ,1.960309073443102,-0.3486724879664039,3.990849326969615,-0.6159712468910019,-1.0164283234779241,-0.30797904086090166,-0.2,-0.5,0.09999999999999998,20
DV:Any | Cat:E | JIF:Any | Cite:Any | Y15:N | WoS:Multi,-0.10204806807484257,-2.1922339972879765,1.4247687908403879,-0.06141642172260631,-0.21999443767350133,0.057855059365767555,-0.050000000000000044,-0.25,0.15124999999999889,20
DV:Any | Cat:E | JIF:Any | Cite:Any | Y15:N | WoS:Other,1.1851069022761855,-0.7562871507334379,3.107624898488141,-0.003778266056731372,-0.18147966253327433,0.13892983900629405,-0.050000000000000044,-0.15000000000000002,0.0,20
DV:Any | Cat:E | JIF:Any | Cite:Y | Y15:Any | WoS:Any,0.520463914897678,-1.755310030514745,2.567585098592676,-0.24377162698758886,-0.5904050451771543,0.011387056306019248,-0.09999999999999998,-0.39999999999999997,0.15000000000000002,20
DV:Any | Cat:E | JIF:Any | Cite:Y | Y15:Any | WoS:Econ,1.2238817766781578,-0.8579779136297577,3.2687116564414813,-0.4468356378844486,-0.7878923552204048,-0.05765998946027948,-0.2,-0.5499999999999999,0.14999999999999997,20
DV:Any | Cat:E | JIF:Any | Cite:Y | Y15:Any | WoS:Multi,1.3560814155651935,-0.39629831632137685,3.4005981423191844,-0.1235270381470861,-0.3477758579981528,0.02539412236153757,0.0,-0.1499999999999999,0.15000000000000002,20
DV:Any | Cat:E | JIF:Any | Cite:Y | Y15:Any | WoS:Other,1.3327348571683055,-0.21970483582458736,3.0291266480960592,-0.0006426536732380139,-0.13930864568405593,0.12559717574113494,0.0,-0.15000000000000002,0.15000000000000002,20
DV:Any | Cat:E | JIF:Any | Cite:Y | Y15:Y | WoS:Any,1.51631994999014,0.05389861724555077,3.260479165518783,-0.11567309439496143,-0.2962102964667606,0.03454536212138685,-0.050000000000000044,-0.15000000000000002,0.0,20
DV:Any | Cat:E | JIF:Any | Cite:Y | Y15:N | WoS:Any,0.20206429382003943,-1.8100913994813277,2.1294155605306204,-0.22216731081065105,-0.5395011865688365,-0.0017090228942084735,-0.050000000000000044,-0.35000000000000003,0.20000000000000007,20
DV:Any | Cat:E | JIF:Any | Cite:N | Y15:Any | WoS:Any,0.3762543401727445,-1.6550631402775084,1.9829058783412616,-0.09657789257018445,-0.26746092937748284,0.022637847237809983,-0.15000000000000002,-0.44999999999999996,0.1499999999999999,20
DV:Any | Cat:E | JIF:Any | Cite:N | Y15:Any | WoS:Econ,0.31697943618752156,-1.9691233205004706,2.031530210312368,-0.08864983960899231,-0.2701260322009872,0.029421132624580706,-0.2,-0.45000000000000007,0.09999999999999998,20
DV:Any | Cat:E | JIF:Any | Cite:N | Y15:Any | WoS:Multi,0.010066959536594311,-2.432394465720896,1.9039783248901867,-0.06015349019386074,-0.22602820822289954,0.07199623882553628,0.0,-0.30000000000000004,0.30000000000000004,20
DV:Any | Cat:E | JIF:Any | Cite:N | Y15:Any | WoS:Other,-0.18388441534689637,-1.4910870822808306,0.9800659884935081,-0.033709405188307895,-0.1481131674794147,0.08864379414985767,0.09999999999999998,-0.09999999999999998,0.29999999999999993,20
DV:Any | Cat:E | JIF:Any | Cite:N | Y15:Y | WoS:Any,0.42055519953929377,-1.4927913470716823,2.12897735128225,-0.08703289737139996,-0.26483240349481135,0.02861929110368304,-0.2,-0.5,0.09999999999999998,20
DV:Any | Cat:E | JIF:Any | Cite:N | Y15:N | WoS:Any,0.29016426063707534,-1.2922572273141781,1.851702396382471,-0.15162634762799765,-0.4512261097437686,0.11126363740501766,0.04999999999999993,-0.15000000000000002,0.25,20
DV:Any | Cat:E | JIF:Y | Cite:Any | Y15:Any | WoS:Any,-0.8231164093326662,-2.7885709489528367,0.8825754757026459,-0.08028053869189833,-0.3210664871601526,0.18146341483549625,-0.09999999999999998,-0.30124999999999996,0.1499999999999999,20
DV:Any | Cat:E | JIF:Y | Cite:Any | Y15:Any | WoS:Econ,-0.2750182799653835,-2.370425723168583,1.9314236840618682,-0.22730146735711848,-0.5595955943570247,0.05564246511582852,-0.15000000000000002,-0.44999999999999996,0.1499999999999999,20
DV:Any | Cat:E | JIF:Y | Cite:Any | Y15:Any | WoS:Multi,0.9087810955412978,-0.5151930807491489,2.500329027907723,-0.11126227592375659,-0.299053399739306,0.010821828030997063,-0.050000000000000044,-0.15000000000000002,0.0,20
DV:Any | Cat:E | JIF:Y | Cite:Any | Y15:Any | WoS:Other,1.1670469306650757,0.20015254246602418,2.1448095546931683,-0.002299363282569078,-0.10454194579035439,0.06669483580815054,0.0,-0.1499999999999999,0.15000000000000002,20
DV:Any | Cat:E | JIF:Y | Cite:Any | Y15:Y | WoS:Any,1.1711908192201754,-0.5222908219888005,3.077132476505231,-0.1408826421342506,-0.32926425121619096,0.011074272283074523,-0.050000000000000044,-0.15000000000000002,0.0,20
DV:Any | Cat:E | JIF:Y | Cite:Any | Y15:N | WoS:Any,-0.750372494257852,-2.7748218699498,1.40553899391904,-0.07779739296357802,-0.31531783697903354,0.1750050567146645,-0.050000000000000044,-0.3,0.2,20
DV:Any | Cat:E | JIF:Y | Cite:Y | Y15:Any | WoS:Any,-1.0364827151970326,-2.7006374043674723,0.5999333835349316,-0.00092849786286342,-0.14626397406347683,0.18576713009238335,0.0,-0.2,0.20000000000000007,20
DV:Any | Cat:E | JIF:Y | Cite:N | Y15:Any | WoS:Any,0.14470950117408599,-2.2068514778615462,2.0166813926347507,-0.103110861731887,-0.3309383907144976,0.07503826703763082,0.04999999999999993,-0.09999999999999998,0.24999999999999994,20
DV:Any | Cat:E | JIF:N | Cite:Any | Y15:Any | WoS:Any,0.31697943618752156,-1.6710215617796171,1.991876302883156,-0.08864983960899231,-0.2645952482813342,0.03273716642545384,-0.2,-0.45000000000000007,0.09999999999999998,20
DV:Any | Cat:E | JIF:N | Cite:Any | Y15:Any | WoS:Econ,0.5601798432184015,-1.5473772336943243,2.4447609047955825,-0.10431639875472687,-0.29358545522989954,0.014451027712730494,-0.25,-0.55,0.050000000000000044,20
DV:Any | Cat:E | JIF:N | Cite:Any | Y15:Any | WoS:Other,-0.15061721435843012,-1.6098644590026523,1.2659550337938694,-0.10725409014331433,-0.2896638911386942,0.026836502136154374,-0.2,-0.4,0.04999999999999993,20
DV:Any | Cat:E | JIF:N | Cite:Any | Y15:Y | WoS:Any,0.44482635013745586,-1.6869296548145227,2.096634619099554,-0.0922782350348278,-0.2782088578251483,0.03131145056993442,-0.25,-0.55,0.050000000000000044,20
DV:Any | Cat:E | JIF:N | Cite:Any | Y15:N | WoS:Any,-0.5736256446662749,-2.5016684066565724,1.122154134727383,0.03977086847563882,-0.08480079274433633,0.18462559390086963,0.0,-0.30000000000000004,0.3,20
DV:Any | Cat:E | JIF:N | Cite:Y | Y15:Any | WoS:Any,0.8442395709533477,-1.4276309368547144,2.7673288893899324,-0.08511530004260559,-0.24984572919312878,0.05524583245820775,-0.09999999999999998,-0.44999999999999996,0.25,20
DV:Any | Cat:E | JIF:N | Cite:N | Y15:Any | WoS:Any,0.3776620516632363,-1.5688242855791812,2.1571217671819793,-0.09027069709352642,-0.289185577984927,0.032334669586012846,-0.2,-0.5,0.09999999999999998,20
DV:Any | Cat:T | JIF:Any | Cite:Any | Y15:Any | WoS:Econ,0.5112391423018368,-2.098980426415984,2.8597387285490274,-0.06186644874488845,-0.18086573639603062,0.07934475706145352,-0.09999999999999998,-0.44999999999999996,0.2,20
DV:Any | Cat:T | JIF:Any | Cite:Any | Y15:Any | WoS:Multi,1.7515851107210372,-0.23492973899908923,3.9141292544201978,-0.3139860747613262,-0.7168250399394845,0.02701830836698311,-0.2,-0.5,0.10000000000000003,20
DV:Any | Cat:T | JIF:Any | Cite:Any | Y15:Any | WoS:Other,1.1479581986021987,-1.1525000036252773,3.0627388320684092,-0.10390916354186797,-0.32242576854198535,0.05461127375940483,-0.09999999999999998,-0.35,0.10000000000000003,20
DV:Any | Cat:T | JIF:Any | Cite:Any | Y15:Y | WoS:Any,0.054064980981078925,-2.1367556658816844,2.0633825898506974,-0.06860273775038017,-0.2354106229646114,0.08523178115346279,-0.050000000000000044,-0.25,0.15000000000000002,20
DV:Any | Cat:T | JIF:Any | Cite:Any | Y15:Y | WoS:Econ,0.3097992054068559,-2.0698229050918946,2.664460975000479,-0.01762895697126554,-0.2468519824616764,0.1888526947359028,-0.09999999999999998,-0.3999999999999999,0.2,20
DV:Any | Cat:T | JIF:Any | Cite:Any | Y15:Y | WoS:Multi,0.5993184049239062,-1.4056347698893763,2.4308173973001663,-0.19397084585013313,-0.4097763862828191,-0.0370639515043764,-0.09999999999999998,-0.35,0.14999999999999997,20
DV:Any | Cat:T | JIF:Any | Cite:Any | Y15:Y | WoS:Other,-0.21981428491162625,-1.5787050527549822,0.9103028086738316,0.012630786171729524,-0.1368876445148562,0.124419221908469,-0.050000000000000044,-0.25000000000000006,0.15000000000000002,20
DV:Any | Cat:T | JIF:Any | Cite:Any | Y15:N | WoS:Any,0.9661582956227566,-0.6855282348057147,2.690387740981749,-0.18732642169461744,-0.39832914764830735,-0.02998306834642697,-0.2,-0.44999999999999996,0.0,20
DV:Any | Cat:T | JIF:Any | Cite:Any | Y15:N | WoS:Econ,0.4554570590496727,-1.5125068263216157,2.2409379328610153,-0.014955203642854298,-0.12307081568306101,0.07044886907267126,-0.2,-0.45125,0.09999999999999998,20
DV:Any | Cat:T | JIF:Any | Cite:Any | Y15:N | WoS:Multi,-0.011573147723003885,-1.769388472613079,1.7583799692151432,0.01117536727036561,-0.14370164015020598,0.16277275234080216,-0.15000000000000002,-0.44999999999999996,0.14999999999999997,20
DV:Any | Cat:T | JIF:Any | Cite:Any | Y15:N | WoS:Other,0.12226208149422835,-1.082338009787193,0.9931561512741901,-0.06655051958461333,-0.16003224030313362,0.025474918624755864,0.04999999999999993,-0.10000000000000009,0.24999999999999994,20
DV:Any | Cat:T | JIF:Any | Cite:Y | Y15:Any | WoS:Any,-0.329726258171509,-1.574798465815432,0.9368150877718264,-0.05443168351390937,-0.18476800529732948,0.09056263048017482,0.04999999999999993,0.0,0.15000000000000002,20
DV:Any | Cat:T | JIF:Any | Cite:Y | Y15:Any | WoS:Multi,0.9274565444644827,-0.4993535867582543,2.5998707489544577,-0.11092075235214427,-0.27167280696175655,0.009247334086870415,-0.050000000000000044,-0.15000000000000002,0.0,20
DV:Any | Cat:T | JIF:Any | Cite:Y | Y15:Any | WoS:Other,0.9043530010517786,-1.5383926893864526,2.9491560814934306,-0.12453670836462039,-0.30617049291407167,0.04491613173042899,-0.09999999999999998,-0.35000000000000003,0.19999999999999996,20
DV:Any | Cat:T | JIF:Any | Cite:Y | Y15:N | WoS:Any,0.5860236412226616,-1.2661294408837211,2.3717495436689817,-0.09554133798202968,-0.28957464236316816,0.05109155290261485,-0.050000000000000044,-0.20000000000000007,0.09999999999999998,20
DV:Any | Cat:T | JIF:Any | Cite:N | Y15:Any | WoS:Any,0.7090831535862039,-1.0996831687151702,2.2956362861563004,-0.169649803001435,-0.36917451765179593,0.011179956600055295,0.0,-0.25,0.25,20
DV:Any | Cat:T | JIF:Any | Cite:N | Y15:Any | WoS:Econ,0.38564629756347646,-2.031082090781036,2.369756613740143,-0.08119012451123697,-0.22248439148006843,0.015151841290401459,-0.15000000000000002,-0.45,0.19999999999999996,20
DV:Any | Cat:T | JIF:Any | Cite:N | Y15:Any | WoS:Multi,1.7678799932191813,-0.9175474774816134,4.257823703908344,-0.18396712386001746,-0.5026781474603629,0.048092306919972135,-0.25,-0.55,0.050000000000000044,20
DV:Any | Cat:T | JIF:Any | Cite:N | Y15:Any | WoS:Other,0.9389791654318156,-0.6908202980827469,2.5857161702887073,-0.17281817630847401,-0.398555599512044,0.01465343534590003,-0.09999999999999998,-0.35,0.1499999999999999,20
DV:Any | Cat:T | JIF:Any | Cite:N | Y15:Y | WoS:Any,1.146437695772196,-0.8924864036610695,2.9300425649679256,-0.10518179301634722,-0.2895068701040015,0.05941575703483657,-0.2,-0.4,0.0,20
DV:Any | Cat:T | JIF:Any | Cite:N | Y15:N | WoS:Any,0.8608390671807138,-1.6380890867457043,3.061634626304892,-0.049654098225090704,-0.21391452248756074,0.07478065853353327,-0.2,-0.5499999999999999,0.10000000000000003,20
DV:Any | Cat:T | JIF:Y | Cite:Any | Y15:Any | WoS:Any,0.23063774459160946,-1.4119101465072703,1.7055104810626887,-0.05683903302763915,-0.19946759061500485,0.055894014948541404,-0.09999999999999998,-0.4,0.2,20
DV:Any | Cat:T | JIF:Y | Cite:Any | Y15:Any | WoS:Multi,1.3801345980078041,-0.3655890457866927,2.8688480400661134,-0.1672266311399903,-0.37863194708830816,0.026838452506581817,-0.09999999999999998,-0.39999999999999997,0.20124999999999887,20
DV:Any | Cat:T | JIF:Y | Cite:Any | Y15:Any | WoS:Other,0.6472955491681498,-1.0329347329467178,2.316524545411283,-0.026862135082207694,-0.21582495176000513,0.1266609073848269,-0.050000000000000044,-0.35,0.25,20
DV:Any | Cat:T | JIF:Y | Cite:Any | Y15:Y | WoS:Any,0.306181806411467,-1.315568064891337,1.8664065446776685,-0.14366264881989155,-0.29670661391306874,0.010036099311486288,0.0,-0.25,0.25,20
DV:Any | Cat:T | JIF:Y | Cite:Any | Y15:N | WoS:Any,1.4142247582174194,-1.0697844077313592,3.7740406852530084,-0.16475166342591124,-0.4025046802562385,-0.012292807667280711,-0.2,-0.5,0.09999999999999998,20
DV:Any | Cat:T | JIF:Y | Cite:Y | Y15:Any | WoS:Any,-0.7707512525232092,-2.8397185348899554,1.0132084058562412,0.04095840024935382,-0.09921515722840647,0.20573171615436944,0.19999999999999996,-0.050000000000000044,0.44999999999999996,20
DV:Any | Cat:T | JIF:Y | Cite:N | Y15:Any | WoS:Any,0.22180172390713615,-1.4363111483759867,1.7782262678991625,-0.10441348554140373,-0.22230986472864528,0.008427662712331863,-0.09999999999999998,-0.35,0.1499999999999999,20
DV:Any | Cat:T | JIF:N | Cite:Any | Y15:Any | WoS:Any,0.004689863550440876,-1.717158905463974,1.6915869530230188,-0.10094923308042258,-0.2631756470314015,0.06775158123104566,0.0,-0.25,0.25,20
DV:Any | Cat:T | JIF:N | Cite:Any | Y15:Any | WoS:Econ,0.6280144188763579,-1.4394132922550351,2.789470128586027,-0.044286113930330884,-0.23449193576149346,0.14957617492279585,0.0,-0.30000000000000004,0.3,20
DV:Any | Cat:T | JIF:N | Cite:Any | Y15:Any | WoS:Other,0.2542937456975487,-0.953863299805248,1.3424219668142106,-0.13095088764556606,-0.2896381851521028,-0.005242902187204999,-0.09999999999999998,-0.3,0.09999999999999998,20
DV:Any | Cat:T | JIF:N | Cite:Any | Y15:Y | WoS:Any,-0.6592193510798978,-2.3745618879240817,0.9054449134272853,0.01797547919504716,-0.07963853713188368,0.10246629889151083,0.0,-0.19999999999999996,0.19999999999999996,20
DV:Any | Cat:T | JIF:N | Cite:Any | Y15:N | WoS:Any,0.9376668741426126,-1.1682697941682283,3.3375476475831647,-0.12925266377485523,-0.40418789519105963,0.09080367298361797,-0.050000000000000044,-0.20000000000000007,0.09999999999999998,20
DV:Any | Cat:T | JIF:N | Cite:Y | Y15:Any | WoS:Any,1.2724786524395597,-1.0146264574772077,3.4370819812054645,-0.06076052599905579,-0.31731569628530043,0.1739404404967482,-0.050000000000000044,-0.15000000000000002,0.0,20
DV:Any | Cat:T | JIF:N | Cite:N | Y15:Any | WoS:Any,0.577734186043636,-1.4432996997097036,2.5236377083610004,-0.15634233753290155,-0.31603625333775226,-0.020951405168406767,-0.050000000000000044,-0.35,0.25,20
DV:Any | Cat:R | JIF:Any | Cite:Any | Y15:Any | WoS:Other,-0.38237825832480077,-2.389542082983674,1.354327841493224,0.05249060011022266,-0.062010603221133144,0.19650568476140381,0.15000000000000002,-0.15000000000000002,0.44999999999999996,20
DV:Any | Cat:R | JIF:Any | Cite:Any | Y15:Y | WoS:Any,2.32806290804091,-0.2318798651353296,4.671967483867151,-0.025289670372169115,-0.1920163791851589,0.0997376444280844,-0.25,-0.6499999999999999,0.14999999999999997,20
DV:Any | Cat:R | JIF:Any | Cite:Any | Y15:Y | WoS:Other,0.34548523871082004,-1.8975891779187697,2.1895311538885682,-0.12449593777661039,-0.3396143758801332,0.05443052590234,0.0,-0.19999999999999996,0.19999999999999996,20
DV:Any | Cat:R | JIF:Any | Cite:Any | Y15:N | WoS:Any,0.678534261398144,-1.4941623169993192,2.5360728933687176,-0.032650054169179765,-0.16243897532253818,0.11181212227128262,0.0,-0.35000000000000003,0.35,20
DV:Any | Cat:R | JIF:Any | Cite:Any | Y15:N | WoS:Other,1.1538974878290222,-1.2220805950650915,3.4950368740209004,-0.12649161446415103,-0.35407523934179663,0.036045487223034994,-0.050000000000000044,-0.35,0.2,20
DV:Any | Cat:R | JIF:Any | Cite:N | Y15:Any | WoS:Any,1.8121204221090705,-0.9134944187027517,4.179538430362955,-0.09854351147053497,-0.2825070157881547,0.04641582945762079,-0.15000000000000002,-0.55,0.24999999999999994,20
DV:Any | Cat:R | JIF:Any | Cite:N | Y15:Any | WoS:Other,0.21436794882206378,-1.5423863748070163,1.716633550188549,0.0023218241867397627,-0.15906958739961077,0.16359898024092598,0.19999999999999996,-0.050000000000000044,0.44999999999999996,20
DV:Any | Cat:R | JIF:Any | Cite:N | Y15:Y | WoS:Any,2.021597469533366,-0.7092481810601685,4.394960216423119,0.027142660504182348,-0.13086940738451872,0.15889363983503,-0.09999999999999998,-0.45000000000000007,0.3,20
DV:Any | Cat:R | JIF:Any | Cite:N | Y15:N | WoS:Any,0.7186074490214258,-1.056191478851822,2.3524432953601444,-0.10280605520925967,-0.35777931499024285,0.11046899458146667,-0.15000000000000002,-0.45,0.1499999999999999,20
DV:Any | Cat:R | JIF:Y | Cite:Any | Y15:Any | WoS:Any,-0.36779424978474573,-1.597725744898179,0.8289308744593108,0.055784341431082796,-0.07174563810570797,0.19162116377931157,0.0,-0.25,0.25,20
DV:Any | Cat:R | JIF:Y | Cite:Any | Y15:Any | WoS:Other,-0.5232806413585296,-2.1859266940311692,1.1480541451407074,0.07950006555860722,-0.03231944936719477,0.2533662196247163,0.04999999999999993,-0.20124999999999998,0.35,20
DV:Any | Cat:R | JIF:Y | Cite:Any | Y15:N | WoS:Any,0.24856050040594546,-1.770977528340134,1.9673443384507079,0.04620519601196349,-0.038575586853593406,0.1526166434333652,0.0,-0.25,0.29999999999999993,20
DV:Any | Cat:R | JIF:Y | Cite:N | Y15:Any | WoS:Any,-0.6302294013539624,-2.277077921555025,1.1908043657406822,0.10114324920419271,-0.02408222980282122,0.3084177373082365,0.0,-0.3,0.30000000000000004,20
DV:Any | Cat:R | JIF:N | Cite:Any | Y15:Any | WoS:Any,0.897423569718824,-1.7278937062801072,3.805684383178026,-0.06287982019623961,-0.45619393442162737,0.33677624925263017,0.0,-0.30000000000000004,0.3,20
DV:Any | Cat:R | JIF:N | Cite:Any | Y15:Any | WoS:Other,1.3005151725541646,-0.783475182465722,3.2173697802472,-0.23763278294799295,-0.5074205157706437,-0.030786030116819983,-0.2,-0.5,0.14999999999999997,20
DV:Any | Cat:R | JIF:N | Cite:Any | Y15:Y | WoS:Any,2.498625407013134,-0.019119017845481038,4.943954147140438,-0.1200314648680143,-0.32287462348844276,0.021118896975736615,-0.2,-0.55125,0.2,20
DV:Any | Cat:R | JIF:N | Cite:Any | Y15:N | WoS:Any,-0.24829670046022567,-2.4464185326990924,1.3393218296028322,-0.04398030479630188,-0.2309869185464071,0.1258300981871249,0.04999999999999993,-0.20000000000000007,0.30000000000000004,20
DV:Any | Cat:R | JIF:N | Cite:N | Y15:Any | WoS:Any,2.011922656430351,-0.28504394145330064,4.105373668635204,-0.2863609532916756,-0.5337374577972145,-0.048700510088936305,-0.2,-0.55,0.19999999999999996,20
DV:Y | Cat:Any | JIF:Any | Cite:Any | Y15:Any | WoS:Econ,0.5878169526494128,-1.5636266178495422,2.4253221915642422,-0.10795600636069513,-0.34258155384986816,0.05930244124812422,-0.35000000000000003,-0.65,0.0,20
DV:Y | Cat:Any | JIF:Any | Cite:Any | Y15:Any | WoS:Multi,0.7596799969152839,-0.5112158540478526,2.343389000860559,-0.10973770587466714,-0.30740924116457896,0.0016515280135405012,-0.050000000000000044,-0.15000000000000002,0.0,20
DV:Y | Cat:Any | JIF:Any | Cite:Any | Y15:Any | WoS:Other,0.16707493125331485,-1.5198568290715344,1.6350890220575507,-0.028606903854098586,-0.13712233002316035,0.05778882060357388,0.09999999999999998,-0.09999999999999998,0.30000000000000004,20
DV:Y | Cat:Any | JIF:Any | Cite:Any | Y15:Y | WoS:Any,0.4396651343695419,-1.52446282326549,2.1030377098579636,-0.11170861005644339,-0.3074791150351372,0.014948206180943854,-0.2,-0.45,0.050000000000000044,20
DV:Y | Cat:Any | JIF:Any | Cite:Any | Y15:Y | WoS:Econ,0.36723648595522196,-1.6563997310377323,2.086507678784683,-0.09034451323699078,-0.28549037724617576,0.027115132569857918,-0.2,-0.5,0.10000000000000003,20
DV:Y | Cat:Any | JIF:Any | Cite:Any | Y15:Y | WoS:Multi,1.0387339949979726,-0.5291291869928303,3.0835351284343733,-0.08030517797074255,-0.2501533789659777,0.05657667268945616,-0.050000000000000044,-0.15000000000000002,0.0,20
DV:Y | Cat:Any | JIF:Any | Cite:Any | Y15:Y | WoS:Other,0.5022110155303556,-0.7893911457359815,1.7829282165187477,-0.04989740105780627,-0.2196466062085871,0.05090303710318762,-0.09999999999999998,-0.25,0.0,20
DV:Y | Cat:Any | JIF:Any | Cite:Any | Y15:N | WoS:Any,0.6046005514511688,-1.636758455633954,2.539962719863647,-0.07185364385898874,-0.2932486970284492,0.0814556717598685,-0.25,-0.5,0.04999999999999993,20
DV:Y | Cat:Any | JIF:Any | Cite:Any | Y15:N | WoS:Econ,-0.9147728106970563,-2.9013043706642243,0.9411012381582397,0.04289926131543553,-0.17300207295534958,0.2603326289503293,0.04999999999999993,-0.19999999999999996,0.30000000000000004,20
DV:Y | Cat:Any | JIF:Any | Cite:Any | Y15:N | WoS:Multi,-0.06597086476339165,-1.6563939068835394,1.3071897688688778,-0.09837252385578477,-0.24312745555818158,0.031018283044678144,-0.050000000000000044,-0.3,0.15124999999999889,20
DV:Y | Cat:Any | JIF:Any | Cite:Any | Y15:N | WoS:Other,-0.2305939749414172,-2.079141239372303,1.2834200870719397,-0.02033831083764359,-0.08040737321691087,0.07263546185197389,0.04999999999999993,-0.20000000000000007,0.30000000000000004,20
DV:Y | Cat:Any | JIF:Any | Cite:Y | Y15:Any | WoS:Any,-0.23955447699897192,-2.145798146399703,1.7221226182917684,-0.12089599449193433,-0.3950678388601871,0.13960173170061854,-0.050000000000000044,-0.30000000000000004,0.2,20
DV:Y | Cat:Any | JIF:Any | Cite:Y | Y15:Any | WoS:Econ,-0.5361691026253581,-2.831118469527954,1.7836135927022079,-0.018754547462360494,-0.21244234447690075,0.22399916063222364,-0.050000000000000044,-0.35,0.25,20
DV:Y | Cat:Any | JIF:Any | Cite:Y | Y15:Any | WoS:Multi,1.1396400104432418,-0.48805157784066944,2.9447786467455814,-0.08086951344969473,-0.23865951834859395,0.038470294522884495,-0.050000000000000044,-0.15000000000000002,0.0,20
DV:Y | Cat:Any | JIF:Any | Cite:Y | Y15:N | WoS:Any,-0.9029179097065088,-2.8700910160682938,1.0709759731012019,-0.013662801490226917,-0.3053061139033154,0.23438906207936733,-0.050000000000000044,-0.35,0.19999999999999996,20
DV:Y | Cat:Any | JIF:Any | Cite:N | Y15:Any | WoS:Any,0.42744673953524437,-1.50673392475775,2.114280351140212,-0.10601249624954423,-0.293850607470018,0.020382291983644493,-0.15000000000000002,-0.45000000000000007,0.15000000000000002,20
DV:Y | Cat:Any | JIF:Any | Cite:N | Y15:Any | WoS:Econ,0.44482635013745586,-1.596616358654515,2.155915159051521,-0.0922782350348278,-0.27100568089341837,0.03051959423371814,-0.25,-0.55,0.04999999999999999,20
DV:Y | Cat:Any | JIF:Any | Cite:N | Y15:Any | WoS:Multi,0.47869157820027564,-1.8307980729510154,2.5221929133006733,-0.1316068140851997,-0.3709481262486276,0.092756095124736,0.04999999999999993,-0.25,0.35,20
DV:Y | Cat:Any | JIF:Any | Cite:N | Y15:Any | WoS:Other,-0.905133014258996,-2.4047880874678467,0.4694471323440487,0.017994557958640578,-0.08670972379402479,0.14871184001757917,0.04999999999999993,-0.10000000000000003,0.20000000000000007,20
DV:Y | Cat:Any | JIF:Any | Cite:N | Y15:Y | WoS:Any,0.31697943618752156,-1.7101800453563085,1.9381229511505116,-0.08864983960899231,-0.27209481949062847,0.03275981548364858,-0.2,-0.5,0.09999999999999998,20
DV:Y | Cat:Any | JIF:Any | Cite:N | Y15:N | WoS:Any,0.4554944883484682,-1.7761833653590815,2.243037803777129,-0.10126085597699375,-0.2850833345492773,0.04374544268925778,0.04999999999999993,-0.25,0.35,20
DV:Y | Cat:Any | JIF:Y | Cite:Any | Y15:Any | WoS:Any,0.6988166954263058,-1.5592273142707427,2.6386062699182573,-0.2734314708331127,-0.6733764843710016,0.07872039408673426,-0.050000000000000044,-0.30000000000000004,0.2,20
DV:Y | Cat:Any | JIF:Y | Cite:Any | Y15:Any | WoS:Econ,0.18756527011125623,-1.958914471889198,2.575428755174143,-0.22740266602557835,-0.5797902961913869,0.07190899780807576,-0.15000000000000002,-0.44999999999999996,0.15000000000000002,20
DV:Y | Cat:Any | JIF:Y | Cite:Any | Y15:Any | WoS:Multi,2.3149743148731323,0.5806210445553155,4.029423367047428,-0.09804817721761161,-0.2700716839274175,0.04147532457839823,-0.050000000000000044,-0.15000000000000002,0.0,20
DV:Y | Cat:Any | JIF:Y | Cite:Any | Y15:Any | WoS:Other,1.5339092106719265,-0.06078953395523232,3.1423689437849878,-0.062029676075118334,-0.2447739116314155,0.04858569092427538,0.04999999999999993,-0.09999999999999998,0.24999999999999994,20
DV:Y | Cat:Any | JIF:Y | Cite:Any | Y15:Y | WoS:Any,1.4344707247180937,-0.1417419362822988,3.139569867941136,-0.09735463663821109,-0.24910177090555688,0.02848150593372925,-0.050000000000000044,-0.15000000000000002,0.0,20
DV:Y | Cat:Any | JIF:Y | Cite:Any | Y15:N | WoS:Any,0.07460907600169797,-1.8768543633117276,1.8553649978955384,-0.04780183158868545,-0.3851304315658172,0.15760740172738819,-0.15000000000000002,-0.4,0.09999999999999998,20
DV:Y | Cat:Any | JIF:Y | Cite:Y | Y15:Any | WoS:Any,-0.5454051162365152,-2.349903487087508,1.1035571026910223,-0.06577981361168661,-0.30761428407086666,0.13284940926042008,-0.09999999999999998,-0.30000000000000004,0.10000000000000003,20
DV:Y | Cat:Any | JIF:Y | Cite:N | Y15:Any | WoS:Any,0.33954662061376695,-1.3191147387886482,1.7756248217915245,-0.09387190245549448,-0.2539123310572409,0.017325807665309754,0.0,-0.25,0.24999999999999994,20
DV:Y | Cat:Any | JIF:N | Cite:Any | Y15:Any | WoS:Any,0.7335669121725088,-1.1258669400107504,2.279538889641428,-0.16229248924076628,-0.34778550823526494,-0.01402808939229935,-0.30000000000000004,-0.6,0.0,20
DV:Y | Cat:Any | JIF:N | Cite:Any | Y15:Any | WoS:Econ,0.7875605441736218,-1.0286715581352421,2.4825719015570136,-0.13362429152984812,-0.36851923031937833,0.00337830663998803,-0.35000000000000003,-0.6499999999999999,-0.04999999999999999,20
DV:Y | Cat:Any | JIF:N | Cite:Any | Y15:Any | WoS:Other,0.21093199298938892,-1.7804220934870114,2.008207679378076,-0.09847317360541374,-0.29911117537033405,0.04514519088692462,0.0,-0.19999999999999996,0.19999999999999996,20
DV:Y | Cat:Any | JIF:N | Cite:Any | Y15:Y | WoS:Any,0.44482635013745586,-1.7300524649989097,2.0937578776295993,-0.0922782350348278,-0.27802388447456367,0.026590408878146975,-0.25,-0.55,0.050000000000000044,20
DV:Y | Cat:Any | JIF:N | Cite:Any | Y15:N | WoS:Any,0.7302713425042491,-1.3350549196066477,2.8173882694049497,-0.15788169087983406,-0.40201448201690143,-0.01568102323154849,-0.15000000000000002,-0.45,0.15000000000000002,20
DV:Y | Cat:Any | JIF:N | Cite:Y | Y15:Any | WoS:Any,0.4976041780112661,-1.731078384040775,2.344284390063963,-0.04722467151316645,-0.19303586605593312,0.07357341062779583,-0.09999999999999998,-0.39999999999999997,0.15000000000000002,20
DV:Y | Cat:Any | JIF:N | Cite:N | Y15:Any | WoS:Any,0.3776620516632363,-1.573227493199756,1.9990439651425516,-0.09027069709352642,-0.27335634169717893,0.024986101358676824,-0.2,-0.5,0.09999999999999998,20
DV:Y | Cat:E | JIF:Any | Cite:Any | Y15:Any | WoS:Econ,0.40436054684505685,-1.670886370960397,2.1380053504954644,-0.08266880375347474,-0.26116633301950015,0.05076520706667145,-0.2,-0.5499999999999999,0.15000000000000002,20
DV:Y | Cat:E | JIF:Any | Cite:Any | Y15:Any | WoS:Multi,0.7555584480913184,-1.1463298549437158,2.4640281850062,-0.14332311959428917,-0.3243105310590635,0.02269006624580169,0.0,-0.15000000000000002,0.15000000000000002,20
DV:Y | Cat:E | JIF:Any | Cite:Any | Y15:Any | WoS:Other,0.7897353567927938,-0.5311242315937669,2.3079449128157914,-0.08214751678223642,-0.24880710714155727,0.042819437457946884,-0.050000000000000044,-0.15000000000000002,0.0,20
DV:Y | Cat:E | JIF:Any | Cite:Any | Y15:Y | WoS:Any,0.3891097421884169,-1.525388502768227,2.0070459577315365,-0.09672000444716977,-0.27950548622530647,0.025092783395816668,-0.2,-0.5,0.050000000000000044,20
DV:Y | Cat:E | JIF:Any | Cite:Any | Y15:N | WoS:Any,0.10191255694358681,-2.1579505745225998,2.173357856521093,-0.11634749207751138,-0.3757871123231967,0.09899552449108956,-0.09999999999999998,-0.35,0.15000000000000002,20
DV:Y | Cat:E | JIF:Any | Cite:Y | Y15:Any | WoS:Any,-0.2704025399817285,-2.3501422981417326,1.7817002075131476,-0.06416888129302245,-0.31144103511994686,0.17610184377160687,0.0,-0.25,0.25,20
DV:Y | Cat:E | JIF:Any | Cite:N | Y15:Any | WoS:Any,0.44482635013745586,-1.7565388058572053,2.1214359395894835,-0.0922782350348278,-0.27421534791661395,0.02167213826746962,-0.25,-0.5,0.09999999999999998,20
DV:Y | Cat:E | JIF:Y | Cite:Any | Y15:Any | WoS:Any,-0.026699432569238013,-2.274938265780071,1.9934861732543132,-0.13010408452074007,-0.3875165400262194,0.10307192743877036,-0.050000000000000044,-0.25,0.15000000000000002,20
DV:Y | Cat:E | JIF:N | Cite:Any | Y15:Any | WoS:Any,0.44482635013745586,-1.5776854227744035,2.0793992523100417,-0.0922782350348278,-0.28349858457848753,0.030472735520700595,-0.25,-0.55,0.050000000000000044,20
DV:Y | Cat:T | JIF:Any | Cite:Any | Y15:Any | WoS:Econ,-0.6275054562565714,-2.745195499945091,1.301711332015583,-0.0043385528073814905,-0.17213815589622472,0.20045146526465066,0.04999999999999993,-0.19999999999999996,0.30000000000000004,20
DV:Y | Cat:T | JIF:Any | Cite:Any | Y15:Any | WoS:Multi,1.8682014703247587,0.03619245725351094,3.6351517915275653,-0.18567038732965208,-0.43888378469596545,0.06888621655104615,-0.25,-0.6000000000000001,0.10000000000000003,20
DV:Y | Cat:T | JIF:Any | Cite:Any | Y15:Any | WoS:Other,0.20797931573406103,-1.2780889430918523,1.6444344935168373,-0.06858735178017339,-0.22507583520858954,0.05394724600741793,0.0,-0.15000000000000002,0.15000000000000002,20
DV:Y | Cat:T | JIF:Any | Cite:Any | Y15:Y | WoS:Any,-0.7258592242390272,-2.358261319648307,0.598475293716328,-0.011726361788910178,-0.13749411781559134,0.10392445499938137,0.09999999999999998,-0.09999999999999998,0.30000000000000004,20
DV:Y | Cat:T | JIF:Any | Cite:Any | Y15:N | WoS:Any,2.0826065561741975,-0.5245041299271366,4.697594137568859,-0.19787952498570888,-0.4594085820788372,-0.01118310387697578,-0.4,-0.65,-0.10000000000000003,20
DV:Y | Cat:T | JIF:Any | Cite:N | Y15:Any | WoS:Any,0.31726948908371266,-2.0065967493326773,2.3062181182444914,-0.08554844140471785,-0.20029493954191954,0.02504214535941871,-0.2,-0.5,0.09999999999999998,20
DV:Y | Cat:T | JIF:Y | Cite:Any | Y15:Any | WoS:Any,0.7666365993988071,-2.428093294782029,3.2602557953229256,-0.07425786281347324,-0.28138364018063194,0.09718624606487476,-0.09999999999999998,-0.4,0.19999999999999996,20
DV:Y | Cat:T | JIF:N | Cite:Any | Y15:Any | WoS:Any,-0.2927200761173525,-1.8144627720642887,1.1275258115527622,-0.0679491810166648,-0.21927599271979673,0.0496350393048525,-0.09999999999999998,-0.35,0.14999999999999997,20
DV:N | Cat:Any | JIF:Any | Cite:Any | Y15:Any | WoS:Econ,0.20182256392585973,-1.3676866093329152,1.7968452482260842,-0.06722682971585092,-0.2056913891669096,0.027032394347599943,-0.15000000000000002,-0.4,0.09999999999999998,20
DV:N | Cat:Any | JIF:Any | Cite:Any | Y15:Any | WoS:Multi,0.2339763466433693,-1.6208542464452578,2.052176947278978,-0.07187433082193473,-0.17453743909579467,-0.003577572577217567,-0.30000000000000004,-0.65,0.050000000000000044,20
DV:N | Cat:Any | JIF:Any | Cite:Any | Y15:Any | WoS:Other,1.9933010439368006,-1.0588333099150236,4.740470970067766,-0.23518731119073877,-0.482229796255658,0.008004876773166157,-0.050000000000000044,-0.4,0.30000000000000004,20
DV:N | Cat:Any | JIF:Any | Cite:Any | Y15:Y | WoS:Any,0.841169690532876,-1.3123383061324545,2.669013628926481,-0.2012243153552526,-0.45888367983996486,-0.005345884539520499,-0.2,-0.5,0.09999999999999998,20
DV:N | Cat:Any | JIF:Any | Cite:Any | Y15:Y | WoS:Econ,-1.0978483221878266,-2.971629019890574,0.6963097828426806,0.07824385809836798,-0.07786741357601827,0.3066346462200203,-0.050000000000000044,-0.35,0.29999999999999993,20
DV:N | Cat:Any | JIF:Any | Cite:Any | Y15:Y | WoS:Multi,0.2782045086527516,-1.896481742970936,2.0522605037570365,-0.09081917179759769,-0.21967621273605417,0.0024787705103040962,-0.15000000000000002,-0.5,0.20000000000000007,20
DV:N | Cat:Any | JIF:Any | Cite:Any | Y15:Y | WoS:Other,0.26228080497460393,-1.4102459592403382,1.8497736489469072,-0.013076323298398695,-0.17422616877775907,0.08511995613192994,-0.050000000000000044,-0.25,0.19999999999999996,20
DV:N | Cat:Any | JIF:Any | Cite:Any | Y15:N | WoS:Any,0.41459086504101617,-1.6367207228649938,2.218025344288489,-0.0973344081225549,-0.2718871723122644,0.014490572224324118,-0.09999999999999998,-0.35,0.14999999999999997,20
DV:N | Cat:Any | JIF:Any | Cite:Any | Y15:N | WoS:Econ,0.18435441546092868,-1.1400157857295417,1.432639896657566,-0.0864525920948862,-0.19874665945978162,-0.007903610076071845,-0.15000000000000002,-0.35,0.0,20
DV:N | Cat:Any | JIF:Any | Cite:Any | Y15:N | WoS:Multi,0.7868334023965193,-0.5442881265487735,2.3278600510975704,-0.12387088803276669,-0.34498135673678365,0.02013866908762373,-0.09999999999999998,-0.25,0.0,20
DV:N | Cat:Any | JIF:Any | Cite:Any | Y15:N | WoS:Other,1.9303468678682352,-0.8112746756473967,4.566571068616245,-0.18085435565982694,-0.5426439239995391,0.07321080388779923,-0.2,-0.6,0.20124999999999887,20
DV:N | Cat:Any | JIF:Any | Cite:Y | Y15:Any | WoS:Any,1.54127990111997,-0.7957671513274046,3.690925886296875,-0.18920213534929542,-0.40310254596895506,-0.04034090521823184,-0.2,-0.45,0.0,20
DV:N | Cat:Any | JIF:Any | Cite:Y | Y15:Any | WoS:Econ,0.4524950988563914,-1.1295447437434345,1.8738022989343086,-0.0982858541809245,-0.29700520219924903,0.017140674751401616,-0.25,-0.45000000000000007,-0.04875000000000107,20
DV:N | Cat:Any | JIF:Any | Cite:Y | Y15:Any | WoS:Multi,0.6454376314797017,-1.8362546072720698,2.4634451369693973,-0.13903551763213529,-0.4096920644172792,0.020724593441336245,-0.050000000000000044,-0.3,0.15000000000000002,20
DV:N | Cat:Any | JIF:Any | Cite:Y | Y15:Any | WoS:Other,1.6792674241996606,-1.9009742396718463,4.995551970194799,-0.11513938505765853,-0.3809083943412724,0.08397777853145073,-0.09999999999999998,-0.45000000000000007,0.25,20
DV:N | Cat:Any | JIF:Any | Cite:Y | Y15:Y | WoS:Any,-0.361290082880827,-2.3560335666042054,1.7359578042273065,-0.02015720536662724,-0.2528974830193497,0.19630436326398534,0.04999999999999993,-0.15000000000000002,0.25,20
DV:N | Cat:Any | JIF:Any | Cite:Y | Y15:N | WoS:Any,1.0444803688717075,-1.4388339094556473,3.2996445295347288,-0.14364676959700834,-0.33979418560464525,-0.004566595152810947,-0.25,-0.5,0.04999999999999993,20
DV:N | Cat:Any | JIF:Any | Cite:N | Y15:Any | WoS:Any,-0.056881153594645184,-2.4780169730972275,2.2955610122355674,-0.06337826246592959,-0.25449564883643705,0.06154363472713993,0.04999999999999993,-0.25,0.35,20
DV:N | Cat:Any | JIF:Any | Cite:N | Y15:Any | WoS:Econ,0.602489360638045,-0.6217865895944699,1.9559031825171092,-0.20719628887911218,-0.4795578351144217,0.09139246183896613,-0.09999999999999998,-0.35,0.15000000000000002,20
DV:N | Cat:Any | JIF:Any | Cite:N | Y15:Any | WoS:Multi,0.3752190954355479,-1.7125751867735841,2.172022019025822,-0.0752425201808754,-0.20979926889187214,0.018079085452536392,-0.25,-0.55,0.10000000000000003,20
DV:N | Cat:Any | JIF:Any | Cite:N | Y15:Any | WoS:Other,1.4043115869536669,-0.417366412807252,3.0779159560608087,-0.23186300290485512,-0.5197935305512064,0.08348718517626645,-0.15000000000000002,-0.5,0.24999999999999994,20
DV:N | Cat:Any | JIF:Any | Cite:N | Y15:Y | WoS:Any,-0.4849144427085319,-2.07914620029748,0.8894278006457056,-0.027773858512467164,-0.1400202593733725,0.06303010518720906,0.15000000000000002,-0.050000000000000044,0.35,20
DV:N | Cat:Any | JIF:Any | Cite:N | Y15:N | WoS:Any,0.9358899735806654,-0.7576409168082373,2.363161296244228,-0.23490287702216334,-0.4438113868007941,-0.054213953753038086,-0.09999999999999998,-0.35,0.15000000000000002,20
DV:N | Cat:Any | JIF:Y | Cite:Any | Y15:Any | WoS:Any,0.5806579873360462,-1.2346880750762192,2.1888232400334076,-0.1113588120311173,-0.2981695613149804,-0.0010237540910671796,-0.25,-0.55,0.050000000000000044,20
DV:N | Cat:Any | JIF:Y | Cite:Any | Y15:Any | WoS:Econ,0.23837728297239824,-0.8622335488361108,1.3384153495456206,-0.05824518496798958,-0.1911891568626779,0.031219558247867946,-0.050000000000000044,-0.25000000000000006,0.15000000000000002,20
DV:N | Cat:Any | JIF:Y | Cite:Any | Y15:Any | WoS:Multi,0.2742078576134226,-1.7842205387751198,2.087549650911862,-0.06710608601594581,-0.18262303369906702,0.03471206073707376,-0.15000000000000002,-0.5,0.25,20
DV:N | Cat:Any | JIF:Y | Cite:Any | Y15:Any | WoS:Other,0.900937426062927,-1.426242721303131,3.0699203074656025,-0.10677290659819139,-0.2886879797196808,0.02808351155369835,-0.050000000000000044,-0.25,0.15000000000000002,20
DV:N | Cat:Any | JIF:Y | Cite:Any | Y15:Y | WoS:Any,0.3608713196923201,-1.24858592108764,2.137220034880784,-0.07737194065924058,-0.22690690925905077,0.025380689598829283,-0.15000000000000002,-0.45,0.14999999999999997,20
DV:N | Cat:Any | JIF:Y | Cite:Any | Y15:N | WoS:Any,0.6554070500048166,-0.9545069119140344,2.1318339124893617,-0.11618644125444966,-0.26495718156922193,-0.018997209061225435,-0.15000000000000002,-0.35000000000000003,0.050000000000000044,20
DV:N | Cat:Any | JIF:Y | Cite:Y | Y15:Any | WoS:Any,1.173903227542267,-1.3013929151866959,3.357504031555008,-0.20600920028619812,-0.4147051508546219,-0.029787732025637347,-0.15000000000000002,-0.39999999999999997,0.050000000000000044,20
DV:N | Cat:Any | JIF:Y | Cite:N | Y15:Any | WoS:Any,-0.4828049268142358,-2.3692968956220724,1.289692627329466,0.0006235770353687498,-0.13221508269505672,0.12525874871673232,-0.09999999999999998,-0.30000000000000004,0.1499999999999999,20
DV:N | Cat:Any | JIF:N | Cite:Any | Y15:Any | WoS:Any,0.6672390473144798,-0.6574551217912279,2.2102847821500164,-0.14474023764763655,-0.3683404656152015,0.1139486689599424,-0.09999999999999998,-0.35000000000000003,0.15000000000000002,20
DV:N | Cat:Any | JIF:N | Cite:Any | Y15:Any | WoS:Econ,-0.5034114872662414,-2.1217351778818645,1.17222226053075,-0.008158037777034277,-0.13009740067680536,0.16760320802049772,0.09999999999999998,0.0,0.25,20
DV:N | Cat:Any | JIF:N | Cite:Any | Y15:Any | WoS:Multi,0.1369507293291523,-1.6603530768128423,2.034076467269115,0.01532391166806879,-0.13778104010398967,0.1723432312138244,0.0,-0.15000000000000002,0.15000000000000002,20
DV:N | Cat:Any | JIF:N | Cite:Any | Y15:Any | WoS:Other,1.390108429525882,-1.2505321689828333,3.663364564157328,-0.1324004771284587,-0.32214474370958357,-0.0033126675743596645,-0.30000000000000004,-0.7,0.050000000000000044,20
DV:N | Cat:Any | JIF:N | Cite:Any | Y15:Y | WoS:Any,0.4510084849075229,-1.3639824766078013,2.232787548380717,-0.1483948823741324,-0.46925763295070927,0.2029514396038166,-0.2,-0.5,0.09999999999999998,20
DV:N | Cat:Any | JIF:N | Cite:Any | Y15:N | WoS:Any,1.0348915075301548,-1.0221954635461934,3.067159927088179,-0.17692491226521695,-0.45229320241752097,0.13140070665839879,-0.15000000000000002,-0.45,0.15000000000000002,20
DV:N | Cat:Any | JIF:N | Cite:Y | Y15:Any | WoS:Any,0.6864342761190709,-0.7243980475474808,2.1966732452199724,-0.07571654573548858,-0.24522377598052628,0.032030591057502916,-0.2,-0.39999999999999997,-0.04999999999999999,20
DV:N | Cat:Any | JIF:N | Cite:N | Y15:Any | WoS:Any,-0.5992977487594562,-1.8773336169562889,0.72148124942678,-0.04772591740522569,-0.21133854820174888,0.13063852300074755,-0.09999999999999998,-0.30000000000000004,0.09999999999999998,20
DV:N | Cat:E | JIF:Any | Cite:Any | Y15:Any | WoS:Econ,0.10295524275971069,-1.6354576663807239,1.6449781490550626,-0.08589367237090284,-0.2395250087927387,0.028763414580487118,-0.15000000000000002,-0.4,0.050000000000000044,20
DV:N | Cat:E | JIF:Any | Cite:Any | Y15:Any | WoS:Multi,0.2974330786726709,-1.416410550815295,1.8414407104602692,-0.11467213863686732,-0.2462164354773322,-0.02915464951168088,-0.25,-0.5,0.050000000000000044,20
DV:N | Cat:E | JIF:Any | Cite:Any | Y15:Any | WoS:Other,1.3647206625966222,-1.1623649763090724,3.9128849363970075,-0.07357540746139346,-0.21216586205099222,0.028818208371068976,-0.15000000000000002,-0.55,0.24999999999999994,20
DV:N | Cat:E | JIF:Any | Cite:Any | Y15:Y | WoS:Any,-0.6346375440578687,-2.5257025899109125,1.0747846949711026,-0.002797314384893057,-0.07332136422229917,0.07411644536178545,0.09999999999999998,-0.10000000000000009,0.35,20
DV:N | Cat:E | JIF:Any | Cite:Any | Y15:N | WoS:Any,-0.15015751477082873,-1.898725331882871,1.375261067581657,-0.03702217307469313,-0.1615535021323179,0.039364698796440126,-0.09999999999999998,-0.29999999999999993,0.05124999999999891,20
DV:N | Cat:E | JIF:Any | Cite:Y | Y15:Any | WoS:Any,0.358620990239781,-1.2175711378290293,1.7580864096267372,-0.10568834201108679,-0.24187761175515698,-0.013273348424834453,-0.15000000000000002,-0.30000000000000004,0.0,20
DV:N | Cat:E | JIF:Any | Cite:N | Y15:Any | WoS:Any,0.23236999399113945,-1.6617803214809248,2.0475060668817475,-0.0903069973299021,-0.23783455214202165,-0.006380671593179716,-0.2,-0.55,0.15000000000000002,20
DV:N | Cat:E | JIF:Y | Cite:Any | Y15:Any | WoS:Any,0.4328480924063838,-1.4471994749268564,2.1101562175382296,-0.1112772739361374,-0.27067846344679697,0.007143316426168475,-0.25,-0.5,0.0,20
DV:N | Cat:E | JIF:N | Cite:Any | Y15:Any | WoS:Any,0.6153624928405117,-1.300115501097649,2.5349062888205927,-0.17491408163660194,-0.334680235912468,0.003580512119824515,-0.15000000000000002,-0.45125,0.15000000000000002,20
DV:N | Cat:T | JIF:Any | Cite:Any | Y15:Any | WoS:Econ,0.5821241055676456,-1.9741558886569637,2.5756474427230946,-0.047059469278183275,-0.15795489230635967,0.058302718281375544,-0.09999999999999998,-0.45000000000000007,0.25,20
DV:N | Cat:T | JIF:Any | Cite:Any | Y15:Any | WoS:Multi,1.4365721172287556,-1.1122943209912752,3.834842129069823,-0.24405997032737103,-0.682768305216912,0.03991222053790902,0.09999999999999998,-0.15000000000000002,0.39999999999999997,20
DV:N | Cat:T | JIF:Any | Cite:Any | Y15:Any | WoS:Other,1.1211615568950686,-0.7971840896385607,2.6935283900542846,-0.0940627506831836,-0.258330208095053,0.04655726260183245,-0.050000000000000044,-0.25,0.15000000000000002,20
DV:N | Cat:T | JIF:Any | Cite:Any | Y15:Y | WoS:Any,-0.00984592303334253,-1.7113951258581777,1.5205911582469889,-0.07501443114216999,-0.26265304676542356,0.08541550486532211,0.0,-0.25,0.25,20
DV:N | Cat:T | JIF:Any | Cite:Any | Y15:N | WoS:Any,0.5239107618058991,-1.2152464626425206,2.3208101363363327,-0.09103071494010118,-0.3258768015053996,0.08071954585060019,-0.09999999999999998,-0.3,0.09999999999999998,20
DV:N | Cat:T | JIF:Any | Cite:Y | Y15:Any | WoS:Any,1.9553479171545343,0.513747843397797,3.9065973830817438,-0.20403309086156157,-0.4903542371712318,-0.02411848210816889,-0.09999999999999998,-0.25,0.0,20
DV:N | Cat:T | JIF:Any | Cite:N | Y15:Any | WoS:Any,2.092348558086891,-0.5585950484053153,4.1026072578471116,-0.30387455894457605,-0.7848108944305947,0.0359525654273088,-0.2,-0.5499999999999999,0.10000000000000003,20
DV:N | Cat:T | JIF:Y | Cite:Any | Y15:Any | WoS:Any,1.282107580322866,-0.8134958035257033,3.433087092473629,-0.07698865921701914,-0.352444797935605,0.11461635976707829,-0.09999999999999998,-0.4,0.2,20
DV:N | Cat:T | JIF:N | Cite:Any | Y15:Any | WoS:Any,0.11853063702961908,-1.5022072719615365,1.4349175667009744,-0.14196080599184085,-0.29013606686939675,0.005785008697052458,0.0,-0.25,0.25,20
DV:N | Cat:R | JIF:Any | Cite:Any | Y15:Any | WoS:Any,0.7720546307695866,-1.5106764877558143,2.8153069189451916,-0.17469902105816526,-0.4042795231358125,-0.0019185996790976603,-0.050000000000000044,-0.3,0.20124999999999893,20
DV:N | Cat:R | JIF:Any | Cite:Any | Y15:Any | WoS:Other,1.1192509725595903,-0.537528805399569,2.633954374011512,-0.21926960820220393,-0.3962310652378557,-0.055035022542353346,0.04999999999999993,-0.15000000000000002,0.25,20
DV:N | Cat:R | JIF:Any | Cite:Any | Y15:Y | WoS:Any,-0.709211871754909,-2.069305677817354,0.6387824724873995,0.01861616464003124,-0.07500488924054531,0.11856759829029635,-0.050000000000000044,-0.25,0.15000000000000002,20
DV:N | Cat:R | JIF:Any | Cite:Any | Y15:N | WoS:Any,2.401667038183658,0.06747140862424972,4.630776507921713,-0.34865784593860605,-0.5956421248687044,-0.12042985263988785,-0.25,-0.6000000000000001,0.10000000000000003,20
DV:N | Cat:R | JIF:Any | Cite:N | Y15:Any | WoS:Any,1.076847314760741,-0.6686615516841583,2.811968657502602,-0.16774569976074327,-0.4027742166787938,0.018227323436919223,-0.2,-0.40124999999999994,0.0,20
DV:N | Cat:R | JIF:Y | Cite:Any | Y15:Any | WoS:Any,1.6760580389970121,-0.8943846129778924,3.907563882463058,-0.19197679710301352,-0.4425708357729975,0.025124182752949697,-0.09999999999999998,-0.30000000000000004,0.09999999999999998,20
DV:N | Cat:R | JIF:N | Cite:Any | Y15:Any | WoS:Any,0.878173034644302,-1.143917290780189,2.6712293570768195,-0.21695120756629782,-0.4219497949846974,-0.06646677459986314,-0.30000000000000004,-0.6,0.0,20
DV:Any | Cat:Any | JIF:Y | Cite:Y | Y15:Y | WoS:Multi,3.376816251472383,1.434989012306781,5.399485706160766,-0.1034365448397957,-0.2984471805249051,0.029569095603250935,-0.050000000000000044,-0.15000000000000002,0.0,20
DV:Any | Cat:Any | JIF:Y | Cite:Y | Y15:N | WoS:Econ,-0.2159567403971252,-2.599118788968618,2.1996466289724315,-0.14788385197521553,-0.46181356839146476,0.10011744359409817,-0.25,-0.5,0.0,20
DV:Any | Cat:Any | JIF:Y | Cite:Y | Y15:N | WoS:Multi,0.062100553786832435,-1.3225296159690227,1.48870344519304,-0.02749237764334478,-0.1846443251851006,0.09801677709561064,-0.09999999999999998,-0.25,0.0,20
DV:Any | Cat:Any | JIF:Y | Cite:Y | Y15:N | WoS:Other,2.1936442068311317,0.5090953838063792,4.085723953725476,-0.034414767098175814,-0.1995013326350437,0.0905477020174062,-0.050000000000000044,-0.20000000000000007,0.09999999999999998,20
DV:Any | Cat:Any | JIF:Y | Cite:N | Y15:Y | WoS:Multi,0.5578070681858502,-1.6878959842730266,2.4053441507034314,-0.11581229971620222,-0.31885559046166134,0.042276619936569226,-0.15000000000000002,-0.45125,0.15000000000000002,20
DV:Any | Cat:Any | JIF:Y | Cite:N | Y15:Y | WoS:Other,0.3540355982017278,-1.3102166985635173,2.0912547138857294,-0.03364062997474715,-0.21863208017775998,0.108984681061688,-0.09999999999999998,-0.3,0.09999999999999998,20
DV:Any | Cat:Any | JIF:Y | Cite:N | Y15:N | WoS:Multi,-0.06536394618978303,-1.6420916121568527,1.2392506112641692,-0.1469102821237947,-0.3880494060064479,0.04843266316602507,0.0,-0.19999999999999996,0.2,20
DV:Any | Cat:Any | JIF:Y | Cite:N | Y15:N | WoS:Other,0.23610911307195703,-2.036436811594342,2.364428089372367,0.0072142898467014716,-0.10151667862715048,0.12427162928220577,0.04999999999999993,-0.25,0.35000000000000003,20
DV:Any | Cat:Any | JIF:N | Cite:Y | Y15:N | WoS:Econ,0.36721886064529574,-1.4318095987107298,2.1654578030300704,-0.1061477177115232,-0.26059930888562755,0.008204939167620716,-0.050000000000000044,-0.35,0.25,20
DV:Any | Cat:Any | JIF:N | Cite:Y | Y15:N | WoS:Other,-0.0052306679476314955,-2.4025380389453157,2.1866178909480527,-0.061041943011792776,-0.21604713628065159,0.03756159659266394,-0.050000000000000044,-0.35,0.25,20
DV:Any | Cat:Any | JIF:N | Cite:N | Y15:Y | WoS:Econ,0.34860894295007494,-1.6330217006794645,2.0312257023969646,-0.09471731744933232,-0.28815497239365184,0.022705123998657276,-0.15000000000000002,-0.4,0.14999999999999997,20
DV:Any | Cat:Any | JIF:N | Cite:N | Y15:Y | WoS:Other,0.24452825696321767,-1.2460909652356502,1.3570754335808324,-0.13869279725127504,-0.32229189914779155,0.009550204908794857,-0.050000000000000044,-0.25,0.15000000000000002,20
DV:Any | Cat:Any | JIF:N | Cite:N | Y15:N | WoS:Econ,0.7500914321846333,-0.8816892000856686,2.1980716883333336,-0.1724612901612368,-0.4397034141594367,-0.011512997238680652,-0.30000000000000004,-0.5,-0.10000000000000003,20
DV:Any | Cat:Any | JIF:N | Cite:N | Y15:N | WoS:Other,0.5744291443970093,-1.085174956997686,2.3497617089316245,-0.13292018712024256,-0.3291939407597061,0.03179958831892088,0.0,-0.15000000000000002,0.15000000000000002,20
DV:Any | Cat:E | JIF:Any | Cite:Y | Y15:N | WoS:Econ,0.701120543797888,-1.6127192603728813,2.727934660164836,-0.35676787188625564,-0.6661929570316474,0.013745922651090122,-0.09999999999999998,-0.4,0.19999999999999996,20
DV:Any | Cat:E | JIF:Any | Cite:Y | Y15:N | WoS:Multi,-0.28557350971306494,-1.423676473384541,0.9177557707375895,0.0037373124374322497,-0.07039921982004814,0.08422888540379722,0.0,-0.15000000000000002,0.15000000000000002,20
DV:Any | Cat:E | JIF:Any | Cite:Y | Y15:N | WoS:Other,1.74170720928445,-0.2210152320160323,3.6417483859843176,-0.03146954313629591,-0.21493049085838437,0.11180021296572884,0.0,-0.1499999999999999,0.14999999999999997,20
DV:Any | Cat:E | JIF:Any | Cite:N | Y15:Y | WoS:Econ,0.37860751855519403,-1.6596072100935944,2.078577761372618,-0.10525255266095657,-0.29032961494095133,0.02347770870530656,-0.2,-0.45000000000000007,0.09999999999999998,20
DV:Any | Cat:E | JIF:Any | Cite:N | Y15:Y | WoS:Multi,0.24756261602169527,-1.8653769388222525,2.0234953856162163,-0.06081228875360645,-0.22729933096667848,0.07312861045334662,-0.09999999999999998,-0.45000000000000007,0.25,20
DV:Any | Cat:E | JIF:Any | Cite:N | Y15:Y | WoS:Other,0.21141676572682488,-1.2069638368163356,1.740310361989447,-0.19203432456525393,-0.3766732089984582,0.0033528338543766063,-0.09999999999999998,-0.30000000000000004,0.09999999999999998,20
DV:Any | Cat:E | JIF:Any | Cite:N | Y15:N | WoS:Econ,0.30863421985791195,-1.0705406376190019,1.6441620171311986,0.0073589782408172155,-0.1946283314465605,0.15655801800798613,-0.050000000000000044,-0.35,0.20000000000000007,20
DV:Any | Cat:E | JIF:Any | Cite:N | Y15:N | WoS:Multi,0.16000800860621922,-1.3715546413378716,1.5710254330567865,-0.0917153374841142,-0.25662892383636965,0.016844802146647943,-0.050000000000000044,-0.15000000000000002,0.0,20
DV:Any | Cat:E | JIF:Any | Cite:N | Y15:N | WoS:Other,-0.14067096424690462,-1.1286038322353174,0.8859530288698211,-0.024598987874787648,-0.10695339391068223,0.05638930252700217,-0.050000000000000044,-0.15000000000000002,0.0,20
DV:Any | Cat:E | JIF:Y | Cite:Any | Y15:Y | WoS:Multi,1.9881444258749523,0.22222788566116056,3.7194628908960867,-0.20331499201507758,-0.3691568818172089,-0.04021622964493351,-0.050000000000000044,-0.20124999999999998,0.10000000000000003,20
DV:Any | Cat:E | JIF:Y | Cite:Any | Y15:Y | WoS:Other,4.107976702579649,0.8548933248004796,7.103176207239185,-0.16118466133713022,-0.48769493241246287,0.04580937682416307,-0.15000000000000002,-0.5,0.2,20
DV:Any | Cat:E | JIF:Y | Cite:Any | Y15:N | WoS:Econ,-0.14204006748151343,-2.4334148752147344,2.058953854739787,-0.24425310724318172,-0.7499385531682795,0.01557322509068061,-0.2,-0.45000000000000007,0.050000000000000044,20
DV:Any | Cat:E | JIF:Y | Cite:Any | Y15:N | WoS:Multi,0.44612681693478784,-1.1591295426134456,2.0221043560889878,-0.11748648498735492,-0.3283752694462572,0.01934586518044298,-0.15000000000000002,-0.30000000000000004,0.0,20
DV:Any | Cat:E | JIF:Y | Cite:Any | Y15:N | WoS:Other,2.6349832859261406,-0.2067859637872524,5.52722221364467,0.014092859073434272,-0.15280543482352868,0.17388661881425657,-0.050000000000000044,-0.24999999999999994,0.10000000000000009,20
DV:Any | Cat:E | JIF:Y | Cite:Y | Y15:Any | WoS:Econ,-0.3416078199639445,-2.6165907319997936,1.9672127363763487,-0.2707690065646403,-0.5346340578529978,0.15359403417853965,-0.050000000000000044,-0.35,0.20000000000000007,20
DV:Any | Cat:E | JIF:Y | Cite:Y | Y15:Any | WoS:Multi,1.1278403233014478,-0.19571413268630652,2.7127961074464277,-0.06711999829901982,-0.19220755333231276,0.03855531201963608,-0.050000000000000044,-0.15000000000000002,0.0,20
DV:Any | Cat:E | JIF:Y | Cite:Y | Y15:Any | WoS:Other,3.9861722380298827,0.986676361352679,6.7921690543033435,0.05184414899231726,-0.03972506362140348,0.164349085123108,-0.050000000000000044,-0.24999999999999994,0.10000000000000003,20
DV:Any | Cat:E | JIF:Y | Cite:Y | Y15:N | WoS:Any,1.0305741181871442,-0.9042176611760144,2.9010225872963713,-0.23420117619576336,-0.5345624191974554,0.02058914127688288,-0.25,-0.5,0.04999999999999993,20
DV:Any | Cat:E | JIF:Y | Cite:Y | Y15:N | WoS:Econ,0.010588633085967025,-2.1312752712262246,2.124659512543949,-0.30101275739792566,-0.5799418800322874,0.07592444094209,-0.050000000000000044,-0.3999999999999999,0.3,20
DV:Any | Cat:E | JIF:Y | Cite:Y | Y15:N | WoS:Multi,-0.0529387863827635,-1.2517780066676416,1.2300794705249904,-0.045725424259857705,-0.18877026506351496,0.07932113432058538,-0.09999999999999998,-0.25,0.0,20
DV:Any | Cat:E | JIF:Y | Cite:Y | Y15:N | WoS:Other,1.8227946365865266,-0.2705953365375243,3.761858628788942,0.04575796155893419,-0.15614656248470535,0.23120486395317796,-0.09999999999999998,-0.25,0.0,20
DV:Any | Cat:E | JIF:Y | Cite:N | Y15:Any | WoS:Multi,-0.11620807171989433,-1.8118359841360347,1.3255513227359288,-0.08192018008575164,-0.21035206414123783,0.00023399096029022115,-0.15000000000000002,-0.35000000000000003,0.050000000000000044,20
DV:Any | Cat:E | JIF:Y | Cite:N | Y15:Any | WoS:Other,2.9117712147327657,0.4433200932683247,5.148798680489698,-0.13269317037577666,-0.48488026156605124,0.16189814967950203,-0.25,-0.6000000000000001,0.1012499999999989,20
DV:Any | Cat:E | JIF:Y | Cite:N | Y15:Y | WoS:Any,0.4961479678450207,-1.620958620178889,2.3384479755830547,-0.12498259503666265,-0.32312974193577393,0.038437697039015506,-0.09999999999999998,-0.3,0.09999999999999998,20
DV:Any | Cat:E | JIF:Y | Cite:N | Y15:Y | WoS:Multi,0.5434149977986555,-1.3852046695089628,2.2722557170551756,-0.1292427738048244,-0.3243859708327363,-0.001846949546342628,-0.09999999999999998,-0.35000000000000003,0.15000000000000002,20
DV:Any | Cat:E | JIF:Y | Cite:N | Y15:Y | WoS:Other,2.6519378220841583,-0.8154917009588964,5.278219095342568,-0.19226883833045783,-0.4427419851065348,0.06037224897268663,-0.050000000000000044,-0.4,0.29999999999999993,20
DV:Any | Cat:E | JIF:Y | Cite:N | Y15:N | WoS:Any,0.03862920109323831,-1.8832088017548645,1.7681092540814556,-0.1283136772060084,-0.3322545296878088,0.03601884137874654,0.0,-0.2,0.2,20
DV:Any | Cat:E | JIF:Y | Cite:N | Y15:N | WoS:Multi,-0.30681586231326996,-1.9603113924897266,0.9181909701156652,-0.07488992751312962,-0.20744917923413372,0.04510986736116856,0.04999999999999993,0.0,0.15000000000000002,20
DV:Any | Cat:E | JIF:N | Cite:Any | Y15:Y | WoS:Econ,0.44482635013745586,-1.6359584121548452,2.0201376689341073,-0.0922782350348278,-0.2830817801570759,0.029468479010210585,-0.25,-0.55,0.04999999999999999,20
DV:Any | Cat:E | JIF:N | Cite:Any | Y15:Y | WoS:Other,0.8608089807163939,-1.3937873550850757,2.962992725090049,-0.18981841721307513,-0.4565750867406338,0.03455030536138564,0.0,-0.29999999999999993,0.29999999999999993,20
DV:Any | Cat:E | JIF:N | Cite:Any | Y15:N | WoS:Econ,0.6531819720756165,-1.8293890744358408,2.670174748021585,-0.10600091597736205,-0.2242057227028969,0.004479921210206656,-0.25,-0.6000000000000001,0.14999999999999997,20
DV:Any | Cat:E | JIF:N | Cite:Any | Y15:N | WoS:Other,0.026464092941024475,-1.699742583462362,1.573604644920125,-0.0909628758547244,-0.23184933981988193,0.029983869337121213,0.0,-0.15000000000000002,0.14999999999999997,20
DV:Any | Cat:E | JIF:N | Cite:Y | Y15:Any | WoS:Econ,0.755944012541466,-1.8341678201988216,2.7263846010272954,-0.06029783719375059,-0.23862716611813112,0.11110574550713326,-0.2,-0.55,0.14999999999999997,20
DV:Any | Cat:E | JIF:N | Cite:Y | Y15:N | WoS:Any,0.7658934311411372,-1.4846739394338577,2.7286859412566993,-0.17368944678992493,-0.3779524058096127,0.019451993071101216,-0.09999999999999998,-0.4,0.19999999999999996,20
DV:Any | Cat:E | JIF:N | Cite:Y | Y15:N | WoS:Econ,0.4273387570056997,-1.8294184258789588,2.284622824436242,-0.09556573107275512,-0.3333449546971172,0.09868026908577912,-0.050000000000000044,-0.4,0.30000000000000004,20
DV:Any | Cat:E | JIF:N | Cite:N | Y15:Any | WoS:Econ,0.44482635013745586,-1.7151823203915317,2.0705667123215687,-0.0922782350348278,-0.26876946107506056,0.0280052751665222,-0.25,-0.55,0.04999999999999999,20
DV:Any | Cat:E | JIF:N | Cite:N | Y15:Any | WoS:Other,-1.010603357757069,-2.526323500969328,0.4796703358315764,0.007304803449827424,-0.07363441794427833,0.11186135575704143,0.04999999999999993,-0.19999999999999996,0.25,20
DV:Any | Cat:E | JIF:N | Cite:N | Y15:Y | WoS:Any,0.44482635013745586,-1.740951094876632,2.228861982660051,-0.0922782350348278,-0.2685849756080491,0.03138032856235581,-0.25,-0.55,0.09999999999999998,20
DV:Any | Cat:E | JIF:N | Cite:N | Y15:Y | WoS:Econ,0.33703654120688675,-1.56084428772281,1.9760974750545999,-0.09959551325405869,-0.2785915372893416,0.025841548127004184,-0.15000000000000002,-0.40124999999999994,0.1499999999999999,20
DV:Any | Cat:E | JIF:N | Cite:N | Y15:Y | WoS:Other,-0.5650671814214778,-2.303303002292841,1.3520337060059284,-0.03883160535607477,-0.2431948896221304,0.14139845493691486,0.0,-0.25,0.24999999999999994,20
DV:Any | Cat:E | JIF:N | Cite:N | Y15:N | WoS:Any,0.4287280552246422,-1.1852147731750788,1.9834124025017823,-0.006510421460547033,-0.14228015815882916,0.10166324703434827,0.0,-0.2,0.19999999999999996,20
DV:Any | Cat:E | JIF:N | Cite:N | Y15:N | WoS:Econ,0.1452392904419657,-1.7878422129841374,1.8206082489612523,-0.024123085561198687,-0.25524946807201604,0.17627888643551173,0.04999999999999993,-0.29999999999999993,0.35000000000000003,20
DV:Any | Cat:E | JIF:N | Cite:N | Y15:N | WoS:Other,0.3398564430627671,-1.012128018245254,1.631263625765024,-0.06775639922359522,-0.23095238505781687,0.05154177762987577,-0.050000000000000044,-0.15000000000000002,0.0,20
DV:Any | Cat:T | JIF:Any | Cite:Y | Y15:N | WoS:Multi,1.021544088557329,-0.6960554058564954,2.869747210018677,-0.07603892232129728,-0.2593576678565657,0.06063057618035512,-0.050000000000000044,-0.15000000000000002,0.0,20
DV:Any | Cat:T | JIF:Any | Cite:Y | Y15:N | WoS:Other,0.16229380979175012,-1.0549967593079048,1.2963741844345225,-0.08247872724882754,-0.22125534255525808,0.01758913814355165,0.0,-0.19999999999999996,0.19999999999999996,20
DV:Any | Cat:T | JIF:Any | Cite:N | Y15:Y | WoS:Econ,0.15826448487812428,-1.7391364679080004,1.9257199598667536,-0.08255327893817133,-0.35644626572647153,0.1431977101355758,0.09999999999999998,-0.15000000000000002,0.35,20
DV:Any | Cat:T | JIF:Any | Cite:N | Y15:Y | WoS:Multi,-0.2046811836192335,-2.6681075417553695,1.9894121676466405,-0.03748695433374927,-0.22572644543453382,0.13593412538590424,0.0,-0.20000000000000007,0.25,20
DV:Any | Cat:T | JIF:Any | Cite:N | Y15:Y | WoS:Other,0.24953141877387708,-0.799625077043702,1.3173239899974307,-0.08957270774463211,-0.24368016183296673,0.024980722487920066,-0.050000000000000044,-0.20000000000000007,0.10000000000000003,20
DV:Any | Cat:T | JIF:Any | Cite:N | Y15:N | WoS:Econ,-0.5221317016831506,-2.42177237289872,1.0895199801657638,0.05716104624547946,-0.009588233543082358,0.151851336805737,-0.050000000000000044,-0.29999999999999993,0.19999999999999996,20
DV:Any | Cat:T | JIF:Any | Cite:N | Y15:N | WoS:Multi,1.7125373129730663,-1.321061445866912,4.476967044233016,-0.10848087937787854,-0.3887537729782585,0.06450816481633366,-0.2,-0.55,0.15000000000000002,20
DV:Any | Cat:T | JIF:Any | Cite:N | Y15:N | WoS:Other,-0.5409550722958398,-1.9675542607606586,0.7693643459166194,0.031935576623778994,-0.07760664993598665,0.14191032077137092,0.09999999999999998,-0.15000000000000002,0.3999999999999999,20
DV:Any | Cat:T | JIF:Y | Cite:Any | Y15:Y | WoS:Multi,-0.11419419912949458,-2.0491621799443025,2.003637509058717,-0.07414303715972481,-0.2441271923153285,0.0631684718298588,0.0,-0.35,0.30000000000000004,20
DV:Any | Cat:T | JIF:Y | Cite:Any | Y15:Y | WoS:Other,1.1001827604847731,-0.750744383179818,2.795553800807937,-0.1428751303231513,-0.3299209466637284,0.0004769444749140438,-0.2,-0.44999999999999996,0.0,20
DV:Any | Cat:T | JIF:Y | Cite:Any | Y15:N | WoS:Multi,1.2092732127996735,-1.757474416089882,3.6009532105010518,-0.1129846410428863,-0.413293687622322,0.07781962799217017,-0.2,-0.5,0.09999999999999998,20
DV:Any | Cat:T | JIF:Y | Cite:Any | Y15:N | WoS:Other,-0.9111740049039945,-2.468197776482712,0.5344980535995382,0.050904911394459185,-0.056894401896095785,0.1661423253800438,0.0,-0.20124999999999998,0.25,20
DV:Any | Cat:T | JIF:Y | Cite:Y | Y15:Any | WoS:Multi,-0.5558629511031663,-1.9220649720089047,0.6492409477664695,-0.02651598009943168,-0.1294612334656532,0.07059864294398689,0.09999999999999998,0.0,0.25,20
DV:Any | Cat:T | JIF:Y | Cite:Y | Y15:N | WoS:Any,-0.659811885445456,-2.5023324812893564,0.7386873750741908,0.07238073903928266,-0.034755728134566254,0.21713070204651108,0.15000000000000002,0.0,0.30000000000000004,20
DV:Any | Cat:T | JIF:Y | Cite:Y | Y15:N | WoS:Multi,-1.0165381058489027,-2.524019847382372,0.4458914323009459,0.042866156646123255,-0.04408395677187762,0.1660098823927881,0.0,-0.19999999999999996,0.2,20
DV:Any | Cat:T | JIF:Y | Cite:N | Y15:Any | WoS:Multi,1.8704319722850782,-1.2009959256532319,4.7045599875725985,-0.22397249200822067,-0.6578286185281852,0.01619699392086228,-0.25,-0.55,0.04999999999999993,20
DV:Any | Cat:T | JIF:Y | Cite:N | Y15:Any | WoS:Other,0.3101708152123779,-1.4630998847798937,1.9636571057911887,-0.08076349119000459,-0.30422505266008054,0.12529966132443818,0.04999999999999993,-0.19999999999999996,0.30000000000000004,20
DV:Any | Cat:T | JIF:Y | Cite:N | Y15:Y | WoS:Any,1.7783093925082882,-0.2224493964595044,3.453187267088642,-0.255530710759206,-0.6535497500529394,0.04719294828717857,0.0,-0.29999999999999993,0.29999999999999993,20
DV:Any | Cat:T | JIF:Y | Cite:N | Y15:Y | WoS:Multi,0.6846289008454516,-1.6471710972328826,2.8799388302679874,-0.1646043101396995,-0.39760794977375813,0.033216745101120895,-0.2,-0.5,0.09999999999999998,20
DV:Any | Cat:T | JIF:Y | Cite:N | Y15:Y | WoS:Other,0.5281877087781286,-1.227401151515868,2.2125588166841843,-0.12647653201064002,-0.36969540602002665,0.03587534188833648,-0.09999999999999998,-0.30000000000000004,0.1499999999999999,20
DV:Any | Cat:T | JIF:Y | Cite:N | Y15:N | WoS:Any,0.2673597093073372,-1.991490488491346,2.0522544268940415,-0.04002782530771143,-0.2016461200350059,0.06323910426894079,-0.050000000000000044,-0.4,0.25,20
DV:Any | Cat:T | JIF:Y | Cite:N | Y15:N | WoS:Multi,0.9620516976519164,-1.390706519703756,3.108257381818521,0.04323317614871036,-0.13141925842665575,0.22082402222839767,-0.15000000000000002,-0.5,0.25,20
DV:Any | Cat:T | JIF:Y | Cite:N | Y15:N | WoS:Other,0.009430498358669048,-1.8974801343387018,1.5867120004757738,-0.01872521313481723,-0.18224015881798683,0.11420996532416208,0.0,-0.19999999999999996,0.19999999999999996,20
DV:Any | Cat:T | JIF:N | Cite:Any | Y15:Y | WoS:Econ,-0.14550042651824935,-2.2029556466455906,1.8499629744798178,0.022826051132346703,-0.16572608211558845,0.20630221345023297,-0.09999999999999998,-0.35000000000000003,0.15000000000000002,20
DV:Any | Cat:T | JIF:N | Cite:Any | Y15:Y | WoS:Other,-0.8334015237242527,-2.2413637729890286,0.45598170086867557,0.017402115540363416,-0.032300276136978945,0.0935570603967091,0.09999999999999998,-0.05124999999999997,0.29999999999999993,20
DV:Any | Cat:T | JIF:N | Cite:Any | Y15:N | WoS:Econ,0.3152063944744663,-1.6515538089265376,1.9985935920386906,-0.016884915291931812,-0.14217886448644151,0.058080281391279964,-0.09999999999999998,-0.30000000000000004,0.10000000000000003,20
DV:Any | Cat:T | JIF:N | Cite:Any | Y15:N | WoS:Other,-0.1400634859227594,-1.4672725406242193,1.0421947078685554,-0.007228425211759371,-0.1258077290445571,0.11802238550919122,0.04999999999999993,-0.25,0.35,20
DV:Any | Cat:T | JIF:N | Cite:Y | Y15:Any | WoS:Other,0.6764437260402696,-0.9818671304738527,2.2921471586902147,-0.11147887998956185,-0.31961774963680967,0.033619219602995125,0.0,-0.15000000000000002,0.1499999999999999,20
DV:Any | Cat:T | JIF:N | Cite:Y | Y15:N | WoS:Any,2.588013700526264,0.5409326824875942,5.105462391549614,-0.12857493906253337,-0.34368136141431077,0.026557952899640094,-0.09999999999999998,-0.25,0.0,20
DV:Any | Cat:T | JIF:N | Cite:N | Y15:Any | WoS:Econ,-0.19152296980807826,-2.84570199493885,2.386623757808829,0.006282506027721957,-0.1986468706976247,0.21837050741732245,0.04999999999999993,-0.20000000000000007,0.35,20
DV:Any | Cat:T | JIF:N | Cite:N | Y15:Any | WoS:Other,0.40622317490536464,-2.1703142677213387,2.7657720387004114,-0.06590777239305001,-0.22835660932320057,0.04705992461831501,-0.050000000000000044,-0.35,0.2,20
DV:Any | Cat:T | JIF:N | Cite:N | Y15:Y | WoS:Any,0.45734461102228874,-2.079235997177958,2.321713822233067,-0.14049350532836025,-0.3943096743799074,0.07639155710438665,0.04999999999999993,-0.2,0.30000000000000004,20
DV:Any | Cat:T | JIF:N | Cite:N | Y15:Y | WoS:Econ,0.5980195140724254,-1.1346880558217622,2.0248128231174243,-0.15139668373336845,-0.41335096601328836,0.08043997111592192,-0.09999999999999998,-0.35,0.10000000000000009,20
DV:Any | Cat:T | JIF:N | Cite:N | Y15:Y | WoS:Other,-0.3792901359255545,-1.646236813813816,0.8332558144805862,0.008832781985324445,-0.09888444321597821,0.10585666463990584,-0.050000000000000044,-0.25125,0.15000000000000002,20
DV:Any | Cat:T | JIF:N | Cite:N | Y15:N | WoS:Any,1.0495750562772432,-1.2586954910301287,3.1156804495987203,-0.050114671935158284,-0.19134751580668283,0.04898030372104775,-0.25,-0.5,0.04999999999999993,20
DV:Any | Cat:T | JIF:N | Cite:N | Y15:N | WoS:Econ,0.2810986309826484,-1.797162661956239,2.1341641285908732,-0.0912599940666512,-0.25187232374087404,0.014678722421942314,-0.2,-0.49999999999999994,0.050000000000000044,20
DV:Any | Cat:T | JIF:N | Cite:N | Y15:N | WoS:Other,1.3273996879762189,-1.0519051357124387,3.670616662922035,-0.09639569185250008,-0.2679713769657081,0.08143273599223518,-0.15000000000000002,-0.5,0.19999999999999996,20
DV:Any | Cat:R | JIF:Any | Cite:N | Y15:Y | WoS:Other,0.36803398580940083,-1.5899343741903662,2.260353585533682,-0.09286116191036065,-0.288848129536015,0.053181499215827766,-0.09999999999999998,-0.25,0.0,20
DV:Any | Cat:R | JIF:Any | Cite:N | Y15:N | WoS:Other,-0.7366115666340036,-2.954216733785483,1.1499295015208235,0.11824783050686793,0.019005904618697025,0.25545398877132863,0.09999999999999998,-0.19999999999999996,0.35,20
DV:Any | Cat:R | JIF:N | Cite:Any | Y15:N | WoS:Other,1.259062382887615,-0.3807211569783345,2.9224771038926174,-0.2749976472202366,-0.5072331774536464,-0.10154349524409746,-0.2,-0.45,0.050000000000000044,20
DV:Any | Cat:R | JIF:N | Cite:N | Y15:Any | WoS:Other,2.306614335978119,-0.06540770323452624,4.521874206628292,-0.40183980575115213,-0.643020390713001,-0.14645332584724455,-0.30000000000000004,-0.6,-0.04999999999999993,20
DV:Any | Cat:R | JIF:N | Cite:N | Y15:Y | WoS:Any,2.2895334437876356,-0.5233389365908453,5.038482620205302,-0.0839529328916564,-0.28421009022691934,0.03332325802580556,-0.2,-0.6012500000000001,0.25,20
DV:Any | Cat:R | JIF:N | Cite:N | Y15:N | WoS:Any,1.1833885472916688,-0.2452485101251499,2.3961449264749737,-0.25764967096082775,-0.48422848893453213,-0.06403794930394062,-0.09999999999999998,-0.35000000000000003,0.15124999999999889,20
DV:Any | Cat:R | JIF:N | Cite:N | Y15:N | WoS:Other,0.7625938834979165,-0.7588311174710582,2.2201715299244222,-0.1898762057228054,-0.3382166650357395,-0.04781589778314268,0.0,-0.19999999999999996,0.19999999999999996,20
DV:Y | Cat:Any | JIF:Any | Cite:Y | Y15:N | WoS:Econ,-0.2688839944235424,-2.4951565847089427,1.781728639880623,-0.08799770193879952,-0.3013073634478187,0.06445721899340617,-0.15000000000000002,-0.4,0.09999999999999998,20
DV:Y | Cat:Any | JIF:Any | Cite:Y | Y15:N | WoS:Multi,-0.3599083571458275,-1.5253602033248903,0.6228477078232737,-0.0010202254307868364,-0.09527406614599786,0.07839571089453723,-0.050000000000000044,-0.15000000000000002,0.0,20
DV:Y | Cat:Any | JIF:Any | Cite:N | Y15:Y | WoS:Econ,0.44482635013745586,-1.5193141863851998,2.1826419777534354,-0.0922782350348278,-0.26040488626119485,0.03013916482808675,-0.25,-0.55,0.04999999999999999,20
DV:Y | Cat:Any | JIF:Any | Cite:N | Y15:Y | WoS:Multi,0.5007187122961723,-1.7409453598949864,2.4784300520053595,-0.07158375215003687,-0.2432493250514913,0.056149162799882454,-0.09999999999999998,-0.44999999999999996,0.24999999999999994,20
DV:Y | Cat:Any | JIF:Any | Cite:N | Y15:Y | WoS:Other,-0.5295598448228347,-1.8020286761189226,0.6297868738519536,-0.02696610502964858,-0.1436065906166627,0.07075062771575048,0.04999999999999993,0.0,0.15000000000000002,20
DV:Y | Cat:Any | JIF:Any | Cite:N | Y15:N | WoS:Econ,0.34562548580482577,-1.6018123058922416,2.069864734968164,-0.03020144592849483,-0.26591341750680264,0.16012561811300619,0.0,-0.24999999999999994,0.25,20
DV:Y | Cat:Any | JIF:Any | Cite:N | Y15:N | WoS:Other,-0.4919897132121269,-2.0197354533313545,0.8731502400961898,0.048251257790037805,-0.06308248539052626,0.19245770201161744,0.0,-0.25,0.20124999999999893,20
DV:Y | Cat:Any | JIF:Y | Cite:Any | Y15:Y | WoS:Multi,4.020434894160901,1.3788811889963892,6.619832852616422,-0.2055411138658692,-0.4441628764473335,-0.02645371660367646,0.0,-0.15000000000000002,0.15000000000000002,20
DV:Y | Cat:Any | JIF:Y | Cite:Any | Y15:N | WoS:Econ,0.35901449436666333,-1.7298982896903692,2.5245195439553796,-0.3074690883892233,-0.5803681948977278,0.013355499930687818,-0.09999999999999998,-0.35,0.15000000000000002,20
DV:Y | Cat:Any | JIF:Y | Cite:Any | Y15:N | WoS:Multi,-0.4043211558468647,-2.1658792296701224,1.1928892014731751,-0.03820703811512227,-0.2070191548044988,0.08869715244042108,0.0,-0.25,0.25,20
DV:Y | Cat:Any | JIF:Y | Cite:Y | Y15:Any | WoS:Multi,0.9635042502648732,-0.4948280801299434,2.6905835259661974,-0.014771531200909127,-0.14036267466340113,0.10767063103499398,0.0,-0.14999999999999997,0.14999999999999997,20
DV:Y | Cat:Any | JIF:Y | Cite:Y | Y15:N | WoS:Any,0.9463375947780603,-1.1349518960006546,2.868316943716046,-0.2071478620766833,-0.5871702778313537,0.04607868093906205,-0.25,-0.5,0.0,20
DV:Y | Cat:Any | JIF:Y | Cite:Y | Y15:N | WoS:Multi,-0.021740290675134943,-1.0513935193875565,0.9603064568932481,-0.03231050098637622,-0.1323952988145534,0.03814529957638383,0.0,0.0,0.0,20
DV:Y | Cat:Any | JIF:Y | Cite:N | Y15:Any | WoS:Multi,0.5612359438689785,-1.4073643185830695,2.3368992453766513,-0.14459328107217773,-0.3520359022094185,0.02598254732179277,-0.050000000000000044,-0.3,0.2,20
DV:Y | Cat:Any | JIF:Y | Cite:N | Y15:Any | WoS:Other,-0.9268538127778969,-2.82980089729296,0.7457984077821439,0.060726810264033926,-0.08777151953634107,0.24808749850037903,0.15000000000000002,-0.15000000000000002,0.44999999999999996,20
DV:Y | Cat:Any | JIF:Y | Cite:N | Y15:Y | WoS:Any,0.5367398213886405,-0.8859477329445625,2.238609590389366,-0.0723602450790155,-0.24375264228504745,0.0491416506773887,-0.15000000000000002,-0.30000000000000004,0.0,20
DV:Y | Cat:Any | JIF:Y | Cite:N | Y15:Y | WoS:Multi,0.28042559563442726,-1.5501198316234894,2.212349933504066,-0.08514008044024834,-0.25364564005736306,0.04319647695883869,-0.09999999999999998,-0.25,0.0,20
DV:Y | Cat:Any | JIF:Y | Cite:N | Y15:N | WoS:Any,0.31095215477629967,-1.5292802106197922,1.8991172933624363,-0.024723149581515336,-0.13995703357169048,0.08115007323117579,-0.050000000000000044,-0.35,0.25,20
DV:Y | Cat:Any | JIF:N | Cite:Any | Y15:Y | WoS:Econ,0.36723648595522196,-1.685021946139448,2.119714086709016,-0.09034451323699078,-0.26319033133902964,0.030010795288464953,-0.2,-0.5,0.1012499999999989,20
DV:Y | Cat:Any | JIF:N | Cite:Any | Y15:Y | WoS:Other,-0.032711172567107205,-2.029657125626162,1.9261616306753682,-0.02768329430323413,-0.2451344098839014,0.17503643396222673,0.09999999999999998,-0.09999999999999998,0.3,20
DV:Y | Cat:Any | JIF:N | Cite:Any | Y15:N | WoS:Econ,0.36295576837787635,-1.8823570609241584,2.3677061772387833,-0.05636325653174179,-0.24162828179626333,0.13785090144141574,-0.050000000000000044,-0.3,0.19999999999999996,20
DV:Y | Cat:Any | JIF:N | Cite:Any | Y15:N | WoS:Other,0.23651124615088293,-1.6420861134798588,2.3170196337765936,-0.10970904785169189,-0.314296627793929,0.03702717190467645,0.0,-0.15000000000000002,0.15000000000000002,20
DV:Y | Cat:Any | JIF:N | Cite:Y | Y15:Any | WoS:Econ,0.3888898831051044,-1.9970473537721358,2.555817392759084,-0.0830058703351908,-0.2310386349190133,0.024072851270583617,-0.15000000000000002,-0.45000000000000007,0.15000000000000002,20
DV:Y | Cat:Any | JIF:N | Cite:Y | Y15:N | WoS:Any,0.3006595486119412,-1.817125900025432,1.9910872421342511,-0.08134941227892611,-0.2389226535195218,0.03320160414193492,-0.2,-0.45,0.04999999999999999,20
DV:Y | Cat:Any | JIF:N | Cite:N | Y15:Any | WoS:Econ,0.44482635013745586,-1.4946421818033044,2.2871309115222944,-0.0922782350348278,-0.2667485032528702,0.032801011381925635,-0.25,-0.55,0.050000000000000044,20
DV:Y | Cat:Any | JIF:N | Cite:N | Y15:Any | WoS:Other,0.1402411745873824,-1.6356182399521586,1.8771393882209113,-0.012826345139666073,-0.2088769982951409,0.13744472356759713,0.04999999999999993,-0.09999999999999998,0.20000000000000007,20
DV:Y | Cat:Any | JIF:N | Cite:N | Y15:Y | WoS:Any,0.3776620516632363,-1.641700639510616,2.1383851045050903,-0.09027069709352642,-0.26318714734956256,0.03531828832147603,-0.2,-0.5,0.09999999999999998,20
DV:Y | Cat:Any | JIF:N | Cite:N | Y15:Y | WoS:Econ,0.3902653895336847,-1.7157988331618033,2.053743708900095,-0.0835397587891773,-0.2831322612166065,0.03849912045015444,-0.2,-0.5,0.15000000000000002,20
DV:Y | Cat:Any | JIF:N | Cite:N | Y15:Y | WoS:Other,-0.7385991027891574,-2.938545302866558,0.9988611721782537,-0.023269709520715276,-0.14216020545413754,0.10467913252777002,0.09999999999999998,-0.09999999999999998,0.3,20
DV:Y | Cat:Any | JIF:N | Cite:N | Y15:N | WoS:Any,2.0559038986523097,-1.275593055806982,5.6388023456447325,-0.2490848350209246,-0.6474242677381081,0.07330398327447968,0.0,-0.20000000000000007,0.25,20
DV:Y | Cat:Any | JIF:N | Cite:N | Y15:N | WoS:Econ,0.060580560882917744,-1.77710381962948,1.6254798937890658,-0.04939308394248387,-0.2318928733780191,0.12145097331468802,-0.050000000000000044,-0.35,0.25,20
DV:Y | Cat:Any | JIF:N | Cite:N | Y15:N | WoS:Other,0.2725350998767757,-1.4130188918888622,1.9516287374730676,-0.06455103936762807,-0.25883925319594747,0.06736456135968841,0.0,-0.15000000000000002,0.15000000000000002,20
DV:Y | Cat:E | JIF:Any | Cite:Any | Y15:Y | WoS:Econ,0.44482635013745586,-1.6838610762161867,2.177314363178921,-0.0922782350348278,-0.2865150991454905,0.027608998547282892,-0.25,-0.55,0.04999999999999999,20
DV:Y | Cat:E | JIF:Any | Cite:Any | Y15:Y | WoS:Multi,2.1032210510624685,0.6195919896342515,3.998618284150069,-0.15469339016656997,-0.3664739233335536,-0.013497655389925567,-0.09999999999999998,-0.25,0.0,20
DV:Y | Cat:E | JIF:Any | Cite:Any | Y15:Y | WoS:Other,-0.009127309856067356,-1.476875827724848,1.4658207676269992,-0.036191964228181495,-0.1888869170702083,0.11319708373980993,-0.09999999999999998,-0.25,0.0,20
DV:Y | Cat:E | JIF:Any | Cite:Any | Y15:N | WoS:Econ,0.783097587189042,-1.436375805197523,2.791135294254754,-0.24542355061975074,-0.6211439093633175,0.181876514246222,-0.2,-0.55,0.15000000000000002,20
DV:Y | Cat:E | JIF:Any | Cite:Any | Y15:N | WoS:Multi,0.09226083434408139,-1.4433619115378213,1.330928621612774,-0.06414713751161694,-0.21554023054457153,0.029116790754996024,-0.09999999999999998,-0.25,0.0,20
DV:Y | Cat:E | JIF:Any | Cite:Y | Y15:Any | WoS:Econ,-0.3152908480707781,-2.682538400796778,1.9346500745977218,0.006053675097514755,-0.19662580031249985,0.2814688407224566,-0.09999999999999998,-0.45,0.20000000000000007,20
DV:Y | Cat:E | JIF:Any | Cite:Y | Y15:Any | WoS:Multi,1.2896882188370125,-0.16045864813292102,3.052995875212823,-0.06964634640738177,-0.21999812497552854,0.04435855077773037,-0.050000000000000044,-0.15000000000000002,0.0,20
DV:Y | Cat:E | JIF:Any | Cite:Y | Y15:N | WoS:Any,0.14027398832511206,-1.9987964595196828,2.066043366635746,-0.1444548103853412,-0.4512428798764493,0.1292945271575121,-0.050000000000000044,-0.35,0.24999999999999994,20
DV:Y | Cat:E | JIF:Any | Cite:Y | Y15:N | WoS:Econ,0.231243883862442,-1.9848405639435935,2.600558452177419,-0.13275003270825614,-0.41405241636273876,0.11523956329145499,-0.30000000000000004,-0.6,0.04999999999999993,20
DV:Y | Cat:E | JIF:Any | Cite:N | Y15:Any | WoS:Econ,0.44482635013745586,-1.7346272296364118,2.1314634290146617,-0.0922782350348278,-0.2819714594493933,0.027170419390875267,-0.25,-0.55,0.050000000000000044,20
DV:Y | Cat:E | JIF:Any | Cite:N | Y15:Any | WoS:Multi,-0.19507496891039988,-1.8502336506678476,1.3705289986389597,-0.040424272970965736,-0.20335520451635153,0.1151844858738127,0.0,-0.29999999999999993,0.25,20
DV:Y | Cat:E | JIF:Any | Cite:N | Y15:Any | WoS:Other,0.14872236879550726,-1.2562811698711143,1.639827106369037,-0.05625726182504598,-0.21849352548747966,0.05044405892286435,-0.050000000000000044,-0.15000000000000002,0.0,20
DV:Y | Cat:E | JIF:Any | Cite:N | Y15:Y | WoS:Any,0.4404868792694243,-1.6026799767367719,2.081579999402529,-0.0877559611843367,-0.26734009408653464,0.032887870866123804,-0.25,-0.55,0.050000000000000044,20
DV:Y | Cat:E | JIF:Any | Cite:N | Y15:Y | WoS:Econ,0.44482635013745586,-1.6351228021190793,2.1632817635801667,-0.0922782350348278,-0.27537292310593103,0.02681975136363676,-0.25,-0.55,0.09999999999999998,20
DV:Y | Cat:E | JIF:Any | Cite:N | Y15:Y | WoS:Other,0.5354189155964306,-1.1945988669323842,2.229069626604374,-0.07678001471753138,-0.277357284603133,0.06061797323634576,-0.15000000000000002,-0.30000000000000004,0.0,20
DV:Y | Cat:E | JIF:Any | Cite:N | Y15:N | WoS:Any,0.1294788942333307,-1.7655741312937878,1.7810168327485092,-0.11764575902330143,-0.36371948268276827,0.08416259524397748,0.04999999999999993,-0.20000000000000007,0.30000000000000004,20
DV:Y | Cat:E | JIF:Any | Cite:N | Y15:N | WoS:Econ,0.6840180649437908,-1.0183048035866067,2.2474841758646207,-0.06258362649108173,-0.2725138377137972,0.07899500876071022,-0.09999999999999998,-0.30000000000000004,0.09999999999999998,20
DV:Y | Cat:E | JIF:Y | Cite:Any | Y15:Any | WoS:Econ,-0.5117268472301939,-2.9780165333790967,1.8944208164498972,-0.1615478770928091,-0.46160468580921704,0.12417876819510493,-0.09999999999999998,-0.35000000000000003,0.15124999999999889,20
DV:Y | Cat:E | JIF:Y | Cite:Any | Y15:Any | WoS:Multi,1.6930349316278184,0.27620224035708024,3.6576664024155012,-0.10161786336540624,-0.29156288305279876,0.02089626130955509,-0.050000000000000044,-0.15000000000000002,0.0,20
DV:Y | Cat:E | JIF:Y | Cite:Any | Y15:Y | WoS:Any,1.2092516784508502,0.037586454918576505,2.5879257970720664,-0.09545069375104798,-0.23641272544367634,0.007741031396609172,-0.050000000000000044,-0.15000000000000002,0.0,20
DV:Y | Cat:E | JIF:Y | Cite:Any | Y15:N | WoS:Any,0.28586614097677376,-2.0363380342304342,2.3207757137776546,-0.0538668121499597,-0.31680091952226047,0.18235180616474614,-0.050000000000000044,-0.29999999999999993,0.15000000000000002,20
DV:Y | Cat:E | JIF:Y | Cite:Any | Y15:N | WoS:Multi,-0.013603971332661224,-1.6884300421927256,1.4282443497097468,-0.07295288418317025,-0.25798898317942204,0.04481218004007704,-0.050000000000000044,-0.15000000000000002,0.0,20
DV:Y | Cat:E | JIF:Y | Cite:Y | Y15:Any | WoS:Any,1.5209032793536705,-1.6335879237515456,5.00092808200318,-0.07604021406857475,-0.3566460884296976,0.16611352626389483,-0.09999999999999998,-0.35,0.15000000000000002,20
DV:Y | Cat:E | JIF:Y | Cite:Y | Y15:Any | WoS:Multi,1.001150428127791,-0.5668789358840326,2.7740875382530588,-0.07007098569372072,-0.22683778228212437,0.06660254220125275,0.0,-0.15000000000000002,0.14999999999999997,20
DV:Y | Cat:E | JIF:Y | Cite:Y | Y15:N | WoS:Any,-0.08725298761894607,-2.269149226755373,1.7160078175979192,-0.0641174210043155,-0.27067122909629465,0.1775497708781583,-0.2,-0.45,0.04999999999999999,20
DV:Y | Cat:E | JIF:Y | Cite:N | Y15:Any | WoS:Any,0.86750510562924,-0.8626025774008709,2.663071317646878,-0.13630772244923017,-0.32993343711570444,0.019758699344010255,-0.050000000000000044,-0.15000000000000002,0.0,20
DV:Y | Cat:E | JIF:Y | Cite:N | Y15:Y | WoS:Any,0.7724841338621751,-0.6745146431765774,2.40298825897835,-0.1114678009394161,-0.28512436582542283,0.013065318256531304,-0.050000000000000044,-0.15000000000000002,0.0,20
DV:Y | Cat:E | JIF:N | Cite:Any | Y15:Any | WoS:Econ,0.32656605279065687,-1.5933252302118663,2.0366187354061562,-0.08587999679015212,-0.2715790580645791,0.035271728731918715,-0.2,-0.5,0.09999999999999998,20
DV:Y | Cat:E | JIF:N | Cite:Any | Y15:Any | WoS:Other,-0.2077417642747088,-2.4980119094710114,1.6857088448879627,-0.0612609822029857,-0.27170563361398625,0.1339589370002805,0.09999999999999998,-0.09999999999999998,0.29999999999999993,20
DV:Y | Cat:E | JIF:N | Cite:Any | Y15:Y | WoS:Any,0.44482635013745586,-1.4545756027206596,2.10102802969768,-0.0922782350348278,-0.26939856338110346,0.024855905680068274,-0.25,-0.55,0.050000000000000044,20
DV:Y | Cat:E | JIF:N | Cite:Any | Y15:Y | WoS:Econ,0.44482635013745586,-1.6783946659550546,2.1085086954381964,-0.0922782350348278,-0.27367755674374866,0.02429245304320363,-0.25,-0.55,0.050000000000000044,20
DV:Y | Cat:E | JIF:N | Cite:Any | Y15:N | WoS:Any,0.3243513680776875,-2.3000056081647227,2.68156045683258,-0.07898185460664986,-0.18723529655405916,0.03726160127820801,-0.2,-0.55,0.15124999999999889,20
DV:Y | Cat:E | JIF:N | Cite:Any | Y15:N | WoS:Econ,1.0736233256014271,-1.5620518341664729,3.4038499904274886,-0.16074796926488027,-0.37581742777167243,-0.003302252766597354,-0.2,-0.55,0.19999999999999996,20
DV:Y | Cat:E | JIF:N | Cite:Y | Y15:Any | WoS:Any,0.3268009590814742,-2.0701935695925813,2.2881184415116986,-0.023201866242573033,-0.14518928344166088,0.06451564431265235,-0.050000000000000044,-0.4,0.30000000000000004,20
DV:Y | Cat:E | JIF:N | Cite:Y | Y15:Any | WoS:Econ,0.23619856932309524,-2.614313364305219,2.506948020076285,-0.024522516773528458,-0.13723100236050242,0.10844194570351615,-0.09999999999999998,-0.45,0.25,20
DV:Y | Cat:E | JIF:N | Cite:Y | Y15:N | WoS:Any,0.4372278870312041,-1.9437402571182216,2.2704580861874697,-0.044511599813547575,-0.2592913820853544,0.14940269715403184,-0.050000000000000044,-0.39999999999999997,0.30000000000000004,20
DV:Y | Cat:E | JIF:N | Cite:N | Y15:Any | WoS:Any,0.426401497019425,-1.5052440042173645,2.197456539783464,-0.09669300466680208,-0.27758330963827993,0.02700838878859532,-0.2,-0.5,0.09999999999999998,20
DV:Y | Cat:E | JIF:N | Cite:N | Y15:Any | WoS:Econ,0.44482635013745586,-1.643469890300643,2.0013392036643016,-0.0922782350348278,-0.2608755586477409,0.031045302351256816,-0.25,-0.55,0.050000000000000044,20
DV:Y | Cat:E | JIF:N | Cite:N | Y15:Any | WoS:Other,-0.250390677293983,-1.129689511875967,0.7511954431099622,-0.0004088320377760857,-0.07078791509090962,0.06440047950353199,-0.050000000000000044,-0.15000000000000002,0.0,20
DV:Y | Cat:E | JIF:N | Cite:N | Y15:Y | WoS:Any,0.44482635013745586,-1.6799050540631988,2.153654747936701,-0.0922782350348278,-0.27715174423040323,0.029512231874901703,-0.25,-0.55,0.09999999999999998,20
DV:Y | Cat:E | JIF:N | Cite:N | Y15:Y | WoS:Econ,0.44482635013745586,-1.6979288798823557,2.1009102332760023,-0.0922782350348278,-0.2819401070634996,0.028146024493555397,-0.25,-0.55,0.04999999999999999,20
DV:Y | Cat:E | JIF:N | Cite:N | Y15:N | WoS:Any,0.44524127259213575,-1.6776969751746407,2.231125279523874,-0.1252558869067305,-0.3818674885940546,0.0804940012013023,-0.09999999999999998,-0.35,0.1499999999999999,20
DV:Y | Cat:T | JIF:Any | Cite:N | Y15:Any | WoS:Other,0.6893614430541257,-1.2623523375866055,2.3661509707878143,-0.1184043944713713,-0.30692177530883175,0.022053173071295794,-0.09999999999999998,-0.35,0.14999999999999997,20
DV:Y | Cat:T | JIF:Any | Cite:N | Y15:Y | WoS:Any,-1.2424631315149801,-3.182074351123628,0.3383356873381589,0.04501485080660972,-0.07595696339055076,0.1908276967140245,0.15000000000000002,0.0,0.35,20
DV:Y | Cat:T | JIF:Any | Cite:N | Y15:N | WoS:Any,1.5350290924711834,-1.3817097208547524,3.8541424592552374,-0.07975337302628727,-0.25285749481665354,0.06906266338452668,-0.30000000000000004,-0.7,0.09999999999999998,20
DV:Y | Cat:T | JIF:Y | Cite:Any | Y15:Any | WoS:Multi,1.4802574375480377,-0.9175935035742272,3.5792982683982584,-0.10086790906576504,-0.32376083248642323,0.1118767191573277,0.04999999999999993,-0.3,0.3999999999999999,20
DV:Y | Cat:T | JIF:Y | Cite:Any | Y15:Y | WoS:Any,-0.34781910945407724,-2.020696868322218,1.0973220879714758,-0.07497919219232663,-0.2307828212855087,0.03929412383984298,-0.050000000000000044,-0.20000000000000007,0.09999999999999998,20
DV:Y | Cat:T | JIF:Y | Cite:Any | Y15:N | WoS:Any,1.8092388542973739,-1.2321947968859392,4.381888614439381,-0.11175864665292623,-0.3010320614071475,0.04965923194925109,-0.2,-0.55,0.15000000000000002,20
DV:Y | Cat:T | JIF:Y | Cite:N | Y15:Any | WoS:Any,0.7762371990839494,-1.9714356162570665,2.9646221207851027,-0.06872314180914318,-0.1968656256749854,0.07845330167395974,-0.15000000000000002,-0.45000000000000007,0.15124999999999889,20
DV:Y | Cat:T | JIF:Y | Cite:N | Y15:Y | WoS:Any,0.36367399548413903,-1.1585177972824838,1.8710147287832402,-0.09225641962868825,-0.26372277726498417,0.019711162832762193,-0.09999999999999998,-0.25,0.0,20
DV:Y | Cat:T | JIF:N | Cite:Any | Y15:Any | WoS:Other,0.6827839396686457,-0.9528984237421803,2.4527302632890597,-0.14380602535019987,-0.38138386110348604,0.0037532334369176847,-0.050000000000000044,-0.20000000000000007,0.10000000000000003,20
DV:Y | Cat:T | JIF:N | Cite:Any | Y15:N | WoS:Any,-0.19725479860735096,-1.4713787803419474,0.8924128748117368,-0.021035254313303886,-0.08671799773810593,0.034629473043433966,0.0,-0.15000000000000002,0.15000000000000002,20
DV:Y | Cat:T | JIF:N | Cite:N | Y15:Any | WoS:Any,-0.7556440953838637,-2.587775089609702,0.7724319252352362,0.00929224251014471,-0.14195500021673468,0.1585904897776066,0.09999999999999998,-0.09999999999999998,0.30000000000000004,20
DV:N | Cat:Any | JIF:Any | Cite:Y | Y15:Y | WoS:Multi,1.4964246975586706,-0.8676235201388166,3.3767001575508964,-0.286069959587611,-0.6309880437271651,-0.0190102278852653,-0.15000000000000002,-0.45000000000000007,0.15000000000000002,20
DV:N | Cat:Any | JIF:Any | Cite:Y | Y15:N | WoS:Multi,0.8026213363028578,-0.6173429852917431,2.363341617740721,-0.06689063257243599,-0.24802153055283713,0.05941268497655584,-0.050000000000000044,-0.20000000000000007,0.10000000000000009,20
DV:N | Cat:Any | JIF:Any | Cite:Y | Y15:N | WoS:Other,1.6778758705291894,-1.7383328488173564,4.919458420703781,-0.16513367358929826,-0.4261038053943991,0.05938433670116915,-0.09999999999999998,-0.44999999999999996,0.25,20
DV:N | Cat:Any | JIF:Any | Cite:N | Y15:Y | WoS:Econ,-0.5344585380670619,-2.461242463872099,1.350994366932729,-0.005944665590589371,-0.2708271426049283,0.33238818894522826,0.0,-0.35,0.30000000000000004,20
DV:N | Cat:Any | JIF:Any | Cite:N | Y15:Y | WoS:Multi,0.7137660449922665,-1.0984609998538035,2.2743245900764504,-0.1868695939817317,-0.35587708823000486,-0.03961566905408687,-0.2,-0.5,0.14999999999999997,20
DV:N | Cat:Any | JIF:Any | Cite:N | Y15:Y | WoS:Other,0.5409296572782916,-0.9386964953731733,2.1642596825466067,-0.14405260073857118,-0.3204697348920764,0.03435428928275558,0.04999999999999993,-0.25,0.35,20
DV:N | Cat:Any | JIF:Any | Cite:N | Y15:N | WoS:Econ,0.1033887827327229,-1.7547572940626595,2.0825586245615,-0.010683546884386885,-0.1769962427451813,0.16205267817231372,-0.2,-0.5,0.1499999999999999,20
DV:N | Cat:Any | JIF:Any | Cite:N | Y15:N | WoS:Multi,0.867936454861379,-0.9335036160194935,2.6843339835833833,-0.21452320124529817,-0.5096563562976972,0.007399967749913335,-0.09999999999999998,-0.3,0.09999999999999998,20
DV:N | Cat:Any | JIF:Any | Cite:N | Y15:N | WoS:Other,1.6674524295900648,-0.5725164480345647,3.9039067521067152,-0.25649699855218666,-0.46229947825642254,-0.06931170755960582,-0.2,-0.55,0.1012499999999989,20
DV:N | Cat:Any | JIF:Y | Cite:Any | Y15:Y | WoS:Multi,0.11417936733598388,-2.016243091491687,1.9725217029187354,-0.06095466237215896,-0.15653345861450568,0.014371617734192628,-0.2,-0.55,0.14999999999999997,20
DV:N | Cat:Any | JIF:Y | Cite:Any | Y15:Y | WoS:Other,0.5283039507340437,-1.1448177694375834,2.419706925629487,-0.07635425598350798,-0.30624670643200613,0.0804395342569591,0.0,-0.2,0.19999999999999996,20
DV:N | Cat:Any | JIF:Y | Cite:Any | Y15:N | WoS:Multi,0.6999996370071262,-1.0520884985099026,2.418673579457532,-0.18973757076322662,-0.41359314129067665,-0.03144698803812155,-0.15000000000000002,-0.35124999999999995,0.050000000000000044,20
DV:N | Cat:Any | JIF:Y | Cite:Any | Y15:N | WoS:Other,-0.19650912840735124,-2.2011531609104478,1.4430656044584587,-0.007345634802325751,-0.12131005570436558,0.08732761123416834,0.0,-0.30000000000000004,0.30000000000000004,20
DV:N | Cat:Any | JIF:Y | Cite:Y | Y15:Any | WoS:Multi,2.3732147954136726,-0.5735980528434523,5.006468614016817,-0.34082599940304176,-0.6791093221723369,-0.06422276364050825,-0.2,-0.55,0.15124999999999889,20
DV:N | Cat:Any | JIF:Y | Cite:Y | Y15:Any | WoS:Other,1.4439529622497718,-0.8489709572908578,3.761140916036733,-0.12715158320551678,-0.33904012934358196,0.04283133683698732,-0.2,-0.50125,0.15000000000000002,20
DV:N | Cat:Any | JIF:Y | Cite:Y | Y15:Y | WoS:Any,0.5892420467657145,-1.5586527155222833,2.299727283147006,-0.15311897883531067,-0.37129994217317047,0.029485020491903602,-0.15000000000000002,-0.4,0.09999999999999998,20
DV:N | Cat:Any | JIF:Y | Cite:Y | Y15:N | WoS:Any,1.975138259388646,-1.1001711515519588,5.274290547673281,-0.23653180136822666,-0.4806945503268561,-0.028044884055728966,-0.25,-0.5,0.0,20
DV:N | Cat:Any | JIF:Y | Cite:Y | Y15:N | WoS:Multi,2.358747056002634,-0.9362160558154046,5.085005867793552,-0.08558120197309171,-0.3698240698270658,0.1008628962612512,-0.30000000000000004,-0.65,0.10000000000000003,20
DV:N | Cat:Any | JIF:Y | Cite:Y | Y15:N | WoS:Other,1.5711901755325544,-0.9608261164068456,4.316987592853807,-0.11150458755995984,-0.32651167778731993,0.03886110314147048,-0.25,-0.6000000000000001,0.09999999999999998,20
DV:N | Cat:Any | JIF:Y | Cite:N | Y15:Any | WoS:Multi,-0.21501838211955793,-2.2369790589950878,1.6268222524960858,-0.0019369478105485394,-0.09592904067204312,0.05728042260593723,-0.15000000000000002,-0.5,0.19999999999999996,20
DV:N | Cat:Any | JIF:Y | Cite:N | Y15:Any | WoS:Other,-0.1377933107701974,-0.9650999641593242,0.6417122297078821,-0.028069869623257082,-0.16198666590224278,0.06425470996434139,0.0,-0.15000000000000002,0.15000000000000002,20
DV:N | Cat:Any | JIF:Y | Cite:N | Y15:Y | WoS:Any,1.3478567281348726,-0.7941913470615868,3.253120091355048,-0.21369619359643122,-0.436308965465046,-0.01860482552097289,-0.15000000000000002,-0.44999999999999996,0.15000000000000002,20
DV:N | Cat:Any | JIF:Y | Cite:N | Y15:Y | WoS:Multi,-0.17627781657847308,-2.616889606334931,1.8392334866022026,-0.019026959278231614,-0.104898500503078,0.06309716416811727,-0.09999999999999998,-0.4,0.24999999999999994,20
DV:N | Cat:Any | JIF:Y | Cite:N | Y15:Y | WoS:Other,-0.22470762401335787,-1.5255240636350154,0.8599971364678598,0.004385040517289385,-0.10415917216450526,0.10043092468957827,0.04999999999999993,0.0,0.15000000000000002,20
DV:N | Cat:Any | JIF:Y | Cite:N | Y15:N | WoS:Any,0.4927619067333868,-1.2346587719286766,2.0228590806028732,-0.07349251761008235,-0.29860815429246357,0.07840967767399916,-0.050000000000000044,-0.24999999999999994,0.10000000000000003,20
DV:N | Cat:Any | JIF:Y | Cite:N | Y15:N | WoS:Multi,0.039585379286470435,-2.6689205804491647,2.2899126765910935,-0.11193101766016711,-0.35200203860099444,0.10702133516284977,0.09999999999999998,-0.15000000000000002,0.30000000000000004,20
DV:N | Cat:Any | JIF:Y | Cite:N | Y15:N | WoS:Other,-0.057356072811511005,-1.9510810723802037,1.5640331238799363,-0.037718789175248624,-0.19255918675583406,0.08194772322327011,0.0,-0.25,0.29999999999999993,20
DV:N | Cat:Any | JIF:N | Cite:Any | Y15:Y | WoS:Econ,0.9045070747553066,-1.3329813066795873,2.814199919017979,-0.18964866918458684,-0.5553618128623382,0.14643537764115513,0.0,-0.35,0.35,20
DV:N | Cat:Any | JIF:N | Cite:Any | Y15:Y | WoS:Other,1.07529179759715,-1.6705720154369812,3.2045513362835023,-0.004796240637654603,-0.13450121360080614,0.10575434910024314,-0.2,-0.55,0.15000000000000002,20
DV:N | Cat:Any | JIF:N | Cite:Any | Y15:N | WoS:Econ,-0.03485725711343246,-1.896486638012871,1.744854578170295,-0.015221617416781963,-0.16056482479672238,0.12007075179300379,-0.050000000000000044,-0.4,0.29999999999999993,20
DV:N | Cat:Any | JIF:N | Cite:Any | Y15:N | WoS:Other,1.6856986937308447,-0.5205018839543053,3.635808259154934,-0.2783762977838418,-0.5784722748351073,0.05845137727368734,-0.25,-0.6,0.14999999999999997,20
DV:N | Cat:Any | JIF:N | Cite:Y | Y15:Any | WoS:Other,0.3799819037797034,-0.5666909055916023,1.1764153639832133,-0.04170467525773447,-0.11126564070102389,0.019840196369943285,0.0,-0.1499999999999999,0.15000000000000002,20
DV:N | Cat:Any | JIF:N | Cite:Y | Y15:N | WoS:Any,0.882928039397382,-1.3345188343088352,3.1326053843748336,-0.025890049253019742,-0.21405952121579566,0.12194641251798191,0.04999999999999993,-0.10000000000000009,0.25,20
DV:N | Cat:Any | JIF:N | Cite:Y | Y15:N | WoS:Other,0.66929251632064,-0.7088555425674001,2.01418616193545,-0.08155187271807662,-0.20541162324797754,0.0034893018491689663,-0.09999999999999998,-0.25,0.0,20
DV:N | Cat:Any | JIF:N | Cite:N | Y15:Any | WoS:Econ,0.5286889537556689,-0.8070839045152185,2.004008284760667,-0.08781923011884829,-0.3027985418709266,0.10265112197171976,-0.25,-0.50125,0.04999999999999993,20
DV:N | Cat:Any | JIF:N | Cite:N | Y15:Any | WoS:Other,1.2362214875409538,-1.4356079574885992,3.3963923966073866,-0.17937584436026593,-0.3279932456176787,-0.02094875259998073,-0.050000000000000044,-0.4,0.29999999999999993,20
DV:N | Cat:Any | JIF:N | Cite:N | Y15:Y | WoS:Any,-0.03897831292580278,-1.7497640460448884,1.4996935302035364,-0.11986195506523867,-0.33069238094021786,0.10173356233126513,0.04999999999999993,-0.15000000000000002,0.25,20
DV:N | Cat:Any | JIF:N | Cite:N | Y15:Y | WoS:Econ,-0.5684589772284028,-2.865850779350741,1.6003427389425602,0.005413618100963524,-0.2610038199382737,0.3137018321838065,-0.050000000000000044,-0.35,0.20000000000000007,20
DV:N | Cat:Any | JIF:N | Cite:N | Y15:Y | WoS:Other,1.8388528622437912,-0.6924157431175311,4.18411446639742,-0.1465292075427177,-0.3482793967973799,0.020846196271782542,-0.2,-0.55,0.20124999999999893,20
DV:N | Cat:Any | JIF:N | Cite:N | Y15:N | WoS:Any,0.7649537034374045,-1.1231840528519588,2.6089851477750585,-0.15257602028483735,-0.3595361295543266,-0.0036193112266709126,-0.15000000000000002,-0.4,0.15000000000000002,20
DV:N | Cat:Any | JIF:N | Cite:N | Y15:N | WoS:Econ,-0.037734021559742814,-2.0895413645454464,1.9627246360734754,0.010870264599503354,-0.13100279840374043,0.172860961125766,-0.050000000000000044,-0.40124999999999994,0.25,20
DV:N | Cat:Any | JIF:N | Cite:N | Y15:N | WoS:Other,1.3260607218826008,-1.4286247371127612,3.824259919651899,-0.14835589506482533,-0.3796640430834649,0.02302587610826422,-0.15000000000000002,-0.5,0.24999999999999994,20
DV:N | Cat:E | JIF:Any | Cite:Any | Y15:Y | WoS:Econ,-0.5069082073275384,-2.4835208591010898,1.2711755704481242,-0.024917949236627823,-0.29499956465276767,0.2929055682384183,0.04999999999999993,-0.25,0.35,20
DV:N | Cat:E | JIF:Any | Cite:Any | Y15:Y | WoS:Multi,-0.04593549409905595,-2.095840479033804,1.8456734175075376,-0.07654952031285822,-0.20586100339902103,0.018495111766299983,-0.15000000000000002,-0.44999999999999996,0.1499999999999999,20
DV:N | Cat:E | JIF:Any | Cite:Any | Y15:Y | WoS:Other,0.8017560062121394,-1.6353794613573782,3.1444278868237174,-0.05839962374566521,-0.2029811061978632,0.06962834239875448,-0.2,-0.55,0.19999999999999996,20
DV:N | Cat:E | JIF:Any | Cite:Any | Y15:N | WoS:Econ,0.662784277675244,-0.6375128247656456,2.0449039772414723,-0.11487602702198785,-0.2625349652722527,-0.011965254847742145,-0.15000000000000002,-0.4,0.09999999999999998,20
DV:N | Cat:E | JIF:Any | Cite:Any | Y15:N | WoS:Multi,0.040126890453884734,-1.325953813682591,1.2751379515925807,-0.16425971652036958,-0.3513706796732055,-0.007914535957179709,-0.09999999999999998,-0.35,0.1499999999999999,20
DV:N | Cat:E | JIF:Any | Cite:Any | Y15:N | WoS:Other,-0.29083785570146947,-2.863631954197641,1.7201312156008703,0.08249046721123054,0.007853462100848902,0.20052804514984887,-0.050000000000000044,-0.4,0.35,20
DV:N | Cat:E | JIF:Any | Cite:Y | Y15:Any | WoS:Multi,1.948880179419196,-0.08896491291783734,4.044306054680252,-0.19607652272578524,-0.426078549075658,0.01962372735440104,-0.25,-0.55,0.1012499999999989,20
DV:N | Cat:E | JIF:Any | Cite:Y | Y15:Any | WoS:Other,0.4143459145924284,-1.5206997456262834,2.0472183247521967,-0.06888817326852437,-0.22761681428121613,0.011518494411126925,-0.2,-0.55,0.14999999999999997,20
DV:N | Cat:E | JIF:Any | Cite:Y | Y15:N | WoS:Any,0.3836390253158619,-1.1948017257695454,1.8684046351515424,-0.11614570177827854,-0.32592702987129685,0.012155655834735915,-0.15000000000000002,-0.39999999999999997,0.10000000000000003,20
DV:N | Cat:E | JIF:Any | Cite:Y | Y15:N | WoS:Multi,1.2954178378473031,-1.0554749849959775,3.3344782079962854,0.08669498883436488,-0.07635836094010613,0.32215931623212973,-0.25,-0.6499999999999999,0.14999999999999997,20
DV:N | Cat:E | JIF:Any | Cite:Y | Y15:N | WoS:Other,0.20391126919572944,-1.7845289684296386,1.8388434614292979,-0.06539777229633648,-0.24068337460984943,0.046622470794123294,-0.15000000000000002,-0.4,0.1012499999999989,20
DV:N | Cat:E | JIF:Any | Cite:N | Y15:Any | WoS:Econ,-0.08330676502895518,-2.419840676870039,1.7988593809304343,-0.046631548212893614,-0.2593167629284694,0.13822868365030277,-0.050000000000000044,-0.4,0.25,20
DV:N | Cat:E | JIF:Any | Cite:N | Y15:Any | WoS:Multi,-0.011960640217469454,-2.3364897318297544,1.783716623701057,-0.05331425197137207,-0.17287807320083495,0.036249700611727324,-0.15000000000000002,-0.45,0.15000000000000002,20
DV:N | Cat:E | JIF:Any | Cite:N | Y15:Any | WoS:Other,1.601559880235432,-0.3814189102591617,3.48430211511359,-0.16966848040018684,-0.3216813172519484,0.023505536928963768,-0.15000000000000002,-0.5,0.24999999999999994,20
DV:N | Cat:E | JIF:Any | Cite:N | Y15:Y | WoS:Any,-0.24725280584595932,-2.2798773283226823,1.6168147068287304,-0.07187722891718051,-0.23603125974773573,0.06187130910599151,0.04999999999999993,-0.25,0.35,20
DV:N | Cat:E | JIF:Any | Cite:N | Y15:Y | WoS:Econ,-0.6804520360935467,-2.4009904594504214,0.9891679972954842,0.046117150138787144,-0.06877891218154221,0.2141055641250823,-0.050000000000000044,-0.35,0.25,20
DV:N | Cat:E | JIF:Any | Cite:N | Y15:Y | WoS:Multi,0.03247747563063541,-1.7804986939504326,1.6119884667533884,-0.06866378069245382,-0.1559415907806643,0.0013482038336017697,-0.09999999999999998,-0.4,0.20000000000000007,20
DV:N | Cat:E | JIF:Any | Cite:N | Y15:Y | WoS:Other,0.8345378712363347,-1.5054287067646166,2.8580970894431172,-0.05592116341451048,-0.24261437633586425,0.14037957877280288,-0.09999999999999998,-0.45000000000000007,0.25,20
DV:N | Cat:E | JIF:Any | Cite:N | Y15:N | WoS:Any,-0.03617224110045214,-1.273922005291149,1.1450928244283565,-0.10389251361769358,-0.2484551732085593,0.031429298363173847,0.0,-0.25,0.20000000000000007,20
DV:N | Cat:E | JIF:Any | Cite:N | Y15:N | WoS:Other,0.7728947903085857,-1.586120388398165,2.7939343749630736,0.011688878077141585,-0.12064051606029043,0.14872018136089768,-0.050000000000000044,-0.44999999999999996,0.3012499999999989,20
DV:N | Cat:E | JIF:Y | Cite:Any | Y15:Any | WoS:Multi,0.47119268088138266,-1.3333269054617978,1.9913117494819685,-0.1395816649235827,-0.31766490524545493,-0.03625797670311726,-0.15000000000000002,-0.45,0.15000000000000002,20
DV:N | Cat:E | JIF:Y | Cite:Any | Y15:Any | WoS:Other,0.1789118406737309,-1.9802394203755513,1.952198043941219,-0.06107934268249571,-0.1908246341334197,0.04658360035791436,-0.09999999999999998,-0.44999999999999996,0.2,20
DV:N | Cat:E | JIF:Y | Cite:Any | Y15:Y | WoS:Any,-0.4690323503203171,-2.5051998235790576,1.2985549446262976,-0.005799618442535404,-0.07584839391032845,0.05357163997975708,-0.050000000000000044,-0.35,0.25,20
DV:N | Cat:E | JIF:Y | Cite:Any | Y15:Y | WoS:Multi,-0.17790601557118002,-2.246209059976506,1.5698127138247784,-0.059434956460254984,-0.1712511177873813,0.024102068821719693,-0.050000000000000044,-0.35,0.25,20
DV:N | Cat:E | JIF:Y | Cite:Any | Y15:Y | WoS:Other,0.6734529265344591,-1.2902847755352438,2.5347886840346474,-0.15192083051111838,-0.3562062093962699,-0.005007715675563804,-0.050000000000000044,-0.20000000000000007,0.10000000000000003,20
DV:N | Cat:E | JIF:Y | Cite:Any | Y15:N | WoS:Any,0.9613892234994541,-0.5475686794704719,2.368241768962804,-0.14728372556563563,-0.31345106585308335,-0.018093787405825738,-0.09999999999999998,-0.30000000000000004,0.10124999999999895,20
DV:N | Cat:E | JIF:Y | Cite:Any | Y15:N | WoS:Multi,-0.8851059600675342,-2.659048766594036,0.5822691141896257,0.0400972663084318,-0.10205913609213242,0.2009057423347599,0.09999999999999998,-0.09999999999999998,0.25,20
DV:N | Cat:E | JIF:Y | Cite:Any | Y15:N | WoS:Other,0.680882441523722,-2.2793962915151944,3.030937816055572,-0.09554087793393296,-0.2732825014443299,0.054415027531421446,-0.050000000000000044,-0.39999999999999997,0.3,20
DV:N | Cat:E | JIF:Y | Cite:Y | Y15:Any | WoS:Any,-0.4097543201634979,-1.950688105693466,1.0757598761263407,0.004993520983691546,-0.06779397135670635,0.08308150377641119,-0.050000000000000044,-0.35,0.25,20
DV:N | Cat:E | JIF:Y | Cite:Y | Y15:Any | WoS:Multi,1.593214402728841,-0.43680497110688954,3.657262221650764,-0.11515327940632503,-0.4053423635328978,0.1320688867315166,-0.050000000000000044,-0.44999999999999996,0.35,20
DV:N | Cat:E | JIF:Y | Cite:Y | Y15:Any | WoS:Other,0.0171655003168949,-1.847013333921563,1.5640935325563592,-0.05705176892814234,-0.2130991359242048,0.0775747629682576,-0.2,-0.45,0.050000000000000044,20
DV:N | Cat:E | JIF:Y | Cite:Y | Y15:N | WoS:Any,0.25865422764060675,-1.3893804203783626,1.756813283715099,-0.06930303832686413,-0.2423466487717832,0.05140877255710271,-0.30000000000000004,-0.55,-0.04999999999999999,20
DV:N | Cat:E | JIF:Y | Cite:Y | Y15:N | WoS:Multi,2.4090964443869387,-0.5346474895933767,4.932438206456532,-0.04950606191717977,-0.29928331243959505,0.13716272531959461,-0.25,-0.6499999999999999,0.14999999999999997,20
DV:N | Cat:E | JIF:Y | Cite:Y | Y15:N | WoS:Other,0.15608503685215958,-1.6622876496072525,1.7800833061624497,-0.07645521124014121,-0.24233110207556693,0.06023341171498872,-0.09999999999999998,-0.39999999999999997,0.19999999999999996,20
DV:N | Cat:E | JIF:Y | Cite:N | Y15:Any | WoS:Any,0.2040360929752003,-1.6045491165847716,1.843368369804015,-0.09216646307947784,-0.21993811011035486,-0.012175909964188525,-0.09999999999999998,-0.35000000000000003,0.15000000000000002,20
DV:N | Cat:E | JIF:Y | Cite:N | Y15:Any | WoS:Multi,0.3700523917506926,-1.697012231676521,2.107294018192311,-0.09919889415869898,-0.2454539672032261,-0.01383441475021666,-0.35000000000000003,-0.6,-0.10000000000000003,20
DV:N | Cat:E | JIF:Y | Cite:N | Y15:Any | WoS:Other,-0.12420325037467528,-1.676516068782244,1.289117714243069,-0.014001873747335636,-0.12912014934094365,0.06535599820281625,-0.09999999999999998,-0.35,0.10000000000000003,20
DV:N | Cat:E | JIF:Y | Cite:N | Y15:Y | WoS:Any,0.35954136526903646,-1.55978851375683,1.9728420308537227,-0.1153049008000564,-0.3168414452099749,0.016778183701822713,-0.050000000000000044,-0.35000000000000003,0.25,20
DV:N | Cat:E | JIF:Y | Cite:N | Y15:Y | WoS:Multi,-0.09738288047162325,-2.0772809339844778,1.6080387272914338,-0.07662052587673851,-0.17999428181170246,0.005604682553551042,-0.050000000000000044,-0.35000000000000003,0.24999999999999994,20
DV:N | Cat:E | JIF:Y | Cite:N | Y15:Y | WoS:Other,0.6258144889426278,-1.1054362488860656,2.399311114923769,-0.14062531538679424,-0.3402469647866515,0.0009034153272537967,0.0,-0.19999999999999996,0.19999999999999996,20
DV:N | Cat:E | JIF:Y | Cite:N | Y15:N | WoS:Any,1.1326609578481195,-1.3936058135148919,3.264070382173848,-0.238991520079067,-0.5020392613981776,-0.006277337092900961,-0.09999999999999998,-0.30000000000000004,0.1499999999999999,20
DV:N | Cat:E | JIF:N | Cite:Any | Y15:Any | WoS:Econ,-1.0233674796557475,-2.4995102695331304,0.7407325461023265,0.0562608598816311,-0.10636332160330632,0.308343956011891,0.0,-0.25,0.29999999999999993,20
DV:N | Cat:E | JIF:N | Cite:Any | Y15:Any | WoS:Other,1.6592227028410376,-1.0288003648520565,4.018781776919251,-0.09164406345567078,-0.23776087907121335,0.021367145059667178,-0.09999999999999998,-0.5,0.29999999999999993,20
DV:N | Cat:E | JIF:N | Cite:Any | Y15:Y | WoS:Any,0.1389942115296714,-2.51579012939933,2.6760031651414424,0.01705752036727648,-0.1535659568645337,0.2627573172457409,-0.050000000000000044,-0.4,0.3012499999999989,20
DV:N | Cat:E | JIF:N | Cite:Any | Y15:Y | WoS:Econ,-1.1623102986695608,-3.083164383262797,0.9787363268145635,0.08456090668878136,-0.12706000652940563,0.3848452106577064,0.09999999999999998,-0.15000000000000002,0.3999999999999999,20
DV:N | Cat:E | JIF:N | Cite:Any | Y15:Y | WoS:Other,1.3375948685831753,-1.2075556738899424,3.9959810905990194,0.015297670846972866,-0.18235019187675008,0.19256625116823703,-0.09999999999999998,-0.5,0.25,20
DV:N | Cat:E | JIF:N | Cite:Any | Y15:N | WoS:Any,0.6655322451245924,-1.2144527863326955,2.353046936817237,-0.0061062041129464895,-0.21794480195081778,0.19082967385995767,-0.2,-0.50125,0.15000000000000002,20
DV:N | Cat:E | JIF:N | Cite:Any | Y15:N | WoS:Econ,-0.1466095741430946,-1.5600762674966053,1.1923717520084165,-0.032929985695252295,-0.15053710716869328,0.05776953793852253,-0.050000000000000044,-0.30000000000000004,0.19999999999999996,20
DV:N | Cat:E | JIF:N | Cite:Any | Y15:N | WoS:Other,1.8093594616351174,-0.9055976399568941,3.8259311563132052,-0.11064691929923054,-0.2865975154506838,0.04923928782617685,-0.15000000000000002,-0.5,0.2,20
DV:N | Cat:E | JIF:N | Cite:Y | Y15:Any | WoS:Any,0.21421460712970752,-1.8995403901120906,2.0452876533660644,-0.04758377941789871,-0.16886343905671444,0.05091596891919176,-0.050000000000000044,-0.30000000000000004,0.19999999999999996,20
DV:N | Cat:E | JIF:N | Cite:Y | Y15:N | WoS:Any,-0.4136429810677802,-2.2280101886848747,1.156998285138952,-0.014972223908860105,-0.1753639444667841,0.12798269824978592,0.0,-0.25,0.25,20
DV:N | Cat:E | JIF:N | Cite:N | Y15:Any | WoS:Any,0.5106360037610278,-1.87764614417345,2.8337085230709658,-0.17950753865867253,-0.42439551569808176,0.09020065566603122,-0.09999999999999998,-0.4,0.19999999999999996,20
DV:N | Cat:E | JIF:N | Cite:N | Y15:Any | WoS:Econ,-0.60653172359536,-2.344600685971809,1.077097386572696,0.01408983317106105,-0.13188438140933278,0.19778948387823406,-0.050000000000000044,-0.35,0.25,20
DV:N | Cat:E | JIF:N | Cite:N | Y15:Any | WoS:Other,1.3064505691010373,-0.9538427820780117,3.5629475033479223,-0.008267920942215179,-0.14692100195710678,0.12378152947096077,-0.30000000000000004,-0.65,0.09999999999999998,20
DV:N | Cat:E | JIF:N | Cite:N | Y15:Y | WoS:Any,0.4423238843813255,-1.9575796706436237,2.4681751757787813,-0.0024133827598746826,-0.20500925383060603,0.24605803440444773,0.15000000000000002,-0.15000000000000002,0.45,20
DV:N | Cat:E | JIF:N | Cite:N | Y15:Y | WoS:Econ,-1.2938051171575617,-3.2837491961511187,0.49301313372312405,0.14579897507445716,-0.08375339383481686,0.4608006790406703,0.0,-0.30000000000000004,0.29999999999999993,20
DV:N | Cat:E | JIF:N | Cite:N | Y15:Y | WoS:Other,1.6919574445682146,-1.1034926195761645,4.084403050898309,-0.02117243625523868,-0.12982444426329623,0.060546582910179225,-0.15000000000000002,-0.55,0.25124999999999886,20
DV:N | Cat:E | JIF:N | Cite:N | Y15:N | WoS:Any,-0.5669931649302722,-2.7264346382655904,1.4845637754799832,0.11490871795833402,-0.023548519597177554,0.3138389834235056,-0.050000000000000044,-0.39999999999999997,0.30000000000000004,20
DV:N | Cat:E | JIF:N | Cite:N | Y15:N | WoS:Other,2.0415779994372505,-0.4826600762883956,4.477463932397109,-0.1377546000289085,-0.3497645250288437,0.015389024259346627,-0.2,-0.6,0.2,20
DV:N | Cat:T | JIF:Any | Cite:Any | Y15:Y | WoS:Econ,1.9357866141911417,-0.9080519997819897,4.33877534157051,-0.24202971087632713,-0.4484264335052623,-0.052845858770344346,-0.25,-0.6012500000000001,0.14999999999999997,20
DV:N | Cat:T | JIF:Any | Cite:Any | Y15:Y | WoS:Multi,2.6385032664571026,-0.5782218495724786,5.423232190016984,-0.32925736958747,-0.716221791972929,0.019346559375054584,0.0,-0.35,0.35,20
DV:N | Cat:T | JIF:Any | Cite:Any | Y15:Y | WoS:Other,1.3587556305921362,-0.6428258729465492,3.232509209108553,-0.1400632722983478,-0.37359881553956087,0.03472610316938135,0.0,-0.25,0.25,20
DV:N | Cat:T | JIF:Any | Cite:Any | Y15:N | WoS:Econ,0.47685337186784693,-2.225395401402096,2.8576237348654967,-0.06462140639389724,-0.25428703551682447,0.05414773077020692,0.0,-0.30000000000000004,0.3,20
DV:N | Cat:T | JIF:Any | Cite:Any | Y15:N | WoS:Multi,0.8613412596453704,-0.6843710571192199,2.6395226741426643,-0.12402061144415377,-0.31898566173664933,0.008507364799570113,-0.050000000000000044,-0.15000000000000002,0.0,20
DV:N | Cat:T | JIF:Any | Cite:Any | Y15:N | WoS:Other,0.724700651612312,-0.7767227194153306,2.1037539086851087,-0.06180048102369551,-0.2430001895499676,0.06982278287905538,-0.09999999999999998,-0.35,0.15000000000000002,20
DV:N | Cat:T | JIF:Any | Cite:Y | Y15:Any | WoS:Multi,2.263582965388248,0.7657110158104561,3.822999270554016,-0.16395618704392978,-0.3352346374628095,-0.030320460322789827,-0.050000000000000044,-0.15000000000000002,0.0,20
DV:N | Cat:T | JIF:Any | Cite:Y | Y15:Any | WoS:Other,-0.21708940681333821,-1.5153540590971704,0.9880144208622438,0.03183104200594067,-0.07041124202119776,0.15836404220898304,-0.15000000000000002,-0.35000000000000003,0.050000000000000044,20
DV:N | Cat:T | JIF:Any | Cite:Y | Y15:N | WoS:Any,0.5307284224066686,-1.6372061854285525,3.008844592200972,-0.039717978976410495,-0.289757945920106,0.161291988356231,-0.050000000000000044,-0.15000000000000002,0.0,20
DV:N | Cat:T | JIF:Any | Cite:Y | Y15:N | WoS:Other,1.020779089864308,-0.8535229844820744,2.564072048982069,-0.15245687008235898,-0.3146796043867841,-0.01752394821152359,-0.15000000000000002,-0.4,0.10000000000000003,20
DV:N | Cat:T | JIF:Any | Cite:N | Y15:Any | WoS:Econ,1.9277418816478304,-0.6139031451633122,3.9430918248984748,-0.1806166868281192,-0.44397422088634964,0.031979702346046184,-0.2,-0.6,0.19999999999999996,20
DV:N | Cat:T | JIF:Any | Cite:N | Y15:Any | WoS:Multi,2.7314217290871357,-0.14919047699723073,5.553006845529287,-0.4358174606910704,-0.8799435634029819,-0.007035983588298123,-0.15000000000000002,-0.45125,0.19999999999999996,20
DV:N | Cat:T | JIF:Any | Cite:N | Y15:Any | WoS:Other,1.4558183850045188,-0.5825904190847274,3.308874801431196,-0.11182206951913798,-0.3416776860687217,0.06153185688094085,-0.09999999999999998,-0.30000000000000004,0.09999999999999998,20
DV:N | Cat:T | JIF:Any | Cite:N | Y15:Y | WoS:Any,0.9995615600069288,-0.7701551504233815,2.78177376758504,-0.1560186916176059,-0.4512006401569133,0.10136085975571624,-0.09999999999999998,-0.35000000000000003,0.19999999999999996,20
DV:N | Cat:T | JIF:Any | Cite:N | Y15:Y | WoS:Econ,2.188356473475621,-0.2983508869796476,4.672028860636106,-0.23592016626472995,-0.549166145387912,0.032290357385374044,-0.2,-0.55,0.19999999999999996,20
DV:N | Cat:T | JIF:Any | Cite:N | Y15:Y | WoS:Multi,1.6477417935398586,-0.876940245922601,4.011213176348614,-0.1446854508915601,-0.37230546222878236,0.007063855267655699,-0.25,-0.6000000000000001,0.10000000000000003,20
DV:N | Cat:T | JIF:Any | Cite:N | Y15:Y | WoS:Other,0.5472389738104964,-1.0205301570159862,2.222995365363046,-0.0771263319196831,-0.256945234581717,0.06370723078979688,-0.050000000000000044,-0.20000000000000007,0.1499999999999999,20
DV:N | Cat:T | JIF:Any | Cite:N | Y15:N | WoS:Any,0.5352234699798624,-1.5013166640828763,2.3897206190590703,-0.028038094220492193,-0.226429968078112,0.11390404173317767,-0.050000000000000044,-0.30000000000000004,0.19999999999999996,20
DV:N | Cat:T | JIF:Any | Cite:N | Y15:N | WoS:Multi,-0.23957619263007768,-1.8003183927265225,1.0777430042828293,-0.06837803510354812,-0.17405614698767602,0.0212790908980253,-0.09999999999999998,-0.30000000000000004,0.1499999999999999,20
DV:N | Cat:T | JIF:Any | Cite:N | Y15:N | WoS:Other,0.7901182770466733,-1.473819581835196,2.6045568428067054,-0.0923619816482375,-0.28668936948282714,0.07753615524072521,-0.050000000000000044,-0.35,0.25,20
DV:N | Cat:T | JIF:Y | Cite:Any | Y15:Any | WoS:Multi,0.28156868521430933,-1.789228639313022,2.143098622097402,-0.07235428610261296,-0.19882951299774726,0.006237676036573701,-0.15000000000000002,-0.45000000000000007,0.15000000000000002,20
DV:N | Cat:T | JIF:Y | Cite:Any | Y15:Any | WoS:Other,0.12129324054695534,-1.0629254257194094,0.9930189024363728,-0.06197328608227626,-0.17680323538647244,0.028667004209190335,-0.09999999999999998,-0.29999999999999993,0.09999999999999998,20
DV:N | Cat:T | JIF:Y | Cite:Any | Y15:Y | WoS:Any,2.0392162103295837,-0.43581008256530895,4.276720040107612,-0.24077316163026852,-0.5501161462005033,0.011770015352386134,-0.25,-0.55,0.04999999999999999,20
DV:N | Cat:T | JIF:Y | Cite:Any | Y15:Y | WoS:Multi,2.219959776311442,-0.48101724499909604,4.436698986248163,-0.36414128312274974,-0.5978829104243104,-0.15657608583452387,-0.25,-0.6000000000000001,0.09999999999999998,20
DV:N | Cat:T | JIF:Y | Cite:Any | Y15:Y | WoS:Other,1.3941467181813225,-0.33897570436943075,2.9178955353758878,-0.15618190323308084,-0.4097241014256809,0.0020135800081266682,-0.15000000000000002,-0.4,0.09999999999999998,20
DV:N | Cat:T | JIF:Y | Cite:Any | Y15:N | WoS:Any,-0.48764333109422076,-1.9074026944947313,0.7602123772987106,-0.03058699991338598,-0.10193621907595328,0.037653607836904975,0.0,-0.15000000000000002,0.15000000000000002,20
DV:N | Cat:T | JIF:Y | Cite:Any | Y15:N | WoS:Multi,-0.5581172814253499,-1.993390562043714,0.7308005146550343,0.020738772286146956,-0.10397797810439637,0.13489364552753647,0.09999999999999998,-0.09999999999999998,0.29999999999999993,20
DV:N | Cat:T | JIF:Y | Cite:Any | Y15:N | WoS:Other,-0.37224603874097717,-2.3478829378777673,1.5280807057330659,-0.01405702578745538,-0.10974450111849361,0.0864911912149215,0.0,-0.24999999999999994,0.25,20
DV:N | Cat:T | JIF:Y | Cite:Y | Y15:Any | WoS:Any,0.25131118055259005,-2.470533625305777,2.503144156570961,-0.031016828766148197,-0.15204337061811818,0.09644425058149876,-0.2,-0.55,0.19999999999999996,20
DV:N | Cat:T | JIF:Y | Cite:Y | Y15:Any | WoS:Multi,0.32200168686731345,-1.9724103962225565,2.3434344334401955,-0.09919532544177245,-0.19611510670519985,0.005617837501967765,-0.25,-0.5,0.0012499999999988614,20
DV:N | Cat:T | JIF:Y | Cite:Y | Y15:N | WoS:Any,-0.04663019424578252,-2.5317751993909496,1.9677440745998853,-0.036795669138649845,-0.18201117323236304,0.11826107609381,0.04999999999999993,-0.25,0.30000000000000004,20
DV:N | Cat:T | JIF:Y | Cite:N | Y15:Any | WoS:Any,0.22390562811730685,-1.5745715774182119,2.014897494668975,0.031351387430427646,-0.11872290450997014,0.16832619019728315,0.0,-0.30124999999999996,0.3012499999999989,20
DV:N | Cat:T | JIF:Y | Cite:N | Y15:Any | WoS:Multi,0.5525942337536209,-1.5022616291918076,2.5016932049210254,-0.0890495392100068,-0.26743175951106707,0.045273516295861335,-0.30000000000000004,-0.65,0.04999999999999993,20
DV:N | Cat:T | JIF:Y | Cite:N | Y15:Any | WoS:Other,-0.3153738596333291,-2.1603748224026806,1.2535764061778982,0.021737653040787785,-0.07911579476511017,0.1201574424605495,0.04999999999999993,-0.19999999999999996,0.29999999999999993,20
DV:N | Cat:T | JIF:Y | Cite:N | Y15:Y | WoS:Any,0.7191693920708957,-1.107181326939285,2.7796567753445114,-0.024503612948551412,-0.2339585657630843,0.09331572319068865,-0.050000000000000044,-0.30000000000000004,0.25,20
DV:N | Cat:T | JIF:Y | Cite:N | Y15:Y | WoS:Multi,1.0184003010799687,-1.6842808806800038,3.3144931898609813,-0.03783736343259991,-0.22025925024449294,0.12804534524189962,-0.09999999999999998,-0.45000000000000007,0.3,20
DV:N | Cat:T | JIF:Y | Cite:N | Y15:Y | WoS:Other,0.6058586414919516,-0.272350289021914,1.2683243400685946,-0.03688685739501185,-0.17990969302621693,0.053903370110422705,-0.050000000000000044,-0.25,0.15000000000000002,20
DV:N | Cat:T | JIF:Y | Cite:N | Y15:N | WoS:Any,0.5025636446234465,-1.5137419157982845,2.2388639292473447,-0.1490660939856015,-0.349175013812788,0.0021798705750924567,-0.09999999999999998,-0.35,0.15000000000000002,20
DV:N | Cat:T | JIF:N | Cite:Any | Y15:Any | WoS:Econ,1.5313896484555523,-0.9643103878006605,3.546062977003728,-0.09002985443443678,-0.2359019854774225,0.05601285924920273,-0.2,-0.6,0.19999999999999996,20
DV:N | Cat:T | JIF:N | Cite:Any | Y15:Any | WoS:Other,-0.3729051703489752,-1.9899253595844497,1.2424385539529654,-0.01067121321529052,-0.11887622222473052,0.08771638590222605,0.0,-0.25,0.24999999999999994,20
DV:N | Cat:T | JIF:N | Cite:Any | Y15:Y | WoS:Any,0.6899041525139822,-1.250695060297316,2.568001976496873,-0.15782518117383781,-0.29977344170383224,-0.013118501493882552,0.0,-0.29999999999999993,0.29999999999999993,20
DV:N | Cat:T | JIF:N | Cite:Any | Y15:Y | WoS:Econ,1.9076242317841272,-0.5097165104318487,4.23061252842478,-0.09184299207766189,-0.3557416186162516,0.1838131601928696,-0.2,-0.55,0.19999999999999996,20
DV:N | Cat:T | JIF:N | Cite:Any | Y15:Y | WoS:Other,-1.2118925082163967,-2.761694478329423,0.26092854905468915,0.06225277340695057,0.007404727316230864,0.1479015502489403,0.15000000000000002,0.0,0.30000000000000004,20
DV:N | Cat:T | JIF:N | Cite:Any | Y15:N | WoS:Any,1.8944562415244866,-0.3208523152066623,4.069359874160749,-0.14746529364677047,-0.40220260056416757,0.04841186594751834,0.0,-0.25,0.25,20
DV:N | Cat:T | JIF:N | Cite:Any | Y15:N | WoS:Other,0.823085105805637,-1.0972124177685623,2.6408291442421143,-0.14774666956824944,-0.3539063936534015,-0.002836918425345118,-0.09999999999999998,-0.4,0.2,20
DV:N | Cat:T | JIF:N | Cite:Y | Y15:Any | WoS:Any,3.0043419202922754,0.6856157892866998,5.16797238817904,-0.08996263681573313,-0.31742798668364147,0.10282790631671672,-0.09999999999999998,-0.25,0.0,20
DV:N | Cat:T | JIF:N | Cite:Y | Y15:Any | WoS:Other,0.5164452803601325,-0.7889440091995655,1.8319065597853437,-0.061350446838162265,-0.2055962904433951,0.06194909133885439,-0.09999999999999998,-0.25,0.0,20
DV:N | Cat:T | JIF:N | Cite:N | Y15:Any | WoS:Any,0.017031131445804704,-1.8423014893682268,1.7557944510312824,-0.06489157891734598,-0.23386728473584015,0.08527729139334783,-0.050000000000000044,-0.25,0.19999999999999996,20
DV:N | Cat:T | JIF:N | Cite:N | Y15:Any | WoS:Econ,1.6541796532144923,-0.3751511083864227,3.8527508609803283,-0.12033965902178034,-0.34127308928144456,0.1326300326723386,-0.30000000000000004,-0.65,0.09999999999999998,20
DV:N | Cat:T | JIF:N | Cite:N | Y15:Any | WoS:Other,0.0488958678549789,-2.0577863723754626,2.117377162434965,-0.0170939027730439,-0.15791231610598574,0.08462395755008993,-0.050000000000000044,-0.25,0.15000000000000002,20
DV:N | Cat:T | JIF:N | Cite:N | Y15:Y | WoS:Any,0.6373426479625186,-1.4015124139791737,2.566238489067142,-0.18902266446468713,-0.37897670925109145,-0.022825379749087236,-0.050000000000000044,-0.25,0.15000000000000002,20
DV:N | Cat:T | JIF:N | Cite:N | Y15:Y | WoS:Econ,0.8179117701560665,-1.4832089364344845,2.8017186025720155,0.010640753306008333,-0.20153761833936398,0.24041419112162055,-0.09999999999999998,-0.45,0.25,20
DV:N | Cat:T | JIF:N | Cite:N | Y15:Y | WoS:Other,-0.6884838763258978,-2.7449243841726614,0.9883035718781646,0.06221835278936583,-0.036185117959969884,0.17259286261455026,0.04999999999999993,-0.25,0.3,20
DV:N | Cat:T | JIF:N | Cite:N | Y15:N | WoS:Any,0.9976327168574892,-1.7496272106551558,3.623873416482364,-0.09707206673768076,-0.29356037700933413,0.07166723663980303,0.0,-0.3,0.30000000000000004,20
DV:N | Cat:T | JIF:N | Cite:N | Y15:N | WoS:Other,0.9550433411804908,-1.5457563274402368,3.2297094194788736,0.01167733426130213,-0.17637936078810268,0.1614423773980544,-0.2,-0.55125,0.19999999999999996,20
DV:N | Cat:R | JIF:Any | Cite:Any | Y15:Y | WoS:Other,-0.5595659130122712,-1.9595782708100653,0.6550659365230015,0.005083343064413937,-0.12242814295393807,0.09738525368325453,0.04999999999999993,-0.09999999999999998,0.25,20
DV:N | Cat:R | JIF:Any | Cite:Any | Y15:N | WoS:Other,2.9551056407678926,0.41753668921578946,5.279086608262418,-0.4439283807965995,-0.7183573316103711,-0.14140467152724212,-0.30000000000000004,-0.6000000000000001,0.0,20
DV:N | Cat:R | JIF:Any | Cite:N | Y15:Any | WoS:Other,-0.29983038096300163,-1.8011835907853917,1.0207257512809214,-0.06559972528711311,-0.1878305302203244,0.02098472898700824,0.04999999999999993,-0.10000000000000009,0.20000000000000007,20
DV:N | Cat:R | JIF:Any | Cite:N | Y15:Y | WoS:Any,-0.2649233840694887,-2.2123191820207517,1.396663920339412,-0.06130678624744634,-0.2646577989037262,0.09374563333654334,0.0,-0.24999999999999994,0.25,20
DV:N | Cat:R | JIF:Any | Cite:N | Y15:Y | WoS:Other,-0.3200470754749496,-1.5696481006939804,0.8141331279886725,0.0011048420042278906,-0.03641319514309406,0.03825498515251869,-0.050000000000000044,-0.20000000000000007,0.10000000000000003,20
DV:N | Cat:R | JIF:Any | Cite:N | Y15:N | WoS:Any,0.638149199905552,-1.1930303040271677,2.386934418403431,-0.17939213211293514,-0.3736243040771703,-0.028730297799021916,-0.15000000000000002,-0.4,0.09999999999999998,20
DV:N | Cat:R | JIF:Any | Cite:N | Y15:N | WoS:Other,0.8613387392367313,-0.857874665557423,2.568650754188553,-0.2132683194310664,-0.44786628234018305,-0.029201872331574858,-0.15000000000000002,-0.4,0.09999999999999998,20
DV:N | Cat:R | JIF:Y | Cite:Any | Y15:Any | WoS:Other,0.18948627084863734,-1.687209469271276,2.074524577994037,-0.06590952587424825,-0.27212908257370655,0.07913854350298996,0.0,-0.14999999999999997,0.1499999999999999,20
DV:N | Cat:R | JIF:Y | Cite:Any | Y15:N | WoS:Any,0.5045440319501777,-2.135483382498076,2.9226240767623777,-0.14214719461260716,-0.36454608732646093,0.05717358267179566,0.09999999999999998,-0.15000000000000002,0.35,20
DV:N | Cat:R | JIF:Y | Cite:N | Y15:Any | WoS:Any,0.42672048625243253,-1.2219722816865957,2.2801444447914077,-0.08394786128311438,-0.25610856232375034,0.07232540320071597,-0.09999999999999998,-0.25,0.0,20
DV:N | Cat:R | JIF:N | Cite:Any | Y15:Any | WoS:Other,2.051472364968494,0.22769599077279112,3.7854337278287593,-0.3403457852653632,-0.592032313154331,-0.11814608608927697,-0.30000000000000004,-0.55,0.0,20
DV:N | Cat:R | JIF:N | Cite:Any | Y15:N | WoS:Any,1.2196377229938324,-0.8053711335657314,2.9515721411691414,-0.2549016620250531,-0.5241810135481884,-0.059009936460682276,-0.15000000000000002,-0.45,0.1499999999999999,20
DV:N | Cat:R | JIF:N | Cite:N | Y15:Any | WoS:Any,1.2978785143177616,-0.9592807078910323,3.2061490881869497,-0.2665750761089098,-0.5139819734806154,-0.05086274842732723,-0.15000000000000002,-0.44999999999999996,0.1499999999999999,20
DV:N | Cat:R | JIF:N | Cite:N | Y15:Any | WoS:Other,1.378149258130768,-0.7302334924462238,3.0800033898188848,-0.26314138107706875,-0.51247749099412,-0.04196791283276867,-0.15000000000000002,-0.4,0.10000000000000003,20
