,Q1,Q2,Q3,Q4,Q5,Q6,Q7,Q8,Q9,Q10,Q11,Q12,Q13,Q14,Q15,Q16,Q17,Q18,Q19,Q20
10.1162_003355399556151,72.48822784683011,88.52151692161495,78.26004852912148,80.45977667292595,77.65158795612645,93.55487573100606,74.50635619806151,91.86905993881788,75.97140835435158,72.68205221690567,82.05682623750556,81.7917746900985,86.653545647389,85.74100802979518,88.84003586684287,76.88603343250789,88.90058944835806,71.13060253326893,83.96229958367597,79.67256534305487
10.1038_415137a,79.76884898056626,93.16882410846529,92.64928331347859,90.4540886367485,92.14786475711502,95.7948142680382,90.18175302637832,95.54739427604689,85.16956696909207,82.98383404187187,91.25088422775069,92.52532178421642,91.37395575057798,92.4491442421301,93.92681249913727,89.32253751425134,90.59545042102211,81.75533277141237,92.54466615596864,89.0364925835606
10.1257_aer.90.4.980,70.12530857059265,81.79036121655568,74.31227104039314,69.69474855394289,76.41573888347624,92.83377077864306,69.53099128115691,88.17467476719946,74.75842689375416,70.84774202954188,80.52833558684385,81.83448744527918,78.2413341454301,85.33917024995522,89.03857031304106,75.76604875139115,89.0970720194598,60.92529627695926,71.34615978702243,77.8005122921843
10.1257_jep.14.3.137,71.0032516938761,82.25382635831724,75.66357023031425,75.4135677732356,76.7890353839465,94.88841757144723,70.123987163907,88.93112502439492,75.83332221653637,71.75266510764237,81.02403122436185,81.66012607841714,83.37743585754349,85.65597721475808,89.66781647730228,76.81305730947845,89.56697457675283,62.91175776272478,75.54841741117728,79.81414417164018
10.1126_science.1153808,68.74296207496606,77.5120047813113,71.33142601536603,66.59715266237771,73.27730161176665,90.2806248859457,67.7338649589859,85.61598428790023,72.64878575814855,67.99972974415549,77.10838043426797,77.10919112258135,75.4517612235871,79.8393979615075,85.86951872734555,73.75544329436462,86.49061532939798,58.28375621134525,69.46055459192786,75.12320839226328
10.1073_pnas.0630443100,70.61183577678554,84.86492143153048,82.80079466898054,77.49514679700886,81.19472106066672,94.0759516538721,73.57018244797815,90.21978848794897,79.11281988830375,72.75674921421083,81.34412862165894,82.44762855939048,83.88504505873674,85.55975701361,90.22964196223919,79.21648278351526,88.44936482267534,66.80474176257955,80.85429099522561,79.3152990157861
10.1126_science.1100735,70.25554236548908,81.8254359400351,74.58837229951449,69.40049571635154,76.14044707628912,92.95870174950633,69.32957467617979,88.32233125429605,74.3296956220608,70.92282032195449,80.34471472326209,80.19271079168824,78.83477073198365,85.19789404555172,88.92098774647522,76.96763375902704,88.70546555472431,61.761514254857545,73.29240909217229,79.51420486362557
10.1126_science.1127333,72.89624535895713,83.27914281227126,82.43244831920929,76.61572974628353,78.19615147147182,93.56291694039115,75.71630361602391,93.35982826878386,80.4198320142931,75.23745296022405,82.67718497301556,86.04682107040021,85.49446696858199,86.83743951908208,89.92184020048107,83.35758298741541,89.83940295938554,70.36070810673729,80.78970088714144,81.50829146046533
10.1007_s10683-010-9257-1,72.81949681635182,88.32482852429276,76.99784071792632,81.98807454009281,81.18046215999482,95.34718395864142,76.87889154107063,90.75854189405496,78.73130709005306,77.56057342058305,84.34782844239561,82.08125545458014,85.67966720163838,90.1585249994012,91.02326975704729,79.65668373292426,89.89139100723455,70.79213696224471,81.3074638825631,81.67424628918549
10.1007_s12110-002-1012-7,83.32739974948127,96.05182759624668,85.9918403599936,94.05009323380318,93.16655699115574,96.00391493084027,89.92555894226813,95.58737165374829,85.18387025358716,84.23313026816014,91.76774783612076,93.71336399325193,94.85955704152005,89.56563440652373,92.97416554051394,90.69415974362828,90.40526109322604,88.53180350536813,93.60330738187972,88.56384031404623
10.1257_aer.99.1.431,73.11651341098705,84.03285989881047,77.20346387116628,70.82240363442801,78.5321460085402,95.92287041989354,72.27053853493877,90.54630666622171,77.09983149860014,74.71378437154179,83.29617823072343,83.12447841342515,80.04901521060792,87.90649270025673,91.20369426250869,79.1687735492131,91.11992509018846,62.500357285962764,74.38520578776608,80.94890331980547
10.1038_nature02978,70.20979085353135,81.07240663493063,75.74644292428268,69.76241931301992,76.41489860404087,93.43266128768393,70.24186697536538,88.73211257769177,75.4422745141936,71.25747998424097,80.23897917218153,81.38410342497815,77.68903343471564,84.67446857750522,89.07248369956338,76.17339451629338,88.92430891104863,61.67730677417226,73.19043272211489,78.28835218343588
10.1126_science.1123633,90.9414410272795,96.85874037607385,93.22458203166006,96.15669315538042,96.59345701064098,97.47221043704629,93.21374049154272,97.5639700518019,94.98171329072963,96.11451777788113,96.68656078357444,98.01335411701193,95.99551076047585,98.18906343876709,97.53043015208918,96.82698392349074,97.72053791566746,97.06646289307481,95.02886082538859,97.96775467447591
10.1126_science.1141588,71.10942114785757,82.11135175212314,74.42848484828235,76.71564121118797,77.08102841386929,94.51073721236719,71.40992745679901,88.63508524575867,75.09663068135801,72.93200692016181,81.25423796842533,81.04122465152325,78.38708727898299,84.77530024122231,88.82251594009546,80.18073028406124,89.59329700936946,68.67689722486361,79.473318713529,79.90801989923204
10.1038_nature04981,71.43353819704537,81.66173857151476,75.1269078606858,67.69677368258834,75.91380105052386,92.171232924935,70.43280205702153,88.17521599519934,75.16976116066512,72.0573649067081,80.42127445128067,80.46197573286595,77.30374498270804,84.79749051105753,88.35527826966427,76.80747226605457,88.73161055785441,61.51168358150628,72.69043810344913,78.47373052257592
10.1038_nature06723,72.36419169996356,85.97901064191709,78.99996562109447,71.99989702352231,79.98311455782387,91.908926663013,71.68770527900202,87.59676997637348,78.99942294686531,75.93703129928713,83.32266818170235,84.940869013486,81.83169127933745,88.99998918432897,88.88205682784812,78.1590676676827,88.29290646670738,64.99566804940787,76.84244238704507,82.68956943948554
10.1257_000282803321455359,70.03136998479484,80.68652848423218,74.60502025280432,69.3779026861014,76.45473704964773,94.08495719255366,69.17726303026568,88.27549597207465,74.94469481978751,70.05666182900634,80.41632523054334,81.10774856821128,79.81216372214112,84.9742614832362,89.03106563159622,75.61435271677203,89.08000290838817,60.81905372953828,73.53031840201727,78.08290289622238
10.1073_pnas.0913149107,71.81770129739783,85.40300981499504,75.03261034656738,75.5666031312872,79.51867812408722,94.13313496981714,74.1887540867712,92.44076544189552,77.05880507717582,75.67276810772779,86.67634324012691,83.77076325332274,84.11147287374044,86.1568190051438,88.87151415909494,82.42841047879561,88.84142850176812,71.8224916165971,80.03526243850993,80.85039703150606
10.1126_science.1177418,71.2009190961581,81.50727174689128,74.61422049605177,67.32698589868231,75.84342651657151,92.40829253000715,70.2389363281376,87.64111141538093,74.65680742735212,70.42461580994099,79.89549091450976,81.22060166020043,77.07919428483517,84.18197740710112,88.30632565261014,76.41502509444241,88.09701874618565,61.17281883136339,72.50549081746632,78.36226105254218
10.1038_nature01474,64.11809091344668,76.49351539858871,66.32841969175949,64.42130415756148,66.94063422865587,83.741476725196,63.2870453531877,80.32307495422805,67.41987049246718,66.38724588514384,73.60778544439223,75.52115816751198,73.36436208525292,75.60213378164124,82.09210910741128,69.72497383882458,81.4508519182971,55.23239790599358,65.22417016647938,70.39464633188855
10.1073_pnas.1108243108,70.80352207599208,81.96476096920149,73.58587281786822,69.25869782533431,76.98834717318375,94.17099290602515,69.43728073494871,87.75375060830528,76.89820707024892,73.52609851720311,78.90153799032687,81.01159887485409,77.8248052453744,87.32248650258197,89.33135270062913,77.44724842641156,88.40642572394398,61.918269189466685,73.66312283144514,78.87039127240033
10.2307_2667052,68.37045557659769,79.02587900587001,72.70467114699984,66.29594184450907,74.39860667020693,90.54305271247945,67.75911525477645,86.25973111000108,73.01548518216532,70.1032328440593,77.37670013183414,78.97866153412367,75.95291039818645,81.40783436892838,87.049590218243,74.2076679112953,86.66928796919987,59.22353007874203,69.40511063718742,77.07194738934437
10.1073_pnas.161155698,75.51917653274126,85.77808347770652,78.91665530738557,72.01607886221741,80.00127077848992,95.97043557620286,74.93847072714756,91.40365451548,78.99954806887757,75.90634690585551,84.84919460172968,82.15630314517045,82.10953886739131,89.00479650077263,91.9920332239752,77.98842017306735,91.28171451484792,64.44345879118032,76.67524463300741,82.99001357410772
10.1098_rstb.2009.0134,72.12776429970693,85.37253720047988,77.55392017728546,76.7124431815677,77.81543147364427,94.82379656255128,71.71856398382008,89.20850083514657,75.71105463402996,72.39057100389537,80.79727919761176,82.03538462231795,82.60125441688488,88.26489313411541,89.43037272825005,78.68243510309067,89.15741118977306,67.0087591294962,74.479355652397,82.44613329626087
10.1126_science.1183665,70.46515144258578,80.97008458798186,74.99936273003722,68.37140278917298,77.93789014921414,92.47022936601284,69.08558747846304,88.49386781106881,74.82583339885457,71.30599942661317,80.56092937672784,81.19981455863254,78.09500079146575,84.27748441941469,88.68043313372246,76.90451696590591,88.36514646970828,61.160362430841694,72.92500852560161,78.25059035620129
10.1038_nature09203,70.5487124922075,80.67761170225809,74.32082577757609,67.27571210190673,75.45356189669975,92.04556585169323,68.18230301508964,86.85996567755024,72.76600156731341,69.67831673422816,79.04692933127099,80.00818928050175,76.5709232545498,83.42774009308641,87.67205952881443,76.09272930097497,87.09415792887022,60.6719552903731,70.6703279947044,77.36581073922056
10.1017_s0140525x11002202,70.85450102074472,82.54909377984822,74.72184804696992,72.90400492900334,76.7576871316441,95.50966372695085,70.94965272077083,90.49378154182087,76.48443820624081,72.33769775881426,81.31736493453987,80.95179988651277,79.8271519720632,86.73241312707621,90.67463525083694,77.03003568506607,89.30134875524517,62.664609789547875,73.7197602944314,79.92325412722455
10.1038_nature05229,81.04083479348614,91.12027870893755,86.64066994533916,82.04445423160887,87.17579272102567,97.61803302701156,82.15250175716999,94.95949921404123,84.24737391668528,82.41389175179631,89.78324785559725,89.34780166078316,87.97917482038511,92.18164709506621,94.30465071128464,86.90526002482903,94.78869729820251,77.35104107044377,84.24153787826799,88.13459255434464
10.1126_science.1193649,76.32330864596443,89.98823799064475,85.2842978120748,78.90247181057507,83.50727226189575,95.11133019310428,78.30362676571879,93.36707803889956,80.65620430195615,80.15869439725894,86.86728590291898,86.77269698907494,87.65522231854602,90.65387668258784,91.64409073384147,83.9648123445203,91.93535120648801,73.2508008051942,83.38348869962019,84.72432204454974
10.1257_000282803322157142,69.83181147377381,80.62884846901576,73.9187927198853,70.05717388872456,76.7053493240909,93.59523580771813,69.37476750259164,88.15987707704166,74.94469481978751,70.1564119791599,79.55558076537943,81.24248032965234,78.28007087212517,84.94797585653316,89.03106563159622,75.76604875139115,89.0970720194598,60.86811199784032,71.72825692787046,78.1956331793856
10.1073_pnas.0500938102,71.99104491297442,83.29261643967878,78.50686153841868,77.96567212412185,77.50566237012664,93.79945767839259,74.1006752494939,89.20323701795708,79.90586037331092,75.37067576015812,80.82193743746153,83.79695904224312,82.79285697904953,89.88490443820314,90.43166445182315,79.96170426610632,89.48835947934619,66.83044072469815,80.22560955073845,80.1248000499001
10.1002_per.474,70.45223820086147,81.97408418408212,75.42570942333082,70.53608966828747,76.89767397772737,94.66707561022903,70.9933951203761,89.13030953727001,75.43668380796265,72.15871234487189,81.25469098329462,81.72437632957255,78.89772316560088,85.84274780547013,90.05703207672587,76.67336172984803,88.72507516801726,60.7223632289161,72.95730932986847,79.62289164129845
10.1098_rspb.2003.2336,87.44333443154528,96.83584404149902,91.96376433255638,89.83133583718964,91.53116683500836,98.300353468774,87.71337239723262,97.3573863753912,90.34637517546487,89.18941060893509,95.08823829609577,92.95712510799284,93.38567991831843,95.14885140141499,97.15630219716104,92.08406009119226,96.30905596856991,85.36957879753885,91.18320496087928,92.05465350288878
10.1103_PhysRevE.83.036101,69.53496138297537,80.78779377303947,73.5850111133791,69.16544436291052,74.9165569018823,92.5311803858796,69.07475585134783,87.45254028749909,74.01090348276064,68.96168624312715,79.59941115737733,79.25331752361276,76.77249965351957,83.79391674066069,87.58306221716693,75.37987878235761,87.43981894076524,60.5225003582372,71.22126643464145,77.33983069959386
10.1111_j.1465-7295.2007.00051.x,68.6367027700179,80.06405358796185,74.01570690641157,67.6241410127363,75.39099320574097,91.9779302909264,68.08683234775417,87.5672259267644,73.16724049092431,68.57121952343586,78.84971399838723,80.30812681666576,76.55659875054609,83.93728256875829,88.65380841279448,75.65495340062785,87.7754195892053,59.195585272464655,70.49312624282302,77.93841196694781
10.1073_pnas.0502399102,70.53988219285432,82.12104387708354,75.01722102813686,68.65335872219912,76.7737586385013,92.73309899752039,70.05477413807765,87.63665020134164,76.12974336354007,70.87371245172703,80.98380881589897,80.96995616507493,78.58186045872827,86.36203264912344,89.58305131492658,77.58445506185699,89.5322042597219,61.12023530163107,72.51616093795177,78.68551551859919
10.1038_nature16981,72.45394480493417,82.31417910937968,75.90355090247209,73.97491504480699,78.56953834043564,94.49632614958799,72.11451595047211,89.47301932231188,76.99638249692036,73.62906811673918,81.05579687271286,82.99308628034318,79.73941723415457,87.21765407612551,90.64266385716657,77.89333310766264,88.52218950471959,64.22953406299712,73.50921698175527,81.06318180239579
10.1371_journal.pcbi.1000758,78.7113417561116,93.11769332663236,83.04215100780533,87.59577592106857,89.07818361632286,93.45621571371825,82.07883726662683,95.23392232008041,83.74693449784093,82.25105289748821,87.4671375144481,90.44276308142597,90.32373172900408,91.39607480374391,93.96819750741916,87.21004621567833,88.2186176974402,86.2125108617512,91.98477772685152,85.4071762114854
10.1017_s0140525x11000069,70.81773418565527,81.7134124085195,74.40065830313321,68.87736156647092,76.76802480202365,93.57085055072187,70.1960032052205,89.19761927758793,74.550374376378,70.97881889748642,80.10116443773711,80.90772818634336,77.87000384031806,84.52889315229251,89.62885054932346,77.4017221450187,88.76386306237137,61.021210832422305,71.51733639234561,78.69368455533404
10.1111_j.1467-937X.2010.00608.x,76.66815351746621,90.76897467706807,83.97059157135217,83.73095342662589,86.21052308207902,96.2264066772894,77.4253706408438,94.34238183490281,82.59711617166722,80.71546862410393,89.95585897322256,87.37038700918878,88.71230653240653,92.2130422200217,92.77877309921254,84.45510448989963,91.28378882290222,74.9384337343186,85.40506622479218,85.21739174424266
10.1098_rspb.2007.1558,67.17526320079406,77.11687562363143,70.19111840316175,66.40647132500295,74.4422084424257,90.66622054473922,67.43169934570491,86.08138014259771,73.02862466082425,68.55566315589238,78.29343642304102,78.98721804649745,76.24409537986901,82.04288974976012,87.37821093394288,75.1221570624311,85.31187026054678,58.502424625158824,68.01233408685334,76.41394213403107
10.1038_nature16980,70.61680123072495,83.88235000096277,74.06508195286841,72.78524925310217,77.2003837338509,94.12881875207931,73.22348375227682,89.23128756332517,76.63636106716804,75.1825932325336,80.23373454045348,80.3083050970557,77.85803380799543,84.3292071950035,90.01763074391536,79.77617948028323,89.28116151353811,63.23791994936211,74.79663164286622,79.43292081519647
10.1073_pnas.0504902103,70.76235648379755,81.06039999314443,77.28822634390217,68.35523680471867,76.34138547479326,95.1245005631768,70.5032288326682,88.4185841046997,77.1142822612738,73.43293577453137,79.41543480284702,80.63104944303355,77.38335914507593,86.07938136170064,89.54150367298132,78.55951381717993,89.37760423610148,60.678656008605266,71.68831354349727,82.49338155368966
10.1111_j.1468-0262.2005.00644.x,69.72738692595584,79.83268350918628,71.9960421680206,67.60897536747932,75.13805348635324,92.37791478641363,68.42323582980637,87.67274429819365,74.42701740187876,69.86942267032963,78.76043707819157,79.91899823903995,76.8972701440192,82.54480247635126,88.65415345031133,74.48993521089115,87.46482147948296,60.18102126943592,70.19469898049206,77.22019628472043
10.1038_nature07601,68.7596442147914,79.00649303642405,73.00355027585046,66.51528497311597,73.99571303801022,90.82914338625777,67.18123781482568,86.57823215314492,72.9798942242046,68.41845918563146,78.40484820010896,78.81935757775989,76.19056515683916,82.84055142856528,87.05375054022538,75.86187547415841,86.97950341312394,59.74038360329161,70.06289830142373,76.76334758841708
10.1126_science.1145850,70.09755510236869,80.88441572857023,74.1542354666952,69.43213233706868,76.48171329933776,93.94227477514255,69.09080996062791,88.1772393348725,74.04338275363381,70.47604356645394,80.00237915626043,80.765600587264,77.01643974824596,84.7581705817458,88.95569210912774,75.93066237986226,87.1016011177542,61.618951255042965,69.7165971116513,79.45026287716473
10.1038_ncomms1442,68.80479080253167,77.78519626849138,71.94270054171493,66.26193157040628,71.82187355059443,88.39427888902082,67.40668552166562,84.75902064677018,70.63449310349561,67.9808260321578,75.69627391117889,79.17394692079557,74.2544237981098,80.45293202764667,86.16546965781802,74.41770079976966,85.58276705676755,57.83846450161154,69.07669335909118,76.2598556146377
10.1126_sciadv.1601444,71.2964896824806,81.86133706267505,78.15973586157898,77.1487088788816,79.83266286997879,94.90266620571175,77.21189552101102,92.55767457728302,75.84397391331119,71.69531918349452,81.3248247461468,81.38365215983299,86.50040596303822,89.1767499607964,89.77945392400052,76.43119423649546,91.23551314727573,61.648546580088215,71.64662698000255,82.84416017338158
10.1126_science.1183532,75.97535839663351,83.3875475221583,78.90233149057566,72.0000107728647,80.00012819754741,96.00000105784058,74.99110946618306,91.99973511329833,79.00000000079748,75.98450016777117,85.00002593041951,85.00028616253694,82.00349669852693,89.00000144259076,91.99999414144368,80.80902423879117,92.99587785598669,64.84015401854683,77.00158464963458,82.99829122963521
10.1038_ncomms5939,71.32816356857414,82.37512838311658,75.4138425330816,68.3982787839039,76.85271879875789,93.64712125229372,70.31519245052289,88.59820953902806,75.65357223647334,72.25538959376328,80.80355277656653,81.33058107839831,77.93852534651964,88.47609246084384,89.40135585845971,76.98672535820637,89.42942363142794,61.63255031684794,72.53484503351912,80.22462104339331
10.1073_pnas.1105604108,78.04895655145127,85.81548373456447,83.17385523470064,81.41618271694036,85.83919981031522,94.26405911151687,77.71601155199355,93.6779973911561,82.16418510956575,82.1587295973096,82.12113614262826,88.03560348666383,87.55213087902992,92.08961239812884,92.36220455912536,87.02025582045555,90.29813757227477,80.56344965503585,82.97073038946627,81.79655941202003
10.1073_pnas.1707505115,68.27608660229147,78.56592177927281,71.87614649166804,65.16155483044238,72.21940965357204,88.64098829125307,66.42828558146016,85.35932099717147,70.89862588750677,68.12834565518362,77.93265050193858,77.13995110736637,74.13495012130655,81.37090953233782,85.39108461925724,73.60687103062043,83.83723784242363,58.01950151557491,68.82369822410244,76.30886127674108
10.1111_j.1468-0262.2004.00511.x,70.75260841418361,82.09149141405499,76.46575724415848,75.61724635223675,76.69955059082042,94.15853474898093,70.96907790812215,88.73800962179706,76.3122504059946,72.15519125834587,80.60254520504543,81.04054121590619,80.35232714090222,86.36347031598926,89.40642849250122,77.09262889324202,88.64518836027149,59.970056743061846,72.36677079021675,80.00456797605314
10.1073_pnas.1421402112,71.9146084945349,82.56976291167965,77.15978296015979,71.99479772544501,79.18848750374642,94.93386664103355,71.14694202772094,90.56364345078404,77.40874979517314,73.4197421947283,83.74041027219575,83.236195255215,80.50242523933656,87.24846671928819,91.08162008934876,78.82743907044022,90.06523025323162,62.638520438260606,72.92012989207171,81.05427495475972
10.1007_s10683-007-9171-3,70.35973425546558,91.6887046749445,96.89732953737416,94.35152622774318,77.82832159098436,94.25453883180333,71.68700939813995,94.4462147811449,79.57971936749661,72.01881466230105,95.15506890882007,86.52301958737381,90.33762353082142,91.17361149404374,88.7224296932059,95.06034463911969,88.88279163573868,62.08376194456841,81.38514600664122,78.2839371058796
10.2307_2297904,92.1780676997047,92.95901291153511,94.54137505310787,94.40591607682803,95.41011021237517,96.11943432636724,93.17301948132399,94.65958732522766,93.98646529089422,93.80403158663913,89.56534848822824,89.0551777919092,94.54453527501894,91.8681227203274,92.73363134370386,94.94336378458009,93.75014009438024,93.29521443533298,93.73098346868586,90.19005560016177
10.1111_j.1467-9442.2006.00444.x,71.5381448005394,82.25036894906845,74.62725093897984,68.40981786597888,77.3686245843738,95.89972117958196,71.0314367611464,89.60721932586092,76.89548188249789,71.81599223711036,80.48022670904679,82.57629826743033,78.27027411039332,85.57604931824208,88.91044783285103,78.17209374336802,89.72802184048717,62.16603576786683,73.63266342002179,82.41078928994047
10.1103_PhysRevX.7.041027,69.69174521684603,82.58943362017386,76.38353627810535,73.34714253449495,76.67069695186159,93.34147638795062,70.32415485273035,91.65109759381151,75.05463687687569,72.40558284163515,81.65346934329447,81.70836190335521,80.87310829644703,86.4169305962711,89.11001502133941,76.13754741350888,88.58574375443807,64.6909268385536,74.47748174985529,79.28891433204505
10.1038_nn.3087,70.5636533201778,84.74041327005702,75.54822049384896,75.36657187213504,77.38945530106143,93.90770329328545,72.96582683793352,89.41966994703809,75.62494638727404,75.08629784409237,80.63572895069798,81.06622382905617,83.44088241046718,86.63645919920819,90.41585628755195,78.01433474968714,89.70554350213546,66.46152870390368,78.48214228287546,78.453658564748
10.1103_PhysRevX.3.041021,69.95898860398455,80.5557670542308,76.19135222139595,68.35213712723855,76.74887917288753,92.97776374263054,70.20248642980168,87.97768740081958,76.48710430484323,71.09021300698018,79.64262862873572,80.9801805550898,76.77138577771399,84.52902306729402,89.3791939487852,76.76483232850553,87.50774413429583,61.18720184502782,71.6385063815066,79.43717757820099
10.1007_s12110-005-1017-0,69.76000951959026,80.83523512549688,74.33382344904386,68.05834447450292,76.49756106761937,93.47014213890758,68.50744162090615,88.29023974496852,75.08427096498059,70.38235151842794,79.63139911255472,80.86855300053008,77.4257305775002,83.98336286819557,88.8906873854197,76.75840134154997,88.66543121309581,60.4376563321964,71.28949297629691,78.80644248840171
10.1126_science.1241399,69.80127696910338,80.87956953389892,75.05601617507074,68.33481020426547,77.37875976976132,93.31496354586756,69.67261634770294,88.37542535060622,77.90391238411232,70.32380170846542,80.27473074614599,81.02298349835911,78.60493503198745,84.46966876185007,89.09593255517488,76.6994047832286,89.2652806801831,60.5210499293157,75.05090921650763,80.05248631248529
10.1103_PhysRevE.92.012819,73.96246075864366,87.4330729222791,83.3313157223715,90.87756993059774,80.42362431710826,95.8776302552166,81.21080628773133,92.41547292360549,80.03472097751141,80.97218051214293,83.15325911715229,86.02995619062129,87.59185483364786,86.84979553767128,90.21306008627408,89.26770685196438,90.0958533063984,72.03886580382552,86.45203074911689,84.97902247285296
10.1073_pnas.0808450106,70.55715602294605,82.20577320191693,74.88071417658608,70.9218548564841,77.00103976003916,93.30136354155168,71.40242730599127,88.9128835695765,77.17649407003951,71.69581218347788,80.17641892090664,80.71031392625314,78.31495161078337,85.57541250267816,88.73850015085021,77.86646816471607,89.04811545603822,66.35314920348723,73.94851198410953,79.8892691622614
10.1007_s10683-017-9527-2,70.29832858153227,82.59004844641356,78.29221611745855,75.16741738718551,77.22127318665854,95.56370833510638,75.28861380546051,91.80001896157971,74.34698105166125,74.52654769199641,84.20534126829041,82.46583545226055,78.47700442511153,88.06425882928,90.66758425808457,76.16901625362217,89.85876475930371,62.101673949393856,77.98475689489176,80.80190327565832
10.1257_aer.99.4.1335,77.98410109988559,90.6780099667142,83.8382802613944,79.97443522383577,81.53859409231531,96.065549743003,79.23106970753128,93.2082789601353,81.69447437522594,79.00247958069107,87.65896392110352,87.1834571138565,87.12885076383037,91.12508998961565,92.56748347013065,84.15202595027147,90.37568851688974,72.28458479525683,83.62529403475277,85.8512082494114
10.1111_j.1468-0297.2005.01031.x,71.9915056991705,83.62382913918435,77.21271665241936,70.81038763638884,78.28149857427566,95.26192284377554,72.23968493428428,89.93806311362017,77.6542328568085,72.87997640082592,83.02604402010905,84.4400747013303,80.28853673538069,88.94302728356533,90.54370673929901,80.44961463125068,90.45752978630098,60.545020263782625,75.36669849419225,80.08419308266403
10.1073_pnas.1105456108,75.84846052320268,89.38169580018287,85.32737496653324,79.13138163788665,85.6696596840141,93.69381229832632,84.53139816141505,90.40657754629406,83.02948580600523,81.7916775520672,87.16882736931721,87.95440858818785,87.86991442711589,91.53656145122643,91.50237910223382,86.09927896257037,91.48872416857098,78.67699674920382,80.31526408322829,86.06100762693893
10.1098_rsbl.2005.0344,83.37553734358299,91.32686777398804,86.5503608739691,85.34114178215249,87.4626541819628,97.26545550672694,82.12261330738218,95.32913846317825,86.56996238053657,81.13001120216938,89.80371935433332,89.7175211952,90.23159411305974,91.99245229313068,92.35144057685798,86.78276179562891,94.41485405329388,77.31420868817742,86.83531764863496,87.94430182102995
10.1007_s00199-007-0212-0,59.1890038035891,66.52020114893472,61.46274745344976,59.28047044369241,63.53523824388744,80.5091912645858,61.54036072401354,72.41513520877068,64.61654114253595,61.32380854744111,67.42539604410307,68.14152358540635,64.28238877828603,69.03060399490879,71.75699191184472,62.43049160520463,70.69843888366475,50.963173280801016,61.20797613470625,65.41657001628329
10.1098_rstb.2010.0135,72.1195983864469,83.28981804038945,77.95732974676181,71.73388125815136,77.05155023757956,94.57408464428438,71.36887599183869,89.85357275039584,76.02438288088217,72.54102059436929,81.09311016914593,81.40719139952704,80.8052506123534,86.21775892695972,89.01572153502909,76.99939069409777,89.68669996020007,64.71709137306176,76.26326566900286,79.85171640834909
10.1038_srep03055,71.96210445605988,83.04162261313027,80.8813503406099,76.62393876477829,77.30683103227807,93.68335233879787,72.34051928394173,89.36695176779722,76.23186887219161,76.67695819057991,81.4251388077867,84.40413629168303,84.42477649249984,87.2376367797583,90.70299186285934,77.86280857844169,89.54008186535154,66.92514532093999,73.79664665982109,80.35289623493908
10.1073_pnas.0507229103,72.0360505384259,82.93359622693335,76.47830828905634,71.27326970913414,77.10820144461368,94.61291712593088,70.71077607298169,90.1892608184064,76.98214392853296,73.51023603786527,80.35470422805415,81.65690157109833,80.02857522193598,85.69707286080364,89.78572809979333,77.90184401718652,89.78119067059131,65.74314347680088,74.32257504080921,80.57574388971922
10.1086_425623,69.61745785825207,81.54329485222777,75.23014331529055,75.28328022565613,76.57994127314892,93.71912490797247,69.91555608452175,88.40012956025907,76.8795007674057,71.8605131266645,80.61728966467614,81.50266525094702,77.33958054031532,84.88461481992772,89.94749738309221,76.6283575263814,88.35642748705139,60.40535877323964,73.54918163110503,78.8136207059227
10.1016_j.jtbi.2010.06.010,67.77489949406441,79.13476049242186,70.84247292516366,68.61743219588467,74.00934019291678,86.04266924269001,66.17827557511045,83.66636411485351,72.5429452381411,74.66960686569362,76.12310418060102,76.68289935196523,74.83798199257751,79.61261171609041,84.2850006456009,74.9680152364323,84.50745125658206,59.04294404583721,68.4098773476215,76.00074429607903
10.1007_s12110-005-1000-9,69.81138962138266,80.74357948815783,75.24402102599855,77.35103800773113,76.44354098573609,93.46221119130595,68.43951790366916,87.61661262513587,74.911051611158,70.22178338656869,79.64599161597125,80.52474307064766,77.30823921727075,84.72012066091301,89.05962548559737,76.13998017809236,88.22456794789382,60.48438879211732,71.16145266171817,77.96470092830862
10.1098_rspb.2008.1082,83.93392263320905,93.26967591110575,88.07615473198486,84.8874529339585,88.71456501849414,98.29313060335869,83.9886211197091,96.7281801239425,87.69354184926334,85.85013537821371,92.14108451275817,91.78726509420694,90.1054209762205,93.69368713048247,96.07750159485704,88.99765867996324,96.23848003583694,80.66827750248126,88.68525733667491,90.05536924300574
10.1257_aer.100.1.420,69.17794829649914,79.83990495506367,72.89776225047905,66.18345332186506,73.89768172574749,89.60535957140172,67.79191075461193,86.55164639979729,71.63802820079107,68.74508936506028,78.89016785389856,78.78257479161347,76.51569696808261,81.5120835758963,86.6984642432059,74.49924294503626,87.29706561002395,58.84814149994595,71.22817644957924,77.22561576240258
10.1098_rspb.2010.0065,71.15732410606377,88.77321871158802,89.82887724314193,83.42930677314877,87.70867584100172,94.96650635426018,79.10158789782122,93.84111093193418,81.78321065607109,84.42397497737524,86.63932289979466,85.71059123818779,88.49540944769866,91.39853928016791,91.96538861838793,86.16924526834352,90.52251959740143,73.1424521558005,81.12352031051059,85.91981092348854
10.1257_0895330027265,72.15092193362985,86.64915552428886,75.55139187359372,77.16816053862347,76.83364663877794,93.70018870365476,72.6066060031284,91.38407131262,76.09727392947877,73.96163098709123,84.22558206349548,82.26737835772317,86.33890182641997,88.68422276422834,89.21024503503149,76.0577767525124,89.5947619399266,70.11563211132005,81.6021140659706,80.39462799445303
10.1098_rspb.2007.1517,70.190584950348,81.13590215900992,75.4067312148451,73.337214843385,76.68657017810239,93.78038419519459,70.43777162128778,88.62630922882256,76.67051799076496,75.63806864124429,80.70569433797364,80.47530707662135,81.74445913823622,85.54119044804074,89.77084775269942,79.42385793088937,89.58094679573489,66.98812643930233,75.13575393503523,80.00729465012567
10.3389_fphy.2018.00107,70.45692223877498,79.83751511115939,74.4975911998697,68.4846798039975,76.4416242476901,92.91428696016122,68.81232881376884,88.27897633896657,74.69358003921282,70.57387825939666,80.16788013869177,81.27522264887028,78.15875230433025,84.9918206433363,89.56022799336121,76.46293386773335,87.69901233789525,60.72822536428306,69.77581188620576,79.57146325222577
10.1038_srep00344,69.94795095344202,81.76868340512986,74.58115896276075,70.7015123230956,76.29208392136323,93.31577890163601,70.0614901235795,89.11764279034949,74.58136650698411,71.11332981855718,79.80996269866783,80.02795611783566,77.39283778740985,84.29429489341855,88.54657699043594,76.83460905483408,89.1704570639615,64.3151967877054,71.67248671526978,77.93505419543045
10.1103_PhysRevE.84.046106,68.76891261363417,81.08560905632677,74.42164959036369,68.26237586360398,75.4522891300836,92.13417960344681,69.76720662385965,87.4470067599804,74.0390610478109,69.2075609266424,79.66197210279036,80.56434681541296,77.10805596006011,83.45014670931906,88.10923722882147,75.39130937805811,88.24368620201027,60.83487621027865,71.60191913654675,78.4048967629332
10.1038_nclimate1927,75.08226284343644,87.26682063771993,79.103253456238,76.73182362993684,79.5249497407471,94.64353329863795,76.95611689130854,91.95109201536332,80.01550474470582,72.15064436225144,85.33452238710962,85.12987693794015,85.46024457382963,89.78543935240921,91.19464346098792,78.32658216444999,90.61939845009613,68.41732094437782,79.72613542649589,83.42597080212178
10.1073_pnas.1703857114,75.90634936223692,89.47275319476044,85.08130934932782,81.68022064637937,82.59194425700895,95.8598014253043,76.800943507326,91.60274674027693,82.34991640109521,78.58427881319952,85.44708415202071,87.16538119681917,87.34042192132418,90.43001959380295,91.26745923535155,84.75180305790576,90.89582677166187,72.10547796945212,83.003064061248,84.60157379254356
10.1016_j.jtbi.2013.02.008,69.97976227404442,83.73007878234573,76.11845730111453,71.284443794406,76.61370623670732,92.74445845309629,70.40822492845135,88.64547917095683,75.5447875657503,70.44083959318752,81.26046985277347,81.35264570718836,77.88481793210597,84.53330193473901,89.0985087076516,76.20332404193536,89.09037403001469,64.39899904570976,74.31733329956276,79.24478397582519
10.1111_j.1465-7295.2009.00268.x,69.98876684601596,82.25051459743396,75.02821067941595,71.57228354760093,76.96317648198273,94.45711530694042,69.4558863952967,89.14015804427146,75.48932402857513,71.83131536300407,80.69013052638427,80.88051599572523,77.62916541919816,85.96937871231309,90.16214648940179,75.81496602683431,89.07433193447888,62.531687966248576,73.64528836745951,79.83664761440014
10.1073_pnas.1120867109,70.79359625708459,83.44552394084528,74.866423309631,71.62599835865244,79.13814610596604,93.9635263620862,70.83227507206436,89.28203624111063,76.51580443617048,76.67846247322461,80.68144070464722,82.12270214222099,77.4701009341189,86.91183674733801,90.1588375335956,78.73481894823468,88.70095583005208,67.06093549477885,72.65256117349448,80.03529208453845
10.1073_pnas.0407370102,69.62356765994329,80.98861306523658,74.7216324263197,67.71748899923398,76.65486412111844,92.74712737629238,68.87920982205755,88.26776667111902,74.97608260489253,70.44592305911803,79.69950370042088,81.0841135586675,77.0383019673962,84.88394584060916,89.6349864913707,76.29850587530358,88.05590883339228,60.74572034837062,70.99122429562196,78.39544137585746
10.1162_jeea.2005.3.2-3.303,69.89099424459125,81.78992860896277,75.48646745090129,69.62479040024024,76.54111604269127,92.42701709610336,69.54568677766517,89.4990309994183,74.90312895099466,70.25681783010008,80.93897322707512,82.05460988821235,76.43237043201135,85.02425271200211,89.00038175567234,77.22919779364557,88.70480609468727,61.58566192333582,73.48594730557282,79.43737123088657
10.1111_j.1468-0297.2009.02288.x,70.16990475354288,80.88905146581662,73.08573017149378,67.56337289004523,75.45136964396505,91.37049566316996,68.6727843674233,87.46453152833347,72.8369519980624,69.64302306412758,79.29638753113248,79.60864441897978,76.7393074792639,83.68814340309899,88.04264710030819,75.42091101020632,88.14255953565672,60.99599471904382,71.7758683853738,77.67493359298115
10.1002_hbm.21298,71.72904440851687,82.04682374593888,75.6855472957921,68.43941555453311,76.62941057116107,94.7453974387452,71.1910837720494,89.02916478531021,76.36314748723485,73.18389547637996,80.9513328736112,81.57095249448328,77.65664400629774,85.50325836916305,89.7365164006803,77.69070545445966,90.24901914614559,61.832171555912694,73.13822242483911,79.98272282536576
10.1093_ei_cbi045,80.27561063217851,89.51000092748802,85.437442830308,80.88091626255942,86.08124179370311,97.26276100767441,79.0582153484281,94.94821698196768,83.24815723830073,80.98548145674158,87.49286778958584,89.26988270030542,86.47914577615796,92.13872718592587,94.70318443046158,85.00275812117293,94.82495944153679,71.38353724997779,83.90443241462097,87.39287158554615
10.1103_PhysRevE.81.057104,74.09215548841989,83.45730995357896,79.6802329224619,73.86130078043955,79.60434495092666,95.95696231398577,74.23768182007343,91.91453880777273,77.42512591441472,75.0767578712697,83.12314498623842,84.50433316731632,81.30422502176141,88.98592110601186,90.71556219026229,81.03485079941069,90.47715852029157,67.18597938534825,78.56290472054684,81.14487987563436
10.1016_j.jtbi.2008.09.015,72.93429201589446,83.33501194861013,77.47954038805311,71.99996921938694,79.99859103178306,95.99990068082964,71.57374399593974,89.36658155580528,78.99600206392431,75.96655992085321,82.80621633153743,84.5106157446877,80.72134849002256,88.99995146975245,91.99557957972517,80.97592427295736,90.26235661189719,64.20058947994475,75.00697711830917,82.98409298551096
10.1073_pnas.1115219109,99.95673269315813,99.99996382246957,99.87676286930507,98.65027917076469,99.97070592482822,99.99999890822538,99.8180677243408,99.72015723165345,99.54746743649264,98.8250198606454,99.85045994157034,99.99167447544627,99.35351022761732,99.93927580114205,99.96426152418958,99.61507050340981,99.63468201963497,96.68996733881062,99.59659885335763,99.88552667417129
10.1523_jneurosci.2761-12.2013,69.75153173442087,80.36976260831717,74.59284616428424,68.04651112121522,75.82539990748636,92.86741718945935,68.51452051000804,87.55321098234363,74.70844906525116,71.50352318119252,79.77067254752686,80.66040420648996,76.49656365341711,85.22515989816061,88.85805793274912,76.92890193693478,88.18075002197206,59.80074967823357,70.10444919785662,79.06951469521618
10.1037_a0019861,68.96203775392925,80.40735279352937,73.06938442044559,67.46134078619596,75.88384480950441,91.97829949450094,68.33973650227688,87.16655938534342,73.34460825726698,70.17178977166567,79.28241035307748,80.33127143523987,76.50799082855622,83.517938344083,88.69365651393083,76.62648750739223,88.10680389223543,60.35079056546967,72.05274211515277,78.4473438760039
10.1098_rspb.2012.0937,69.67875362551503,80.85000289988584,72.37959691756588,72.11955728566937,76.15100118141001,92.99730019061869,70.18273301991486,89.04074257896318,72.95524356316332,71.70020781627956,80.40733521364919,80.70319225857075,77.96631927082221,84.43853485701955,88.25612136209554,76.09332867287006,88.85894787686725,68.97509674223174,71.92531168226905,77.5574232176258
10.1371_journal.pcbi.1006347,69.33966626694364,78.49610573182294,72.29073997514719,67.27497256744212,74.91295460039608,91.2813605011967,70.6368908695233,87.62228103775224,74.62892268307907,69.79144647035581,79.8459875921233,76.98623916312454,77.56895316839667,81.2422687126571,88.30950726809132,74.79816991779401,88.48578053866422,60.38569948587866,69.0913927864907,78.49470380464663
10.1073_pnas.0905918106,72.58869382124975,82.75076431643299,75.62130386523266,70.81344061365398,77.66943881899458,94.23393314808912,72.4441447008718,88.88852698768676,76.86064595192161,72.96636965512994,82.26397922410885,82.0793670964457,79.44504027681612,87.79081257798592,89.29289338351506,78.50856614583485,89.61946310480481,62.58927479695931,75.02085861473678,80.4859233820204
10.1038_srep23919,68.35702027800099,80.29847733723065,71.77228723173418,66.1348688228859,73.54627042407552,89.32569727015476,67.62282316660959,86.3677771006741,72.10262045705277,68.75861853698026,77.25952962733841,77.96367374982881,75.84957150050462,81.85719091809096,85.91200679259435,74.94286334673153,86.17703144326435,58.715596872693986,70.234695661027,76.23413262352959
10.1098_rspb.2011.0805,79.23876996064067,92.45754845494055,88.00292490226903,83.13938821474757,87.66681832882678,96.60335694835805,80.85963658387922,95.79014441312228,85.77912655205236,82.15002860443137,89.03478490326034,91.37394849605052,89.75225629393115,92.43867300515501,94.75345311062101,87.42534143641524,95.34336147601202,73.77704532600404,83.80927903969202,87.37654873974861
10.1103_PhysRevE.95.052316,72.65727709611119,87.93438857022589,88.52238112679771,82.11167090752016,84.40865130447774,94.98362077435236,76.50096869559503,93.26454979708022,78.43664549314671,77.87764994850329,84.95137392376289,87.76376169455304,86.55852151327828,90.7603105821799,91.71604581645332,84.86713907048909,89.25326261214987,72.59381704747638,82.48813670197578,85.84649987350566
10.1098_rspb.2010.1275,72.21080790925063,85.14284368843727,83.3615475740097,80.23919183136208,82.04021085531787,95.9278471164126,72.88248314989173,90.87184691778523,76.0098932378093,75.29930051826057,81.21160283385566,82.99381862940737,84.89011620380286,91.01638422147634,90.56016765371035,77.47866354878312,89.59440524664133,65.4602852537019,78.23389372281291,83.4033923342266
10.1073_pnas.1413170111,70.79579328730921,81.80678119512439,76.15762374142149,70.45763889163825,78.45934193397092,94.7630157155023,71.32886663097229,88.41343451222909,75.7529362772611,74.20423611918798,79.93613167095496,81.72465076251339,77.6583452188969,84.74938107548745,90.77232199790109,77.80105021250075,88.83889154422856,61.702035761054134,71.78512438113054,81.02743398150179
10.1038_srep07843,71.33442259220692,82.11598627062094,75.62299584775734,69.05864687309023,77.74872423894362,94.89031291194154,70.63976452052336,89.08611220544066,75.28316152254659,72.50302762597724,81.77719334611267,81.55234755572448,79.93891753766749,86.51624303567408,89.7091135989522,76.5958644045729,90.09305973308267,61.81262640146084,73.71785055303077,78.49658384880638
10.1038_nature07184,69.36446558125219,81.86929072110955,73.70497079980238,66.90032493188131,76.32675238896057,94.08726505681638,69.40631138095719,88.22576894299796,74.65415440317258,69.75039558885676,80.8656336415242,79.92975535773417,79.58714890310725,83.70583633920705,88.86640494612391,75.39517599885511,88.45868706815685,59.74533929472715,72.25399352730686,78.66248628792701
10.1093_restud_rdt022,70.60366308102967,83.64644745962778,76.58395771904281,74.92849488557505,80.13449395588479,94.89245461638497,72.18379039883386,91.16515265628527,79.228663620002,74.02390962526822,81.50968293726926,83.68819916960555,82.64682486571544,88.84856963707963,91.18617226406175,78.51037835487526,90.35518793543567,66.76683970911762,79.13374649010116,79.97100214716129
10.1111_j.1548-1433.2008.00024.x,70.53485187399991,81.94090728160843,73.513913059391,68.67313157742096,76.61452091892814,93.77389287568332,69.16093291415572,88.54420401771839,74.16359204026746,70.36471116870919,79.7599006488804,80.4925948139783,77.59694536616594,84.71063206593227,89.46448621463489,76.04685688440634,88.64025464029254,60.57224167089676,71.97076604402737,78.88736079264667
10.1103_PhysRevE.91.042810,70.55265183251846,82.45284466718041,80.15143287167258,77.28131616817747,80.6259066513729,92.58360718125383,68.4474661901216,91.72750152931641,74.58631664951758,77.85313972558386,79.3756517263393,83.36007209208873,84.27410063555456,87.90945649542306,89.27531676548558,84.59802016080495,87.89653817965758,72.55695046453363,79.41833584312721,84.17614018835613
10.1007_s10683-010-9266-0,72.82305099720551,83.72533100830252,76.25077515958063,70.4030083974117,78.93207901036993,95.99999862771227,70.14581447588887,90.54298811581356,77.69989341231035,75.50775585582687,81.78057841091012,81.37108813699571,80.6927822246836,86.71283868086746,91.99486277440029,80.77405252501241,91.99866451506267,63.50567146561874,74.99238656299637,82.92775058248257
10.1023_b_Exec.0000040559.08652.51,75.99917483726179,85.99184640751282,78.99981746161873,72.00000005657891,79.99999999999989,95.99999999660949,74.99924420477038,91.99999380191854,78.99999999438639,75.99999999909924,84.9995404512618,84.99999979160602,81.99879170338546,88.99999481138752,91.9999639874403,80.99999677302219,92.97686826372336,64.99997798109361,76.98030689891415,82.99999999477336
10.1111_j.1540-5907.2012.00596.x,80.42680084939457,90.61859618791787,84.49431279563403,81.92161213570144,85.94909032025873,96.00708355637325,80.55240838022537,94.36820347126121,83.90471927868204,82.40859710584338,89.9389932267727,88.9205996652473,88.30498641056272,92.74187530527824,94.05254402355523,87.7811289162585,93.5622244019176,78.30701510606627,84.74254946045286,88.72149357908815
10.1126_science.1178883,73.54838298087407,85.15265040908923,81.77425004248438,77.07316868541166,81.01016201553186,95.95397364450373,73.72509469939841,91.3381573991196,80.94551987486666,78.955701989978,82.36197461627928,86.6407907248826,81.04265827776328,91.19175407746775,91.80451112806497,82.31845792932016,89.582696076667,67.0522059525503,78.07333961636144,83.37871534392345
10.1046_j.1461-0248.2002.00358.x,69.30958683496739,81.77221676617235,74.3920566589339,69.91912032582955,76.87854325776821,94.15532709637341,69.10897610606821,89.3010247703406,75.32125224090625,71.22119769422285,81.16421975333964,80.81800468860415,78.77771986237903,85.6488610495463,89.64381860104857,76.3881302274232,89.26999259047443,60.19905228271554,72.0763201785543,78.98204914527217
10.1038_s41467-020-17286-2,70.20168023236681,81.42981342728697,75.08491937526095,68.00552426710424,76.35596949407926,93.42265612853011,69.38187909396339,88.2805916694102,73.6765115604046,71.24263870522019,79.77321925162654,81.01785434492903,77.35117719289705,83.4969652190817,89.47148778727617,76.22390950590847,89.13666826322152,61.76751093903082,72.28310699448318,78.15646777306006
10.1086_588262,70.56976334510155,82.02392383486402,75.6409198111278,68.50988616463866,76.8979009263636,94.86182735372353,69.36110007698274,88.92604374190483,75.97418196423278,71.37617405296992,81.00356504922561,81.13491251870907,77.986938731112,84.62544045746186,89.62454779342052,76.7772773393028,88.16460436533715,61.02572477094882,73.1117329189314,79.3780305177206
10.1086_518568,70.54244428981774,82.30528831741215,75.97082895157506,70.86340069077043,76.8781389120503,93.67846943906014,69.81436006070514,89.08609738388242,75.03357789668898,70.6317983657561,80.09350857037616,81.05863413336483,77.62089411279447,85.50474828111157,89.60447629549901,76.65451879744774,89.21705453884566,61.22449522132702,71.66203686989438,79.42666223364112
10.1063_1.5051422,70.72442814980253,81.68604746014836,76.59924382159674,71.78197614677974,77.14383083578129,93.90573302175989,70.8719808730964,89.03402510130981,75.55422263069482,71.81516463993245,81.31006903235314,80.98387458944754,79.13649237500115,86.08256157012887,89.12365402275097,77.69266443923614,88.97003652943827,62.57427942422938,73.7203865565621,79.97004476488692
10.1098_rspb.2012.0615,71.44825272729115,84.25099186454653,76.11053871613323,71.70686307424947,78.68144135707009,95.51837147301637,73.2877422827334,90.32403958232409,76.00228571073482,73.78138857920759,81.94207894445073,82.92047378212624,78.9966808695537,87.0772825371146,91.58901571619558,79.13940649024157,89.14368674798054,62.69202166499807,73.89162536057553,81.17606055018021
10.1038_srep00458,77.84059733012899,84.85221293272022,85.25899742953128,82.34791759640115,83.07710705733476,94.41260575477911,77.07731785251329,94.90793813416697,79.16584470102191,75.7762146601825,84.1814936597711,85.68593885142582,87.550670586066,88.5691597194458,90.22033773902017,82.0962129112085,91.86747458812067,68.8202513590371,80.38420562614874,83.69176647358728
10.1037_a0027026,71.33112458178864,83.14176967367737,76.47115727902353,68.71359042949908,76.86131453881022,95.28264211959272,71.36038814893693,90.10158263760304,77.2001811462917,72.33838117222601,81.2857948474374,82.81562422556203,78.83017110985817,85.61292646564374,89.74084974198877,78.02210062248017,90.65106626952509,63.184683224004395,74.07295349457803,80.11259437540195
10.1038_srep46634,71.47338162122094,82.36630981753008,75.18790211137966,69.29086900665966,76.20535954051321,93.49958589753032,70.00886727235604,88.70030213372088,75.03331450120274,71.14212381004224,80.2235834593976,80.98030000137877,77.84620378743256,85.30402642385668,88.9500756905873,77.2775609692066,89.5521297691011,61.803557111711584,73.30092138327781,79.33605375672974
10.1371_journal.pone.0045662,72.55588981272908,82.39927225138723,76.81569906584572,68.559527656071,77.32336692201854,94.48361674896819,70.66596606966327,89.37878397746437,75.01683399820948,71.71144533864319,81.04124591210997,82.12007745775007,78.32568799317251,86.08228845616074,89.54194841395801,77.1887218124131,89.36921295130773,62.09980969752,74.5467177394964,79.58753270212061
10.1257_aer.20120700,71.60268390633253,82.93666968676825,75.57169870350053,69.9060975601946,77.61912539597813,91.93262285995948,71.16844673432179,90.49449031699088,77.287375170752,75.76654979219398,80.47143021459603,81.32997634734136,80.56713567811316,84.81419378230201,88.74725904194409,78.00141603753752,89.47029444969866,64.8019472495584,75.61897766260394,80.37857006730178
10.1142_s0218202519500428,68.76198995706554,78.62008783482165,72.94520774123076,66.61388074563797,74.82435379906204,88.44352130440168,68.77459932050247,85.47725164965644,68.95723259344412,68.76758325894272,78.60738376118044,77.75100468551696,76.06917732083218,80.51185863811831,86.70135143713188,74.41993761152783,86.62691941726213,60.9715455569435,69.75045533199606,76.47469933049587
10.1038_s41467-021-21602-9,71.48621016280566,80.99269216341085,75.2800310351888,68.0548728854655,76.86635489094832,95.00466345523867,70.03018346393762,88.25483510772524,76.05950035326057,70.9415812742838,80.59064549794726,81.15668529410989,78.05603319751124,85.36034136811692,89.05273414873892,76.68384913995082,89.04101128113803,61.23442821847494,72.26442926209327,80.21219966611326
10.1038_s41562-017-0191-5,71.42018867909992,83.52499452827948,74.71959344790193,67.61963421207443,76.53388648922663,92.33951676549776,71.76376427421165,88.83997306983039,75.21162347636582,72.55953346159373,80.0774962140923,80.6400796494792,78.77622287299565,85.1669764394317,88.90821631521607,77.33402020727475,89.40368957619654,62.91683293141536,73.26902544174928,79.65465736475302
10.1371_journal.pcbi.1003381,70.17822043194602,79.92845975113799,73.8612827342977,68.2709135853572,74.52571246321423,94.65569594669013,69.46100028025727,88.35725891208278,74.71364304032163,69.86122361909297,80.0276880621376,80.66080916841207,76.32157334342753,84.20653897846023,89.53266137679887,76.6197830715349,87.85618385228028,60.765231540563725,71.29190249397128,78.90972544869238
10.1038_ncomms4976,68.7962789901416,80.08580178957533,73.12022040710421,67.29576452565945,75.30255728061515,90.47275845661217,68.58242509779124,87.77003707118557,73.66029714854756,69.81199241607659,78.04691587522488,79.61294679233339,76.24305100157649,83.53458665003309,87.68418027909496,75.88384384114539,87.11927943881497,59.62247240109658,69.50388268353487,78.42356233740702
10.1177_1043463103015002001,70.4869999676526,81.49781779741488,75.38415918100968,75.14812251406588,76.41308322342253,94.7747967166218,69.28433536579651,88.67826636218014,75.40371755365122,70.836775166974,81.02900663960129,81.00649930001015,81.70428289068384,85.68514108686227,89.47440005160406,76.55146199014285,89.48327081700828,61.67145394035978,75.99262462715032,79.15126919308148
10.1257_aer.98.2.494,70.12612152469327,81.83806745004618,74.29666650012797,69.27025371240742,76.72047403743643,92.77586397871565,69.59409574134531,89.1245325397324,74.73772888292709,70.50438293088911,79.88219782900038,81.72542128019685,77.88874242798686,84.45469845732924,89.26954830661066,75.18147977393747,88.62112976498966,60.92529627695926,72.21600890116008,78.16223874844276
10.1007_s13280-019-01284-w,69.62532320063048,81.28467135272857,73.69283591586294,66.93537271105535,76.37533519592185,93.14219059299151,68.37208228987843,87.35982447972428,74.2187418774765,68.46800934518792,80.74335039050413,78.9170976874374,76.95060930105089,82.9972560839513,88.13694683823603,74.66143980755189,89.43325316592255,60.44635159621263,71.81976273569344,78.8369256326531
10.1257_mic.6.2.247,77.79724534880232,81.48121956790042,74.98254932093437,82.94365523653653,81.03381040575171,95.91033472314797,70.155858522837,92.11574188491788,84.03232419692425,71.20931470897075,86.40296180077245,86.10747866312106,84.9498441776407,89.41466927577433,89.64909599602254,76.73752961694426,91.20929783058725,60.7822381800575,83.19809563374234,79.79321911977735
10.1257_aer.100.1.448,71.2117072350885,81.4695994482917,75.07604290845505,69.67842979483628,76.5777539609396,93.14087298217548,70.27239959533112,88.38413471682729,75.0878932495014,72.0924113533482,80.88876752980441,81.31627472349804,77.40988530633201,85.56487932227425,89.32884198840236,77.61995395334681,89.33451097196588,61.82668707623462,73.22530160324955,78.71356153686224
10.1073_pnas.1605115113,75.11908880925678,85.47035834704218,77.41287276034126,71.96570729842725,76.83028122028225,95.7915479192288,72.39403929921107,91.27330550588468,78.02795328805327,73.74622717839434,82.15506357321188,81.91227783264631,80.81416378982185,88.76821859417839,90.47350516684106,79.88878865066967,89.22959319381661,62.58343117825708,74.93509710628848,81.21597675992136
10.1038_srep11027,70.07759945272267,80.84009888443336,74.29640339527555,67.2526740064634,75.73717370658105,91.17682999679931,68.51296271810108,86.66765401927653,74.14952645335113,71.27454149745711,78.87141078041579,78.61544000299216,77.03354147728392,83.64812429630815,88.0336613315718,76.41440563467965,87.14728080760986,61.01779788233861,71.27596919136673,77.89422236961184
10.1257_aer.102.7.3317,67.48405104770436,80.85033947967908,78.81158792344623,72.00000221460476,79.93841562363338,95.99923054933835,74.97692182048435,91.97169429287227,78.99286689829795,76.00000605345419,84.99999408393836,84.98433587868236,78.87861515186637,88.99808312791079,90.7974201224927,80.96351673276634,92.71722603537387,63.861838171032055,76.24457614244095,78.01667675078684
10.1257_aer.99.3.979,81.43682784291114,91.24005210241307,87.29156526791047,90.8335222513728,90.6869122002609,96.37356587187696,81.37836995970163,97.02967879570184,83.27265249427843,88.19416320670496,90.83837886760642,87.82100046472088,92.80828366008912,91.56631794087922,93.0559287844233,84.05688957606978,92.96072343484389,88.75922962793894,85.72752366497703,88.22390101571122
10.1111_j.1465-7295.2007.00028.x,80.2449780503375,89.61693601232706,83.64133842149195,77.13887564733989,84.54062426094802,97.22223382194613,79.97420904937071,94.25988859579839,82.77219314583078,80.11744079962098,88.69701054728603,88.59891199298693,86.88762571943947,91.78864853903715,94.02925959481334,85.48873658538628,95.11919345400031,70.9845506039961,81.34850137311413,86.6203442963566
10.1086_682418,70.0727658955227,82.1382715749594,75.36517855457802,68.46112775001498,76.43914933771684,95.12452721564782,70.5066114974786,88.83132004535707,74.07591370961563,71.71110474322771,80.59901545318029,80.84076618305203,78.65689404124883,86.62302509853085,89.51125799212284,76.30565384369795,89.73751546696354,63.4797236946965,71.66841852309477,79.01019991050532
10.1111_j.1467-9779.2008.00357.x,69.83913181231912,80.6370004328796,74.75803740337712,69.92147657506914,75.95701219455572,92.92816878959657,69.18050509965768,87.77395956240173,72.49657098467345,70.5133614953465,79.86353352166667,79.71311599131033,77.51079645674297,84.61757001940695,88.36825294688948,75.25833176341115,88.94993453852126,59.90570052004952,72.76325103260884,78.46941662070394
10.1073_pnas.1315273111,74.55808528707537,90.35218887340065,81.7011332323769,78.05046419755756,84.02083350954801,92.80023058013225,71.1306060611854,90.15392493972402,78.29477600438689,73.67099270271233,84.44197542549756,82.65513034810536,82.30848827411879,84.62588492272015,93.05035015057148,76.75880166850749,91.3530682803268,67.05787162531945,75.22357406822066,79.98352272267357
10.1073_pnas.0908855106,68.53479009782976,79.16715014499734,72.13999988824946,65.82325948063969,73.06494363168973,90.18506030252018,67.64968730403584,86.36898305273013,71.58562876123187,69.02686834450799,78.1791924627414,77.69355490324646,75.20733660087323,82.28394800564118,86.25680907883972,75.15684806591246,86.66952608339871,59.34452560576863,69.08860382159297,76.67213381515612
10.1007_s11284-006-0162-1,71.13741492086766,81.44801706842372,74.33480328888686,74.83801006122921,77.0671110963496,93.49670208998616,69.45291006524154,89.46550547198935,77.26156769447084,72.18937453757556,80.75129120678125,80.88349254336099,77.48643689824439,85.64979724972183,89.27407702161635,76.32076419624843,88.8101374464445,61.225791027871665,72.17844204604424,79.0957422162833
10.1038_ncomms6306,71.66550959917461,82.29136402412993,76.93241959524705,70.20736424524415,79.76995962872702,95.11864018759198,70.5167552186768,88.54078619449602,77.07205356079037,75.69165892646461,81.22729443733692,83.91480372200452,78.39924975444376,88.19607568530137,91.45120515102435,80.62667172876702,89.3913056645091,60.973674936045484,72.85688612287439,80.8420556959505
10.1093_scan_nst023,69.15069422951457,80.84697017632696,73.0834122135376,67.53785232664791,75.80236839525406,93.0570766325336,69.72588868616609,87.19586121665992,74.58928287104918,71.4078831358182,80.09522333414819,80.74286448015849,76.06696804900338,84.53546762943826,88.68866244302674,76.90596960831779,87.72948051185084,59.639813851420925,69.86432857108238,78.59427345366917
10.5751_es-05598-180302,71.65211254429565,86.02876224619175,78.91499264945209,71.86523336761012,80.00354180234429,95.99458382122351,74.55533859517351,90.45358765892489,79.03452281017613,73.42152316408371,84.84736266446993,85.00705728859042,81.88938046562846,89.00643440973298,91.8991500005352,80.2014051248412,92.38223809990409,65.13659548036372,76.89260391128177,83.002268228143
10.1007_s12110-012-9148-6,70.74091865056498,82.34398532822519,79.3688760406637,75.57072282803232,77.31818766658586,94.02870401388726,71.87261382704135,88.88038787011654,75.82737110769654,72.93737968462052,80.45839433931697,81.90740270048215,82.58311308249469,88.77991700164162,89.69704812019681,77.65984431533684,89.1164677201366,62.99088562201196,77.92228756505385,80.08945723503693
10.1073_pnas.93.23.13421,70.5038311948139,81.76561437422932,74.3452503200196,68.4549792537357,76.71089535437591,94.19401948329597,70.18376980948841,88.08180755378937,75.02538349213455,70.65960304488921,79.79110673606881,81.3023602052058,77.60136222527045,84.34958652794062,89.01680513927863,76.46082832925427,88.24045793963622,60.727383997880764,71.82357801786398,78.12708271693734
10.1007_s11031-014-9395-4,69.5653280235354,80.25751576500558,74.13405095137139,68.4939497474567,76.04260897354136,92.79261977990153,68.36426665801828,88.09921559586867,74.058840070168,70.17316737552633,79.81510897258701,79.80035985064507,77.17307326333074,84.29609349791139,88.96817801491636,74.9667258187997,88.08532020370525,60.16893299233882,70.43343157521689,77.93908756506313
10.1007_s00199-005-0633-6,71.39774003008108,85.32568356549496,78.15443940304196,79.60891230233928,77.76631043656218,95.64396712726644,72.82132363793441,90.41392837124819,76.13016786712653,76.26044658575053,82.8557025755387,81.0947148742488,85.19139985298303,87.27864041935504,91.01161459798932,80.37890614108193,89.35368250870918,65.48333691152307,77.90445051547802,81.72400296141451
10.1111_j.1740-1461.2010.01197.x,66.00363573384976,75.16269124526829,69.57192806360969,63.594439616916056,69.75462202890911,86.33991799625096,65.6627920813612,81.37441586973588,67.63004931050268,65.97799500270943,75.40206504676752,76.50270701071794,71.55723063063165,77.96245313338774,83.50520241978876,70.98763917109284,84.02988106755465,56.60671580228179,65.53273376905392,72.95306219209468
10.1016_j.jtbi.2005.01.006,70.20831738977476,83.35706763364337,77.05389950224445,79.96817310701829,76.78438952076178,93.89258228366995,73.30143307770263,88.93743874084208,75.4103796512027,70.59314074764515,82.67015012762867,81.36368203966923,84.39414774543879,86.1359695977874,90.07116783319873,76.42356815954311,88.20256065666507,68.08959637404223,79.70847160338987,79.79632621549716
10.1177_0022002708322361,73.86733051312414,83.91148766639435,77.53207182467658,70.60729599838592,78.97757265692275,93.90187261236082,73.57497740833287,89.45170529318848,77.3046748599797,74.98967867190535,82.95959259963287,81.9334450004708,79.61458733371892,88.09265895301377,90.18141303868246,79.92526036345424,89.94631146039187,64.92729495307383,75.42548720787711,80.58079276293836
10.1111_evo.12637,72.12605003892291,82.82165877886796,79.50828049276932,73.4318620477956,79.93057141915692,95.2193538581952,71.56867458294624,89.92647968856961,77.30958710437132,75.43822679465188,81.74060463470516,84.66803859675578,79.7631689506834,88.79429496888078,90.2479292046343,79.93414726513063,88.8055077880816,62.42202307316937,73.56309392118702,81.4357888185123
10.1007_s10683-015-9466-8,69.85182160771384,80.98183637980998,74.81331199706854,72.43707826832731,76.4596628661894,93.63286927131143,69.79881844661799,88.76240225396798,75.37644677254005,72.11046530330985,79.11263158380825,80.35931718876542,76.86834121677319,85.36945089958957,89.35587803935286,76.38370662028261,88.04228431760397,62.773219389892986,71.20490194837626,79.18118672462042
10.1038_srep06025,69.58524403154617,80.36331986749005,73.73298834540441,67.94484475783156,75.50924112727932,92.00989221446997,68.26235224945688,86.5959052306217,73.01591928405445,70.53399163295823,78.96501507549686,79.34869152521975,76.81852984424539,83.25272868837591,87.96863853880143,75.59278689942167,87.40552714842677,60.00451830255434,71.07167511752844,78.02988874912728
10.1073_pnas.1215443110,74.45026770501994,86.32244604975251,77.63860387647735,73.77461417348948,78.23343962504076,94.24164698620335,71.25059822507826,91.53979171299876,80.19325080031597,76.01098630983039,83.80796484183212,84.44228864225003,85.29886062349298,86.70940711928496,90.43245420036354,81.03578672395757,89.87960871242959,66.07251261377668,78.05237921485246,79.29766788126797
10.1038_srep17050,71.2858517148627,92.32285117432346,84.97884163365453,84.99531659599339,87.64691196705454,95.95102585219335,76.34698553089535,93.96511419907246,83.66638005375992,82.48431902597262,88.4299500634206,80.30192034253255,86.29336563107006,88.10380712018491,94.59578656452109,85.98964667727553,89.58836228615735,73.86927659447477,83.51527283207149,86.19983412512644
10.1073_pnas.1320451111,92.1279817833981,96.78505648615585,95.29121285001536,93.68788732629875,94.13312787555867,97.68198252253605,92.80585512402003,97.61681728050114,92.9378251282313,92.3706802028333,96.34627308072102,96.60222908092364,95.1888118995012,96.90783353912398,97.31512250466072,95.48765748679926,97.58513241218876,90.8742107798857,94.15920116414449,95.32519366689722
10.1098_rspb.2011.0252,75.33213787703166,80.8555207295761,83.2419013531788,82.52588207628959,82.18425971806161,96.03996326932324,68.3861947486761,88.77698966465842,76.47056010260236,77.33407847185325,80.17046352934598,86.87931429074625,88.69928975295797,90.71405150966905,91.79478696115552,81.38585829622836,91.35678547543829,64.91986287502674,73.58560923306587,83.78342704873903
10.1002_hbm.22316,70.13728861819669,81.27207296500121,74.46699756474072,67.96506597263232,75.91031279455085,92.93780350407049,70.0311340559008,87.93559054941232,75.43977780736006,71.27842867359604,79.56697951868848,80.35703322590163,77.04981379189242,83.01907443236499,88.56873650938311,76.72542424383187,88.24112332463599,60.766101638673376,70.70844537410892,79.08942232387328
10.1111_j.1749-6632.2009.04733.x,70.89174689980067,80.79240469002075,75.15211592334656,67.99559353154481,76.81165573369626,92.7646272883831,69.71530645297992,88.3397245172394,75.98608850121457,70.97024631839517,80.75908808461898,80.37017273726676,77.29822309554592,85.15794106280819,89.76588305620506,75.84376452037273,88.89599768737801,60.5415180588098,71.84994747028844,79.30224922217174
10.1038_s41559-020-01384-x,70.06126023258956,80.82865316709702,73.994958963546,70.46618360812847,76.54207419571497,93.12724464522123,69.73622891230507,87.50879619653686,76.25534162606354,70.14155491915147,79.85245422543443,80.80136340294848,76.9464731886787,85.17149326403758,89.09220844459176,75.27573092411065,89.14432265884294,59.97829586989375,71.17885616088822,77.7321384944786
10.3389_fnbeh.2014.00248,70.49336923861964,81.61136998681276,75.48577098657726,69.31146459468239,76.34533983977926,93.49260570537176,70.3069695732072,87.40565658221766,74.59049393347098,70.93375285823694,80.02325675078589,80.73866382631553,77.58302773774422,84.73500482237046,89.28132373973662,75.46207979734892,87.28172853227674,61.45417398554002,72.26747203597122,79.44405660239376
10.1371_journal.pone.0064941,72.31401411730528,83.56966292239724,77.91094102212327,77.87339313273031,80.63404678914331,94.61779518848307,71.87109465855848,91.86225363879147,78.18040803942233,74.82983107676749,81.78845894100864,81.7562840403488,84.37464498515904,89.10770375635879,91.49954323952498,78.89608384669728,89.21738181858264,66.15804676476814,76.56611248215873,79.59769500968576
10.1111_j.1468-0297.2011.02476.x,73.75700065880763,83.35493277840364,78.30883542351997,71.78617167720479,77.6882855403839,95.36873676250825,73.33380096604918,90.49330528672228,78.37440763915744,74.16720463036798,84.09173348981648,84.86898879006789,79.07265328753869,88.3612201126594,90.47047597603196,80.59638293094949,91.19200886386444,64.08879695984815,75.70247576787226,80.42075599937628
10.1086_683024,69.0366337841021,79.91323672616943,72.94638335567444,67.58397191804455,76.20845807981745,92.93875414177731,68.40155392065026,86.76302277101642,73.78241203347928,70.30103619147614,80.01198314299393,80.15262607597211,76.36279645376726,83.08093972707921,88.55499317100373,75.98624011606844,88.18423764272924,59.25692620750268,71.38522749657375,78.69076935065857
10.1098_rspb.2012.2043,69.65529828237938,79.99601772287734,74.56096318762687,68.65728787174237,76.33130460780245,92.99716888651909,68.8698345212467,87.208089333883,74.95368950356911,69.48020893370598,78.88446513641567,79.23656222021506,77.39110711779475,83.13484051897535,87.33534148667513,75.2117276671514,87.87147380637684,60.53437828385344,70.71425359812406,78.472764687205
10.1111_j.1465-7295.2010.00344.x,70.76799359739232,82.09806005987039,75.72404977754312,70.43314503185584,77.1325827793072,94.15925281664184,71.18615048303037,88.25483067626149,75.77604559114589,70.4303169329068,81.04648455817336,81.28876371067199,78.12021901291796,86.13104628003819,89.23229555880735,77.06987031158083,90.1485456772705,61.94966923548877,72.1562816797886,79.66633061381407
10.1126_science.1202599,75.98540863796747,86.29305976945571,80.16503185358309,72.09054913267858,80.00186470522834,95.85618362630352,75.03780657655571,92.00209575466799,79.0086271715172,76.00085840523234,85.04116237162556,85.02221423555868,82.57355012286216,88.99343479990145,91.9188703206538,81.01283867753784,92.95657461356605,65.16635759693528,78.37275631297608,82.99879904643903
10.1111_j.1467-9779.2010.01472.x,72.60548484253133,84.33582269635453,76.60354490375367,70.52222210687859,78.16356547148001,94.47960533582682,71.79424048244381,89.0003168122292,76.54402037367426,73.50164234672283,82.32258089402828,82.74971604671904,79.9743600294256,86.40791261266851,89.89557569786442,78.73097660914851,90.38198339797769,63.82240621591599,75.80471848318618,80.70321103213837
10.1007_s00191-004-0212-1,70.43963909672023,80.71884115365008,74.37284971404262,67.3809568776853,76.67734936736281,93.27292875706335,69.50588352859934,89.00604252847592,74.4496364548257,70.9713566952761,79.0592211823854,80.54937842696285,77.69318146417997,85.16351850201374,89.45513631527214,76.89504491437616,88.28615531923228,60.03953011461894,71.42964555722467,79.05475455524262
10.1038_srep08917,70.00531103825836,81.48366372148513,86.4632079234499,79.12893329385037,83.90912356988206,95.44475580009062,69.24585564153269,87.35811701649287,79.00469663222371,78.3373362100365,79.45469627731009,86.26497185895074,77.12932903076127,87.80211310543207,92.31996459718286,81.99520812536295,88.01201946765785,60.07590143604098,71.46356801542278,83.47274295701561
10.1098_rsbl.2012.0470,70.00552084961164,81.786595972945,74.01085627165388,67.91295653930115,76.22142948666337,93.73542530924591,69.51865418156248,88.29047964233695,74.71933909622923,72.26524615857403,80.30822806379044,81.03574139499683,78.79042306261918,85.11063513733122,88.94523792639066,76.38458063250762,88.5333175393076,59.75805450354947,72.44146808124508,78.3654395067029
10.1177_0037549711406912,72.54182325757638,83.17965271575372,75.622700920808,71.84749374208694,79.11873061541061,95.69301883699978,72.2619363966683,90.07898418098357,76.79989366776464,74.50970340653481,82.20111603813326,83.06645429098327,82.15524941988657,85.24366080090961,90.64825114488713,79.27912383851631,92.41411868736257,64.07135274801574,73.8334636840023,79.7406631386116
10.1007_s10645-008-9094-1,75.99990349455703,84.61677347022331,78.99999550313132,71.99955403813433,77.80262296339397,95.22336787958011,74.99945055196302,90.00299603296652,78.99823236180976,75.99990821282817,84.72525372721131,83.35893165114294,80.3371923997029,88.98758696361595,90.48951155319747,80.98977314212824,89.09218086909696,64.99850778736776,76.99999884019137,82.37246839209661
10.1038_s41562-017-0138,57.28503511331684,62.714523273577946,58.658178142877766,53.996206598034846,59.99278242477846,71.72875741606137,55.966429146340126,68.89357973090021,58.917380720825825,56.99163221483686,64.14361117441146,63.3182118234657,63.849817319277314,66.38293507470732,68.89810241315895,59.696053083109156,68.58379904984308,48.97677263858958,57.887067182942474,62.06040708646995
10.1038_srep10639,72.6366486010438,87.50215143696626,81.56108485919931,77.83632556194428,82.02660741414147,94.4221896689565,74.18424934999942,90.80733088198222,76.83520171236547,76.52831520441418,86.22635063724321,86.88192834848142,83.86090127531227,88.91502570211247,92.20286496349628,77.30627987092706,89.36555887330324,69.82283721689814,78.5489881009546,84.56673491329595
10.1038_srep01735,74.33911776058645,85.05701279540044,86.14800077227815,81.9189194135734,85.7325216593372,95.9976292568536,79.62254818537907,93.51885250939225,83.14416323085013,80.99554497436439,84.92880166061335,87.52463286773254,86.94789303188277,88.6451034673152,93.04280582808909,86.14013156138212,89.0327962943228,69.8313965280252,83.43708108014978,86.46916026469171
10.1007_s12110-003-1003-3,72.10245671765433,83.69813417242494,77.8441360889346,74.99565343852915,81.23440188202066,94.4573740637343,72.25640593306929,90.16049308975933,75.60837415137385,70.87870870122917,79.97586172418067,81.10155818979086,82.91678334291171,87.81363870765524,90.18234176523046,77.48606018738842,88.89491637037766,65.70041214790716,75.7459855671793,79.98344154789153
10.1038_s41598-019-52524-8,76.7398969976206,89.57481893383715,84.35671957615469,78.66993179288824,82.71869568785745,95.96751493420736,76.48561424331936,91.4715463639736,82.00604235190431,80.28954112634523,84.78581382259277,87.24754218930188,84.9484201409835,92.00274831378671,92.23902191113795,85.58055284781626,89.91413263047754,68.6684913995001,79.28472902613278,84.29536302382964
10.1038_ncomms13327,72.59333564741326,83.43689760181964,75.98943262978827,71.0086903083433,77.1497333834556,93.67206532502169,71.43495695778739,90.2096120652662,76.73600191510599,73.52632070420754,80.92088536903073,82.15559324625798,79.23198677006945,86.77926901285822,90.91880131143986,77.81306185298466,89.93252650377161,62.513009886947,74.44324694033114,80.21007017942968
10.1103_PhysRevE.91.022121,75.79691629962036,89.0068418880907,83.42960914960639,77.68448149046493,83.13256139826017,94.40108871590506,77.65489736414662,94.0185479653588,82.21929337042106,78.80666232268221,85.23796132866435,87.29750384182071,85.88317752256344,90.72028466328425,92.05481985140446,84.24704484593322,89.34612869369758,70.68886061464225,82.7992565449046,84.07498712159051
10.1007_s10683-011-9281-9,70.1718601359334,79.9018385318855,70.72654935704999,67.95683856860639,76.52739645337962,94.01558074732078,68.5109862616736,88.80278310640296,75.99990899384166,68.45781385447752,80.05742416402668,80.48023914525103,77.06073376705875,85.28590998166631,89.71158421719531,75.420510238339,89.27142878316464,58.88578723151503,71.76400318973572,77.84419888319368
10.1073_pnas.0712173105,70.70946105327356,82.02662028275181,78.44977504018306,71.38303848584808,76.69052225280382,92.88402416562987,69.96639671618087,89.58760174595812,75.95019191326686,72.48390450348988,80.5142350785543,82.14385648344168,78.37697507847734,86.06438179816982,89.5429603916033,77.89712774435846,89.63053250882093,63.449223417140146,73.09070853091829,80.35709251901484
10.1111_j.1542-4774.2011.01059.x,75.77463617457126,88.56583420910286,82.98626311630413,76.46045823280606,82.41774408299042,95.86297392002429,77.20466338940528,93.34684723978565,80.38813566322989,78.54925491472255,85.73439504939905,87.10385409834127,85.99121200876635,90.45001794741759,92.19844127437601,83.49317116578729,90.45459628269332,70.64731194226788,81.692748758364,84.55006181163013
10.1086_595622,71.38931430005772,82.47324762329393,76.29071980154067,70.37149815780766,77.07708263255326,94.95299696329981,70.8844344064558,90.5291499763713,78.59835653429003,73.72520892607074,84.53268400115498,81.77242398329673,79.14158179345714,87.39407358827711,91.89533930660912,78.69947739342801,88.73481151022416,65.10582476350397,73.38968624131263,81.49289515227808
10.1007_s12110-017-9298-7,71.25616010285614,81.36737230068134,74.65775353477974,68.15556506945723,76.15804659118074,92.92244675434722,70.5739549609967,88.40928332566361,74.40485278465127,71.13572920574367,79.72248680411886,81.72425774227982,78.11094126523885,85.1434236571055,89.42707245599713,76.573044884415,88.71192106457829,61.10485370340281,71.72027763051005,79.21857587615223
10.1007_s10683-014-9405-0,69.62971715524723,88.07328913765205,84.13612238355665,76.40750326481306,80.17888772175573,93.7534462544698,71.27396004297782,89.827859020348,75.27104595003595,71.57781645202283,79.68509681632732,82.06676029190623,85.95757963205371,85.61716479437125,89.47515335881377,77.79054801254348,90.00555013675998,69.33891319518783,81.66476363116735,78.39466270716471
10.1007_s10683-014-9393-0,78.41080033086385,88.44249267517003,82.40767652353992,76.81208320789946,80.55464489509654,93.91593879747522,78.90612460879778,93.22641744162755,81.25831436987671,78.62376752511241,87.34863122808623,86.54231021340031,84.76548102712891,90.78062597055786,91.23987310223504,83.65546377893662,93.36932148426659,69.98629501650282,80.58315855324435,84.64635993520021
10.1098_rspb.2008.1623,69.58601803710248,80.39369307412224,73.6842364950155,67.87829680472235,75.50057371876818,92.89615788969586,69.00376874414236,88.3871866343988,74.84962647182314,69.67344313129765,80.19966960115875,81.03782173108954,77.14594951986555,84.65881471495707,88.98580355473369,75.35736166014924,88.42728060648493,60.30018108416464,72.1574748056358,78.70579655102358
10.1073_pnas.1604989113,70.27636212422871,81.22100719729264,73.42379251257557,67.81637871530559,76.10003350025099,95.4967410750089,69.74987872793541,88.15353870287917,75.4174660655431,70.783379420041,80.42106013050531,80.68049659086793,77.36027917115518,85.1265136578544,88.7420149788352,76.07548740053116,89.29378995514604,59.634683925567586,71.18550106647952,79.0792195332361
10.1007_s10683-013-9367-7,69.23690641097826,81.94503508441714,74.48159793888915,70.85105741331301,75.9481425852992,93.09863662642262,70.18913852859087,88.26716079468656,73.53042673179033,70.10152680013906,80.50388295451916,80.37636336722998,84.86307824661665,83.96351111964358,87.7044064453562,76.92801358054132,88.28651277027333,68.39680481472992,73.83028309771126,78.33798342750858
10.1007_s00406-013-0392-5,67.19531181091368,75.7712193833172,69.35648133287444,64.90247200951255,71.99019636454165,87.6379101016306,65.77878316235588,85.21346939259107,70.23767935354978,68.1772998459395,76.6465020409674,77.05093452707844,75.55372605216377,81.28674847998977,85.53931237858649,73.39196556494997,83.4130433228985,56.97554170299087,68.07018182145646,75.6301557331206
10.1073_pnas.1108996108,73.17537758791093,83.28900777151796,76.29071117433179,69.5048481526811,78.06365055929683,94.44274310056424,72.71285033629874,89.96632487248543,76.92761971647025,74.29726469774926,82.92143027880056,81.97084184508071,79.50369045499191,86.23982410043125,90.7402252429723,78.8337887289797,90.58951676881347,63.057769437884154,74.2644701719265,80.25382068073121
10.1098_rstb.2009.0116,69.8729768684397,81.0958401249226,75.76467613854238,71.41468864595664,76.25851058672457,93.35033943856597,69.91685572138003,88.3691516151107,74.37895717647312,71.13314559717678,80.83484256234382,80.85888969666034,77.1987519109989,84.28161644451595,88.98388763872576,75.51349627234853,88.15086166885874,63.43545636401358,72.42637105911508,78.70972604982546
10.1038_srep02695,69.58747809841553,81.29164767379618,73.68473545556107,68.59952734319472,76.25774631723772,94.11796297426444,70.0457394763227,88.49325870705916,74.99082986648772,70.18724187146088,80.06958662457195,80.84325542168185,77.47746795241943,84.61041545703844,88.5598142841084,76.057615062546,88.33212787481644,61.537621102914095,70.39425902795222,78.46596394629057
10.1007_978-3-540-85436-4_10,69.31110089569749,82.70034661564264,74.10287266217048,68.56577945195713,76.45569651242955,94.80012844550963,68.39254595475505,88.53713442804194,73.55061118550856,70.39643894488853,79.08591674697526,80.58950693999131,78.07765004118949,84.77184289304999,89.0469507169961,74.9718176111457,88.93080377952111,62.41798806306342,75.9006258429364,77.90170072097044
10.1177_0022002703258795,69.6183086074506,80.58100043891805,73.69363053628172,67.9822471768654,76.30049707561032,92.7675974303151,69.73343548334906,87.83379187955516,74.78376651167142,69.97739806963628,79.52235524584036,80.40767069519124,77.51070886696078,83.2378414363229,88.4770017776441,75.66844827062283,88.54704557507092,60.953268916442,71.17911379975182,78.51422866296951
10.1038_s41467-017-00731-0,63.69755289619062,71.88846700142763,63.76116088214289,62.38755848474043,65.87416387998306,79.51699958218843,64.27923314898042,80.67888581100453,65.18910813393963,63.15120172450767,71.1757260248918,69.19402606723864,68.40737474743051,73.33118833163645,79.68011244199934,64.3708070595155,77.1523651058464,54.08146621345436,62.31251587980474,69.1929295688953
10.1038_srep21104,70.23767639245794,82.29921756141148,81.85494988510632,75.7336120848245,77.17888040389072,93.12719616829989,72.21755629963162,89.4068753541841,74.81442912659837,74.69263424763516,82.37253161192899,82.23538781387698,84.71149803513894,85.71168331252325,89.22170362833924,75.68181404110462,89.44138101866868,66.81090100728134,75.05614055689558,78.69698393434913
10.1007_s10058-012-0120-z,69.86308242232757,81.60112162663542,77.38270410457284,78.34903573890111,77.42199351670247,93.21067873244166,72.28341164874264,89.66388558316044,76.26634150303784,72.41816362597558,80.67317449922636,81.46971405395097,81.00954558392192,85.4146220511234,88.00156869740901,76.42050862895339,88.91272375701229,68.267706069294,80.5417308187719,79.5507219121432
10.1111_j.1468-0351.2005.00228.x,70.56317779601814,82.03908503466592,76.19897640114846,74.60393760345372,77.26581277867444,93.9893857106815,70.09553023235455,88.71089756836325,74.59329933197414,71.00165657284293,80.63287621953755,80.53330114209031,80.28102721710852,84.38571924806429,89.09672265186693,76.34830205872686,90.11780286328477,67.73693967148215,72.94309741135817,79.40508206394387
10.1038_srep06421,71.15106514440669,87.44065761007475,87.53270111079402,79.49836839856792,85.916977245007,96.5171808939957,71.48594979899296,88.3216407998232,84.70885553434591,82.93147675874921,81.20793845762299,88.26051464899258,85.35758026362575,91.06983339816067,94.21557903372141,85.92487343427788,89.09434627076512,67.82235832645186,78.25213946536309,86.8655367556155
10.1371_journal.pone.0076063,69.55155374065224,80.22665151456137,73.48043393475403,67.88931772229043,74.48607461045195,90.20616694908472,69.4190054885995,86.41105211716254,73.77664976048702,69.60387427604957,78.05553712133552,79.44719459535273,75.93862765381547,83.67730851162341,87.17020004909013,75.14556948272721,86.96809597291512,60.685786225161344,70.95320532809895,77.33333228555321
10.1007_s10584-010-0014-4,70.29803940511427,80.84528545621262,73.83229413712552,67.58769708529103,75.93591301864683,92.77086332424669,69.03734100687555,87.1234592693967,74.77610860560681,71.32807846901308,80.0761512166979,81.00752339190561,77.17296458363748,84.08123913484432,88.28780093246765,76.00993653764013,88.18650718196926,60.75356380103792,70.6274390395197,78.45058671031585
10.1038_srep20767,74.30758139167145,87.13071031526944,78.5328798260119,75.47989685682614,81.64673450168954,95.80036591179666,75.40871944493323,92.48802016330285,80.28025796179742,76.10177499782098,85.0004802360935,85.4831438447674,85.17856761330039,92.16620960685151,92.24787654711062,81.04503130699942,93.07788238389149,66.33536184858956,77.2746922339752,82.7413497843063
10.1111_j.1467-6419.2009.00594.x,72.62575905429351,83.24581460975749,76.40261684354407,71.99824459233243,78.16653793849855,94.56721452193327,71.98549722074381,89.17626524013622,77.2366413360858,74.18876108428037,81.89918868735317,81.8607383902974,78.84597361385701,86.84148257793389,89.68939301479993,77.52755353404405,89.0438757469534,61.63069716027281,74.70862620243469,80.66416195528063
10.1038_s41598-017-16140-8,79.79326289828062,90.12312859320359,87.88153687597541,82.01962948012908,87.45854889812003,94.61019862993976,81.6720616164982,94.19969163145352,84.13740343216195,80.73257591930745,88.12202346857983,84.96157429250212,89.8812857751713,91.6173351824366,91.60031956690851,87.22060415833292,91.27233429920324,82.17936256735722,85.46051391686201,85.9795146845706
10.1093_restud_rdv040,68.35558242852596,80.72065341139985,73.43261083125279,67.24893228152553,75.45779959904587,95.73373630159158,68.08308051202152,87.85234337018994,74.29210349586509,70.26780861440909,79.8976678496849,80.39509053694641,76.41855446297828,83.9563660740537,88.05000317813611,76.06695265224178,88.32736031178227,58.54107063649143,69.37047976626442,79.11418321849715
10.1371_journal.pone.0064677,71.19589506152829,83.49037393769865,81.19943819926694,69.23481720014345,77.39437402784218,93.6621528408557,70.90752788783666,89.34266361383622,75.98707771467049,72.47310341050297,81.38008195256731,83.14403654508358,79.37516168613291,86.28322447957781,90.35381790080481,77.71392296273096,90.52749320976885,64.52625582041587,77.74346523075012,80.38197498056331
10.1093_restud_rds016,72.49745486789757,85.2848243019894,76.00596665792496,78.30978744940481,76.99022761059742,93.53017658271133,72.25598537381123,91.37122816831372,75.77731686054474,76.69831708737318,83.14806168199901,81.52638967165828,82.37555515902633,86.12714641739016,91.39660670856452,76.85532847105021,91.3264189141571,72.83729892559037,72.91190958587053,79.62813725833574
10.1177_1368430208098783,71.77261370052136,81.18196537918995,75.4255282087571,69.25320021230564,76.91043582117646,93.55306350000443,71.01545558243541,88.51760208040447,76.39458685558621,72.91562459487969,81.97562765721987,80.87113212165232,78.15116010989321,85.00966043860166,89.25697515187382,78.52628978459225,89.18110030355926,63.35540754273475,73.6576118284108,80.22433846154532
10.1007_s11071-020-05965-0,78.52785220193387,84.66561927566168,83.33595471121801,78.13779222656596,80.16646155973142,93.77741784445391,71.73237668796378,89.76377595919533,75.27020223514792,77.39064827373817,80.95172790247133,81.38463317023317,83.63444549321989,85.64972885770004,89.0583799680415,77.0413803717033,89.78325886265405,69.4443954442716,82.10902937986617,80.08937366323867
10.1126_sciadv.aau7296,66.35248226068312,74.60515877015432,68.6745669004053,62.670529313374786,69.64897497064342,82.73730187400709,65.68283549584073,80.77303758042314,67.04613288417197,65.08613108957762,73.25689517782467,74.49242525019322,70.70565127374415,76.51570157526109,82.26754734768227,68.77169793953449,80.50970923544034,57.0734092211992,66.98757289818546,73.01997579860338
10.1073_pnas.1608990113,71.24301938726049,82.14199318604977,75.4374212564269,69.36576878148793,77.02745104214573,93.40332201858888,70.36899014789691,88.49728138617068,74.99531805078615,71.25928869811754,80.35634017506209,80.07026674803298,77.90743760562027,85.04511832441628,88.75082823177618,76.42997682615336,88.57664408981334,65.35515128556148,73.43846756876152,79.71045184015416
10.1093_bjps_axu024,69.99593296358775,81.90519513125473,75.14448814009504,68.38429772168496,76.77639199350091,93.54830191490585,70.33035111681887,88.24429990682484,74.34559195440758,71.01700549730381,80.17325081343178,81.39849088958235,77.19560075080862,85.28763275578285,89.1186665552694,75.9029867990288,88.3953570727181,60.304198709508896,71.4921309128054,78.54434747418117
10.1371_journal.pone.0125193,70.43812678329384,80.94422465564848,73.20267744348364,67.82792192653865,75.98462921587686,93.23176855539707,69.70839816826552,88.27238931464478,74.7174301405749,71.35449905770747,80.2459215672021,80.73383293755394,77.63463590314822,83.82390452689772,88.31401359867417,76.28309462831747,87.95266495115531,60.29112652133771,70.95047623282541,78.18334894296225
10.1111_evo.12108,75.8418712902207,83.14900446699373,86.25157442701922,82.11222512333879,86.40441205813548,94.059377316558,79.09603092138798,94.82357571448331,78.69469437089927,77.48576751394047,82.88437718528208,85.01109233067932,89.0511477729536,91.74306137552422,91.79232840341565,80.34689130264742,92.82226536140183,68.08003660444254,81.57472074561683,85.90046335313733
10.1111_j.1439-0310.2011.01882.x,69.8570788002118,81.06641774935929,75.65761769297983,72.09541647366017,76.66415165433142,94.15264838393595,69.79262475843528,88.15348021837355,75.96932879262005,70.7761320185505,81.08663433816189,81.19591981850314,77.83614586604615,84.9136738935173,89.23794698171245,76.68894454197728,89.39098892768368,60.908615637937466,71.24198357175776,78.3190749657747
10.4284_sej.2010.76.3.638,76.0004605044691,86.06759695503582,79.01509333040106,73.36489030348139,80.00009701576779,95.99445987675348,75.01947393086084,91.99982007867517,79.00302937674272,75.95829827367672,85.00049518908884,85.003742012185,82.0204938831427,89.00198319720691,91.96299536895653,81.0025712302778,92.97693873869977,68.18861337322568,77.37815464628655,82.99295663902912
10.1177_1043463107075110,70.25915873291548,81.93824132042371,75.28494662453555,68.5170708357328,76.10438053621733,91.91792412510975,70.58866806356362,87.76047982543443,75.34766316112933,72.042807658987,80.99825257341976,80.54533794600523,77.94654912055385,84.81990458914169,88.1302291806825,76.82828507770232,88.36039754477837,61.46606907192285,72.4998033561113,78.73450814133257
10.1257_aer.p20171090,69.95493116241751,80.59462673969334,73.23044105302229,70.18653381678706,76.70093722046153,93.0525734997406,69.6023209575787,88.84213949069178,74.73942977411367,70.50438293088911,79.81241382166696,81.71501846524329,78.25986871026446,84.65359598846057,89.03106563159622,75.76641216945116,88.1841467583068,60.92529627695926,72.57909356257694,78.08290289622238
10.1098_rspb.2011.0690,71.48225755685583,81.91359754342477,84.22931411750776,79.1959472385102,78.03469900192373,94.64804531569425,70.30824576368049,90.98207521303071,76.37987405814344,74.94427978973945,82.26064134511448,82.91080444147131,86.07647702286197,88.52707364823338,91.65358744264363,77.60832041292247,89.40660846904986,69.33053489483504,81.96505220261847,86.096091975355
10.1098_rsif.2011.0063,69.79945501258406,81.06787699773109,78.10494148333345,71.9352214488081,76.3707251606971,94.46352133728469,69.95209345386746,88.21487476120942,76.86916332213244,74.64660996282197,79.41567833233792,81.84895881365654,77.83322699498459,84.85381081039388,89.13771968034445,77.00833604119443,88.65454879796283,63.39214285688263,71.73026367812038,79.50847657886182
10.1111_j.1467-9779.2011.01515.x,77.30168899523522,86.659436116617,81.60069386469408,76.16646800013073,81.4747191870577,96.32411204052373,77.38565410877196,92.51085761013236,81.35281996593228,76.24619464896385,86.64188126668711,86.98325879300431,84.83497744098287,90.07990549617162,92.48552912028954,83.64790403123818,91.65064455855511,69.75035107389941,80.51597231170044,84.1169873647393
10.1023_a_1023952115422,72.03188284922152,81.58936939632984,76.24996839218073,68.47765715701422,76.64845650901161,93.87095855831471,71.19665573871218,88.15400765546964,76.3153587041123,72.32920978056988,80.93939461238051,81.70614567961279,77.97238012650574,85.5038085303896,89.1706843149752,77.19347505895385,89.23073482909452,61.49045123012875,73.19549871387073,80.0412462730268
10.1073_pnas.1900078116,68.55474736384097,80.4647908203897,71.44420158909406,66.26487119040235,74.43783545432622,90.14876084645407,68.14076416062328,85.55138087674378,72.0043042947088,68.77824133635923,77.75622402970838,78.127867073213,75.19659099172188,79.83820193853849,86.70958782634763,72.36478777875855,87.00311393783205,58.11783014239204,68.40207191744283,75.60245460964612
10.1073_pnas.1718309115,70.79019778042021,81.43522308681057,74.09894878583995,67.86145500619392,76.0192332639062,92.18292643949256,69.69671941737806,87.48072487179164,75.3065284567988,71.04546494391765,80.11113172030663,79.42258876993327,77.35285717138574,84.88623500139623,88.19932467900932,76.46633445464408,88.26976032899556,60.84187209757586,72.08515293237001,78.38725447106894
10.1038_srep17752,74.27992388067626,96.83476830193754,93.87185882933127,87.46290207760734,87.56261644329967,98.1350989691692,75.32977418008481,92.32580098361427,85.47370034294102,79.18577594994336,93.40274216156067,86.20603816500748,92.62672048108223,89.97000045365336,92.3674484739142,81.42873355202263,88.69421144318936,68.42727496849815,90.01892911825121,91.81070349356696
10.1086_681231,70.67800357938894,83.46216922117249,77.1623132977469,78.79616534313787,82.89209778194443,96.00033226465891,72.67521325904164,92.5885761583842,81.22476596342275,74.25436714333561,81.55821403380347,86.74933363052902,84.79317457001589,89.15064341340998,90.66935253121906,77.40062217377688,88.7428452504443,70.24386509901602,73.41069422797644,79.0737190074455
10.1007_s10539-012-9317-3,70.12182860515038,81.19807455609127,73.34483527391207,72.19752589128203,76.3704538289035,93.94092645681013,68.79832779488898,87.98115353143467,75.11931391702524,69.95392342397457,79.67573997746247,80.6535417428081,78.0378869404144,83.89990711848813,88.98208704076967,76.33932842807846,88.20266215557534,59.081210325128716,71.92062074987781,78.85419895481917
10.1098_rspb.2010.2342,68.49918761906179,80.4252224671456,73.59550096420088,68.23854787453683,76.0279481934674,93.03194451201227,69.05530111691762,86.81519302937288,73.96006181727208,69.85473131442711,79.48236216729904,81.31136124722512,76.83143844776755,84.69371375485659,88.66640378463106,74.81262254476714,88.23516465497083,59.71626384642699,69.94665188693148,77.60417712748271
10.1155_2021_6693597,79.87565806361376,91.4678882339494,84.72268181803209,80.04796539215114,83.68033964605996,96.33397853729794,82.74153153399202,95.80002666729027,83.31829327353596,81.62373176493996,90.01809048343587,88.12567507411742,88.27532717598977,92.03308776804649,94.11755166922934,85.60550321804871,94.75887929429977,72.44693941068988,83.96993700926953,86.40180675607039
10.1257_aer.20130768,71.16340690332652,82.28529173075012,73.70792996721008,67.83249684893137,75.87823042613529,92.16990251638833,69.60292807320887,87.82251071398555,75.24188243236445,70.85923295636918,80.37428811260583,81.14914805700735,77.94171844456866,84.73665166236981,88.8390767104253,76.82049344878159,89.26848460148719,61.46247379844697,72.51612362876358,79.44106296102053
10.1038_ncomms12288,68.5205150888496,79.14575705014221,73.06745851710258,66.5468386189875,74.00777098655807,90.55714092623937,67.6363777384658,85.51933885588319,72.79377226710851,69.4809522815148,78.86098879313118,78.87808007069181,75.8770318999406,82.17115336893481,86.7120100384766,75.48564360294866,86.15195187587044,58.88399092006237,68.97651322456078,76.94465728316936
10.1111_ele.12178,71.19075804713404,82.46917961636893,75.57873380453444,78.8813653523687,76.73065349986938,92.31428525283891,76.84347613660103,88.94551263116678,75.52904285860345,73.0261442120368,83.12827503944082,80.19545849862851,78.1365512011728,85.5768442519339,88.40645297238665,77.54870297225393,89.43113896854996,66.53126503041771,81.72704325919061,79.12770431728757
10.1080_15534510.2012.729493,72.12021567061298,82.65648194451155,78.51262134931083,76.60772238032288,78.45604494502118,95.16543069335741,74.77143086237997,93.28287662340271,78.4214283253133,71.5476956990518,81.32954962148155,81.90958149495667,86.02229817259789,87.77838125199601,90.82474775829303,76.4313491283421,89.95855098630993,69.52111989451237,80.42551718577194,81.74191378452505
10.1371_journal.pone.0012530,68.31132665604547,80.55429133154344,70.66333094864413,66.6645953314372,74.42450930027643,92.00498451239814,68.6696661603438,86.38250943370565,71.55966021805976,68.1710647847429,78.42622194240714,77.6703404845515,75.83397124520977,80.97834946167409,87.052835208368,72.8624910691372,88.21694942181577,59.92787722838366,68.92808109978473,76.22888794614317
10.1007_s00191-009-0162-8,80.72454117333282,88.39603815454547,82.87558898425516,81.29775854938698,84.37110265249142,95.7617981178056,74.33931851081137,92.65732802085353,80.85266861326433,77.72033977237398,87.17789312110904,84.88641812951198,86.81922202411666,91.01725315254141,90.73750852022428,84.06288974966273,89.35365630375964,78.89790821541747,85.31747051960961,80.19144009992091
10.1007_s10683-019-09629-8,70.65079584811829,82.14972686221812,75.81249709648334,75.48881655267753,76.53704106097749,93.69115354405457,75.14108597843939,90.28121072064017,74.47741038575924,70.17867804968941,80.05424051833906,81.4427297390489,83.87898253151091,86.88854574485303,89.09515481183489,76.57778839789167,88.29663151704841,68.3245574691011,82.83106673609903,79.53046876584132
10.1038_srep10321,71.03290439166055,82.19100657021549,78.81683308712664,76.90981805085886,83.36002653807236,92.52662880604849,70.37850524327122,89.04278798672925,83.46481092382378,72.76302953272071,81.04060854406183,83.38895700791821,85.30140558315026,89.45584323502908,90.41888074430716,84.56564456133789,90.21930037485245,67.16995766388145,74.72405579236587,78.52851395294164
10.1016_j.jtbi.2014.10.037,67.50458110874472,77.75146920751656,68.0123337237624,64.46716219070873,69.74143851541086,90.19532058915667,65.96645326229847,84.0589600393653,67.43958086373625,66.77655908728923,76.54572630630456,76.71864212036938,71.65992896086122,78.85792094611887,84.1354347868089,68.45031860783416,85.40589649549607,59.049177515853806,67.64003828504418,73.69681367572052
10.1002_bdm.1810,69.25489687964087,81.79253936320397,74.28174667890241,67.65105756638451,75.96328934000795,93.24623553258296,68.94775269413432,86.92313400729466,75.06707894151018,70.89476546480964,80.22831273633882,80.83938154649896,76.87247944853785,83.39873044915885,89.18820836887258,75.67876801707,88.88254506214444,60.10463261147245,71.37253030422826,78.97442807934729
10.1007_s13235-010-0001-4,69.12366489712957,80.51015960732745,73.92334796351635,68.15193302279344,76.0099475201105,92.95144412566493,68.91979760443738,87.71956275408989,73.34195412455436,70.70738684187106,78.97842460850272,80.07603979029226,76.88721270584796,83.89354925978209,88.65609518730984,76.83005052756651,88.37801903442782,60.04045843848464,71.68400851898623,78.58901663414585
10.1007_s10683-005-0869-9,69.61893421279443,80.63444841229766,74.30906164580284,74.6020967810815,76.29518980098527,92.75626798977504,68.80970231199804,89.14230876612373,74.4549116511166,69.24813350796973,79.16861386693752,81.30623408076286,77.834599271027,84.35530951194133,88.72033244103744,77.17396752414984,88.27707663591168,60.98195557186623,72.76011474619904,77.6036279428399
10.1371_journal.pone.0044747,69.24419456075715,80.10780406829925,72.66024273304106,67.74647333933305,75.77494117558471,93.11015322419664,68.8846188639421,87.82787428494849,75.48559907625696,70.72000477309261,80.2349513891251,81.06194753150548,76.17537889537508,84.02145549527661,89.23800177780453,75.91386143689847,88.83189196325502,60.27692797607171,70.0768078511772,79.33295666933583
10.4284_0038-4038-2012.067,82.10470182821345,92.76068258825802,89.4716269390289,84.2978728540008,87.5715963167467,97.27254676919746,82.86497593105135,94.83707908443458,86.29792790047142,83.58947112941057,91.42204017855227,88.85623010007224,90.8194817736653,92.73124883357116,92.86906789810145,87.70625373588024,94.7046665600098,80.08482845175239,86.78636741657672,87.96716983566866
10.1007_s12110-009-9072-6,72.08475006647453,83.15854432955464,75.66585607693642,72.17358749418945,77.38920075463172,94.73147120936827,71.6418090227616,90.35367972477788,76.34239785831596,73.05117389422709,81.70504867738141,81.64414981098672,79.30984711522665,86.63332942359327,89.88220058730933,77.29415043587358,89.89978333985735,62.97385719764172,75.44475338897749,79.84299779322843
10.1007_s10640-006-9046-7,70.69774644464864,85.2009433385793,80.78483937290032,75.5424785811365,77.43271656532974,94.77836456870675,76.02876284153488,90.10229295546459,80.10060922560733,77.61394135160918,84.27370658610072,81.64381945806385,84.27753663029581,88.3610876987656,91.99914602571704,79.41954475229893,89.10635319373644,65.62305666990466,76.16890851285999,80.43467256138668
10.1038_s41562-019-0707-2,74.8482103779168,84.8810732582414,80.12161817955244,78.293457880126,82.02231908265169,94.63596475864685,73.57304556120091,90.10972471847992,79.88770862282482,76.42122065048233,83.06250879661025,82.56092727119726,85.28769172564283,88.43783077283598,90.76518085493015,82.08234667311226,90.81460888075145,66.89288701716829,79.71865441830565,81.2286229742089
10.3389_fpsyg.2019.01374,69.68209247955718,81.48559397956917,74.76898467931218,68.49468126552355,76.554585637501,92.48035442240219,69.98807574261758,87.93444048703137,74.71366314477609,72.47844798661266,80.52555904212048,80.68075463985912,76.77612727960971,84.92383770797669,88.72182792518481,76.14116096822852,88.50506402683769,60.933720369196514,72.10216250459936,78.66585069501278
10.1017_s0033291717003075,68.96149087058895,79.05917488639477,72.4373703416004,66.33544053217399,74.32530500836172,90.93630697147967,67.52753881427694,86.09240704343357,72.03207759480443,69.31768550241692,77.77686993719061,78.80746809600011,75.61801071572019,83.77587759350847,87.66150255893169,75.12448942149088,86.50043896145758,58.98372849734536,69.84509376877742,77.66248004663947
10.1038_s41467-018-04775-8,71.08507983312131,83.12064649429746,75.55166729217986,75.69562959515835,77.19072458942243,94.29576535983279,70.88125330562534,89.39578780376418,76.15049530579718,72.32364690754375,81.93444810586051,82.323482986023,80.62379174145215,84.78439939593171,89.64392509563524,78.76494779830479,89.29758664815321,67.22284751350657,74.81811696425979,81.16048993671785
10.1371_journal.pcbi.1004232,68.16124821698254,77.71700568790504,74.82033437553024,68.15788280153888,76.18976519548654,93.00216106296766,66.63264822136102,85.06688332293879,72.78023326366184,68.81340298110904,77.96885601079659,81.06597825403615,74.1948703276101,83.45039984892128,87.99682095488372,76.48243907292859,84.32915080489451,59.50749268963212,69.21079511246273,77.64607467738347
10.1371_journal.pone.0085531,72.03029511624219,83.16149615807474,80.9901214769127,74.70726889315759,81.13412397293432,94.5818313799851,75.20596996779578,89.57537998300317,78.53331066760194,77.41094097219347,81.57096535113355,82.89361643617352,79.76459990381282,86.77511286602639,90.97507042145014,79.91797076834378,89.53140479329716,65.05177627787636,73.73123447641713,81.19550897641844
10.1086_381411,73.00981051486289,89.23432978946964,84.42055177232648,79.53043999560653,82.26802923114091,95.78178091081675,77.18690120742224,92.85076247462474,80.66268796110074,78.13175335400659,84.40482089801712,83.90812204329598,86.68466186611505,90.91852185782876,91.71542238368744,78.70405649473827,89.91822957848736,71.7693952746945,77.50859701886473,83.15112807947449
10.1086_690066,71.06152079518519,82.5452164308554,76.93656933058888,73.05522668888622,76.82971080752796,93.41004962829385,69.38885436258552,88.67752589363896,74.80016122925694,71.78227709901485,80.8673153324857,82.19919402381898,78.68996423916555,85.35373559563196,89.19871485399396,77.21814368753432,88.53608267325458,63.7801422422272,73.40263380645276,79.6194557399216
10.1155_2017_1676045,75.2156074806526,85.70145700798304,83.14249852949723,78.03823924557112,82.76749112482014,94.90457557200062,72.32954761389723,92.2551137763308,81.66049003333492,80.15785676013483,84.85151703895386,86.72220507630304,85.51748202417188,89.98761551574904,91.82068047125738,83.39645769798908,91.52897236138885,68.67611656785375,79.91943062809256,83.81633142534562
10.1142_s0218202515400163,71.09002313152907,81.9235257721265,79.62354734732241,75.4115719537164,79.2463726312919,94.79524292175945,75.35967330107712,89.88517834758926,78.22933737491596,74.16815952473833,81.72376424596466,81.9465579933725,83.02262232033411,89.22054819835832,89.95935308003278,77.90465190947587,90.27669360597037,67.84570180245494,74.92971705942848,79.8976635941865
10.1111_jssr.12045,70.97865497593209,81.8955582112656,74.43584170643372,67.62279500344277,76.81113508358554,93.9399326121,69.15094507029701,88.31341237340122,75.27606658997465,71.62866566312314,79.7752704005814,82.11725764449693,78.3329053819927,85.84519763957981,89.09188937828084,77.67087273380669,88.86207555238158,59.78763231735687,70.67419779158892,79.55693003097957
10.1103_PhysRevE.80.066101,69.46362296869647,80.57281966322623,72.13004587805021,67.7031793947279,75.26747550288562,92.13847332430123,68.82376284654485,88.16332296531773,73.33761027195543,69.26504275906382,79.71815188287084,79.39735788267087,76.85760262385682,83.80516376065184,88.44798304179636,75.93322883629433,88.6069030467612,60.37850591258756,71.40836223909392,79.05660793790909
10.1016_j.jtbi.2008.09.004,71.86614148311709,92.35849297172537,91.17704395618475,87.35725524583731,80.09825577795887,93.6961425868641,81.44302011732935,93.57381691660953,82.90945765438983,81.20641432019383,88.39543523860821,81.32818442600633,86.48939929350328,90.94738497996492,90.59446156597284,83.69977621462692,89.17740975673324,75.99392293407887,80.59837005742702,87.12347632787517
10.1038_s41467-020-15661-7,78.5405896002377,88.36386578453346,81.72268327836358,76.12731564966322,82.24592847727057,95.38988229973718,77.84157115257527,93.05806624885453,81.77896110912788,78.69815394999667,87.42384177013133,87.12900799769804,84.75627408110141,90.6428287002978,92.11990523462299,83.63363989946711,91.9585638200544,69.5110635131512,80.06769746283238,85.34190660447078
10.1371_journal.pone.0155773,73.17509239933155,82.68227108952352,75.55228043683299,71.93111233934883,77.24460499647637,92.92904782404368,73.0927212911442,91.36727123915354,78.99999996410905,74.39778400404315,81.28347502827059,84.99951351029424,79.74540897648131,88.99777671806693,91.00032248174524,80.97253521257883,88.68503451342121,61.41387694234007,73.89297089903414,80.28852999593481
10.1007_s00182-014-0419-9,70.4847578335223,80.69160497632119,75.38921988087458,76.93130428365933,77.66174400143585,93.23452997881881,70.4118535802342,89.86908027579942,75.1476504883688,71.13965491252092,81.03291939281341,81.4922774753766,80.42294241406668,85.72923272726364,90.20225615905957,76.21226891689558,88.88023562027513,62.88290454055399,72.84159690347573,80.00843730349963
10.1371_journal.pone.0117183,71.28954046397102,82.72221103898566,75.33386937368415,68.76480807757939,76.83509187416179,93.48394482088919,70.61230063874436,88.90130696468265,75.31236138401484,72.51771926346922,81.0327996242602,81.39013256143218,77.8185014295481,85.5998536375816,90.31625513996485,76.9442977249702,88.78178072088625,61.64412015467227,72.6633191860501,79.13141725294817
10.1111_ajps.12139,70.50530125298089,80.84432585431713,74.56860888994058,68.80955555899318,76.00306845895295,92.39297431800885,67.9696489992499,87.07352868584827,73.71420702108716,70.81641947123896,80.0863857857058,80.66389580310758,77.15354098689627,83.38497462678663,88.14657921285794,75.68826960641006,87.58283309855061,60.9873516484543,71.77334436216887,76.86794825998805
10.1371_journal.pone.0068423,78.71872713177886,89.00780147740117,83.71089828400545,78.37967670326559,82.85490407568389,95.50857087019742,79.45877906611403,93.98193295829445,80.7799478956664,80.03859971904616,88.49136674393962,85.00508416876268,86.89057193520863,91.0365430348062,92.34970576926263,84.5148739212563,93.45292816451847,71.092882300584,81.89764880316142,83.60598396005258
10.1016_j.neuroimage.2019.06.047,69.80705597675188,80.55160664972998,73.4203531136657,68.03674772799943,75.10776529956553,92.13852029779945,68.74908801655835,87.11226397537932,73.74919669447998,69.53920437221049,79.58925359055183,79.67696463373929,77.41329090138137,83.43259407674834,88.53475860512143,75.5437370137892,87.47790039127308,59.75530921752367,71.72694997619114,78.57291950099777
10.1111_oik.02064,70.94986104880806,81.41007817898722,74.93971388611908,75.84392490907096,77.51739251832348,94.05704956560248,70.64618125851293,89.27418503087654,75.99277973726542,72.34445199107627,80.41571082723044,81.3798989512088,78.94886897469391,85.56873669650933,90.89071228839913,77.57605027282223,89.48255835825447,62.12196739982551,73.34038820832279,80.0143248621205
10.1007_s10683-011-9292-6,70.39583392658608,79.79627838119096,73.28001056998939,67.4099050215311,75.97425646769797,92.9550929391874,68.23199724921979,87.4921153833482,74.5783905377544,69.56071462619724,79.45380836466046,80.77021404028017,76.56667747993804,85.26264726568958,88.02652502328569,75.72049309076587,87.33868890308898,59.82253515584929,71.03012694707346,78.39619552987033
10.1007_s11427-010-4016-2,70.75976872449763,83.71121048962655,77.76839249010676,75.95018854171289,78.89783920078321,93.70266509790426,71.48114191375637,90.6008537384276,75.75238718103054,71.71559376882084,81.68232459131276,83.68714508596668,85.33991835291002,85.94132874415709,89.02995870870903,79.16770646209005,88.8601513477301,66.59670365784864,78.52469203630065,80.43755897640403
10.1371_journal.pone.0244592,69.06086063370587,80.40868004335341,72.38513799774054,67.12579279879297,74.87467519227285,91.12071533844598,67.71147502370576,86.22027724923699,73.69227416517418,68.60716789970623,79.16992551400578,79.46087109554239,76.46335808891759,82.92953881853535,87.3339673238967,75.24247872445294,87.08477261549186,59.52623209593483,70.55612711047344,77.85963671645976
10.1038_srep28809,81.57218008689553,91.53190155636551,86.63562604604337,83.3535031229426,86.62403522072175,96.22316358558828,82.00925843197417,93.7866604720057,79.85256575277417,80.85927132093926,88.57536749892088,87.74270662248693,88.61506876940862,89.98642238185484,92.85111290473384,86.37266475849549,93.46026805158114,76.4902787271668,83.83201730488133,87.04572017411681
10.1103_PhysRevE.91.062804,70.6078158088061,82.17960749714499,80.4768328018456,71.45670896020481,76.31896537235035,92.80372429920193,75.73448840480623,91.39245800575078,74.7922742344894,72.29338749032031,81.39180543839528,81.15524403207299,84.66577334664206,87.50914349479609,88.91565249813688,77.12318376489726,88.94122234774889,66.22531918370807,79.12075760517301,79.50588078322673
10.1111_spc3.12581,73.39746772523799,86.38311806827033,82.96251713989778,76.76171007156813,82.40035626353627,95.71743666976113,76.95311696713702,94.5901462432238,80.44901355455795,76.23438819663939,82.81724961063503,85.27090002276245,86.61627179425335,91.477664747835,91.9859201219222,82.64475113136919,90.89356988519249,68.97107223060057,80.14871468651907,84.61297523630998
10.1038_s41598-019-44725-y,70.8983431363085,83.70737290464896,75.02669938388424,69.41482412452758,76.32358664402612,93.66423609089028,70.8453898555802,89.3379490344584,75.9379363062549,72.38398091005175,80.54160919292396,80.98884534290399,78.68683755571307,84.60846239411984,89.1023441875163,75.41011104059288,89.01006458134233,65.19296861441963,73.27760256554605,79.32945193539369
10.1038_s41598-017-18727-7,71.73964227154991,82.14335719633888,75.19758930664466,71.92826338183684,76.83131099517065,93.28507158044384,70.779054243442,89.19504283060137,76.16602831271545,71.99582785760884,81.32342636984814,81.6918836471777,79.23183510262024,85.35121809746398,89.04679505986785,76.87280725482681,89.11693316747154,64.43021882019934,76.81461609744566,79.18252200530293
10.1038_s41598-017-13918-8,69.41939937650812,83.39063687927671,76.54409199655328,75.18765797998358,75.7580517065952,92.63180198713329,69.06692574393466,87.82153576023859,74.39061089050793,70.99185353269883,79.51400084799782,80.67219805107057,80.60390073749329,84.76434210687202,87.92946473489839,80.92210576510308,88.49005169729783,62.075700021483634,75.18296761964815,78.01476006407667
10.1371_journal.pone.0110045,71.6558408505365,82.68464308335454,74.7047823427891,70.19642720843686,76.87483024498844,92.7381899638631,70.95937067605516,88.65376144950598,75.33421956627609,72.0727420158346,81.00716930436391,82.34149480462189,79.68965140209092,86.07105506616756,90.29421645537104,79.8556155098515,89.50590017510594,62.682042176856626,73.86930901372239,80.12931284780102
10.1007_s10339-011-0421-0,70.84653757034698,81.65360779323399,74.70364592478685,74.2500945626792,77.438935647901,94.29939808184815,71.25579075871129,89.85815123696858,75.4722933912466,73.17893901701122,80.7520370256999,81.47518864758885,81.08423911954816,86.68523692127394,89.21073357268773,77.80592785020892,89.41003345947324,61.87297209798831,73.62756830785538,79.37445088165425
10.1103_PhysRevE.84.066115,75.36946968153813,85.46801318507706,83.78532716325998,82.02101946186492,84.44707111676358,93.09009558926286,77.1897997850746,93.38973077898557,78.01269198962727,78.73954051893402,83.40838304877114,84.96163242648299,85.68633134638067,89.77290833629804,90.12478855192859,84.79344816461452,89.1877961738308,70.87698442574596,83.88563832033095,80.49210666845488
10.1017_ehs.2020.58,70.54292865505707,81.17790722208822,75.47693383747679,71.82229387702516,77.62812711719566,93.10267210908961,68.96214644255012,88.11230765580008,76.55687415495134,71.13342859309448,81.07176930582477,80.95250755274876,78.32018578298431,86.00560263070882,89.3916391323424,76.81395799405644,89.00997480184674,60.296079974586455,72.10891775976948,80.43000390765157
10.1038_srep38349,81.3941118617674,90.44393183763964,87.44248995756578,86.55227480025017,87.78766274546548,93.39506186994512,72.7388469424171,93.79396518577049,84.42064478399926,80.64382236422185,88.82779298239132,90.51861023854946,89.07656107863998,91.92473296754217,93.8247236137576,85.43965190960294,90.25885743143377,77.9382617224127,87.65872258691688,84.4045728001412
10.1007_s10683-013-9360-1,71.11411241878506,80.49619503712104,73.99990282173228,67.2253595288104,75.8057308041609,92.50800762088541,69.30405997011317,87.76078003413927,74.11781437151986,70.63504473832089,78.92425078101304,79.74951566157945,76.75416661141912,83.7143184166243,87.88443712065956,76.08696991255671,88.06021499674311,60.10336020114167,71.4656328986736,78.46582942971175
10.1257_mic.5.2.213,73.01764359263805,86.59974987508926,78.90335101316477,76.48266506889698,82.08316668122639,94.50778806396451,75.02758289817868,93.7256401627425,76.64264119691022,77.5038632271583,83.59256929950307,83.29491352460569,85.42628430934289,85.89672985776,91.44849625582198,81.89989542131033,90.03380262687793,69.02260985514332,81.18608871829102,82.90677916040876
10.1111_j.1465-7295.2011.00422.x,80.06697003741176,90.70243107370014,83.84699511399639,79.04233469200899,84.60223390289623,95.76097506646101,79.26020781828011,93.42788771965061,85.11879261941006,80.35274944854312,89.67087155775417,86.07267480993636,87.00805151597748,91.76871597895114,94.07302999369472,85.43988252973325,90.6667444328365,74.47792837528561,83.06718679662323,86.38616859282017
10.1007_s11211-012-0157-8,69.8928527781552,81.50927683655135,74.37018342527757,68.31793563179858,76.6778151490603,94.26062230242594,69.92970126874465,88.40433351728927,74.23900554546255,69.73103782340834,78.90467625452612,81.39211466359781,76.98539337312934,85.14110160634884,89.63614282956779,76.2349586663037,88.86244273867835,59.61342827193338,72.28126425049336,79.11179244768097
10.1093_ajae_aar154,70.52727028628347,81.9998677251323,75.77702031253052,75.78930664623827,77.37968468987859,94.24596726180333,71.02446496554704,89.23804732612024,75.76526886678533,72.17578089511241,81.1431351183031,81.42764097676212,78.8802732244743,85.95648231943484,89.1039315109269,76.71843259751742,89.99181672336796,65.11631481303661,72.51527576827924,79.5115061061045
10.1007_s10551-011-0795-z,75.2984359259037,86.41252127906404,79.09366628886602,72.00839656607724,80.0523114555492,95.9922651289136,75.1288178668119,92.00907981506549,79.00107095008009,72.12765031843277,85.19342185944404,84.99880702358838,82.07618872996532,89.04055134961213,90.73159553357668,81.04082225942005,90.85866281577884,67.04835287562406,77.08643247055721,83.00220429756621
10.1177_0146167206289978,70.02157743150813,80.2008628199032,72.76801225942884,66.944519688711,73.96022756591644,89.72236405201848,69.10457141577933,86.3275615257899,73.37655704448495,70.0463608439159,79.38940880128641,79.10933012306351,76.01886203412747,82.91206638296869,86.97073347047363,75.86443684808431,87.29348404695517,60.29767580940145,71.05958964826237,77.4127520931143
10.1038_s41598-021-89675-6,73.89418029320707,86.36371477125793,81.50391591589829,77.8153023696928,82.33248965475,94.13798267427468,75.81007740383457,90.07934080461679,80.6219453374084,76.88801198802207,83.8412056466689,86.82201142737227,86.2581257941869,88.67029848446283,91.88032781151475,83.39273671633427,90.89210931413197,69.4165516018527,82.30767076015906,80.9520056509785
10.1007_s00265-019-2667-y,69.92776204704987,81.37728773900642,76.45236849167719,73.96063011720896,79.59408728455966,92.67979603338023,70.3276127272643,89.63100373949892,76.40255151109459,72.28736344716306,80.707996841495,80.69848320796036,84.38643314839072,84.9309402061679,89.46844808420691,77.16236682314184,88.60243070590258,61.482112118104574,74.19087637149497,79.57116347066356
10.3390_su10124585,78.00984268868191,90.12856664199464,85.36729582960682,81.49954502623709,85.00155307997389,95.95860538178678,78.26291892296545,94.70628544456234,81.72105992501842,79.77859120904334,87.47119454672182,87.79340188044605,88.03559744490454,90.8495365572118,92.92330360222597,84.78108246862986,90.6788695167956,72.71951279126196,83.41036296993637,85.7897057715801
10.1371_journal.pone.0196524,70.31206273521622,81.15266018178768,74.14877265021684,69.88380744906915,76.14439600968659,93.09295654372622,69.37956244076956,88.67557701244492,75.27807028322712,71.09801506452797,79.7606675993272,80.22979242261921,78.03374339998159,85.3284752613384,89.61901379806797,76.23914572763006,88.16288867514302,62.58385580022695,74.26979354910493,78.15052136565265
10.1093_esr_jcw014,71.1974676146777,85.28984564771748,75.77988840605943,73.50946598404394,78.24422137755447,93.61188755035988,73.43442299862791,90.29546339218788,75.8394708781025,73.03108733344743,80.50982336628428,81.63777318352024,81.3154429619518,85.77288436689666,90.71492514986268,78.20230891761696,90.014901808176,69.38709799665871,72.94568854783155,79.85400011098322
10.1371_journal.pone.0124561,79.94746595821553,90.24147945546926,89.47608385703279,88.63013792723089,85.6083420083549,95.48259821049936,81.54308165599632,95.38869547355785,81.92879106376499,81.16483669303078,83.67754300045173,91.12106137821152,91.48736301382131,91.20207542238163,91.18594710813434,86.55855119781272,90.73843747120435,81.582685865658,86.53583678108069,86.2335979745316
10.1007_s10683-014-9402-3,70.19296839474559,80.55333422655352,72.67564475374796,67.02072659555394,75.75972334016332,92.65640803399278,68.46411742278079,86.4271269659463,74.09264979212878,69.67406555105505,80.09567157934609,79.94991495397866,76.99897348874491,83.18654710024647,87.8672753426489,74.7856813617212,88.0214105525975,60.53569658417864,71.16608269115927,77.58689296956213
10.1371_journal.pone.0045093,67.85874390254922,77.54787529260163,69.60836274246931,65.75115419174796,74.16552009735403,88.2830943441951,67.60641628689908,85.11375720427338,71.76006587247973,68.74904436973785,76.53040394254035,76.92673488179993,75.48506191250056,79.61826171128962,85.75347550054035,73.87965500553182,84.41203717394869,59.06551973216075,68.85035892280015,76.29372433414817
10.1093_jleo_ewp039,72.7939251865999,84.38592661020826,77.93511457115297,72.40085121670053,77.71595317593642,94.19772879467537,73.92607218422339,89.59501458903829,77.62608887693996,74.99411545680437,84.24233251133208,83.16301067832279,80.46395043448152,87.83025995923315,89.58661556745398,79.73063633109506,91.69161900036956,65.90266421510839,76.28918951474925,81.83403243096116
10.1016_j.jtbi.2010.02.015,71.61960727647414,83.10234666639252,76.1519233164091,71.07309153925443,79.5393043863259,95.99053403755687,71.1098669976246,89.79689343325558,75.9974947834416,75.64115113672433,81.21466518016831,82.4771891450814,79.88390117169523,87.30992968502952,90.61982766520049,80.44227882246005,90.16226507434023,63.0829209439717,74.55113024557355,81.4595209962164
10.1007_s11127-006-9075-3,72.45009278774964,86.04092746339187,78.75672859014398,84.2851831365185,85.41651715194254,92.6390257085447,75.07198188255525,91.99851445229865,79.10819763028285,89.17707421940536,85.002973340204,85.53806358346895,82.33284841737785,89.01126905816334,90.7684646983886,82.0424338961718,92.79013018044824,76.74847140236702,73.7001080975051,84.62409126187713
10.1038_s41562-022-01341-7,75.4642242966009,84.73252294970113,78.99905483744656,71.99871652978649,79.99946485356195,94.8923147768847,74.98666175019888,91.91563741217486,78.99998724012532,75.99956308449133,84.17725562582869,83.5097733520881,81.99431633636236,88.9999999033368,91.99954718925173,80.99922971348805,90.99865619604873,64.99950629888968,76.99867451854867,82.99998849723785
10.1103_PhysRevE.101.062419,70.66024867332861,83.08095741451685,83.06481358746616,78.86121219061151,77.20058264692771,94.97422063643532,76.06715810743083,91.2020490335225,76.14037970564769,71.52334043725988,81.43398257061446,85.70851741911564,85.77883668144841,89.90923654722532,89.45693314309894,78.51992297193847,88.96545628541776,69.57463470860563,83.33484796585206,80.68030957312472
10.1257_mic.20170389,75.40311789031088,87.54184003997194,83.02389167687244,81.5491792440767,82.04505431800177,94.96332968847368,77.69396878541352,92.0024465685528,80.81203494469072,80.10966304079689,87.47629455518414,86.88184999410605,85.44072901690991,89.69491983291199,91.90729010186001,82.2279420523277,90.78991190568144,68.90434651630675,80.96671841441469,83.80978258087077
10.1007_s11269-017-1661-2,77.74732786571809,91.67095795090833,85.8063405118874,85.63360055924167,85.84470313093227,93.67410457633952,80.0773673560771,94.76315924732108,79.96798660354436,74.42411237182478,89.86285994027811,89.28602119782764,89.17423193201958,90.48569857960018,93.24273883653665,82.30376505513436,91.68612740259495,71.23765336644361,84.93952396522963,86.5927894874999
10.1038_s41598-017-02952-1,70.62278787326797,81.37319025378781,75.80763316324281,67.97635589055476,76.43256416442185,93.59665400352095,69.96284003317233,88.18257002444078,75.00414047504313,71.10091721376361,80.33804371147815,81.18063907112959,77.26068354056376,85.08601051992592,88.83821205552078,76.80402234734152,88.40469013408301,61.280375108275464,70.53062693881212,78.71396969243531
10.2753_mis0742-1222310208,69.27064929373178,81.11765209058987,73.76975222234329,67.1353087806202,76.52247982999148,91.67927897302334,70.21380263984351,88.48948557949065,74.5249145115582,70.98885686873668,79.60014792985463,80.54686463175655,76.19092633116531,85.62812152876495,87.68572306293619,75.82140467318442,88.57226246957953,59.978221280187114,69.79552597173144,77.68643646797167
10.1371_journal.pone.0085691,71.54811778113547,82.52789902949117,76.61473569600584,72.57867907234858,76.73077873372885,93.65800982301636,70.74197838316898,88.2914821395613,75.08180661944283,70.64247356797391,79.31992804333207,81.35492518621362,78.19244481765078,85.3344773393016,89.02062061232215,77.0389770996777,89.4262201069895,61.457307274213704,71.69974300306087,79.27653906463574
10.1098_rspb.2012.0063,72.02355313973949,83.39862533833698,74.00185485370223,70.7691700388719,76.79283593976713,92.60011231133444,70.1873123631702,89.49818171767824,74.97617702675582,71.07782488511167,80.58233775158541,81.19554537357078,78.78113015378328,85.3727864264962,88.91082592735795,77.58754329660825,88.65048463978837,61.74232120546632,72.8734686091603,79.38579109597896
10.1007_s10539-004-5155-2,72.08860542616164,87.75084773424368,80.35443529566123,73.43132856708195,76.66332111568961,93.3877410592187,71.34919639714684,88.43647477735482,80.92873240519232,75.72923769933382,80.59094948744917,81.12828219604137,84.25652324361538,83.03379583183485,89.31018532593986,76.62456169377062,87.5281576333691,65.43185935537244,83.1431719491086,78.36733343900734
10.1038_s41598-020-73855-x,71.35598479476104,83.03370601386392,77.6708252748685,77.33171946623636,77.12349979289985,93.06192393632288,69.24208001024091,92.5777298262042,75.18036044049451,72.67133036658639,81.44318089646913,80.81738779679793,85.39611339507641,85.32772246369657,88.765343679487,76.36474395925326,88.69683819411158,62.36156827841391,72.16745908111064,78.90954983456514
10.1007_s10955-018-2012-2,70.23943159664535,80.86058885908594,74.10456603198898,67.5667891619461,75.59953139117225,91.6718786625376,69.29887109848062,87.73205343937697,74.3214320527876,70.58462960474742,78.7065365928759,80.32830778020117,76.61271462551973,84.09198617795707,88.23854610071471,76.4020537505054,87.81579392306011,60.27275700711436,71.1244788777782,79.24184690784418
10.1038_s41598-017-12823-4,70.67893147854288,83.94252154928637,76.51013056908532,67.87027431783513,75.98944202860707,92.21781653053704,72.62210065831161,88.68028608451911,73.94456736229438,70.70582856958714,80.34707424895873,81.56587742647685,77.40733600671804,84.59736232265917,88.90519690652324,77.3101642192122,89.27729472600731,63.58854327822101,73.05971530579063,78.42887503204824
10.1038_srep25413,82.7120330672746,91.75135870017544,86.63346405863307,80.745771497818,86.70834747257427,98.03102487093633,81.3146252249459,95.30300339262628,85.37797473867248,83.14869239197199,89.61594334475984,89.83890388463308,88.4676208675106,92.5441419661892,95.37589993503514,87.14857500821985,95.90263728451981,76.45629731431309,84.4192923336089,88.12907770775729
10.1371_journal.pone.0059894,70.24147971315087,82.34365131851096,74.85375395139012,73.71542023535983,77.30602953696273,93.96862574856222,69.82685867967977,89.00589400584701,76.28276849939951,71.72203115662252,81.02737244510737,81.63306799503599,77.20894087339398,85.12894914249885,89.19699597030878,76.54842675808935,88.95067449368264,67.67060642538169,71.19305143297241,79.28470528624608
10.1371_journal.pone.0035287,71.14883691678234,81.82268091970708,74.14534028840598,67.87169501477985,76.1531797459554,92.61169887426453,70.14992647742096,88.27898217252537,74.95799710218745,71.50930076113556,80.619380259079,80.93806971800882,76.98277825790923,85.05447174317345,88.66278839748831,76.49126544577175,87.6067859558958,61.33715681482371,72.07583360139327,79.02076669295779
10.1111_j.1749-6632.2009.04503.x,69.68140585889348,80.20595492631429,73.22882817161002,70.50992318795198,75.8966101117515,92.95315397763919,68.82844913000457,88.38342037657027,72.88127427392882,69.38313208594359,80.15913670630387,80.68848182675266,78.47659311827516,84.57698749340359,88.3989808026608,75.82689314998717,88.72411232181568,60.12792595662791,69.8631141820107,78.6332733970576
10.1007_s13235-019-00339-7,72.81267408201501,82.74791425293624,81.75108388004475,75.23480203364662,77.2623429635184,93.99435227623171,74.7975125620169,90.60111327418241,76.25041020668715,73.75833595952672,83.10227476171815,82.30436898519352,84.59352340270982,87.19210759623827,89.55541368764754,77.70943532588424,90.23592232859535,67.58672605792461,77.99701135486175,82.13641107354988
10.1086_702414,69.54381217888667,80.75985741900034,73.85280284757724,68.26445604097574,76.5814999748909,92.82396116166026,68.82090654988372,88.02785364384215,74.32091575566795,70.59378407317557,79.0852107422367,80.76766512880867,76.02293700232629,85.40140444168807,89.58746548629726,76.25669860763858,88.7876308909817,60.525289324421585,71.37930981154109,78.3650086992095
10.1371_journal.pcbi.1002868,66.80669075754659,80.40009228807358,69.54891928006383,67.07474058069319,73.2468464499344,89.94030293385481,67.79312482767774,86.66090391568775,72.85313227286836,68.13248009962487,78.65041919584851,79.50149640082877,77.36076207934745,84.33680976255421,87.11529671307393,76.4356219979178,87.08083967670078,58.713582114565995,71.29436210061802,74.96518672168112
10.1007_s10539-012-9341-3,69.7169991669569,80.56680491740823,73.5321271610841,66.8674076384138,75.89972605120738,92.76059748152264,68.19458996742951,88.04708294215331,74.47864424269272,70.72072776359988,80.10746377750849,80.58816073529219,77.24633088455052,84.91855916474128,89.08931819015733,75.95249680046219,87.98207728832902,59.27464286295994,71.07648406761527,78.57331651738933
10.1007_s10458-010-9122-9,70.51410309741401,86.92693017493804,84.34303353316893,84.93825052528048,86.14199745543786,94.49100150641657,73.85394400229893,93.69320007260092,77.89951012812652,77.93371311852864,87.79894133680385,86.32921138010656,88.38886550995261,90.71252877923943,89.85127355632909,85.86305011388228,89.84940439474894,68.57800470544815,84.99379788345058,81.40917546497737
10.1103_PhysRevE.81.036115,75.37116445305382,87.48437599810723,82.93340019573228,84.14959254835888,80.05618870720714,95.97743911970845,74.11908936895802,92.11621742103405,79.0027776474067,76.27306826538525,85.06850672807923,85.02960645779046,84.32222284336117,89.00591893757633,91.99988532730174,80.99258931365513,92.48112553036768,68.99817431737652,78.40006871425228,83.00097673219027
10.1007_978-1-4419-6896-8_17,69.73056333135978,81.83806745004618,73.94428776668538,69.46605706304788,76.70528234766644,93.0525734997406,69.6023209575787,89.17965486893969,74.64771476261107,69.46598965114849,79.5103958144581,80.90797329301579,77.81719574333464,84.94797585653316,89.4533402255469,75.18147977393747,88.26604258414991,60.145307806101336,73.53963478454529,77.7774583193382
10.1063_5.0099697,71.07175033344967,86.02906969016583,81.63203646861754,77.13319009271586,82.88226511698166,95.41003431234591,74.90403236205559,91.91327198211442,74.99810786739096,76.84355347048718,82.61719746914423,80.32102946104968,83.76005118450101,86.66705302481344,88.99987809536137,83.43098415862927,91.43295608164996,70.98318005948776,82.99289864573153,84.94896016441439
10.1257_mic.20180336,70.7303705904836,86.55615281822296,83.61444865709841,79.2890206550477,82.54129673378759,95.87540213289054,73.35065826110325,92.74244136891586,81.78490555116902,72.93525541601912,86.11748883722701,86.79583869003237,87.83492614625575,86.45706953232677,91.40922166564091,78.11906774100244,89.77860199150919,70.13752728918168,82.15116875114583,83.66288253965236
10.1109_tcsii.2019.2910893,70.59660467276134,82.3725455652287,75.74445045376619,69.01659259558319,76.37881772448178,92.94533270933795,70.6273129370669,88.69211592760918,76.26870165676064,71.24474922620023,80.81422063681086,80.95454043139769,78.04469737311072,85.06083320384167,88.58124031599242,74.76295716495677,88.19390302892579,64.6723045413805,72.96887726670816,80.34108648502541
10.1111_jels.12042,72.10741081714794,86.97183427735901,83.99893961551736,82.9625443821628,82.16151454434517,94.15561573461362,77.22522032215714,92.49037936652505,81.26434987913731,77.53114778516891,83.44796732400383,87.49377642733423,86.37082088258047,87.09311254178667,90.3971161905501,83.28087239231606,90.59946127992194,70.88761124397105,82.47250123655844,84.28605080495136
10.1007_s11238-013-9382-3,68.54882356832327,78.43677110989715,70.57257197623788,65.25237385425692,72.7055782577263,91.43631840123453,67.11149662450393,85.32240194116514,71.44420018992737,67.7999826970176,76.50672199562639,77.22493415839736,74.62169980299085,80.88237831657051,86.16771239029222,71.54491479509547,85.7574581282812,58.40010676677058,68.14973726896251,76.17642705453342
10.1017_epi.2013.34,77.17691512254808,89.96026796245323,83.29207629931753,84.84895645114418,88.54788963863926,95.99120678697186,79.9684417507057,94.83358326351491,82.56416993201039,79.34089546514613,87.66254177243836,86.93598958976092,89.30904689933493,91.78254274233741,92.01305314173656,86.86717256904045,91.40360483216027,71.52857006631069,87.06991312724922,83.58989401171857
10.1371_journal.pone.0061458,80.95510464036207,92.0439007405474,90.99501187271736,87.61335426039591,91.32748701353394,96.74263405963099,82.76505664490604,96.6274727449735,88.62433770830592,87.99928256297116,90.45452698693798,90.71237371761602,91.44223323391839,93.61733845755656,94.7831561950541,92.00960310576546,92.27916271178982,83.69775861369718,89.25899729234226,88.60622052488519
10.1111_j.1558-5646.2010.01194.x,73.27424672549016,87.3449554191961,81.28955512296329,74.96126377620851,79.07399533262036,93.25387704020456,75.10042038154094,90.82241530606001,77.33982555736614,75.94270524817428,84.35209133816672,86.6802049670707,84.9663920135057,87.98019578777676,91.18723895464305,83.97281483579202,89.76441763166326,68.28304592448019,79.56680709676849,82.17788779916901
10.1257_0022051054661549,70.07902303874694,80.68344916053434,74.56506558572805,71.51876797753214,76.64981995274283,94.08070336576145,69.6068372772477,88.75116509700779,74.67810431871663,70.35364692337852,79.5103958144581,80.83449106542194,78.25986870254386,84.90620169513312,88.84504544821007,75.20032727425382,89.12321586823319,60.145307806101336,72.27149196798739,77.74730720354034
10.1063_5.0037956,71.36390195120043,88.36188762930307,85.4819789643711,79.66929683418637,84.635945860959,94.11785307772759,78.39102848807502,93.74905524616548,81.62299232883534,78.72856433455084,82.79179993435282,84.6530427522319,86.22127419287126,89.17871281755302,90.20807330949258,86.5498893853444,91.89030317031687,74.44766183535616,81.35854279346871,86.46861910626134
10.1007_s12110-020-09371-8,69.55484214772207,81.352487104819,74.64204396179252,67.65829633431446,75.91622745353405,93.05844407070909,68.9126894660053,87.73097483396704,73.90945472789049,71.00906928131583,79.88422859405293,80.9657870625548,76.74725953662654,84.26252571477086,88.93123482126487,76.34159775124674,88.49591299910075,59.90284847397981,73.3835136805557,80.10434407369145
10.1038_s41598-017-15188-w,70.09023618056622,80.8306464921206,72.06996317932646,66.80347897919181,75.9165471533076,92.1801744863784,69.96939740138409,85.72436759819514,74.78655151314918,69.84622886793113,79.63892746751279,79.62012207500658,76.67334998186949,84.3678290982623,88.24072491424857,76.29989825086163,88.8750623625297,60.475358126877836,71.05532367916814,77.2968055594811
10.1007_7854_2016_445,71.19755103488275,81.19389275835964,75.6401479512453,71.6607552762518,76.37610444812583,93.84779313429924,69.63808201086898,88.75922657884273,75.54275216034758,70.64598890498935,80.5809483792405,81.21082918294519,78.69340823719412,85.05982294366002,89.54850153781568,75.72293651263811,88.78104172638943,59.16390744878493,72.12737006184138,79.36683213110538
10.1007_s10683-015-9452-1,70.2860505192639,82.74855686295916,76.31205264646617,68.47051045629397,76.96398259342746,94.28377970844443,69.20940154281183,89.37528995033868,76.054291910968,72.28528737597104,80.74492009159667,80.91800973532395,78.0719854062694,85.58880283949665,88.93067218689377,76.33378788581874,89.431260757953,60.196438519088225,72.4461446944888,79.60795227819158
10.1371_journal.pone.0104207,70.33481242940893,81.78882243470159,74.84535184855622,70.21575780024713,76.33261286071244,93.66655160523423,69.28178248886779,88.36062246606878,74.97158638395314,71.11190173556513,80.72978501710489,80.60909045276576,76.56670354759626,84.05992757279134,88.90528167175289,76.39783881508964,88.67778087775093,62.943029101393186,72.98512505441529,78.68536652538683
10.1111_ecoj.12088,71.35527457635769,81.2153664866637,74.38572251850428,71.97781984629246,77.65279293666654,94.8545990466921,69.72089784945133,88.45312092662051,75.73235471786401,70.87803161768706,80.84886472341537,82.61817900081047,77.65840652705175,86.37075511482611,90.43078860055262,75.83863906473492,88.8558265285463,59.88634648304722,72.8725526968165,78.71137584039424
10.1163_1568539x-00003143,81.47304076916815,91.25867678319423,85.19719484599567,83.30021404663114,85.07163327378868,93.11785792982215,80.36109212564511,94.95189823412001,82.81616996462448,80.91299073817312,85.35013742522271,87.40424160817454,88.9387489112489,91.60443330117324,91.80940746204021,84.40877120451268,90.4646586274838,79.8793067297433,88.24623307428116,82.38688231026732
10.1038_s41598-020-64930-4,75.99999996104718,86.14241690279233,78.99999999950626,72.00000004079554,79.99999999998963,95.99999774116954,74.99997544730489,91.99999698764233,78.99999999946438,75.99999999988663,82.7145419595091,84.99999999986028,81.99973200020892,88.99999884017019,91.99999992767144,80.99998801916466,92.99053606389826,64.99999228221758,76.99999999396763,82.99999940477491
10.1086_708176,71.02469917392737,80.97610425686149,74.2376700497231,70.16755074210577,76.92541197117467,94.880860967665,69.08052618456033,89.84292099538644,73.75940613125614,71.4599647020992,80.43836788967167,81.52409366857343,77.54069553368097,85.29211299203631,90.00759294386327,76.63487983417404,88.99208059409892,63.87748975457321,73.83402420034749,79.5932889594291
10.1038_s41467-020-14712-3,71.09893212779939,83.04604779514936,74.12881885306687,69.79744635842258,76.84589074929023,92.99567410540003,70.7194340121867,88.93001563231127,75.79641912052642,71.45523311967918,81.47440677324045,80.33416545996148,79.9682314498192,84.81218272400163,89.51734835996439,76.46649406433004,88.49487512465282,65.03704717071922,72.87340271101246,78.82975594550383
10.3389_fpsyg.2019.02956,82.0282648474869,91.36030650289774,84.34901840834189,81.46967330247011,81.86721717445837,97.37070865130892,81.53093914201881,95.72389940687633,85.01786457378438,81.13752051343559,86.1664925247007,87.74557688730125,88.78881177439092,92.07618946714403,94.11859454456199,87.05468783384744,95.14857890177109,76.21768737934568,86.91046644502546,87.03856186458012
10.1523_jneurosci.0595-16.2016,70.08348347077728,81.32292318473259,74.3328704048924,67.84576434225497,76.4151047427565,92.78217364567898,69.89526393676685,87.75478042504416,73.8385979527168,71.67674241275026,80.44977312573522,80.52821546099258,76.99735515869409,83.63998881443922,88.56879524251165,77.04005316373099,88.13752917087155,61.50999833776008,72.75093578226436,79.29684206384383
10.1007_s00355-015-0884-5,75.15043963427449,85.91512847171519,78.99963956425347,71.99998097333923,79.99999882975624,95.70587717517097,74.94402447933938,90.79964199716873,78.84206779020388,75.99999987032051,81.81639061449428,84.99999312391967,80.35681435634665,88.99995722046533,91.93945047571162,80.99961644900631,91.00809367753558,64.98621154911865,76.9599652773191,81.360526742131
10.1371_journal.pone.0108423,71.8293470144177,83.09328288231099,77.32814529987827,67.71720750488417,77.53156137511709,95.1085369980205,72.6333625171675,88.2027627425704,78.99773892605553,75.31342482785799,82.23288833160021,84.49406907823186,77.65912947219236,85.4387199379828,90.42823750419113,80.90878980346696,89.75337891734237,63.121912229211645,75.64755292210332,79.81674104477655
10.1111_ajsp.12057,70.99475888968647,80.62612329329086,74.67834129415115,67.48204130214032,76.63881788809168,93.45260735725456,69.79446862072746,88.06184046618246,75.15108954351963,70.71180668760239,79.95947942232094,82.23565775431351,77.5464343724841,85.87539801430728,89.28677802876804,76.72962832752614,88.24161323933384,60.88286857921713,71.65977420867053,78.56793732066483
10.1111_j.1465-7295.2011.00452.x,73.67689195957571,84.23131540310159,76.93969976729788,72.67344693194084,79.97271941373427,94.82807369989811,74.35696799270825,90.39530779085733,77.53585552022467,74.36479042721041,82.69161517135461,83.3090910792718,80.84659652993959,88.3264830830608,91.44316463418396,80.86734499964884,89.71616047096869,64.98059581660563,77.22988088588149,81.48932981371064
10.1007_s10614-008-9154-2,71.1624462811587,81.39482636366226,76.69229708833744,75.16171331524886,79.28124728592124,93.62700615048128,72.6133125150545,88.94495393698833,78.05065324107076,73.70502451711515,81.01573133607391,80.72954406300168,80.31458960760918,86.77974947326928,89.58344027942191,79.22868803631208,88.77176206016799,68.43899972122992,78.31101344281417,80.42168413969988
10.1177_0951629806065012,71.63061203568478,86.21243525197197,75.96814887863637,73.34968236978506,78.19132944349433,93.41907975221167,74.63210304817312,89.68438990058392,75.15615873922158,72.03731340606731,82.03847109160289,82.62369008964934,79.14109603273657,85.77779339126201,90.13845966501641,77.38854444925404,89.95247153600313,65.89135365468857,77.68668309215026,80.72618646885789
10.1023_a_1011612522206,69.7326909300487,86.17895834266379,83.97835642015045,80.37901577082323,76.46520645593787,91.88859020863599,69.34496900910018,92.91611185226083,73.40139468116456,70.52477046901132,81.54265109979367,84.1014137521301,85.65650154701527,84.6228569315064,88.00318002872379,82.05156117753056,88.6602323684073,66.82856162909634,81.59828091126559,77.29134895665571
10.1038_s41598-022-10582-5,76.34708206935954,86.85338338762185,80.79129817029549,75.66393157810387,80.99729121084125,95.93905525330221,76.41317839535165,92.24510086165495,79.23194014022606,77.83241582989427,85.49090590345978,85.6512243918702,83.88456510077617,89.45796947374556,91.95718620235535,81.57732120873071,89.59925492747998,70.52281111425904,80.55650997387905,83.4280313287887
10.1038_s41598-021-95303-0,75.5703805962391,89.67704508934465,84.42173492204005,80.21233831127492,83.2676555119828,93.96777309780873,77.23649747388058,93.6441024124427,81.84111386565822,79.68351379524249,85.86196489195898,87.38674715657662,87.43357300577186,90.79160101055986,92.35705615340115,84.54588730521553,89.69887620663043,72.67441899321582,83.65705126437234,85.68465157143817
10.1038_s41598-021-85814-1,70.02561866590072,90.31548593780597,89.58369114009635,83.75421590884567,83.91589580121783,92.28136724954278,74.10688612049417,93.6913760877226,78.79069445418466,80.32099912888333,82.52179258558694,86.78182843779454,87.20961683246668,90.47905774924263,89.28398745549461,86.11653114958685,89.20837350181668,74.44420348770673,87.40543850859038,82.09615089135887
10.1038_s41598-020-73564-5,70.97345560469043,82.51634606346846,77.54481047006483,73.0923870130577,78.15383662098775,94.05679072330743,71.16361958416353,89.68537165711996,75.36064792612167,72.59230005930392,80.95864955963563,82.31430668660636,79.55520767453518,85.10703540090992,90.7382613889583,77.12744124181049,89.12790677951116,63.73006936942622,73.90614889535956,79.51080953489793
10.1038_s41598-020-73314-7,76.26478053195893,85.86410459087213,77.12888099190133,73.16516322259673,80.05091227467352,95.9969971651713,75.07144975107573,92.41548204990052,79.23940607633321,76.80998419241959,84.6159406568035,85.12080717761394,83.64471217866348,89.02629504006487,91.8971558994476,81.54909878877568,92.93496108061858,66.70480571530013,78.39219880846828,83.1052953779343
10.1093_jeea_jvz008,69.92704468340484,84.52305325689558,79.46760908138496,74.91831903226621,80.6648122191364,92.87659758984861,71.54086639361616,88.97162473891112,75.73522887379285,77.23841159785567,80.6603131445587,81.38579017203723,78.83176527612541,84.34055357285605,88.91944690591933,79.13914238569431,89.54126483979779,63.972990928516296,77.22664028122453,79.39517997657724
10.1017_ehs.2020.22,71.45437600588963,84.01365408365216,79.01336985102263,74.83795110367878,77.698412444067,94.94190880620222,70.75013730087797,90.35130953152792,77.84075920994434,74.41240662842878,81.90633741726407,82.89609248828232,80.00844158241954,87.6109781048226,89.93279314579463,77.40722757369645,90.25112984552263,65.09014089656652,74.15994932654823,80.23269007572583
10.1093_restud_rdy048,72.40718621423609,82.88136416285666,76.37648229990175,70.07235605678564,76.97924554946616,94.25557776999277,71.2044041255736,90.05034688704862,76.81899575601597,74.5180710933024,81.61993298324805,82.43208846972473,81.43719251508176,86.0525026705223,89.37088023520718,77.26498878551682,90.5441598371366,62.83601608350404,74.31395913001593,80.2229011796312
10.1002_bdm.2050,68.67074939005855,79.6436107341888,73.5439641374734,67.46335733780333,75.46340351813778,91.99218566190366,67.94248915540153,85.55610275274915,72.9126855443754,69.37578670948876,79.15140533060618,80.24018045488366,76.17871462129426,82.72065724190605,87.65448263240881,75.64388669375954,87.90683359438752,59.720550807857606,71.16875931426978,75.9321735169833
10.1109_jstsp.2013.2263785,91.46799437747362,97.31416857339187,99.86540451898723,98.4312595157408,99.9931905087113,99.99032552948049,97.15129966463618,98.0148702708828,97.27091106374861,98.69623786775088,95.72443566203867,99.2004355093893,96.20110727213495,99.13402064679147,99.96931390396574,97.02786437876267,94.71903527048411,92.92704030009521,96.45436179626138,99.42865463202826
10.1007_s13235-011-0020-9,68.75593584924283,80.03925299980808,70.6308912919408,67.79996736997991,74.1077708958861,91.47206344457202,69.21384702586343,87.29962931871738,72.12378308213816,68.64520215554644,78.22798292378464,76.51225976881616,76.95119493620821,82.88184569548466,87.93987503109521,75.09065084416638,88.0999995358177,62.2017400283326,69.57691520852232,77.19699354089977
10.1007_978-3-642-02624-9_8,70.89610315204165,81.73618757455739,75.28249476529055,68.79274734862754,77.0096075487722,94.11466648897338,70.11868105393786,88.65813822439637,75.48214017441647,71.78286847479218,80.73994013872425,80.57178368512514,77.7543425097075,85.54529194645508,89.68842610946446,76.74575947674194,88.83500355079312,59.97781037337509,73.77270929263373,79.54049463730951
10.1023_B_ACBI.0000043440.36462.1a,71.93509109588405,83.47744302709553,80.25697163554136,76.02107413733214,79.33436929198228,92.87763032750125,75.01544698614211,90.78691914804746,78.4001966016824,72.38635467351014,82.34179016268074,83.67504168312216,84.36459217488007,89.14326461655533,91.43127358615672,79.93657380275414,89.34393347158705,66.53236038339283,80.08700407264192,82.99283317040808
10.1073_pnas.2106028118,82.82105644548707,93.13389738377688,89.00514954361778,83.22571294100102,86.48923428181331,97.86156925227215,81.05063057049708,96.67884407414853,85.3737022845395,82.98406749953787,90.90228889112484,90.09177299984802,90.18490239423167,91.82208364525043,95.5830864329008,87.43776152421097,95.21955795689964,80.6385940927047,88.16525918295048,87.40831139858129
10.1038_s41598-019-49239-1,70.17194147848119,82.63915760563134,75.35016391420749,69.45586046611014,76.2592849055442,93.97112510866269,69.29232281709832,88.39083174954254,74.56921811883414,70.37141747570216,80.50402035322011,81.17860338654978,78.45819529624819,85.56960092548938,89.11664301401785,76.07358533606934,88.28615230010189,61.51068021837749,72.02926409135321,78.48039851769103
10.1371_journal.pone.0208129,70.86872434247778,83.38571543417609,75.81963378402956,68.64842130378689,76.58957787794964,92.7307686119304,69.4346652711062,87.76403792278285,74.51310785948685,70.16597668039311,80.87668610972207,80.43534432505442,78.27073952269853,84.34350845122692,89.86215188573169,76.02331366840217,89.20999263598402,60.45452514253894,75.72856511278785,79.53344224132582
10.1086_691630,70.3271384894021,86.51721753402009,79.00522753402467,77.97717933672932,80.30567798404114,94.66866040948628,73.81799455294326,88.82140757687141,79.28276323906273,76.81319585254901,85.83626185206248,87.0588631094905,86.17018908642986,89.74493081936133,91.03959860081493,82.58460773563458,90.67875633371966,72.51017649999787,80.7984347526415,84.66381371404457
10.1038_sdata.2016.99,69.96329425628316,80.47529565112384,73.84623900746152,69.077836179311,76.34710644438904,92.60397889327501,69.69543559982588,88.1337984456177,74.9768000503457,70.54817914820255,79.53138863333078,79.8629171004185,77.25080792526592,84.69037794636715,90.11346104713964,76.70252954956797,88.9476372287874,60.80249317139601,72.42160683915486,79.02747815456382
10.1017_s0266267110000374,71.43775914411744,82.30989208906482,75.98690889142406,68.73728795294133,76.83258445338184,93.56190518564357,69.52447425434752,89.22453657552441,75.48454546412759,71.91143049716653,80.04578233098675,82.42846564412021,78.15601797137226,87.47345411286278,90.53067867850193,77.38434660878305,89.71647242924088,61.44390564398663,72.97573060976443,79.94786576199635
10.1109_tnse.2023.3279094,70.91622444475742,81.3630774911846,81.056167376147,73.32199281335204,77.06787828331291,92.70274623711353,69.53371617017702,88.3452047752642,74.71487853231177,71.17110777306101,79.52108812499547,82.72063472305736,77.48079464722893,84.65894151613342,89.31157334091563,77.72125152172151,87.88487580747247,60.00017995353281,71.51008624814118,79.48299595024413
10.1007_s11071-023-08297-x,71.1016232231747,86.85423968619827,83.86130664837586,74.61506965458216,77.1976029507456,93.19482378317363,73.0574458718919,90.54320335281952,75.49186722178423,72.59275355535827,82.30456453552446,84.5355386693449,84.95180653473476,85.97169192104703,89.09642824139074,78.31383002632344,89.44252565710137,67.1324751757877,82.6792784091899,80.0488965001443
10.3390_buildings12010019,75.92071339428986,89.32444218744757,82.72631035954736,77.19548658884356,83.50474444987748,95.17338508406168,77.72977893236374,93.72290681869298,80.79673263746646,78.12326914355032,84.07889730720343,86.7109982132744,85.6177850478829,91.54151051619716,91.29289860347387,83.88636870578304,92.22709100177488,70.0883252227215,81.26885752835332,84.55478886767028
10.1140_epjb_s10051-021-00185-w,71.79303720366421,83.79730443749361,80.43022611756231,75.32937640580036,82.3824746435366,95.43736226831908,72.13120064188378,89.87531812841574,80.36631801713607,77.85188408798851,81.37823490705935,83.963720252703,82.27462100612826,87.29692087255181,91.88716317255395,80.31888991336392,89.6580685512844,66.97375321599463,74.66907066963437,82.1063810165717
10.1371_journal.pone.0254860,69.85521476043539,81.4349397033827,84.90262938424561,80.96332864484859,82.75856057492832,93.52841337762374,70.2391458236913,88.5188785392681,76.95166754695839,80.25902304439875,79.16377762359781,85.76156105200019,77.63277353566845,86.16844190707374,91.41716911701197,81.9725463194394,88.03207721015625,68.19155189429566,73.14484199710031,82.16342373254156
10.1038_s41562-021-01059-y,71.40706872090237,87.49041139145056,75.35776185725241,81.1665061034676,80.90206889597161,94.04753400326383,72.84812291545661,89.39847518516086,77.96275706492021,74.1499933522182,81.20573801021416,82.4863226223313,85.08032769607492,86.55824308331425,90.60083167111361,78.9622078490174,88.64974440299103,71.27495927077001,82.23237384989937,77.19084395839413
10.1103_PhysRevE.97.062136,79.43885327461221,91.02510542472666,86.70599674743654,79.77813048865454,84.72629025880366,96.03897693056948,79.97752743391305,95.23454799023612,82.0240944668963,79.3461394250466,88.40584507127625,88.00110847156456,88.0737064187979,91.09658684046944,93.04781765695819,84.85131795044138,93.14961582884155,72.79291521205454,84.02006464505386,86.28516139767936
10.1038_s41598-017-11580-8,70.07269217563316,80.41639655958713,74.86224594640248,68.05163605422143,76.71389882118706,93.09997156736917,70.11470496743594,88.25876303627955,74.93170107914446,70.1254561562661,79.81301470197627,80.60862548028321,77.04731197958272,85.4385261282492,89.12494017288145,76.236094026853,89.4799110325826,60.79647603410698,70.84495732033578,79.01435629205109
10.1111_ecin.12187,74.81298908743723,87.03544018131153,76.14688993592983,74.85591280516451,78.43752021349788,93.90656412908035,74.60993371539895,92.55418855439868,78.50486580363149,75.90004200018109,84.13476317921614,84.18677138476761,81.28789124532689,86.1654451747349,92.0633825604072,77.35158008208212,89.94212262239691,67.81311460290621,82.89378795399024,80.5816349487158
10.1103_PhysRevE.90.042726,73.0877099855239,81.86422470336565,84.53789942468275,79.3160812953571,77.47950268749187,93.59474338794166,75.79484554550623,88.479423021074,77.16879388692081,77.37875054716997,80.56808091200303,82.01710143199804,86.8777697766014,86.42615236875574,88.79290819909649,80.98247969977778,88.57150231586418,65.37938321792286,86.94513149164699,83.0435982519452
10.1007_s13235-013-0094-7,78.57740154988868,90.9815443461148,89.98651324427483,83.77004738324764,89.95935819710628,94.27627799497955,81.88915438932679,96.13851526340562,83.2470563323123,84.44207318207427,89.00769588976115,86.01327915898135,89.18120698176357,88.86693764991662,96.24024576167575,87.29325817711224,89.66180861679612,78.9794068252832,89.63455809358838,89.50647511407469
10.1007_s10539-013-9401-3,70.11611821964657,80.38057148673263,75.11498039205684,71.71669345299483,76.2540871830891,93.62249174419877,69.61332604739775,87.59899525194733,74.2567200052537,69.89004981651952,80.2799925885872,81.34660967585182,77.08009142027623,83.76545172841821,90.01281192936855,76.04167821328036,88.97669230904998,60.13530748776207,71.83311544229583,79.47682766902751
10.1111_j.1465-7295.2011.00433.x,76.20918823525962,86.098091484438,79.21849983376252,72.08285843474772,80.0483108770114,95.99104358262781,75.10211398907238,91.12293568568548,79.01599183570582,76.03906001607827,84.93394271978212,85.01126110603711,81.5827436912338,88.99712379981527,91.91887702083524,80.94932584210224,91.78503520477555,65.31616543659476,77.02559357679927,83.01530537298844
10.1007_978-0-387-72596-3_7,69.63297920454244,81.83806745004618,74.02107293354169,72.40229421738682,76.44542177338548,93.96945328699329,69.40351881439962,89.17965486893969,74.21327850756026,70.50438293088911,79.78516334832361,81.8494530881645,78.24579460376196,84.90620169513312,88.88008758639671,75.27808162928463,88.67826133959356,60.13672849477977,71.47042348575654,77.95413551291118
10.1111_bjso.12450,73.66815838496123,84.30717579229616,75.6909933683599,72.07981798770362,77.56229487956892,94.7530571489567,74.45525361405139,91.10567745506069,75.75943631577019,75.99139162652918,80.81900917955666,81.53086392283578,80.66578910072774,88.89770142381008,89.70427842102085,79.98471403149784,90.98261593875652,66.59700410542973,75.40523101151628,82.20326057605665
10.3390_g10010012,80.64794031022407,90.54807519917489,83.95610174144902,79.4670293893188,85.21734941612345,96.84578199464295,79.00865557501028,94.34018361090344,83.52572258847151,80.0665480766409,88.75760604564984,86.66365054189862,87.2935925621685,91.84911324041582,93.33291524978944,84.3314362451264,93.3217198290795,71.79820969463249,83.50109946152345,85.39387725626285
10.3389_fpsyg.2017.01990,75.99999999998452,85.99998647150962,78.99999846504193,71.99999999998057,79.99999999999999,95.99999935043243,74.99794172490165,91.99999376225502,78.99999999999972,75.99999999984948,84.9999999784039,84.99999964363288,81.9999935629001,88.99999999922771,91.99999999732476,80.99999995839812,92.99999999997016,64.99999999682606,76.99999999991154,82.99999999999996
10.1038_srep42844,76.2853267077603,85.99383462775353,80.17956807275709,72.79347235293793,80.0330179052611,96.00017535067467,75.24941655004368,91.88304695146958,79.28017407719607,76.25414013922423,85.24085452901531,85.10110952614237,83.12120778695707,89.03573907784354,92.00330227087734,81.03392679786558,91.46230247222842,66.74195997795627,78.34543112713877,83.01822318614616
10.1007_s00355-014-0841-8,75.99999999999596,85.99999999901897,78.99999999999862,71.99999999999547,79.99999999999986,95.99999999930645,74.99999998737712,91.99999998022876,78.99999999993962,75.99999999982354,84.99999998919832,84.99999999830027,81.99999999952085,88.99999999936311,91.99999999977547,80.99999999880144,92.99999999865837,64.99999999999314,76.99999999982938,82.99999999784964
10.1109_tnsm.2015.2397883,78.93067746532049,84.99854905228375,80.13688069140616,87.7535997468873,82.77199528428531,94.32437961983975,76.71720676934899,93.07225060698934,83.65682241293601,95.68756171167348,84.15775984973088,80.63091843273325,83.57731268195036,92.34322527677385,91.79521276363633,89.9039883389515,90.47954996072691,94.02091849353924,80.47448312518014,78.67261803206323
10.1371_journal.pone.0020474,70.64673244594351,80.71711718682539,75.07369033959488,68.478394316612,76.45552957041977,92.38366639269789,69.47302251848666,89.01638506929237,74.89239453660149,70.87311783716085,79.86340604460705,80.90066275515544,78.01878055447195,85.09755573792293,88.81155132690081,76.65248643422788,88.06414902677201,61.57159512373461,72.63999859020917,79.39677933867866
10.1002_cplx.20244,75.12668924559286,81.69240490241225,79.22195924183279,75.51004819789455,81.99164370216427,92.46937290413528,77.57137882320644,91.1552430178935,79.97084629806791,76.85136178188594,82.1884719704624,80.69654850166178,85.89445622191946,87.02039270750147,91.61483157526376,81.24094713157527,89.2023988568111,69.06692424742114,80.0603848580296,81.76582347055657
10.1023_a_1020598804674,70.6727726569153,81.15804861262335,74.31986082589776,70.84097730109312,76.26611864375603,93.25232896405636,69.53993038604798,87.83451912274728,75.00050096141324,69.71159572957039,80.38420230489781,80.55888914021544,78.36629497151725,85.03993007660934,89.43641784473333,76.77094649412206,87.72359109027786,60.70945237723399,74.4479574117676,78.57480280468486
10.1007_s10683-019-09609-y,72.41300486938982,92.25100609808709,86.75780353074214,84.98684716913488,89.18149010812066,96.13574401581265,83.239156854163,94.34274715015587,85.40337585960633,80.92262598172184,85.67879139148968,90.60442612707374,90.3417790636001,92.54413135612492,92.89028678857542,88.6786750956005,94.59914358200798,79.05810897134533,88.18848742979934,86.85012653026942
10.1038_s41598-020-57562-1,74.41220281662929,81.65906721545842,80.20301981208921,73.95655717454694,76.52566194696384,93.15090964207216,72.90389471902648,89.02197062864909,75.8716326114032,71.36701707133976,79.65519145825806,80.44343532244555,79.833746739726,85.99251248929488,89.5126585423882,80.93732880780333,89.28629756399238,61.47462729450676,73.40643781778934,78.98426000094717
10.1063_1.5085076,72.44630702080724,87.22100368114077,82.95180100240404,80.27053433062662,83.15367200485686,96.06430308314256,73.92014059280463,93.48218093734957,81.16510853092706,78.160262192081,87.42249591517567,85.64626130556684,87.74449881590621,88.08209562087866,91.73085829861226,84.60605536181158,90.21940115967985,71.09250719341875,82.6809400084023,85.38787013248158
10.1093_ajae_aay025,70.13247572275218,85.70783851764851,75.96122642564976,75.28017120172814,80.54948575909508,93.91762772247233,76.43564337106335,89.59475123283106,78.2104543023189,71.28674280822054,81.89188764364327,82.00541825770779,79.10782290180092,86.6136474609606,89.93600246105397,77.00554307103427,88.41571000163391,66.2738623302955,73.40370144943546,80.00881315951113
10.1002_bdm.2012,72.05685205904489,82.57885589081178,76.1807662783671,73.09510324784254,77.02738269751173,94.31262187089203,71.33990781140065,89.13878613628096,76.44483806963326,72.23723094431094,80.44125248918408,82.553963562803,76.7032377429068,85.90774625885405,89.72408243120758,77.3974216318221,89.54018441791023,61.67188280718896,74.01763772166514,80.0900572666187
10.1038_s41598-017-12742-4,88.87816409661893,96.76720576862932,92.66361625359457,90.99294913831488,91.31338315025238,98.7319639069191,90.41324887165524,97.69901729660806,91.77964352184341,90.79411518931835,95.2556215266634,93.7117571156768,94.29675321968928,96.46094212626112,97.46120360974979,93.0947352879323,97.73814361423592,89.78893293666808,92.15688963313454,92.84705658191912
10.1103_PhysRevE.95.052309,72.08509592808852,82.43387546337091,75.71814757075515,70.9543321569748,76.49330094460949,92.38811088815079,71.76380298938285,88.64714477789336,73.98122004064466,73.1134214156245,80.97159718296929,80.1805888672049,78.44831474115782,86.40878348628628,89.8614414716246,76.61697421863272,89.44741296832045,65.53008926879757,70.89736545764785,79.33483142424521
10.5751_es-07532-200228,68.76461159730852,79.58237005627605,72.66708178690948,65.96151486663072,73.7364918934104,90.35534764496467,67.33950135307268,86.16798583083609,72.56242199635084,69.08082124461538,78.10996676399125,78.97909906815909,76.15488163665746,82.23723592651928,86.42848717781393,74.86807540416224,87.07443874207915,58.50002313651341,69.82757587032648,77.12340947645478
10.1371_journal.pone.0054308,70.85291664314745,83.25238531522301,75.69746357948183,76.90607812007777,77.49186349972749,94.48694771948051,73.54474621292748,89.27711073760948,77.65095180024312,72.70277090943058,80.41389086151425,80.68526017020257,80.46691543592335,86.06362592153988,89.2878647358808,78.34510116547155,89.22285463593371,66.72295207577803,75.91656222878972,80.10039226197932
10.1177_0048393108315509,69.542919677664,85.57534781920843,75.37586629698983,67.75305009532693,75.86790418689536,93.0979007155049,68.3816154424506,87.36473146157162,73.16195679590207,68.97035903932527,81.00443636818997,80.84352564861983,76.81784878986002,81.92411129546144,88.62206534982356,75.49224637857768,87.5559906921402,59.12113949781437,73.86607687549134,79.33060521380841
10.1007_s11284-006-0070-4,72.24528304433062,89.09967094346328,76.8535463989178,80.27648528257821,84.36041849053898,95.77779273010087,75.70896922489331,92.82662980544494,80.91119235203963,79.7503513712992,82.46298940337678,82.008778325488,86.36198641116674,91.189445641391,90.36623171546495,83.87039653495084,89.09747140927061,69.4376257514616,81.86621862817772,82.40729247355524
10.3197_096327105774462683,70.45693524149736,81.36795013226995,74.4423836990832,74.92345908106776,76.29023896200046,93.20740714188607,69.89146894543346,89.30879637421445,75.52855732842549,71.2790599146871,80.90943789504144,80.2399102346288,81.17248537124101,85.14753478988577,89.65255713488702,77.88590122498917,89.34290078097992,62.86599655842641,77.06995356065326,79.47190683740286
10.1007_s11238-004-3672-8,72.97317843553684,85.01230415674836,75.8050623411871,70.13147720141484,79.93715977464545,95.99147659281358,73.34812651588076,91.45950742260214,78.40926093772016,76.11288129760295,84.15726117984727,82.52948017385165,82.2098958274335,88.83105910069742,91.19681616880105,80.05667416791285,90.7625612080113,63.00114638707482,75.6445183784458,81.93761302776012
10.1007_s001820050100,76.58256195591069,83.54607959556799,82.14675035962132,77.83411000030904,81.58383150699196,94.91664975512667,76.02209285844349,90.59840810303486,81.08900723404206,78.36039848570442,86.42976644498518,85.9283239583998,84.67762677520497,89.57835769744254,91.32471187746917,79.20089792382113,89.60824725553474,68.6928080511235,79.12901101603124,84.21497187970216
10.1038_s41562-022-01457-w,68.30997679455625,77.98983108195476,72.09201625653006,65.15138038176443,73.17433196096889,89.70441386876398,67.15968259652907,84.87794687462159,71.40255475350702,69.08615778352974,78.04736199726088,77.8768600888825,72.25314349905857,80.7443632430952,86.42778995207597,74.17868876906634,83.67284234630527,58.93652084795386,68.36043036906068,76.03943951061272
10.1002_bdm.2273,71.31350809071252,82.19997343984312,74.84753769378914,68.5536681658165,76.52312568099413,93.51514924443119,69.31870145508739,88.39704788783135,74.83958528018098,71.58719498447354,80.5088694475177,80.6192541293154,77.67774216476738,85.71830715090819,89.53863202277532,75.79455947002104,88.56809783092342,60.87353866394291,71.90523562314365,79.23270653057993
10.3389_fnbeh.2020.00102,69.98168319136039,81.76582005303929,74.19240921250143,67.29102242454924,75.55427975161537,92.5703162390488,69.77972072599486,86.87847833399636,74.9654327043667,71.3452749759323,80.27454094474889,81.28111518288458,78.1850317670542,85.48484575602326,88.9440060266268,76.65625479696568,88.93225008057917,61.05175858504636,72.62503097900102,78.74920864418394
10.1371_journal.pone.0229510,72.09021075857639,83.17029964930646,79.67033293281413,74.5235999733027,80.2958619477052,95.24269758862185,74.82761864313635,90.30881810055635,80.17683023708591,74.91847378670084,82.55510447430663,85.92378559430152,79.71676172729173,89.02470656977181,92.04016910818291,78.47187514678814,90.66568445457317,65.84940285136938,76.25368206110898,80.88357723015534
10.1371_journal.pone.0227360,79.15547191426413,91.75074357371064,88.82991786232068,84.03986125773952,84.88479067248763,96.92774523690642,77.12473164636675,95.60608990296795,83.5188631871104,80.72726629446174,82.92789612117664,88.20292652878186,88.5696870672561,92.37293972464806,93.92118460849409,85.3786695758234,91.33768958454579,73.16280459811462,83.46830905521219,86.3001812490353
10.1371_journal.pone.0200965,70.94502478305918,80.68855228954668,74.21213936067547,67.26100548845338,75.84661357084005,91.02971308498152,68.9588812917557,86.61265096927531,75.49491435090303,71.40193628260664,79.70672537396106,79.43692793396372,76.92723231167898,82.72413386789869,87.14045895740983,76.61744216751585,87.0178277023,60.68814838488388,71.28980325779587,78.25286232862612
10.1017_s0043887117000181,69.03970418558153,81.11268083100455,74.22184842880448,66.72604278823455,73.1864152763142,91.52471538114506,67.02599697913621,85.27594248573922,73.02901791290083,68.22488822525585,79.36643302617361,77.65238433182583,75.92014187102573,81.9281458879374,86.74671615127335,71.7297441480782,84.4326295262434,59.72029457774324,70.62645435679741,75.82196332898405
10.1038_s41598-017-12490-5,72.6309504140855,83.00117556817933,77.42156110697881,72.89628357691099,80.00213892370681,95.39670139406499,74.56269867250103,90.66158730609709,78.89018628658286,75.02380080631362,82.81940006471001,83.22880619270013,80.8874198913253,88.22299278511225,91.59771839560106,79.98733579156932,91.24124856724526,63.792770614456096,76.40867376036702,81.89148303807612
10.1007_s11127-016-0319-6,70.55489877785571,82.43199384531549,77.49344478048616,73.37390327273147,76.79793544573072,93.02147415302315,69.69620824715501,89.21287052372979,74.02670045096559,70.2927423106665,80.35710429143096,84.51781186647963,80.24771183751581,84.03940699394349,88.35740845404726,76.6953885167548,88.01628968503653,61.98725893109088,74.00659839085338,78.59484609509553
10.1111_beer.12096,70.69876824314194,81.62838040460304,75.29674511537623,69.4108329436787,76.4724560913489,94.9215651682779,69.99447949910888,88.06467523521654,75.38056896478125,70.28891201959895,80.72987891607985,81.05736540750642,78.22140164003171,83.86380117435523,90.56679331120736,77.06854845923873,88.29973208847986,62.25576996063894,74.59639998419598,79.43645900974032
10.1007_s10816-013-9194-3,70.72610774158792,87.48073525915636,82.58198731898091,79.64285897241277,80.84800110706296,93.95514766113423,72.43394294220862,91.01191185727943,78.75067939660762,76.20591913611761,83.79001000083045,83.7285856342194,86.34377304697286,86.31458869022082,90.0459849002249,76.23797548947712,89.8909403936665,68.88832610745936,80.81631061055043,80.28932318218152
10.1371_journal.pone.0092336,67.59308071741573,78.82748124639558,70.3219370731739,64.53613100054456,71.48284651191568,86.91561352693957,66.54813289233329,84.12012953046353,70.10636903658212,67.68625383319765,75.41107522974455,75.69675545596586,74.09348020440643,79.33799069796267,84.6520562278446,72.34038866907343,84.6673883491053,57.54604264914611,69.35126507832967,75.824808881997
10.1371_journal.pone.0057378,76.58971459312157,95.29248381766587,93.47826846332588,90.52108911378248,87.65632678891187,94.15000422000595,82.00280883048657,96.13885080349282,87.34863378548407,82.58333306093539,91.31659919469931,92.88146299097737,93.544072587203,94.01704812876378,93.50038356803013,92.47653493877637,91.47577649832496,79.40244998690667,91.08588838812024,90.35138022277593
10.1186_1744-9081-9-3,81.66238096665914,92.48478749728062,85.86008294650644,79.99718029881228,81.81675650690087,97.00340575815527,84.6059642912364,95.18267253762396,87.71069102284754,82.65057306212826,89.72881595113205,91.36198092294117,89.1035715493325,92.74696792238355,88.79007885430497,90.36199808791673,89.99214655370501,81.18473639361488,84.88622217994106,86.72515124741244
10.1007_s12110-012-9136-x,73.31513750074886,81.6255045504267,76.7635498216917,72.54292092801478,77.4771671589961,93.9829098380708,70.98739281819816,88.73932032457856,76.45904347614345,73.40737609767903,82.01340311807525,81.94440518166917,79.40103494653762,86.63999388757217,90.57730513408053,80.42216364200425,90.12259135859841,62.20653082292337,73.02059955960691,80.94283906191791
10.3982_te795,69.7897205047578,81.04180527358079,74.46302341888494,79.17150805377406,76.68256803464219,92.73614960707312,69.75119065550264,90.04203576434256,74.3957320644406,71.88831426985753,81.00681544768656,81.57002736688932,85.243764897622,84.4048709761652,89.22735027311603,76.22153759549492,88.33728244970082,65.76961235456929,71.05992714817438,78.65048886491934
10.1111_j.1749-6632.2009.04542.x,70.56450739438326,80.51889363833214,74.73691187689865,66.86286191417139,76.2339053487645,92.24327252990528,69.46043480467135,86.84895432509104,74.0914123371231,70.55060044637891,79.84722007105081,79.9667480115289,77.09016832578256,83.9293568627162,88.65233998875168,76.40195739001486,87.9390407560053,60.05797482065521,71.53611136771408,77.37278647311017
10.1007_s10539-007-9065-y,70.55339204312267,81.53042040629106,76.04416847249058,71.98866316234802,79.64468249558212,95.53237472525159,69.97630253474848,88.11424642627989,75.27271069943598,71.30359271058352,79.93346073020057,82.91757502370099,78.77342290050568,88.31309542815177,89.65223726835153,77.05315418765579,90.01113785749376,60.23634751964876,71.94591875739937,80.52221648082477
10.1038_s41598-023-41519-1,69.4477366855998,80.49929817882871,74.22799836782927,68.19809033307239,75.67582405288884,91.33634921838433,68.79650494209119,87.45974946525563,72.18089547568222,70.08114854771999,78.48919740737271,78.34321892402292,76.99579574579451,83.08678955608657,87.09262979565172,74.41245441243557,87.44960870707811,61.137478936172634,71.21041982588605,78.12224026808043
10.1002_hbm.25874,69.44528802825425,80.1152268287076,73.99327488715004,67.59473023468675,76.34598199044919,92.61477041079674,68.85894050637049,86.86476479196446,75.29979285439664,70.98325877546058,78.99722551935483,80.66525958466389,76.65055351515446,84.73866250866817,88.54576237953704,76.60727345353915,88.12141587845366,59.258810730537355,70.9542245065024,78.2002141462625
10.1140_epjb_s10051-021-00212-w,71.58377129438172,81.89211261829007,82.27648962660761,76.91129919753799,78.17436472984656,93.38790680950812,71.61099802400614,87.7752550839397,78.24918526686434,79.31009967387496,79.81641406659139,81.9515261880311,82.0870562037422,86.55159676763772,88.95135624132914,82.82298458484176,88.03623660636649,69.17766926873298,74.09856274492,80.90159275102377
10.1140_epjb_e2020-100618-x,69.91257400513605,82.74947566263168,76.02882288897973,75.79971456085212,77.19174157519089,93.45911575778554,68.70416041345673,88.3632885853109,76.35145573200309,78.04149641835912,79.39240998217488,81.6635491767705,77.42644346993447,87.67056761188894,89.87027822317461,78.88111046421126,88.5563279013477,67.78764341534833,74.9991528811917,80.22223622951131
10.1093_ejil_chaa009,70.41579670671256,81.6526385387196,74.98883687872258,68.68496962366667,76.27183841073102,93.26939664374846,69.8465545087518,88.87566709292537,75.64929710456967,70.939218981713,79.41051291155033,80.12113392073326,77.16194441429076,85.54599103527826,89.14264903344794,74.41115908588345,87.98331924633507,61.36337003156511,72.87150739507794,78.6330565727281
10.3390_g10010011,89.19330086530958,96.6271107009041,93.34852410143624,90.79386345496341,91.02282108876686,97.97291879640743,91.91440951767537,97.76002510955846,91.35184283679541,89.0539218490749,94.43788804124102,96.80205783605224,95.80473036536327,94.79442079073087,94.24778009883222,94.63608551872711,97.88887318267507,80.54293858993255,93.02795977631561,88.66635257033425
10.1007_s11211-017-0300-7,69.74794045579395,82.95769409653488,75.86533050437366,71.03242833996536,77.34843555675994,94.17008206577766,69.62509078443297,89.03809155933331,75.20658121360313,71.6504697711003,81.46989499445735,81.15610207991709,78.75500995008224,85.23223444446865,89.26588127134633,78.23379770321654,89.19774620237627,63.5352674417784,72.9611734458365,79.59691867063168
10.1073_pnas.1704032114,69.34317284782018,80.34893013639326,72.84448568999547,67.33953240734968,75.65445503008544,91.51796908861772,69.03088288960369,86.88671196140406,74.23379557303903,69.84867238812029,78.29973848997965,79.22239563752596,76.48578519333807,83.42669067206721,87.7847955129732,76.22342266723601,85.92073967400717,59.20460108691325,70.63446043231896,77.10959209806775
10.1080_08941920.2016.1209266,72.853197521575,88.63096117839744,76.613076372223,77.18490690698249,79.19407066189004,94.06137544714827,75.17649534357412,91.74505076051783,77.27484325176783,78.22893950444805,86.28971950535316,81.45589851582271,85.54953293996837,88.75997651832917,91.03158933620203,78.64224315791003,90.98762146588219,68.35769361482203,80.30914398329458,80.52434971731356
10.3389_fnbeh.2016.00180,66.82249123749874,75.37357566247884,68.68436127355118,63.98642066070918,71.0470206539418,87.60874989762407,65.21037624258689,83.51331999876257,68.60411391799028,66.77548484810228,75.30117283132391,75.93643692136018,71.38477200369623,79.12525697548035,84.72844044652612,70.76441217312062,84.99619488129268,55.214050667234304,67.27948479087375,74.39551177659094
10.3389_fpsyg.2016.00799,70.34411931784058,80.65487698040693,73.62767255405679,67.06486209876343,76.78521476109522,93.25456371079962,68.98096773428833,87.29376955436253,75.36943760601993,70.65333923378402,80.18664317273443,80.26884200432794,77.39481987100174,84.15936657818673,89.3419712700052,76.5048185968682,87.88592751195051,60.00340081060495,71.85910162652932,78.53044044954267
10.3389_fpsyg.2015.00983,69.49382415952932,79.87407721053668,71.76818825532257,66.48770050595357,75.25917230612042,91.55713801492186,68.42704139668106,87.18415236492478,74.1647074631682,71.03868168123405,77.58910652558787,79.7638564613179,77.10609158687063,85.08074486094503,88.19777114406773,75.99374393744509,87.1097168225092,59.726935565926446,69.97751740904852,77.58571777263953
10.1371_journal.pone.0040325,82.27157916678748,94.93835683244622,92.65471762751852,91.01026607196894,90.07201914470365,91.73802864564634,85.61025631205122,94.10695535438529,91.61322532069639,90.31037717198973,89.58382232461423,92.32872628526432,92.62288654925932,94.66205126355253,89.3250576362582,92.61108580051177,88.66229178320808,86.82085329117147,90.32808403011651,84.99283853258741
10.1007_s11403-007-0027-x,70.2157340657106,84.33425256228169,79.70520224169917,78.11551004698096,78.69739512505757,94.81940528580927,72.63055775296799,89.63894173269763,76.02637886073138,71.9835618396182,80.38508631541141,83.81288652390029,80.3062701388936,85.95905631558772,90.0953963393939,77.98606070280238,89.06663856180832,67.1194868250971,78.17086613359771,80.57275080601559
10.1038_s41893-022-00877-w,70.15782423419742,81.81081714411314,76.10920914454191,70.30489066047504,76.49361431153868,93.89689759249384,69.44749670927442,88.44361941842266,74.98494226076103,70.64056018672878,80.91403146998138,80.04512379251865,79.27251239939217,84.28119720100509,88.9847958741396,76.22775475363699,88.42602226176281,64.04446213301144,78.0974685709417,78.07724229747059
10.1126_sciadv.abj7377,70.65617517995639,81.88246229174597,75.50360909369938,81.92850289291452,75.9901637442644,95.0626518122394,74.59261906301046,90.34654365674695,80.53172980544414,84.53685081535541,83.03985782299297,81.33524253333283,86.9027109807183,85.13025033809163,90.52022760721468,86.26375148613094,87.75952647047585,67.4801109858741,72.59608240921635,79.6045670286912
10.1027_1864-9335_a000460,70.31918058519575,81.94994521776536,75.2458181694776,68.60156386651208,76.5871067135808,93.85719626637783,70.16987371121779,87.7936913825144,74.77961976247128,70.66976044338058,79.58099278682815,80.9789709967214,76.94651178560166,84.64570313395335,90.42403648374702,76.43411213731504,88.82903470970884,60.56033713183883,72.2361888237413,81.04823367337784
10.1057_s41599-020-0419-2,67.22578256268423,79.94960967803057,72.3046423543309,67.07075517594471,74.70355208143386,90.96381209355923,67.86984770671476,85.47834932765065,71.85474393303767,69.277016834849,78.9025016952995,79.14686657599027,76.31816599938983,82.38199754249321,86.47180154389284,74.48623767568971,85.6520290807599,60.12312984162769,70.741939871011,75.94483203828503
10.1007_s10683-018-9592-1,70.90730177028942,81.09153193867209,75.26893232616771,70.29715831417805,76.70635631866321,94.2347921203973,71.3403466772481,88.04294145287695,76.48642210320111,73.76714817786662,80.97780474789698,81.31490457955792,76.85152310858454,85.75682406663005,90.27687164444102,78.40231250894965,89.06318547071322,61.50013427022886,72.65496710672994,79.3275085425158
10.1016_j.jtbi.2017.10.007,76.02488513316956,87.5189579767226,79.0959319818527,72.0288090969685,79.99643077127791,96.00000477994732,75.01665135885794,91.99747081344755,79.0047311107124,76.00815963706874,85.43114008555915,85.00907880425812,83.1331522677726,89.06775376363927,92.0012135443419,81.00781272488429,92.99450903941522,66.2403206226904,78.43207684337607,83.00048635543092
10.1038_s41598-017-07916-z,69.87054346610856,82.6027193944488,74.78232180537283,68.76740667172473,75.6660448979682,92.25110928579446,70.82232614752655,88.53665367614515,74.84587917459808,70.19044710877107,80.0809985622614,80.89156781724482,77.51300222810946,83.27667989341289,88.40065439526714,76.41773830582605,89.12410765731678,61.5434982188435,75.60769922060935,77.63100486031514
10.1038_srep42735,70.68708541684612,82.42120843539082,73.98238521638801,70.65529717214824,76.1526721243279,93.92226218433527,70.24241084922544,88.88162209596823,75.48394829617041,70.44172681578458,79.85062017876943,80.60716080005055,78.06873291948563,84.98188881414939,89.29472242537571,76.66029114856805,88.58732736462822,61.21374925892666,71.57719089137407,77.7984203014298
10.1093_oep_gpv048,90.98494415896798,96.94497184474477,93.28880983333478,92.3446449611688,95.08795161022923,98.95738138795957,91.11183316593439,97.9555101739067,91.7078096885505,90.44727471210723,97.03850991243502,96.47847232000204,94.41879862830874,96.7543911325512,97.73186108042303,95.13129310764636,98.18174429019965,89.20617308410024,92.47887837285418,93.45242594435129
10.1093_jleo_ewu019,73.47025622373461,85.81936106801473,83.84645954040948,80.26276679807448,80.13671912054882,94.48687894219802,77.0878422150468,91.12251331966561,82.2346729861271,78.24737152923815,84.7306372292035,86.1788499880893,85.44355764570182,90.812223294839,92.11470265676368,82.64802622893049,89.81355837237794,70.020431586548,80.93368446288473,79.56598187428435
10.3389_fnbeh.2015.00107,68.09066334870329,79.3274239415038,91.51042168795544,71.46647417613796,90.74647062663516,95.92227796040571,68.63667853541949,87.55140092710644,89.88204308699531,86.39038701830755,79.20506778130385,91.66518123491092,89.19661457889967,93.01776711318385,92.95571056639729,75.12650233844387,95.37143892481252,76.56581118680744,85.93677692138112,83.94295502181654
10.1007_s10539-012-9327-1,69.9711277940324,91.48898389284352,79.85688007413816,88.21998177998655,84.75890097041886,92.912596571188,81.6244191617028,96.94069578248634,74.56055251159884,75.61073172143627,80.78715803627739,92.5730731253865,90.81016388535717,92.55813040863555,96.56082484169269,87.3497352398935,95.86560461773529,71.26147051408608,89.17849132631724,90.7623766468086
10.1093_jae_ejr034,84.21013006611156,92.76275076372376,88.58153795363373,85.60693983095254,88.89655031722506,97.56904977221654,84.05978607091909,95.64075696969722,88.11129673796937,85.15487752071488,92.17007275128118,91.90380245958885,90.88618748197037,94.46180229321193,95.43735146945106,88.98795099042191,96.49822942625232,78.87543362243993,86.94366632428427,89.4133975413901
10.1007_s00191-010-0204-2,81.7287706803228,94.17499183084807,92.31253422470046,90.39318119535817,94.64260869782323,98.02138774497519,90.08186820130899,97.39648369092154,85.62849743293486,91.6562450955495,95.13757766169148,90.78319782928584,94.99068116642252,94.83037498219167,95.31067381318546,94.06707825318948,93.30180599397062,96.29817940926698,92.49765078633843,91.92682374210047
10.1111_j.1439-0310.2010.01781.x,70.59450005661634,82.30727295680968,74.40239953592798,69.33047758361921,76.52354740119216,93.06779291916106,70.62878364278419,88.48309645664007,75.02880121529533,71.62540521886652,80.07520618710593,81.67951277150355,78.18680464127684,85.22460633450378,89.46040825149979,77.02225093325654,89.14224989502497,61.436923139454976,73.50302630704428,79.76693685551267
10.1007_s00199-008-0421-1,71.03187134845707,79.98635155136353,78.36952097338789,82.9398262526652,87.88692369928519,95.62804914525313,70.88963459297881,89.30333646183266,78.81644126844539,83.47761677878361,80.88011441797386,85.73485658300325,77.65032907660603,86.03033414837056,90.81899480223522,79.72904916943739,87.9994082042068,65.72843296914448,71.68941474416893,80.8693116328141
10.1007_978-3-540-85436-4_5,71.08342490221096,81.30746135625202,78.03460270917162,74.24528027901636,77.78949563879753,93.88483243197412,70.59870183939557,89.42224640842458,75.37155838950586,72.11135477158713,80.92859948181406,81.19720532439665,79.88649360143604,86.8427468154667,89.82614321820145,76.77998728376433,89.07665297375682,62.622703899088584,71.81570402940741,79.44568385833519
10.1103_PhysRevE.76.026114,70.9218663279055,81.5104608601093,74.50575793278514,67.91992477213387,77.32287493424442,93.85550868601425,69.42691929967394,88.77481060012818,76.05219908834361,71.46370552677355,79.2220249275342,81.61928384594647,78.50082065494229,86.0318999950765,89.97306436826453,76.93765581948908,88.96632939664114,60.422902038460656,71.11231228289662,79.0524322658355
10.1007_s11284-006-0163-0,69.83398522986803,80.84107420307556,72.64608376252978,67.30549722727359,75.70122961470697,91.16003119581067,68.03111786207263,86.54797352096207,74.2397427419458,70.00059150369442,78.38209842508057,79.90525140514308,76.6611771362301,83.63353409360045,87.93139216651606,75.72857068262522,87.4239235541592,59.70094185867053,71.23718346429852,77.41846352061187
10.1111_j.1468-5584.2005.00267.x,71.07398321722872,82.24377263119602,75.38804629447344,70.24597858700733,77.37739139877193,93.50732741440885,70.42658064556024,89.3981376352354,76.47477954741429,72.3573503663638,81.40896394726356,81.57933485575221,77.75108552747945,85.65491716392125,89.85562550966297,77.54124930319017,90.3378213305162,62.50941306288211,72.36216334009752,79.35481288251763
10.1063_5.0147226,70.45076228775046,83.86647580270255,76.91911327925257,72.46615399558237,76.36832729036234,92.27246638330676,71.81620493175251,88.87767453110438,76.16046101850547,71.0686208978208,81.74739209720262,79.91700977506001,80.61758284119198,84.04510028263812,88.23251643870333,77.47345152553243,87.91960548469328,66.46522465456592,77.61447040734777,79.21435506574298
10.1155_2020_8276392,77.63447965415538,89.32886372769283,80.79462951238344,77.3946234333017,83.38415243537692,96.63063856213957,79.21369776386467,94.45584326158884,82.93498083724589,79.98389994186105,88.05359783733518,84.6469933568733,86.70244107216364,91.660426754166,93.69724306438248,84.53727071969622,94.08019481522771,70.62671015331999,83.26647851506615,85.59912387782298
10.1017_s1355770x19000457,70.19110795542532,81.37028149764187,74.97822894759321,68.02997149433857,76.2188184715659,91.91720221895538,70.2822239289012,87.79927984274637,74.5960918922054,71.16859737759918,80.00595926310108,80.66704133841704,76.76707084718524,85.50132149068287,88.3219958569179,76.78518945436491,88.44691660289585,60.98722302850799,72.4678974331416,79.24159040722778
10.1007_s00199-018-1146-4,69.81992637594271,81.61831791319158,74.10830222342567,80.91201586052993,76.29861187474192,93.74128494853703,68.65575852033498,88.24530179766529,75.27330115065267,70.47663591103532,79.23181147692375,80.83966087506897,79.82283723393083,84.74849583159104,88.59644318333038,76.71162176885478,88.36966870493067,60.10789789089328,70.91792189078,78.71452691370963
10.1093_oep_gpy045,69.17848086148744,80.28223460800453,73.81139036574609,66.85579226711492,75.91093245443103,92.3847050557188,67.85755056401874,89.34352986607819,73.69568957122219,69.66944625950876,80.01843642984639,80.8239505195574,75.90876757104859,82.7794334588563,89.00391788887735,75.05674359876163,87.50598086607174,60.103253270276674,70.81398988349925,77.54152448323147
10.1371_journal.pone.0207937,70.39002575534113,84.47360100864863,75.09474587972046,79.82606267601439,76.5331308058299,94.00556194112416,73.5605520521209,91.35898604938168,81.29167332704205,73.14518786882323,86.22219763975164,81.42999567263489,83.27520994563388,85.62673041073236,90.89517175899968,77.18510600796343,89.10338641765593,68.48108734944537,81.10104135040028,79.8630388886354
10.1017_s1355770x16000322,70.62299666853248,82.38971836936558,75.43792580824307,68.48483061868663,76.3571907817753,94.25289455740912,69.91195376023585,88.58256273423684,76.89008793382678,70.92809066506372,80.71686091738825,80.4856288389657,79.10183228645404,86.8953558909877,90.46615639066528,78.61955537783459,89.98050077362176,60.48306378809537,72.00215634948476,80.89607559380579
10.1086_687873,70.89050472039871,81.19391823202251,75.37078644234444,70.20289343533032,76.84598394967857,93.49113087562112,70.42676308650204,88.3149928011206,74.23048794902914,71.1979325740292,80.27091781212188,81.23735406598985,77.7919654344636,85.54224359658842,90.137764102097,76.57207050646518,88.57317482256835,61.33181577704591,72.96807645797848,79.74399407717318
10.1007_s40503-016-0035-0,73.48567498408678,86.45144869950275,79.62672381708875,75.75719419638959,80.5651927866598,94.52134815096427,72.00726259064646,90.07763613713234,78.94699605215423,72.86748062117654,84.21702603812624,87.17911244351257,80.3425830672048,87.13897845233868,89.16408508018685,82.30297820569493,89.46070738325876,67.1006406431315,81.60158813241648,79.42969625828759
10.1038_srep31927,80.3238887190615,94.41677489651359,90.88991873055409,87.64431375343918,91.43364792918267,97.21120438027785,83.8869949545146,96.75216855123786,82.33578412449188,87.51779607235044,85.84633714950166,92.17964130940776,91.91657347194229,93.07987066033405,96.30841830312937,93.85096584173543,91.4003804502051,92.69508892970165,89.40614672031208,90.47738146739664
10.5751_es-07493-200323,68.73215615553968,79.99921144347289,73.75284033490048,67.77380726038844,76.05187543753837,93.02124871157623,68.13724528827177,88.29979943223346,75.45765533888259,70.20708047993773,80.22309551903572,80.24927215539029,77.32002253844254,85.48569538226435,87.93994674038197,75.56461658537314,88.44599212145403,59.650106388100454,70.41374207952478,77.50648740061843
10.1007_s00265-014-1741-8,71.52551881319386,87.25231543381918,78.50752878593401,78.43242065403916,77.17111359810035,95.54004207551337,73.73506936897168,93.80532216402041,81.79768204042247,77.47242443185914,81.73060044077403,83.31430673540792,86.28843597438517,90.30540501524683,92.38905783082458,82.7314706932097,90.13406376727168,67.76903859439777,82.16900603735803,84.93324384398416
10.1073_pnas.1400827111,70.96166739961201,84.64902434783244,78.09187030654459,85.72737823589121,84.68848320477707,95.82675761662132,74.44960996988142,93.26223602300398,78.1096342385782,80.0971112626536,83.73153371899977,84.27673003619148,86.96498892772462,89.38567628577994,91.76692402488386,80.4756004262018,89.14373239685152,71.00355231291907,75.82968146825789,80.01415417926285
10.1093_aepp_ppq017,85.42631980911915,93.22377617788878,88.47856287383348,85.40361272983269,88.94025371519221,98.44494916785814,85.89342625484963,96.96955545968319,88.62442186030005,86.69850331237816,92.12084201494872,92.10026392340424,91.02963331194648,95.70185164763124,96.88981935132661,89.82010211936895,97.17274245736075,79.60617957897927,88.08124934525048,90.7301733124923
10.1177_0170840610372202,70.07539317491904,83.72652502395762,76.49984624236323,76.1294635842418,77.78660050151076,95.99745636705488,73.69569076246543,92.09558771231421,78.97603150177065,72.20108418440691,81.0649529211007,83.17324116051155,80.70652010850391,89.51368053798609,91.81961003344456,76.80620872224368,88.59424662803708,65.29293715777864,73.59121124319721,80.10479389637514
10.1177_17456916231179156,70.53200039564,81.0338341585295,74.86829140134623,74.2235095776108,76.64023163713033,93.97068568463752,69.69213336526389,89.07755213723988,75.66737885419612,71.4918755428475,79.93256295896754,80.81830507449428,78.17033121701095,85.56824293254421,89.48839800840078,76.26869335004216,89.16241112292298,61.27630886691952,71.54961427658938,79.21135921987494
10.1523_jneurosci.2303-21.2022,79.55648596557715,88.68677356293546,84.53463299750511,79.888552570205,85.07672639166591,96.50678529436719,79.6643796268304,94.51251384891243,83.20496000340667,80.99712150048806,82.68728619398802,87.34253462867123,87.89017806747368,92.14190373447762,90.68337268893355,85.42636834036324,92.53490885793245,72.12127056598517,83.30986052839633,86.14766948753866
10.3389_fpubh.2022.881330,74.23362420812842,83.59906770599987,81.7922585285567,75.49921965839515,80.95973886993426,94.54313426473149,75.28368494014568,89.6427882840842,81.16349866505216,76.66912719545564,86.48950704475016,83.20248264724519,84.23761305107388,87.61659444819819,91.01470014361833,83.0494581963528,91.10574705808098,67.51128404665273,76.19085780005118,83.82367657006489
10.1007_s11127-021-00925-7,72.52954947056683,82.2370433927328,74.31562374743304,70.02186585551823,77.40305096394003,94.65836303614685,74.99406716254204,90.90536302047754,78.95561048927735,73.10254577642016,82.17495033330279,81.05967977045783,80.43739455234329,86.56859766519688,90.05565759507729,80.80086724477998,90.34081317051188,62.956625263812626,76.61550953063823,80.02843509060052
10.1017_s0266267121000195,69.9732438180472,80.7738426249829,74.13135381484237,68.65772281090857,76.24940430991386,94.92140082075527,69.08374141125266,88.99144999170616,75.2403979941427,71.49501544164583,80.80544762282555,81.056242192372,78.08547306011958,84.00886005261242,90.14786878601386,76.10006065790817,89.33409715147405,61.36815476707756,72.4368901716267,79.11510467910634
10.1038_s41598-021-93598-7,69.71639935244337,80.01152822168514,75.49081677717555,68.0702045852047,75.39707509221476,92.7466705380313,68.09298786491232,87.497874080155,73.85211494089944,69.59898470277388,80.01233113934694,80.40799903587902,77.9334440091495,83.87752646906984,88.79360795715097,75.74950269927112,87.77167924727577,60.05362893996737,70.45516553871826,79.24433263872828
10.1017_s0266267119000233,70.99297165951761,80.48281461881861,72.5761108736582,68.46991374250646,76.61666700251229,93.87474643373373,69.42249696980964,88.38385286183001,75.49512916320772,70.79783547766654,80.81358589883139,80.74832035777342,77.47106434335069,85.24754088191831,88.92176140155536,76.17226969039818,89.12780955512306,60.84123906466285,71.81840482021961,78.49804804419249
10.1007_s40656-017-0151-4,71.13138042867381,81.01966519164314,73.39815254938776,68.87365882952223,76.33608886593494,93.2094085249693,68.86626867720969,88.5043456488056,74.41739558474565,69.28066907463065,79.68480740566423,80.52654208606712,77.86957201796325,84.68997967734441,89.12248186998971,74.69634315995532,89.18781951562005,59.694801193001084,74.03999262755424,79.04011317586304
10.1002_bdm.1976,64.51243470955467,73.84341899836188,65.85164929659157,60.41631135442411,67.49092398401375,84.15863631530752,63.35241859031439,80.41784769250259,65.7429473514086,64.45404169122237,71.78112236085086,72.8775885559532,70.13033154562537,74.01004088572068,81.55714469762468,67.63521043631272,80.5685869265879,55.04767863077,65.29173624645583,70.47772914178296
10.1007_s11403-015-0146-8,71.52139556066668,90.10199445025248,83.73661055718955,81.18875320642496,85.03409974507534,95.74947522094689,78.8444856152388,93.97610134222434,82.15615363062147,80.05832444747452,87.20231260266048,87.17618355222078,87.67730849601686,91.56980340776266,93.15271780753716,83.79825318593052,91.41219764793907,73.3144212171432,82.82905280360563,85.7840485695532
10.1038_srep12797,81.67875497316648,91.2155002946273,86.63688950607593,80.97197738762877,85.64202539187748,94.86351282139329,81.90773133301306,91.65418657306661,84.00472690108448,83.34638964350255,87.17593093915598,89.29076979792826,88.1336561348886,91.57856980248668,91.94156800284853,84.93569888902698,90.90447735681576,76.82565660348433,85.04434011404095,86.79514039084191
10.1007_978-3-319-15515-9_15,69.63297920454244,80.59462673969334,74.02107293354169,72.37856809509881,76.44235784115672,93.48687836126925,69.6023209575787,88.75082875082718,74.64771476056835,70.21295598179748,80.39497175433482,81.82708733024815,77.81719574333464,84.0501637892438,89.03106563159622,75.18294569448565,88.31673067992665,60.793062919876874,72.37891641291188,77.97833414760318
10.1111_jpet.12084,73.91116275943659,85.21333705748816,81.92890489266458,85.26820193931749,86.81845445283875,95.6578099639515,78.89420867193593,93.50408127957938,82.12532168711796,82.14981505445952,82.98965524364995,86.59517648570596,86.89729101082925,92.15842117148243,91.45479507376149,86.37666760450945,89.31288843538032,75.02025843559389,83.33557371880826,84.38524156423114
10.1371_journal.pone.0105126,82.57767919262581,91.83946259075226,86.36344202897247,83.08590186660012,87.31569378373248,96.84632353439531,81.93509411773543,95.8172057849482,86.00547896906181,82.57989310567754,89.786791216732,90.12079864790614,89.0668721387457,92.56380059248478,95.10717565420185,87.90835757482435,95.50187680956546,77.29440954443507,84.93166177516478,88.13484353178626
10.1515_bejeap-2013-0110,82.25841466801587,92.98208491284653,90.63049930911812,90.65177408955422,92.15092375174167,97.21589027417221,85.00312317820924,95.63482129217702,89.59998749270551,89.35618955753343,90.9549230640627,91.00058762380023,89.23598655342248,93.9928722283844,97.23714964687724,92.55100359960255,95.58524785905706,82.90066604735357,84.35265249086089,90.15211245592644
10.1007_s11238-013-9356-5,70.99359214704504,80.95404012186633,73.90238557304147,68.38809890980119,76.59219770751834,93.39250488356456,69.4329029635395,88.14482646974659,75.43757811478658,71.21806167438191,80.22180910703757,81.19194107665433,77.22881174600562,84.58706786367216,88.9040090189885,75.67728970740892,88.55109239940761,60.56003342245314,72.58383803802555,80.00901521559848
10.1371_journal.pone.0083225,71.13817374648487,83.59364435805703,75.4781276036216,70.49484897174221,76.90807931401399,94.13670305598066,72.33652383027338,89.69674627819572,76.05613386103677,72.37266776370167,80.84937933978455,81.83865407071599,80.37490183039968,86.26802107730747,90.18022259974478,79.7773272163558,89.70184823753061,68.67299701724467,73.40912320254479,80.3852581596412
10.1371_journal.pone.0077041,75.04566982762435,88.86216168026495,85.17427182267177,79.25547480430996,82.32294928441014,94.64427175427848,76.73308760140691,92.6908194975118,81.24540103619887,75.66089432677512,86.12857172958546,86.70743172087121,87.03781809083546,90.51151556518734,89.3658873201332,85.06473153133985,89.90381592100424,78.25078712823951,83.54277191337387,84.02310267837427
10.1371_journal.pone.0069871,71.6867169925097,83.49216035764223,76.18819965111862,77.7953377307949,79.04544267479231,93.70052756500598,74.35893033207272,89.65816641272497,77.12944580231934,76.48961224970677,82.55274599300908,84.84520197397282,86.17350782426641,86.67215618814994,91.75649714697568,79.89445529386143,88.74832933036772,70.90978288517483,76.16012481059724,79.14648828378526
10.1111_evo.12031,69.95923130928718,80.34453932060588,75.29822286035854,68.51374532874362,75.60232875496663,92.12371493128722,69.40227420225267,87.60028904515943,72.61395144914088,71.31323314162671,80.27589168909037,80.14719780568164,76.91324188074643,84.27326130411709,88.40598647775116,76.48973050361609,88.98786471889413,60.93147444113783,72.70091506984689,79.09884888791863
10.1177_147470491301100117,70.70241116982257,81.01636654460764,74.41398891131503,70.57281256813653,76.22072972944213,93.17310185710116,69.38422429257231,87.34479622635098,75.91499132536403,72.0412287365408,80.84672768783247,81.07603299559929,77.83419843306315,84.59723845329148,88.88514931507343,76.88846479701527,89.53379276701874,62.60663039553441,72.64993128142504,79.71202774909834
10.1371_journal.pone.0044432,72.44070576725815,89.54009899963732,84.50964930286864,80.35407527806352,84.48308729013216,95.07636283055938,77.57239318223412,92.78744292567632,80.59692610834365,77.70276320841904,81.43654406325408,86.41827926972866,87.32110803856182,90.61693915504112,92.21252007159254,83.07981502234497,91.34553430189281,71.73835985048608,82.30018306378629,85.30657039858234
10.1111_j.1559-1816.2012.00914.x,69.9858905309964,81.35212320670917,74.71599810278663,69.53118156395928,76.5260500723167,93.12615323496155,68.783166267464,88.63950684513375,74.11890405984654,71.12776582724106,80.15072123928421,80.87132498792144,77.55346535887759,85.10526371602684,88.92713346689449,76.72239525232573,87.69386938508883,61.39416859663368,71.86660438840453,78.55288426158361
10.1371_journal.pone.0039002,71.02152515853301,81.9486864667877,74.93469421833386,68.25676791673536,77.06650724232311,94.68157242228956,71.48518730948321,88.39108148370852,78.90149609423267,72.00693004058752,80.94422305010747,82.28337453042833,77.75907919709125,86.54327498216568,89.85575318033511,78.0041941148228,89.49478808336303,61.01092463387701,74.46052606653178,80.16873719385059
10.1111_j.1467-9779.2011.01520.x,71.34421819097403,81.73616209279592,74.60730775686075,68.629032633329,76.5385373606699,93.48034565912967,69.92446448871692,87.69460352262182,75.65866038346847,70.82392504390387,81.79522986654692,80.75677968829748,76.96629688271746,84.73675003306016,89.15265563389809,76.57472700774886,88.85206765968269,63.86438512814198,72.92316555618812,78.98895297803826
10.1177_0951629809103970,70.08414268322288,80.66872219347333,75.03762118023147,70.64214913912791,76.73124630083343,92.78999872006084,69.88326516863154,88.75676155888291,74.6678181833102,72.05847250312517,80.38770188238625,81.41731695938894,78.38821070567879,84.84879831829231,89.82680919474838,76.71196598384317,88.51569207563819,60.17002371472839,72.04698205015897,78.77799747740015
10.1093_ej_uead030,73.92543188959377,88.36481385462693,86.2186028596005,78.59637159198836,83.87450331964378,95.9200017516152,80.85414584440265,91.96699457168343,83.878118073022,81.12085504158864,87.96266442641841,87.61292051799519,88.01246848936738,91.62652649417288,92.05171385653823,84.42838033610681,90.75610766814629,72.913102657659,85.67248533339942,86.13909062300174
10.1017_ehs.2022.32,70.96465223345744,81.67252957762379,75.61906098120858,68.73533141008538,76.47204468339936,92.75234304378061,70.08013691822357,87.0231501274976,75.58981680786111,72.82415417276334,80.01407331783474,82.80996126060631,77.55035684402473,83.58086954416282,89.78144485234138,77.43736851277473,88.36287769071117,60.877341846285674,71.25398770263655,79.0572077901152
10.1109_tcsii.2021.3133711,77.12105416479976,89.11247087804402,85.99717642780445,81.68897932111355,83.33306552577791,96.45523092981938,80.19016059471551,94.51225647073078,83.72323810074491,81.15203666675512,87.71285303238443,88.03515898732786,87.66578986432835,91.87712902976011,93.89101709665692,85.2891079699758,92.23468222551108,74.83347283463613,83.96817369361648,84.52913720147797
10.1111_jpet.12540,70.18026170193733,81.55030031111464,75.85443509736427,74.77064524281015,76.98261377756654,94.36678622333304,70.3823761147043,89.48890384407677,76.18439087656716,70.93348193705252,80.17385388134336,81.7623809976954,77.28943209494989,86.88508577221252,90.43992403359854,77.07951475109348,90.06950164533137,62.69076002662766,74.5325277550593,79.41070221611203
10.1111_apce.12343,77.78312467016602,87.64009958905177,81.70351581915541,77.49402988291331,78.21574531753576,95.13404581027785,76.91832495519814,92.16545715405744,80.85059547117207,73.34787956964817,86.89919618251592,84.36947692843326,85.02718130409154,86.91228825980308,91.17468733172485,81.7686901069722,90.96417773675867,71.53647318017283,79.81881383379876,81.0200169577272
10.1111_ecin.13020,70.05556093834016,83.053207781963,75.99630008031315,69.45661433643181,76.11505495000023,94.67377620998316,69.82237429138036,88.63842535620522,74.95082604853229,72.4363324079682,81.21170218551893,81.86529593730859,77.00270683794776,81.73866050121339,89.380097784599,77.41189867513029,88.79958668873019,66.86879251059123,73.64512969581901,81.68199623025006
10.1371_journal.pcbi.1008217,70.39603299277353,99.41214554670688,94.38521379962576,82.17839589068738,77.5544247416469,96.15472298437561,70.76742658901433,89.77167224142126,76.86865643772035,71.10028496838068,92.4637621915959,81.16847111092578,85.79249127960135,86.21009522950443,89.69410006915295,76.21969375872764,87.91223470024235,62.08000955226314,94.7043108254718,85.26840523689884
10.1109_access.2021.3084342,72.31281408248488,83.37077348262456,74.64791811146591,74.03175056210367,76.96780916333054,93.6950582742254,71.61299562425384,89.1581556472004,75.13765073406692,72.6450520285339,82.22632218650283,81.21647087886373,80.28869406552442,86.1306313704639,90.19702277990682,77.71363558098297,89.99410075895969,64.3599224953002,74.52632700070663,79.84299950599151
10.1332_204378920x16026943989422,71.68045651635556,82.737615766051,75.44431561536483,70.02880255263557,76.5824773726245,94.06992092882783,70.29403954074755,88.76053529883971,75.09398982074948,72.84141724515491,81.00895610544714,81.17470873582694,78.70559838046914,85.1667293820552,90.24507526961516,76.34626789523568,89.7766390842295,60.4674614166424,72.94020857792529,79.42376564542036
10.1007_s00355-020-01284-w,75.25389479370331,85.464925584936,78.7429578499169,72.00034081655588,79.94733253687185,95.98134979597627,74.52460695220374,91.94942560388182,78.9974414829897,75.99856508643981,84.99939582648462,84.99875869480275,80.56963545406063,88.99932020550531,91.32410258818392,79.60519204791426,91.39684139911013,64.71686704199405,76.68428524663307,82.99999147887738
10.1002_bdm.2208,71.24390717811995,82.03623680473532,74.94209855838675,69.56607374648908,76.24252237270893,95.12836980606617,70.12675833837866,89.86566482149286,75.51452078131156,71.89104913759397,80.89327755741357,81.23052393652722,79.44055117765,87.40664080071323,88.64709248840947,76.80841497147,89.54501323183533,60.46525693856811,72.57423742252489,79.80137414649464
10.1007_s40750-020-00143-3,73.47583717791244,85.61293391809679,77.20303651934931,72.9651758862047,77.74026729153223,94.75455591662663,74.18508621776748,88.8204659838599,76.77369550114022,76.16092405191542,82.30723241995658,83.21139082188957,81.01725700981054,87.57835777364154,90.13372652836502,79.53824540643657,89.1113301630141,66.00899752441616,74.71312662175737,80.50552340365668
10.1111_ecin.12766,79.09343595165878,86.13162363872439,88.10074208453779,83.61746235574827,85.12281428568528,95.75205054942427,76.91144298338389,93.51515354358146,82.68388898948243,79.71628383430411,84.03712875839093,87.04297679628844,87.96146053464349,88.54098328711201,90.78260969120394,87.45879396821407,90.78954991033746,73.13627196034868,83.9299091344447,87.20946799294309
10.1111_ecin.12713,75.88097550572446,89.5825613646545,80.80537836324919,73.64844634115998,80.07853982253103,95.99937144285612,75.1773381581052,92.34557021214523,79.01213953362863,77.56288550216382,85.07639627178833,85.00096256187284,85.27336850764463,89.03534977616698,92.00005985872279,81.6444485351798,92.75663983535605,72.83259457875471,86.77969971017527,83.00496502620545
10.1103_PhysRevE.100.052304,72.52057482776068,89.94811769353777,86.49358476404592,81.23969693664331,84.37788929954039,94.93987264069382,78.78059687484195,94.47814642114095,80.23074254147518,79.13709663331818,86.47422923999866,87.26094116862566,88.9006789980628,91.78265678797787,92.32125328048296,84.07522546231132,89.82112809212668,73.96264819883838,83.917466039183,83.76205409722947
10.1086_700098,72.80228341114066,82.175704013312,77.18611714037318,75.50491861266545,77.35125644157752,93.78481742327672,73.44785307413801,89.96961401626527,77.76945996524907,72.8484556705087,81.94272921142704,84.7669124350913,83.35599031859174,87.02752157736379,90.513649320242,80.56544257540887,89.71414575071634,67.9367481081388,74.4324216662635,80.50741310289482
10.1007_s11127-018-0622-5,69.6441503519695,83.90127548571334,80.6347850230265,74.56885653791271,75.60935053460537,91.47891506392007,69.16388834055122,88.28882084481444,73.81726476149498,75.0350755576336,79.57376490535178,81.80151003254078,84.30604519838312,82.23836388337836,87.67462296990591,74.49234812403907,88.0780938668527,67.08644508548085,76.3616067516211,78.08274240924614
10.3389_fpsyg.2018.00932,71.30078500535328,81.96537303608969,75.2778791989422,68.66522115485897,76.8217338942635,93.09602760842122,70.68063183645691,88.67202676682173,75.44987442834977,72.11678764111893,81.37199675976774,81.18187210004528,77.71464113408877,85.42412229672831,88.80760522890367,77.32674904313203,88.92122255986489,61.120237170175,73.74309666625469,79.95190839064232
10.1007_s10588-017-9244-6,80.61928116241567,91.57290321114901,86.32141875508712,83.33672294504507,85.90455671113882,95.54789093510652,81.26062337522187,94.84614880525218,82.9239906475151,80.37742298186708,89.5710526980034,90.93117293783277,88.08869034222917,92.20504221762815,93.15109479110478,85.85223715650919,91.95056503185553,73.84866861236672,84.95961399276496,86.5415862666507
10.1111_jpet.12252,81.25664650112292,84.98441671006515,82.07078129788292,83.17923074299709,87.08739791843303,94.71580505951302,80.97924995874281,94.75310233253558,84.12163668250031,82.50909603314552,81.30961056797231,91.44713108014345,88.7021120895712,92.2605050702593,94.06871350017663,87.952697904341,91.47068619615035,79.12891002326955,83.79699416495632,80.068582351826
10.1007_s10640-017-0126-7,80.38019753965581,90.7246954537739,84.82938701658507,79.34827175315795,85.20672259173752,97.62516997359351,81.40890057352766,94.85701524446483,83.95922211921666,81.2365166793131,88.81623082153388,88.91797014400323,87.23034214135157,92.00341609185469,94.22094858848952,86.40527002530541,95.02498199725879,72.37041711700057,83.14561200697524,87.01251762311858
10.3982_te2063,70.52339392145612,80.72410868335328,77.48404450768219,69.32435161512932,77.0160106770044,94.09004948609409,69.30481351218535,88.33472054396448,75.77554998195832,71.93956253313421,80.06245198584347,81.36818106576774,77.50320705361764,84.88851474923652,89.90681199077038,77.24452769101654,88.36036506567221,60.28175060862083,71.23352885899794,79.29851013972079
10.3389_fnbeh.2016.00053,79.43585412214819,82.29551723134719,73.88133732370736,83.90503231616536,82.62579297943434,96.0000054937462,69.12786735307236,92.00043890743991,79.03103236748557,75.49412923640244,85.01134181317511,85.14179376020343,83.7978697706514,89.04133804231107,92.00313460037287,77.21266523908494,93.00013795280725,59.866408875137935,83.83248616720537,79.58510026980132
10.1007_s12038-013-9342-7,69.87578529267336,80.23791907718649,73.27272335837527,68.56332385254296,76.25493787645316,94.21018918736172,68.60674467297231,88.128784464107,74.57085165245064,70.20273707076309,79.85568467485228,80.82775720803099,76.98473974427353,84.69149732159596,89.0764627363046,76.4015551072714,88.43795115025135,59.18371758573215,70.975171029276,78.55360737455536
10.1111_1475-4932.12073,80.29892205396004,81.52711306435178,83.35222571259304,78.82910482374649,83.5587359146746,92.95523324587104,80.53370346428933,93.88702327946301,76.22870091303118,74.87992482552596,81.88543212683433,81.73633839133892,87.83445726316138,90.55074633969916,89.45294987279745,79.44515457952097,93.6612618106839,63.85920024086808,74.21487400998008,85.5711167176432
10.1111_joes.12018,70.5170769516183,79.85164220841679,73.42327576405489,73.21134810438404,77.87913324143082,95.05235861996164,70.23822543748282,89.44780323953275,76.42740911773586,71.85068278229951,80.88039964669852,81.92057740480473,79.6336960294555,86.95871002354856,89.25350891028098,76.88215598049824,89.64410248876325,63.569160696046005,72.25209194643,78.68615971730662
10.1371_journal.pone.0034051,69.82471091227353,80.62171288105881,78.68469737897371,70.73476795722254,78.26539237023883,92.86648162844615,70.96154521121431,87.5478854999036,74.51714506666829,71.92649536461285,80.2115783835253,80.24705803908189,77.7704654578165,82.75213493925395,89.41489777223575,76.44743342757971,87.44854815592123,62.033249147387316,72.94984356717953,80.39450406603235
10.1080_15534510802469156,68.99477973421257,78.77980166451425,73.15387597166522,66.32196315445218,74.67149270975804,90.92166309958078,68.5541662830924,85.73026490055729,72.47357350583682,70.0170315149912,78.87996673376661,79.01969666806578,76.5724599426682,81.10919113772955,86.72630370187846,74.93118343516187,85.97925702733423,60.185898990078236,70.117577435844,76.74389807559787
10.1196_annals.1399.012,71.06079414431551,81.02195757604342,75.751223894114,74.67822458166093,76.63979071829617,93.389731958328,69.51287104610769,89.77963779643662,78.21360139268138,71.30756738185657,80.97374782814114,81.46034362699459,79.01501639837261,85.06490587472756,89.53054140121307,76.21225884930689,89.49806000868416,62.19872571086684,74.39281096298654,79.4975522423731
10.1080_10576100490438246,73.98601651367234,84.90956556751388,78.26892473724101,73.92377791821981,80.30013401206541,92.27597560145047,76.802594049583,93.2804474423405,81.45202195417446,79.42911219588541,82.40966182663762,80.13115957648326,84.0866762820567,90.28531131585761,89.73591601553623,84.88204140829889,89.2506845790988,70.67331410805637,82.91695090772893,76.66693440573945
10.1038_s41467-023-38592-5,70.45465837364382,82.61662812586654,74.48793263908632,69.18722135791123,76.47002707574582,93.93488245476172,70.87793819473333,88.89946270622956,75.35649257188105,72.36918249322814,80.07665949775102,80.84729218629765,77.75678754176971,85.78602446855012,88.87742771143644,76.84034536606275,88.07609066480003,62.07377520044491,73.24737867520942,79.0527705697492
10.1093_pnasnexus_pgad091,82.3146657363399,92.15229931477597,90.24561785271513,87.63829645397128,88.80321546275952,97.01252390519575,85.25584698592442,96.07779129151606,85.88290450215499,85.21299522979984,89.58766611491978,91.86246671848109,91.63559476098628,92.49008729642941,94.58602175301786,89.31892321058601,94.5600759327346,81.26560861201348,86.28148888758918,89.31300992278904
10.1007_s10640-023-00759-5,79.16692603297533,90.42837657637074,83.7466151013129,81.49101154098503,85.57234796295887,95.6791405037952,80.50931620611154,94.94079031201402,84.01575875854442,81.29895750652781,88.88820352661796,86.97506514925097,87.5864162310011,92.02147617740629,90.90898581536928,86.09775427377778,94.77188447024187,73.93546878067903,84.4423013229199,82.88671479624271
10.1063_5.0088493,80.5243029268211,89.37432200088546,84.21353845543562,78.77034123223203,85.68577387471468,96.23200066994455,80.34321510085977,95.05786196977168,83.00237719992303,81.40968498469861,88.01327890918562,89.29971956637904,87.06169761722322,91.66761844418919,94.03077028542452,86.19304996480166,94.92608299972702,73.73812682437803,84.02300267630072,86.47533346931758
10.1371_journal.pone.0266735,70.30917101479999,80.48360289201281,74.72811079003964,68.92562887008805,76.52245607755098,93.6334371386909,69.07976294167258,88.29037044013458,74.3156124396748,70.4443423327098,79.91173129620073,80.8930866950224,76.97742254433992,83.2575711162762,88.07908323033124,74.84032594804239,88.29937121988338,60.68189338257527,71.37470260934177,79.56042485997018
10.5267_j.ijiec.2022.3.001,70.4707193106575,85.91436858234974,81.72948228596275,78.24478312572994,76.30788482149335,92.373263988793,71.13314731195919,88.59561894068725,74.56547898712056,71.43206146087232,80.9598737265331,79.2659649955608,82.1987678590491,85.83167822287477,90.20457734943635,77.71070662806105,89.06202054330839,70.35300337962045,76.92070111660445,79.7797265373435
10.1007_s10551-020-04664-5,71.6313877224141,81.98450565374044,76.60042550046545,73.6270587560604,77.9626395214271,94.32333345835639,72.66823588766012,90.07250925325063,75.5297498124371,73.78823104247533,80.28005541254993,81.67408390124577,81.00431236611324,86.68915912132559,88.83974541190175,76.47776252252633,89.64570457838548,60.73286627339247,72.94335053444557,81.38774504549002
10.1371_journal.pone.0263028,42.13460668040066,47.04023629943492,45.32507664193548,55.28333442275214,60.57535687417434,52.99934580305458,41.30421516039041,54.99191826693219,45.65238950544035,42.01776671935408,47.45155349780561,47.04825785191503,61.34435364744187,49.00650979293433,51.6849550507678,57.57060183236385,51.03214906111968,36.001408532097955,42.17514242570527,53.31210199349037
10.1038_s41598-021-04217-4,70.87696233320635,80.98594488416384,74.79830938665323,68.59420270146694,76.52192635226706,92.87149793940605,70.81792528610733,87.96539317223022,74.75993470170461,71.73155778930294,80.49116968054352,81.11904591282888,77.67949566939672,84.06203230622204,88.65876671778997,76.88910320280264,88.56463746712193,61.87103812875757,73.48672407240153,78.22390978722287
10.1093_scan_nsab124,68.98609770414143,79.00991677692195,72.32797485956584,65.7044473722759,73.76708950065763,90.02686635825555,68.01286590752967,85.77724381659729,72.29394702020828,68.68262779172186,77.57585545084206,78.72922174711113,75.23159017271401,82.62592920593158,86.41183146378008,74.90538924938436,85.4441954803506,59.523770648755246,69.71264326406204,76.7264589813503
10.3389_fpsyg.2021.676064,72.24837240036472,82.34210711443811,76.00774126256539,70.86117482024979,77.45275712514966,94.62334906119546,72.56910683903995,89.50154902142273,76.59609017003893,75.35628762376827,81.62992491959632,83.31108423090579,79.35796848559981,86.62174622860766,90.07264466195252,78.14093342509737,90.30014084532347,60.87353521417416,73.7846338308488,81.55792170563817
10.1038_s41598-021-89563-z,73.66770269550432,89.96833745507263,85.58078425105317,80.43393016048012,82.04376271234159,94.90305222599689,75.7473171312239,91.37748541442824,75.21915803420244,72.67217523431523,82.15160796196047,87.1777629855545,86.35360339507531,86.32178859790021,90.18652896336964,81.43775873265038,88.85350667724786,72.50471982972955,80.90999065618877,80.46158596242071
10.1371_journal.pone.0248599,71.09635008874007,81.35678699451384,75.03302365504484,67.70222929119669,75.47515818761886,91.78499332197391,69.79785924219873,87.87335414324006,74.48971032472416,71.39605032061195,79.50517067409938,80.30498197933868,77.48835368050129,84.27965936943157,88.06402632787473,76.23577549484162,87.57832340067998,61.146580962921455,72.1387243777604,78.03803970068562
10.1093_qje_qjaa035,65.64459217820625,79.60784003726334,75.76161258636924,62.62503477494487,67.52930841030764,85.62033542525006,68.2381758616467,81.88602399498372,66.14020925653216,70.34098789567149,74.15568739111687,73.73513845488493,71.04669123627016,76.73384317137416,81.92556291591232,75.8750547439574,82.45523572820893,58.7468658027387,65.19260244557158,78.37780415156303
10.1007_s10640-020-00526-w,75.96899987266944,86.07923857052009,78.64259428635278,72.04957789502517,79.70026893073315,96.00000498042782,74.94232250005189,92.00037070475926,79.00706059767927,75.97278069732653,84.97618824402731,84.62218040129929,82.01609392845872,88.99992973983693,91.98138913077949,80.92451728983707,92.88920319113788,65.40047856172482,77.01175851439889,82.77084233036463
10.1038_s41598-020-60349-z,69.27086131560807,78.57627819745723,71.61446366566955,66.39702117740397,73.47005038746356,90.85807589189118,66.7994775736746,85.99969778619871,72.03955695498993,69.02905591633844,77.34122457125385,78.3165843284256,75.83005176780408,82.49201368425992,87.14354626023075,75.30611947295493,87.03694224300848,60.005222392105594,68.92741183247925,77.13494821664585
10.1111_ecin.12720,71.84697220516541,83.4001062160578,75.43136691809177,70.99661977434185,76.49505966022129,93.5370242368923,71.47931107905667,88.15843544481507,76.48381876632004,71.76944296803899,81.61641447476181,81.64728301406865,78.37919131079346,85.62852047753167,89.56798189831204,76.48783016212369,88.25888369745158,64.34429457521757,73.31559979185423,79.7903716205413
10.1057_s41599-019-0249-2,73.18991109433296,88.25242114347138,83.78434394894944,77.04050364849135,83.22068877959016,96.61249631643386,79.56941646143845,94.3918122177589,77.35638464794265,77.91614570510272,87.13072852730275,86.97746893563492,83.11608317579692,89.3367816756954,90.7810209569867,83.35980803764609,91.44197437529103,67.94241499666661,80.54415842889978,85.97904561911045
10.1080_00220485.2018.1551097,70.5120721892205,80.0723655467264,74.80524226889283,70.71406096923766,76.23487788648923,93.5732030390203,68.83889281901004,88.26289213262396,74.8181241239925,70.6799782097738,79.97065600022094,79.89215708249199,76.84638375350544,83.66048591544312,88.99889461015019,75.30906802119598,88.79223642432333,60.009091241652776,72.5856323426428,78.07261826370092
10.1007_s10539-018-9627-1,71.5291983154802,81.47222533107153,74.06216438827005,67.81066580631867,76.13490987417387,93.02565609092646,69.43806324973879,87.32099245904193,74.75231027910053,71.83801429214995,80.72165597365854,80.22086187367809,77.64032248267229,84.88426049179375,89.30694405716483,76.64679254603969,88.70846853762237,60.76503632132381,72.45771359359686,77.76322180471966
10.1371_journal.pone.0188503,68.70965374782924,79.14854390618983,72.99195524176737,66.24487789172854,74.89040008109681,90.85804283361796,67.83892020788129,86.38917659198788,72.25618434285465,68.35251466059817,77.43234287308738,78.6930507786151,76.00033140088689,82.50055996523042,86.05340321239775,74.31473570677984,86.63694691900167,59.18377082057499,70.47133059286644,76.93736440861562
10.1073_pnas.1606456113,69.65470460284038,80.80668509069078,74.6401868373001,68.45528128785237,76.03091671588682,92.79913638226711,68.46587390963248,88.66530815977383,74.62241293573146,70.30537819289073,80.08958395021388,81.22636118863794,77.27718561528053,83.68262791958479,88.44615783744989,76.68092573279135,88.31223115684155,60.537754222252815,73.32683480714763,77.30516758686448
10.18564_jasss.3166,72.85309070368378,82.16574624579046,76.03842814789245,70.69460097290055,77.39442668325289,93.80657892834262,70.87641274600333,88.99774632024592,76.46714231753197,72.7934986476917,80.93983993812223,81.85268494549382,79.05839810920668,85.87207312479829,89.6409528079403,77.78621456820589,89.57346854858194,62.75690088901947,74.01538809364757,80.06132304269872
10.1111_kykl.12113,71.2088721596752,82.20360271324088,78.19984839985581,76.92829573919308,80.19875742073053,93.86595296515758,70.19210760258507,89.36432133121703,79.04822019200921,73.66006402740511,81.00246734014175,85.16423128421775,77.60914113919304,86.44358893532812,92.00036326196833,80.91563781733788,89.7818706402172,65.56914930438039,72.79768860038872,81.14631874770234
10.1371_journal.pone.0124513,79.4142146849505,88.30735617945123,82.38946154913697,78.12949644141285,82.82604692149776,96.02232736035474,79.87040116651794,93.67979289968989,82.43437361899623,79.59231201664909,86.96797437479587,87.15216551104342,86.20124575214557,91.25356089492705,93.1515659525812,84.84197101528949,90.85851131043862,70.07357147034908,81.61810645209263,85.75428491794344
10.1111_jpet.12090,70.95766854106496,92.355809123859,89.1385416937088,86.20034644156307,88.48300462930526,97.30196499331242,77.92478021940939,93.8887207414955,83.00309542540903,82.09983730761823,87.44727110069746,90.17739343398551,88.52259702843574,92.00305137177628,92.45419110238055,89.10962985602293,89.48216830018049,83.50657911920824,84.26233292756777,88.37671291187915
10.1007_s10588-013-9170-1,69.74311913830692,81.43528746611227,76.53579434026622,84.99001177414681,78.78017234471257,93.14650489625494,70.18914102116646,90.40060113340014,78.96795931398466,70.18157872854786,79.9583448908605,83.48517001317266,78.87909364567265,87.57434773456218,91.31088320721486,76.44126363436345,88.44863675401898,60.8438057529218,74.62926832635829,78.90541628770039
10.1002_evan.21430,82.44322438199258,87.99622451477582,83.73893365762251,85.83667894081817,86.7903404349648,95.62013116929755,77.92058419079774,94.84466111987784,83.65072204990736,77.54417928638408,87.75064987707918,87.87306765888785,89.65746371411164,92.44765542445515,92.8737973122962,79.57913903015563,94.28912418928981,67.33438255711411,85.99733705781307,84.70466516577086
10.1111_roiw.12092,69.93781075288157,81.13144545663336,74.71347132447963,68.58413718597026,76.6768842604316,93.58782613376927,70.2318383509983,88.26968907280424,73.53370825888581,71.21643768950031,79.39378940322668,81.17533626027445,77.30033245958494,84.71354871427198,89.04787135436169,76.36135214677631,88.27548990787209,61.52344992233664,72.24193129437795,78.14883372037413
10.3389_fevo.2014.00041,67.98312739529686,77.56138009608901,70.97716314925498,65.82981456207546,71.29659842188029,89.85538620756611,66.76601213403737,85.31463601500081,70.05847226258591,68.54136085981231,76.66565524013073,77.2930490654131,73.71581984223222,79.50114514823953,84.75025563581758,72.04651699643603,83.60474913215691,56.98576944326845,68.48688810268563,75.97099779180421
10.1155_2014_108024,69.08572420480205,78.73663630467315,71.88154755845243,66.74398850110933,74.73075569475391,90.3672695252459,68.06425091302118,86.76146837823893,72.71042792611762,69.2686411015012,77.77702866118858,78.67222996576025,75.45062935827767,83.1674157087899,87.1170175476561,74.86629453134364,87.10481606329127,60.11608065734956,69.29863968405718,76.35586020089988
10.3389_fnhum.2013.00252,68.93251223445164,80.3089021027306,73.5064634000428,67.35843868659438,76.21850585557686,93.3328866130304,69.42218231586288,88.04879143257553,73.75925818026283,70.22020372643956,79.13804990590461,80.25447686213694,77.12836732984242,83.0620618394466,88.49962504357966,76.09917706082352,88.3159268702435,59.922529695400605,70.9791601866035,77.87989780370431
10.1080_0013791x.2011.650839,85.453526380924,93.97060993541852,92.430269967405,88.71726546744328,90.22821382499541,97.72930425598027,87.13195475499437,97.25353068262527,89.36090571010281,86.8177089465435,91.45469700548182,94.00719228587712,91.96559590820797,95.72209334673924,96.86979242230116,92.91416312374547,95.88194589853401,79.84865982777745,89.80279121181755,88.92778946182511
10.1111_j.1467-9779.2011.01519.x,83.61171345680374,92.21763871236645,85.68697704505058,86.8003310721626,89.66647674108918,96.9055506034233,85.80647878180407,94.4356095113156,89.48397139802529,85.89570228548737,91.17280759135072,91.45134985092628,90.34243417699332,92.97679087794418,88.52064233148062,87.7887645795872,94.25195734930281,80.03508202829954,87.70803521743325,90.94961029765638
10.1007_s10588-008-9053-z,70.7064996394717,81.28058247609997,75.77316447451682,68.8073246110999,76.76341473114242,92.92011127837435,71.05026698400503,89.19910605362526,75.82850383776452,73.76354652147991,80.62482094792158,81.33841020904383,78.89982882353615,85.6238526187678,89.47775514547374,77.7780899269641,89.07665598719831,61.880589669337404,74.1368463548266,81.28903876616903
10.1177_0959354308091842,71.01869473639906,87.13614604301671,84.54623162309124,80.60550269540893,78.51549375664517,94.47426942045021,80.32832173708499,93.00452692524864,79.26317331638926,73.79545955136741,82.35731804248526,82.87725189040104,85.39364797399553,87.46270927850206,91.87511291371877,81.35195644473086,89.0561798706715,69.18268602610665,83.17498002372601,80.82865909634135
10.1007_s10539-007-9083-9,73.23440347902068,82.91657851135973,77.10214372601888,72.01332721587117,79.99990916322228,95.99845648454107,74.4954476552348,91.99275251400728,79.00047045629991,74.77925080255315,84.89368960669727,84.85825396602537,80.35969023076137,88.99601497612848,91.99999762639462,76.79856189294297,92.93306189708954,60.524602250852034,76.85877457588788,82.97706279793093
10.1177_105971230601400306,70.43982288261469,81.67774527578989,75.15878342018271,71.25934994504715,75.90099551254477,95.43473607434098,70.47137615518041,89.3174213124564,78.62071462251355,70.84877554540097,80.14873788006561,80.8860073659046,82.66393986471707,85.03379888095984,89.4294093364067,75.74188299776382,88.21031652482473,63.03762597580715,71.71065102267241,78.62481329551612
10.1111_j.0020-8833.2004.00306.x,71.45079235251802,84.57870765939862,75.01080325561121,75.61873604549805,80.70187406662076,93.1188603915027,72.10141536503349,90.72763284594966,75.05460776642047,74.15647576349043,81.29414904576775,82.14644191313107,83.36041667036366,86.83201375972938,89.10688900896956,77.30943713226202,89.74015011788227,64.96234806872734,75.08262702642223,79.38429517695583
10.1038_s41598-023-37286-8,68.90211106007854,81.6275690795221,74.24294470227493,68.4077313170473,76.56258727984358,92.86621905813634,70.2405785647498,87.91963895298824,74.66396970038706,72.54686684524883,80.12545079140986,80.21940005881945,77.4749630045723,85.49814852943575,89.06056420745372,78.03396298481445,88.66481099125731,60.93140516073386,71.48242065817404,78.72433792755969
10.3389_fpsyt.2023.1131769,70.24149446111684,82.15137351868152,82.57428074489319,77.49168113352358,77.03814244150524,92.76980811323006,77.81661520378718,90.37699482295912,79.84259639146035,77.02472980929379,79.64627139981847,84.08077434018496,81.96892850298707,85.67234374914108,89.71530949037812,78.12668279726948,88.78010363435936,66.39953636356998,78.19458976175645,79.42893387759935
10.1063_5.0102483,70.25877941421957,82.19918571514128,79.0000009334988,72.00002942418166,80.00009270358882,96.00000031739295,70.62896715124306,88.39772400983033,79.00000006835597,76.00464991862901,80.46476116681072,85.00283233857671,78.01069572669219,89.00152031167941,92.00000209989896,81.0002075145812,89.05699120906277,61.367033220520796,73.12704395493843,82.99999881556928
10.3389_fpsyg.2022.816168,68.5375750595151,78.79142733028999,72.80128706105975,65.79055946518014,74.3456462907776,90.17845864734117,67.64281615547463,85.78377653791061,72.84714401226748,69.01187762054239,78.5194243793492,78.07203070798057,76.36702472814397,83.48352099823968,86.65129871476012,75.58508413706228,86.77201204151227,58.92908918040057,70.13038319179113,76.89301071739965
10.1027_2151-2604_a000459,70.46369202955894,81.3785143263496,76.59664246198989,68.4627566894855,77.30906059074066,93.28640058888459,70.70092569717666,89.98159494723849,76.95692464782607,73.77354023538044,80.9170004475783,82.518209836713,81.73555143287176,88.27964209694929,91.12770955086496,79.36694387232394,90.36499485676573,61.30382533155762,72.63935967661938,80.92719468896293
10.1371_journal.pone.0267153,70.89672231963254,82.60674603547234,76.2017609556841,68.85027059710609,77.6710917356333,93.48744978334874,70.92628483849265,88.82308864925052,76.72535165610992,72.24797245140644,81.63727462334437,82.33697770525873,79.25670511436321,87.02486858612467,89.43480880326302,77.95468687655976,89.9438799371701,61.778674564663454,72.41561091936423,80.51748598738475
10.3389_fpsyg.2021.678237,71.4033791759276,82.84278845190917,75.17618122478052,67.83178349528926,78.23995616316132,95.35305522190204,70.43723697550396,89.40023276189751,76.7019616059955,72.44623097424932,79.8689696518414,81.38749326157253,77.93054416398176,86.0718001010548,89.81189050625797,76.85366935716026,89.45102053862037,60.474256319060835,73.87630518973897,79.81465288543868
10.3390_g12030063,76.67584124876028,86.42090864968038,78.2003613503455,78.13002173358856,79.98346264967671,93.71145220589752,72.55157165012263,90.04107630286205,78.48230374730733,75.4185899587009,80.8031046434468,80.73217118841171,81.67806961964511,85.46701073171052,89.29892202527988,80.37837924003661,88.14975537881793,69.31432368908726,81.59637786308531,79.76764171463533
10.1007_s40881-021-00099-4,69.57883348793582,81.2755156862924,75.96540025930395,70.79183510121106,76.24824496831856,92.76903366918503,69.24462903992055,88.12788850046985,74.72314826257568,70.50440585987305,80.83000972239614,80.73849154831505,76.96603207988822,84.22808932235063,88.8498540774833,77.1708304603804,88.61845864057044,61.36183679627135,72.18281767341023,79.32077665762934
10.1007_s40305-021-00350-z,71.22622261362771,81.53844281867268,75.55814430142273,70.80101866304983,78.72762973891088,93.74593296262874,69.94437377306902,88.99673603145999,75.92870065673408,71.53816253273027,80.320460646288,81.40388214475614,78.06801392536775,85.34328385929308,89.30310508513713,76.94116794278798,89.0313869304317,60.81543082905542,71.55297067468393,79.1713404080414
10.1093_ej_ueaa116,70.37493434306592,82.53428271811545,77.43431478749321,73.49543806633895,76.82609618481054,93.29578408082138,70.0255364258567,88.405857097363,74.99617573806742,70.61492881358366,80.49185693542329,80.64525350124599,79.12855313623993,84.53903206770164,89.51506933880373,76.17555818175279,87.97705387766499,67.42374769598604,72.74658988583388,79.06427135006655
10.1140_epjb_s10051-021-00108-9,69.54624349948067,81.3638108428552,75.03892752246912,76.22207106229912,76.95599286689762,91.78488702220601,70.09653815190212,87.27235727357106,73.56916319545414,73.34309335111612,80.02842747412015,82.88868255761075,79.0532226743657,84.544935029884,87.65150785251053,78.27783459331053,86.83957970503958,63.27558810860586,73.05225118799912,77.63832397096952
10.1038_s41598-021-88663-0,69.6863643086866,80.16137534058618,74.19453006673996,67.45347291973485,76.61434119134975,93.48541064974911,69.95805726591234,88.22676492061855,74.57935591041458,70.19822060370126,80.17542374561465,80.45805475038291,76.7949431125578,83.76393690766935,89.1996195129322,75.54963332939947,88.44060347850085,60.272200754096914,70.69874499227153,78.94454448324758
10.1007_s12144-019-0129-3,73.44758800928386,88.31543536962715,75.07093586630694,76.98289304690567,78.26496146922906,95.95412801079101,77.37530737559956,92.15205133554517,78.46682459647333,75.69373806024552,84.04839407897991,81.62328859620472,83.93888290576359,91.86750267427166,91.34183548054563,84.31027451660529,90.96242361139888,69.6214970227562,79.4550930212873,85.47403897804348
10.1002_bdm.2243,71.58850710799148,82.93773760219665,74.10341144771476,68.94621475303386,76.7405570041914,94.50521321570888,69.96568324803656,87.50806538704694,74.4413773548519,71.67384770405353,80.74265726673444,81.20499448098424,77.67033994939432,84.80252181471043,89.92504001835927,77.27921439816777,89.33516081120935,62.28562851759997,72.80168589827711,79.27584572190865
10.1111_ecin.12974,70.25385861157665,80.40281640335013,74.547140977753,67.62213763508954,74.9881297349483,90.60913920967063,69.23475683461989,86.60741868483842,73.96033309177672,69.74624029165987,78.3983782256427,78.98518633868144,76.67521824975218,82.86366517947064,87.16188229461743,75.41036345938507,86.9772900026257,60.41619129302945,71.90321177488006,77.52481536342187
10.1561_102.00000099,70.3587967420116,81.14059867674067,73.4180927198214,67.26355412801534,75.74487856706287,92.21308267118806,68.80001670475954,87.08232357368456,73.66378383708162,69.10872340003912,79.84867886561825,79.98863048842513,77.08188662486191,83.0547022031852,87.6272753561769,75.93068246902185,88.37215488205241,60.741267647324236,71.82391364494283,77.1318587487627
10.1038_s41598-020-79731-y,68.9482513950966,79.91249215083963,73.93796197171454,67.66408614653278,75.95436624606543,92.3432958337467,68.90721179200766,87.51785141750906,73.08421925241862,70.54865624494538,79.20841922631067,80.65253388641315,76.74658686666089,84.193293931002,88.5444405483768,76.50386518719375,87.5097423115184,60.635912849908706,70.60980433284548,77.74347750260208
10.1007_s10614-020-10017-1,81.18412640924014,90.68552745071366,86.33274981513065,82.39983750419377,86.8507068720814,97.78227473361844,81.32414030853975,95.54146931184631,85.01719075497094,82.62385889678707,88.95817562997108,90.98116847175325,87.81672040365157,92.47547162515319,94.90369851555178,88.19712835662503,96.1913704376077,76.30427122670947,83.43875605774937,88.17049101366865
10.1038_s41598-020-65516-w,70.07234452207162,86.56107020710041,76.47693614543233,68.62028164586424,76.63240389588485,95.01065707449114,72.12191382548069,89.4295630365903,76.04509854310574,73.5292832192972,83.43312134584072,81.67296557631938,84.70046741177264,86.42831761321268,89.5025456453906,77.452901585195,88.72383751001674,67.75202365171087,78.39996181856165,80.96387232543503
10.1086_709105,71.21095093529657,82.83489550129217,76.34794946353207,69.75974053305367,77.21026256413448,93.36231267847705,71.04297923578844,89.06131048961213,76.14325032044194,72.41148240903915,80.99791587957615,81.61908886123338,79.47962030349439,85.93263755665727,89.26905401427281,77.58607627749336,89.8343230278309,63.512769239108636,73.86115525210441,79.74425751531612
10.1371_journal.pone.0222724,74.20199114948845,85.99137108149633,81.34680495717461,76.45893961300236,83.80557928142667,93.14725582121301,77.01475151440678,92.69713539464249,79.9938187581168,77.98474093548414,84.18145122358361,85.44036159581516,85.37783386260499,89.1468834241715,91.09695467714351,82.14096949582114,90.72861100040173,70.02393644053546,82.32530298954896,83.94908858520685
10.1002_bdm.2110,72.0613213462947,83.30770296483941,77.52294502234378,72.32849293445537,79.32820266466811,94.54677451829276,72.5061526704918,89.74146226278398,77.48463165872036,75.3498870550222,82.22581343283923,84.46891594761735,78.82184294449854,88.48913868832958,90.63609739546365,78.9193836712913,89.82608526407986,62.398178163029,75.03237242826711,82.19494182826439
10.1093_jleo_ewy026,70.42577550909755,83.977297330981,77.48761142804523,71.61426972875047,78.18544961886332,95.14648279278514,73.29500660194525,89.95174895109804,77.24834732623248,75.13475001605664,84.0283041641281,83.14147802165229,81.81529477509075,88.51859811481731,90.91003648203028,80.0685104360708,90.81650649868973,62.5593928454677,74.76384207515827,82.04380018486992
10.3389_fphy.2018.00156,72.71935416476535,89.03225182722115,81.31900285885276,78.02622806228426,82.39402282107692,95.1478384374751,75.0087607852407,89.45961850618127,77.17328412240744,74.75848794883608,85.00225297668698,86.51968896657723,84.8572035882443,87.09241670452825,91.67421574897193,84.01214892452573,90.6147249395716,71.5012542950114,81.06773349288882,81.93775000243389
10.1007_s13235-017-0230-x,70.03625321506496,81.35136391916616,74.81212065266988,74.47330558372293,76.75765106512681,94.00800969101753,70.1843310394943,88.62144296739903,75.81197121687717,72.06546941343959,82.03868535463542,82.5575344553685,78.16965016065781,85.58333357994178,89.10310518586009,76.1848142738797,88.32573344706574,64.36648746850291,72.12767350311029,78.94435650006791
10.1371_journal.pone.0202878,75.7215530316828,85.07572548391445,78.99986606584544,71.9999217128414,79.99999999690904,95.99993361598258,74.99996661145346,91.99996530007265,78.99999877651912,75.99904299956121,84.9998345952437,84.99999138088992,81.98889718814272,88.99999554036206,91.92027723571184,80.99937187319597,92.34999633525383,64.99832832812957,76.09106749486817,82.9966996337303
10.1111_boer.12140,71.4000825761618,85.57229746211594,75.74477428253817,74.28440958040717,76.1454850757139,94.4599739081042,70.36765482174484,89.85025314004702,74.40202032050087,72.72967344072799,80.78433934319935,80.16580462144599,79.39712879285565,84.41028462900388,88.39332869494937,77.77485831600148,88.29762446910222,66.11351210277677,75.39358175915497,79.66801483081191
10.1140_epjb_e2018-90042-8,70.33542604060382,90.52554600473944,87.15963205310489,82.05355503686737,77.01600499479798,92.64268588636068,75.68828790003057,95.28795628231576,80.20646157572668,71.09425909922741,83.90523877962819,88.2813879989488,88.26561032637008,86.57215223799463,88.42270444036609,87.11590430687984,89.35487023514048,68.87933015027859,85.0854100585755,80.94513963417307
10.1111_jlca.12283,70.15203921626032,82.80357745193878,79.31148941107736,77.50970749765052,82.04430907866491,94.36389440561568,74.69968191538658,90.04229228733631,79.92362334074345,71.59380135170142,81.35421105707462,81.24286609696834,86.41597853425995,88.44261569307402,89.7465293182264,79.67559237211836,89.77199165807862,67.03592144090946,79.60689627815454,79.90273718916085
10.1007_s11846-016-0209-9,69.85592245135189,79.84954934822557,73.0507369531069,66.87843989198424,75.47249486312695,93.04695454531158,68.0038437517626,87.38668107194957,73.93338794410988,69.99580156665961,79.56256596072194,79.42276107321639,76.60128882425293,83.05701101213184,88.53182234560957,75.70163352219211,87.88247889490789,59.55933433807524,70.15619639262502,77.99922310018093
10.1007_s11047-016-9546-5,74.48982046623564,86.21425524526303,81.56100235647645,76.05960697346403,80.99541105834783,93.86034289435472,76.96216044402364,90.06865111214348,76.18663037280027,74.89745966871001,86.86280258416546,84.72653553437652,84.72025567953263,86.47924614043934,89.56930284941886,78.47780421297504,89.99081114294444,68.04531599147637,78.55226037693718,81.73929053911021
10.1371_journal.pone.0166101,68.99190509246736,79.33263100899067,72.21075798964097,67.33686861097526,75.59258193326309,91.97906855845294,69.31282715626223,86.29292204350898,74.44819879327578,70.62388477956044,79.02423254928506,79.78572169890681,75.70429252885049,83.80283239702455,88.37492429688237,75.74264832228553,86.73384551953134,59.17922985058693,69.21162209814966,78.12937111958695
10.1007_s11238-015-9527-7,70.99541728671096,81.0343102389956,75.17861503316414,71.65166940696933,77.51902188199745,95.32397737990428,70.24560790388213,89.05513018402985,76.60215513216734,71.49381848967298,80.9901514500934,80.90768280878453,78.8856910900156,88.00754437729573,91.65698093735968,76.77960309245324,90.27109025450714,61.3836264667822,72.47936002842776,79.00882128378282
10.18564_jasss.3058,76.16796146994093,88.74485081825117,75.58348143006461,78.56101117067216,78.29253311913286,94.19003190873187,75.71111176614266,90.88415495710771,79.402320458071,76.05224622939642,85.86567122634433,85.21043944167879,86.02016213867152,88.7266922659092,91.87267580823111,79.71834855574868,91.53212845559756,68.19596847280033,80.41857840216394,82.9024736642625
10.1007_s11245-014-9294-z,74.91536277457872,88.33497058586299,81.219525561177,84.68387682423884,84.29500963241918,94.21517860900151,79.89527073514944,91.55514813852815,80.62593259366821,81.30918490368019,88.81799090478023,86.3387675106065,88.17911769282694,91.20047537462077,91.54343321056074,86.36823069780273,89.43607655321065,74.6824739474623,86.38761757207185,82.31598168798605
10.1007_s00182-015-0520-8,70.55969923299334,82.63264673059068,74.92760198399523,75.4917934497305,78.80334009173629,93.2984317415153,70.80613436898395,89.90224712952678,75.02006498051648,74.62001473264579,80.4137179764226,81.34007136525996,78.82904151764602,84.89209949220695,88.77791791412477,76.24954812283157,89.39775325630211,66.67644694240387,72.81680516683726,77.87939363487875
10.1086_684166,72.83924518645222,86.13678936007432,83.4146860952768,78.46391930919646,83.3867142524186,95.16825295706424,71.35324344758878,94.12959690527039,79.79084998454947,74.17572071138741,86.83589156889853,82.6017987849403,85.86910493581996,91.07575094397298,91.9300634700859,80.6927294083933,88.75031101159858,71.36187040370226,81.3302531212635,81.37987592566927
10.1371_journal.pone.0120394,65.0122337617778,72.34721549512464,66.57250036527543,64.67315793149001,69.47404502630738,81.49891611879659,65.39452232795665,78.06282513137937,68.41506766840469,65.86119616512052,70.1376847321079,71.31879349780066,70.7674557605137,75.49539063646715,83.05920457191317,70.10074380571741,80.07098102582232,57.35439615984034,66.84218115134274,73.00630193621643
10.1007_s00191-014-0375-3,70.71130031628824,80.74580488601795,72.91002215218315,67.0854789565758,75.06304663887437,91.41871101261249,68.94784280153009,86.92928673449121,73.99076322045592,70.41850289306694,79.53659236587187,79.82512846216066,76.4922046449622,84.00897270721363,87.06722548429704,76.1788169837634,88.06977780223653,60.0103016556581,71.4629356370866,77.39512955334635
10.3390_su5020560,70.27571622840387,81.71457711173652,75.55465722096096,74.05872441366533,76.50433308716023,93.6891311676127,70.09369347075364,88.32711584268465,75.11730620252273,71.65085838314158,80.881313678947,81.82022770343063,78.48455693120738,85.50980386093411,90.08932697950733,76.5305253006074,89.09515373291036,61.05302203768832,72.22699900728884,79.00196313085303
10.1111_j.1439-0310.2012.02075.x,73.44496297044778,85.08898566765927,77.68058361425076,74.19883846734523,78.76091662669086,92.90808511196866,71.74956313626613,90.38650138093438,76.95293576535093,74.13966601027103,81.82825407370338,82.66367992036706,81.62966018273926,87.1031923003635,89.74878074828688,77.25336487041771,90.42457492499989,66.89780231993426,76.72689983699489,80.88864044525513
10.1371_journal.pone.0041338,70.61256912553239,83.1131237242083,80.59726403649,76.1752117429665,78.25905606766385,93.42286231723911,71.37285875928913,89.36371076148447,75.9861795755945,75.75661865375659,80.05121251128023,81.83179431021352,82.30602058764424,86.10523815801963,89.85672002705,77.4960188207334,89.19500577135923,69.63060617705538,74.79332600343616,79.8265828649464
10.1007_978-3-642-18137-5_14,71.31113658455516,80.86528661527896,75.13228195190699,72.26541506566605,77.20814877942489,94.9764347577341,70.02435109378281,88.23597682205477,75.7029694621345,70.83856269945987,81.30549947673354,81.24272125018204,77.53770515398709,86.08891050306238,89.73204718592005,76.27383943937045,89.47414855466884,59.810196273098185,73.7123974775285,79.23210642405172
10.1111_j.1467-8462.2010.00607.x,70.26108180132375,80.36435178260905,73.22342171646982,68.79043373302207,76.41610882256226,93.96617073756273,69.12171920520667,87.83358881060573,74.79627662555936,70.35364692337852,79.79593880597223,81.10909043120482,78.92815655242369,84.90620169513312,89.03106563159622,75.2712958044789,88.33928387641473,60.18043474440111,72.37891641291188,77.95203045949575
10.1111_1468-0262.00230,71.56349642713026,99.99848946995415,99.56274887323943,93.80437279287317,97.94574198485154,96.00575892739363,84.3679782475966,99.16378445856871,80.81225387618944,99.51717915437213,92.67279082110582,99.98590664684413,99.7324176565543,91.95471276414457,92.00061011847521,96.85614991993596,93.01618907760538,97.8760267701705,98.04205754586373,84.53485574960452
10.1038_s41467-024-49505-5,70.97288114038678,82.9970378732501,78.06261172170315,74.11185826081503,76.64565499225284,93.37687520049897,72.6832121856755,90.70494475340368,75.35142225738858,71.74356317666363,79.28875097869772,80.94115546325907,81.95889522778467,85.38376646706787,89.57892587610426,77.62486610898277,89.41307384998642,64.13866743477801,73.47197970790229,80.41976974391427
10.1073_pnas.2322072121,69.61284649286905,80.57865627862182,73.55358238152998,67.14164989627777,74.64084762634177,92.76038537125633,68.25339615090485,87.11319354027509,73.53503008674356,70.14462023850479,78.7448634016815,79.68269591066283,76.5371871669935,81.04023983350586,87.43703301796188,76.19467507173064,86.13251985015211,60.960544034555596,70.69964361108235,78.10449377526369
10.1038_s41598-023-41886-9,70.26656782631788,80.75153304256911,74.62926405557424,67.06427301265524,75.92965985970856,92.10464527690795,68.84934693997982,88.12707810424152,75.2911932755506,70.58523872662832,79.76807090760913,79.59861818592518,77.28530271762617,83.29933363160178,88.21072418724788,76.40027216021832,88.00106480670227,61.171004905088026,72.89965889105055,78.7022820609044
10.1017_ehs.2023.15,70.30729766227958,83.06323372175432,74.13259292903244,68.54061594982026,76.76585047174744,94.87880128768109,68.95312512404458,89.06553980720203,75.65208041275444,72.93296087942211,80.25956894185789,81.1087157844546,78.03457315920038,88.99781718754113,89.4287474218645,75.84001620943613,89.27899269029321,61.07359008841945,71.91995665049222,80.13993471485367
10.1038_s41598-023-33167-2,69.49148624834685,85.2541412787389,75.7096373693327,71.9632312080225,75.44609024271179,88.18470367534208,73.21636242839206,84.44663195884252,72.30007742678212,74.279386444234,84.12433048231689,78.1542722079146,76.0416905974536,81.21873126572264,88.1598346091287,76.48700061444063,86.55539135066253,61.28521850194401,71.74603634237859,79.82280685939021
10.1093_jaarel_lfad001,71.32969979386742,81.29729472599399,75.4216713351634,69.5298200722692,76.51021991014375,92.88452977067826,69.5394554894883,88.42659494290305,74.7131685766164,70.47043773001903,80.08574762971931,80.82111587101781,77.2853713892967,84.63295466886375,89.46288148050114,76.64926622382185,88.55432737983023,61.7005948654216,72.42946858198357,78.95172803059042
10.1111_ajae.12372,76.86845015532744,85.42195854423784,77.47767147437176,73.6658602060385,78.32310611937051,94.71965166951699,76.01021276547159,91.46146561143081,78.69909573984788,75.08025035513799,85.4899467395239,82.72636488389358,83.95995735519966,87.66331267571336,91.42607034383583,79.9798133523947,91.62998213873676,69.04391835613171,79.95494713767611,82.08173896112055
10.1007_s13752-022-00397-y,70.91160190023285,81.87425708916373,75.83363979367377,77.0582818895909,76.8028039930404,93.77505017896583,70.16612793618742,88.63533043739403,75.10810496709783,72.24552252193064,80.79301498758572,80.76646405807318,81.77723004202585,84.44860619416856,89.79815494749494,77.56916675667378,89.27933596436002,62.40778116533579,74.67975559353981,79.72359572458734
10.1371_journal.pone.0267251,72.96815145355512,85.99136506092113,78.999999999122,72.00000006506008,79.99999999831155,95.96997516327458,73.74932121459445,91.99999979994337,79.00000144661627,75.99999999972883,84.99680338195738,83.38276412696388,81.8643771996753,88.98901125493002,91.95794815209644,81.0000000312926,90.7633848582279,65.0001325895955,77.00000136851419,81.66313005753405
10.1002_ird.2704,67.32734231218134,77.95097416737718,70.12436424121293,64.32125383880863,71.33407163760094,88.64395418089487,66.968913480259,84.22918503072407,70.56785700228265,68.00997310130955,75.63590585575884,77.41777614505982,72.36932429322323,79.52968364503566,84.72531354884549,72.26408255420411,84.0379761513914,57.505381377801875,66.72816980560528,75.92451558179668
10.1142_s0129183121501278,70.81783996206126,82.79289618184369,75.28654100953895,68.11453853246715,77.17232289905604,94.69612113015843,70.67807145372107,88.41035182774861,75.6122410124527,71.31665731505956,79.94480145655737,81.48726013759357,77.33919793782317,85.96585261989048,89.13885494024599,77.88078381252913,89.09148587561552,61.3350870522695,73.65657050044658,78.72400177709318
10.1038_s41598-021-97001-3,68.48230055277035,81.85248377638015,97.72357485785253,96.80105997160125,97.40469361059469,90.87740970793791,76.56801095208857,94.4268062194548,89.49692409315912,98.63913294941845,79.73953395418071,91.1603159982466,95.72430175526833,93.0286416563801,93.72903087884588,93.08779830494139,84.69671426796523,85.64165998018319,85.04510614716587,96.86602790052795
10.1086_717102,77.09497674454424,87.57381323613457,81.19059582936332,75.1316455219032,81.97960668549595,95.19187915894582,77.12649597123551,93.17793343720581,78.66960236474189,77.91879619381757,86.68304812158595,85.50345623254165,84.92456183906735,90.46767743227618,92.65555616356188,82.12630895727783,92.59634117227093,68.6771701536377,80.18952167057084,84.58883832852024
10.1007_s00191-021-00739-2,68.95442835407943,79.03862420768445,72.72433774378165,65.60576113091106,74.0434956214971,90.5748355399719,67.4184071051,85.0864637678827,73.24030839789037,68.23114175299969,80.30833708040124,77.90141292667677,75.8882332629067,80.22696889257936,87.72063703064222,73.70408471840098,84.80625748608276,57.582964865780646,69.86678901804426,77.54779969625216
10.1111_vox.13088,72.08182650409655,81.5538230585837,74.81351117498666,68.44147888842461,77.1301071463188,93.57114688685881,70.50411052054423,88.56727847063733,75.82675320059207,73.99234061477738,81.31642852333,82.18744234216862,77.86678208623073,86.3430993306869,89.31147688454091,77.10990029849553,89.09046704576079,61.459835533024695,72.97547982497257,80.38398013288821
10.1038_s41598-021-87019-y,69.53844815547693,82.15264356835348,74.4196341985997,66.6280951351334,77.70142396867917,95.13256389970796,68.64038021728307,89.49533721218782,75.1617359738696,69.40376246896426,79.79349965726442,80.53980552944002,76.5408059924549,85.92465903667396,90.49011598882494,77.38733098968449,89.92036622605633,60.296945857459,72.44680990935719,80.99275688240004
10.1038_s41598-021-86668-3,69.97727774510079,81.98764435799306,82.24685511503023,78.88540126820345,81.29978094263105,94.09667052916933,70.73080874474175,89.06577199103566,78.12155770494391,76.25351432207724,81.47433274452776,85.76951849090003,83.26910393596113,89.17462067011013,88.87047342269813,77.62800188873753,88.67787979387415,69.04788120015304,76.3386250178499,81.454187737279
10.1007_s11127-020-00868-5,70.71264645986255,82.94350532688843,75.23222002082757,68.39631692095529,76.08226247832738,93.12243742205237,70.94439270818934,88.82134381910289,76.43858160445323,71.51656689275967,79.64586917357842,81.75555281976138,77.83936728217151,85.82402420207195,88.83381914938117,77.53555289969133,87.84564866975946,61.42927383949958,73.20516167390855,79.92082282822844
10.1007_s11229-020-02890-y,70.73181927462171,81.08191921781672,74.99271321261618,70.58434930741139,76.10970240124598,93.54163477713747,69.27993037236244,87.87232037354687,74.87039368808506,69.82944453991207,79.93118903145343,81.29461549087645,77.55936016114353,83.36187055962459,89.29409691860565,75.26654009335492,87.94500178221463,62.60647541178116,72.17880267385314,78.39244889914438
10.1371_journal.pone.0236544,71.88577112213342,81.47215334918886,75.71123809666068,69.0313020748656,76.70644399095802,93.15634261933513,71.0624522668995,87.75848356658216,76.48322866476119,72.87847696633709,80.99897189068462,81.57445538741892,77.23083518972591,85.20648451668033,88.7745991596257,78.67721150684673,89.3403368271597,61.1675187359335,72.52937013078362,79.71669570995954
10.1007_s10640-020-00419-y,82.69290246601011,92.4113468758441,88.45929969070092,84.26169165818901,88.12839441403202,97.446497423047,83.97104417704666,95.92307471071395,86.78545993589863,84.45523839859938,90.8292417093823,90.8797972542461,89.34263250187885,93.85730464907225,95.46076083458016,88.44360304977216,95.8522101819634,77.70527935300476,85.07735674855704,88.75059306192742
10.3389_fnins.2019.01160,70.36285345112837,80.83853410533426,74.80435542723576,68.10311570300786,76.42477202065628,92.60572140000497,69.1919043543496,88.41502639126229,75.37455373536875,71.66145524610809,79.86605182446728,81.31586966772726,77.25581843861676,84.55901937589778,89.71732797039985,77.28442719061684,89.27774702352794,60.91520978620607,71.65983841995887,78.53506651105589
10.1093_jleo_ewz004,70.8710633972552,85.5430427972685,75.6663983210253,72.9669579034545,77.23589384659309,93.78669936889173,70.91054520166341,90.98900145266782,76.73735068217427,72.01752526767268,83.96196571273008,82.34769205800575,81.15717230774062,86.0774108261159,91.4084365102638,77.78185312603517,89.16500534134028,63.45192945342314,74.28906669609879,80.74023775784217
10.1007_s10657-019-09615-8,72.50856176613514,85.99297671651411,76.64154836802797,69.52346941446893,77.70611081189838,95.7127611247039,71.90819328925757,89.5461730002498,77.69992447475126,73.18277831331926,82.08318535680186,84.96857934431833,80.8171123535898,88.82730551317391,90.17827688464541,80.63900662300418,90.99234171794863,62.80223861446844,73.91300660382447,80.77750237556366
10.1080_15534510.2019.1641147,71.16328884079965,81.36247668987963,74.36495518940824,68.41535955922751,76.21522360333348,91.38330322670025,70.31862478173537,87.89884892226465,74.73449954419569,71.2859894319148,80.11860766900489,80.75991765918555,77.43146506568648,84.40866031617523,88.16417291700425,76.50849526232773,88.02947748516664,61.51745343018562,72.43134539552277,78.20828053913166
10.1038_s41598-018-38323-7,77.91644649080389,91.26588857234583,87.32779931633198,83.9346109444389,85.29917476522475,95.28593979625336,79.45537311970249,96.49714219194504,82.26180594067439,83.10015225740453,89.84298421543878,91.2494031916879,89.22146612995716,92.28655975053489,92.13794438990918,87.49189273945213,94.90882823100674,74.25147935958995,86.26735092850979,83.55896200776724
10.1371_journal.pone.0166437,72.235926443273,84.15657696875056,81.00635349761681,76.36984691253296,77.21413019873128,95.38043692004929,77.1833948460201,92.57674731709669,77.19230047144808,75.5834734190429,84.65824555427731,86.32815892330478,84.08082199546452,88.94260990431975,89.77495765846705,77.33395549581066,89.58789534829171,68.26553358656523,77.02127232466381,81.05187900890068
10.1515_amcs-2015-0054,68.74829608743838,81.06526422701846,73.74301483500277,70.86446316082434,76.4718828984382,93.24160359204319,68.99931569681546,88.49986527638043,73.5432108944598,69.4744709621652,79.88877533950422,79.88792618215314,76.6963433587478,85.16639142718742,89.70993623138614,74.75249632279593,87.58830795075097,60.53075375453475,72.87543705347882,78.19265371697502
10.1111_1468-0106.12034,78.75547040054067,84.90499475027664,84.04048731808406,82.34494987306434,84.0599298656305,96.37292962481786,68.8012968687906,93.18057351144395,80.95901382247285,79.7113109266229,81.08459253520505,85.31297504011263,86.851112694132,91.62415407495472,93.09672909190355,85.27199843572308,90.04272237536331,72.3826718429053,81.67971160748883,85.74596037261779
10.1007_s11284-013-1066-5,81.58244396435609,92.5147725967847,93.17924162065002,88.78011699076308,91.85670544655025,96.03326878162423,86.23673509676833,96.06323674652134,83.89363625384964,87.23758914056836,89.96862360745398,92.93456736467913,89.5049576610438,92.12308595356545,94.15981406154239,90.35018501951456,93.23443326728082,82.76265712209327,90.55362644688829,87.68235702146043
10.1007_978-3-642-13983-3_11,69.91574315428137,81.82852532668154,74.29666654584172,72.26651101066446,76.41610882256226,94.04319055821315,69.3620471494525,88.06282993887717,74.34494886002169,70.50438293088911,79.79593880597223,80.78471512247802,78.52094409917606,85.2955660519176,89.47370272560222,75.17505970861794,88.34138222470293,60.78074014104275,72.40016727509455,77.78312285216109
10.1007_s11127-007-9269-3,69.1389681928452,79.81419434867725,74.18140863641133,68.0588826023129,74.89730613764581,92.0755431776233,68.78247805357385,87.79734842664685,73.40859363277664,70.39482150210794,78.98584302723349,78.80919608970571,76.73593420271447,83.51597816116715,88.46680040041238,75.76509929442118,87.7149424342486,60.89187323817173,72.32648881300021,77.54818168215826
10.1007_978-0-387-72596-3_8,69.96292328098446,80.5371598970364,73.27025819679756,72.4101972766616,76.45684708147932,93.0525734997406,69.35221581250109,89.16375419513375,74.18561592128127,70.50438293088911,79.51211124116246,80.89564109577928,78.25986870254386,84.90620169513312,89.03106563159622,75.17505970861794,88.79590218092893,60.18130611373003,73.5303183673055,78.13856486344201
10.1111_j.0021-9029.2006.00042.x,74.82448698497761,88.64604730010025,82.91663636345329,76.45009522753108,82.58933589691124,94.94711230574441,77.15427801059828,92.17242120547863,81.79244611407539,78.2459997087049,85.67304323367054,86.82279382354102,85.19107098145845,90.35242800440824,91.40625110949114,84.48194868236455,90.94486136724055,68.27305610773405,81.34485310722549,83.57293095466447
10.1063_5.0215702,68.90034645062867,79.93680031326538,75.14322186390993,69.7294404586112,75.71391567087589,90.71220150908948,68.64576674226225,87.9534131413516,73.75220177498949,69.22506326580931,78.04772450630458,79.47922321641289,77.40646146977514,83.24176426290472,86.67484785906424,75.78769798821914,86.9425007049529,63.508232106061016,72.12653373443534,77.52700060289186
10.1017_s0007123423000716,70.20202969517429,81.1790916787685,75.55571729658386,68.28171595560208,76.4587535259922,94.05421263686542,69.88182343007323,88.34707568597273,73.84013233788237,71.26794944136698,80.68904669600654,80.84396199806424,78.43542878709214,84.87116336746105,88.79885032588294,76.83719538256756,88.70978109453507,62.79370897898301,73.48439291601956,79.90360833208766
10.1038_s41598-023-50414-8,71.80692241412329,84.37431794636552,75.70005469968804,71.37906314219532,77.61430185115597,93.77047360644052,69.60390206610327,88.87518964630802,75.73897718010633,72.69414853290587,80.60690363084403,81.44006664575537,79.68442760951989,86.3915799782096,89.85597045591317,78.14275560572148,89.3475959224286,64.26227383929961,72.9471167854561,80.14410057183208
10.3389_fpsyg.2023.1251276,70.34204116984517,81.64244953035575,73.44791045128822,67.02268461865349,76.14765956443546,92.81056403894097,69.96741791906175,88.47698956828982,75.61170494661103,69.59344185779163,80.4347591204659,81.50466309539691,77.39853584017203,85.74014011946528,88.86485177960962,76.47054232860704,89.07269727778593,60.259206884820614,72.00063137862446,79.37401555145657
10.1007_s10539-023-09929-7,69.31864045436753,81.19289635000213,75.81408210524577,68.10775380030782,76.19615679740534,93.4090811185343,68.81618912251622,88.31495813331233,74.7028419557743,70.61006955189198,79.92536176660111,80.76659053704974,77.0517375641444,83.25227906366757,89.11900057580914,74.25671681413469,87.99343311352769,59.996454312230945,70.77987496317706,78.82981369820087
10.3389_fpsyg.2023.1198797,70.54098421524944,81.42603996995824,72.43320394019733,67.01353812212294,75.60181827461771,92.58544091571804,69.57801096884587,87.78188805643344,73.26973320374053,70.75327949560423,79.48616984785552,80.47466704903819,76.28316887375706,83.53526405706572,88.3853726585841,76.54576726806253,88.03802979166149,59.91580028525314,71.49147957318813,77.58202009095719
10.1007_s11238-023-09929-9,72.21341996011074,90.29195680674961,82.96690227999481,78.72299359216743,83.10853841170368,93.59291184823124,77.8272529865478,94.66202566087338,83.00486262712337,80.781697727091,87.7563607301323,87.14101941639818,87.11020238140945,90.94070806961157,92.6728741167127,84.77647405355296,90.18834137354146,71.14618664920468,82.93766590572348,85.50768660480512
10.1093_pnasnexus_pgad054,72.7517869104662,83.98644294865406,77.44214636098476,71.93655947800578,79.93423309464613,95.83538001524164,73.1066519527225,90.60691072336277,77.10909403535707,74.97451302376433,82.84261056978785,82.38124936397145,79.96134003507463,88.32036748785467,91.90229948176122,79.34293728203065,90.18247360438832,64.59412365505987,76.69818844177786,81.9341624407951
10.1371_journal.pone.0275383,76.25640641182282,84.32520942099683,79.16514327046708,72.08875397289077,80.19783366700102,95.25579027568452,75.32354756954396,91.7831988722203,79.06267739011602,75.46136212522761,84.90865270950238,84.7389889335376,81.56142139926884,87.50070896907636,91.60604174921586,81.00274807727469,91.61772649794042,65.27602092200816,77.28030420672646,82.64416959938791
10.1057_s41599-022-01436-6,67.37185657527216,78.37225967985233,70.69601497392519,64.35290948164112,72.06738268358973,89.26210235181759,66.57686442157328,85.3035065269108,69.95343164499211,66.9576046539224,76.4898008069889,76.55286982552684,73.37949913549791,79.44178858973059,84.70999438072757,74.26570388779662,85.18955501373745,57.285639887273035,67.76852589441143,74.45101712221734
10.3390_ijerph192416578,70.04453452702985,80.69784222486089,74.50420355423819,68.36674571948883,76.71102241416494,92.3115534640657,69.91071219352422,87.62651009658302,74.6568298223664,72.59253313304711,80.14397798552275,80.42693948611023,77.58331264696018,85.08313557870554,88.04121267845942,76.28681271950012,87.4686824312006,60.60462083482369,72.52426548613326,79.53781958923132
10.3390_su141912809,71.22126928858636,83.08885978776104,79.53515737418284,73.7084015005022,77.30535547936013,93.77073563999842,70.12735958702068,88.41489181806398,75.85423105357073,72.41339949867454,81.46062813778907,82.38572926997465,78.98506538245086,84.94312581932093,88.84197700555839,76.52434502725689,89.3926309332808,68.64819175531908,74.53133149042637,80.42789323618135
10.1038_s41598-022-18797-2,69.01564402143333,81.08468326955644,74.84039663955392,70.33772461008562,77.18027529428166,92.73976197136592,68.50564430382965,87.82598688436181,76.5557207627314,71.85119648352752,78.25122468813454,81.67988570207454,76.256233317215,82.80628570180646,88.02810295121056,75.44947387893725,88.16474282273663,60.85387829978275,72.49230295679557,79.52184529209238
10.3390_e24091289,71.22242532704638,83.33390913035272,76.55959937017946,72.45876018857825,76.70894128909532,93.52802772860336,73.40038572039863,88.8193587672452,75.59709353451981,73.19116255613274,80.7106797666965,81.3998661750455,81.13007158485746,86.50119804708929,89.72757792029617,77.20519321386116,89.22784250286844,66.37864898651164,76.84813516449795,80.57362673726404
10.3389_fpsyg.2022.794953,70.43642022530062,81.65705358448834,76.5130312146859,69.61776424576244,77.46982640464597,94.12379985746183,70.13395330944627,89.86578161314009,75.45187416342765,71.89052911046198,80.43481785461044,81.70626797525645,77.66720278923724,86.41322241660784,89.26930710498247,77.20346501235741,88.71309355583875,61.363658075850644,72.3698979143012,80.08777774125399
10.1007_s11238-021-09864-7,72.35103853849509,82.59127976167362,76.43041398456519,71.09356795567066,77.94492710662136,93.86949683245928,73.04479440512145,89.18714280488221,78.03972198332623,75.14245710670616,82.74518752959048,82.56861406458286,78.94740600208088,87.75355449116171,89.79413590638543,78.22079434930819,90.3197203411071,62.58656873174132,75.76354338422885,80.40206384464256
10.6092_issn.1971-8853_14196,69.55772167675102,81.58265164338165,74.97742555655122,67.68551609319897,78.3820034762336,93.98178818875098,70.09519385749441,88.3089158246532,75.73577387164796,71.57979032231066,79.81623737874321,80.82935471131435,78.15582342805317,85.35463015785226,88.74344813849477,76.9049954674653,89.08922234918822,61.13370160884989,73.13840949146586,79.08683005914568
10.6092_issn.1971-8853_13764,69.67936059782492,81.22778865558767,74.24196405184261,67.17559336369473,76.47633024038541,92.77060688038235,69.4818268228418,87.40357851895881,74.91649659733405,71.81251926247363,80.35286882763661,80.375535032027,77.89332103681025,84.50600064068234,88.48798632166331,75.86876299845807,88.63094813361629,61.1735952857329,71.8070073907378,78.66384854492216
10.1007_s10640-021-00591-9,72.74621612009351,83.53223308259987,76.57057985915499,70.26903065350609,77.61854808064604,93.2313450983612,73.66813949899755,89.53375520025675,76.64026658428247,73.55291119390112,82.35783975409893,82.28987793809002,79.81741788498219,86.7192828338457,89.18272440583837,79.14155268897261,90.132210883863,63.17255114375539,74.2880958111161,80.67436110456694
10.3389_fpsyg.2021.681664,70.41316748989708,81.48092740090995,74.46362024909627,66.99452018735789,76.26628691236917,93.99125464113031,70.44411776220718,88.28673214226743,74.10330828880053,70.84960320885689,81.10077967083697,81.37632205053987,76.97397279332488,84.27441242690023,88.74838783815346,76.2736691487238,89.1246630652754,60.564431624367,72.31521981588173,78.67462191918409
10.3390_g12020041,69.87981226981407,80.6119758892855,75.401768352682,69.08119060341454,76.28373518079009,92.98397805261034,69.27629809194119,87.49350716880657,74.26946969915869,70.79583713753077,79.751805703724,81.00626986381592,77.12430447662918,83.88391221018439,89.19581545108898,75.64062612868216,88.65537584594684,59.78687582010696,70.19253154612461,78.83388121472073
10.3390_g12010017,89.51786184331905,96.36449949368239,92.53674633054821,90.04528185800021,94.13916725064848,98.4390757148374,90.07464462856628,97.1108268082902,91.6128141814864,88.84695641076932,92.87619577996534,95.057662004242,93.19314784284641,95.08373135328833,96.92981129001771,93.79544730805088,97.01099934689384,90.24046437910837,91.82993760432034,91.05483527225869
10.3390_g11040045,68.62484923540381,79.3434687943219,73.25774907752334,66.88208658484709,75.18527649127695,91.04027179073664,69.02083263126083,86.86539541774498,73.64671926033131,69.33703263173147,78.54544784213248,78.69806617596745,75.60079643030622,82.73947305564973,87.09318082648763,75.52880634644593,85.75389361723332,59.222206962182675,68.92324162983681,78.12199133681362
10.1103_PhysRevE.102.052414,69.68497695986953,80.57386773390338,74.8431521802312,73.04975171945739,77.22057119813239,93.87196026593975,69.57123502805695,88.33362657533353,76.16990364923004,71.36756703011876,80.2833230247842,81.30127700166139,78.3023789609066,84.29812301524348,88.77496639108668,76.86935186077092,88.20126779444328,61.22424904063701,75.16445814096359,78.85660561046924
10.1371_journal.pone.0240324,76.2189539672227,86.60482833484653,79.77932627318047,72.20267484777933,80.25009666427675,96.00521055522219,75.39641798695985,92.2290599260181,80.2086472136609,76.16659041419454,85.69312787941406,85.20191323605056,82.66664080942333,89.24185061013469,92.023061410558,81.69374948227382,93.01337430173076,67.29242057836676,78.26132621601387,83.11865736546471
10.1007_s40822-020-00144-3,71.41650914473173,83.16460867608573,77.20094944480911,77.16728419140742,77.64019054525434,94.6178716511315,76.16656552031094,91.3475656026793,77.60141338281517,76.02850115560321,85.13743504335734,86.37519050822597,85.32373039885263,87.7095879096137,89.76703082803833,83.66144452793773,90.04738198403875,68.97749120569429,81.3036591137526,81.00098498884127
10.1007_s10479-017-2412-8,72.2597809648551,87.3646310761609,84.41374244218486,77.15936235023216,83.36205173653863,95.49693499177833,75.09454115907816,92.14520826848897,82.92209619145598,75.8009573762638,81.96309927620014,86.53772624871212,85.3700628733018,91.28855445179904,92.91002416260822,84.13852116664538,89.61810643568363,69.78489271849608,80.76377714328297,85.72771756500359
10.1111_soin.12218,71.83628894314138,83.44673766403379,74.59538819526065,70.34577457735371,77.09133914770081,94.66381605624676,69.57639211099412,90.30705568851293,76.42114243360545,73.00781698786734,80.74260501553229,80.83750164361778,78.87159487310836,85.81794390055352,90.23976150181761,78.62538111508876,89.3125829412322,60.912989114647566,72.91450280801595,80.36664084331179
10.1007_978-981-13-2769-8_2,70.2753293424013,81.83807203105144,73.28621968412465,70.91696917722047,76.74113986126297,93.0525734997406,69.35221581250109,89.17965486893969,74.1957823853796,70.47185696884095,80.53518735385703,80.81476916375412,78.92815655242369,84.90654209308987,89.285444324845,75.17505964250448,88.26141170098101,60.18043474440111,71.47042348575654,78.13850322040696
10.1038_s41598-017-17481-0,70.21049775792945,81.30611287244751,73.67676136778272,66.93038524912815,74.74156735854093,91.5775340889871,69.00024519092277,87.65201347712942,73.48827752029953,69.55202856394588,80.09613239649637,79.19673471384029,77.11205627841652,84.72691947366735,87.58618797009939,76.10378078746332,87.33725577335524,59.8983710676332,71.15490958049077,77.59599120904743
10.1111_soc4.12478,71.40033056804762,83.0603809404286,76.06054186329825,76.53582110504563,78.1152771111308,94.5386565933924,71.97183618461769,91.47362210876489,78.35489245115853,73.29239078421732,82.0129207601668,83.94719782780425,82.53358456093471,85.82996728807353,89.55512869468915,78.00240605102869,89.84657552235723,67.0985278741253,75.87966373209031,80.23759604911238
10.1007_s10588-015-9205-x,71.09911634439683,82.99713965368827,75.24153482860885,71.18742273404597,77.58637179973225,94.34170322469348,71.20942214185254,88.67141358823967,76.47880261358208,72.36793385021667,81.58451199297583,81.72578245917148,78.1385181637731,85.76962481252403,90.88752997531098,77.48692780263163,90.01286681507504,66.29916671862313,73.65305350605308,79.96920457606596
10.1007_s10955-012-0661-0,74.94101927753903,88.66605434245567,78.40614715073951,82.15567002848555,80.11448120420394,95.77097077502181,76.15321820548466,92.09470956470857,76.99499082447397,76.62464592370516,85.08863914131459,84.4550276158933,87.34974421533869,89.40657542938051,91.99944743126048,81.43568281813198,91.88194989558299,76.87360207217644,83.15793497993266,83.15130030194047
10.1111_j.1468-5876.2011.00544.x,99.99999840888488,99.99999999793846,99.99999987613172,99.99981040133336,99.99999992756302,99.99997240648115,99.99999994796194,99.99983247109387,99.9999859610657,99.99957356680841,99.99999975912324,99.99999959910521,99.99983446375509,99.99999960594867,99.99999521203151,99.99999959142053,99.99999994678768,99.99987978120056,99.99999788958645,99.99999183804417
10.1080_13504851.2011.572844,72.89423296093048,83.24749400786294,75.86062121055889,70.32066870960672,79.92952382180022,95.84601682262971,72.72022519164479,89.56885395069253,76.9780069786976,75.29097201883964,82.32207167253227,82.20833510063505,80.82698873200737,86.82967226036143,90.72924180279635,80.89191890612246,91.2061850153741,62.21714066865119,74.9888796011768,80.55760691867883
10.1186_1471-2148-11-345,76.560698789643,85.26508979794922,81.72801657869792,77.49155166470976,83.31673385012255,93.97419618972361,76.20714265357098,93.04618400566122,80.01577453493276,80.21400994666176,85.06780397136143,86.13857974435044,85.56782561744318,87.83390544250013,92.01084152245345,82.08466130785486,90.88359689960689,79.70819857932823,83.13794962108992,81.68718812025621
10.1007_978-3-642-00128-4_6,70.2330554383608,81.74678139044539,74.36337563547656,71.85567310680564,76.45458630724582,94.31089769112528,69.08957793690915,87.74879397439305,73.57683933356537,68.91164813329885,79.34219662262359,79.88140669435984,76.58222448205635,84.64649234392974,89.3161528079706,75.68573961148509,88.28343447349312,60.52723155798255,71.32405596431369,79.08737903189956
10.1525_sop.2004.47.1.109,63.22921118118865,77.58549817285112,69.94931002704855,71.63454942649999,69.02228988216616,87.38413756939742,62.63989423658198,84.98806795520045,66.17449108778679,63.8495917706046,75.83972180217579,70.76751335854136,72.67610475213296,78.39307156004915,82.18205684401366,66.59772604111615,79.90859382093306,51.20037115636859,68.5081582929213,68.47988623074764
10.1007_s001820050124,69.4508205995249,81.14864658823292,74.50000402142847,70.05114230235665,74.21771534938698,93.12749838377425,69.47218907219491,88.13363629642733,75.57114648373557,70.16149768339838,80.0362637769343,80.29220975798209,77.37960661925942,85.71830660421027,89.40334196386348,76.77255918435421,88.00944970674234,61.198748824332554,71.04007533140327,78.61950486979201
10.1007_s10668-024-05335-5,72.68302329747283,85.9545347484781,83.72278748386236,78.00982007200261,83.23671663234656,95.58227650427737,76.61076627476434,89.22149224131222,81.07916204613498,79.55742362702483,84.08886921843032,87.3074698836441,84.2495375886394,84.64806144977436,92.61101034450242,84.62917339361447,90.74917746344717,69.33622671607132,75.87660646937492,83.94060971087167
10.1103_PhysRevE.110.034301,71.93834938067269,84.78666246535313,82.55073247778763,75.5007198513167,80.7954894311014,95.99278742393774,73.26495369130794,88.91360713769515,79.01299546557587,77.8875656266498,81.4261814855277,85.0885538516908,78.56139700467847,90.53270755613727,91.37359750843284,79.81503193933295,88.64875310331249,65.5220128423808,73.84618127225359,83.04958800039755
10.1007_s11538-024-01344-7,70.1898973628871,81.45164363080417,75.15449211954977,68.71518496657546,77.0774271412508,93.33161694814562,69.9528281480764,88.7526673118718,75.66518525732147,71.38924335954019,80.28683849026136,81.25406177379394,77.98901411625539,85.58161604525876,89.1101705802195,77.16154489332393,89.64879845177221,61.181462676146836,73.10482020028336,79.05903819541996
10.1371_journal.pone.0307832,71.62749102129565,81.0758891618004,74.75545887693818,70.4971359974734,77.08501585076837,93.00184833869083,69.18974490084423,88.73243081764058,76.57135662828928,71.03564439418048,80.61251556286858,81.72990910773625,78.70778861609966,86.5422182472517,89.07685002113651,76.2813168762166,88.73855863415646,61.009393819796934,75.55194439435867,78.25315911386356
10.3390_bs14080638,69.63661148611753,77.53596350949918,71.17760921020772,66.7247984682252,74.26588949329629,88.74051684685269,68.33525695617294,84.6732995447705,73.87375086006088,67.71319242611122,78.2720430901421,79.25295739937678,75.94604161085213,80.4503223099662,85.86084237560321,74.82697226103099,85.6734605904427,60.1155643004106,70.31173338852663,76.08000962445904
10.3390_bs14070601,82.86856634525313,92.14072827361458,88.95734989862649,85.69581977461583,88.41549569660226,97.0783963083434,83.09186375134102,95.67110711100219,86.03205677649026,83.81530571951129,90.21422237439232,90.84277654574625,90.18725800715347,92.39586408538327,94.18981629262757,88.20213718551916,95.59104195642348,76.08128173095838,87.16929666255602,87.53081883512739
10.1126_sciadv.adm7968,70.13228137459193,80.02492785400526,74.02848781950098,66.69154643386351,74.94558550602497,92.52729152173174,68.22964521564151,86.15720065802792,74.23270578395942,70.1807752449458,77.92301108549678,79.8676016967322,75.91050672562226,82.42395628464213,87.97181500335738,75.89761369549299,88.11830853320254,59.75102031468148,71.92781808649593,78.02641620671186
10.1080_13504851.2024.2363290,71.42467532099279,81.86500276695723,75.20691718475581,69.43696204660341,76.58170665048547,93.59007019487136,69.4240333005566,88.60705831352325,76.14294219725765,70.82989781105756,80.76820388261342,80.45706148609882,77.13643087128155,82.83149003255954,88.91086684303761,76.67867391381846,88.8586760255322,60.49687813625694,71.07716374333293,79.86408488338415
10.3390_g15030016,76.00837720540218,88.18509245380648,82.23174821480927,76.12261436096337,80.90904391938061,95.98413597585511,76.49369512598179,92.73973339322745,80.20039964490586,77.56497785674966,83.93643344281607,85.62664024108729,85.50418229289338,90.61328801258708,92.05213018868481,82.78334496819791,91.31821300977627,67.68725925399023,78.92423158695523,81.5010884864485
10.1093_pnasnexus_pgae200,70.34263040321585,80.6426494181403,76.03278946204598,67.81512647529354,75.51611946135515,92.79650714890548,71.18318283029681,88.63605852994763,74.57878799991728,71.63132128649062,81.00838392441995,80.69388517337605,77.76974474893245,84.6453671726573,88.50381985960128,76.78519863750584,88.04091356231476,61.3310780278783,77.84038992625393,77.84035860926645
10.1103_PhysRevE.109.054303,70.36138883320841,80.66259492255317,74.82966540946826,67.45025294035966,75.32054379871028,92.30464331377443,68.83068159768123,87.56130246690945,73.72665483861178,69.93375216880905,79.52832762202968,81.51366083924093,77.42627912890778,82.34373462771096,88.39308764905532,76.24410552093944,88.41162129792977,59.89054547616558,71.50448243182319,78.28215462240937
10.1017_ehs.2024.18,69.15260919831223,81.5146541298861,73.47559595163311,67.50892072662636,76.26004734332555,92.5049066182269,68.94415160865351,87.45639050002828,74.8872717148469,71.52384583779968,79.88454264282578,80.81852519352906,76.63186223682158,83.48774544521977,89.07368575026159,76.25288950949272,87.63240320863173,60.623241616073116,71.71011554720374,77.44161691899507
10.1038_s41598-024-57842-0,78.73825331863111,92.16306017879134,91.20127734842214,88.27838140994724,89.1452885136336,95.99083054205306,84.4477592644035,95.96515906042669,83.91153117154734,86.48063186381225,91.64416901324637,90.7440563050556,91.3337138657948,92.43553898629601,94.00481841379684,86.09045634542997,92.96669639701256,83.5947916104355,89.77118175685506,89.492912758887
10.1007_s40881-023-00159-x,73.48248862222653,83.28090643707725,76.61422521863378,69.22950815682118,77.01703371733096,93.74008023701364,72.37846612422858,89.2135568727769,76.43300812384271,72.896540384098,82.13632408774953,82.11923768960452,78.84837600497455,86.4139849710428,89.27224042649264,78.56659786094903,90.6509381087275,62.38327159357008,74.38252081417114,80.32970663466992
10.1007_s11238-024-09977-9,70.52215556621437,80.56781049105962,74.82647760952918,67.35691545940445,75.43924757939033,91.3838132826109,69.4662264141227,86.45748954560722,74.11938439640878,70.67477354411899,79.38718856963085,79.95410850421896,76.74282774867092,83.62947428809618,87.77768078051066,76.4493916788136,87.26514384864221,60.765345197724365,71.63675438915486,78.27711831406761
10.1007_s40881-023-00157-z,71.78531256628445,84.10882053416277,74.90743171176553,69.21128503676215,76.53057650118095,92.81468245204101,71.10204864345249,89.28363437743863,75.64544377157102,71.74090736782259,80.93173622223222,80.73269360012067,78.66124836393212,85.61372001586118,89.36239603529746,75.83701604289733,89.23156528064708,62.486810729037366,72.84780442644912,78.32927691878528
10.1111_exsy.13527,69.91017380036558,80.89297805598976,70.48754331307414,67.83224213652956,76.35421995225455,93.01075205023805,68.7785381412426,88.4677969415656,74.063277985214,69.2203655833247,79.64723591525467,79.17838059193099,77.53201321054082,84.00412831245185,88.8524548017758,76.56354037064423,88.06723612017123,59.91452656630973,70.84409246788134,77.22150908414814
10.1007_s40881-023-00153-3,84.35805484091048,92.63713423193786,85.65938079881288,84.3700250238277,85.19922862071647,95.1895116209002,84.40344675689948,96.10993774464522,86.76610132627687,86.83735176242159,91.56814771444533,91.81475962866938,90.27625124812258,94.34504567156885,94.55109138216673,89.08901605966791,93.76283498783333,79.94719639232419,87.19498605813193,90.29807770065992
10.3390_bs14010039,74.34748350994941,87.95004138452941,81.04549067361641,75.7627166375479,81.69045183003553,95.6030191468015,77.78773309659799,93.93898695375486,80.92103098563967,78.1457793490425,86.70093320866322,84.10221853369846,84.99587603113234,90.56038410102194,92.17566158452414,84.2209773671423,92.62797505052157,69.10892212874921,81.31451346595338,84.47892859608707
10.1017_psrm.2023.52,81.17593761484314,91.95228993466058,88.37987339087687,84.14628747160214,89.73261818065478,97.38874258212438,83.79917326901119,96.00096930498484,87.3533139837697,86.60247249367201,91.8820513117109,91.93231483784837,89.50807391602777,93.61688485603194,96.27851263031113,88.40366503739926,96.46678131251758,80.12207535538182,86.98698987178172,89.15254923461389
10.1007_s10539-023-09936-8,70.16104073381635,83.19951928189171,75.9602479053197,69.7779465182488,76.62856099515263,93.70550466057696,69.71828752375752,89.24444056232653,74.65336310735681,72.93581853405497,79.60235771637565,80.47245859531914,80.2246364609062,86.16938219401098,89.83477399673778,76.96243257284266,89.41467070146994,65.68854098308219,73.76530284067515,79.14162727851142
10.3390_g14050065,76.24446715373605,92.4414840649514,84.56306891265963,78.966458919392,86.12851523593116,97.50645769523645,79.03614165044452,95.63907302672202,81.09684727700316,81.96027653175858,90.41843377343348,87.93063435462055,88.49872345488494,92.06392261389973,93.45683885544085,84.19091907486437,92.7147777141529,71.72773710070413,83.29669368031055,86.14809922898515
10.1007_s00265-023-03380-0,71.24926180083018,81.97024378187652,77.43517618211669,70.53114347066132,77.04945367590884,93.84547488798516,72.12455784200542,89.89489227159211,76.27466091287486,73.14928175942472,81.10774362985269,82.85774220627358,78.42962865375726,85.96494166578064,91.14465746495456,78.15425035984481,90.35347151676092,63.33298693714361,72.94363009219559,80.97795439625091
10.1111_ecin.13171,70.10756986644891,80.1196738919821,72.59103551227277,66.90186413097238,75.62001526312595,92.22978365239496,67.91453244168325,86.20776378920745,74.08772224190511,68.389943247911,78.87163732226698,78.77997097832137,75.64335367929696,82.81572147664437,87.89463423188181,74.12439513808184,87.71177537285593,59.7678122382845,69.87022873866543,78.3642109986488
10.1007_s40881-023-00137-3,67.00883992714522,80.45499992295382,70.81159463103498,63.60596086781137,71.5189209580548,88.85379030213804,67.42374762038521,84.32831266866096,70.11006783877795,68.68226618764761,77.50544145998988,77.90187563980665,74.33566354843157,80.20237961235742,84.8896533269571,74.29686940292329,84.48506996716826,58.36870298119553,68.92223827697654,75.38915510438362
10.1073_pnas.2207029120,69.19404862177052,80.53855647073509,73.03383187230664,73.31297816788705,77.12178158671317,93.28014157239897,69.55649447428233,89.18183555108112,72.45733240908518,70.86075788024097,79.97958682172754,80.40310573780852,76.81586194758539,84.58238341858439,89.15444835401333,75.61744934606779,87.80406390840152,65.4745243409362,71.34215928065771,78.24025671202675
10.1007_s11238-023-09931-1,88.57114307344214,95.69959948632358,90.80554330188178,87.66803242760605,91.44881823599908,96.03824082987356,87.72795681944963,97.01917894420589,89.50384525885951,85.69226807580469,93.92096150370935,92.60870876421599,92.56184356497752,95.70136100907632,96.47507959272536,92.25516603341526,96.54311689043126,82.4906633174534,90.68360824580496,91.6885054771627
10.1371_journal.pone.0282112,70.10673893409466,82.64494515976824,75.25606279337582,73.08955021191598,76.76617392990703,94.15766504533782,68.5822594415122,88.04549506617194,75.0382868122129,70.19287868145473,80.91830246197124,81.31380294788623,78.7803778351006,84.18394116836762,89.29634627998676,75.87424996085468,88.95152433764426,61.530134332452576,74.75599569747659,79.52816533979502
10.1002_soej.12626,70.16718237645551,81.23660830762802,74.08244137951145,67.16712379134788,75.8342505662598,92.48082125351114,69.33290495855476,87.38774500282055,74.44638614084775,70.4501333136701,79.73330244727885,79.79907034417798,76.75108039965272,84.40023932027253,89.02073658681941,76.39441213473782,88.13627234521307,59.632894609669705,71.67283931305049,78.36033457317168
10.1080_13504851.2022.2156458,71.17535997720078,82.47767313536947,76.17796397260061,71.61513176730043,76.85451368689301,94.08526611553413,71.1459336504339,90.45988824258573,75.87680829028677,72.65001343602198,80.55868278799423,81.53108921532109,79.6111685369272,87.89159217316055,88.80350917761962,77.8312672872118,90.02052098200409,61.62162405414698,73.98685100513184,78.86237707722357
10.1080_02699931.2022.2146057,69.66230211392926,81.53252142415208,74.01365103163786,69.76408747322361,76.44032805078383,93.49878106199465,68.83761242834396,88.3362774307366,75.466597410015,70.12560931591416,79.81697032186534,81.15930604302474,77.70373146086476,83.74635468519442,88.78087977871027,75.46609349943317,88.84719602237313,60.83972993793669,71.40037702791565,77.8963872813006
10.3389_fnhum.2022.967090,70.5181624824306,81.97557671403827,75.97350840591936,74.50677713405278,76.28411763791229,92.98213064654492,69.86877122268864,88.34523959745066,74.78148725309747,70.73813591377493,80.56268851334833,80.22534431494248,77.33461187909505,85.3178537611072,89.37194032902092,76.7714162554041,89.2580908311299,60.737916606003296,71.71466071611957,78.95137191327484
10.1371_journal.pone.0273014,81.21317981189348,92.17297272050786,88.76973929839718,80.76512591762837,84.54080439753142,96.98526467025309,81.15517448320139,94.66769657472626,84.75539020614634,79.64395728149535,89.10158386920608,90.29523128809397,91.01811450505706,91.34623622377624,94.90322714519218,88.15499330701708,93.93483667268664,78.97611074368912,85.3812093647668,87.54753365648095
10.1007_s11238-022-09897-6,70.77817276692849,82.08985161337756,76.43387718458408,72.3127571104187,77.10363658745824,93.853611467321,71.08879002802927,89.4392496495728,76.42682211518951,74.53075377685816,80.8715559914634,85.17485589202268,78.48712425630201,86.5942490268274,89.7087094784647,77.5726220743725,89.38996076869923,62.067709810121734,72.49001057983237,80.38221104052768
10.3390_math10152823,80.14029131902144,91.4568190539185,87.76091018614747,80.41777457231326,84.88877535291883,97.16144118105113,80.69833292140133,95.60585937480411,84.73750583008004,81.28355745338068,90.15429267235572,90.79265648527968,89.38594912435033,91.70475123492025,94.49275703915433,87.04493413821885,92.46529347638226,79.35930541324097,85.436924909699,87.71558089077855
10.1007_s11403-022-00363-8,75.99999852930571,85.72804136400174,78.99999999943509,71.99999999885702,79.99999996367474,95.3322239681363,74.99940995068539,91.30836243894507,78.99999999974136,75.99999999203952,84.99879639749906,84.99999865586526,81.8715851674285,88.99999298473305,91.98241316831329,80.99999997927381,89.68405571330103,64.9999939305791,76.99999821961362,82.99999980686542
10.1007_s10683-022-09758-7,70.48529517493496,80.94900693454761,75.01310111369014,67.79953095293239,76.48250692818745,92.45804845751672,69.8054792302496,88.03142789837003,74.76055864039124,71.85465648314188,80.22084065875931,80.45767734452951,77.02994000564874,83.69902129212727,88.3681840770484,76.41937289544667,88.49804163850597,61.71502984287888,72.29611875197921,78.08167418519304
10.1007_s11229-022-03743-6,68.45876699649493,79.16147698937809,72.06084810572105,66.00588919700438,73.39168632336313,89.41658014963795,67.66403730831703,85.47474107672183,71.79505645162524,68.85077902396458,77.36964860137361,77.98176164153493,75.43558593465659,82.40999077539131,86.5410535513093,75.00305991483577,86.02677240751795,59.10007485286207,69.09756302111666,76.44885924384849
10.1007_s11229-022-03717-8,69.78553278802093,80.26943493953118,73.97837702529172,69.24598215434565,76.47089496152041,92.69041289593758,68.39961713627612,87.9158102517573,73.28329442728263,69.56947623705388,79.30709758885872,80.40340291863795,76.08628790023509,83.94521203301001,88.70511720888814,76.22096135797209,88.1237230183908,59.49372632187756,70.45941364728296,79.4009622332144
10.1142_s021759082246002x,89.19113079944144,96.30003517723178,91.5023477130088,98.97738916544021,92.20375739538719,94.91988297537962,89.47956441838403,96.86097076648929,91.19783117683258,89.85809358222915,93.49304092027253,97.02052076096606,93.83359532841364,93.33276599726558,95.25159658253658,92.96778160341375,96.35246057224218,91.22212000964274,90.35921163720913,89.11806545402789
10.1155_2022_5508783,70.26361849050377,80.84906186082144,74.01539565078714,67.45871277787613,76.49884694145528,92.96057401086377,69.13108616986737,88.29176153679265,75.14933656468794,70.67082766182459,80.27585757103117,79.9271362880173,77.4201581892201,84.47886936964618,89.22868519159668,76.1568372401436,88.54809502248125,60.31956807422097,72.31314697213317,78.04954313375165
10.1371_journal.pone.0268019,70.32668283902223,80.40534544769002,73.38531947156113,68.26493417096766,76.56413646877165,92.07429824661325,71.32018428200978,87.80323682337641,74.87737597406118,70.78080829264921,79.22313642857516,80.75192641306708,77.56148648845944,84.89334944782796,89.00540975445892,77.59943380339737,87.78563259334074,64.83316160672253,69.94563735599037,77.66897871297898
10.1007_s00355-021-01363-6,69.96166596695025,81.5265109731856,74.56116201495935,68.25841452542141,76.02913047890114,93.11527776170168,69.02839482120424,87.50639152359588,73.93542986372456,71.68626917940757,78.95934349281526,80.67335613564366,77.12646563870585,83.8732725045661,89.65482808890148,76.19577121123491,87.87851351054567,65.25610463622509,72.3015865465955,78.37051431886586
10.1111_jems.12451,70.27565328369424,82.42169208709515,78.86913960014242,73.62618368329464,78.74522770702261,94.33291430434244,69.79597474199521,88.52994968519054,77.22361354720546,73.494996738674,80.9961378518345,82.77590093825539,77.0896879393013,86.6172499070351,90.44020975585552,77.23523960344441,88.49179968074368,62.000319064977866,73.06725030781139,79.88935055522485
10.3390_g12020050,76.00000157741951,86.00004404549591,79.00000046413655,72.00000000056787,79.99999999956965,95.99999985839209,74.99999999723525,91.99999989544735,78.9999999165497,75.99999999999869,84.99999996767396,85.00000000181797,82.00486191053248,88.99999997770117,91.99999996197155,80.99999999920595,92.99975368755896,65.0000000132076,76.99999999999815,82.9999999996021
10.1109_access.2021.3128647,70.48660565108415,82.8680178295042,79.22386891738074,76.3626680156345,80.31624762498853,94.2902915967352,70.97075973580858,89.65267229835526,76.88192016575483,75.06269261709286,81.30105232466387,85.31225281949717,82.81284055841657,89.0643613603709,90.21955280812622,78.77056090021492,89.1913988309028,67.00481001963688,74.09816444937617,82.2748897070666
10.1111_ssqu.12910,70.33711928786595,82.00523886829559,75.47937312570679,67.95381822493805,76.6178613804284,93.8241569236087,68.35787672321057,88.76500571957506,74.47464375697122,71.55161607437478,80.18050833270665,81.90707240290963,77.29099273539191,85.86703302674572,88.68320327683605,76.55412457164196,89.23439943793933,60.33513557137929,72.69185350100486,79.00306195713881
10.1007_s12124-020-09571-y,69.99228398491424,82.0843611099943,74.26802837313262,71.95427392897457,76.77327681377311,94.87687769449897,69.93806137323152,88.59034332287428,75.09432393108817,69.54385595951996,79.66671263851751,80.52398756076113,77.97020005355006,85.16569541679382,89.40148625150587,76.11269711026354,88.59406776657772,60.70063904937595,70.73295076193925,78.9107624909396
10.1007_s10640-020-00471-8,69.41837865013326,82.35842594283285,75.80536087053825,71.25457729957063,76.83773734171362,93.85781887453393,69.38740068576807,88.81235867035647,74.64278715344238,71.23280419209439,80.03256201666319,80.5278560497267,77.97373706125465,85.31486871042286,89.19719770776503,76.26354343486103,88.85125307758787,64.81232815711658,75.01684486422417,78.40054561724878
10.1080_17419166.2020.1756264,72.70919494023991,91.84581074815519,81.5735637182506,75.79770070658535,78.16699604987305,93.85739935181248,76.30149272175042,90.11812956250832,78.06521467358542,74.16274641491691,81.8329269247533,82.99793041312861,83.49368169563753,87.49375590700868,90.26360187399797,79.55924799290771,90.40960207785625,66.93755630873132,77.24082604439944,81.5399204453298
10.1109_access.2020.2995658,78.90383101496195,89.9601917105418,84.33121107506284,78.7941445116592,84.93295447691628,94.62715991436983,77.58856032692395,94.14302715502588,81.35692892868012,80.29295297196015,87.6790656512837,87.44961508351119,87.8814721917256,91.29307208333522,93.39349557435897,83.8582599915595,91.90914292768319,73.12860178372054,83.47352496113854,85.32783162488235
10.1111_jels.12231,65.45055025677833,76.12731219905756,68.04435967563282,62.97753914494365,68.44512616088741,85.49872143713776,64.4536149847719,83.56625211204208,67.33508711057145,66.35513133545192,73.81743240266658,74.76478731589863,71.29299859229452,77.49537356754432,83.89883153934181,69.24672275468053,79.8337560903908,55.71499252009781,67.26758948266315,74.80458777310832
10.1002_pchj.259,75.86994247725231,84.00532549590257,83.57548842413192,79.25906951207322,89.51876375656022,96.08028293754866,75.16169747748789,90.71326997463969,85.09101220619915,82.58221423896727,84.0580437254443,87.53179366338449,78.71827310272016,89.62797530076766,92.16337805135771,87.21771326409342,89.19775528663449,67.89124142563946,77.22084495009724,85.89843715373758
10.1007_s11403-017-0195-2,71.74660407160982,85.46145924649835,79.03752078577901,72.75504028347773,80.00196151520295,95.99208397505629,75.03181428420005,91.81549180126692,79.00257287937045,76.0051611996322,84.98552498074729,85.0028875007944,82.67789813793371,88.99402464471387,91.94422175849054,80.87836430308776,91.59334791245713,66.02825125138405,77.18550314992828,82.89912120429585
10.18564_jasss.3336,76.22492124174893,85.85525803021613,85.97265441792409,83.31574798286458,85.30871069115294,93.7842645767458,78.87743647507101,94.5817183269379,81.72013945332064,80.21641340204505,87.37882172019455,83.85209098674255,88.65647092886452,92.08235451638181,91.12955365927667,83.66197033911602,89.683906285082,76.50234516668358,84.11533687850823,86.63005811784392
10.1007_978-981-10-6439-5_8,70.3193386957333,80.67891170132319,75.09514093688661,69.87372791540895,76.30923099910535,93.0379425156889,68.95390308051016,88.10026392210229,74.9445334883355,70.66512269958167,81.17117538357965,81.41690129413539,79.14157806465161,84.90101366308386,89.98930679087297,75.05607719458312,89.06721510208818,59.919948399203996,71.37341033224524,79.6083056350268
10.1007_978-3-319-29354-7_9,70.37723765925936,80.49957731716667,73.95282608139267,69.46605706304788,76.44542177338548,93.65862346897981,69.6023209575787,88.72403630814655,74.72204854888216,70.31995827944226,79.51211124116246,80.77169766226393,78.25986870254386,84.90880692524148,89.36305905216766,75.18294569448565,88.31448479547402,61.868841698020695,72.37891641291188,77.95369937593098
10.1057_978-1-137-50247-6_2,68.96717661227775,80.59462673969334,74.02107293354169,72.38064355257144,76.45473704964773,93.0525734997406,69.65795998367744,88.30549646142363,74.73942977411367,70.35364692337852,79.5599317565206,81.86341625970185,78.28007087212517,85.05645625770923,88.73091132949857,75.24039574956959,88.54576341214246,60.72743649051698,73.5392596206984,77.97833414760318
10.1155_2014_148915,72.8603892587429,88.23662232153325,81.79150579763244,76.22808122628201,80.2379998559769,94.73231787375427,72.69704646041889,89.26345897430251,78.87580824237827,78.50552957681734,80.40424399283968,87.13415826391466,85.2650726460622,88.021704326253,89.58154347197544,81.95914071977492,91.32750475373764,69.35462976861923,81.15169517468165,83.28697074972908
10.1017_s1355770x12000381,69.84209127663254,81.64147153945757,73.69598102807564,75.5940184254816,76.43170061763284,93.8264653633301,69.20643555614951,89.76774630459757,76.6312806726324,70.64889382388833,81.56335874330242,81.38275237943361,79.06286609442265,85.50529226911745,90.4046488587523,75.90490606756723,90.34070864863587,59.6378783850923,73.08659606462254,78.1341939898487
10.1007_s00355-010-0493-2,71.01286307744535,81.7534609755852,74.54844673481277,73.03477245745407,76.70537213947597,93.46984369813924,70.03816823728565,88.35861269336357,75.8554728898982,73.07132611328771,81.08903513990593,82.41445256802191,78.31760415021289,84.95536543146397,89.32661895055682,77.81169138932171,89.12150550630881,65.58158225332505,72.92690449210217,79.18147976703393
10.1177_1046496404266546,70.22546821932302,80.84520311754073,74.34025312208846,66.80581643353769,74.79946064158982,91.09681271516286,69.36775222771703,87.19150979447708,73.1635449363758,70.27949094803341,79.7521282672668,79.57998575551345,77.18211405727322,83.98529134385706,88.06046700476149,76.30384142667776,87.50621614757954,60.53241580636025,71.8540769799664,78.53501434533888
10.1038_nature02043,70.53242269117342,81.21145923630593,74.40342717623044,73.59843740187289,76.74682140588027,92.78911723205866,70.18473003895329,88.08062201517286,75.30422823169451,70.35130500197839,80.4605079309705,80.2085539681588,78.24689490638882,84.79235456328293,88.56838837935152,75.51946213478864,88.71871708315922,63.104165913357804,73.22733532966451,79.06940013824907
10.1016_s1090-5138(04)00005-4,70.19642140207317,81.70364980545037,78.75293472296902,75.81535284557592,77.75281200116325,93.25909307626765,69.62766200726362,89.57169620940377,76.49793740385586,72.21926348480474,80.37403719083417,82.97110462814973,78.34763577480406,85.66587486708775,90.02756386036019,77.16354736887213,89.62016083433947,67.52994281740439,74.55657895163472,79.66235748406346
10.1016_j.physrep.2017.05.004,70.01928780080586,80.58585357205523,74.46738721550196,69.01256093600948,76.74758101672163,94.28151997520592,69.24621705488505,87.70923797800042,75.22837217229124,70.04317942067821,80.34517507338836,80.84074198937262,76.52899495931648,84.4774620187902,88.89813609827819,75.75062373661646,88.0135444920804,60.15454707813624,70.60368976316914,78.54778570386257
10.2307_1964229,68.29223644125815,79.44617522272615,72.82818869272523,77.43938763961002,76.75787313252836,92.90007092580002,68.77384504369205,88.33272335386502,75.76239351199037,69.35029832904773,80.30811144165104,79.62888597129731,78.1276762343033,85.53848085593823,88.87086686220607,72.67970586040805,87.4882655611792,58.464001734809735,73.22173314317516,77.60545789509524
10.1098_rsif.2012.0997,70.10580204996074,80.40358313013256,75.55797384126811,72.16394946010531,76.63776255225235,92.76205738806806,70.06720173019238,88.47094093141976,75.25361645619479,70.90816924444813,81.17113374930811,81.00939045007084,76.9690527251019,85.3896435763666,89.43919780845052,76.51036159062522,88.96740565596613,60.644818319699525,73.1360577388379,78.93253531610841
10.1016_j.tics.2013.06.003,70.06829614694523,79.86196458681438,74.73742391521714,67.17190093644719,76.28068353267982,93.90797820490145,68.77153239330404,87.76220525320886,75.25314061204284,69.71515593591351,80.4928948664847,80.42860369957363,77.06753480011557,84.58838268160918,89.95698691248874,76.4183349463739,88.38435054108585,60.02849732769868,71.0977212027998,79.37807470595253
10.1016_j.tics.2004.02.007,70.77124886516049,87.12778623785076,80.155359832809,80.23809406118312,77.56315064037535,95.54702030892925,77.89020824633288,89.15601581280245,80.04830683441514,73.60695822575809,84.67071527308921,84.26767702068551,86.59311970805801,87.63402521658088,90.6209985946009,77.56829352707545,88.81896615759423,69.28371472848838,82.17741932077809,83.11347179774312
10.1016_0162-3095(92)90032-y,69.2885592766296,82.35503953214436,77.0104446056385,73.98902056378033,76.10311249184777,93.08380127274799,70.65240720217626,87.96915345625625,75.30247005169566,70.77254402583037,80.01004218334108,80.26244353403692,78.3590346682872,83.4597588771417,87.8634848103458,76.58721088846715,86.61609897193378,62.44875216816291,75.35257754349766,78.11401448758892
10.2307_2297925,69.09541894016829,84.57095786947679,74.69089741145409,85.10631830522958,84.56030330396774,93.10072322552715,72.57695399848663,91.75244796159393,78.29628958158814,80.16375239965062,81.37856717575802,84.18057315712485,87.29117494505564,87.72911128205133,91.74168868408562,80.27278170585468,90.26178247127636,83.1960975878344,77.01687025279895,81.528536102877
10.1038_373209a0,70.57397932566256,81.82438819587088,81.82769600384768,77.46060235240603,78.94886369928426,93.39166850120421,69.52455813852558,88.55049379237215,74.69316276619718,77.51491356910225,79.78392356903744,83.51023349595219,86.90446477629752,87.10151044377055,89.03061747179977,75.90997637794004,88.00729116458587,64.99043641478865,81.81205913677408,79.70091115350972
10.1111_j.1461-0248.2005.00773.x,69.5421480669779,80.40784489659498,73.70098707017277,68.04435125136493,76.10341483179818,92.93193608648231,69.35740647675952,88.28687786483518,73.08711694151594,70.86688791206326,79.9506463625862,80.27570973082864,76.74027510728392,84.3206402891644,89.47633352997444,76.10612791562637,88.68693037458077,60.38209000771059,70.61965993441896,78.08868113057453
10.1006_jtbi.2000.2111,69.89141449403844,80.62882223219866,75.06567393086503,77.79540159681088,76.75125502672512,93.7504284461499,70.24836811564651,88.28077120135274,76.82951928193454,72.92195732148929,80.73202936557084,80.52233139594075,83.5463908089811,85.10448432428554,89.45977848285717,76.4151600036619,89.02700706593808,68.207486352165,76.01518064955516,80.0403890787972
10.1016_s0167-2681(03)00094-5,69.63909387510006,81.3629369993985,74.77764719529071,76.8612982756054,76.54041961946565,93.18561367046452,71.83069149058436,88.33221943801105,75.73581989860942,72.61170900634208,81.20110361355155,80.90661506842993,78.13843755731592,86.49201277777945,89.49306586010125,77.02204590482006,88.70015179041924,64.4736604179515,73.25529767773075,79.87034417795265
10.1016_s1090-5138(02)00157-5,70.72157755129805,86.31278158544156,75.7305083620938,79.63068857597383,80.6995523820701,93.28168798747302,71.99255241337632,87.97469744529492,77.1823856198059,75.91158647050626,81.82539448834937,80.56405129307738,85.15008785480424,84.47280301622514,89.24747252087023,77.8237956964653,87.57687642486863,74.5479544762615,77.48300316135322,79.67659065312375
10.1016_j.obhdp.2012.11.003,70.05284457560484,81.01881242201121,74.76254847289452,68.97451243270396,76.67929969477152,93.69225056913113,68.56084119139986,87.19128883668553,74.0639947864461,70.39564583032431,79.81861062501766,81.18014768961923,77.92783532067241,84.14796841067289,89.62642659271353,76.59929773132198,88.1871501111821,60.84925559580715,71.66766934744497,79.32009135781468
10.1006_jtbi.2001.2406,69.53754320044338,80.89451095254371,74.1006728269038,67.39940212839782,75.82667687501956,92.98499236623135,68.81418229936531,86.49223767774313,74.9049299091921,69.97838004850912,79.97669119211753,79.52774624164319,76.80438278498792,83.41685756183008,89.10995158835023,76.44511297808147,87.48977872756089,59.77482478878972,71.04105821223074,78.51658749231856
10.1037_a0023489,70.54087148096718,87.62118565482386,83.76558629880383,81.01426183059712,83.72165125682903,93.88806502414566,73.1941524102632,91.81458515845438,80.78540510979111,76.05305947513943,82.15610168814749,87.67190541076475,86.6140253308194,85.83195274450553,90.58188726147677,83.85999326545623,90.01427391301114,66.70919828129122,82.46809719240022,81.95893935937606
10.1006_jtbi.2000.2202,82.97267377702053,94.30565389071492,92.15735262326552,89.67905561519645,91.84914430666309,95.98747826393145,84.39990894916201,97.38659158708228,86.4569332368776,89.55664664968201,91.59612113557431,91.67230476246051,93.05057206215805,92.76572053139378,92.70703957111138,90.57299024607545,93.44931476046578,88.03081355825158,90.9293048454131,89.62113977676121
10.1016_j.tpb.2003.07.001,70.73126057274705,90.38716861124033,84.10074030667357,85.77480288405653,85.85216714160926,93.52119118616712,80.0714997609478,94.9645785375311,82.50936486259435,85.81383000648636,86.75284649305145,85.80390999809637,89.28856399926698,91.70958811377554,88.94105868901333,85.49970220977286,88.51285321299163,74.23756478511403,88.15272280801322,85.74166502186766
10.1098_rsif.2014.0735,68.86401547940764,80.24609052349709,73.46252305241362,68.02855380573972,76.12850469792582,93.18056387855019,68.6032904619708,87.06184994910369,73.1568629654387,69.82259308402777,78.87492418676274,80.04310656130492,76.28998171749505,84.60112726219653,88.2619512827502,74.65502608270272,87.86683233626177,59.764876183654486,68.89279206488588,78.8958497979245
10.1016_j.jpubeco.2007.04.008,67.86380937699249,77.37583368193143,69.20984768897684,64.12195338076661,70.89962897762507,85.1717975173218,67.10131770095234,85.18301808516534,70.85632637670042,67.49091469931763,77.23498580021902,75.79294629865717,74.63225652431333,79.38291787597136,84.1120935769666,73.48452201513234,84.18302231977201,59.235713081092925,68.22673551715407,74.91418537461595
10.1088_1367-2630_12_8_083005,69.54498683058893,82.632493581693,74.5986132439959,75.90484582779126,77.15319719957634,93.00624105922091,71.34044252708108,90.29561672376971,74.99447168791086,69.56056737762101,80.65854416788954,81.82591189175457,83.29349837326241,84.836262798582,88.26848824173969,75.9945138855912,88.870071454524,65.79170617616056,81.86883104250599,78.85369550731248
10.1016_j.tree.2007.07.009,70.58912766383328,80.14273195430394,74.1428086680855,70.17880334975514,76.49308461625668,93.8537802282269,68.44468943110654,87.30500610974363,73.81164850324696,70.35402949540128,80.16307957142035,81.15201924362489,76.91580790515494,84.55966102255935,89.11848695434618,75.886602112664,88.00690109004728,60.59088886876477,70.18913632255087,78.36537964482804
10.1146_annurev.soc.33.040406.131812,70.04488396816299,81.88852940431998,76.37105160419678,72.93217201279721,77.73994465474522,93.76113045157739,70.63851155998253,88.67584881291006,75.78714395602911,71.76590087966306,80.93226628646237,81.86867002852861,77.66252721286403,86.20467417563187,88.82391597130193,76.98770071829888,89.17126434624534,63.075486425964975,73.50451661691963,80.71812050490054
10.1016_j.tics.2003.12.003,69.82102779515317,80.47634076212773,75.3825099124044,69.44482965206271,76.57170774251908,93.42499302543199,68.29868011197645,87.81292986264702,75.24875284930161,69.826295786128,80.06979269429827,81.36551781153246,77.56726297414886,85.50763339304984,89.20953040579607,75.26587243056113,87.9949393781455,59.792417696054784,72.99428025441226,79.3468492992008
10.1016_j.jebo.2003.06.006,75.17408122383316,85.94779992156548,79.02633371318025,72.05866211160827,79.99513839433477,95.9819260627805,74.76846754659806,91.92257936573843,78.9995910496691,75.93057606956471,84.49042398241683,84.93728725908974,81.92477522409858,88.96878479512331,91.93895785357559,80.86110509052406,92.03000674289083,65.13737178703279,76.88982583531751,82.92437358436248
10.1098_rstb.2008.0275,67.4041342541735,78.96729466189339,73.18064341293241,67.2004497519405,74.05957128517231,91.30857182852188,67.15742284591879,84.96273600517138,70.97728892265525,68.63963638874888,77.47782839755071,78.02514276176501,74.54644285807659,80.84626891643657,87.11829681002504,74.22803263010701,85.98720115493569,59.61588020825188,69.38056759090058,76.15290264600199
10.1016_j.evolhumbehav.2004.04.002,69.02369234238522,80.59060987362683,74.59588639455964,68.88042497753445,76.20889696359798,92.35469376257932,69.41937129659485,87.92126602338041,74.12665964328255,69.7229387780347,80.89303146638214,80.28068404972802,76.70381231324792,84.79001535147131,89.55707296242988,76.40971771554688,88.2956182020381,59.07730935437765,71.08830114844005,79.15570902090427
10.1098_rsif.2020.0880,70.72958039874342,82.06269576490594,73.85243656709078,70.4972747797239,76.80164225256614,95.05418062087668,70.3203560722174,88.66820555565336,76.46484113884514,72.17466918505893,81.15971776054839,80.85795326427149,77.9187359764584,,91.71082190822938,77.41930526298667,88.11442956439505,61.089636800830235,73.39340435773578,80.58452759536122
10.1038_s41562-018-0385-5,70.48839303658438,83.74597559340722,79.98060038713471,77.06283628976081,77.19484074441168,93.93834915451588,72.96922751431332,89.6091470481987,76.69498877742376,74.27863147169849,81.22533641259012,84.55638421089034,82.18739245638444,85.18825771957381,90.55670879017552,77.05309736677596,88.66036291682333,67.15391349577425,80.07163094222163,80.67343154139367
10.1146_annurev-psych-081920-042106,70.20734842085362,80.55552612682798,74.61163088477647,70.09711433285348,76.9463840292999,93.34288834304107,69.08055275178329,88.43176198855744,75.95940999879652,70.45681387156387,80.35299779518716,81.20563767550311,77.0232447553199,84.93520597228928,89.4546706322628,76.46371477978366,88.1367790034698,61.72059672553996,72.67013299265233,79.62803800767843
10.1016_j.evolhumbehav.2006.06.001,70.92179519491741,82.22046156100137,75.96498381132821,69.96028178312024,76.6490487246924,92.8942364432058,72.01733838220916,91.61670588495464,76.2926575851594,71.78958585512565,80.74539193180867,81.36381153611416,81.01351371957968,86.17720781231806,89.06814691337652,77.55343830772661,89.00789738009699,61.412214158595546,72.94757866361059,79.52025296435204
10.1088_1367-2630_16_8_083016,69.23343033147965,83.77129168213715,79.83780475284789,81.41626580378342,77.74335094580108,93.4800855933221,70.82485972713607,89.27016257650334,75.40094318606094,72.92547099043024,80.49774284296346,80.90571179945994,79.77584336127707,83.26917246114974,88.66180128788042,75.71728496302902,88.61484355684372,69.07649086601397,72.42079845985988,80.00354572277138
10.1016_j.physleta.2016.06.017,69.17063394780352,81.01365097179176,74.44133010424096,70.37648157055592,76.66451521387502,93.85426016172205,69.4930368246519,88.00759463166663,73.72172292715011,70.77072840503382,79.73763576813143,80.18206602914252,77.30536261589243,84.04446539546608,89.11481806520256,76.1067862103244,88.57033383148638,60.91198539510344,70.32612154061539,79.29190831291531
10.1016_j.jebo.2012.12.010,70.25898783747431,82.03199113602554,75.24003012736195,74.59362131666164,78.47683293193981,94.11228447658274,69.53479360432955,88.96861476055949,75.36481930808054,72.69473594940435,80.99617708617575,80.55400665961312,78.8084667764727,85.27598212087999,90.26956635529045,76.68757281342191,89.30122233805888,61.53198199740395,77.6229829785908,79.72907219756907
10.1016_j.tree.2007.06.012,70.07656130872876,80.52867575511075,74.51099646486627,71.02847487241259,76.49765197738314,92.77298546794331,69.04118038686553,87.68778183255608,75.29021564982011,69.6861088305269,79.81865598378488,80.85741841528672,78.52780756899367,85.19909251223466,88.42724663289113,76.11528261906287,88.81345475710314,60.16129568223354,72.46686911655968,78.92032303834876
10.1146_annurev-soc-073014-112242,69.46008562775752,81.59543625110005,74.8070786502204,70.51867736965731,76.20702019858885,93.42315861489698,69.43838925283342,87.38736683659802,74.70542028113054,69.64063546417923,80.20846782743135,80.19124809792038,77.5549274527443,83.99907048841965,88.91158782792465,75.98086196453073,88.17410081251488,60.19072153469176,71.6464307819355,78.8307794066749
10.1098_rstb.2010.0157,70.77365094652788,81.61463215741752,78.26776620841035,78.27898211855134,76.68706595417508,93.9041842982217,69.99550140512392,89.23378980775416,76.6609032673419,73.36000791018402,81.16908360785516,81.98447809088451,86.65110707378928,85.4351566184826,90.71183455050398,76.75618937443228,89.13135024494576,67.41649889259233,79.07672423195491,80.80274321157891
10.1006_jtbi.2003.3104,69.79588954055514,82.51245558056895,75.10047913371154,71.06357543773193,78.3545742937145,95.48318122816887,69.37377218430937,89.39197657765793,77.40074128356243,73.49473991391929,80.94567338566817,81.86462137225061,80.49113255170828,87.14333634488733,91.9528437418889,76.67104976208878,89.91069507698208,60.61247072986743,72.88984691026646,79.88748587185582
10.1088_1367-2630_14_4_043013,79.17729200386196,92.68987311959509,90.00351410281016,86.41112658842724,91.05514816880911,97.0781564738181,82.36505337183931,96.42979620383254,87.50499335900821,84.45810349947828,91.05434084862841,91.49932163555764,89.87851854142716,93.7442548520888,95.17703547446278,89.03977396774484,91.31375719875841,81.81304609647879,87.27815526420486,89.77107836204554
10.1016_j.tpb.2005.09.005,69.84892271764745,80.21144193741611,73.88578538081897,71.29348699890528,77.00274642195404,94.29886916414091,69.38704560333962,87.83225440827157,75.74058312907619,69.94058563509125,79.88959656645775,79.4169404840432,77.34831943123098,84.59648708556836,89.01925418578996,74.98422637250665,88.90510061359689,59.64453600603025,71.09761755670077,78.67301036529298
10.1016_j.geb.2006.08.011,76.88235088211115,89.69827301205659,84.28541509139991,80.65044749788579,80.24020850394211,95.996492868518,75.35627629888859,92.60889746957106,79.05665389172603,77.29878340022096,86.23926476160842,84.93941817452078,86.46022530392091,87.05164471730131,91.96353418565789,82.07644187215718,92.75745790939561,67.96903782094793,83.42015557423721,83.0338344286048
10.1016_s1090-5138(01)00093-9,71.09772435734847,81.92922513409049,76.19596296121743,72.70455133867233,79.95198293607618,94.87853949796218,70.82271691323751,89.54401352207876,77.25823938305803,73.5159598496207,82.4319178736232,84.6533557333486,81.94289913575292,88.18680290352238,91.99230025974882,77.55124136239878,90.60965552013595,62.47264132271484,74.11890572875816,82.39635943352599
10.1016_j.tree.2011.12.004,71.31059803661564,81.16096106445919,74.71185314482868,68.17039666785678,76.85981769844653,93.47638563731407,70.16732914511019,88.77807948252578,75.60382528680321,70.70782034915351,81.01820761249053,81.63430699132572,76.84066882685495,84.83441483008887,88.77527346273419,76.70533266272264,88.52563273489747,61.128367963312414,71.91798594297353,78.61784075682642
10.1016_j.jebo.2005.02.008,73.32119123764713,80.09923948056061,74.28609245337807,73.22732105155372,79.80787371244058,95.12876198837404,69.48883161309337,89.36220923971888,78.56224471552922,71.57565312448013,81.68277629293148,82.87597910409225,78.94525057733829,87.73344431685831,91.23899564092206,76.66511365451841,90.02847929657457,60.72265358843048,76.07354798110318,79.38362464549122
10.1016_j.geb.2012.10.001,89.52874343236189,98.22455429751193,91.56179066550717,92.23513734072644,92.22167033367468,96.00330477231208,91.16271942434057,98.45373132970224,90.70821898021052,90.46862612745815,99.79828917976157,92.10455344026825,95.51038252382446,97.32047972439403,95.57351912953798,92.20031051999707,96.7521564143725,88.03919033940069,93.2934871578396,91.41084745336896
10.1016_j.jrp.2009.01.003,74.10292155995026,,81.57868017746786,74.65187139480224,78.020910927731,95.7948368248438,75.69796464762487,90.75799143856841,79.88626495186053,73.48002715712147,82.91997664398419,82.38288074552773,83.36639902976557,89.63445877280287,91.73958407906193,79.41282838988694,91.60201471176423,69.69949844437144,77.62407753454042,82.20662321486252
10.1146_annurev-psych-010814-015355,71.03772328544194,81.24570572293875,74.3436888774911,71.19843794329418,76.53084427100876,93.8156348254121,69.95139125193177,88.50666004055503,73.83851890978643,70.8651010388907,80.39523693973342,81.21363476058698,78.48357092161646,86.10795278476107,89.2714654427696,76.79921553038496,88.66305353518817,60.5517448640724,72.25865377674829,79.48357706636602
10.1093_qje_qjz001,69.84609870456106,82.830329937719,75.70079624398468,72.09722582431871,76.2284634794379,93.25495231527113,69.5691658029683,88.32758148847108,75.0084184148844,69.92679771428072,81.61860441879189,81.44432927904897,78.02474746572587,85.34617736221719,89.30978079254821,76.34777594162523,88.61805390578708,60.756443791975244,71.5674971736233,79.8127961305337
10.1016_j.geb.2004.08.007,70.72528616559224,81.41099122374234,76.9822813622876,69.11820656610395,76.57827179174572,92.83464456232974,71.39889052968172,88.29993519610385,74.97810967498978,71.72516743880256,81.03483513783567,81.52551498959134,78.3573050157157,85.29667100047659,89.13359180266445,77.75719341870966,88.99542232675857,62.88781975726979,73.63666676601818,79.31412881745699
10.1177_1745691613488533,75.14650106271841,87.58192883770289,76.58371211753841,71.11786199047252,77.84253511765709,94.05090188822099,76.55239785535497,90.71208982988816,79.00537174585597,,85.03222133021073,83.17254783763096,87.57136046350591,89.23882378095104,89.8572734753868,79.17355608994606,90.599274452094,70.96725047120815,82.8597691906143,81.31390683697067
10.1287_mnsc.2015.2168,69.40687539012679,82.07270516144798,75.06040146920304,70.26111671847245,76.6577568438854,94.06488871093921,70.76715529833795,89.51763324543505,74.28651630680417,71.75435273832548,81.43056407228518,80.73862563380658,79.68182181112118,85.09635385655255,89.53128931339727,75.97122145863473,89.24018163306829,63.18252439525968,75.03498683651691,79.3061907339259
10.1037_0022-3514.76.4.587,75.90626542302348,87.28141280167618,82.46765586181935,79.83051933343086,81.23038144825122,93.3978674378458,78.4473668311004,91.88579096456448,80.09252888130929,80.89178913164096,86.37469904826902,83.58237113686697,84.66449247629082,89.03894935496544,91.99748703788215,82.76163140551174,92.94591395069506,71.91471739009673,81.01615922366187,82.48907171522968
10.1016_j.plrev.2016.08.015,69.89316696741413,80.41918057759881,72.81286493051098,69.4030134396137,76.1941673444688,92.73785507980855,69.36970497394648,87.97236262787997,73.80637061553779,68.9494079227568,79.65671215586416,80.53844766318419,77.2105947002681,83.40144797526803,89.4256502740117,76.50664615797913,88.47819128282396,60.10377023086604,70.62824860108311,78.34631247323357
10.1016_j.conb.2004.10.007,71.99388266758189,85.80550871650983,85.31582984163029,81.4384154024465,82.49346485983867,94.61236591378255,71.8759594716958,92.33356793986951,80.23321859108985,77.97779831929323,82.95010469910801,86.65493018800068,85.78817122686407,87.58042463594897,91.18703839299282,78.14027335828945,89.55531913404724,67.33506708130865,80.32326127396082,82.60420092787427
10.1098_rsif.2014.0935,69.96375800333718,81.91439755332885,92.6707997231046,87.30920645619852,90.04358526268946,96.6064092275931,72.36313970055832,88.60536875431279,85.27335092015994,85.42448848550504,79.49279824122148,90.08957353080108,77.51636872920871,91.8151297788814,94.66283014056346,88.85374071090928,,62.00720583763197,72.70129315364031,86.83119287167334
10.1146_annurev-psych-081420-110718,69.28882835866139,80.80554017671129,73.11455509667054,72.68679062801904,76.81050723205529,93.18856699664897,69.15919747788028,88.18850125296481,74.3767342243326,69.85837590750702,79.7121068346115,81.10705367272732,76.80362615017377,83.53265610788895,88.50015367055835,75.15695396310323,88.48960259770055,61.128985900528505,71.52146445550827,78.23170596241488
10.1088_1367-2630_14_9_093016,70.74291182657132,82.15575609376874,75.5100443924802,77.79465352041761,76.63490587091817,93.35816943890265,71.0753123187725,88.50886285847646,75.00656598467711,73.08016578471886,79.98565580907525,80.55158132901934,78.65613390102801,84.83399406414487,89.22873018892021,76.94979516979225,88.82092190220973,63.29862784042142,73.66310922642292,80.36376943435843
10.1016_j.euroecorev.2008.09.007,93.08286350341662,96.57634695094454,94.31294929625896,92.66029874650658,95.5745748293986,98.04734847670966,92.5445780133463,97.57084744239789,92.59095500883217,92.08177355046047,95.86208784253252,95.34778633129044,95.58626259278691,96.81183587556319,97.25219945800923,95.18705636871317,97.2393910719243,90.4984600766583,94.2991970476579,94.39282139130304
10.1016_j.jpubeco.2009.03.004,69.88079675018272,81.51542496297367,74.79565284115154,69.89438619357958,75.90828017909773,93.1644086671952,69.56564109945602,87.95145167972089,74.47956001339445,71.02907249278029,80.85874943091886,80.06481184298909,77.49070271235917,85.03925226347526,88.70408233459928,77.06379075202186,87.90595982006663,60.40041203844118,72.96883243824267,79.19855003234768
10.1016_j.obhdp.2015.01.003,70.30311098765519,81.83591949621079,75.38839658782216,70.97191905448004,76.55022922269788,93.81953164360768,71.16812952936293,88.51860561291203,76.05262440829614,73.2313845567231,81.01120753038127,80.91924015180908,79.2972133262191,85.29984870014927,88.99125968935662,77.14802558644989,88.83492997456291,63.61033574595354,72.85957172033494,79.24549157750067
10.1016_j.bandc.2012.09.009,70.0638767620405,81.24670550188512,73.95815178960594,72.24997776321686,76.84129173675764,94.22814577251606,68.58116783267411,87.36561158945725,74.94571149084271,69.65628441704627,79.5074720118532,80.01595791046078,77.62283750433541,84.36269250551403,90.03535853776162,74.07869302402692,88.42965886941084,60.62066298956402,73.73018886756057,78.87617526990007
10.1086_510602,70.45415961781931,80.7338592908997,73.10550303706279,67.40645958488368,76.19731455728193,93.01843402515992,69.2220014774291,87.92589867826415,74.40732229516998,69.92569069299608,79.58858420213325,80.43444094688435,77.12366364409266,83.29646066781828,89.10769400595937,74.76059085363023,87.73238350388294,59.70710558738158,70.7286532309643,78.01256990989619
10.1016_j.jpubeco.2012.08.003,85.31342182923606,95.82919907943081,91.67685940808869,86.16688022774782,92.39675561132835,91.5293080177659,87.85871960090336,89.90238270373501,85.88111998117407,87.58308344085668,93.5234018988899,93.61402655552597,90.42752753248907,88.67692734792186,97.69178070142097,92.94322247851929,96.52303195236024,79.8114129250666,86.9215577918355,94.04200614254846
10.1111_j.1420-9101.2007.01482.x,70.1080405055615,81.10422235846703,73.92664309487202,68.40916343282585,76.24407071486708,93.88195710587941,68.92657410489524,88.80248392621417,73.46352863246975,69.76435510431725,79.97642964489636,80.56999369546013,77.35605597361346,84.37259459893049,88.95110686847117,75.73057605183952,87.93345303273652,59.67495207482934,72.05828629558383,78.21562742114529
10.1098_rstb.2010.0310,71.32134018492866,82.52890076618505,75.80249750828122,74.89673450190509,77.03271729725138,94.67287313655463,70.23825472506894,89.28009330989624,76.10148653903181,73.69442553589828,80.95732554518582,81.7048718313608,79.85044357227687,85.56452982330075,90.25661578513925,76.94226647525669,89.91915197733034,60.231518552839894,73.70088719433967,81.15148089084008
10.1006_obhd.1995.1015,72.06751002446659,88.85295935427139,83.56631390572366,80.49325241975798,82.90307155245802,95.11248424969861,78.00646588726296,92.40325849388422,82.50542865564009,80.02998151800494,83.65705296595135,86.47261559809598,85.28202902345997,91.35457761264693,91.76078641427458,84.91646937138938,90.85468543998667,69.91120184578266,81.83962094606382,85.31348570947333
10.1016_j.evolhumbehav.2007.08.002,71.56312715288954,83.73812956381333,75.11017022777769,68.06406274442335,78.65097579634482,95.75079543552118,70.97824675352035,90.9293054047464,75.59619139141861,75.52389049854347,82.86957874825883,81.81540047665922,79.27998089239478,87.4850192605141,91.48637458786718,80.90951240632039,90.41944439550214,62.77285339835283,76.82385436320754,81.21830668836932
10.1037_xge0000365,69.86291441710044,83.08843064298017,75.94112240188824,67.91648146032635,77.53450395228126,94.59691526824102,71.00221721937805,88.85213922181937,76.49178164066707,72.43703979564202,81.19443184267847,81.83238641846397,78.75223272048912,85.81316897384397,89.81486821166655,77.7128703233731,88.94527393720632,61.03838423401738,73.45892158766839,80.27317454453959
10.1016_j.amc.2017.08.049,81.90616558335347,92.8261695460819,82.27514280924301,89.80007807333261,87.20201230629362,95.78483713185723,80.45310508951506,97.43297528876793,83.88296750020085,78.60288973335383,93.27088593307748,91.70862694323304,92.7047602275968,92.01492538225507,91.77203145361366,91.34611880340891,95.78741118374724,83.92868810960297,90.60743970398794,90.85948767286274
10.1016_s0167-2681(02)00098-7,88.28969333828266,94.73579119565076,91.86604892978467,89.41303321878702,91.45596848523344,96.64923860682268,89.16886697447636,97.53434388281211,90.33796990381704,89.73058248029835,94.0789262100624,92.70216089609308,92.84160151459255,95.16242596875757,96.5612490067134,91.8696979829639,94.81939194356568,83.816699413828,91.31334568507116,91.46023578367965
10.1016_j.geb.2007.05.001,68.7467782918958,79.29038280444846,71.83568083224705,66.51449858469395,74.88422408263035,90.08109599401729,67.84437218977897,86.19322536238641,70.90993028864428,67.70365231210556,78.74618333713059,79.10402430674414,76.4449231079741,83.39576738725015,86.56410668315335,75.9433038805897,86.97602700752992,59.81431568177832,69.5844354482664,77.22674041402873
10.1177_1529100612474436,69.8058368542582,82.29828894062119,75.11142120527364,68.63124701363361,76.45956136181543,92.23075872409214,68.31696513700524,87.36014337486655,74.6509984588891,69.83754453387378,79.01921822099817,79.83370075006813,77.27025823615622,82.38701207681031,88.66774632325746,75.66479514746194,88.03670327381104,60.365398631339396,71.93510473494813,78.20650045082026
10.1037_a0011381,70.80990974723845,82.47939358568247,76.00123323669766,69.61404912440968,77.12187833343421,94.25757071510962,70.8041017833794,89.48843955235321,76.14007921700049,73.02595533965692,80.89615232425227,83.03860417296694,78.70156324171731,86.93617056450627,89.39383372642568,79.8759660865227,88.59755288683087,61.96609238288592,73.2136883305162,79.76194407843177
10.1098_rspb.2012.2498,69.5214282509645,88.50137201736092,89.7220033946423,83.68245451707163,85.4726517427313,93.11101446188049,77.4742990294504,91.27860340739484,79.14211901610479,81.37161379431546,87.12532122653825,90.46682854361363,89.00092234433903,88.59006991251528,92.4489702846902,88.50274602143523,89.17817691625534,74.97501497145866,87.3680305190883,86.67364033198308
10.1177_1948550616639650,69.41074122118954,79.667887891241,73.97222465380119,68.27255229159162,76.25534371096393,93.60397437433335,68.34019499475548,87.80052570126851,74.56362559445542,69.42316881576586,79.49666544800424,80.65868681950316,76.61621952198789,84.20033078898261,89.7769152968349,74.92696582393616,88.3127664237933,59.659276199407536,71.79604374193418,78.88144450893853
10.1098_rstb.2015.0100,68.8226475948051,80.19345598658289,73.95819601138965,68.31389141997205,77.1365485986632,93.58348966118736,69.03321451722417,87.8485003878081,74.34571014006451,70.64888400782323,78.70150912074257,81.1822070727109,77.18873503468689,85.8767882648865,89.40355077062256,76.53884819843586,87.48745613345665,59.82891103214338,71.09698743993188,79.9735348154831
10.1016_j.cogsys.2005.11.010,70.37831636878464,79.6730753195606,75.02209301460901,71.64663807905205,76.65280495623713,93.12776648833822,69.32669551889526,88.46745398141553,75.97480812574608,70.40582795830508,80.10544742453827,81.21594450087636,77.64115508385122,85.70603219148005,89.63575266917115,76.24623481346117,88.07614535373955,64.12007489890621,73.04800333456312,80.23637544709418
10.1016_j.plrev.2014.02.003,72.68826940934308,88.8250472751138,84.59675420001993,78.35791605017276,82.33060007324403,95.4530289128411,74.96966754658362,93.30144617129115,81.7844125616474,74.28841558674101,87.07366974896836,86.4910238209439,86.10983413095164,86.31356216172148,92.15730434886427,80.7217936842962,90.80478097237132,67.75355596155018,83.6507383430788,85.19342796035288
10.1016_j.jtbi.2005.10.011,70.01890077430188,81.06980566796939,74.72080019184571,69.88363467794254,77.02701727972843,93.41680427857126,70.55047380246542,88.13311031696662,75.17581178607143,70.65467412448719,79.3358164150969,80.52234294865269,77.51736869138281,83.5063551533033,88.61344863155773,76.65765079956316,88.42204574487974,65.13923127617826,73.54910524855065,78.89145125008761
10.1002_per.830,76.65071513210371,88.12180288672117,76.50704054052137,73.17472667644006,81.6052454328814,94.9859883969623,77.08596103640306,91.98605420022004,80.96594130684228,76.86003674652208,86.77981773790789,85.11381205953117,85.37556969152287,89.5501486795437,88.97574280980393,78.01306830620395,91.38235505304803,67.93553688742604,80.97780340875053,80.49562457709352
10.1093_oxrep_grn012,70.27892676666407,81.22114725977976,75.23736635010509,76.24325112510995,77.68500152692788,93.28524749705471,74.14191373794256,88.05513042529087,74.02556321858236,70.55914351681744,81.43804263920839,83.84713754163808,77.77417038048486,86.29792860277175,89.28714463997622,78.79500007986682,88.97250468575899,63.82863632148248,73.9616593908606,79.62171426988914
10.1177_0956797615624469,70.09360566880764,80.86110392612048,74.8495191223652,67.9849561313807,76.20836661142089,92.56269335228716,68.59015560566584,88.14684128201591,75.16336543738626,71.55749874069569,80.10046361356709,80.62874681173571,76.55029953888908,83.21031887545786,88.56552381528678,75.86333194476788,87.78545391160785,59.86856981686038,70.82670125738515,77.5761155273029
10.1016_j.jpubeco.2012.05.014,75.99999999968949,85.99999999791345,78.99999999982442,71.99999999998909,79.99999999999874,95.99999725306436,74.99999999999535,91.9999998356435,78.9999999980818,75.99999999999162,84.999999999932,84.99999999996638,81.99999999306215,88.99999999050937,91.99999998666463,80.99999999919132,92.99999421112972,64.99999999955828,76.9999999928452,82.99999999975839
10.1177_1948550614527115,69.95954031172516,81.49951237821999,74.30655399968757,68.11163352967823,75.6671688677739,92.5688808257397,70.11556111406541,87.65082684467681,74.97901925439166,71.64913810062197,80.68455234178373,80.60800950650165,76.80185429649487,84.97065146065731,88.5691381845685,76.66081750040497,87.68447127431088,60.77276710846449,71.4287036739329,77.99422121974585
10.1016_j.ecolecon.2011.01.011,71.24759496982996,80.44189638986083,74.0215606916652,81.77648742202012,76.86652242813878,95.07950582885233,69.71877895099804,88.74583187048077,79.23381461288066,70.68405826023806,81.29536995226155,81.37615463136883,79.2208572571857,87.67728042968066,90.09499812755732,76.21090273146191,89.5111459106443,60.861002878416336,76.6954413956259,79.13894052652643
10.1016_j.evolhumbehav.2008.01.001,69.70401993275752,81.77878066463222,74.77986426382687,76.1023402987245,80.57802962227713,93.27922488598166,73.79888480724144,91.80146874373818,78.62461453578655,72.07602265092473,81.61749595032754,82.4398145493186,82.94624980744642,88.15212786371605,91.14418894593835,79.73100945712225,89.72443567524004,67.61922506041594,75.74893621914697,79.81712920672341
10.1016_j.euroecorev.2010.04.003,69.35919431780891,80.30148529997103,72.5340053185236,71.88615531617734,75.99627563598419,89.00156927379075,67.37714092129748,86.82338084021129,77.40528147976268,73.68970292008744,78.86750007499128,79.33102181894577,75.57486753480441,82.54009080760763,86.02993077669369,75.77526550312575,86.0565415890178,61.940353209602144,70.18117204131103,76.71999740168914
10.1016_j.geb.2009.09.004,68.5166350602911,78.38045349560366,71.8164966780229,64.80547892798721,73.66948779089081,88.82558940860855,81.39146908602206,94.02997952779428,86.41585091408034,67.85339818868204,77.6836157091664,90.1392348258611,74.43714367846768,92.3182482365388,92.05811447343216,73.42096031096932,85.08770140455933,58.99659373540229,68.74913871162265,88.34216116035554
10.1016_j.jpubeco.2014.05.002,80.81130072199268,92.5796485930564,88.32305792821677,84.0972566729085,86.88414533698453,96.45526018237146,83.6685074752238,96.41877474586033,85.34033172903777,84.30432699929774,91.62949264017013,88.50377326458705,90.56968745835015,92.30941151489858,94.34735098083338,88.78173231107269,94.79158852532488,77.60436208389665,85.18717286876338,88.14709973870123
10.1086_393069,70.7460548269586,84.60619765625708,85.52292404983078,83.40031714096185,83.02001815833269,94.49406624372904,77.91296668322836,94.17102556597496,82.2607775753139,77.33165744464719,88.87807928798956,85.16146310176221,90.31735685504322,89.7942548010989,91.04628537593888,78.23007983247636,90.45776304793526,72.8357173163875,83.61119059783852,82.32959426794352
10.1016_0303-2647(95)01548-5,68.84872508904577,80.0419480432423,73.78104029806441,67.6355678757759,77.05631043117928,92.58677356686083,69.19865288300434,85.73314576596552,73.48329020736203,69.92594700291845,79.39501351974687,79.61136859805356,76.07119043634088,83.83322276964897,88.2978091308848,75.8898110084417,86.99886389239552,59.74254132189602,71.05221628718775,77.84697794784223
10.1016_j.jebo.2009.03.022,71.30579319960773,86.97760009192008,75.753291087963,73.24347161891502,77.5954866367937,93.7284524890846,72.44442736536764,91.20887950956656,78.30088961885049,73.53600167209046,80.06340341933613,83.06672141498937,83.98651461381465,86.0328393299881,89.60567218509307,79.10105196610326,89.93710932890711,68.7341486923483,77.72461730936988,79.81685688413897
10.1016_j.jpubeco.2015.12.012,69.37222749579632,81.81333641205633,74.39053988953216,67.23062535300427,75.93509014481822,91.77561670313798,69.02519751664707,87.7053741366106,74.01682170859888,70.56032001536599,80.20199593063931,80.28510050238008,76.88327178841702,84.34252174806649,88.4454003474044,76.05942229205976,88.90394507461176,60.79882914314938,72.36016823019901,78.38224324339112
10.1287_mnsc.1110.1466,66.522580499499,78.05247484239678,70.56679718675737,64.49319471221644,72.25999671475851,89.90950748176033,66.07332149745962,81.91567493700266,69.2994639152315,67.36256000247784,75.88101400959948,77.00999445562896,72.63463298403364,78.53240760618979,85.33244122173011,73.53258898652477,84.49585826804845,57.527363662620125,67.9664851771224,76.05858660412638
10.1016_j.jebo.2005.04.018,75.8257788706828,86.57174491757597,82.18909283660471,78.10309150917665,82.91480405329828,93.97437649957348,75.54271315721678,89.36808407830597,81.64940089415106,75.35974056604356,84.61856098516779,87.27104016640418,85.06126029425384,89.53446347181358,90.88527283506055,76.9871858302944,90.21143505842034,68.47190395594657,78.85696674392995,85.44920837132973
10.1098_rspb.2012.2723,73.29845761275186,82.2287563155177,76.05563883611585,70.14145873374916,77.389776311388,95.94435071654335,72.1137013357486,89.61146155490196,78.93055598035838,75.89404411387616,81.68197407329352,82.86121033247196,79.71482196950618,85.66803255450705,91.63243427088938,78.89270304139986,89.91828178472684,62.84557555224918,73.69738600764535,81.39779581595197
10.1111_j.1420-9101.2011.02307.x,69.7381695789037,80.90156185771751,74.78963294928349,67.62263344653894,76.62931670417434,92.41890600568432,68.60898568950218,87.70406379687074,74.21030639510363,70.32064836887612,79.65414304716985,80.20300537485248,76.53287009617272,84.36053052933313,89.34444097950869,75.56630722586824,88.29602524792206,60.036275150897225,71.76935369316365,78.87866666195333
10.1016_j.physleta.2020.126965,70.32556075618427,81.26662552288303,76.30342633278771,68.99018534878846,76.16995854416614,93.00039348970947,69.63652770515874,88.76524571649875,74.85086539636681,72.51363219917644,80.3168619958526,81.49250986495545,78.26072012669289,84.793757505574,89.1167570172252,77.57773251183035,88.81463007532207,61.277599671125216,72.32671928030149,79.94958591485475
10.1007_978-3-540-85436-4,80.26236254667721,85.53686867099462,83.31568924116725,81.3494917844399,84.63220962885103,94.85121260400778,78.88365664315339,92.71059109316718,80.53015384943231,79.8801479669864,85.36572136107768,87.25178753653168,88.0214383664242,90.63538938183669,91.86795863939113,84.10576055287582,92.89612662928043,71.10048955167817,83.76562446805104,84.57659280936491
10.1016_j.jebo.2011.01.017,67.47180168587309,78.84910580912992,70.66436547569313,65.39570229038488,72.41603730662182,86.31467377947344,67.1325743392487,83.13457314728711,71.38196506545887,67.93282140069081,76.87465885924847,76.87112418428988,72.30090852714804,78.93868199907888,83.01766022445591,73.26674234546707,83.51410062613967,58.22347003416223,68.41884738060541,74.7758553684236
10.1016_j.jebo.2009.03.011,70.74081263490957,89.9896981162525,82.82464062320385,80.29751032995945,80.53712252124734,93.95562953937802,76.81899718786777,89.5719453356552,80.96817195781225,76.72269652425908,86.69090014443294,84.14658695014678,86.52130382039518,87.86492503748913,90.40866880451566,80.65877445708934,89.06094850362683,69.06900230697924,84.24436754149559,78.64892698717871
10.1016_j.ejor.2008.01.021,69.21289344412524,80.26889094804925,74.56344298442704,72.39939746012728,75.721645425825,93.33451815288234,68.37520868053123,87.62364121130167,75.60528329605425,71.03961284980153,79.84388752525446,80.7989648464872,76.46735093273264,83.95981912348213,89.0893797055154,76.14155443821046,87.41256352663274,60.115054485200986,70.41567393613177,79.20743379630986
10.1016_j.joep.2013.01.001,76.00060823358453,86.0003152468885,79.00001369410435,72.00395946226618,80.00000008787875,95.99999632294849,75.00110225739553,91.99998115749139,79.00004807479489,76.00043784050098,84.99902756024875,84.99999647768718,82.00418581604008,88.99994549854367,91.99999976239573,81.00000118273536,92.8488726656927,65.33122947346625,77.00008215909033,83.00000441355138
10.1016_j.jebo.2008.02.006,71.8976282937881,93.27036772017529,90.48143690447448,88.69098267966748,91.6401696851047,97.1159623293661,81.99917569100293,95.36223243045157,89.20756006352107,86.73079079300787,90.34544250720793,91.04553979934212,92.22117123139397,93.18765341277897,96.8787313086127,89.10977029543399,89.84883849185607,83.67402318578412,90.05150402813278,90.66891916908135
10.1016_s0167-2681(02)00032-x,71.6990604018353,84.28217547393574,80.63424133554172,77.78719480009599,77.72450913354557,93.47455294614876,72.66087697032795,,76.70425856532147,76.21028707700556,83.01189368906125,81.6303565741829,82.74424220624925,88.38823063648776,89.6831718985964,76.43946334772812,89.12410703752474,67.87450238279028,80.41755528233595,80.66794861889072
10.1016_j.evolhumbehav.2007.04.001,83.20409497768487,93.54372658986524,88.92520900128943,85.9698530360675,87.36935107769216,95.76424736635646,83.02778733016675,96.3240566750558,88.62898711400356,84.61808757167296,91.41110365657951,91.71097513055933,91.06545698798192,93.24025168762431,95.53147155502351,88.74357798920964,91.65219765657793,80.17862883168934,89.6271600418342,90.43410166720747
10.2307_2669365,72.59383256852719,82.42164952973613,76.27769855358339,68.9921147116093,76.85840301240013,92.19666002724723,71.62051897030419,88.17073060905925,75.98160767797283,72.34943627373175,81.06449308848889,81.45004888172366,78.4169006129843,85.35211159308008,88.3635727432951,77.48080848280958,88.85811451403717,61.983019598808454,73.77545774080481,79.46909200361837
10.1038_s41559-019-0907-1,73.1780262153544,87.7677713423008,81.39394954064839,82.87525075424637,80.161407265886,94.33801864696736,74.19729836371945,92.20196095024588,76.10399520438006,76.81944006992873,81.98245781694938,82.14437950222431,86.99115926144786,85.56999700061796,89.84516274752491,84.0328716206755,90.20830060828385,75.3242671470498,83.94232048526513,81.11710883030055
10.1098_rspb.2013.0247,81.56327985445908,90.56891804625842,86.23446984626057,80.66642426774591,86.05210381894607,96.22113440508352,81.46441710464036,95.43816202099148,82.66160111261024,81.30181671440356,88.7393968868718,90.23447460965333,88.81872151853622,92.26984724426603,94.64873395798602,86.2379540716195,95.8968899880351,74.57239809160444,84.54927397588085,85.88153270649141
10.1016_j.evolhumbehav.2017.07.003,68.95478053288281,80.36645464617281,72.63405104657619,69.39514664144579,76.0556113223785,92.3177855826177,69.26315405680164,87.77097040441275,73.17968166132115,69.22996848713315,80.39352354747841,79.67726703692333,76.39443985219806,83.96554054538818,88.347448680571,75.99465062654461,87.84639256810232,59.86361479146076,71.0018328613278,78.37453290897223
10.1016_j.jtbi.2008.06.017,67.07160765823221,79.14206619643605,71.42402287227678,66.05674469615072,73.36879238550982,88.57075746851034,66.7458908623231,83.9789284103807,72.24052969318723,67.2308579414891,77.00411842954028,77.63618668817772,74.5556556589429,78.24074196731618,86.06825801240701,75.08669999910678,82.44910654900059,59.50653356833016,68.40761410017225,76.06474395423291
10.1016_j.jet.2008.10.005,69.38446442181693,80.27444154375205,73.92738858220339,67.42108397966595,74.28933148913218,91.57605995138995,68.7405450915121,87.27391012192511,74.36832469476775,69.61600059759388,80.3596429761235,79.4421404500124,76.35059164809725,82.85216222453099,87.82033456182091,75.75055683228564,87.39748833770578,59.58786187706665,71.43043451922004,77.98284818500755
10.1016_j.jpubeco.2010.11.021,68.04697524515197,79.22858139210022,78.99314563363941,65.95688801253624,83.07487413657996,91.56149682833406,67.0117471236187,87.18199290659142,72.67444664331549,68.99500658254594,77.8328826773935,79.15276243533786,89.9614644079205,80.88780193022478,86.88321464804541,75.09539182846943,86.59610675543975,59.453179094538264,70.05596305977063,75.35489681514737
10.1016_j.econlet.2007.09.048,72.86900869805879,85.99993618673632,79.0000000000178,71.99999999378244,80.0000000000003,95.99999992974425,74.95907263182036,92.00000000000003,79.00000000000031,75.99999931991675,85.0000000000011,85.00000000004857,82.00000000000239,88.95791490229983,91.99999999999993,80.99999991317887,93.00000000000009,65.0000586758544,77.0000000000789,83.00000000000001
10.1016_j.evolhumbehav.2006.08.002,70.32042310364506,82.00817338834777,77.01655687531849,73.50517936852546,76.94529830713925,93.30297113589624,71.2317802951208,89.5157930982101,75.50010951063284,73.11371683465542,83.12495780785777,80.43378015650333,79.39674901971435,86.78145734836497,88.67979906175415,77.01112684183055,88.8813472515647,66.01145764875854,80.90873968016624,79.023877803531
10.1086_286052,76.19475466794641,88.69874522048585,83.91997482061558,81.45001715514978,85.63860704081374,95.1963527222146,74.77104450582486,92.89690062823642,82.03217985268111,78.98548716946202,86.71330196581047,87.8572158581524,88.19617629551328,91.06790304550464,89.70656412190506,79.29923161920989,89.39741875362616,71.9606835720681,82.18166868808899,82.32578631925524
10.1098_rstb.2015.0090,73.18342316155434,84.00122093514219,77.01973225691046,71.87330347379867,79.40336969202117,95.97683581919073,74.72114131520286,91.05966588256098,78.99773585553845,75.99940790319734,83.04867352932384,82.98857094556028,80.97339917689287,88.98451323538806,91.89730630069957,80.80599168001568,89.77525077763023,62.420147222099,75.73329240677663,82.47321683141966
10.2307_2095953,72.24711857375097,87.57435033375866,82.00194070298906,81.25626420214913,80.539232854886,95.25889699847275,76.44237726010795,90.85505123128165,77.93220810976744,78.86577835189955,83.88935345150172,85.5354087693301,85.81055908857168,90.40023833098054,91.08835766553729,83.34522145190189,90.49154581076964,71.61551507038106,80.04194514009646,83.36156970432536
10.1098_rspa.2021.0397,69.60015823238282,80.18845222868258,72.11486097691052,68.06987934498011,75.63977208270005,92.52708249762625,69.4245089612865,87.94667594027938,74.04687976073558,69.6700167738377,79.56957924561733,80.27852801678497,76.65635377790258,83.19190362802425,88.23118161693671,76.38146676631082,86.86079930661494,60.96505647492496,71.27198808513647,78.15655017779731
10.1016_j.obhdp.2011.05.007,70.68651931025057,82.1229560917964,76.18291441347799,69.41130680401642,76.95659277430731,93.33130463679572,71.8752881913189,88.59467292264125,75.37644895325718,72.02466151579094,81.4409036263584,81.46863002377772,79.09447932298656,86.08811511191607,89.50922472472708,77.02626422451173,89.18381291003865,61.7043459868977,74.58378669942836,79.53100846867585
10.1016_j.geb.2006.03.007,69.87845014714499,87.11688652704441,85.96377112508097,82.69696498904968,85.14080186949477,95.56503152047988,71.89377034470016,93.0526375689566,79.38007072133183,80.51966161701293,81.0954920337401,83.74621169124707,85.87308013991206,86.52326859557391,91.17244234684821,81.86751768040097,88.81854667065676,69.17013565556718,81.43695659092975,83.47568014496134
10.1016_j.tree.2005.07.012,69.22184591112251,80.12713736674894,73.67823833270289,72.72571574159261,76.6575354809239,94.05115359770275,69.20563685455396,88.05855919286601,73.52374065634099,70.05432026006834,79.75763414802387,80.81721895045065,77.11488075487094,85.72269410734712,89.51731090245218,76.84316229538213,88.63317509575437,59.89103409844886,72.41144224433965,79.11587776976639
10.1016_j.obhdp.2016.02.003,69.286698785738,81.03932401101217,74.82854112559961,71.34426979924599,76.79984772118473,93.76508285600367,69.70262530469209,87.9607455919148,75.47529788895292,70.24664375811385,79.34015173913313,81.1774201914087,76.68637940809832,83.65012092766892,89.65967916149803,75.64332748808442,88.73342164708329,59.701780159568685,72.30708256712376,78.75537269573347
10.1016_j.paid.2010.05.002,68.56808152865048,80.91567187025404,71.5844437121138,67.28283648679628,76.37198505714954,92.8219976813302,68.89462398108374,87.73428153065021,74.19717128236137,70.54801263057684,79.7278751808443,80.92169240470325,77.2037382537287,85.0844510324047,89.01507611505359,75.81205295989825,87.19201403757957,60.403241938494766,69.67525616970987,78.34457247678742
10.1006_game.1998.0638,69.69316960464391,83.68683239965411,77.53359579829849,71.99656948780746,78.17800810801418,95.9787406735596,71.08056796337617,89.40663043467683,78.48859392122878,75.4833820472677,81.95529243324846,83.424568133653,81.00374499778532,88.76999749170625,90.45845248199521,79.98434567255858,89.32523843578002,61.34851937192984,76.48411991721424,81.87469843077464
10.1146_annurev-psych-020821-110044,70.11586194858768,80.60849787757611,74.36712091527195,70.11583391461166,76.47341514474759,93.70794315809974,69.02044911934675,87.65963989794308,73.95699255011301,70.57049793906972,80.50511114173055,80.98230701216444,76.87838974982775,85.19525518876085,88.95365060254314,76.27787054242174,88.506919411653,60.93998300422487,71.44360897545776,78.27238543403926
10.1016_j.euroecorev.2008.09.005,75.93830143331034,87.05605359999639,80.26026223173945,75.46406378362178,81.83869492772735,95.51124072419734,75.65787802717566,92.97299677458197,80.97912291224256,74.7554601029842,86.04677280542543,86.53928471069106,85.07140020838354,89.77316742745127,92.04902002622188,79.46903112594872,93.50499858315766,67.38108373675986,79.68837472119202,81.78156563561782
10.1016_j.evolhumbehav.2004.12.006,69.93230157285477,81.03190283759673,74.68460471365572,68.86284590135561,76.3160538244084,92.87266913412441,69.5546443354436,87.55196916540702,74.80046990701929,71.2638570715695,80.99483462606239,80.56715531162685,76.91875872781448,85.14599645529987,88.65339284560893,75.6865690659437,89.17569394567994,61.36769898923435,72.66280381466484,78.63037916858835
10.1016_j.amc.2021.126586,71.11033752340879,81.99820697280528,75.33622994202108,69.07762499687952,76.2542790157647,92.53930758211811,69.79923411322719,88.33487628891096,74.93173472199523,71.46222224551146,80.270134427169,80.42637637254413,77.86286014215456,84.94018504799085,88.61083582042629,77.0108901087803,88.43391986057853,61.46473180952296,73.07042537148239,78.58464391010278
10.1016_j.evolhumbehav.2013.10.001,69.82512725297866,82.19918880145507,74.79021152537973,68.66449891119122,78.871231338497,93.02891331099875,69.8711601505891,89.23449623029619,74.14169144476182,74.69734329650139,81.47883384797906,81.16882110465735,81.48065849887062,86.47541839288023,89.51143609013695,76.59937557420884,89.44343346589032,67.77992555603863,75.44497384445661,78.46555368365105
10.1016_j.neubiorev.2008.09.008,69.50650795624615,80.54467495645234,73.80970509377752,68.47318980124423,76.07538034457389,93.28609865552221,69.9624103230945,87.94331492817591,74.51612044169619,70.44973419343825,79.94625642533879,80.9009731045575,77.36209355014114,84.41967943623953,89.15892950310496,75.95341851651213,88.3331452147305,59.57000915118068,72.56585902627279,78.5978720807071
10.1016_j.amc.2021.126797,69.71106804660548,81.20990174399498,75.02726805706007,67.83400740642094,74.6850784656265,91.79148958634171,69.3153742808057,87.775835962535,72.23371643664322,68.64722147278312,78.93183380890123,79.65154298743619,77.01916576165226,82.08753538573197,86.55243740100921,75.5408025357438,87.43810665267759,60.0308462097781,72.47773490519417,76.9642670329961
10.1016_j.jtbi.2014.06.041,75.99990767061175,85.84810806590008,78.9999991211175,71.99999123685693,79.99999953485057,91.2383094185534,74.82753234715673,85.73949365726513,78.99958976739495,75.96973722949224,83.3436415352902,84.99980228174613,81.99359936479655,88.99999804818871,91.99224766816825,80.99999999677776,86.29382226399632,64.99995399189513,76.87809320677911,82.99999997540341
10.1016_j.chaos.2015.06.002,70.37717196809305,82.24131080069567,83.62736807592944,78.5665984085368,83.36748020221305,93.35064688219886,74.73224805748887,94.55916525197499,74.35631180775668,80.18910528475114,80.1665992868977,83.33849846198427,84.61292297148152,89.98560679995565,92.21211383063915,81.90253328551638,87.49225155165514,70.99498556259975,81.97710689116039,84.03093240910026
10.1016_j.jpubeco.2009.10.007,78.76856475238905,86.22848688119346,82.49045047607812,81.74753464375934,81.99190186484746,95.97335610830172,76.81496855328786,92.03890305690271,80.75822500787575,78.66864931684665,85.98686770660724,85.40293821106296,86.35510851856766,87.1543176191672,91.87176464550294,80.97086830021958,90.24966212664758,77.53231310972414,83.77698166395943,83.41312578610089
10.1088_1367-2630_abf205,70.56734824441156,83.63641838496075,75.77120510067518,74.55260467724314,76.43155567403612,93.65898966822073,70.29441095862794,90.11974352471643,75.25785240659148,70.32857508012167,80.45522076343717,81.87607826570414,79.68765454075769,85.27022469715325,90.26415816198413,76.91856572555515,89.0428496828737,64.38348558940118,77.21024759670078,79.3138392190994
10.1016_j.jtbi.2021.110606,71.09877275741992,80.35154923702017,73.90932642984676,68.12994027599775,74.74472118396291,92.5087439871244,69.46178088197617,88.32683795543163,75.14550920576139,70.25787555065921,79.44748395544794,79.53087882736467,77.05555086461031,84.19291977522128,87.74560502797668,75.75096061353955,88.82975122828296,60.41300941145094,72.20587044192672,78.11385399164382
10.1016_j.jebo.2014.11.009,70.94002838631665,81.93560836804419,74.03539621383702,68.98893274914978,76.64384737458326,93.5830948133025,69.2222577847005,88.82408008846556,73.86576422367416,70.47676752437492,80.69227823411558,81.15251599406895,77.15022512643563,83.9854452730506,89.44828955736234,77.05113861209972,88.07119519901839,60.467282321966465,72.31714386670374,79.33161531852993
10.1209_0295-5075_93_58001,70.17669753441767,81.17895936023362,73.77262908623445,73.68379721748735,77.55298502582433,93.83941850460748,70.17526058091825,88.2413895853682,76.25559391961087,72.77862180596689,80.25018551737374,80.61094489110137,81.88466483731227,84.85743490056834,88.70691071314437,76.38780884116213,87.73123944827105,62.09291074442338,73.30540881293459,79.75026301049456
10.1177_1069397108320422,71.87528543719817,87.20199190075449,78.35603099976154,78.56655548045303,82.26179455783185,93.48741806815379,74.7731491758618,88.79169680446938,75.57413328585383,73.17041895142017,81.65883373513454,81.65651623040037,85.39558936148534,84.71682229249859,89.65702427841033,78.62520544961873,88.30336967214771,68.17918528074739,81.06652252490083,82.18605942323553
10.1016_j.geb.2010.08.010,70.58002516400201,82.01570649636732,75.58542059903819,69.69225618950955,76.48367626486424,93.36263837551317,71.01159390541599,87.83693098970657,75.64205850737186,71.54321372801725,80.91368379131421,79.68820285137193,77.72014328592084,85.26127026619073,88.42286801505504,77.1242882870621,89.45846048699866,60.77125788868973,72.75620306655348,78.98825491152431
10.1016_j.obhdp.2021.01.003,71.73074342530529,83.34707914890556,76.39819606549126,69.65457709097451,77.13354123503652,94.47134126477886,72.13395078531352,88.94809210561436,75.93014477102781,74.62558907872243,81.09371951116844,82.22531808120999,79.33870135444329,87.103052788902,91.18060918011213,77.69105929137959,90.33609884764769,62.157690651321275,72.99474454621293,80.24329067714059
10.1016_j.jpubeco.2017.03.002,72.06029848822934,82.20045037137164,75.23766395543204,68.41262920130714,76.11000869247297,91.8918337557076,70.79319574008062,88.43837391669962,76.40923796841585,72.28194619872568,81.00908258660404,81.00554099551786,77.68084014899182,85.22244531548642,88.92002115198765,77.14847767612927,88.66754445051359,61.417928953782116,72.3235265593625,79.00190262445824
10.1098_rsif.2022.0036,70.75969286137351,81.99476958394841,76.38861060664549,68.47133857271082,76.92868988894423,93.16436463729742,70.84744623901354,88.25970872150903,75.30169985531346,71.39895402280898,80.9885734375966,81.75315454880584,77.74487890718311,85.36076789521543,89.73136659373137,77.33887823357023,89.31569382262772,61.57928956594013,73.11586155195012,78.77605790815295
10.1177_0956797617752642,69.3023577286149,79.76075398675545,72.03874232879414,66.4194896109483,73.51457456150108,88.86499219636646,67.99861601092312,85.94284267792158,72.21373196498004,69.49180712413362,78.2484952470043,77.85302702839064,76.14413229892071,81.34447391635469,86.65734457879051,74.5343292945558,86.93811844559953,60.08269105655877,70.36799036233583,77.54129770234358
10.1016_j.chaos.2018.01.019,76.39057968465634,91.46321511849116,89.21418134034663,80.61254974281042,85.91196415166593,95.77588249324997,78.45891483920224,95.04161715456277,82.15824021753087,80.54732957112903,87.12743317841539,88.7457758592755,88.49802462010216,90.35352536074046,92.29373430220213,84.90005798679091,90.36292526654249,74.29595494933363,85.87719047055461,86.63530577105651
10.1016_j.evolhumbehav.2015.12.004,73.00431654137296,82.87062025652182,76.15961710811419,69.70238018939038,77.75602873888906,94.4806909696053,71.51189372317415,88.86725884705892,76.78718284586792,72.46806756463769,82.12247795388603,82.57273894282413,79.32655245302668,86.42804400044852,89.62448099106037,78.71567777595362,90.09197261037326,62.150859306860816,73.77157713830944,80.55750946525892
10.1016_j.joep.2009.04.004,83.39445312281777,92.29027837318255,87.94839994272814,84.5628447513126,87.64858078412688,97.48914052052884,82.79766967428483,96.70860767084628,87.42882902732914,84.38404837103134,91.5593144864671,90.35250829442114,90.25595420601005,94.04944513433256,96.14577797256639,87.92945017711915,96.77421717496746,77.33036133368327,86.87076389021573,89.48049831487972
10.1016_j.chaos.2019.109517,69.99394366106974,81.18272873082424,74.80637690809986,70.35072833549171,76.54325065606744,93.7633191625965,70.05003183797737,88.46969316715527,75.06866490878302,69.96259183532855,80.3513260811897,81.10547573802448,76.60746301962389,84.86708989614307,88.27225628561304,76.45200676006215,88.5585197426418,60.49637135214494,71.3714934560618,79.28374533257453
10.1177_0146167216684134,67.83307895760663,78.23124092275418,70.935860734613,66.18528638939702,73.97363460472869,89.09558478367649,67.07841317487495,84.26586799070327,71.55624940738923,68.20310323755766,76.85036300610437,77.50943683518328,74.48691606642831,80.3269393458886,85.49140409494525,72.98951374248956,85.16057190918504,57.766340113602304,68.17451028664946,76.60116501075476
10.1111_j.1467-2979.2010.00372.x,69.94543044761032,80.15629303095727,74.88698077249359,79.40817417844272,77.0174401680353,93.38799726522733,68.53055212722475,90.48777422611968,77.0219520943382,70.13454705050847,80.29688853150202,81.09537964049005,79.64752584976695,86.71912833536288,89.8728470798736,76.32869912710161,89.25304984589704,60.68873699254442,74.58618341786249,77.9504864634396
10.1016_j.jebo.2009.01.006,79.27019962278355,90.3159623314365,85.72629272699751,80.98353986599804,85.90743404700122,97.22107997647774,81.02855741288082,95.50011121928064,83.69026998009532,81.61802750703258,89.12629271855769,88.79867321275476,87.1272164493379,91.96648877983593,94.64495828194191,86.06307050926875,94.71867403784371,71.73846094385891,83.27634038554574,87.70335763708543
10.1006_jtbi.1996.0286,69.9475642616711,80.99311762352485,72.37407653795238,67.6021351339901,76.42576823129546,93.60994095846947,70.41429820793182,87.80694748346646,75.81261399189611,70.35464677904729,79.61725376231969,80.63185044346011,77.7952689548746,84.68673476179733,87.75862921416434,75.88744827038391,88.32656125166012,61.318635550314866,71.55286823142359,77.87919021406898
10.1016_j.euroecorev.2012.05.003,67.7856253162921,79.01280743972464,70.78182116761708,67.11767522603647,75.51418969909166,93.3297409657998,68.60079670774383,87.04245565172019,73.28334571425992,67.95414353297524,77.90803628247758,79.34253156498039,75.16361395347506,83.21463737008791,87.57082328027874,73.81240819285898,87.20338220311679,58.86245713969501,69.44798453049489,77.6043454956628
10.1006_jeth.2000.2655,71.32299623767751,82.1800773375625,75.51653882796172,69.52851907719368,76.76554256945101,94.21700678649078,70.13263928482822,89.42246604521614,76.0484820584628,71.90527533016127,80.82936672227304,80.99950016172357,78.5615460026329,86.15521633321232,89.93268649241402,77.17675781247927,89.05533590863341,61.332341820880444,73.10925010420627,79.7987632905227
10.1037_pspi0000389,70.15558297608591,80.98415645277368,74.7498120959981,70.12292740096002,76.60017411435673,94.4380779155699,73.96069568533369,89.44995744714046,76.73072255661982,72.79950393488032,80.88636233752459,81.88584064285374,78.92948452770305,88.16882549237957,91.58895787052148,78.23137355046526,89.38681246195264,62.22332344907128,71.53687572631506,79.59045300954855
10.1016_j.jrp.2016.08.004,69.30544345042064,80.28429741681846,73.70092644500062,67.40431531402142,75.51211647202963,92.52924524487206,69.07686871060258,87.14273099331977,72.90403721798008,68.43530655739558,79.9472636522503,79.38074546847398,76.25285358460894,82.995539825023,88.68541555363295,75.54762608209994,87.35103791793755,58.82791758295122,70.45351490985965,77.9070356547139
10.1016_j.evolhumbehav.2015.12.003,70.81836635861907,81.22372827041225,75.8144597746643,68.50839391380107,76.41897995206979,92.78231154050573,69.7644453699238,87.78016877932495,75.92932066574204,72.84457317474158,80.43666288837474,81.2484660239045,77.29027538314422,85.5222674383305,89.54960883747296,77.53823341497994,88.29932579433957,60.98424371756658,72.57898322235063,79.77165814520448
10.1177_1368430215583519,70.21288494464866,81.67034086358805,73.17661803837146,67.55604091897705,76.23309042942047,92.05774854617437,68.59783803313698,87.12681268166628,75.07020770006767,70.78849040708033,80.2647197194453,80.96637014419207,77.35231047797213,83.43881794916717,88.64034954217755,76.71443966501714,87.59022952891839,61.02141370542183,72.73061932100755,78.58768003131202
10.1016_j.jpubeco.2015.03.007,72.1451214367392,85.31068563800757,77.42405999578831,71.5590239149925,79.09488032027306,95.80706375332082,72.9510207162661,89.92514121645256,76.55286048189943,73.22570748610306,82.12904382113602,82.6925301955578,80.11180828244908,86.98664836210385,91.72185697145929,78.25896268669945,90.77389790818034,63.369511643413,76.54655323336513,81.23076128332866
10.1016_j.physa.2012.03.027,71.03088042463048,89.087878144974,82.70018780404935,77.59210091525316,76.7836922316326,93.38554416885053,77.17502589896752,93.58668689602146,78.88672925609595,79.54760739732583,86.5892586414664,82.16832876952869,,89.3699191486902,90.00971328688306,79.79974597083297,89.0977388114627,67.92946870317175,77.93125817848487,85.18394820657069
10.1016_j.jebo.2009.11.003,91.42820509613904,99.56782875888968,99.93488375834201,97.44533445100869,98.86676442528307,99.99272653015962,90.73806272621721,99.88770287357653,97.57513909518555,97.33254197277901,96.75785674912878,99.76605114227047,95.3388789063076,99.95404229661007,99.99675035480145,97.62022329474298,98.57686494366713,88.3517851982818,92.58413833594034,96.38025238412936
10.1016_j.physa.2007.06.008,79.38621550017898,91.73656949295857,84.47332259431555,81.25839930547814,86.19773006682341,96.33063856199716,80.3605420349211,95.2581421896607,83.72776970947669,81.0791049449742,89.0761616177183,89.33467454844798,88.02515019013923,91.89957180129207,94.1255799637906,85.93755495442808,93.9822306176901,73.90495522895496,83.74551051948644,86.39272892515191
10.1016_j.evolhumbehav.2015.02.002,70.61132371218275,80.78690603154485,77.6530649970018,76.98051774099498,76.3877253005868,92.53999515471406,70.75141381536572,88.03842044108555,72.97045985334283,70.92786333267294,80.51083390290624,80.5153613444623,77.59904894098136,84.61473256625729,88.38138779202598,78.0710859254174,88.39140057100951,60.66662725025385,71.49911765852913,77.9771120134699
10.1016_j.jpubeco.2014.10.008,71.31446053322941,82.6748343114214,75.42366707225479,74.79186197002696,76.86359620703804,92.3922107545003,70.50255684982245,88.50423150132148,75.03770392319322,71.83216786760214,80.74623583579192,81.9117183499406,77.5983837245716,84.88263618341249,90.43882562604057,77.0141110654686,88.53663435237664,63.11563036024613,73.15710897596084,79.755149684203
10.1093_sf_sov110,75.84464140473372,90.37394187188188,86.65689084979188,81.76633165391006,87.04817748542423,95.46859911758696,78.23881820225725,92.58626819729461,83.61831081520884,80.71250974582976,87.87800028040462,85.39058232306452,87.4926864118355,91.71499032485656,93.41792681888246,82.5684542091222,92.3889263375726,76.37207782541704,84.32249224354155,85.88267835795573
10.1016_j.geb.2012.10.011,72.15536082692434,81.09941060769437,89.10238050150386,84.1582528020704,85.05259857944657,95.40025115964853,67.59878221023455,83.19423411864068,69.17720592559598,80.4460296011551,85.87939538356687,77.21990580944325,88.6448051421266,77.88930015080871,84.28283691431426,81.6843866541856,90.49806907756599,70.20953895010999,81.16530880429085,74.95627632220368
10.1088_1674-1056_19_11_110201,72.98957888335649,85.2804298507535,83.770343823691,82.80735890183114,81.94389523206304,93.7320164469707,72.47777890681667,89.19448735562958,76.63347342231276,75.00605694048583,85.55264451164484,81.72133275978979,85.26372328860143,89.27185321161456,90.7560176943567,82.10229430391838,88.67303842535446,70.54481859560872,83.35682378345977,83.36172955448498
10.1016_j.ecolecon.2008.04.021,68.76967330395718,81.39923428690929,74.71755730556691,71.77247316518225,77.00113195883166,93.70101780825603,69.54530648005743,88.3809969778728,76.20106217773177,69.99646434830954,80.91518181839638,81.12555807619663,78.84063234279553,85.56864170722511,90.13236636432045,75.35677961083873,88.46042532493608,60.40437529082555,72.0611980991654,80.08375891976193
10.2307_2786703,83.93250110578118,92.84504836735316,89.55967598562178,84.80485088060773,88.07837549616617,98.08184100739403,83.4241156207764,96.64609835167472,87.40269269606348,84.12547339884243,92.15474922545012,91.42071899244617,90.11707775991236,93.84916328097843,96.07534424743477,89.77497389559377,96.11527698861869,79.37354615811951,88.52217970105106,89.36501015903728
10.1016_j.amc.2022.127308,72.36846745255477,88.74291990455063,81.99337572363746,77.53546475437466,82.37585864359,95.8377273285416,73.98268781709022,91.07886033477685,77.05188509881506,76.89946841942343,82.02014779349145,85.30105684128088,86.6606343839121,89.50017204678609,91.4738942642422,80.56439898850705,91.24835495343166,66.85328919330459,78.1469472984706,82.91963123094888
10.1016_j.physleta.2018.04.031,73.46047345300872,95.69105187365383,90.965178968534,83.32270627611533,88.29064137580238,92.85121583422159,83.59552354529731,96.22189104387779,88.01926077733049,88.18426295146445,88.56315352770429,90.48546251944778,91.73951900373518,93.43590933425912,94.20092103157678,89.89812285643207,90.20144660992756,77.34465050579199,89.72576480114424,87.07131573322327
10.1016_j.jpubeco.2014.10.001,70.24734799297033,81.76362586367945,75.34073562216902,70.11012768186504,77.34452685184121,94.71786633447488,70.16815791062912,89.50821770390478,75.87498062282107,72.19340854597534,81.06944768168333,80.51302393887265,78.25824825605606,85.31604226831287,89.39201387389694,77.54710548223153,89.11405240682885,60.66205362881965,72.66516271911976,79.87591377769233
10.1016_j.physleta.2022.127935,69.77503562553551,79.95020425598308,73.98448002708965,69.85890125830252,76.73665094465025,93.53098135214316,68.60534597970768,88.23021236497912,74.52222289688684,71.02288352997111,80.02380426171162,80.8102458152399,77.90353051021472,84.12078798180636,89.1333553130251,76.37395885943549,87.91944479397621,60.29950841707267,72.94803218319188,79.11804644192142
10.1098_rstb.2020.0293,71.70547122939291,82.65798845785784,74.54881890530304,73.34627163836359,81.40211254772974,94.30792484186544,69.94457599200172,92.90579256667102,76.54254852835687,72.9816335170232,81.71961648346445,86.12721778349191,81.67659353333437,88.68386563779183,91.24726294238233,78.91632577116663,92.22090874930825,66.74046960434289,80.33465780905135,80.15685402894853
10.1016_j.copsyc.2021.09.003,70.55862272368738,82.29497578857551,78.07024164524944,72.20016571671403,77.48089551011552,93.49580452777816,69.85004779502688,88.22852714025885,75.7196566548334,71.89824667368642,80.30177978421348,81.98786382886993,77.67682458748962,84.15240928439863,89.57399380193804,76.65429457377168,88.83305074757098,60.30851782988363,73.63172224440251,80.04262990583427
10.1111_brv.12260,69.38651126278145,86.81468029131646,82.22335226714634,72.68254777882811,76.43023892865735,95.01690249531296,69.99719764963278,87.09877555945886,75.84121168370109,71.61551939289568,80.34458599307607,79.60180691675446,77.9608802074924,81.58791398309114,88.97757558739572,75.05093087623766,87.49843946911884,61.687233773235675,77.18365792344248,80.12596475202321
10.1016_j.jpubeco.2016.09.008,70.28324856313779,83.06303735537605,74.80383148357092,70.07032994322755,78.2523563742991,94.1285873975378,72.78073396890649,88.66269744092926,77.6131912875575,75.49334152299409,80.85077113721965,84.23445895971462,77.2960925944104,85.7720577109015,90.21574846298878,76.46730653651674,88.49404119754425,65.78830900189719,74.40070945520992,79.14135558490923
10.1098_rspb.2013.2661,70.2062509044956,81.3783791684447,79.53808489284384,77.14998501672048,78.2668319115717,93.1652436522331,74.0525999848616,88.95213569765431,78.89992827718218,73.05271927404304,82.54210949632207,84.80695146450186,85.11373223287823,87.82881494296845,88.88875333223305,81.00673982548358,89.13798763311647,65.47113185279495,79.42967779768546,79.88854638980725
10.1017_mor.2017.42,70.51880939934009,82.88460581729124,75.46715230390309,69.78874386573835,76.02861112630873,93.97407461031062,70.70175414887635,88.87305039020025,76.54178620597284,73.83058441690753,80.88645861794105,82.85250942175531,79.49782037619629,85.6533875592735,89.7786597308471,77.19185584190821,88.2086827666803,61.22855123913349,73.79959561539316,79.47490044885816
10.1177_1043463116634035,72.54858525767631,81.62084024440935,74.96235818336936,68.0506764853215,76.8471465826564,93.66876419058657,72.0360916164862,90.04131983214091,77.00504213350625,72.7227503062558,82.19804557948974,81.49913686553074,79.19095710668016,85.65012459396118,89.85323595906769,78.12999813066301,89.96979414275752,62.232630865241234,73.05849374443314,79.73124442741626
10.1177_0190272512442397,79.65689427194548,91.24361326297013,83.76633210436783,77.57354255865596,83.36564319490778,95.9246662040022,79.06265120669592,93.76183310771751,83.90988508108555,79.4642081645728,88.8728424883375,88.96292821003942,88.54660036462167,90.70998130890106,89.62485361832476,85.83547411526098,90.60835327457136,76.15805347748301,84.03974606365804,86.13650269441374
10.1016_j.chaos.2021.111395,69.67521698440218,80.26995515888049,74.29665672435421,67.49538975002572,76.17315164414649,92.99672998877233,69.41851253111855,88.34581498575415,74.77279208946351,70.65287390146197,79.76243500180365,80.520589617015,76.57684410598038,84.26391367988846,87.56396102046091,75.88024281111541,88.19204752162231,60.38931649024495,71.74173154850693,78.66298260684832
10.1016_j.evolhumbehav.2014.09.001,75.78573171988292,84.22145599693047,83.870212358214,83.00438577016185,83.89138892204625,93.13082246135515,81.71738669857079,94.97625150891199,81.11077340222599,81.53441727555067,86.07491666163622,86.28932363909614,88.67838457976207,90.92519182431484,91.7115790775325,85.78886760670585,90.30201053846639,77.37514691923187,83.41268323426037,86.11500271899234
10.1016_j.obhdp.2014.09.005,72.629980696324,83.20564701491936,76.59217115411509,72.74165429337178,79.19293841470123,95.31613615404686,73.15941181423662,89.32554873546314,78.09171404484367,77.07285305041377,81.01776549133047,83.42772703618343,79.35929444379214,87.24282723153065,91.1502344859062,79.18346882908124,88.98575350582449,63.46645870508354,75.74883307229,81.19928529508483
10.1016_j.ocecoaman.2022.106447,80.74629375602319,92.14866684161214,88.03318373341027,85.33506693080693,86.21216061727144,93.654803038354,83.37343842690741,96.55211141418285,85.22110989745916,83.31648813076738,91.64565762018762,89.80443431977598,88.94927906203444,92.03446922009414,93.64554788837057,88.17475888078715,95.52003672430757,76.45866076732457,87.02529867018035,87.41081604671984
10.1016_j.amc.2022.127703,74.64423972908553,91.12651990876425,86.08396923097453,81.32352302707548,85.69548730192028,92.85694621574669,80.74856993869801,95.46240438967774,83.22977923826043,81.51321162660659,87.73079226637533,88.77123805447346,87.73908381337645,91.64664144362179,92.77547745404185,84.81235633660407,92.87661881043037,73.69044353375546,84.4848392541679,85.82232776920941
10.1016_j.jtbi.2021.110737,69.69375546848613,82.68502700376985,87.11855403797134,77.29336508295066,74.18596759580812,91.87616913245621,69.36637926086073,87.37748229436667,73.641614867774,72.49450036174466,78.1639040206308,82.0956839016699,81.27422676103598,83.4387058272556,88.57359850836372,78.96883214635827,86.66695971770235,68.48495883349963,80.47999575626606,76.6553617736814
10.1016_j.knosys.2019.07.006,70.62771206188553,81.3059596683106,75.00665437422495,67.87910119079258,76.59790888504273,92.35833734020864,69.86037704136011,87.86883795612376,75.01890761324692,72.20253147685634,80.02887327863859,81.10353120010996,77.11327845814391,83.94871297600739,88.37699240116852,76.54224855570989,88.62972767023922,60.852594962389276,71.96747985624476,77.64254054634127
10.1016_j.cosust.2014.08.002,70.52561392549335,80.74428578809973,73.4853267012017,76.10904161640197,76.83840728653658,93.70190036806488,69.54888746222878,89.50818197802387,75.29636438677987,70.02993238261638,80.73062405988601,81.12638155733983,77.99645552829436,85.03262704629326,89.3844051507238,76.80856291609115,89.91862843185913,60.34196662786941,71.90664032420214,79.50568900234947
10.18564_jasss.1805,71.61855189405169,83.26944178331037,82.21061179867347,76.88523206503463,81.92045589491808,95.98848279902421,75.40319905655593,92.82848680996878,79.85737554466235,79.88008665621027,81.90875260281183,87.32304778244472,84.13664442502562,89.12357716883953,92.1150892127119,81.90402064812228,91.5034027754237,67.31074450667697,81.05260217347947,82.85977301270428
10.1037_pspa0000375,70.49301282126426,80.20492374097905,74.41247741891529,69.28749652338446,76.47228540435873,93.37084427637271,70.26126293156952,87.60984218999074,75.39679906071433,72.05333183117534,80.36418231847298,81.17384755564656,78.12322043064607,85.08976873890241,89.11254771067883,76.51062687980078,89.23108348686567,61.17955742445865,71.6401172921256,79.0939412877722
10.1016_j.techsoc.2021.101843,79.64828674886246,90.39064001195182,84.2447710779279,83.54179004822164,80.01579312048061,93.02759812274952,70.8872232754152,95.02825046358306,81.87802170617233,83.61106033987954,79.61533722690022,89.78968718054185,88.09178236520049,91.46545795964938,92.13084950276397,87.30613560411555,88.89232453544628,72.35325788813667,84.74604441967075,85.74915155183311
10.1017_ehs.2020.2,70.35158963326556,81.51451179178655,75.71379398540036,68.48615435979768,77.19804990887852,93.54941991441082,69.93454278302386,88.72331270567611,75.23149952865793,72.2356043000031,80.14211745868953,81.78608238077713,78.12952611312643,85.95020951129031,90.07252030835663,76.5930989227394,88.82683108789114,60.811655245631734,73.23314183359858,79.26074966971291
10.1098_rspb.2019.0001,67.87823755791233,78.78518408375263,71.40657314189572,65.69946839751206,73.1052915317425,89.09790132929189,67.05094962830785,85.45311771754592,70.37951133484263,67.73823874428915,76.35802639873688,77.99714321011933,74.95974401731314,80.78208789475026,86.03674357559238,73.61434188087202,85.92060023832133,58.70119338009558,69.15941366231911,75.87735373376037
10.1016_j.jebo.2016.09.005,73.7623047185341,82.99869099403439,78.28894542560482,71.99923521862377,79.65263126713421,95.06499320374165,74.22284354613824,88.62549197859303,78.64653995632928,74.07554433848897,84.48292580761813,82.4866869943211,79.48659593964621,88.82870265087928,90.82274395040736,80.58219677511278,90.89328711488238,62.11965645297454,73.30920382337357,81.15528315727416
10.1016_j.agsy.2015.11.012,69.62844835059428,79.61369833025228,73.7353141958549,68.0296077659895,76.40442509138535,94.84623530648322,69.08888532719243,88.6376658565138,74.05741271279626,70.91134071836466,79.87131130588705,80.63795593715983,77.34494036128088,84.93522980832287,89.03063909461021,75.68166560053326,88.0494590076446,60.19281054881327,72.89304481918454,78.73479843023398
10.1016_j.tree.2013.05.011,70.32099422760918,80.55849307729177,74.27883144446359,69.54773100786454,76.94327388147677,94.12336331558278,70.18923857125331,88.86387589230392,73.82288087914601,71.01429290904323,80.71842777922687,81.1291126209838,78.0045983342305,85.85330954590826,89.98237257928079,76.91105717659822,88.40537949557607,60.75202496693402,70.7922709677731,80.24596595390062
10.1016_j.jtbi.2007.07.024,69.49560740700298,80.98075561239577,74.34682041567945,67.70826919203806,76.28103038661187,91.90574872007491,69.93625212518737,87.18905948543198,74.80138184092664,71.22775248429966,80.10109491395326,80.31959554678241,76.64146229954993,83.79863850757235,88.30737938904386,76.35197189785545,88.20579201897237,60.63506780091934,72.33565747399665,78.16733222826554
10.1098_rsif.2019.0127,74.8960068173006,82.43496313571929,82.02279154535847,78.08482823709527,81.10458834887838,94.75854917312353,75.79350769311829,91.8014022578302,79.13176653289956,77.51983702438967,81.85154482001526,83.43320780867691,84.62856235707781,89.7081355916424,90.41555646031955,81.15729918958661,91.43902170963571,68.62541225816733,81.0077572681232,82.09401366920635
10.1016_j.ecolecon.2015.04.005,70.52724334306615,79.98403218152461,73.86588018051411,66.98771557060012,74.99370404846992,90.86851959168678,69.35240393618784,86.31033629453921,73.09383197234737,69.98087101949923,79.14574824406873,79.52569054026162,76.58003609108127,83.05073527299027,86.55212861705108,75.30312657579739,86.8783387196067,60.34760817151246,71.16312529038709,76.73078227839792
10.1088_1674-1056_19_10_100204,80.15936703077823,90.51182737886442,85.70959502718719,83.87137191738998,85.27689928404352,95.13612008429635,77.82504332414243,94.46764248003292,83.16121707253029,80.97314208397826,88.47654823449173,89.10256250021861,88.3422899247044,91.80923486536831,92.47687462927416,85.75525843611486,88.59941144349357,72.59557416349485,85.94264097861789,85.96434516616961
10.1016_j.physa.2018.03.004,78.84032817009401,91.655309924708,86.3852572446634,83.92339468875096,87.25984844424308,97.50840361725547,81.35504117190001,95.38052771744992,84.16268916565511,83.45810185177851,89.27958077376559,90.60714394409838,89.63125610312282,93.3658853648407,94.91169430398168,87.52967379149933,94.65917836144123,79.76943619849017,85.77138069903631,88.96848283966699
10.1016_j.knosys.2017.05.016,69.85932705723638,82.57255535522802,75.80948085634925,76.7038954267618,77.61043351174501,92.83743239384667,69.89343110731883,89.780641208986,74.69142460676079,72.30077896410945,80.25718844348204,83.07440444029027,81.14639953826507,85.05213620183633,89.85900226807318,76.7422251468145,87.83502743717295,68.68197282813036,79.72426240840706,78.83441495444163
10.1016_j.jtbi.2012.11.034,71.64856009046903,88.82868378642584,84.15757357623632,79.14146098174916,84.45934837145984,94.05407306160922,74.86463038506527,88.87099250991416,82.33048402885689,80.7707286270123,81.60255673819753,86.94753628730734,88.4913919148648,89.16800323381165,90.1899566927926,83.94812233094326,88.80966030715064,77.06719941484988,80.47914104102976,80.97208729956814
10.1016_j.anbehav.2010.02.023,71.48035781915176,80.31728450029867,73.65231942934584,67.88887093044559,76.34778093162716,92.70185757619434,70.08864940226188,88.59104427107448,76.41021260116511,70.78396141663413,80.4795196459022,80.64770007069103,78.79300003066709,84.88453021710363,89.11452336028673,77.6898495391732,90.2906633327325,60.82012268340876,73.14126281005956,80.07813970638298
10.1016_j.jeem.2007.08.001,72.02846466249892,82.75595846056603,77.96655712643351,83.40021122716797,81.72119472953393,95.63949050984644,73.19735258519434,92.92488303448815,77.50034142802213,77.52467037247506,85.7099891761135,84.770899906369,87.69321604617113,87.81559177343586,89.45773958815083,81.41874416494188,89.45393158122991,71.47850352912535,79.89644191817004,80.73136536558486
10.1098_rsif.2024.0547,68.49600249390747,79.92610709017681,71.5393862095022,66.75031445006796,73.00614418131102,89.51799207517486,67.4364048442509,86.8649338472003,71.2478294508402,68.50673500245722,77.50854261749258,78.3737776941511,76.36814914959587,81.53841654157624,86.64752771445836,74.37186668707753,86.90337497920211,58.768627864025895,70.58876057873015,76.71929245035035
10.1098_rstb.2020.0047,70.57149495590804,81.51523754416041,73.53172696726259,69.61325866377551,76.69153841908921,94.345965074949,70.14220713573393,88.15522743454386,75.39512515199259,69.41793339810084,80.7995936355677,80.78628077271694,77.34719045601547,85.18292921337685,89.87479856963162,76.26478304299042,89.59032819728058,62.2392403852874,71.90723967347576,78.79289117110302
10.1016_j.chaos.2018.12.040,86.68712179014902,93.99366373903915,92.2996148428705,89.3511939585967,92.98139960909916,97.70631107159147,87.80720436765343,97.38752646701839,90.88736267094764,88.89279190623658,91.01438892668841,93.48999511941334,93.34685159282553,96.17145383871639,95.42267184783498,93.25498991730527,90.10306681070726,84.63454702945788,91.35473004579096,93.38678283030309
10.1016_j.socec.2015.12.002,75.99620731485098,85.99996994629868,79.00707586103444,71.99997591883286,79.99997797876928,95.98847844179402,74.66467653284569,91.94346463019802,73.35155742532676,75.89533221114873,84.96768424385951,84.96658799699198,81.96334693640647,88.94408674348637,91.99994802426619,80.82863636844674,92.99651509615643,64.8992360212034,76.9999243185639,82.99866447745937
10.1016_j.jtbi.2008.09.025,71.471404015488,84.17590541882424,78.62179057072346,72.02581082199534,79.39876534362048,95.55720493674306,73.04666174982984,89.67677706076631,78.87515857316397,75.98590974245029,80.89698471247641,82.0757326452115,81.52536729786887,87.99419681841258,90.21506655736707,79.30684164922954,88.51805380528137,65.0409239693429,76.48587247886546,79.43268773028046
10.1016_j.physa.2018.03.054,70.63817730606004,80.78037268712028,74.48411285855343,69.28982002242607,75.87281443131239,92.77948876015355,69.63385402215836,88.62696553127948,75.51489643653682,71.3421688033829,80.97754924631177,80.88655338871408,77.9120814146055,85.39744517399897,87.80335572832364,76.27603497288217,88.36750386974195,61.61023798434162,72.16856665936994,79.3042338010391
10.1177_1474704917742720,70.41517943105362,80.9038570251183,74.93513096805225,70.59707298210148,76.15721089346717,93.14432149629192,68.85040556562258,87.46439293662887,73.15723477065241,70.04101544284742,79.83924688465373,80.30603027716691,77.14292394345482,83.07943358515374,88.61819866030257,75.37157984730139,88.74817398797848,59.03009047613619,70.97349937655537,78.41110264864626
10.1016_j.jtbi.2012.07.010,66.23853681633025,77.84915954341842,68.8818408804,64.8693248205214,73.11791722006322,88.553504094866,67.21645155786119,83.46007000524288,70.89115323000887,66.91428944104018,76.48942510846295,74.62235633382306,73.91665395761116,77.73096186833345,85.06376130992254,70.67319541195592,83.81595160717883,57.60239765401008,67.93905510540105,76.08177191714199
10.1016_j.ecocom.2018.06.001,69.82779210192975,82.01866462335116,74.47828980099834,67.46870251144134,75.71210515429622,92.83136315422843,70.07250032424585,88.45818954092336,74.33929171095797,70.77769791955548,80.2777866752382,79.74053027041326,78.29450170988603,84.37559377331546,88.73261693856436,75.49398961643048,88.50965967627236,60.52854612232066,72.7686071278354,78.99225150642953
10.1016_j.jtbi.2016.11.012,70.07927970549082,80.80903036218271,73.4311417122397,67.5047367000307,75.47335832009867,92.26586007305006,68.9051439552678,88.06447848167056,73.57050084404646,70.8037153517398,79.28754985161882,79.50855538121644,77.50543189138973,81.90892892821947,88.01196332938488,74.67604038265823,88.57603572226702,61.21250884706821,72.86009113540831,77.74513777785246
10.3389_fnins.2015.00026,70.39748400167893,81.3107079080174,75.19134638355818,67.14670366496364,76.40917322511042,92.6758000979464,69.6704131379674,88.5272851891062,75.70660072594718,69.46368569698632,79.98648037929662,80.50436559142547,77.62242398084811,82.8418796093872,89.22937617815771,75.73966916080482,88.07096837329188,59.357511734725875,73.04106427445294,79.02402184190501
10.1016_j.cub.2010.10.027,72.31837004436784,82.80932529230358,74.91138599423238,68.53598570449239,76.89773939307804,93.09655326906447,70.96282654473605,87.93855716123578,75.71770041254713,72.77914243659605,81.39089102292964,81.4156388933201,77.65798361815595,85.39038437528349,89.27224594559605,77.06639895802833,89.69885084612108,64.06120182402022,73.5515048152924,79.90372710706404
10.1016_j.jebo.2018.04.002,60.21764594642574,81.29235404060329,64.84953571870147,58.807342226531894,64.20862377478724,85.21626237474541,58.59420702258972,78.46027275088389,64.51551843457611,59.168358450123684,77.53933734941639,67.16985734947522,68.33435946034864,70.23382683582274,80.8009997812837,62.59547555142786,77.0945308043448,46.18615986798063,64.70859754891198,70.47788658350751
10.1016_j.jtbi.2018.04.018,69.95795702591637,82.10338784229485,76.13282077043664,69.78256205517248,76.3672082457632,92.09069885538986,70.93166827820411,88.09284152005254,74.29953953902884,70.89272049918415,79.7991948433768,81.10700497979958,77.29901417116781,84.18539758977583,88.33167136727903,76.36374291623014,88.84776253463423,63.061837294205404,76.33735196382375,78.32220933909936
10.1016_j.econlet.2014.05.017,68.29339076740499,81.35296427267788,74.12561787882815,68.17928368273219,75.48962188631776,92.45189761547134,69.20436167740012,86.92715156040393,74.74913205188527,70.21324597760292,80.2582627441138,80.47121866243415,76.53824049705896,84.73799426299156,88.77285210261485,75.4174081306664,88.32200282877236,59.76806414384379,71.21344674385837,78.59386100220699
10.1098_rsif.2013.1044,68.54324616049117,80.1922528614592,74.97383255075106,69.03782368222268,73.81521285818926,92.66674359367809,69.39913383530791,87.13378560030505,71.9285691889107,69.944873215495,79.18433163498099,78.85993830176996,78.28131624305311,80.51368920319344,88.07643987330358,74.93626118413087,87.45572046562091,62.540754682852274,67.86881795180604,77.22135577691392
10.1016_j.jebo.2012.06.001,70.92671566947534,81.57786976985913,75.01609234235406,67.74791180927886,76.64503614648059,92.98723648288195,70.23213211984817,88.0975842691875,75.27144909512133,71.20019274904037,79.87637624452861,80.95345955362862,77.25128503669939,85.30401860019342,88.6842693201202,76.99863659629338,89.14686794157117,61.20031961499518,72.64082390687028,78.84298586809132
10.1109_tcss.2023.3324087,70.86346167347351,81.78635261284147,78.44849157491646,78.78339363377161,77.2481765339048,93.55302878364813,70.12927841999817,89.77915871185306,77.34199815478516,71.97346018452365,80.77689988583869,81.58740632152686,83.85174995027212,85.84699269542625,89.34717735217545,77.1508130718776,89.37214876242699,61.570103140587904,73.02803407017046,79.19207259810504
10.1016_j.jecp.2022.105376,68.83483599625538,80.53545464887046,73.66027075514806,66.94891595214519,75.83619691868536,92.16371705690244,67.8641363803669,87.53495181894736,72.83748009949082,70.0803218793211,79.01293874654236,80.45258227181813,76.23870868803121,82.92026259736812,88.09544504264385,76.07304914913541,87.89231449481605,59.304955507538246,70.48114049420998,77.81248030930969
10.1017_bpp.2019.4,70.3176446413647,80.3477480687121,75.2564697997403,67.6652504394685,76.41378398388424,92.6872618093611,70.02066095722378,87.19595920632935,75.73714569741765,72.47004334037116,80.26807378424049,80.95736754430283,76.73322427026311,83.6644278484982,87.7822458801835,76.61106062760244,87.76949961643851,60.14215823747239,71.10205251997377,78.80792617193916
10.1016_j.jtbi.2019.110103,69.9915050701574,81.73759054017307,83.55705559818006,76.51969623177108,81.98128029848627,93.556836035192,70.66263801540568,88.25919353632821,75.95780946221755,79.5375529636651,79.96337911300685,85.277298063099,77.46066168149305,89.79925101192728,91.49534411283724,79.88470800886863,89.04236239695851,64.15902973748956,73.0982924923031,81.20394375977334
10.1016_j.socec.2016.04.009,75.99983715438772,85.99999519525079,78.99999896433025,71.99999999970898,80.00000000099804,95.99999976112247,75.00000000741,91.99999991339304,78.99999999453784,75.9999999996422,84.9999928054909,84.99972509208897,81.99999687239905,88.99999999277435,91.99906114021975,80.99999981684313,92.99842660602798,65.00000011209556,76.9999999987497,82.99999995000968
10.7717_peerj.450,71.1222282256205,83.58714235323163,78.54002099745827,71.91635812138105,77.06171286046269,94.38418487463406,73.10176101645061,88.80467825881547,77.26157116176074,72.3220584506773,81.2508227281876,81.97234871798399,80.99224871161745,84.45152777658096,90.14236796736762,79.88126506125272,88.99817996589783,64.51791514421154,76.12422688011772,80.13316508195959
10.1037_a0033495,69.47190722373783,80.41850966205256,71.84710161298901,67.18565836127983,75.76754833532821,92.17667964645908,68.4123415439981,87.50378386534456,73.80021005957134,69.80202982650174,79.72744854266492,79.84720566473784,76.4698777763854,83.79841550398096,88.16389041534885,76.01584579649172,88.29835439930561,59.65433267687425,70.37539915388838,77.7217993004311
10.1016_j.paid.2010.05.013,70.5823235557209,82.25750636159486,76.4600454323934,72.04136956962603,77.13146979332318,93.77087492703161,68.92652051185135,88.53364752916856,75.85192589662273,72.17970815375071,79.20046286944839,82.57126137614682,78.1131069567167,85.45940161525081,89.57201302402022,76.63905341974736,88.42567738563025,61.23266849838779,72.39345352029869,79.63669518716125
10.1016_j.tpb.2006.01.003,70.90626639594771,82.27310462818114,80.51928008063999,78.56085169437443,80.25373147171335,94.36010878742862,70.7272640694842,88.38999181075913,77.08414902956507,73.2532402534885,80.45942534797202,83.69480916250926,78.50832969432354,85.91822988755803,88.8022239106277,79.40541468134018,87.99542964936819,62.21018103077265,73.701389497159,81.89889670733189
10.2307_3005886,71.5664093725738,91.01095844048577,86.39963174296983,84.75334367283214,86.10713932738253,95.29444385617134,79.18783840759151,94.57535293273594,77.19511004100661,82.6276293108093,87.49040980364357,90.35054469374052,90.5721823386123,91.35133381931608,92.83615619822221,85.04729477203142,90.63877747488827,79.30444447118133,85.77144653749596,85.54538157217199
10.1088_1674-1056_27_6_060203,72.30072552404722,86.01460511434985,79.19006118393088,73.50047716240988,77.4796038763055,94.46694417426438,74.03972499078091,89.58870072382297,76.43070819683933,72.7638848592109,82.51562728577002,82.90630998986933,83.60263782530998,86.1681105694772,89.44533273221384,77.47715284442059,89.32977199332744,66.24596685466659,78.80685344318178,82.10853553196075
10.1016_j.chaos.2018.03.036,84.28883026856293,92.69580699362024,88.86909422258552,85.88921728176003,86.91991513818257,96.93586255736138,86.2794237364725,96.51854467626933,85.41060409387966,82.38921870999874,91.43522732020897,91.55127839847799,91.46820132049362,92.98399396994687,94.15479868468434,88.43846078497855,93.77112071134225,82.2402586693405,90.72828743192451,89.34520316069043
10.1209_0295-5075_121_48005,72.1646634969371,82.19126033795415,76.40543633114204,71.2588510689243,78.09024636414071,95.96130822687257,71.8980498977431,90.41482463707034,76.0443615176361,75.20325393403829,81.06891777802187,82.60992029624056,79.31609809818843,88.42417931675365,91.04849728822235,80.52241829492388,91.51269177055036,61.27143155056988,75.34405811801702,80.98586623602834
10.1016_j.jpubeco.2015.03.012,70.27415934516101,83.65113629089053,78.39033752933972,75.88418974919453,78.83016314888407,94.78830482871139,71.18096406026162,88.78604473341582,78.43044722970164,75.35737857929966,82.02380881196885,83.24547404060327,78.15174049246673,88.60321754500181,90.0361677110552,80.57221689079479,90.1186995370503,65.15539304448842,74.33669423550123,79.18134951387188
10.18564_jasss.2759,69.40216781495464,80.9336333734097,76.07223313935481,67.90359041490062,77.5596429724038,95.05208446565373,71.23805407209406,88.74301228694902,75.82158162335485,71.61444689804635,80.52201898273796,81.13130150044726,77.7785676977039,87.17647660636779,90.67066790390679,77.76181457540864,90.07153301592531,61.94337184608487,72.74721759435329,80.2935143312608
10.1016_j.jeem.2012.09.001,72.10596934656147,83.00267637998488,75.90283561268278,69.60871668294035,77.70390191593509,95.7425362362113,71.3189196026868,89.91101996874598,75.85151264817007,72.44203809042166,81.73976448504459,82.55445303448735,78.31174902663676,86.11819963585619,91.17883333825476,77.17598256777696,91.07956610772018,63.559165393767046,73.6842330034123,80.45812378376189
10.1016_j.jtbi.2011.08.034,68.99920679987748,83.91849769428171,76.33185449989067,76.91258262157787,76.37513317521345,93.16181036824973,70.32648844093552,90.61309787539967,74.7654450162303,70.25960488521271,80.99283504844824,81.96847176418551,78.7101752664769,84.70897738005972,89.08571101873962,78.051724893744,88.8657266171943,61.2466062503318,75.42631138018025,79.13794992611271
10.1017_s026988890800132x,70.33538827614504,80.64710289235988,74.748450351014,68.59015599201389,76.59333555753663,92.5275268383179,69.2901335125125,86.50904429803066,74.33121495154347,70.28813428112103,80.03796175710538,80.7927404252806,77.2893421984776,84.88427908614997,89.3045329309446,77.15529863993035,88.91871256897194,60.39277509940609,71.6601535074151,79.26159706479591
10.1016_s0376-6357(02)00015-3,69.6238279555713,80.22549508513445,73.52257234778537,69.28075618172706,74.81012833977907,92.9136626950315,68.45760211866573,86.62283838596511,74.21556112676947,68.5252313925593,79.15966457916544,79.65666067002122,76.39879573633404,83.59663463786964,89.2496844619221,75.82433894266093,87.3858276326199,60.85009236837968,71.36567810554493,78.05035647315545
10.1016_j.amc.2024.128844,76.90022107372035,80.86691586183194,91.00736834113627,86.72182544595292,85.41576272755566,94.78114470930649,72.11067756163325,88.08291485573916,85.52862575335642,87.95988634572073,79.98728904034654,90.65589822481971,85.94062841709648,92.25381056115485,92.8534823438805,89.74159065731995,88.93686280064324,72.12608282944477,80.98977629459678,88.27906891372142
10.1098_rstb.2020.0300,68.61430370870883,80.38755919083233,75.3833923224699,68.03948803646567,76.00964545157268,93.05628834345788,68.80594627240302,87.47056868172736,74.7692571680434,70.0118512649431,79.23355160143925,81.12286583318037,75.8477578630513,85.44607876674358,89.21393438323777,75.87695912954474,87.74301999894256,60.12379591628045,70.67412105443046,78.18544451441359
10.1287_mnsc.2020.3762,69.90439945583239,80.4485569611775,74.25677068660093,68.87480308452197,76.34313523131968,93.75092959799542,69.58965178200638,87.47322893172758,75.18014491175317,69.8254312896489,79.17241397367157,80.63051673326756,77.28552975129139,84.87359987138646,89.09933412324268,76.2779141106969,87.68889019936664,60.554736081103385,70.86343427760913,79.07247369231851
10.1016_j.leaqua.2019.04.002,72.38055682143181,85.38419486588424,81.2145915814323,76.86894783372593,81.97842772102403,94.66455318341711,74.201915352059,89.52569154301615,77.16330473016295,76.59561012177578,82.83467180060597,86.77622840013476,84.85889968500487,88.96767207438735,90.86173411028534,81.69732947090168,89.94532365240957,67.29102626975903,77.75514370808608,80.8877488651546
10.1016_j.cognition.2019.104040,69.80838340475998,82.38894362602086,74.17650996723948,67.45567827539257,76.42537493745928,93.79152096052573,69.5695312978505,88.04941946204505,75.80562542998499,71.83502865555688,79.8173938963616,81.74665884741206,77.46762268332942,84.95046725525977,88.9213464280362,76.58610811624018,88.90209630275078,61.2362073696141,73.15600599234021,79.09614963798602
10.1016_j.pursup.2017.11.006,70.05282522930399,79.91205240273297,73.2538860539252,66.92571656921625,74.79949592870518,91.54739602815108,68.4005339638902,86.89864467129934,72.51568516937394,69.20322408319018,78.80503934722877,79.5024831369015,76.13091008495905,83.6297230155735,86.99670500669103,75.16570239556205,87.11080157617329,59.69772031722503,70.09730423425053,77.36586010179539
10.1016_j.chaos.2016.12.008,70.26375497152112,81.16290849218102,74.90359373502493,75.4466120087432,76.62427784537226,93.03641895515047,69.57711132238995,88.39284701976656,74.89801416141242,71.04119232351066,80.77672872867207,80.84653473387891,77.88037109695863,85.35974906781043,87.92731653546991,76.8424729457002,88.96571824645568,62.947763002539936,73.95031675650131,79.10129033173611
10.1098_rspb.2016.0488,69.16068682329767,81.84532827408472,73.48864780517647,76.5770529640917,76.84463204480247,93.01027546880036,69.51642225458632,89.06297272302402,75.23101017539604,70.05167324737783,80.48112200349671,80.69087211502568,78.13234312819303,84.81024302596377,87.93830081116518,76.5728521401667,88.30634975065696,61.12479696939731,72.62801388836505,79.34634001044263
10.1016_j.obhdp.2016.02.004,74.62866483012402,83.64394405912701,76.82351811261684,71.99455530507764,79.99994824737924,95.46714742083637,73.5856815644516,89.37091502476018,78.53374044935762,74.60306704567623,83.77518506630301,84.85510745575763,79.65306620573644,88.99903074868575,91.89480871344901,78.68665001859772,91.36422890850046,64.47858999435043,74.77201718037124,82.69566209579244
10.1016_j.jebo.2015.03.018,80.506483881449,86.18688014448712,87.51726435011139,84.54863619267539,88.69544124109446,92.08106339660728,81.85940289070258,94.17099734462649,84.31768196428641,80.00880996189142,79.7738926988841,85.74891058267143,89.97018915397364,87.71083197956136,87.40742305356035,77.94450472732315,88.32887913794623,76.02829599540708,83.53699449666313,87.96435227332718
10.1016_j.jtbi.2012.10.022,72.09472553635743,83.0712923415839,77.30639213225604,70.34562814217611,79.99909033744602,94.01474094005205,72.54990508981172,89.80507951977447,74.43218614091663,75.86295388854082,82.40227465425065,84.10810126601287,79.43823656650424,87.94617715570666,91.59173571491604,80.09681567083845,89.93827209381233,61.31704766956882,72.94543184932294,80.88844884640534
10.1016_j.ejpoleco.2012.03.001,70.93394805811957,83.56494955999756,77.13695400477339,70.8403953039489,76.93604488412011,94.47980823207622,72.72404917246051,89.55572078436248,78.08591942055426,72.98733267889004,80.78653450897225,80.93527333629501,78.93378139437473,87.17304439156969,90.44920261663349,77.95889785928637,90.05061855505527,61.535572454878135,73.61407027933171,80.05862371436706
10.1017_s1355770x08004592,71.27706835711965,80.93219086576637,74.10642462463186,69.20220208368757,76.2488108187051,93.7400412579022,69.37776249741245,88.29021250252336,75.17900470952718,70.72518434268606,80.31564611345925,80.25810381694471,78.77932204903672,85.4236406765165,89.51534833513944,75.67546856086366,88.95926151171076,60.068748511968906,70.53985483398206,79.47043601555808
10.1016_j.amc.2024.128534,70.52289056563623,88.12613869693392,78.08651469030838,75.22417407732786,78.03077912845833,94.35387297498616,76.06017225743288,91.09496541225619,80.18202599493853,78.8129854225949,82.39586505482764,82.134045850796,84.75321345867167,86.36280756836521,91.86185278200273,77.27338776203871,89.00098165741542,68.52709368567648,78.25730814829564,81.23788788569283
10.1016_j.chaos.2023.113562,79.19904557971941,90.66657810640869,83.93985950246736,78.67712663238208,85.1045563284123,96.26082824051156,78.69693664840065,94.62361692449493,83.37413567374183,81.16504221529831,86.79556853249507,87.74654319656395,87.3304412859683,91.77457076399602,93.8384814770366,85.71246470429995,92.46498230039674,71.15394122048556,83.26916390105465,85.61919016265519
10.1016_j.copsyc.2021.08.015,71.0662916654163,81.23384542031351,74.76397647546848,68.85331653272797,76.66623341810228,93.69548732335825,69.37144391975448,88.49702205384351,,71.06159530844273,79.94325847040189,81.35903407044016,76.94361690285666,84.773555453078,89.31605397539963,76.79438948111182,88.54403496207732,60.0800667505716,71.6580179327998,79.14068952387845
10.1016_j.chaos.2019.04.015,70.39025988818467,80.66980397431102,74.81129561497634,67.41427661036481,75.8041809785439,91.79480022601236,70.68508547102047,87.03874364351213,74.25891470110005,,80.59643637875378,80.2365186257074,77.27151617331913,83.06055114399908,88.20291393740186,76.22144716392225,88.12591216275268,61.46346663185533,73.09889644350534,77.41457562971667
10.1016_j.jebo.2016.09.015,71.35826125473135,80.86461916267227,74.25265946561831,67.67449603944878,76.27997884114862,91.213769250702,71.07079631021509,87.66953435037365,74.41853254828006,71.58197973625785,80.54768715411144,80.61297477858172,76.77056755412178,83.70362057155745,87.57254343361743,76.67761503784851,87.67322290003602,61.775883008345915,71.52171394011772,78.06133783368239
10.1177_0022002714564426,72.97435734313062,84.46173550698359,77.26943851682836,71.69372321183666,78.08874268337473,94.2199891297622,72.4052981829389,90.17889842212351,76.5908735557207,73.76891430155376,83.95305579899699,82.25345632585754,83.6313804446207,87.03330251888042,90.33866294975348,78.64434571592686,90.21407155501639,67.30037513172987,75.3253223402394,80.61538117538133
10.1016_j.jebo.2015.12.006,99.05474488866969,99.61592692713887,90.11715725611398,98.58542270074858,99.96631283163917,95.99993232564923,99.9821811084199,99.94209292300332,79.00361045882873,76.00024638422441,93.14721369982075,84.98626651140476,99.47236552671419,89.00438994878728,91.999133668014,81.00000952657021,92.36046738604118,88.97226184827969,96.48810765527111,94.35501111253338
10.1016_j.jebo.2015.03.009,74.33334992230753,87.276756018258,80.7903096658579,77.08313309437587,76.61721379606907,93.1295848131095,78.09803352611594,91.0154539903873,79.53952840472252,79.77944324897861,86.711286932841,82.63890708579031,84.38441788252518,90.33019997152614,90.06076365856687,84.30365947052431,89.64328057731872,67.71977070753016,74.47454042893031,81.52889351266712
10.1088_1478-3975_12_4_046005,71.37014662913083,81.66298503586796,75.87602709649067,69.56625802216489,76.50721995064175,92.93748754975107,70.54466657384883,87.7474743397665,74.36672557440814,71.7746023240646,80.64594994145654,80.23367685791878,78.53736665160396,84.86414347129693,87.83833276525394,76.76727775661895,88.88410000939389,63.47805570688777,75.67499794519786,79.30105276596196
10.1016_j.joep.2012.10.004,80.34652327096894,87.15546262962934,84.21638626398733,80.72934101508636,85.03528470743706,92.98365144844259,77.55276384113526,90.609083960767,79.30038020247319,79.25555223670466,87.40091465467901,87.54138507463446,87.45882539172803,90.33754636237072,91.6828165896622,84.6096149138893,89.92849148569647,76.92343505136614,83.99802093663374,86.43278547215998
10.1628_0932456042776140,76.46765575163388,79.81809978228328,73.24735308627585,88.54930965251853,83.89574186211445,95.99566518881147,68.0626200305871,91.66146770912049,83.30909970747057,69.6582871624841,80.59415805164255,84.67421894460618,81.37402982453686,91.40596571343944,91.696384658235,75.22253326641447,90.14821450306613,59.41481823896116,79.23844527630699,77.88623930406392
10.1016_j.chaos.2022.112413,74.75447616252684,89.3692805744513,83.56693740209654,78.73496558919935,83.3517974469505,95.64294761539578,78.67597471557431,94.18052875946019,82.56689399592848,79.39268994603898,87.00239550232976,87.97910899711991,86.65865708693427,91.00504628014396,92.59638759366699,83.52312351520766,90.093365542663,70.48243187089935,82.22387884509342,85.28127500505522
10.1016_j.jesp.2020.104096,87.409935308521,95.67588762032553,90.06552853281956,88.06466684955825,91.10543284707457,96.34482223380408,86.2118530526889,96.85823093151733,90.21485381195181,88.13302644702087,92.15009586014658,92.76567138524959,92.45570242191944,95.58758795017822,95.85303673534682,91.19906671306893,96.6229986323844,82.2634030690404,89.1422905617083,91.45610945375654
10.1016_j.obhdp.2018.07.001,70.05454172641912,81.1612961239433,76.29764801900993,68.41740710820022,76.90168022322295,93.19408233105237,70.25061653862086,88.62719301361273,75.59171933206133,71.46274571312497,80.42516336079521,81.42755493986012,76.91660926758918,85.8930750482151,89.16061784792805,77.18557685868697,88.89208200909586,61.18354599089407,72.10894203106776,79.52183758234564
10.1111_lsi.12256,71.05443916461792,82.56855885811159,75.33120879255098,68.39727696169567,77.00384253633256,94.05710842946961,70.67468865577042,89.46804049286125,75.76030892192635,72.57571730117644,80.92201747293898,81.09940463773755,,84.28197451736597,89.58169844148244,77.62564901905549,88.88570541003612,60.32602485183004,72.93995922639317,79.98882364523386
10.1016_j.obhdp.2015.03.006,70.08771506517985,81.3418625129316,75.50471159603512,69.01722851661818,76.81765033087538,92.74720843624469,69.7311315629034,87.3226018349613,75.79137895726875,71.8337925641186,79.49044855568596,81.39743115400435,77.54757856425147,84.97240695003669,89.29992167816637,76.83609725566677,87.87336026237227,61.315372904906916,71.8989294123208,77.86831011788681
10.1016_j.physa.2015.01.029,68.7343422751097,80.76503106239501,81.97148942140565,77.1253143973232,75.62216172071606,92.25132919382838,72.62860703650223,88.98853250050097,74.0533345965266,70.76519793305705,79.51800778089104,82.8792911467809,85.04701180811551,84.16881840795294,87.21311097278546,78.93105915563372,87.1959853632759,63.9083286151609,73.47629998923541,77.95875126848759
10.1016_j.eswa.2014.02.050,71.78089062720697,84.60625316591279,75.82278245740528,74.96292855071145,77.83683519516406,93.44864313333125,74.41096404058831,91.15609574437448,77.25993905290251,74.92644717265689,81.91513285344712,81.3791931919885,86.61101519313875,85.76000751714339,89.36357816376156,77.51855582444992,88.6465134961392,72.30916841200849,80.08202628378314,79.41199834028193
10.1016_j.jebo.2011.10.020,70.98482348427132,82.09408339702924,76.45556580437393,71.40724051750321,76.6531649784367,94.55987175946709,71.62436705193137,89.03446210482844,76.18554244709941,72.16787344580328,82.4610556881223,81.86181338608108,79.07120523952749,85.90181189793411,90.35161657017552,77.7971392473617,89.51675042225166,63.24938156973594,73.69509801259534,80.35629768663986
10.1111_j.1420-9101.2011.02398.x,70.03125041678105,79.52210348408897,74.5747088884544,67.58273049846571,76.25776080488254,92.99519820342557,69.00164900003703,86.39335027913805,73.89371691255192,70.29001930559194,79.87485055663899,80.52294059717342,76.59673878857535,83.05836376806758,88.28596669070281,75.16401006529635,88.67664673757349,59.917502750094975,69.70658148239599,78.72763369889874
10.1016_j.jtbi.2004.12.015,68.69448556320859,79.76189243193573,72.76077756197417,67.19877053059874,76.11588831091566,93.15603568533777,69.66856344751064,87.46794268752294,73.28888277397212,70.56483548507242,78.93664632938835,79.71787159316594,76.40674103846288,84.49392085426214,89.00274818117686,76.26136540447634,87.28827154495889,60.42173644589579,71.28717970880311,78.41603643341989
10.1016_j.physleta.2023.128837,79.70151996395953,90.9291534950531,84.66679203800605,84.00884688514257,85.35175002255136,93.2601424987733,82.19440377349117,95.33827652680425,86.2772401676321,84.13922522000112,87.82090410747944,88.97195984905234,88.21506815328388,92.3704802842591,92.35875920581485,82.8562158076687,91.15683291171837,78.12208484431964,85.19738159441614,86.43997184192983
10.1016_j.chieco.2022.101826,81.29456017909892,91.84611951628713,85.37623297764453,80.67720748088826,85.25090167388664,96.12096531393365,80.60862536092378,95.28707136443015,85.12839085622907,81.87007637987105,89.59856437299271,90.85858085467196,86.82163909680463,92.3571177337415,93.5661378717843,83.9807210256981,95.59895408015066,74.78533497748099,84.76557241730463,86.64037766203171
10.1016_j.evolhumbehav.2021.04.002,81.65502152369993,90.23805773381338,86.80523154966552,84.23837141462435,87.6535739621411,94.67171695111334,81.837396186796,94.57361406322144,83.74265177317551,82.69473557698186,88.63680290054502,88.21425308760332,89.20624492211125,91.32661854548986,91.32269954633992,87.53043632581286,90.87152697507624,78.1259944050538,87.83463614874196,87.64106904513392
10.1209_0295-5075_132_10007,70.64449645212346,89.61836870484069,78.44575400738046,69.86299700182012,76.7969883396536,93.58753355647117,69.36902820537057,87.5003700905574,75.5874484881806,70.84269419339,81.08124398150906,80.12236458445346,78.44346542338347,84.945553728846,88.69239334521023,76.46143462579411,87.30742396399641,59.512481900720616,74.45605060155418,79.75775574368231
10.1016_j.amc.2020.125063,69.55700640775278,80.68339204962184,73.68643941867872,68.43805161508394,76.4087164100749,93.69879446925522,69.22314332952394,88.29154577747843,73.06531246167819,69.97840046187834,79.88845356794933,80.6943913926063,77.15043562174371,85.96171808465806,88.77575363432746,75.57875177537649,88.94761794355405,60.32107353376659,71.11771644843941,79.79414052425903
10.1016_j.jpubeco.2018.06.010,72.95036996038914,86.74919874659136,81.79383156958677,78.03300788834471,82.53654126624456,93.43505300615163,72.98652574813158,89.74833384586789,79.81066578043658,78.75789171583149,80.79039258984325,84.58539251818435,84.91037714853384,86.23969186420906,89.19882611147413,77.31727798490563,88.89785077481035,68.71016840513539,80.76741746987616,83.94838365720686
10.1016_j.jebo.2017.06.006,71.77947686169192,83.35730090355901,76.91609612034645,72.28057560708966,77.6536095436352,93.7584599840446,72.40307817722504,90.03976545373742,76.14572675352662,72.1436833665421,82.3223969347811,81.87605952584288,79.3595540848517,86.32856441812851,90.01476300890096,77.90970341020919,90.04907996137152,63.56535698753488,75.101344063602,79.72823531857146
10.1093_aler_ahw005,70.22687975139073,80.76630528589628,74.51776119010424,67.46618593101084,76.2700461310914,92.51723686253915,69.85203916072855,88.24615066557831,75.16311458184784,71.35220408803154,80.5371047557912,80.32748334034237,77.14421783894548,84.99230106502186,88.73775594385081,76.26009109211745,89.46135069875615,61.11295177210107,72.3985040653701,79.22257518902384
10.1098_rstb.2015.0011,70.41045898074479,82.51766122273301,79.08498029538613,73.35867399173652,77.10310291810394,94.00827249784604,71.97894600828685,88.88088891755797,77.8814363974508,75.16183291780607,84.28159158469713,82.87759492291403,79.92697745424378,87.72944874984854,89.91760879889647,78.68945363817271,89.19333792492414,64.52599551494883,73.94321124319997,82.1796074444694
10.1016_j.evolhumbehav.2015.06.002,71.07700256893554,87.12042849676003,73.36794828218116,77.90926915312332,79.85422140327026,94.56168305520099,73.27357325596292,91.53497091495736,76.40379110650915,77.6975353525319,82.79869737571775,83.19782689799688,86.20785565340645,85.95800958476782,90.99127006652446,83.35606458297477,89.59237136257651,70.3095497132108,77.97147826362057,78.14439131807511
10.1016_j.irle.2013.07.005,77.08889010837606,87.27448106041795,80.89821569019455,73.7659409473597,81.13661984157879,96.02264218768698,76.50294524107979,92.73282569731535,80.38014232683291,77.21717791070448,85.06246515665715,86.56415840505917,83.9723690688901,89.9819106582361,92.77911779547823,82.37736906760384,92.4673373930918,67.42520597322084,79.2255878800009,84.08971547962095
10.1016_j.physa.2012.07.078,74.77617937549485,89.12280006678311,83.91343943738903,79.5651333317648,83.09977582775684,94.20902714089115,77.60810388574015,92.60072126616298,81.77788159251088,79.56401600393231,86.20487473979539,87.47368765083846,87.22854772952888,90.14131852444987,91.75428523836237,84.79341096186398,89.46107045599427,72.0029050213112,83.36127350471854,85.16767568129615
10.1016_j.evolhumbehav.2004.03.002,71.04552349768102,83.31201402616084,76.08426370986784,75.41011961479144,79.41377097086782,93.13335076551888,71.37928439267768,89.35198118549255,77.00350978862372,72.77900793438747,81.58558890543138,81.659315631893,79.31507129220496,85.32565155663502,90.73791855085983,78.47284597046807,89.17130683990806,65.19740272462604,78.63154905714585,80.32241382604892
10.1016_j.actpsy.2020.103055,70.72260492054527,83.61308713501484,84.06133134153707,70.7848150158467,76.12963719069948,93.25497182835797,71.11804357335872,89.63616791365673,75.27428994933885,71.21520506542704,81.19727340636975,82.17550515764252,78.78717986412593,85.2083489061552,88.96851493614153,79.83673803855763,89.17086192537327,61.650459924616946,75.18757006221466,78.96509203447357
10.1016_j.irle.2019.105858,71.4360864957217,89.11089699672976,82.94422467718374,78.553888915298,79.3069684035217,95.60337076110409,75.71627126466804,91.30555570556926,81.26083664315398,76.41776986879223,85.61796848123586,85.8540668242605,85.02979673371185,85.9160433404752,90.27434789764875,79.69709452330203,90.84940215153888,67.991627028793,80.90288900992692,83.01324101005976
10.1177_0956797618800042,71.21793094726686,81.10606419178956,73.65217090752962,68.26782052582368,76.29079810352333,93.24526471568754,69.56516735756477,88.68208232275992,74.50185618794764,71.65039645061509,80.17145189083512,81.45947336407333,78.61639726629727,85.19250612010312,89.35967561429074,76.47439546840316,89.41689819246528,59.941081463820304,70.2930547419333,79.19551916514602
10.1016_j.joep.2018.03.003,70.76674516579581,81.62994783655563,75.23160537231216,68.82575693907089,78.4421630537543,94.89572922403528,71.54531556715494,89.2268785947571,75.8865433542923,74.80387778544181,82.0551150591605,83.34665626544894,79.55029961990164,86.45331365691824,91.31253638675726,78.8853472745526,90.21854201736444,61.635751847351635,73.42253480916213,79.81667448972439
10.1086_696880,71.58096753820085,80.8725506070925,77.53071800626974,79.83406375412656,79.43085157205766,94.08683887315863,69.41126287299505,88.4791604345053,75.59013499565562,73.5499483632967,80.27858470515689,81.65098459167008,78.94868071942159,85.55439992588171,90.08099541031876,77.79663039689116,89.36130405649355,62.79130355549333,73.45288720199125,79.85636225149297
10.1016_j.jpubeco.2016.12.007,75.99999998257684,85.99999999962122,78.99999999997071,71.9999999998068,79.99999999999689,95.99999999157376,74.99999998789566,91.9999737548126,78.9999999999971,75.99999999999784,84.99999999379531,84.99999999999574,81.9999985139182,88.99999999873658,91.99999999943563,80.99999999714878,92.99999923837868,64.99999999156398,76.99999853988115,82.99999999998784
10.1016_j.jebo.2015.09.020,79.87760412295277,90.58969426044705,87.99873240959337,,86.15791711497342,93.09159152845285,77.3069681636378,93.17226801565891,76.17797846281964,79.74613167818633,88.32253625277454,83.41851685287133,88.76246642999372,91.03385565222592,90.67043478437868,86.13879054009924,91.89195564466526,68.58048628058613,82.03425296932811,87.07853312224653
10.18564_jasss.1568,71.3415121436812,82.15771166222454,84.28472618315581,83.30397497422092,85.73541179423201,95.49839601268863,73.08002455674833,89.96024604931635,80.806653493332,79.30175359820363,81.57505016499354,87.7214928598477,86.65623801126972,89.98026940873555,89.70389415900691,84.91152349945116,88.75208996828326,69.73596841116161,79.64877399294612,85.07305843431762
10.1098_rstb.2023.0034,71.1544720531255,81.67348576690023,72.30371314415626,69.26765229921104,76.47203749884133,93.30599011755001,69.38785955556804,88.36407800174089,76.0556023618326,71.6763284502737,80.21521318866436,81.2722943332979,76.8164946030497,85.17771818390788,89.3976659366682,77.1174878261799,88.24081992696256,60.16591251297814,72.41338813834182,78.62759284838998
10.1016_j.amc.2023.128168,68.95845055163575,80.44431364581183,73.66992882623109,74.33942426512881,75.18314582992434,90.93091451344158,69.07900240179858,87.1312565139452,73.14354757813106,74.41715547481195,79.30304802626465,80.62505303289522,76.96915471978559,83.58857054054135,87.43519486307855,77.28053972322509,87.2430552118524,63.159938197086426,70.75508078525473,78.5080785777026
10.1016_j.jebo.2021.04.029,68.969718201339,79.51093214417406,73.45970641234445,65.95726266699333,72.59371562627727,92.79798639033861,68.78508803719969,86.95858804637588,73.18442430355935,68.38473033665541,79.00654756085328,79.32028476020213,76.73229727695887,80.86323247138688,87.73488573772114,73.9426766168866,86.7596626550915,59.97493802608824,69.70281023767687,77.14694129069908
10.1016_j.jebo.2020.10.005,67.51886605583961,77.66993478993568,71.80783862540224,63.903394109631854,71.42830466856587,89.75467883157017,67.17676460725838,84.0601213195928,70.02321171885379,67.2667132253757,77.78803576299751,76.7520652632266,73.6538345269691,78.59681998975066,84.41105512043349,71.89532876932569,84.86936965456668,57.30458227892303,68.69929721327279,74.95318699955375
10.1016_j.socec.2018.03.007,71.22432761448542,82.64039682718808,83.35031440947786,72.96710042069114,80.0000000751213,95.96563063617876,75.68915406157198,89.71641863582752,,76.01479330608889,85.02623703884153,85.0066580875259,80.93537158343958,88.73733759348919,91.99999843006134,81.04199832473621,90.28301284062505,71.06688859119073,79.06774770155896,83.00035205355228
10.1209_0295-5075_121_38003,68.97736389427271,80.48754261353868,78.69506789321787,69.25783021861938,76.19500813682771,92.06584770740041,69.77552738503897,88.2569974707644,73.75971809036221,69.73630570970688,80.39067739286159,81.00897485203602,78.23629085943482,84.79366481142961,88.29275353408374,76.42669717304685,88.29580685730275,61.01306385094032,73.26830175991427,76.76418555518435
10.1016_j.geb.2016.03.002,76.78250547527749,88.39875746621873,83.09648599499172,82.17200158477903,82.3874870709912,95.9832493304889,78.42921441354096,94.43728857766702,80.17064354620064,74.09733449521627,89.19306851663995,86.5782830919432,87.56608879705793,91.10241208882024,89.51239375752145,84.33281330659977,90.3975669625648,70.71605809446582,85.03945038266748,83.91927097303434
10.1177_0894439313511396,80.05946499298669,89.09623324980802,85.01417334147979,81.45227951831082,86.43810399062828,95.98607345975232,78.5405550142818,93.7596684688311,81.96327054987809,80.85891729712421,86.73559756789496,88.19876538254505,88.20840589921009,90.29478542956413,90.2874400474571,80.03784255828697,91.19503215117878,74.40427418110907,84.15168062519768,86.21583335348915
10.1016_j.physa.2013.05.054,79.74581013023257,90.43944813493194,84.43072773907532,78.66632967842288,85.14276799023274,96.85663312718286,80.72606543214118,94.1421127330607,83.26158675818229,80.87595814606857,89.17268944531111,89.32006603325728,87.64771498794485,92.19753315388071,94.15055057337962,86.68771569387276,95.30329234764365,72.59348484920407,82.51808369966429,86.9968119216728
10.1016_j.jtbi.2013.01.004,69.72013055577577,80.99470606179271,75.02625617759642,78.41979863959101,76.38284476489386,94.31779282813463,70.77995942954317,90.89586094797797,75.37843143047857,71.47384595572215,80.75770818587038,79.12551793988061,83.56024451135025,84.20097787861606,88.88124969001024,77.96545278381735,89.1527657922405,68.78386761440136,71.44532496791876,80.12691331522369
10.1016_j.physa.2010.12.044,71.77809552198019,87.8967797604054,81.82000844481405,78.73712398058152,80.83003934256277,93.36328387114554,72.08941085549971,91.0976392556239,75.76612173059038,76.4572305478659,82.06804653248106,83.91510184349092,85.26518841003247,88.850686201734,90.24851058082461,82.60699475696299,90.01262027335986,67.9832640221881,79.91812976363933,81.99162353710791
10.1016_s0167-2681(00)00159-1,70.48169193537939,91.45936089299181,84.59516223093792,82.26399045219625,84.27908409043948,96.13726300980429,79.66865563911492,92.50506808359872,82.3083627639594,79.24934181551741,87.95535819835735,87.09174196507118,87.9326294137205,87.10513798314408,91.09400642711877,84.04758885794432,91.99858803012079,71.14735560637266,83.04543208133242,86.6164372499237
10.1209_0295-5075_128_28001,71.92745613174787,82.95615140472643,76.0461600018298,68.96674746038813,77.14138581451525,93.16391136674149,70.97643626320149,88.82889942760329,76.16028799130974,72.34367393239803,81.27459605561633,81.46959257954596,79.32898691793687,85.77718978914498,89.3958937088009,77.6881060712404,90.03000281848455,62.00169119196862,73.38114926834845,79.57599280343621
10.1016_j.physleta.2018.05.020,82.65522737496947,91.56070983772113,86.99465204141994,82.60352850747053,86.71794737264644,97.3034857001495,81.98474265064414,95.24274993287193,84.7964341299241,83.01702593637444,90.12516174945277,89.69331602911043,88.44282669123396,92.73879139252091,95.2450958154523,87.91233732602754,92.90812087367453,76.24925706820974,85.62389596902185,88.08842203503663
10.1177_0190272517703750,70.11986121784606,82.95493653300814,81.33191281808567,73.63099990932406,76.88653206026805,93.44881718967002,70.91844485225472,89.77950640460892,75.71033784307009,73.54908660095624,81.35999453391568,82.74740512395965,77.78855807120772,84.28169523946264,89.63774092055341,78.48702380993845,88.90961495646174,67.27045360092346,75.15132051315507,80.72809382833209
10.1016_j.physa.2017.01.086,79.10088625076015,89.44482792924107,84.28015707586971,79.49420927711188,83.8256947801156,96.6729942448859,79.42993844416304,94.53495623376875,83.50147549083837,80.06762923893348,88.03820243474809,88.27292906799869,87.31601048950783,91.91643408446032,94.17021269819246,85.61113578252082,94.9262593628311,71.69293474197013,82.7334306063831,86.62058694259565
10.1016_j.econlet.2017.01.016,74.41574462650142,86.05412940867801,78.98362557331112,72.00357284117636,79.63140187353801,95.80072712001082,75.00506587557314,91.70109233254091,79.01480019298742,76.00193052980107,85.00101944939355,84.29177617681636,82.0069388818912,88.89702983533932,91.99130613230393,81.00055655790526,92.70532700348177,65.0491528933692,76.76129147108647,82.89832877925778
10.1177_0022002714560349,76.00531477264293,86.28313077433742,79.09506070261504,72.03003513021123,80.00001277929601,95.96332397704738,75.13186043058,91.93922424219816,79.00367954380812,75.99907896853685,85.0265194678914,85.00103253882122,82.70897420017621,88.9915385896112,91.98806223836611,81.00414058485079,92.51154162186305,65.77399149645011,77.07855118439788,82.99446446480795
10.1016_j.joep.2016.02.008,70.72666276658725,81.78577690266471,76.11342987839603,69.45125699833646,76.9170750179045,93.48160646068511,70.46079878046933,87.78222202920726,76.1930279590817,72.69781678462378,80.90075789936306,82.31473027886173,78.43293664546069,85.9348778130763,89.20139995358421,77.63201194056613,88.6737735097302,61.39093899193551,72.50548970627428,80.2258393255292
10.1016_j.ecolecon.2015.05.011,71.82367973297917,81.1284459809638,75.4818954106713,68.71831640990085,76.51093562786454,91.40978418875905,,87.35698174490365,74.65708366467175,71.09487496306105,80.42001604552527,80.72684136870335,77.45920699043803,84.95083594403887,87.89398354925306,76.29800616871617,88.90536011476844,61.755020045279025,72.47850611645251,78.19953658411167
10.1016_j.jebo.2012.12.024,70.79191456013535,89.1151466585576,82.40119749815959,78.30470062925433,82.42926198470347,94.59590358448902,78.65741582057528,93.54784501045374,81.34156879780338,78.62275147233349,87.42326648811792,86.5013846481021,86.44202892207772,88.44650742035812,89.95006609449852,79.90145522424258,92.19925149523038,70.83368783822186,81.13756566146355,85.25621050217366
10.1177_0022002712448910,93.08219792636437,97.8340741560385,97.06727467536709,96.6733229618754,97.57728329154423,99.24848106759305,96.67470876421356,99.07570056656445,95.20391944572346,96.53285591954081,97.28152371377467,97.46112164268436,97.20052382670414,98.85064213781006,98.83946865209822,96.8032834756545,98.44714747575242,95.26669694998574,96.52063211601862,97.19140336147754
10.1016_j.comnet.2011.07.011,74.97800659102592,85.89460193005633,78.89425090919647,72.00004541237264,79.99996771915386,95.99910471342358,74.92847974526263,89.96169306312962,78.9576555205746,75.99972663557982,84.79944927891341,83.9731139679893,80.99376861602421,88.99892659826827,91.93639777775877,80.99410361479434,92.31023315820354,65.0003237592397,76.87065918512043,82.9995122881812
10.5840_beq200919433,71.25566072783862,80.72901661358854,75.14873298161706,73.33830546731244,76.64613255912265,93.96987090126234,69.81415798276466,88.50146031774773,74.90007359023676,70.8356590288735,81.18027650230708,80.78937590765847,78.21914507608169,85.28833435197295,89.58951364305574,76.92271366460584,89.57867538521766,61.27186698359097,72.92895434641744,80.56777321374648
10.1007_s11211-008-0064-1,70.19135353321589,80.06951354453267,74.35421235035083,67.9522351504183,76.20436839500415,93.8584735782632,69.2813096355838,88.07225988584206,74.4081155699562,70.57840515171938,80.41789355575018,81.32414576474625,76.7921638352338,85.09294949214747,89.17307699036607,75.65037129166465,88.38509752734515,59.83737307818348,72.41057178644155,79.3978599599983
10.1016_j.jtbi.2005.07.014,70.16340499084119,80.9521964402824,73.89514797558556,71.58260989902382,76.36740507379335,92.64214680931087,69.28355187273455,88.44452616016312,74.66533036982548,70.77130505938102,80.2409669926258,80.82934123254911,77.12106511441736,84.79277822442977,88.84274628990552,75.02817841432469,88.72126149357646,63.65843066917674,72.87705969303043,78.8190289134529
10.1016_j.amc.2024.128646,74.28231376102565,85.69295272605926,81.20486545674542,75.68631967589286,81.2330771013766,95.29848382663799,76.41390636456997,88.52128548436414,80.83603807804788,78.30594095006632,83.35740266279481,83.21073591230453,85.90289892862606,90.05431575355439,91.18736321737455,78.36303552180308,89.19380932049249,69.88013975126377,81.26977838610603,83.02978723513691
10.1109_tcss.2022.3144978,77.36240362267858,88.19455660725718,84.4150874531542,82.39749859230972,77.00577007390817,95.08963508845399,79.30870407016984,93.52789633871515,78.13923120310564,80.65023142284525,86.00668134969746,84.75128720117283,87.89041549132209,90.58170287591129,91.76506589858249,84.14839177323331,89.25202503772455,75.29616918871355,83.73144436158628,84.46614388861576
10.1016_j.chaos.2021.111663,72.01422216629831,87.27343504650823,81.94348302192697,74.11525043337849,76.70421865407299,93.93118935431531,74.98483649716479,90.47421957819907,76.97927849773949,72.38361298170288,82.70444346106359,81.83197043782398,80.68740700262502,85.24617249612145,89.1771529054863,77.74004843242919,90.30925140969228,65.80241469008763,79.38929639298048,80.67704370838868
10.1016_j.jesp.2022.104284,70.29673270299003,81.64239907470692,76.11961926959313,67.82604611405132,77.09799221373342,93.04939750276357,70.47438962367843,88.89294307195718,74.44811470756652,72.26341749280188,80.76654722618525,81.33053503836966,77.6896539841722,85.80962368751972,88.63001543954798,77.18833553927675,89.61365598517095,62.473984021428876,71.9996262512596,79.6746353823812
10.1016_j.jrp.2019.103907,72.53972898138707,81.65803786474866,74.53930724628032,78.0732255641182,76.48815604753125,93.6943160759304,74.15521751038439,90.73338211774126,82.99333538523659,75.11534051745372,81.22459455114753,81.23237558065809,85.96607912450152,85.07624087345187,89.57869932756141,77.28065730794253,88.81268363059594,66.14643512686011,78.89059176208963,80.12054959310255
10.15195_v6.a14,70.67425719193903,84.61002553864468,75.60552089127593,76.83447587549422,79.76404006469194,94.4190564771181,73.50948460991422,89.61489333875186,75.85934793884569,75.15858607218217,80.78163728634884,81.41340294823875,79.60787001770086,87.68462482724357,89.68006343683427,78.7610092828507,88.46566337060318,65.85251090564995,74.43869741668458,81.30679254546662
10.1086_700767,70.05511970329263,81.84054458021774,75.43251422496358,68.29471312887881,76.37402007945302,94.22191132214927,69.43667294474855,88.34413957681684,74.31707665554647,70.82015399235908,80.55058645228114,79.79888880025976,77.29610851131973,86.01994091575537,88.78343098056608,77.33061343661443,88.4915088717174,60.6009885561185,73.64326454606707,79.20054959125724
10.1016_j.joep.2017.03.007,91.99349973232478,97.03429974722023,93.33804641496806,91.71777945855843,94.01118978610087,98.41453335951994,91.91623473855485,98.2149323775833,92.4096724169536,92.29906250323477,96.26016816440601,95.82307509296211,94.99862729201621,96.95648334015878,97.76053996431479,93.75032806728699,98.00301176669302,90.1067295237967,94.20251570110972,95.11679203552481
10.1016_j.econlet.2017.05.022,69.30566804157274,78.55667817874242,72.23016875047117,66.830346628793,74.12426204918056,89.23111674760878,67.95014352353157,86.97742638942513,72.73546308254649,69.19267687763511,77.62277748062017,79.04633220865378,76.37322308251795,82.51795841999171,86.35913875291654,75.44584892868123,87.05679411567829,60.229043623773464,71.10157406613352,76.83862129452103
10.1016_j.jtbi.2015.09.009,69.88573639580214,80.0222178847612,76.48296870983174,68.96795725305857,75.88744857179721,92.88200745383759,68.59414023769997,87.99332527738018,72.91774095441691,69.30585784998378,80.06229071600265,80.40564265898513,77.5433732059487,82.67263136486243,86.73408281196254,74.54289087636455,88.26195279790866,63.038477027862676,71.10277035447389,77.62373157731092
10.1209_0295-5075_111_60003,69.89350862904057,83.88132729251758,73.15375316589166,75.73541990690669,78.517189459697,94.02934429511618,70.2583460913071,92.22340642747008,77.21859041156767,70.40462108748957,,81.09184555792059,80.73032501016074,85.21238389776951,90.26959948720658,76.29718445943801,87.63464322575588,66.50229394644329,72.03392455856472,78.77992179040373
10.1098_rsos.150223,77.87175357311006,87.30404665825819,89.12231568055812,85.09953606640066,89.74839435833549,95.27447637484552,79.63578835204282,92.14699192508243,80.42993415377174,83.5628464673211,87.35307522640743,89.37666159601483,89.24173673386183,92.40713360000261,92.31776336023273,86.57449168830281,90.67058312498764,74.9262078105267,86.81398135736814,88.02143430301383
10.1016_j.jesp.2015.04.005,75.99998404340835,85.99984647024708,78.99999247988283,72.00080696317062,79.99999999999375,95.9990414017932,74.99948291482619,91.9992377411345,78.99999949570145,75.99999966313942,84.99766469450744,84.99999073127309,81.99629166593361,88.99944446448029,91.9999637342516,80.99551210630656,92.9827852089911,65.00002146491356,76.99983203212483,82.99999921341137
10.1016_j.jebo.2014.11.004,67.70436651767744,79.99897993282198,74.18471047305493,64.6320080503452,72.98755896302004,89.59195214327949,69.32931400709778,86.6670466428961,67.67582769178867,70.37716758700333,76.99877218924559,78.51445425445337,75.54939772467381,80.51345268035439,84.90762699908828,76.70301350623238,85.89533428197126,60.82758250878175,68.26379470309388,78.37428044040337
10.1016_j.evolhumbehav.2014.02.002,69.81789672930972,83.10644763021944,75.11869255473579,69.24537617879096,76.0278817180989,92.54471982746641,68.39194910909083,87.9583381566831,75.24771815841527,70.37138182774628,79.77501669285566,80.62868703575879,77.03770132898381,84.26775650365636,88.7227378646412,75.9028150500724,88.26215432730771,61.06699760936184,72.75144517318171,78.80102912192658
10.1016_j.chaos.2023.114031,80.47607667499992,91.03624277809718,88.92537988606192,84.15105671414352,87.58759837469862,96.83657168238099,81.02964310734671,95.5276646702403,85.59584345558218,83.44153882382808,90.54117112303007,90.86283044414346,88.819574963066,92.18487789460829,94.43040572574627,89.2421007157873,91.5123509837454,75.70356272440425,84.51381915526615,87.4333620275984
10.1016_j.chaos.2023.113218,69.8954855445875,80.42811988959001,73.68738578525101,67.54241434739407,75.66094538188108,92.19336096321415,70.31183912781665,88.40084793769513,74.41371764739225,70.43842477726527,78.82312881251578,79.53688995010775,77.02311774485881,82.40943285264203,88.27409452091982,74.97206005718175,87.88099986861417,60.47665093125353,71.65496105190135,78.18067662484037
10.1016_j.chaos.2022.112432,70.21370493965213,82.68312378284367,85.12972830590115,77.82493365345206,83.52188921338052,95.0609205022147,71.73857770220654,88.6453254184082,80.7483618372669,80.07302951130329,80.38574370586139,87.54282485689669,77.54916973590291,84.7484974327342,92.13800926930168,83.0307521538633,88.72143225713208,67.04708306106025,77.54592240462819,79.68477690450115
10.1016_j.physleta.2022.128138,76.81530861588878,87.56640110056283,85.03530493568788,77.22375652918329,83.56750813205127,96.03741559303397,76.68183478497095,92.66657420034001,81.96794784387515,79.03024580635108,82.8901147562844,87.31856495509,82.9409098726017,90.45066266235783,92.69658108970935,84.51319210357835,90.50286300864465,68.612887194559,79.53650648247306,84.60683236653263
10.1016_j.joep.2022.102484,72.14022697499867,83.56335572708944,75.86364650780936,71.82031535163792,77.58934807661002,95.41035146616676,72.03383438210838,88.57697699370101,76.39517616362046,74.15729981431218,81.98924019876618,81.98618189782296,79.67557268966043,87.23571378828706,90.27146639792151,77.33482825291885,90.65706795018514,61.491425807403026,73.16591916509749,80.16530080701304
10.1098_rspb.2021.1773,71.20248083660745,81.79186565610706,76.56650152601185,69.65175442871055,77.7865841678881,93.29961088584898,70.83877021117442,88.80031391653048,76.34196911072237,73.17657233805882,81.26151970908751,83.3663333582986,78.36986056612437,86.52360034572675,90.27026292001827,77.32728033198005,89.5186249732261,61.54398693686145,73.64586374160203,80.1478023949418
10.1016_j.jenvp.2018.11.002,69.64403473314336,81.10533016307117,75.28307373081749,67.69747938301524,76.91650502440596,94.41129369248142,70.08127305526772,88.71418093840757,75.11872062280897,72.28312636561256,80.60998633481356,81.61488822297176,77.6665030258524,86.4716274675109,90.98231912470767,77.99745703857961,89.97247518291832,61.34807153773327,71.86781909382846,80.13902960641393
10.1016_j.jebo.2017.07.035,84.45038018911364,93.60594526337458,90.7774708470191,86.51496166631834,88.2869538879722,97.419945206823,81.15344758023512,95.89889938608177,88.29261277161262,82.9326530857109,90.27185835494629,87.26058114309795,91.31799943768468,92.74334244511326,93.42127959333295,90.64153956056627,95.91799378382713,81.04402859611479,88.21103043805542,88.93809639478043
10.1016_j.envsci.2014.05.006,69.55873218310059,80.9530129866167,75.71428073746898,69.1679376174184,76.13113537814944,93.47085104640179,69.90529737260779,87.96166607853496,75.0788776526016,69.85655170012554,80.08768291627551,81.37993463100354,76.92649854923586,84.59273278885928,89.3351907160381,75.93327203502831,88.80677415874237,59.673598885561134,73.78079718032279,78.7562712559782
10.1016_j.physleta.2014.11.035,70.2423491707502,80.75565694166777,74.95016376923658,69.44420388193943,76.47459970524795,95.23409626802363,70.06820478123059,87.38452492161785,75.3685155424086,71.71409952196137,79.57872637584248,80.56873354726964,76.3834505581529,84.49954536421164,88.54922965335582,76.31418459164152,88.85431785557564,60.51625512444679,71.41476733202049,80.09915103490431
10.1098_rsbl.2013.1069,69.87498519906164,81.3561349573223,74.40364799289145,69.69034518084683,76.01615003420862,91.91528071571229,69.67019639116495,86.52141795623048,74.99579174264666,71.17446233206192,80.60925240129583,80.39367999336012,78.05849163855125,85.23315597547227,88.89140325447099,76.36203823480075,88.77620499551853,60.37660604945319,71.38703540115561,78.39453019330001
10.1146_annurev-resource-091912-151833,70.27889660769479,80.6739016978115,75.04503057582248,72.6948606123554,78.19891286213726,93.60544875691626,70.86747030057172,87.93091603434637,77.57266389155893,71.41964628539502,80.86413186796567,81.4951747076701,77.92058144178698,85.89095541729827,89.86226258622118,76.76023719415821,89.09800978404529,59.99828263793369,71.11776321230019,79.24603991710751
10.1093_aler_aht010,76.37460103084682,87.26117331240475,81.33355494478992,72.99460429473659,80.15583376465312,95.99867416447215,75.33001338377063,92.28352539260896,79.16338849516812,76.01798234630012,85.4281325129981,85.12256387417844,84.82968732926541,90.24545727276193,92.00318904980107,81.0988023541887,92.52496565239835,67.49631328882126,82.5209796479524,83.19654901636589
10.1016_j.beproc.2012.06.001,71.09574744005765,79.34687053285403,72.08434950854219,69.55864579430131,76.61886873178102,93.23201110688564,67.65487347303264,88.56876729477797,76.1944830171153,68.2054029711809,80.53073390626008,80.79312196269925,76.42113732150166,86.8240694878423,89.30291309010153,74.12707802082684,88.34562074605924,59.50181074042279,70.56824921174676,77.23760862198817
10.1162_EVCO_a_00062,68.8616335528428,82.23049294292565,81.74550862826167,82.70004849666941,75.08972623379654,92.57046290816396,76.10945778936282,93.37389301544582,81.11158410858481,80.11566698538226,81.02229542269056,83.07641683280362,76.0573968100029,84.16533990783627,88.20575443099743,75.02239196342506,85.87728633462082,72.06846221100648,85.4335406919991,78.00860894141341
10.1088_0253-6102_56_4_07,83.14359660072252,92.66281530255942,89.30207753747575,86.31053142304957,88.33191877434099,95.99293770533129,82.67013369487579,96.98915456156514,86.56213270381954,83.97925420166162,90.8976627136111,89.28742425040909,92.53440407000254,92.16712969566943,92.58824088572473,88.04479028036484,93.86838502980777,81.8607260213596,89.35002751066028,89.60853480172905
10.1016_j.neucom.2024.128510,76.86014261558991,90.23991568434776,87.21527124164001,84.18282797682092,85.58638435866338,96.00674753510245,78.98058150987367,95.51308157160182,82.30064772798852,79.53398460190235,87.90068614248432,88.11673013398017,88.85840414299767,91.51867031346943,92.9949002504933,85.00253611252855,90.05181202416826,78.16278095920293,87.01599750549691,85.70898324531996
10.1016_j.leaqua.2023.101695,74.10723419514115,89.17948059405214,83.80676571747892,79.37058326856076,83.56027873635847,96.09534282835982,73.65231637375014,93.87656127183976,80.41415546918208,79.06072093747939,82.17074264684145,81.41734620067197,86.11390082703142,91.4912732990884,91.16133273038307,81.3016542900234,89.85180461350163,68.1079411378743,79.8436198848204,85.90907094046574
10.1016_j.chaos.2023.113552,69.05102169586846,81.84425027995921,82.15855195622294,83.57813885194152,75.86646138783283,91.7843848179305,70.53556177958842,89.12527155514606,80.16018063694958,70.79788737969977,82.911335342465,79.81532401203951,84.40767928784581,,87.85086303682189,76.3846344983523,89.0364623560251,65.70586473387296,82.66799325516563,77.30834609403482
10.1016_j.jtbi.2022.111202,71.68659041400241,85.92991821241223,81.62763904041445,76.46012713209468,77.56967942860021,93.68123732263531,74.3642046409446,92.28113718511062,77.60469472771155,76.26728842101798,81.6068246493683,82.6221939259879,84.75181631112586,86.17892346678764,90.4020788577486,78.31966164988353,89.42598789050865,65.9979516643747,78.32815657229449,81.66472450870586
10.1017_ehs.2021.36,70.25595994668889,80.00054421231663,73.72544296893584,67.16501463569107,76.11549267801692,92.89477662345483,69.06281040243319,87.90531465052112,74.66298880835527,70.22646731825901,80.07038556215775,80.58513559114553,76.88383203061287,84.11337039346593,89.21686338785699,75.17737410697049,87.95522950302487,60.03011627217936,70.50727788384617,78.410482273813
10.1016_j.jebo.2021.05.003,73.99794240908176,80.79660232764776,75.25913004464924,77.9158912643916,81.67379507338676,90.78709659402377,71.07248111581698,87.33129953138136,80.7129783111085,71.22392152502951,83.33422440648788,86.4452640504751,84.31506959680155,85.20041221597019,88.3271723904308,76.16421329447343,87.9673894745685,62.99182830509682,78.67839468054213,78.87552638749818
10.1016_j.leaqua.2019.04.003,69.09075792270097,81.35822064645917,73.85257385495579,71.13593368649987,76.68872234624672,93.75066646235554,68.95959214396188,88.32650612126444,74.59495907035567,70.10095517182819,80.00188257854525,81.00291982802005,77.0013269031235,85.38870369399194,89.24385150777734,75.55251266922039,88.32129928837338,60.03873086614001,71.63642028771334,78.26854727743721
10.1016_j.jpubeco.2019.104053,83.36465703059382,92.91095533858666,88.8196108159948,84.93387846517436,87.98716424310913,96.38853881280534,84.77578629802069,96.42015260943106,86.68376534760154,83.77368606840204,89.82968787518915,91.09407839554774,90.26937206223484,93.20589614705933,95.1936142171238,88.5555166369362,95.28545911942064,79.29848003971702,88.03496745384307,88.47672813834224
10.1080_17470919.2017.1411828,69.72658503168012,80.09415159208324,71.5478476253534,67.71068421680819,75.89195199633298,92.1820214934404,69.06751330599842,86.86202749160417,74.55542159415106,69.64196466251495,78.90274855490001,79.29860118563383,76.63411140051845,82.53501358887758,87.91048461070686,76.13768481809689,87.64004650554484,60.17952780930209,69.34453006604744,77.95162040280387
10.1016_j.ins.2016.07.041,81.27231523239624,93.06484594072154,89.82348621628653,86.05800364193556,89.98452684770827,96.94353392327228,83.36584622207388,97.07161001014545,84.35362327791191,86.37031341966537,90.76726432994973,91.39795578064602,90.23427798879973,93.24246671944324,95.92626481902522,87.22159204121522,95.63569059104358,83.06506074615879,88.2522900412276,90.64673130172334
10.1016_j.physa.2015.08.053,71.30990328921426,87.4970107758925,81.22131676908084,81.33746664026783,80.1828481748587,94.31189231166445,73.25229680273917,91.90252108133923,76.4402430918036,78.29245787229398,84.26745551363145,83.61945659340152,85.11120870603717,87.53909806834216,91.63616978053615,81.27312028381631,89.04365390678034,69.73111969044973,80.31722198323635,81.34878721809024
10.1007_s10144-013-0423-0,79.60756111727484,91.04931504438338,85.427944817386,83.28769039861064,86.23224839827712,94.10013369241193,80.80582433307305,93.03581266494484,84.93205434973135,82.35736318937826,87.82903614707081,89.01756074131774,87.37345863779889,92.13323855070011,93.00025013199094,86.37509022126326,90.37813453565292,73.78178237696639,83.7571480494418,86.64301813730333
10.1016_j.jtbi.2012.09.012,71.33617372145979,82.02137684333496,73.83924223264806,68.26062351057138,76.32556715920809,92.80938554540917,69.79630608291458,88.13672773728734,75.42509743457899,71.46778961001054,81.10793059318142,81.1850843532651,78.01367973702818,84.97055353230782,89.0460698203533,76.88626478249114,87.97624813952302,61.943015305800785,73.58995884553366,78.5269492837686
10.1016_j.econlet.2012.08.002,69.1222867121434,86.85119039450845,75.95972649017132,79.31015293424397,76.60483763087196,93.49185354641803,70.45851339339347,88.44667854334706,75.43941773397944,74.31496905529795,80.44269420962895,82.43645157792531,79.15633866988581,85.595295590585,89.30798848636879,79.39710755407427,88.7778823378251,63.32594549225105,77.77663395084315,79.37165255152266
10.1016_j.jebo.2011.01.005,67.14968248556089,77.06556990865172,67.96167129567414,65.75478407298553,70.64107055327011,88.63507189397122,67.27346277477099,85.07007512058377,69.17978343386721,67.63926927072812,75.44757014202322,76.95675978276687,74.86261618852231,80.72637980460159,85.51446520469796,72.57260865368282,83.71133596105771,59.255898443275605,67.9215121040733,73.97729598514577
10.1007_s10588-009-9056-4,69.03616219749753,83.13145650327439,81.90663961782481,80.52800089671985,81.74558308073166,93.34405211593031,73.96322042388563,91.79710034774067,79.71229164395385,75.81423851525089,80.56953529972878,82.32806810704857,83.69955971758418,87.1898395112318,89.85037704004436,80.50109790078801,88.4465711530416,66.17655715447992,79.22228478513962,81.23274852045049
10.1177_001872677002300105,69.09075792270097,80.31495697793093,74.25991677137473,71.13593368649987,76.6431563398651,92.7226061487774,68.87505282474739,88.32869602256767,74.47277623349596,70.10095517182819,79.92933950316936,81.00174228074805,77.48186092218009,82.40793771852452,89.112677180652,74.7787260753937,88.36678473688794,60.22389717647203,71.63642028771334,78.61814370497294
10.1098_rsif.2024.0019,76.37142697763602,91.49594983219724,87.79866997291802,81.6811180555049,86.79801590263686,94.03280067096307,78.2098447442656,94.65547845428173,85.61576568568415,80.84101660471312,88.32253056066658,90.72843112458382,89.13545421890498,90.39224988969386,89.70666454488175,84.01775964130441,90.1065794129031,74.24032392571304,84.04152300665407,84.58915984168553
10.1016_j.amc.2023.128350,77.8512746823101,88.10819667474037,84.26056578591556,78.895268082272,84.47937799022982,93.46174726215433,76.93090918538365,94.67072303398648,80.4009736621673,81.28684137218279,86.11163582528455,88.70555801831688,86.2099580793657,91.4652348943462,94.00677512112486,86.55975682169694,93.3513101454838,70.58221859433493,82.62626446813823,85.45930244542562
10.1016_j.physleta.2022.128302,70.26552407794173,81.27899115485145,74.87132196303192,69.69198931679523,76.62781536511046,93.46252535064372,69.61680007664705,88.55172915698132,75.41780696810461,,80.72913062527539,81.28667627315038,77.76450458461557,85.24264501615863,89.42855640705451,75.74428621971659,89.73242437225548,62.23241734226911,73.19858852007116,78.42087564455689
10.1287_orsc.2021.1521,69.99533045583472,80.5969304001542,73.40560806727046,69.92302985679378,76.11623198165269,94.13349916381244,69.11451861533895,87.97749876270365,74.5944943379136,71.05859879431847,79.00650077565558,80.8736425486676,77.24135779180027,85.95113080734559,88.87110904227698,76.9008893355748,88.93285084965216,62.47355931640056,70.76683906197283,78.46382768629786
10.1016_j.joep.2021.102448,77.16545939571371,86.6338841748164,82.26182763481599,77.87748658316552,80.54745660763291,96.0258765181871,76.81535667780054,92.45814141621717,81.85518997386247,78.01248262010162,86.27137041618954,84.99287518248505,85.53367819604371,90.92653169542272,92.00328625617834,83.94055697095395,92.6732365303735,71.97576866453652,80.36371736607431,83.73116505992141
10.1098_rspb.2021.1611,70.64709982745529,80.51634618101332,73.75326435716077,67.64940735060222,76.16615713048833,92.42621267661325,70.07606943344716,87.66285853257905,74.18904165136868,70.81035020530686,80.4786166091754,80.43014406809836,76.46643650624137,86.53597022167875,88.3251356365415,76.63570671108538,87.92889961296828,61.29701586112971,71.52586193434323,78.47850186491247
10.1016_j.chaos.2020.109715,69.37771123619922,80.7080464777364,74.07788323200523,70.27725511968254,76.23799314655201,92.83272486182086,69.57956541565727,87.95260027914526,74.72455201379258,69.70440018363895,79.85800604602525,80.74740322065925,77.1307517728455,84.60273083850957,88.84604929398691,77.59753355487163,88.55889168375353,59.97772159490615,72.01808579483735,79.19702163301439
10.1016_j.chaos.2019.109422,73.05804017989152,88.9844167204992,82.60740478778773,77.3765652582809,79.0399299461474,92.77960143628894,79.45196166556237,92.57656186078187,80.60242354738384,75.9882201540452,84.33056171682561,87.41745883811022,86.1863777401821,86.29229414341398,89.84621050135459,83.79239059101505,90.30078044616307,71.95941541515406,80.77346732802543,85.37598365701396
10.1016_j.socec.2016.10.003,76.00000000000003,86.0,79.00000000000001,72.00000000000013,80.0,96.00000000000003,75.00000000000001,91.99999999999996,79.0,76.00000000000006,85.00000000000027,85.0000000000001,82.00000000000034,89.00000000000038,92.0,81.00000000000001,92.99999999999177,65.00000000000024,77.00000000000003,83.00000000000003
10.1016_j.jebo.2016.06.003,69.22490453330329,82.43043087629282,75.96040953743571,71.02336692144264,76.67921068192953,93.0509487205592,71.35458845912453,87.93079508280992,74.79110680898009,71.01966083000636,79.98744038949992,80.62861154287529,77.7786658978138,85.010305627667,87.93423020088345,76.22699681563361,88.10194052846646,62.99225527779005,78.81088085882487,78.14849592691769
10.1016_j.tpb.2015.06.005,70.27656097902145,80.20218991456414,73.42731484440277,67.80155111120418,76.4133976128303,93.0469713799563,69.04484917803049,88.06544995550374,74.3463456515597,69.4916836488955,80.14144572287202,80.0667607935521,76.44519000859961,83.93324489268967,89.33371388843545,75.99405923017865,88.57334845928392,59.385100457783544,70.07040748730805,79.36121894423906
10.1016_j.geb.2013.06.012,70.81645283687347,85.45156786572026,78.47888242516747,77.06219606816656,81.74441708730146,94.08988951999845,71.99910406695466,92.41319234945293,76.94390275404719,77.85560286320074,81.41017962457524,83.28894317766569,84.71797517887032,86.2982635507322,91.1011263738055,77.69123539810732,89.98814129676876,68.5701880357921,76.3666806411745,81.65152076291773
10.1287_mnsc.1100.1271,70.54683600585923,82.45825836822289,76.10373840085103,69.42816058369208,76.87532917190647,93.35185685699891,71.36150609792887,88.90249216037144,75.69142119744087,72.75311375682034,81.12646774871526,82.2178716070414,78.80714322004016,84.94015170363738,89.11212051037589,76.77406637101917,89.72532742370083,62.59651756928903,73.3158069703517,79.2754601726969
10.1016_j.jtbi.2006.05.004,69.01090445594735,80.78784885859844,71.99269477693855,66.92340416469078,75.25772516328264,91.6035166095808,69.01592247989878,87.48763408760057,73.07574229885438,69.53655900230189,78.84898927418052,79.76537205443674,76.57706722891504,82.93240660096829,87.3514071805002,75.72791636420853,87.75199939606524,60.4277997670685,70.79891699026645,
10.1016_j.amc.2024.128864,71.03814204644613,81.21793663058013,78.99700130411709,76.36192504280972,80.72100206056255,93.83767056021037,70.9211960577083,88.59599960465786,76.87528386157345,77.09552846944027,80.15540464806449,82.70551102298315,79.40920016055237,86.38271494400205,89.92536091956585,78.16505773872747,88.30047701011371,65.84951246726432,73.21052339343173,80.24020517307592
10.1016_j.amc.2022.127612,70.37936603723794,82.10448755560151,85.33428310530351,82.3373900990321,82.07372795312696,93.55306250563406,71.88077498741936,88.33341705967433,77.9858010308028,78.84332866645971,80.57793202844307,86.09061620506462,80.13127466598448,85.88976522709115,91.71026876891014,83.63309735884647,88.3818144338444,65.5855471838192,73.93547234225228,82.66541953274799
10.1037_dev0001183,71.96930706595049,89.90647685625758,84.53189841270587,72.54659561813094,82.08175429883593,93.2874429221623,76.86597936842297,91.16199305987305,81.90214277709464,77.84392053106998,85.55870149701803,84.85071683434428,85.41619833369828,89.28590750520812,91.4015976882945,83.94687131844401,90.07255509379566,70.08124749375942,82.90388548714643,81.0747309455691
10.1016_j.jebo.2021.02.016,71.2928178557536,80.71851439211677,75.0056816006005,67.50526697369587,75.61468789935202,91.10791454602372,69.9403265064669,87.49465515014037,74.33458989462277,71.28203210251021,80.02504788129437,80.84061670585912,76.82259699885758,83.16654601200322,87.33583981539306,,87.77618604709544,61.72381461734331,71.45393819695342,78.23827449153609
10.1016_j.ecolecon.2019.106432,77.90437811117762,87.9741914209979,84.53478809847648,78.79048357686979,83.59382456299184,95.99492957875118,77.00233120789652,92.38471084888414,81.22945069849415,81.29501879554337,86.91532378878033,86.93912399354558,85.0972179596826,89.46852847765459,92.05387458737705,81.02432860296902,92.27229323646543,68.94121517979993,80.42091658010995,83.61377872973948
10.1016_j.jtbi.2019.05.019,72.30830852413159,90.9969382260116,91.3496814877314,83.11430602456144,80.0698596375229,94.12082409824008,78.32910749526089,94.53906108921821,82.22318788633821,80.54612915929093,82.98848519263196,85.22379519379045,88.6850763974317,91.56801986319294,89.3630304141408,87.32441674602244,89.98972155125378,73.74402280820158,86.54581506440975,80.11928505716936
10.1016_j.jebo.2018.11.020,75.68164406919436,85.85920193504408,78.55603885443786,72.0001331269258,79.92873378706769,95.9999997641455,74.57052770317091,91.9853456342683,79.00121241998292,75.88344357530548,84.99929431440704,84.99847118624838,82.00030188504046,88.99046246233989,91.9808998521922,80.99999575916145,92.9999952233445,65.03228752724294,77.00031062275619,82.99236003330515
10.1016_j.econlet.2018.07.043,74.97090148777605,85.7820863671154,79.05292844890103,72.33333193406679,80.00280865656597,95.99730841413118,74.74906910627692,91.87330282764725,78.40450185710459,76.08795899858761,83.56554361671195,85.63586476871917,82.18868086311471,89.01076223938513,91.99828813427926,81.00375007621211,90.12962148492272,65.28661037909332,77.06757220420295,82.81455531958338
10.1098_rspb.2018.1508,74.80201012060994,85.21447154823805,80.48045963057693,80.83956711114878,80.15589026218689,95.3621844932676,76.52681012863734,89.97498061733761,79.81120027535349,76.89263053147755,82.11965323644161,84.04521246837473,82.30812664388834,88.99848441222413,89.9957984589768,79.48827783248447,91.05914560261391,67.66282565412457,76.98043512756718,83.0115412076821
10.1016_j.jecp.2018.01.015,82.0089432822188,91.92151337065846,86.63994056418359,81.90651876631438,85.30934608554593,95.99634307567693,82.38258639602815,95.15118828123202,85.27794363926621,82.30317232685279,90.06741568841487,88.1752204995161,89.02901022433585,92.4993678766278,92.41528143253888,85.93248083119953,91.10852850729252,76.58636104711647,85.78104820165987,88.31594416243263
10.1016_j.physa.2017.09.046,81.23007030924938,92.52685376666082,87.44761790875421,84.90790946530724,87.15081634915408,96.07767253463902,80.37794186836307,95.74369671434813,86.1528770287122,83.975405878958,90.24977548143806,88.31273164217833,89.6596857853728,92.79528839168935,95.04288980417884,87.51237518479056,91.0367152100911,78.01058837797905,85.97903191859032,87.6724430675098
10.1016_j.geb.2015.10.001,76.17603371947317,91.15515161286412,87.46572784598139,83.65847072450512,82.78340258398872,93.9721157841732,78.79503141326461,91.58207571895485,85.15415108902612,80.4879777633675,89.94938679989914,87.62399905879921,89.45575543143028,91.62313177100629,89.30855729676605,85.52125913238885,91.78668574584998,75.52091376852682,86.04559084365215,86.11435066897674
10.1016_j.jebo.2016.09.012,74.97677745609242,83.92063107625484,77.06319674455779,71.97005363928828,78.97382262418748,93.69251393324997,74.19788068298986,90.64705656961343,77.99588644470748,74.28161172397331,84.27022024655854,84.29600983691306,79.96542611020351,88.41503542003893,90.50002673809749,80.57561998719267,89.95521552406069,64.4901725086772,76.83101893683983,81.09576819289892
10.1016_j.jpubeco.2016.09.001,80.76639311149255,89.41999080335137,83.91875361657608,80.94927179185197,84.38537624792794,97.26923269175329,80.62575190032669,94.7400639231783,83.86587329317592,80.80303895513691,87.81878563159997,89.1920092582008,87.68291956165316,91.1989476873578,93.8909794888118,85.03768921108579,95.04337620450796,71.95355852574204,83.39982132539018,86.14932617121958
10.1016_j.jmateco.2013.07.003,71.58744521745291,82.11147182280067,75.12862605028089,85.01234415333847,85.32598763357517,93.52693252893677,71.18702182589253,95.04262681997889,75.83717378041914,79.56319966775682,80.99413126003414,82.67597032899701,87.67258414487401,84.58994151759204,89.7501107857923,77.12040910586829,88.74824030451417,76.84941725756138,73.8051382282048,80.3075512608058
10.1016_j.physleta.2024.129652,78.64671713124513,89.04534835363489,84.41249706572457,79.52349733611582,84.94157150096305,96.58082034058984,75.45501354323844,94.01935406189871,78.81116733767382,79.55193701669951,85.27435853539663,90.13703650773522,89.43354154191925,90.93885892318575,91.82111801545352,83.09669300687943,92.2419725296671,68.91419824232769,85.42734790494052,83.75443289857623
10.1016_j.chaos.2024.115095,72.09306382851899,91.68638240329555,89.61184316277166,84.14837722337013,84.682793852664,92.86181640966211,80.37430968975093,95.03687464365656,83.24091626553628,81.66001768426146,88.59936964280644,89.4351280891326,88.85825659814027,92.05356538018052,90.98123055538957,86.32878406529454,89.62649224780213,72.35285810729664,85.32692203660831,79.71197351845518
10.1098_rsos.230969,71.63639797181995,81.3866210161998,75.2597615508552,69.2919480495976,76.34514490857597,94.76169802958279,71.55634439582748,88.28176019930733,74.10507559530438,71.02796256657693,81.36554739051033,81.52324713718478,76.94855684683856,85.03025688120773,89.35717930455893,75.88040267252217,88.46159497108738,61.20984062980082,73.47720640295589,78.48783884336
10.1016_j.obhdp.2022.104152,70.2747372160426,80.87764276394529,72.55196786950789,66.64185934598272,75.09210449828777,90.91706877559362,69.2123233755452,86.10399291196507,74.44879081492729,70.96083566865993,79.29565379844023,80.18690319095013,76.7610822511501,82.58137951414506,87.80418500562686,75.68489528597598,86.84809414757486,61.06200184146074,70.95687556541554,77.31268304400952
10.1016_j.socec.2021.101716,71.35158692480447,81.37409892467109,74.83220678797163,69.69096418198265,76.49744255356669,93.50764698701927,69.40739856394796,88.41673545544077,76.02736866930663,71.15298704653738,80.8551076841897,81.42343880874763,78.2862424346913,85.70978268129093,89.42113220290307,76.76106847351997,89.01605981405686,61.80957468703039,74.16646274779853,79.1466826557635
10.1016_j.physleta.2020.126867,81.23831477390465,91.17845626245624,90.9557043011683,85.95508947133624,89.49317715968287,97.44579239547167,78.99729833872338,95.46938252263293,85.15593912781881,84.24404211073546,88.97772185928326,91.37254933133543,89.01016100689968,92.2903446440974,95.74883231225753,89.82047937579787,90.45651693352178,76.82078300969816,84.37463204880936,87.51795683263933
10.1016_j.geb.2020.07.004,76.00168131697225,86.0003504141433,79.23676855945342,73.29725704749232,80.00073693259876,94.80852196618368,75.0031620046457,91.99985865836818,78.0035603622788,76.00014007678618,85.01514866054404,85.00044733735908,82.05316529768619,88.99989521225187,91.99987798929561,81.00025750520012,92.99681959814833,68.45434955894844,77.34813424745474,83.00002529380592
10.1088_1742-5468_abb236,79.9187708337037,88.72447913098752,86.3454000620734,85.51200636634744,86.35968145098357,95.92243306329836,80.06038665337874,94.8220830228737,81.52993115517238,82.7731396026574,87.50621469013831,89.06726942574743,88.99490008991253,92.05374814493706,92.66262393445137,87.22931426628317,91.27347274077553,75.63792821004024,83.75767029394918,86.48137349475682
10.1016_j.joep.2019.102190,81.07355288462689,94.36852597166472,88.60454317746866,85.28353358732654,87.78893503526248,97.09875244902257,85.68317480769717,95.88290415529701,86.89165700099745,84.4788329393753,91.9589386637587,91.432956213466,91.31497008751766,92.83559596746726,95.86782119486699,87.46181038554715,95.26029896621696,79.61716356691844,88.63545126064992,88.9097094039711
10.1098_rsos.181441,70.69026465490695,81.50279783168968,76.38657105221884,70.05909191750918,77.66713425869344,95.354876123946,70.81777348113219,87.7730632071565,77.13632647724124,74.8137589510115,80.63946661167547,82.87046840607812,77.45868348793537,87.57950039707472,90.75078906269383,79.297333611346,88.47725008967167,61.84003027489851,72.90760530817708,80.18499142203451
10.1162_ARTL_a_00251,69.74739505928557,81.40313173155221,75.3671073346771,76.80754623699036,76.95720934664934,95.52209138488587,69.10014625436605,88.50521615483551,75.37342524238667,72.685221016641,80.67544824241688,81.76897386762916,77.80359815890247,85.11905162865617,89.6218846582916,77.74828686964148,88.6626888680453,61.06936343824358,72.7667797308876,80.86857068111959
10.1016_j.chaos.2017.10.016,77.90603789915534,91.24390710686663,86.78909013152041,81.83637405667571,85.38532176421047,95.98900283028712,80.15404689995572,95.01870043386553,83.37177552258015,79.81526686062324,83.45399830272798,88.62663954169514,88.0258911000395,92.22410801983514,92.86858211897433,85.75462656751833,89.87876851444136,75.01264654856519,83.21884714658498,86.8118469272621
10.1017_s1744137416000527,86.62025630781147,95.99510943912873,,88.94010082478505,98.76643690899233,96.03617740121993,87.24049447250209,96.14032749987578,91.07501122888328,87.8824290580063,92.82445979892495,94.38544319260902,91.47094252734142,95.70830625262279,95.92125085645011,91.39663819442387,94.25353930122593,83.09822044631929,93.63745841029447,93.11200375011443
10.1111_geer.12103,72.76447249846174,83.46620143169174,78.2067501694237,71.61341696278335,78.21464062610377,94.64920288010124,74.11472360688641,90.91758756406931,78.77774860881871,73.36864438433001,82.08669265162911,84.94238826329438,79.17923236659996,88.0479442266124,91.95995444386273,78.42892895875958,90.58025414258942,64.16951080858999,76.13381178689382,81.87251698307314
10.1016_j.jtbi.2016.02.012,71.3315541596914,83.57268736075544,75.80665936512833,69.04625785113701,76.64713988443992,93.94141624550623,70.94484347807425,89.1749957701182,76.08931749128281,72.03721764987657,80.54155272955198,80.78655019908841,78.59999524617753,85.34996106634517,90.30532112856064,77.17191259739019,88.82601681903314,61.85838259122299,74.54567332157283,79.41634679805385
10.1177_0951629814539199,75.99999999999962,85.9999999987273,78.99999999994351,71.99999999999862,79.99999999999999,95.99999999999886,74.99999999999739,91.9999999999287,78.99999999999956,75.9999999999947,,84.99999999999702,81.99999999953656,88.999999999997,91.99999999991921,80.99999999995575,92.99999999353285,64.9999999999993,76.99999999999964,82.99999999988111
10.1016_j.socec.2014.09.001,69.2517523115932,80.14839401206426,75.4897823967062,67.33670034096754,76.0820577617989,90.31772503770338,69.81364080279022,86.17200913254875,75.63844256877188,70.92289831562726,80.33751119846232,79.7174220571491,76.68041453557575,83.03707706611958,86.45037752171156,76.15627845677473,86.1502676348501,62.12552486468236,72.60001483387734,77.70079167349898
10.1016_j.physa.2014.06.041,69.1513970919008,79.69024294133686,74.79608006220882,68.60323664504261,76.53035907101821,94.36408865856556,69.300096972262,86.60672858827216,74.40617815263086,69.9632316876479,81.21110935123366,81.67200338445369,77.96754790755237,84.30836111550445,89.78396441842736,76.5575365135514,88.43512256444708,62.5462667706591,72.05373342655122,80.42080161761785
10.1098_rsbl.2014.0388,71.25083479467712,87.46984959175153,75.48066929053017,68.89043413269948,76.39796237918061,93.21812520775389,71.41225969330198,88.43965932329357,75.36924096375527,74.06034503881568,81.94500495407392,82.46175797289872,82.24876430676409,85.72558282274207,90.01120282540951,77.8054666049145,89.17885091959427,66.56846661396283,79.62530352470759,79.93316349849758
10.1016_j.jebo.2013.08.006,80.2936027828711,91.65930367141536,88.60693940075086,81.69235487520126,87.77652475879681,98.39744530280339,81.29502862533026,96.45614426455582,87.32821544448397,83.61488602531377,90.5342624909455,91.20124014842985,88.37925492150508,93.50328956526526,95.85948812697,88.65266145138703,95.46919225291906,73.04361652787695,84.82502232104007,88.94398644051367
10.1007_s11432-023-4170-3,68.79831208050966,81.59044632388124,71.8334010943626,68.72391213006782,76.68937310893637,92.74754050529312,69.41596071542385,87.86337418414799,74.72139893822377,71.06878674505236,79.81282021897738,81.22569345017207,76.67815961135537,85.79172004134588,88.39020370787954,76.4276853708732,88.94124034351303,60.73445632596155,73.23449834420101,78.13494003993902
10.1016_j.chaos.2024.115778,71.43904160216597,81.6164111164541,74.92940304717811,68.30389091229577,76.27476781445849,93.08251018811043,69.96934960359567,88.04217241788234,75.32067383391667,71.03425240776491,80.10153909017657,80.63719300424616,77.02860294590168,84.7182278223605,88.6036694219034,77.04665934639817,88.3267153483534,61.94777565637891,72.80429649231263,79.00426301570936
10.1016_j.chaos.2024.114651,71.04324942312081,82.16149563492462,75.9012848904789,72.21104405583763,76.62853855726489,92.46405796943638,70.69064374315562,89.1168463705234,75.81180059333049,71.8270285677988,80.71436359893461,82.63674999257313,76.7931916709607,85.28699453588764,89.68473745905868,77.04027614750869,88.85039170121347,60.98332967156037,72.28523388139394,79.75524081563844
10.1016_j.amc.2024.128553,74.36105706312996,90.80501426191682,79.58042945564083,83.59927965781861,88.03905637531912,94.82915427987774,78.84426493920895,87.61061318197046,82.31917765382067,83.08117999949732,80.65332486177712,83.34390145980534,81.05283054136703,92.31271643834573,92.69843577909961,85.74436274158263,89.1507022505998,66.0013115659463,83.46487320381814,85.8180745780585
10.1016_j.chaos.2023.114011,69.61761383596293,85.90866213471645,84.87506167224085,82.88110723338134,84.91937579578882,93.58986278581516,71.32166140254012,92.61360360234347,77.85710784139313,81.06202045225575,86.46640300926319,81.74709084358986,83.6297515626422,89.04021447343013,89.47593909436928,84.36969078597254,89.8011690859168,71.0790636764011,81.39263113488823,79.76300435549196
10.1016_j.physd.2023.133836,73.35292597641497,83.60549573293585,76.61637737517695,72.29322472676306,77.0792589986119,94.49759641422895,71.90169000534746,89.85291816414507,76.65743527677567,73.7820459785295,82.21821970336515,82.5123765782368,80.32691698153167,87.97266793476348,89.92865731874781,77.71684992835468,90.46326560604557,64.99241590685476,75.15267454006327,80.83428158028539
10.1098_rsos.211983,69.38282610253555,81.60345993483222,74.7460134111554,67.57202732490413,75.4001089798643,91.70230700713617,68.99634533110171,88.36355980481191,71.71144463746315,71.7770415487429,80.1584201616011,81.10487594286181,77.21270537150184,83.7111140549253,87.70705420814085,75.89934447664,87.36736844932373,59.58239809764684,72.62396159421611,77.9670679372447
10.1016_j.physa.2022.128165,70.55996975671091,84.4366594248592,90.64105070141663,85.04004823722889,85.72242639023956,95.48718175763379,74.78258305994983,88.80995097686126,80.4362970585099,82.53900989353814,80.28470535639187,89.62380956753434,82.50722639103887,91.86163685186307,93.84369509107944,84.59991685191886,88.42993714069821,68.72539320279836,74.35770709960651,85.64178166529204
10.1098_rspb.2021.2174,79.99891807623258,91.56200910167406,83.79727655124157,83.3315154705297,85.44956194520543,93.48529179691909,81.33760245124122,95.43413934888805,86.43858870493435,82.07991475862822,88.88755306439428,87.5788197657663,88.30780831725541,92.08830306127012,94.33045188621671,86.57571511927323,89.89119676467281,75.96463633368813,85.33703528267186,86.2618607665196
10.1016_j.jmp.2021.102640,69.7259298826648,82.14342245964436,75.03232847973186,76.84100795484818,76.01459297138501,93.06655127596368,69.11244801519999,88.68531578929675,74.97862695614774,74.53304808823603,80.30307218574512,79.9969906827003,85.80274268460519,85.40692754667387,89.19100868687758,74.59374711341425,88.83119179529257,69.0571769952423,74.80451267789503,78.46398219063684
10.1016_j.physleta.2022.127969,77.47078250205412,83.44667568298036,87.03512175806134,85.5574610071753,84.50843417752576,93.42369798548728,74.41111206760971,89.90988330870445,78.22613812930219,72.20571244209147,83.59437286961422,83.86226495300275,89.02431132094257,90.31200078559837,88.4805716374574,79.82299788424238,90.15847042090958,70.26077276611011,83.29549605706836,78.8011170096878
10.1016_j.physa.2021.126839,70.6205887040677,81.08820099560319,86.9015629406459,81.2605687319529,75.24841362036253,93.47988720157993,70.0391583395,88.43149648714521,73.97169344095074,71.78930044979154,81.44688107659806,81.25604194894409,80.70079751642392,85.72409760715253,89.48411190717482,80.22382068854806,88.35702087279992,64.30795325341785,79.96307701081489,77.59390564682953
10.1037_xge0001004,81.69522848978582,86.04993860083006,93.64571963414348,90.91171773405388,90.8011164401801,93.07685781455572,74.97631141981167,89.3023997958287,74.95647950541195,81.07750365512938,82.05367741883856,88.31050585455448,92.65208018334849,90.54108780997582,88.63112925491819,86.70966746462697,92.10773532020166,69.81791122769481,85.24491784402315,80.67851895236609
10.1016_j.jebo.2021.04.032,70.42281744158277,82.36604593463672,75.39118809431109,68.246280300094,75.7341577014007,93.52526800743425,70.00248732581457,87.52925184735824,75.80248640354769,70.52785003848008,79.70684759099017,80.90858549571786,77.24134993335193,85.41412117382811,88.59440719150496,76.38195832703428,89.36782279026892,61.7677264900798,72.82037819571505,79.07553877087187
10.1016_j.jebo.2020.03.035,79.6815588411587,89.23640445732511,83.29084318414557,77.34519109979954,83.68094365575837,96.1766276805425,80.11700916133573,94.16021492634009,82.97590408196602,80.06128010254105,88.07552334669731,87.38229560133396,86.3292298146939,91.30756413196849,93.73120242514675,84.81813122173334,94.83991786943758,71.33236296451487,81.92562470390205,85.91490038175789
10.1016_j.socec.2019.101478,69.09463966212766,80.99817011270285,74.06967498566517,69.40894605318506,76.50938151852834,93.58361816527272,69.20911544364802,88.84755771019114,74.74149883780838,71.1202719481898,79.91205890456433,80.38602603649633,78.14348073386448,83.58032102881212,88.00969240834299,76.97395161258255,88.57435476851836,64.78666958915628,73.10062519202313,78.21908624395077
10.1098_rspb.2019.1943,72.48568226802004,88.04222696970804,86.38485498689894,82.90018216621873,83.96085330245478,93.82024001492248,73.6986668593041,93.44825161151051,80.3615321255942,77.66466400353393,83.89144910976853,81.02599656686161,85.48760949086403,85.82467428962818,91.42359044181521,81.54270614789621,89.26685655488757,71.95913572009754,81.69357340665975,81.27179083589996
10.1016_j.jtbi.2015.12.016,70.60528461603062,82.01455163814396,75.80213528698748,69.94442454048178,76.43359481648555,93.03987198373532,73.34902090314861,88.27038579031219,75.88278554743522,71.0019334284021,80.20634092281036,81.41325815570167,78.69624216336155,86.17885157350156,89.08131712289838,76.29377042779568,88.5519652129197,62.694254824632345,73.28768797046962,80.8352026453213
10.1628_093245616x14500948554072,70.88961819039578,81.71244584950918,76.05302300765092,73.05703821414636,77.18715408689305,93.43578814326945,70.89279560830693,88.15169302013044,76.02473992543725,72.87305465463126,80.0817195246836,82.10609931437328,78.10360897148303,86.41808109743657,89.1909366051242,77.34188676814091,88.99956556074282,66.55249329031747,73.76468601981632,78.87708310231277
10.1177_0951629815586885,69.93666280884716,81.92797215975042,75.24301609938883,74.93571923116252,76.17482924418275,92.98651644973182,70.87617405642024,87.60711270057402,75.11533594606674,73.26950044410184,80.16868899930965,81.1188324636051,77.1990588882699,83.67469096197242,88.37352333519026,76.5431279179422,88.8501344292629,65.49046276955985,73.18058287411606,78.80951454331749
10.18564_jasss.2647,70.22868207664608,81.75989525607196,76.11701339304719,69.44105921818519,76.70436400239726,92.57877016138393,71.22993634657627,88.31628348169973,75.09961198067819,71.54140998077972,79.949025796003,81.91484173096802,77.71124204910592,85.5517285426494,88.77553200938843,77.64658618749725,88.58907423715209,61.01716633420618,73.35874652163942,79.35490691385672
10.3989_ris.2011.09.03,75.61556163698874,90.14477646029246,74.56256369304988,83.22299069095345,84.38911222455955,93.6031522823682,78.55681263061844,91.03060631629387,83.89230726526114,80.68204288352045,81.10388435776049,82.69037703501392,86.98206005947685,91.73952278989684,90.45323808588456,81.29239556027196,89.75520915859096,69.41402463336523,79.35094816411923,83.73094981910351
10.1016_j.physa.2011.10.009,74.64261030704932,87.4100135638198,81.31738199999124,75.48178348652162,79.19301353534313,95.14667620338918,76.15784495679921,90.72111720453998,80.33643070400288,77.75712259768054,83.27905229021111,86.09948756204084,83.85932247951209,87.41080376759456,91.32302461456045,82.21321752957668,90.13569775339424,68.21484001395656,78.98049864314316,81.99236466787384
10.1063_5.0268194,77.28768831898607,89.67142970380644,86.27100012794216,89.37819865532921,83.800390316388,95.97099811156534,78.39985386433001,92.2882104530088,85.17215027477639,81.99286716324657,86.0561209441325,87.90146367377281,90.74324088357142,92.82981331762147,91.11671075132529,94.20895578041842,93.16972069393533,86.51075164839892,82.87726554217758,84.37160390141678
10.1038_s41598-024-80733-3,72.99006572410985,89.04335696230669,82.25430689293198,79.15768805666885,83.95011372914794,94.6597572686543,79.07396306275334,93.74016588502437,82.12545342538394,79.69936671687029,86.62279651769036,86.57938245365509,86.58855489505811,88.02356827682144,93.6112174632386,84.16547013781216,90.75375405566187,70.21616836081039,82.25626150799495,85.69818355025157
10.1016_j.jebo.2023.11.003,69.79559887716547,84.8152148483061,,75.00621056282745,82.80320188111216,95.95583421910742,75.82435746883844,91.66951968720387,75.47582166018348,71.08166187964835,86.56535449204718,86.07521296342219,81.84016209074848,87.16730895316802,92.71405424555418,78.36350568374232,90.15336937333076,68.37812480103858,76.1655072109769,83.43221006060841
10.1016_j.jebo.2023.10.029,68.80833008626253,79.5951983937634,74.46989433007836,66.82416805470596,75.14191663235893,92.76045801503403,69.02555322135946,88.38045613840082,71.87290151734418,69.28893877415372,79.02390963893686,80.81914745353073,75.55413544909497,83.61175303514624,89.19633434079279,74.4145425390356,86.4780061311187,58.941974980329555,72.06960983215052,77.26433518430494
10.1111_bjso.12687,70.03158366455482,82.16254445378429,74.81518383666872,68.48187533432935,76.26173245923037,93.32038314943645,69.73507034199949,88.57813190741204,74.1317703527225,69.78796665277977,80.68977285661188,80.79123334017203,78.17555269768485,84.54949480468466,88.63633627764177,76.14554484837038,88.91284408712824,61.17904835587098,71.24810630573292,78.62511894982937
10.1177_01902725221132517,75.6264102346302,86.02086091028006,85.64287478787986,78.59151817272577,80.40838289465917,94.96429018599501,77.70245620978878,95.08094067770635,81.84675849302903,77.26903688792272,85.78493300640362,81.24267039496928,86.84585736942036,89.9351009070722,88.79795578996914,84.41761590413348,91.23116759306274,70.15012341463436,83.93270130838516,83.97427872833198
10.1086_720287,76.0074075892946,86.06492601275863,87.20388989863193,80.46577047695762,80.00070025039086,95.99942751109491,75.00057876721036,92.0002400832996,79.004634688775,76.02397621717643,85.00147714577597,85.00008642482096,83.65089489124927,89.024017215871,91.99817143886058,81.00020332822007,92.99903953890004,65.16426373787951,77.30261382107433,83.00727691245719
10.1016_j.physa.2022.128097,69.77315941957585,80.47030896533843,74.50673516196152,68.65726056998707,75.35183823386134,92.63422398719064,67.94202687298827,87.6166788613175,73.6631882887128,69.64715158326896,79.73853359682316,80.45908088056702,76.70075684618406,83.1466187124126,88.8370962803058,75.20372908956487,87.69649574687504,59.96926969490813,70.53705904997588,79.23417827820597
10.1016_j.copsyc.2021.08.033,70.79791090589491,87.28802977496045,80.06827249786467,76.38606650919961,79.16737897501721,94.2349620179548,71.31388781948068,90.62459839017174,79.88555158821588,74.82400216615153,82.59415321844457,85.0931577515904,79.83644606315598,86.53004392476207,90.6475481099904,78.39185980130424,90.27586037070007,66.63541184549966,79.04646695982525,79.61165428924306
10.1098_rsif.2022.0082,84.9279373382414,92.12217864672952,91.67685830192404,88.73638000759475,91.61726654630198,96.27760322512368,87.83663275357219,97.0211977134691,89.18367136187767,87.19013902079205,91.77714532509519,93.28950988610241,92.07831951357649,95.05208673813944,95.94063943262974,91.09682866628658,93.72266638157548,84.20914178278682,90.96043741814391,91.48249841638716
10.1016_j.jebo.2021.05.035,73.93777133320899,83.855708641789,76.9573351993866,72.18284072183339,77.80206883455735,93.93919745381326,74.24785899278923,90.0878879722231,77.70227467742765,74.50234021738538,82.5209202372241,82.36268154335033,79.96245811687228,87.2418696501339,90.80043760442682,80.57905816286822,90.3855788338839,67.64020042507974,75.93122304459074,81.91997361342328
10.1016_j.jpubeco.2020.104347,77.73200943928329,89.10418725239943,83.90515510742625,77.56922108268674,81.83737404541786,95.99700284176275,76.01915376833882,92.17213227715297,82.40156858021358,77.130839070291,86.74663163367474,86.00759649608361,85.62449503883465,90.03486733507953,92.10040348136451,81.78252541001171,93.07800086074377,69.07333628215888,80.70659598802695,84.75861370248099
10.1016_j.socec.2019.02.006,75.75483081270383,85.70920083311822,78.26297801072597,71.77214813247045,79.463305732948,95.9998314981769,73.28773953721672,91.74303757908608,78.99364688754592,74.10001419528922,84.87949468572612,82.38741849518865,79.63462165834395,87.30141881816414,90.88945185073021,80.98313649980625,91.39594912055479,64.91960326076371,76.98850850572208,82.98286684761649
10.1016_j.socec.2018.09.006,69.6110914781383,79.59504134571674,73.58640393711,67.03706454312703,75.31629041976596,91.94413614786089,68.01615542334362,86.29737416031388,73.30235255675592,69.92422550730649,78.72624727797864,78.83007871220335,76.32505491916687,82.60332473331253,87.44655292347117,75.90355997924742,86.8378958359403,59.78814842376409,72.09020685724498,77.61805517981834
10.1016_j.amc.2018.02.017,69.37987585187821,82.06009571711886,76.88360390755753,76.06063035010774,76.18618120623208,92.93179578735939,72.59102182834438,89.03445582490679,75.63942669326717,69.71416953325753,79.9984702521245,80.44388433495313,80.83613561590487,85.0517323229674,89.10198437024371,75.61635380286442,88.36175993581416,60.69152461263356,73.2405695717616,78.51935909287707
10.1016_j.physleta.2017.09.041,70.52176771296519,81.70388896188993,75.33990525339442,76.92651615465547,77.94691569719006,93.16477133832534,73.72062222689986,89.18602237575209,75.36783021027411,70.55138745798538,80.27899468147577,82.75604394326572,78.7546768956442,84.76233338337134,88.9588919476417,77.44906691037751,88.40741213459724,65.0875981561606,74.68432927684863,79.11473023623208
10.1016_j.jet.2017.05.005,69.93276159101498,80.01174452978235,73.3831485659616,78.56632990198807,81.27159206613204,92.57796772973944,70.41870379623069,88.34830671355178,74.67234049253423,72.39250911690222,79.90300800745503,80.87252586049446,84.43656889315929,86.26249587770992,88.83689968482588,76.43450137247532,87.91373973586583,67.54473648078296,72.54227988904515,78.1757562955303
10.1016_j.joep.2016.03.002,70.17585612750139,81.68853418135083,75.64132372349637,70.11127901253866,76.81056652767207,92.19998429782855,71.52058436562514,89.17072019227179,74.18675259697028,71.97773403159968,80.70015013872711,80.66016561766698,77.8264646407233,84.3033074218601,88.51091324013817,76.6779094494127,89.3089956217996,63.17802840288956,71.51208050766992,79.1776530845413
10.1016_j.physleta.2015.07.032,69.79492471576746,81.27575712276452,73.88747475297026,69.44813026037839,75.55030934800254,93.93076729454714,69.78421999580648,87.80427072414624,73.39461151900574,70.7309388158774,78.93991965063171,81.2201516322253,76.61408843371255,84.46988593973965,88.58704050818835,75.93511486398333,87.25348138395158,60.3040315766987,72.31307005204938,79.78783785540067
10.1016_j.socec.2013.02.017,75.93527918737803,86.06492710349052,78.25890827047664,71.73136436287258,79.77786282108097,95.99849675925496,75.16886222209068,92.00003524660323,78.30960132640689,75.45369200515972,84.9402803436793,84.31092014668035,82.37719503292159,88.90396801085956,91.93991316656331,80.48918083497928,92.88053540245478,65.87811501305924,77.087790700071,82.99141430480542
10.1016_j.nonrwa.2009.01.009,79.05274465100474,90.9694638111857,87.97793440784388,82.40551313080114,85.6385071969256,96.36549424951092,78.98445316130962,94.38892285243102,83.74741019339085,79.64697355534828,89.09868276073504,88.32348237231705,88.44707778462566,91.91660948924765,93.73454957034235,87.17270739915344,91.84235883235945,74.18172934933652,84.24054995126299,86.1580152660204
10.1016_j.geb.2009.07.007,69.38659365675491,80.8851221777353,74.35711959489156,72.78180500603915,76.34095324514983,92.51238039246417,70.26352840906361,87.12104070054279,74.18661480335194,70.5488043776384,79.63186700976637,80.26817669329506,77.62689349663611,84.24179015595885,88.81234657618371,75.87246746807241,87.31524698666972,61.665619859273306,71.33419251968537,79.7581129140438
10.1628_093245607780182008,70.52863034071383,81.90711738850985,75.56380513981324,76.44045709962916,77.06390627450934,93.70287819374268,69.35412772895835,88.30064113089061,74.67253558304999,70.81922639145033,80.72388311553689,81.45653205220994,78.80620383442039,84.99638667198447,89.82035396783496,76.4927974117938,88.30245498106204,62.05808827806641,71.55683708720157,79.75270172007374
10.1006_game.1994.1035,70.60723758094113,89.53301733855241,84.38584579907861,84.64090712342139,86.4357486198391,95.11929608612638,72.35732872663529,88.47510067650028,75.71242071377405,81.15078913109842,85.06874386848297,82.02054978276774,82.39021191789212,90.18474657830095,90.72837795979427,81.35002454376655,88.75610203150688,69.05536479817653,81.90689365998587,84.8229910201374
10.1063_5.0256342,71.31259295451811,90.54771405786713,87.59836414804492,80.09558233124653,77.92879145119136,92.69522112371573,77.71763809676432,91.8361881494762,76.9133079967915,75.49111927075958,84.07749658434851,87.1743079544288,86.65436193986754,86.88474855521275,88.78630367832383,85.4558688622848,89.20779932361339,70.19471643263275,82.05478838218049,81.08026452103168
10.1073_pnas.2408802121,77.39080115589137,86.98591614041293,86.15468261809494,83.47840598080232,82.63337711464996,93.15822456159745,77.80323022771609,92.8325983920312,80.73430730682323,75.6701751953433,86.87778643631935,80.25553297321092,87.63996917082976,90.68347650514988,90.10001143015732,80.0008880903004,89.30396933676626,72.79974790039903,84.27885284841415,79.8782578365946
10.1037_pspi0000474,77.39609868569502,90.11014317309036,83.345512043064,79.88788013209398,85.93057150795961,96.06438754085221,79.10959776549463,95.05741532118235,85.53040077516513,80.66824575446799,88.82627744072788,88.35431244103657,88.57947520768349,92.45642225002472,92.56358889914249,84.30588787581189,94.22244930054596,68.57172502672802,86.60584576576827,85.779227020078
10.1016_j.amc.2024.128836,68.7107635241372,79.58850478883417,71.4617570501855,66.8283880738199,74.75629078820022,92.3637213475088,66.92417906650704,87.10502546682724,71.83295771671443,69.3636804996787,78.22657292067353,78.99415668841071,75.14636906548428,81.64382183504588,87.60638729522198,75.01396170363687,87.40573981885677,58.63989743338702,69.70160004603726,77.54300032034787
10.1016_j.jesp.2023.104566,69.60915044932483,80.14783174772057,73.75631120525343,67.87544413369226,77.31999661538487,92.92127131760384,70.92995928644696,89.08906739103159,75.64062090121243,71.94554909300919,80.6644670395124,80.73446364923575,78.98527881829362,82.81175918929414,88.14836328568832,76.27163653887122,87.98272250521576,59.709543435661274,74.64573793065301,79.28297401142844
10.1111_cogs.13326,70.53988198541083,81.89949375145034,73.79783577772831,68.2926610410923,76.0955711658149,92.81359547156487,70.08392974614684,88.11670469031058,74.82114571644799,72.5755496615899,80.71106566823526,80.6081227256671,77.54926218450889,85.43000996470454,88.73420308322152,76.48095525540882,88.30810562707104,61.603668150547634,72.79938265556245,77.63668494368702
10.1016_j.actpsy.2023.103957,69.4974820152947,81.24522286910991,74.15591893378672,66.94750349319419,75.75154922930831,93.43501301547063,69.22237305129615,86.82378135892858,74.23244199507334,71.01926493999171,80.56561027959465,81.33045872547892,77.07051370836346,84.59411972007489,88.97976172798944,76.33013753512397,87.75089732412874,59.373039193465125,71.2049890061456,78.62455798582394
10.1016_j.evolhumbehav.2022.10.002,71.18930992728566,82.84357257397588,76.44229964450973,69.52582871824806,76.55395542441612,93.76646831294325,71.067399189804,87.88748765936653,75.77099870528856,71.30048238917573,,81.79224028149945,77.88039413582052,84.73687291047511,88.89396406146652,77.85916358855953,88.84567160436987,61.22288176501346,73.28653611022027,78.79877241705721
10.1016_j.socec.2021.101692,73.70848440262604,88.20038754756727,84.7515959756002,82.74735023631658,82.52336923669533,94.44784584251138,77.41598555092978,92.36204389329157,81.19218826663278,79.08223206405509,84.32945243418393,,82.35232338045711,88.99419894584231,89.7653326336396,84.30839913666051,89.09611336611854,65.11532693089578,86.1095425138512,84.4531797803538
10.1017_xps.2020.10,76.27606147236212,86.8178737503914,80.35799217696113,73.06550228641179,81.61551581673478,94.25409191608901,75.55464288417178,91.86662665633943,77.20467765251236,76.72677725493455,85.00847247820424,86.19776225623542,84.13872149845291,88.25302363576724,91.69497257333597,80.97660884314487,91.24752140984488,68.15312215807253,79.53435763025273,82.11048876509165
10.3982_te2404,69.16370739263927,80.54106020667814,73.43022105724242,71.95167898046581,76.8337552673754,92.40103919345391,69.42963677168734,88.65001366266696,76.30700757176116,72.70921129295809,80.31560217815728,80.51705673710126,75.91547500086665,85.31110288930165,90.32905172354772,76.4377700844394,87.9839888341991,60.49745578607523,71.08198467196308,79.15008815302917
10.1016_j.jebo.2019.05.033,76.00000184722764,86.00035179430473,79.00006390964406,72.00049729116132,80.00015758116241,,75.00000100673957,91.99996040926135,79.00000023360124,76.00000685952686,85.0000974492584,85.0000242754218,82.00000656348475,89.00000195496855,92.00000006630437,81.00000001676078,92.95633978122297,74.13556253466295,84.5712822322458,83.00074457927167
10.1016_j.physa.2018.09.194,70.66944253036,87.62771291110475,83.84998809974478,78.61829783900211,80.49639008851557,94.04234750108925,73.42258179976776,91.75238111698687,77.84029243431465,77.82212295726902,80.89557016531701,86.64655203289179,85.94174249995037,88.5796747820009,89.67504944463502,76.86978186866426,88.85523169758957,70.59016913650754,81.59202447759264,78.53884474539798
10.1016_j.chaos.2018.03.029,70.04888139685598,83.40659861242264,84.80966008335973,80.15690983914413,76.30587421243462,92.22395068802726,69.87061395588242,91.86828374429925,72.96052984925684,72.50600389480638,81.1612734687813,84.55075662538451,86.04241312445193,87.27307345384581,88.54553083960278,84.79471401699743,89.05671351025255,68.19892622175597,81.32509482143243,77.51370505303669
10.1016_j.jebo.2017.01.006,69.11746901647403,81.45560435226676,72.39284083741613,67.39157365518328,74.910276596653,92.24131301279189,67.38545659258259,87.80072975895207,72.54012484324808,69.8684863278693,79.95223125138537,79.26610049783329,76.30730386984405,80.91897008375892,87.50271096178903,74.42724476825131,88.02776518067878,59.70994059789391,70.58756179110152,77.67635600808794
10.1016_j.jtbi.2016.03.017,70.19705756567902,81.27694535317906,73.94102164603244,68.20121122449007,75.9785878400622,92.46120505020788,69.16766263213071,88.21574002772185,75.38725727322846,70.68746825824257,79.80064034455535,80.66681580987414,76.71446184009946,84.78256235242378,87.9631300347732,76.2538048229416,88.23623587660609,60.52839940551447,72.33522337354025,77.59614530320361
10.1016_j.physa.2015.12.128,74.84067064355831,89.87071867459765,84.62594218360245,79.58149216576253,82.91857010022626,95.50467554870788,78.49720777181467,93.79938112294076,82.13003758960306,80.08318113847523,87.47591322403218,86.23737646758994,86.67985787300465,90.20140428568158,91.78692831284023,84.03098080633131,89.24428484103284,70.22213288758512,82.40209290768179,84.2905803917636
10.1016_b978-0-12-404681-8.00010-8,69.20604122051952,80.33795921001445,74.25991677137473,71.13593368649987,76.6431563398651,93.39095820263549,68.95959214396188,88.38301159298847,75.66303109060298,69.6205244671664,80.00188257854525,80.90149031722359,77.49826935044254,83.53536008619112,88.8710641180291,75.43576779609451,89.18330547086359,60.03873086614001,72.24488804724095,77.55085714096185
10.1016_j.chaos.2013.07.016,71.07202279093974,83.6803003867167,76.39014806501082,71.48080336336636,76.46534357291718,93.33361842698186,71.74589510713969,89.20855304049603,75.68764265715616,72.45923141982453,81.69204577919749,81.62419654877682,79.1794773433814,86.08235680033428,89.7357989390055,77.54603135101635,89.68365789557367,65.1362866025159,74.51057652808676,79.91471825997894
10.1016_j.jebo.2011.01.018,75.7637885277489,89.27120146388229,83.37459461412273,78.75985300501911,83.10608949989019,95.50062000588595,78.00202987573404,93.85539969883547,80.35463074827967,75.0083174199187,87.54651350359669,87.34071164488314,86.45540240066545,90.4632580034514,90.9426116224715,82.50938387157385,89.61163046681524,71.2463070979473,81.17112213063734,84.7295963179545
10.1016_j.jesp.2024.104695,71.16186630491313,82.80651589264448,75.77511436411221,69.39080146524987,77.44767242415901,95.18603909925487,71.05257394183819,89.11903311864316,75.8614093759449,72.49229709794858,81.13941501948834,81.48788181571,78.37447656996412,86.93943879811245,90.27287701958936,77.97461728186062,89.75193070206652,62.137173458164476,73.93730731024274,79.66374225009696
10.1038_s41598-024-69206-9,70.31378591785497,80.34706064765429,73.72253907214629,67.95304794477347,75.1160288623485,92.87771733861929,68.82782128987608,87.36647935545069,74.30752505938209,70.29939949815967,79.52180392159241,80.68554892481637,76.48877498602944,84.15874636939064,88.46713335424248,75.17907957128381,87.68367975635026,59.866682999727274,70.90154675101326,77.8848303161456
10.1016_j.chaos.2024.114859,75.28648227567481,88.75970415292512,78.80076069684715,77.21529962306478,77.96058435857994,93.8464092422713,75.90749708577222,93.86122243227229,80.40390468455217,77.7650302516979,86.32397748074861,84.02611331895999,85.78643504343364,86.7257609008766,90.2873942198329,81.16386427344729,91.84963262908053,67.18113108499934,80.12122097976486,83.09692338956202
10.1016_j.euroecorev.2024.104682,73.4126004313442,84.78762850199577,76.80181656096813,72.08655348088614,79.97587404784134,95.00341314837667,73.2090081943092,91.07856965484348,77.53164970618903,75.31534960249398,82.16395543166209,82.7348619616187,81.19922195178825,87.74900697945579,91.50319844120237,80.22333817725996,90.44747074467865,65.65903504997814,75.29865910806144,82.0290802232358
10.1016_j.jeem.2023.102895,70.09118909911791,81.44631433242492,74.53811802449891,67.77502624311471,76.02038574277415,93.07085664140433,69.85284494252842,88.01692009194265,74.75960549295708,70.87506332799468,80.18746800663637,80.501277173498,76.74031494822582,83.17126926043727,88.69956317609766,76.3660260097607,87.83905354089721,60.28859601653254,71.43846400897337,79.20508335934144
10.1016_j.jebo.2023.09.006,75.99999773863424,86.00000104710817,78.98436940268412,72.00009593501197,79.9999999364179,95.99999519146277,74.93783631562508,91.9984662139525,78.99216961550428,75.99999969412059,85.00000757781804,85.00000005318849,82.00046925248478,88.99361587672355,91.9945236974153,80.99989918100268,92.9999869417693,65.01838881911827,77.00114814773528,82.99999944294967
10.1016_j.socec.2023.102081,80.46908551968646,91.26229427527556,86.11972270589335,81.71931995730604,85.86667744327461,95.91722678172559,82.32202861287739,93.23074449756659,81.72926728530241,81.3615942818373,87.31093753298543,88.95781695171979,88.5240606038336,91.41792064639887,92.09947481986808,85.31708562931213,92.53052221674561,76.08806054805056,85.24162913612851,84.63739178866597
10.1007_s12144-023-05029-7,68.86467548131041,81.20428593413882,74.18750140182341,68.33528986633628,75.63043282112376,92.49745472545041,68.8733595520089,87.7603831521621,74.30253365592871,70.15163827175577,80.0467757279611,79.67411110979397,76.6919849465749,84.57899233209773,87.86341850463228,75.93510257944858,87.57331487839188,61.789590743862114,71.64265289822482,78.02771940607744
10.1016_j.amc.2023.128247,77.24990490291844,86.88860100227792,84.34727526991406,80.94183575854376,80.57330970828473,96.0008249384368,75.84294250687842,91.90073798144157,79.22103847059138,80.15835299399039,85.08036017636272,85.56538819948237,85.56275308067121,89.44026569765752,91.99955778637572,81.81407813243784,91.48009451478956,71.46781479597676,81.56353863472073,83.03087228364559
10.1016_j.jebo.2023.01.012,70.01135846285906,81.2848727816741,74.91631207087862,68.09013352961234,76.26243303186273,93.02074580516937,69.20128206126185,88.30445708480858,74.18361955758652,70.19602603994396,80.40474548078042,80.42269798133083,77.14142456768631,83.95423344255084,89.98323213456095,76.80270977021115,89.10188735634975,60.76393205590283,71.40003563776487,79.98276380593211
10.1016_j.chaos.2022.112987,72.17386136616913,84.71243239381867,79.90635654967357,79.59246509410866,77.29792025084511,94.24605255325812,76.11923952159202,91.84581573211759,80.76751228682923,75.28251380578648,84.26426429852144,80.89466926726132,83.9958502284633,88.55646721939392,90.89120993494865,81.99997713809489,88.40088202039942,69.79157392153002,80.34878652436227,82.17617122121551
10.1016_j.amc.2022.127578,70.67671571264529,81.52248623038244,75.0503649023738,71.01972591369763,76.45090923759606,92.79217359123845,69.51829840662755,88.16662455859614,75.18007207594842,71.33514313452196,79.62533060692125,81.11600990776266,77.93726125315922,85.63794985764467,88.97963728384619,76.24099216042379,88.68761925450562,61.235305688460826,72.47645479822576,80.22660737114238
10.1016_j.ejpoleco.2021.102119,80.77306327167155,89.59273193688111,,77.03908234475853,84.90180493954158,97.26515926868575,79.60902972431364,94.58113990346068,83.24192728234426,80.02404203007872,88.3467895233563,88.53053395011476,87.21027699220028,91.57842168110734,93.26076577648475,84.55820265003108,94.4092789757837,71.10563658838421,82.80518124930741,86.35720474995497
10.1037_pspa0000301,67.96742990459286,79.03871819107904,71.96610184467642,65.80315013589819,72.85771223977254,89.47458990499713,67.48516030823222,85.20716246838678,71.04861192669863,68.69504577638506,77.79746365801623,77.20319254477688,74.81223585557682,80.86981732546096,86.37276738093806,74.02466077436019,84.50176113963627,58.790850662664035,69.05053001835319,76.43466744311304
10.1016_j.chaos.2022.111973,77.10479108963351,91.47669301241164,85.95876783980691,83.57385514643893,87.69413017410568,95.96428847021726,81.83190726680141,95.6487171622366,85.70136731505298,82.1255419114594,90.0999575328542,88.91775918422177,89.06045506883414,92.26007249654606,93.2456561061203,87.18844870153916,90.56486408748844,77.97534188095544,86.05630799583831,86.3831518669788
10.1016_j.joep.2021.102452,77.21364981607597,87.64623697940303,78.2123945928721,74.62563091892919,82.05929260117723,95.79212673907466,77.17954737755076,92.59082952767781,80.66457904194064,77.85727992397233,86.43346817966888,,84.42715957602681,90.62273979778463,91.62117454090327,80.26637143540502,91.20039191889103,67.60715179702197,79.47179554090724,84.02570956253592
10.1016_j.physleta.2020.126904,69.50289669720972,80.00044371519601,75.77427297477068,71.47722251826471,76.28676620873155,94.89352734791935,70.43414557279169,87.2914146212731,72.09496691515336,73.27415137580034,79.7736006818544,82.3828234731846,77.23595244351593,84.19345317517791,89.26908043657332,73.35141294069096,89.03147137089587,62.35264842461561,71.5603925984555,78.80502120224695
10.1016_j.econlet.2020.109155,79.23327239730973,91.87787033188918,87.40556435003519,84.12689189610175,83.85969676236222,95.17636661965263,80.22508565520889,93.02576130081374,83.81978980425866,82.65766110847981,87.9041087029963,88.9663457888626,88.75303265741388,92.17950429667661,89.95440569398949,85.7527212622978,89.86394959953117,79.62860648935327,87.69962644169556,86.5283085530467
10.1016_j.physa.2019.121796,71.41303523470378,84.79965625476784,77.3392701937196,73.97431963635782,77.15976210451947,93.15898574846648,71.67418606894223,89.32977297471369,76.28492168873161,75.31537944667939,82.16566267799924,81.3499642893102,83.31965904115285,83.90231174927304,89.39139936502387,77.59523129678259,89.34177546389189,68.49467090421412,80.84116305159274,79.96389864819969
10.1037_npe0000099,75.52414331712369,89.12830344943634,85.42739506133407,81.19127346215342,82.26749100615393,95.99927981191172,74.84552478701409,92.09731799530732,79.54806936408798,77.13892874663865,85.50369300505758,85.01814117261851,87.82803374329214,86.93580759757246,91.967518060176,81.13166846691358,92.8275635802307,67.88990799870386,83.4568287467031,83.53497046691099
10.1016_j.socec.2018.05.007,84.21479375986162,93.18313698049322,91.0290074925988,86.85163677322574,91.1619408632182,97.84181198483792,84.95983719406308,97.27240688054472,87.8609411312146,88.26299265453582,92.14713849063894,92.28205968185608,90.79061169085765,93.00796008481164,96.09468205255317,,97.27742281810775,81.2251653912434,89.65704107998151,90.43652712701639
10.1016_j.euroecorev.2018.05.004,72.10948881248208,82.46737059297377,77.77314800142265,73.75015860939234,76.59110327242544,92.68126636051974,70.99450074506359,88.0674255673321,75.9941463536799,70.64800501952942,80.11995786027215,83.09647763081485,78.86250959824314,86.33750188029104,89.72021234672695,76.70298976491132,87.97896848531936,63.36132175241284,76.6789061459524,78.39086184807412
10.1016_j.euroecorev.2013.11.012,69.80637683667551,81.13605597090782,73.48790210592261,67.90164543569823,76.50062899476906,93.57109818976409,69.81218169605545,87.37334251988011,74.03962140878218,71.30299951514931,80.24603509129501,80.38499247682634,77.36016172838913,85.08708740612087,88.72951378504115,77.01250852204792,88.38552327193263,60.27996165623761,72.09098020808432,78.7278381182886
10.1016_j.socec.2011.04.001,73.32144069168432,83.5684502355013,78.61906407409512,72.94365693733175,79.32794965269134,95.8346920340425,73.71369227717322,90.34826968083401,76.62386431532569,74.98674264386608,84.25898570655536,83.15054853931112,80.40363996388459,88.81230329706365,91.53540234355044,80.8512573716012,90.50819942355926,66.66304572879346,75.42013189104429,82.5455364811077
10.1037_1089-2680.11.2.142,85.68524631616278,94.24014670249385,93.53055465411794,90.48691359675735,88.78054149875967,96.00001014840484,90.32212836781703,94.06777148505871,92.03252686143914,86.40512892932863,90.5685349028375,90.29702193864638,93.20323386791179,93.49074306486752,92.41015223700929,89.0219980135361,91.49070244110658,86.95385828710056,91.23356510785557,90.7250642245815
10.1007_s11538-025-01422-4,71.84604275321914,82.97508772264483,76.4801343677709,72.7168368971974,78.12051925315134,92.86406170390075,71.38788374535265,88.6551360755292,76.35924687832454,74.45405286501752,81.74780292195793,81.62001970732568,80.16907922673408,84.60798227786512,89.7381448999138,78.42832219474137,88.82027321054596,66.31595361679085,76.1964683679686,79.76924159019333
10.1016_j.chaos.2025.116297,90.79497779842355,93.25124593273205,91.14678889413722,90.84420388116637,91.3120728724688,94.43981479593062,91.20795623833763,94.08449897503179,91.4904394740524,91.09538937587284,91.9714922544219,91.70782371569108,92.61398162378083,93.31388982569662,90.9801525919627,92.15970215525117,91.35883217364389,90.48739795835408,91.51824842462104,91.67235743975611
10.1177_10597123241302837,69.20598798058985,81.36104321429217,75.40477374603006,69.0141647892609,76.29505017841136,92.74836857782944,69.75558240970237,88.54645959788427,75.53686345776008,70.46821468621164,80.80281917785264,80.88044364208093,77.17970331421448,84.81886293103884,88.86071929809006,76.27368842037102,89.4130556057406,60.60454386350075,71.8179120214253,78.2117484108373
10.1016_j.amc.2024.129156,70.15725238172652,81.45491908544469,74.75145857991474,68.75089767245859,76.32816380737559,92.56133667281584,70.13953350578049,88.21211674374776,74.92639461690537,71.89005076333073,79.76314294943404,80.77912859810408,77.31158726687237,84.97719229757243,88.5139476159846,76.42574346927249,88.31682395728836,61.29716187187867,72.91462905600399,78.26479716933905
10.1016_j.chaos.2024.115622,81.87882126509852,92.33008579933549,87.29796815379105,83.11789743990808,86.95477549556088,95.56930354544724,82.93704266205278,95.03570305099598,83.81866726093357,80.97396502630248,88.39692584188896,89.98713880803273,89.82373502457516,92.26498790151919,91.20380252978043,88.10012402085604,89.99977162527458,76.95374861715842,87.24995475206512,87.95961780740225
10.3389_fpubh.2024.1373747,70.7924393130349,90.91137832759664,87.20580045971822,86.01021054711369,87.96557612995785,92.61543654225893,80.23663718254322,92.75522954637275,79.53049977154274,85.24314298455738,89.93128359364714,84.09508126069586,86.37209360550516,89.35666686586924,92.26653591648828,81.1418684584485,92.23874493501667,76.14818666565866,84.58031449128701,82.77224136155556
10.1016_j.chaos.2024.114699,69.71739843509441,83.80408107456044,73.9596680201125,74.81743269364098,81.30537699578164,93.22359140144856,71.88010411996358,88.21847211523495,74.75995611198846,74.41437164798728,79.28128410119994,81.54360993044651,77.23029692332125,83.59236185069727,88.9914959032692,74.45754399584088,87.6402381066173,69.21830868200581,73.67056097412647,78.30816104809956
10.1016_j.physa.2024.129631,76.98055109076165,84.91552799096381,81.32711096031078,77.78445698818997,83.03586189322955,95.81961135029188,72.60574494202409,94.0305558585208,77.29772697745848,76.78665615279237,86.78337755729598,85.8669148293433,86.46839911322745,90.14298309912951,92.51053891026126,80.00439609161671,90.56648730464444,68.43358314398454,81.28072256867168,82.75790346434898
10.1016_j.jecp.2023.105858,68.95495804203348,79.41711129694195,73.5120714832419,67.73906147295261,75.77530501896442,92.78630478199756,67.76501535623451,87.41160587068448,73.48217660937685,69.67784869015239,79.18529177380113,79.59588726672925,75.52039007123865,82.39135460462671,88.47870402457617,75.65884233002728,87.53860488292051,58.26175142414764,69.78848309669351,78.45924662518111
10.1016_j.euroecorev.2023.104659,75.98827125118811,86.0000017281649,79.00003524779764,72.00000724217617,79.9999938643281,95.99999916834614,74.99999928416743,91.98567330929775,79.00001081588016,75.99884225472354,85.00000361026738,84.99775624924882,81.9998848253396,88.9999999958697,91.9999031583878,81.00000843585003,92.99996442132085,65.000110531499,77.00000222747394,82.99989967716748
10.1098_rspb.2023.0916,70.28591971031392,81.48380236170662,75.05132548785578,69.23456238683721,77.08073482885546,93.44079964910215,71.77886853976958,88.4886579767199,76.05712595452867,72.37040074418242,80.46810611128262,82.68430851338398,77.76456401360477,85.44704821586365,88.77930784196953,76.91251627126685,88.62077384151519,61.44680473427988,73.52464256180671,78.57123982399197
10.1016_j.jebo.2023.04.004,71.89331855855897,85.5799464597525,78.84601333121235,77.85814081461523,81.16989300027252,95.72972137951014,72.33333586402202,90.1645042809803,77.36170033132032,74.82519509043762,81.85810366663698,81.27952384309074,84.79618905905298,88.59048970141086,90.10950867568471,78.4673814690118,89.64171470800876,67.01464473698951,80.33891007179052,81.84150579713678
10.1016_j.jebo.2023.03.023,82.42371453035285,91.79329427053962,86.44089397597699,81.23031945796939,86.52329625656414,97.78726779634934,82.98115909592629,96.59275126623669,85.93730590234033,82.78213193356005,89.9044706037377,89.51899446988074,89.17198932368065,93.20011391928554,95.00615601877162,86.9687799425879,95.41225442149546,74.23567079756882,84.46622631097941,87.67393506030832
10.1016_j.physa.2022.127997,70.13870232225975,80.49894351834452,74.09046751387883,66.9215403401012,75.70348470976793,92.6602520994079,68.44315663523913,87.98445177963659,72.92236762929609,69.09170276988503,79.8544162318771,80.00470701633714,77.04599768791263,82.7908620254524,87.51539158548135,76.14227889233905,88.02962417570798,60.88578639749074,71.91057675088786,77.70642368137783
10.1109_tac.2021.3087652,75.8274059543373,85.94340001485277,78.81837422092885,87.72944635572607,81.7747163233477,94.55956054526251,75.00000127793,95.95626599457523,77.72392448923094,82.7894072540702,84.22689536975541,81.25991881949008,90.44879761378259,88.98585320421888,91.98213457811966,80.99998898284942,90.85018960201973,77.46492389529854,76.99011028860959,82.82043696132892
10.1016_j.jebo.2021.09.024,69.18430158054895,80.10335664690547,73.95938995023982,71.89691802936527,75.47097347216997,92.26549783379005,69.24130982800905,87.91931051542592,74.07860204866685,75.1566322567361,80.76935935980103,80.90492578481513,77.09703689602904,84.60211165400408,88.41403079906598,76.38627272572894,87.27426528408157,60.089070941957765,71.48870321098858,77.25624027943024
10.1016_j.jpubeco.2021.104429,80.3997187539464,89.48594352638426,84.96534466198857,79.52219466303265,85.13337175833595,95.59023047103439,78.77941369490414,93.61294990347884,82.78987652467332,78.71143593403012,89.1702393392109,84.18491531804483,87.13008493606614,90.49351579145362,92.16435309252554,84.61130318809623,93.82963547383314,69.98987495645513,81.40696557419712,85.43472780082541
10.1016_j.jrurstud.2020.08.013,69.27569522120022,80.4623255599098,73.35850707307974,67.30939300953727,76.00601133151989,92.58650674655406,69.19054349462947,88.2213031338356,73.59525786774856,68.98506808725345,80.17526341036076,80.13799085452851,77.60584045674277,83.7366588791865,88.63717133791337,75.1760523262794,88.57566825559246,59.698799970938715,70.37522706182969,78.91967146834173
10.1016_j.amc.2019.124945,69.31823923946642,81.09842008449587,74.95023476864215,68.33654755838589,75.73508806081394,92.04050999936423,69.25582075931004,87.22240807558897,73.24637149999131,69.36562939017084,79.45340697206859,81.13896891987791,76.77132150073905,83.33776939572562,88.92042827879783,76.35930420728775,88.2737766028858,60.45327337702782,71.54669635529423,78.13131979820795
10.1016_j.chaos.2019.109398,69.58226050111884,79.33597457520484,72.40032845481313,66.7251571352844,75.90230295552804,93.27407015312416,69.36573960195764,87.91075576940528,73.8418272610436,69.24594542304476,80.20994454350483,80.17602387471733,77.17960379706153,83.18681172259579,88.33841154479394,75.75042097186555,87.53311118785564,59.906511331727685,68.63407575635007,79.64023167738947
10.1016_j.jrp.2019.05.005,70.14351475740136,80.49613330461683,75.96236618792489,69.57636496543884,76.38672272658765,93.22823764817701,68.93076455495535,88.27900156237581,73.97825784885723,70.44690828371277,80.18480525135242,80.71506866912316,76.90160240073469,85.08993405718621,89.7328565792093,76.09879716062093,88.62259247610938,60.058393714675354,72.0537936691263,78.18577331135543
10.1016_j.geb.2019.02.006,69.5002788686324,80.78578249900664,73.97232315987623,69.06849211045085,76.69581662674781,93.5364776579026,68.73544640494062,87.48148433156726,74.89710462784015,70.57747160559482,79.56269323134816,80.84491679074965,77.1442644779273,83.71210935814787,88.61360191662017,75.74602252957848,88.65667058412963,59.591224949954984,71.28658811387116,78.76932610528809
10.1177_1474704918756993,69.84634732045058,84.66806648446152,75.02201891124648,78.39749961006022,81.92896055489554,92.67369233008004,72.77276192946832,88.49774718215735,77.37166069730368,71.1951544536935,80.5732406013699,81.51214412509137,81.17148986835198,88.5644569020302,89.6448386399404,77.11084349631608,88.57993639099506,68.17614684586349,81.5758495646299,79.92410555680546
10.1088_0253-6102_62_5_03,70.77825383237683,89.83408465779739,87.50616827670399,79.5009408558375,82.12537391732096,94.06540974135171,75.65887326467669,93.3104878351772,79.07203612527101,72.51171699818775,81.60763253721296,87.55902930220368,87.03810899496145,89.8550199195135,90.19043780103011,84.76193392968845,89.08240823293403,70.28955128424822,83.12789998939758,82.41137126602317
10.1037_npe0000011,78.94916526351294,89.40829127468129,83.61810587607278,78.86734221384667,84.94627079080226,92.84128358184044,77.53094672110905,94.63975959362232,83.28099141282397,80.09415135479091,88.67198680092818,85.35180453862533,87.00024366104579,91.1617295182101,92.07282943589199,83.51172743504877,93.62695735797978,70.57928034042428,82.69798834207852,86.15069971219715
10.1016_j.econlet.2012.04.048,69.13895027060806,80.560036913021,74.09190566150068,68.38545334526141,76.26346820905829,93.49617517094237,69.18967854928228,87.73414852624704,73.66695399382593,71.2371488031255,79.57895162678017,80.11824784435233,76.80301134035524,84.32785923789146,88.83729953529638,75.50307771599363,88.374993040863,59.63716386599948,71.26440205677164,77.7069078961477
10.1177_1043463111434700,70.41305212854137,81.80893287519262,79.39591765127794,80.3610186972104,83.33702476565388,94.17342361435263,69.60938339928968,88.79238580630083,75.49042923661182,69.92071934885001,80.30027591053494,82.23319101030131,87.32620139612209,84.2144978202983,89.05283160242249,76.12836736508211,88.4546170462486,74.34366571115027,74.91143727348211,78.82200171252882
10.1016_j.labeco.2008.08.002,70.75342416464929,81.12593602313538,75.11307994336465,70.3215779998906,76.71082184638671,93.7137682842521,70.53075363210706,88.60796512180954,75.27708553447039,71.1038347847461,80.96028101644762,80.89348354829534,77.63301513371084,85.39760166168509,89.97547730086178,76.9696652782776,89.33027108499498,61.55346480665405,72.40876485391577,79.08026067414816
10.1016_j.isci.2025.112833,72.10406961109585,83.2615022549579,76.32129766100716,71.21451832265558,79.87787918710625,95.30413932147206,70.52612952394766,88.61945152939856,78.5868511236103,75.69589302331103,80.60990488955781,83.26422920264649,78.2182100656658,88.75721038466054,91.54648285540247,78.40599398174751,89.75007456072504,62.784066242996126,73.99900756552,80.06301677770432
10.1073_pnas.2500960122,69.01620637842855,80.61079345926692,74.93546983107053,71.39660739782546,77.31814054115364,93.82153255934321,70.18850394556883,88.19626794451662,73.0876658024907,71.42784157200808,79.86742580883943,79.62414772935584,78.41831924501894,83.84115017182307,88.12267851341002,76.6449055083357,87.62633500590823,61.46713857743365,71.38793756386748,78.37314445586183
10.1016_j.chaos.2025.116135,70.71077041235144,80.09110489378351,74.17334122429418,68.20522945549337,75.67067815140291,91.14405264853065,70.3339034162605,87.34947409092626,74.05522275424546,70.83229490235685,79.51299277417732,80.45661644653147,78.07066584459322,82.28177597214477,87.77781793765348,76.12523404397461,87.33634231839306,61.58861726668833,72.05810951030952,77.83933377458469
10.1038_s41598-025-87322-y,73.7847463547181,88.15746382062076,83.50332268359998,81.1892348802289,87.14017460802539,95.55229532278904,74.03338481426425,90.88675024981889,78.73681872604378,81.90948155156016,82.41831861194906,85.41724226910475,79.76859379977927,90.94478630405344,92.75227887463052,84.61698445926143,91.28258381212163,68.7233098834678,80.6102381283489,85.75382282012907
10.1016_j.evolhumbehav.2025.106655,72.2183803096198,81.79257753785764,76.4535374356374,74.39007073911448,79.01864090685864,93.55944879305677,70.15911310188822,89.43712210008273,75.50803194733354,73.99583191799299,80.79390208208393,80.63144053829937,80.10420938425607,84.86532406498405,89.07430947612363,76.95122792324597,89.13100850086344,63.723235988924166,78.04281638629394,79.47630122256936
10.1016_j.jtbi.2025.112043,79.41415391380202,90.38788564995063,85.40058601069293,81.699081594641,84.64655637359756,95.81401436887568,80.73471588774458,94.2439655616065,82.33020204543551,82.0798608171085,88.3225236674089,88.8817497589046,87.56165406018533,91.68893391960025,92.68674725162565,86.60936069946598,91.50153211049262,74.33257140844373,83.22551093533065,85.38376108823938
10.1007_s12144-024-06961-y,69.91701409234085,80.7603579035222,75.13230422640329,68.4003944983973,76.64445688819893,93.02198025083128,70.32625577717049,88.00353891646823,74.66885840552891,71.12495714663211,80.05518328389257,80.81914454787506,77.46869568868198,85.07109533793108,88.75069875006633,76.99521453119618,88.28400103590398,60.127578688476795,71.75878815768175,78.57304832744653
10.1017_ehs.2024.37,72.5612802909453,84.66617548111911,83.00526389352103,76.92442570811971,77.7868549766072,94.10634788509837,72.86530004389118,91.4766452529882,80.23991944952465,73.37102813724121,81.85581306499414,84.10808730878425,86.45936733328605,88.83496713948517,89.72161776786912,78.30131960642021,90.25286699070588,70.34390244134244,80.48533030477616,81.92592283632342
10.1038_s41598-024-72939-2,70.74740891169193,80.88961609682069,74.93059451477868,71.9856260902465,78.83358260721617,94.23494376101402,69.15619591161851,89.0479592012635,76.0958263304647,72.1337559415513,79.66865639872688,81.33856201984814,77.33766964485926,85.58911724531264,89.09738984529712,76.51044545425775,88.89040317874397,60.78040039019372,70.14071904590642,80.58425319268265
10.1016_j.euroecorev.2024.104795,70.36229276335261,85.93767675700457,78.97240284668473,77.320195532227,78.99604247326934,93.35610156013607,72.20182839141245,92.82691756198345,78.01290197149693,75.77609424032445,81.96801994332041,82.5710750961258,85.03520788258062,85.22048662961144,89.16926538034683,80.14298503938767,89.84818494326517,67.78388057513156,79.89181613394737,80.86895045553017
10.1038_s41598-024-67268-3,70.38071225798711,80.72300451019412,73.31908791262893,67.60385358400869,75.66253807807091,92.4091287205929,68.6666036797765,87.83763537200922,74.51709668306354,70.47901777107019,79.47094659687194,80.73050799749471,76.96729412222993,85.26505653996335,88.11237509371456,75.73737680942124,88.4728155777934,60.489687797056405,70.75778197332386,77.97778217776153
10.1016_j.jebo.2024.02.003,67.95226124890893,79.1067669979254,70.12346475791567,65.70140963735075,73.82960130409195,87.71815734573256,67.17073949926895,84.5863301407554,70.26585352003352,66.97632929345804,77.27980909668945,77.0522918219269,75.06661485710003,80.36955883794165,85.21130205657398,72.63393467135928,86.26537076798415,58.82475465216313,68.29173828140874,74.96092651511455
10.1016_j.jebo.2023.11.027,73.45945982473337,84.15671896363575,77.38136389422705,71.13061654073479,77.68296325287164,94.10973064872272,71.03177455107311,89.60161197918165,78.92129039834073,75.232548515022,83.0736675162661,84.12787745580543,85.7682033944663,85.87384009556098,89.07276723700234,79.08472305534816,90.19039496854056,69.75361113852821,76.69304076626906,81.70129753131009
10.1016_j.heliyon.2023.e22748,73.498926017248,90.48330108244218,91.65475189537402,86.24214562181508,89.75393286925265,97.95944813350717,80.98177184609604,96.33633852222401,85.03306686465072,85.0375120910922,88.00120627088072,92.13355686002897,89.28260606864528,93.84472646433798,96.47843604173431,89.91002972319919,90.89591831018963,76.72009084053514,85.22961011788651,91.29428645235511
10.1177_10434631231219608,71.00890808524099,82.37526213264552,75.01984748193468,74.56648736563359,78.28559163179285,93.2879348320626,70.21905235461729,88.28894481790205,75.84278494689842,73.0281630038937,80.34872745379448,81.39981473718846,84.1794014160253,85.22362484811694,89.40763498039962,75.93211100196018,88.45582361936533,66.6515422347536,78.20888204567323,79.08587627719994
10.1016_j.physa.2023.129282,69.16084757492871,81.62098030474536,75.18765022614157,74.4435642649004,76.52292700829051,92.95646974276204,70.71075053802221,89.83571441000623,75.62948317646621,70.1138711347087,80.33956191985583,83.01963753800364,82.28996063630072,84.97524197120714,88.52076165830702,77.77233916839516,88.01820548767655,60.167857615076,77.22764860555154,78.22190526639831
10.1016_j.socec.2023.102091,72.9864063174555,82.52988262828119,75.3503209143279,73.25751112457404,77.75269970975832,93.39863265724563,70.70418635022331,88.22614673146893,74.92742075100715,71.93114366568102,81.53713189680823,81.3572687727497,77.59940433379894,84.88704834053459,89.00655177803957,76.80290348701672,89.22383048741574,67.38659290838211,80.9301722847445,79.04625705360054
10.1016_j.anbehav.2023.08.014,69.47367717768307,80.32579707594721,74.98227007738406,68.21988110442956,76.65251520712278,93.58950035474398,69.0777137384046,88.29445301806125,75.50331861604269,71.05778819158664,79.33922916020704,80.72092529641702,77.82243246420164,85.18682992775204,89.84310685187899,76.2368557886982,,60.41561563211469,71.80334567803101,79.02573288127859
10.1016_j.joep.2023.102675,71.13854072026268,83.29465935066347,73.47266781987514,69.19918453067116,76.71539886510674,94.24125471943553,70.67099200804616,88.67587542735792,75.62044073531828,72.93742303807144,80.96543300615727,82.19168198616201,77.29343944094282,85.7756384107085,89.5298192593143,77.09609531959342,89.33010391796576,60.86609667565764,72.53604481281094,79.41098947937259
10.1016_j.socec.2023.102050,71.92422951154042,82.72889389340742,75.28416608618569,70.42400408619099,77.98730893912577,95.99999893671486,70.7992349667666,90.72494427666238,78.8962649548943,75.0023548713553,81.69052906719448,84.89076786887941,77.93637921278543,85.88078278096533,91.94124696654119,80.77450698530657,89.56522576806994,62.1062711137228,74.94379926409184,80.5787016293681
10.1016_j.heliyon.2023.e16729,69.12374450612522,80.57534225364816,72.63397975574236,67.95204088073935,76.33240639662651,93.04021858326789,68.8904480883868,87.77055770204828,74.2041857081943,70.47349141627582,79.10616467766333,81.0955690601576,76.28058725376968,84.87296424527307,89.12838631120565,75.76657925369979,87.94138681233413,60.198486586744636,71.714965453596,78.65545604846243
10.1177_00375497231171138,69.05622433382078,84.47921211992814,72.26719645949264,68.43676540889929,78.45526802409653,91.50287720622714,70.36164342321895,86.3751297888358,72.41434683117697,73.45310151542998,79.61435726174035,77.95824659222174,76.4977440230586,82.20648193796391,88.41381034748865,75.75439735865959,86.41300768814322,60.727141893499585,71.43934264052014,79.0082080572975
10.1209_0295-5075_acb07d,79.5729278599713,89.20914265432607,84.22658083402277,81.65398851194715,83.56429534035799,96.29306389757515,79.37265631479504,93.35588355081507,82.10720483494003,80.13240323049187,87.37394677740768,87.95580266499434,86.58779583767611,91.43745122261974,92.81783063970379,84.45671331900502,92.79154688756417,72.10029449496653,83.33312348088737,85.90153372214198
10.1038_s41598-022-23454-9,69.13005327681722,81.52171048220586,87.27303901930144,69.96959869006872,75.92157805236458,93.29717151745557,69.80586602031947,87.6503457161253,73.62972741401687,71.38445009615843,80.0864608241536,80.51902414871387,79.79289413893763,82.24118907034836,89.11872391181262,76.85851529964582,88.2583727121024,59.82031757448412,79.44542014868344,77.76716312939547
10.1016_j.leaqua.2021.101589,75.9999999999572,86.00000000036769,79.000010565167,72.0000000121066,80.0000000000057,95.99951054498561,75.00001175276405,91.99993939739525,79.00000000126626,76.00006374139528,84.9999999997293,84.9996517430942,81.99999997849052,88.9999999054713,91.9999151672328,80.99999991845132,92.99999998109634,65.00000832573218,76.9999999930837,82.99999999982784
10.1016_j.amc.2022.127567,70.58543385835492,82.14828846032043,74.93474572915952,71.69674417406502,77.14853559075713,93.66011155469424,70.69947018512167,88.09808625342198,75.61159138512176,73.66269037622834,81.22021275117686,81.53465127372894,78.67485107226285,85.37568951587772,89.55733495929604,77.76685618158406,87.79233668617935,62.3238050834277,71.53119358906474,80.60360060297212
10.1016_j.physa.2022.127913,69.77327615440997,88.98835854534053,81.63907555444644,86.15630813820509,82.34844286234211,93.86388051353055,79.67338456244343,89.73011049600021,73.86708176973531,76.31730198128386,82.47449074651941,84.98006850854317,88.1761976299534,87.75199732443808,90.38135888214825,83.51742171238863,89.02774818122968,70.59390138056769,80.07353021998073,80.02822850839998
10.1177_00483931211008432,71.80467292316231,82.90686643746066,82.1581473721402,78.42201882793508,79.42567422713454,94.85743287721895,72.66637640877278,90.19901802304331,79.23776939238448,75.84821001299848,80.80479744342568,81.3841379290689,86.77276750021319,86.45801665902582,91.2749474484406,77.76364747347974,90.16671573525545,66.41836216055744,81.38530001815624,82.5083680118448
10.1108_tpm-03-2020-0021,70.86126646913488,82.15617942579802,76.88261075831183,71.94500973449757,76.51340393508693,93.83755215424067,71.54987714973267,89.61015106357993,74.9278893626151,71.51666886072391,81.73187805680466,82.07109429912104,84.00107061424582,84.25063098116887,88.83003359409423,78.57668293403795,89.19963921354284,62.25610617643523,75.74139717489854,79.75383522753856
10.1016_j.jebo.2019.06.019,69.82922239446003,80.43207282634931,73.7716517215223,66.826695975034,74.82474727721223,90.54178642601934,68.52113986611482,86.93801936784321,73.39258084294607,70.04138469240652,79.66828472880049,79.22907446361363,76.45086653752011,82.76915873615292,86.97718802538955,76.33567504021731,87.40536153850077,60.21037577249685,71.37459960279558,77.4790815213495
10.1016_j.biosystems.2018.10.015,70.35663643953573,81.64285165229084,84.0880056810517,70.68177457641137,76.67940064069319,93.06306291576969,69.33790807526748,90.79264391910564,75.161344040004,72.05429503451818,80.99869456932042,83.82450730214295,83.96888284713089,86.91964213877452,89.08588781495949,78.95596657822713,88.62230683297562,63.14734174397946,81.19395439217338,79.93332729362166
10.1016_j.jet.2017.02.011,69.94944322203565,81.35567980699257,75.06811029516057,,76.26823460900157,94.73523266720031,70.07046574445181,88.35044030572044,75.14966191348176,71.77406773319919,79.88818038190053,81.37618320840346,82.73438820436742,84.776917683252,89.10048023332658,76.59254494227459,88.11640181089716,60.655097217045636,72.3763264698663,78.90513526819677
10.1016_j.econlet.2016.12.025,71.33841201014623,81.97944905935957,74.8105633680085,71.06904334507519,77.63456398974918,92.95401677360339,70.68994168603115,89.25713346728676,75.65175890566181,72.62105354976077,80.64266679673108,80.69940923465661,79.02265158821695,85.26986386761148,88.16936875030493,76.54867426755165,88.68684973309702,65.12305530915775,72.57845452289301,79.60607020789965
10.1016_j.jebo.2014.08.005,70.5713947791671,84.2134257974522,77.80168244470374,74.60424133968728,78.37767135142091,92.92179247791296,71.8326096034989,90.97286882309018,76.20195486947816,73.92403801006381,81.59202304886647,81.25792123718134,84.31366602459744,84.77363626560278,89.81019679231841,77.34582479203209,89.36625747543997,66.44531178344235,74.47817547980196,79.03702940174045
10.1016_j.comnet.2011.11.013,69.3116593941992,84.35523788334693,76.7942622563509,82.48879360151471,81.82457151965085,92.2283773503003,73.08726434375538,89.05612530815209,73.80344228680453,80.44683800239928,85.79158763095428,80.82461483506461,86.62849356951985,83.44012969320877,88.36622545756376,75.97410142071129,89.69119522817056,68.40976662994085,78.88703948650446,78.36214980072342
10.1007_s11432-010-4145-z,84.50465465670366,91.76940036983261,90.61703766919567,89.13028965260493,91.83839483336192,95.99928622976906,78.84783734702157,97.29671288112645,84.39940626656805,90.76688424078901,89.81342608290018,87.96249142459594,93.42527861266063,92.58419495570772,93.16117189439663,88.50769328234242,90.63798986936447,88.62527583067066,88.99756516533411,91.06346689271327
10.1016_j.econlet.2008.12.012,70.02966446063556,81.41693979798788,78.1404276264507,76.41726928628898,77.05607024077504,93.82104947943135,70.1883333404527,88.4900710028603,75.46030185143331,71.17275818583003,79.92439992367467,81.14959545855274,77.8161624120773,85.28808212143102,88.9796484129714,76.86287993231504,88.1394812893858,60.96477050912054,71.5184047392065,78.92146492405728
10.1111_j.0023-5962.2005.00280.x,71.98626265043528,81.36608683518163,75.79563255918426,68.35955286070917,76.89924340090629,92.92356249061977,70.888621922043,88.5569371680867,74.80196679874457,72.43573253851002,79.7988270316383,81.51796005494366,78.27627373011401,86.11180044480668,89.74736234654442,77.52876679723477,89.82276954245883,61.68585048284811,72.85775098880588,79.82778646311851
10.1016_j.socec.2025.102403,70.23096517050169,84.30328754128784,76.65730642259217,70.86844265752855,76.3554576032606,95.16428350773961,71.70823196544018,90.74781541852279,74.57496977588262,73.71515615306149,83.99968297092248,81.92202950476681,79.53776914430816,87.1941007674313,91.60674452541929,80.99995250264574,89.77466375084647,60.23195346307339,74.04610174450457,82.99990882026177
10.1016_j.amc.2025.129545,80.03336760714559,91.8254224346907,87.58149764627325,83.70905017112173,86.7780406662603,96.35892796178729,80.62431161132618,95.56561773895501,83.70915650875655,82.04812298025223,87.48548512047405,91.11599931523533,89.70105217615733,92.07401458718323,94.10292991667674,87.11493043167468,93.90588316253621,77.09599906497915,88.69350347844878,86.51819646122772
10.1016_j.physa.2025.130902,77.5584919232946,92.74249872876374,88.50751624958208,82.96076214605789,84.3835463576155,94.30154949360771,81.57455720050038,95.9287507427181,83.1000846295948,77.40437285088765,90.07327466829257,87.4487958133886,89.93168815603687,87.1160535692842,91.9864540563201,85.8395494475355,91.58676790187438,72.83862671990882,88.20871833527522,87.4400142640556
10.1016_j.jebo.2025.107138,77.27591379686461,88.69892280473606,84.83519617893462,79.91761711499085,82.45913973464414,95.9670301217224,77.165204928729,93.2764034557279,80.94825507100897,77.25730745969658,85.65510718497755,86.79001075644202,86.38184361198469,89.94790387865531,91.67243657764145,82.43902859314112,89.99466982892194,69.96330595760772,83.17554969204768,86.20546879710474
10.1073_pnas.2508479122,67.1341067630894,76.5831123958885,68.5137764913426,63.978159987648624,70.94865165593505,87.36509255249406,65.96437539202185,82.93215720644062,67.72090066057147,66.97461980347073,76.41975904930975,75.32369702865255,74.58418798032756,78.82592569757699,82.43182960975436,71.16722722534588,84.74493360364929,57.81156605077422,68.12001891709586,73.32622849872509
10.1016_j.jebo.2025.107071,69.64661164027584,80.80355519309674,75.78733831056029,73.52899262948495,77.09344572771812,94.57485499729987,69.74076676453456,89.03148889124638,75.70548591384373,70.33551150241979,79.56754656253554,80.36349519204893,77.2508776874375,83.70724123060863,89.36071417967676,76.69424398224956,89.13486180221076,62.1209172654165,73.56658546273655,78.49486230419922
10.1073_pnas.2319925121,70.24093725724424,79.88527540569771,74.15015319505055,71.05227925527896,76.28543683842999,94.97912799801136,68.56601226486528,88.70326545503215,73.87091279493511,70.88268606228581,79.95842174226604,81.38336915968375,77.29820254905982,84.74872357968134,89.1895184407365,76.0959488546784,88.17661600129173,60.701326122763426,71.70160057070103,79.07209947546622
10.3389_fpsyg.2025.1465057,69.37918630544748,81.1517891611295,74.2329481109869,69.3378249795552,76.95996480098162,93.8754874306187,68.8140799912465,89.0285795735564,76.19526622496547,69.95655860831336,80.50595851850797,81.42650111840784,77.26227435603158,84.631040240626,89.1903666669057,76.05253557367826,88.73160539319268,60.63946474921415,72.20762687160679,78.18147623318154
10.1007_s10458-025-09698-5,69.21130307550155,81.3035845682979,73.45591511312631,72.75065994028233,76.71382124944317,92.9439234433217,69.42037973894863,88.58787219873251,74.65290301846208,69.91867212131356,80.0092580688424,80.91579458341032,84.09998641660475,84.73631686467294,88.99174948074355,75.81272458448771,87.56911232232193,64.842026839921,73.68528893596465,78.72551570053683
10.1371_journal.pcbi.1013068,69.70485979829353,85.64527204739396,85.14237143650497,74.62120793813946,78.0507956185602,93.08122042455565,70.86303738141383,89.0540144012491,75.99173531185276,73.3406968978358,82.55510632603533,85.67836630752208,80.63597575408014,86.99270281359196,89.90238933082624,79.03807895067276,89.0234084115095,65.91690098202409,79.98445331566825,79.85543721511905
10.1007_s00355-025-01604-y,76.62108057341986,88.14656042933213,83.56747285721819,84.37796110774869,83.85610751615646,95.93828836750676,76.68034632575659,92.60744236292774,79.0594028364867,76.45248690429277,84.92204673365295,85.01892205019443,89.30798715535713,88.67382422359516,91.40251668779597,83.3303335783272,88.81298768769372,78.73960468088984,82.84853147647796,82.80858114263606
10.1007_s11558-025-09594-3,78.97524156370518,88.89816866017256,84.51180199727658,78.76214476673145,84.13461564335012,95.94783981319452,78.74905359238471,93.23608498051333,78.46394696983806,77.99348016101878,85.02187534886664,85.75693650857777,86.68963791547358,88.59352482507785,89.56730735975404,83.66672445212284,90.29893667978413,73.98123748220762,83.26772720870706,83.80508661305629
10.1093_pnasnexus_pgaf150,69.96887878985609,80.53689321254576,73.04220517417751,67.64305512410064,75.97694744290222,92.21454746518204,69.76621071081381,86.91378661331613,74.93878592836518,71.7440793876658,79.6438551078323,80.13769871093825,77.1449377617468,85.18214071402795,89.25904744823495,76.89878393137664,87.48896291342614,60.6064209382817,72.01356588019244,77.6548101267651
10.1038_s41598-025-98728-z,70.43022690767272,88.62336289598004,85.80629959325314,87.44244269933404,90.32870498578362,96.14845437764863,,95.3617845551841,85.97253849536344,83.71252368749697,88.16582644795639,86.84499690124356,88.07174710841467,91.7105462535493,94.13176830800258,88.47884168385114,89.21660785726188,81.19237522309358,81.71106562397301,87.66447076130798
10.1002_ejsp.3171,69.98442087644993,82.56883403162117,73.90824075672991,68.46626340333941,76.39642759308262,93.50486925749982,70.85210847425685,88.08704588877228,74.7919939643702,72.08560436714937,80.66760893605849,81.31492718244716,78.27477664834299,85.41209732229864,88.847048334239,76.81988423039125,88.95163006173625,61.293688566998554,71.99438970612204,79.18498320153094
10.1007_s00355-025-01596-9,70.09602033042596,80.80273060257153,76.00710679710707,69.65573279133844,76.52996436295824,93.80628960455287,69.525236490075,88.20186059629584,74.64893897613216,71.46539950435896,80.71110097197504,80.05627374975667,77.914861706384,84.96443414830122,88.9599519877124,76.54971903583001,88.96828912325307,61.22583932022097,71.3704329497066,79.4668921279392
10.1007_s10551-025-05998-8,76.46354884675101,86.3118284133916,79.52292338034606,73.96437509844917,80.55486704913892,95.99998360231164,72.86204413103842,88.30374958997048,78.80866397511915,76.04809346674095,84.93763506909458,82.1922073287222,83.56078755653976,87.96473153155509,89.83710895055131,81.26073814488224,92.76128322117984,67.3775881758514,74.70698205527361,81.44244011627664
10.1086_731967,71.66707162818228,83.31688873608627,76.15234111696917,69.81573402348297,77.47112874234493,94.78645830356916,71.75745559808095,88.63782987644396,76.47201502227828,72.9555568516343,81.86153779074567,81.6733463294964,78.90082074303807,85.89925732316108,89.88312054861834,80.17954048004042,90.2797643553352,63.41800031458127,73.92535191985237,80.29397139149923
10.1073_pnas.2415010122,71.06925990499452,84.39176377918237,75.1942901998605,70.92372674738772,76.01699097681117,95.20065707964456,73.28409438760711,90.1375820130156,76.07860198625322,71.26941102046523,80.78840252485196,82.58041517281589,77.82630633987435,86.88866418329951,89.24004723048382,76.39208673269098,89.37694699726417,63.74734140763445,74.93943669424479,78.58927744450793
10.1016_j.marpol.2024.106493,67.77572922775802,77.95623132617875,70.56921246616709,65.51663398133987,72.59836167565433,89.4790330906197,67.47622144416691,85.59046813677992,69.7600626001759,68.17936273012452,77.86164888863262,76.92275328531481,75.25047958347152,79.73964296723982,84.7543398013638,74.12648449483277,86.43533173512064,58.51839091816175,69.07320040326819,76.36189911955793
10.1007_s10640-025-00970-6,69.44511640552105,79.68610906836157,69.81905661760084,77.54139639329001,75.18223248881733,91.50969166224367,66.8227368030113,86.85299351073442,73.12769900445909,66.20651195102438,77.42567870080555,76.41176949746817,76.62177474763226,75.38956158066662,87.1957160081865,63.336648489980504,84.64852122936108,69.96547509905886,76.22983271340469,77.99045707519463
10.1063_5.0253511,69.37564865789399,79.54752445884024,71.31497059836724,67.61221043887741,75.49581772596214,90.9142695572959,69.6080730781972,87.17766732673557,72.65453954351628,70.48029827350285,79.10167924150522,78.50442228850743,76.43040140876774,82.24572794438642,87.89831207313574,76.02358329471967,86.7037766109893,61.0498930604977,70.49065140943783,77.31101329671756
10.1016_j.amc.2025.129367,69.51865899836982,80.30529556246071,75.07813384624725,72.00269079832395,76.51935315542822,93.19294889103875,69.96210893204196,88.51910868616385,75.7458279970386,70.7250648966966,79.70070607473679,80.79835972067417,76.6607424696663,84.22133658671936,89.56797718262952,75.78646010755993,88.13934723604766,60.42903158213159,71.4588154134011,79.36276843293265
10.1016_j.jebo.2025.106930,70.97976159108427,82.50439603789249,75.29868736555777,67.67740478950154,76.45247774026191,92.65534734727751,70.00688414914615,88.29151213371051,75.38471440091737,71.67417684699122,80.3370211107039,80.99410581865656,77.27371662017212,84.41986497207094,88.38548456266294,76.78896807192186,88.1322278195369,61.69919195171569,72.2253904679404,78.97257748882294
10.1016_j.jedc.2024.104987,71.31857117762365,82.88881326441347,75.97642159043929,78.66748299648773,82.76357745383363,93.28091404380308,72.13391528723743,92.1143857870402,74.66887965547538,74.7027527345757,81.31443911808704,81.43423280232734,85.81841823678434,85.33198275309488,89.5150333210118,76.76154414785569,89.2866807767712,69.81396214427552,72.63907119717388,80.17197124683177
10.1002_mde.4492,70.55475137425468,81.5832603300791,73.65030845075765,67.84346069155242,75.77483837548665,93.02596315963885,68.64772655037542,88.44366370351281,74.58612605968811,70.90644899904109,80.01173314065667,81.15409949554963,77.88568039290108,84.30843053623028,89.08805417637076,76.29412988364794,88.03638180060027,60.248102481297174,71.45383589043237,79.43670017183968
10.1016_j.physleta.2024.130196,70.95050438090753,81.58220354640518,82.53775610643348,81.18753120557959,80.08980364679462,95.88829725142381,69.86307071000444,88.79419590722554,79.17607633500516,77.75122903147542,80.66265844283228,84.24746648376927,78.31208101758627,85.17471846482667,91.90299827557726,81.33440684690893,88.6722513278305,61.745633576992624,71.88058253259791,83.01647524500412
10.1017_ehs.2024.41,69.31811341502788,89.1312831787515,83.71703054165137,77.21137579942032,77.26857450332376,92.75520143123215,70.37919619623347,95.02906299281528,77.779814787066,70.05381252512457,80.84727587293901,81.01604244277948,86.40466587527288,83.49603334052188,88.1755553046651,80.3867057738601,88.89382187840299,65.74697965713275,84.51157753374322,79.83058172940429
10.1007_s10551-024-05865-y,70.20523067021132,81.73982371105966,76.04111496142609,69.01949127051353,76.74903927865701,93.24114046393674,70.60286751497544,88.80674216659551,75.6968913498266,72.39437513599515,80.22767387526379,82.42647072838783,77.58501625967003,86.02622157739063,89.67995714083924,77.45588022147585,88.07340363572739,61.90242913456501,72.07141405013286,79.79349078154755
10.3390_math12243919,74.31560403193822,91.2363419380451,90.73454159958771,86.05207681442964,89.59693403612643,96.47780973658368,82.00327540252962,94.48843512156085,85.40730787078198,86.01080388363755,88.32677600488537,90.06524054306692,89.34145117047213,92.95500864638446,94.72812477824863,89.73573093512154,91.89448158225889,75.55881804251088,84.72599098311615,87.93923314102773
10.1007_s12110-024-09483-5,69.60359597774114,79.30036682786756,73.10978816689041,66.69062886181734,75.71780241824518,92.4684097173959,68.49095047379004,87.92781612703995,73.29466212396034,69.32611860330141,79.38758344157934,79.01258802958033,76.0261045888057,82.68416934086908,87.26569667122914,74.83213220747055,87.36402756076367,60.325805786809006,71.55763359370403,79.28980644837736
10.1016_j.actpsy.2024.104608,69.67608892441186,80.6148413448459,73.92219405314043,67.0987142906329,76.16805520654124,92.18807009123586,69.94754437349636,88.08137603212556,74.44426173479845,70.9009106612173,78.64096690268225,80.43700946489439,77.75109556680164,84.25951698279746,89.71385894423157,76.47053814146471,87.52255099500294,60.423386820036434,71.55376798553694,78.80974750545775
10.1016_j.ecolecon.2024.108438,75.99999982457003,85.99999707075133,78.99999445523653,71.99999991292492,79.99999999971247,95.9999999879877,74.99999954315663,91.99999853490593,78.9999993080327,75.99999999612915,84.99999998085741,84.99999946767176,81.99657777206211,88.99999937252224,91.9999993289118,80.99323388758093,92.99984930998293,64.99999998606471,76.9999999746825,82.99999966145937
10.1016_j.hydroa.2024.100188,69.88396155073814,82.2210769002009,74.81170119862652,75.76269180665786,76.4876895806028,92.9616393017383,72.15319165085248,88.50628047150256,73.77218517133646,70.78223112096038,80.07395198673578,80.28405066096298,77.20945764022831,85.52041151801507,88.1064819781706,74.87958431373573,88.86546263095171,61.62564514073656,72.33510690002586,78.85231879825842
10.1287_mnsc.2022.03085,69.96208144851119,80.2811015734239,73.40436176244062,68.39778842658795,75.74150173882856,91.82466991594681,68.90741249208013,86.35198429202909,73.01643135054067,69.7360448096358,79.01444004673613,80.4671189717305,76.3355495678101,83.07018268065252,87.75990309219583,75.45318156410106,87.76751209472499,60.133012625245236,71.21725458277724,77.67004748448721
10.1016_j.chieco.2024.102267,73.94871311797915,87.21386889467112,81.40934173390598,75.96319447698167,82.29476986295234,95.23609746225638,75.15702318181746,91.56326864344354,80.40837406982686,77.00841471136687,85.63872448756705,86.3859981475314,85.41056069878465,90.15958161483437,92.00718423857785,81.38700285169301,91.50003216352854,68.20567752914326,81.00890004491595,83.75543681135026
10.1038_s41598-024-71106-x,72.73874864060758,85.42103222403144,82.21204073146858,76.36126209850025,79.48618939126315,92.94119027257094,69.33466806671935,89.55655344713621,76.8395764506542,72.65074017448865,81.54912608603692,81.69136837058923,79.64938034485945,86.79642113972554,90.22113477942601,77.90354476084686,88.44778129226249,70.89047585416121,78.28878296654375,81.84554354534453
10.1088_1674-1056_ad5aee,65.6683138017046,77.6059975192562,74.6287128766121,64.2534372626179,78.15730988562242,89.92557899436622,65.59299707002954,86.09282410965226,66.48703542940343,63.63992790288837,76.04720140472044,82.16674646242222,74.08129786768832,79.45733778802169,78.9285656079431,76.96729706282714,84.33971008916669,56.34528449262608,69.73112613410044,71.28359008516578
10.1088_1674-1056_ad5274,70.7569874476226,81.57681083837016,78.85342075428291,,77.23514812399196,93.74225307818327,70.22156403766215,88.34406652690365,74.84074753407525,72.59981694027913,80.60891892218973,81.51873757772474,77.60132270601623,85.71554149908532,89.17841037180837,77.38020613446318,88.53266275045343,63.810004024489345,72.41591958672916,79.56893018448291
10.1016_j.worlddev.2024.106686,75.8721421818728,88.86610721129253,82.7231413119187,76.94729114158073,82.96899287903118,94.54514762745968,77.90318728652123,91.33582801096391,81.10702916448554,78.63246382373119,86.67983907134185,85.90879418431359,85.42938589457106,90.27881616094162,90.09170044666689,84.00515108415149,91.38946450842158,71.07313089031504,79.98806464910754,85.21512756508153
10.1016_j.jebo.2024.05.010,70.60521081996534,81.75171218460605,76.56733964983398,68.6005567310916,76.30402697946033,92.19818418069102,71.15878822666113,88.16635184744568,74.85655824758638,71.27928886653099,80.94132174238824,79.9996961288888,77.40949782253163,84.46196913602321,88.45790628369419,77.36242720950779,89.30780331772046,62.87568262743859,72.71120016184862,78.76344627637114
10.1016_j.socec.2024.102211,75.75175756230506,85.99332675911177,78.98057147242494,71.9932018158333,79.99999802431924,95.9977984011376,74.99990532979196,91.9998247262492,78.99989765080625,75.9516011378086,84.99876667938713,84.99999259038343,81.99986148076415,88.99999884460529,91.94164578377165,80.9968821135265,92.99270291306942,64.86660381466913,76.9999590395585,82.96880099005223
10.1016_j.jebo.2024.04.016,74.45536396975766,91.9468516935654,84.97365287258162,87.94291774440923,80.67490265726457,95.78997372451983,84.70269159810027,93.01374106291871,83.38401513832488,86.653228525575,85.60076368953632,85.44291552601307,89.89030223657534,91.23811339453488,90.07045413294028,88.77597412281521,90.97215943404365,81.17922031446915,91.06222857367645,85.37247232042075
10.1098_rsos.230830,72.40159747486418,88.13875825489191,82.8388778290167,74.35451137355179,79.77499310255114,93.96644291236042,76.40595052072129,91.02111021883843,75.96818579497307,70.82422368917064,82.60774054574591,86.58406583811089,84.39483381986444,85.54797912214845,90.47173429959024,79.72011971743748,90.40146621438058,69.52847817550767,80.33564247547667,80.13737005393125
10.1209_0295-5075_ad0998,78.71628232378602,92.21724724738867,89.17712779960698,92.49626470170288,84.94201016423936,96.76843710644535,84.17108873218355,93.7465760129064,81.5093208560733,89.3962287743265,87.4216638251867,87.02885994320863,91.8340461474578,92.8599678463561,90.7684288090246,84.88686316901676,90.00073457250404,86.81790203318145,89.56085917103294,87.9559839495989
10.1016_j.ejpoleco.2022.102354,71.34848525169443,82.13915229105115,78.84834195462889,75.75587518050145,79.91010836114533,93.28026580651276,71.53617712900332,91.44863826624419,78.94228636755489,73.04721852587875,81.68185049548322,82.72506633632689,82.45980345005385,86.9494049343085,90.01916702906112,77.42517636078162,90.34102823236412,66.80041686416384,77.03622511810937,79.3280586162389
10.1016_j.socec.2023.102034,69.94862494394191,80.34205923182022,74.77128907709458,68.1925945667131,76.20310930123179,92.33333402879492,68.65769269073935,88.07207494741567,75.24163326556855,71.20013149795592,79.38839268219255,80.70154974494082,76.17634990743932,84.19020065635992,87.68082441707578,76.60530545143027,88.57204797227533,60.273316976811714,70.90952005617142,78.51978847586594
10.3233_jifs-232322,71.71135583271922,86.92490000775344,79.55285339688812,73.21541907788944,77.05894365675455,93.59336572971529,74.9548043162214,89.14145124995866,77.37914564192181,73.82018086848224,82.03023926086811,85.3403860372392,84.97694885963983,88.36460072113235,89.35247908973875,77.19787789372815,89.33723295711775,67.22700925908718,79.63329799861268,83.07437611167653
10.1016_j.amc.2022.127723,70.26540507529569,81.35988837675625,75.93901977127581,67.76699852048682,75.99816387611692,91.55245176361558,70.22654450824258,87.58934593927157,74.66452512315311,71.8676347190575,79.43389969028499,80.37642121887697,76.69658427479102,82.77762734579962,88.85743391350265,76.43053491211003,88.37192322680184,60.69784064078662,71.2135859079716,78.65767494469775
10.1515_bejte-2019-0057,85.77433663619574,88.44375784863674,84.08446374264214,84.13707309735584,88.45418799888334,96.81057139682649,89.21860785403112,96.90491641244299,85.36211121151834,88.39434712157353,87.63775172729596,92.236013636619,89.67720279807263,95.08579132890891,94.84417801441661,92.38203983301793,95.74926522689152,91.0483684839792,82.51739581210435,85.55534112031255
10.1016_j.jet.2019.104972,69.12392427712537,82.03184644131564,75.32106542387996,78.47816686098699,77.25169506467248,92.55205265719275,74.19304229543664,88.49372792272932,73.06216998645873,74.21505561456027,80.33338761533246,80.73474208995384,83.10277962332616,82.46159257799374,89.59832013739452,77.56088265637098,88.36712266714487,68.05691657533687,72.62492623595308,82.30615064610092
10.1016_j.jet.2019.104974,70.47227915523608,81.32396761176737,75.21274359495688,69.77182752679005,77.08999031557276,93.6736648666694,68.86741566930654,87.42568953784681,75.62753798741733,72.00599354756864,79.93985203634864,79.8838099538103,78.57915024818722,84.4913895000101,89.02715141245062,75.52817205483653,88.29832136789736,60.34779118649827,71.72868793401237,79.18890374134118
10.1075_is.19011.qir,73.08597864670635,82.5203111226891,76.65001634476788,68.99253229377065,79.68609592830921,95.06281734472407,71.2914866324114,89.00803549339076,78.66513467275357,73.83712044533625,84.08057887200044,83.12315426571774,80.66331694206333,88.66202808100893,91.87223265070652,79.30947066038232,90.26899141308614,64.4189123600179,73.48667128828424,80.51256191789624
10.1177_0098628319834208,76.54192163587494,83.32866400067734,80.56158122148184,74.19381957474626,80.49428433490758,95.45873894474053,75.07483239144545,90.75524580820327,79.46761771968286,76.541571796824,82.35761654632662,84.6506707023722,83.37433259299347,89.12952505897357,91.48034140471607,81.54050942110115,92.04148578641689,67.70138526956156,80.54394750183782,80.81523653314927
10.1177_2158244017737592,70.16393053600838,82.87511909265018,75.5702717872951,75.83454188615119,77.06320413622134,93.59677318369518,70.28784540099855,88.9024353696016,75.40907279307751,74.58611843033324,81.05248397696795,81.35745390105714,79.61290603367706,85.04984192825042,89.6594912612249,76.45004755958146,88.66214856828455,67.07495863640223,77.02003843988491,80.01549233249588
10.1177_0951629815586882,79.26742689483778,88.91851873617259,80.81035115842954,77.77081666329349,84.22933747070313,95.72805015641356,78.17650184091693,94.25123583811079,82.79820059471537,79.78149661438331,88.03470210169172,87.08310035099366,86.83329745484752,91.08279380294171,93.60022010975374,84.68267702589411,93.35722272796158,70.1674565158177,81.91080721432255,85.40745810847638
10.1628_093245616x14500948554117,69.24372184588213,80.318531399116,74.25991677137473,68.3255016508695,76.64274189370616,93.75066646235554,68.75103806085977,88.32650612126444,75.66303109060298,69.6205244671664,80.04898451417425,80.80042899118644,77.48639573498619,85.38944538918375,88.70747511521039,74.8493205673522,89.18330454841707,60.2575849917419,72.34054665434608,78.26854727743721
10.1016_j.amc.2015.01.040,69.29566044578016,81.38055540157522,74.32218199675,73.91622403960433,77.55755283789685,95.41470983876184,68.60037640410978,88.39672404756804,76.00751446249492,72.53130663467067,79.97076529859947,80.51020297337551,80.454432824089,82.7346480996332,89.43202574770713,73.81674940794575,87.99544680848673,60.78639968462901,72.52119064474192,79.60927231181022
10.1177_104346397009004004,73.13199221453397,84.47697397577497,75.75848162783703,72.32923746378503,76.01067833907486,92.86350680181152,73.54394735086355,89.86154655798798,75.54345678691672,72.97509897784104,80.58828174135849,82.21767031700237,80.30513950661823,86.87258122651022,88.90318291251886,78.27936055363395,88.36509509415977,67.43057256463875,76.4139495050656,80.44268519172907
10.1017_psa.2023.60,,81.75033903151309,75.89638355035622,78.38824569536266,76.30114468926108,94.57742676432346,70.23265050213057,89.72505845548322,75.20243660275843,70.85950029197765,80.29580381067042,81.07574029444783,80.80960553030604,84.0426137208235,89.8349710498355,76.26809713992678,88.02384135216568,63.64282626988272,75.91691141077574,79.47642563558634
