variation,delta_rmse,delta_rmse_ci_low,delta_rmse_ci_high,delta_correlation,delta_correlation_ci_low,delta_correlation_ci_high,delta_directional_accuracy,delta_directional_accuracy_ci_low,delta_directional_accuracy_ci_high,n
DV:Y | Type:E | JIF:Y | Citation:Y | Y16:Any | Discipline:Any | Var:2+,1.6330839984131318,-0.056055985655451265,3.2775463444491884,-0.052671862491218246,-0.1832163869873265,0.03858687026517115,-0.050000000000000044,-0.15000000000000002,0.0,20
DV:Y | Type:Any | JIF:Any | Citation:Any | Y16:Y | Discipline:Multi | Var:Any,2.4294481189541246,1.039450417298709,3.8734067687962854,-0.0743774966548656,-0.19897088884662764,-0.00017421861512385107,-0.050000000000000044,-0.15000000000000002,0.0,20
DV:Any | Type:R | JIF:Any | Citation:Any | Y16:N | Discipline:Social | Var:0,0.3200848216605934,-1.4850545088804072,1.9873438132632897,-0.16217443872166654,-0.3282272820001232,0.004722667337131098,-0.050000000000000044,-0.3,0.20000000000000007,20
DV:N | Type:Any | JIF:N | Citation:N | Y16:Y | Discipline:Econ | Var:Any,0.08218169667142039,-2.3849776116110872,2.298715890060648,-0.09434365020735458,-0.316361753033563,0.07580672059691705,-0.09999999999999998,-0.39999999999999997,0.15000000000000002,20
DV:Y | Type:T | JIF:Any | Citation:Any | Y16:Any | Discipline:Math | Var:1,2.9519843283212692,-0.1071665803458365,5.508720016102684,-0.11504166356573109,-0.2623397320152968,-0.012076479020289433,-0.2,-0.6,0.2,20
DV:Any | Type:R | JIF:Any | Citation:N | Y16:Any | Discipline:Bio | Var:0,0.2687452146557545,-0.3228775406907812,0.8231437526766273,-0.07629508091867931,-0.18030492418161992,-0.0205146722185604,-0.050000000000000044,-0.15000000000000002,0.0,20
DV:N | Type:Any | JIF:N | Citation:Any | Y16:N | Discipline:Math | Var:Any,-0.6840242078266687,-2.0777108191079225,0.20784153302220867,0.0003299652828523403,-0.1059213217318417,0.13754982633080057,0.09999999999999998,0.0,0.25,20
DV:N | Type:T | JIF:Any | Citation:N | Y16:Y | Discipline:Any | Var:1,0.7327034253647948,-1.066614782701404,2.508272371506801,-0.17077854936558068,-0.34251642876086896,0.03975077979044391,-0.09999999999999998,-0.4,0.2,20
DV:Y | Type:R | JIF:N | Citation:Any | Y16:N | Discipline:Any | Var:0,-0.2670351900849308,-1.3027790504036785,0.7240469841625873,-0.06403031530430969,-0.18173702480062282,0.027593461969342564,0.0,0.0,0.0,20
DV:Any | Type:Any | JIF:Y | Citation:N | Y16:Any | Discipline:Social | Var:Any,-0.5085807678996073,-1.5965500300115019,0.26070520718202134,-0.043791537544333736,-0.17114940177317642,0.07297694417801151,0.04999999999999993,-0.10125,0.20000000000000007,20
DV:Y | Type:Any | JIF:Any | Citation:N | Y16:Y | Discipline:Bio | Var:1,0.5938855290559681,-2.1489357983024187,3.013169715519135,-0.009919604942492444,-0.11975809962612921,0.0934941870648256,-0.15000000000000002,-0.55,0.25,20
DV:N | Type:T | JIF:N | Citation:Any | Y16:Any | Discipline:Social | Var:Any,0.18941079893225243,-1.8435724806768399,2.207571672676035,-0.1253052292840381,-0.27255952540683104,0.0004263612406130535,-0.09999999999999998,-0.39999999999999997,0.19999999999999996,20
DV:Y | Type:E | JIF:Any | Citation:N | Y16:N | Discipline:Econ | Var:0,-0.17640633105765247,-0.8902972524117087,0.6190458359433265,-0.05354665026218952,-0.14011314810961017,0.009647618876450303,0.0,0.0,0.0,20
DV:Any | Type:T | JIF:Any | Citation:N | Y16:N | Discipline:Math | Var:Any,0.2621060028467719,-0.940747281682943,1.3777338663789906,-0.010348269312651759,-0.12239137209350742,0.11402297935002031,0.0,0.0,0.0,20
DV:N | Type:E | JIF:Y | Citation:Any | Y16:Any | Discipline:Multi | Var:0,-0.3353434446457273,-1.4964029380187254,0.6837795066808909,-0.008830361197450287,-0.12466411302507546,0.11061453757830135,0.04999999999999993,0.0,0.15000000000000002,20
DV:Any | Type:Any | JIF:N | Citation:Y | Y16:N | Discipline:Any | Var:1,-0.04677051273261501,-0.8833530426366637,0.741314695287092,-0.059949564595507265,-0.17442520168072492,0.011369507428184803,0.0,0.0,0.0,20
DV:Any | Type:T | JIF:Y | Citation:Any | Y16:Y | Discipline:Econ | Var:Any,-0.4289401120863321,-1.3290561260698646,0.3228917606667902,-0.057941360992839974,-0.14042903941146476,0.006032741066704634,0.04999999999999993,0.0,0.15000000000000002,20
DV:Y | Type:E | JIF:N | Citation:N | Y16:Y | Discipline:Social | Var:0,-0.024171892076011225,-1.5251692731657471,1.3452777755576586,-0.09917657622813736,-0.269771729896581,0.013308944943607976,0.0,-0.14999999999999997,0.15000000000000002,20
DV:N | Type:R | JIF:Any | Citation:Y | Y16:N | Discipline:Bio | Var:2+,0.11169012506858422,-0.8468227893515998,1.1668057346094804,-0.05004499293720022,-0.17947371632953624,0.03230033144517366,-0.050000000000000044,-0.15000000000000002,0.0,20
DV:Y | Type:R | JIF:N | Citation:Y | Y16:Any | Discipline:Any | Var:2+,1.1901665452952503,-1.3863162137548817,3.571064261310117,-0.07386494500622987,-0.17639203050482163,0.01686594301374051,-0.15000000000000002,-0.5,0.25,20
DV:N | Type:Any | JIF:Y | Citation:Any | Y16:N | Discipline:Psych | Var:1,-0.38789598799631086,-1.7246176656543106,0.8339972491231166,-0.05606668333965015,-0.18080463438382438,0.04031976243383189,0.04999999999999993,-0.25,0.35,20
DV:Any | Type:E | JIF:Any | Citation:Any | Y16:Any | Discipline:Math | Var:0,-0.6055099139741245,-2.3397009449714945,0.9574735015852925,0.013303077418062803,-0.10014645878057143,0.1385610176203588,0.0,-0.2512499999999999,0.29999999999999993,20
DV:Any | Type:R | JIF:Any | Citation:Y | Y16:N | Discipline:Math | Var:Any,-0.4103074110631564,-1.954940988785796,1.065590702950302,-0.03474708684311978,-0.14916875875154229,0.07902068721513933,0.04999999999999993,-0.2,0.30000000000000004,20
DV:Y | Type:Any | JIF:N | Citation:Y | Y16:Any | Discipline:Bio | Var:0,9.914679781067022,6.621692857486721,12.970563287771377,-0.35861263080763056,-0.8279341100372728,-0.0003596458115314502,-0.2,-0.6,0.2,20
DV:N | Type:T | JIF:Any | Citation:Any | Y16:Any | Discipline:Social | Var:2+,0.24562809045086187,-1.22475865937166,1.4447474997500491,-0.13817435926053978,-0.28397942414271465,-0.011172305166146902,0.04999999999999993,-0.09999999999999998,0.24999999999999994,20
DV:Y | Type:E | JIF:N | Citation:N | Y16:N | Discipline:Econ | Var:1,2.207068687262354,-0.5298088116021121,4.732690220675387,-0.04560915317223546,-0.18791265672844226,0.049571777700520604,-0.15000000000000002,-0.55,0.25,20
DV:Any | Type:T | JIF:N | Citation:N | Y16:Y | Discipline:Math | Var:2+,-0.46733577477148014,-2.262575826125322,1.2031287574313279,-0.01435436970843218,-0.17602641821437273,0.12143950872490317,0.15000000000000002,-0.050000000000000044,0.3512499999999989,20
DV:N | Type:E | JIF:Y | Citation:Any | Y16:Y | Discipline:Multi | Var:1,-0.6862007174758968,-1.8895553912153913,0.2882124376299714,-0.02879997412651325,-0.12026433949928184,0.06607688005541612,0.15000000000000002,0.0,0.30000000000000004,20
DV:Any | Type:Any | JIF:Any | Citation:Any | Y16:N | Discipline:Any | Var:0,-0.8239976725694653,-1.832037320227656,0.014881883424612856,0.07174297296904653,-0.03331389375194874,0.19450828497474149,0.09999999999999998,0.0,0.25,20
DV:Any | Type:T | JIF:Y | Citation:Any | Y16:Any | Discipline:Econ | Var:2+,-0.7981305342572318,-2.4542084019603307,0.6229818665504601,-0.00838345780196248,-0.07720922139667054,0.05871962841830121,0.09999999999999998,-0.09999999999999998,0.30000000000000004,20
DV:N | Type:E | JIF:Any | Citation:N | Y16:N | Discipline:Social | Var:1,0.07316317121055516,-2.0421244385542536,2.0310704627993243,-0.09567963336516316,-0.2422434150781973,0.01228498843975099,-0.09999999999999998,-0.4,0.19999999999999996,20
DV:N | Type:R | JIF:N | Citation:Any | Y16:Y | Discipline:Bio | Var:Any,-0.10367160501741068,-0.929007235087969,0.8037958748745598,-0.041099585699787444,-0.14985958299490304,0.03493226335913836,0.0,0.0,0.0,20
DV:Any | Type:Any | JIF:Y | Citation:Y | Y16:Any | Discipline:Multi | Var:0,0.039819219117462445,-1.5082695656392815,1.3603471708162707,-0.08682028617095494,-0.2601186993112936,0.06776018516174932,0.04999999999999993,-0.10000000000000003,0.25,20
DV:Y | Type:R | JIF:Any | Citation:Y | Y16:Y | Discipline:Any | Var:Any,0.414592524958322,-0.8458754088363203,1.7823392368450126,-0.08850974822493463,-0.23885720959592488,0.008137469921049632,-0.09999999999999998,-0.25,0.0,20
DV:N | Type:Any | JIF:Y | Citation:Y | Y16:Y | Discipline:Psych | Var:0,0.5921093080328976,-0.6661245156937622,2.0555465510534043,-0.08640014381644412,-0.24991411163494887,0.015853771399987317,-0.050000000000000044,-0.15000000000000002,0.0,20
DV:Y | Type:T | JIF:Any | Citation:N | Y16:N | Discipline:Bio | Var:2+,-0.384790954596153,-1.6193053660943786,0.49088283087115847,-0.05671306332748116,-0.1543277350415604,0.03266934654016357,0.09999999999999998,-0.050000000000000044,0.30000000000000004,20
DV:Any | Type:E | JIF:N | Citation:Any | Y16:Any | Discipline:Math | Var:1,-0.5728266071895121,-1.8765809666376565,0.6030055551104174,-0.06023992536361822,-0.13875632433836843,0.012835117876389189,0.0,-0.1499999999999999,0.14999999999999997,20
DV:Any | Type:T | JIF:Any | Citation:N | Y16:N | Discipline:Psych | Var:0,-0.043964268616186075,-1.7067221934221508,1.4637052366501018,-0.08938604456610388,-0.20211426978022135,0.0036573490885929514,0.0,-0.24999999999999994,0.24999999999999994,20
DV:Y | Type:E | JIF:Y | Citation:Any | Y16:Y | Discipline:Any | Var:Any,2.3565578320639977,0.7360856651114774,3.9730166375130582,-0.0889676669423296,-0.20235977179825212,-0.004541864580358942,-0.050000000000000044,-0.15000000000000002,0.0,20
DV:Y | Type:Any | JIF:N | Citation:Any | Y16:N | Discipline:Bio | Var:2+,-0.4370358147594837,-2.147352979147195,1.0319827144174192,-0.05587952139499963,-0.17146339747046224,0.07083604291493811,0.04999999999999993,-0.19999999999999996,0.25,20
DV:N | Type:Any | JIF:Any | Citation:N | Y16:Any | Discipline:Econ | Var:2+,0.9873696907031588,-0.7666797030793584,2.640780467007177,-0.1630717440530976,-0.33472228136668036,0.045663699538152434,-0.25,-0.55,0.050000000000000044,20
DV:Any | Type:E | JIF:Y | Citation:Y | Y16:Y | Discipline:Psych | Var:Any,0.5027932425894042,-0.35957326116237903,1.4706028646537137,-0.08044306427651104,-0.1952351748308432,-0.0020721000215786433,-0.050000000000000044,-0.15000000000000002,0.0,20
DV:N | Type:Any | JIF:Any | Citation:Any | Y16:Y | Discipline:Econ | Var:2+,0.40636834960074,-1.52956996627009,2.212254243576942,-0.16088729364513366,-0.31659273876773275,0.009771092873481825,-0.15000000000000002,-0.40124999999999994,0.14999999999999997,20
DV:N | Type:T | JIF:N | Citation:Y | Y16:N | Discipline:Any | Var:0,1.7559044584291774,-0.059004138575046286,3.370394968558573,-0.04752441009856101,-0.18482832302824828,0.055167615115122866,-0.050000000000000044,-0.15000000000000002,0.0,20
DV:Any | Type:E | JIF:Any | Citation:Y | Y16:Any | Discipline:Psych | Var:Any,0.1440438138378024,-1.899488889256189,2.370657656995576,-0.1309117865933519,-0.2871500890961898,0.048194917618104585,-0.050000000000000044,-0.35,0.24999999999999994,20
DV:N | Type:E | JIF:N | Citation:N | Y16:N | Discipline:Math | Var:Any,0.4487116283565582,-1.6132026707126086,2.237937366359051,-0.09304097815849177,-0.2740998202560285,0.027532437631334977,-0.25,-0.55,0.10000000000000003,20
DV:Any | Type:Any | JIF:Y | Citation:N | Y16:Y | Discipline:Social | Var:2+,0.3323339308983737,-0.7516407114775377,1.7125339764919463,-0.09655320840318915,-0.2559391523750775,0.0034477039752909243,-0.050000000000000044,-0.15000000000000002,0.0,20
DV:Any | Type:R | JIF:Any | Citation:Any | Y16:Any | Discipline:Psych | Var:2+,0.14884933039068127,-0.7362054760936158,1.0951317780723582,-0.03808125199129364,-0.16389785695635217,0.04062932043834298,-0.050000000000000044,-0.15000000000000002,0.0,20
DV:N | Type:T | JIF:Y | Citation:Y | Y16:N | Discipline:Any | Var:Any,0.09074115971121,-2.241218787383862,1.9650166684670072,-0.0874536039825109,-0.24558925744891644,0.13559174340850863,0.04999999999999993,-0.19999999999999996,0.3,20
DV:Any | Type:T | JIF:N | Citation:Y | Y16:Y | Discipline:Bio | Var:Any,-0.2735945570137117,-1.532313184800473,0.8055833853807188,-0.06748533113086952,-0.19562857098524786,0.021778500099991115,0.0,-0.15000000000000002,0.15000000000000002,20
DV:Any | Type:Any | JIF:Any | Citation:Any | Y16:Any | Discipline:Psych | Var:1,-0.38856015099139096,-1.904330892583013,0.9175468455219309,-0.021153603194103088,-0.1702651445204414,0.1012192639644086,0.0,-0.24999999999999994,0.25,20
DV:Any | Type:T | JIF:N | Citation:Any | Y16:N | Discipline:Social | Var:Any,-0.04863645315599019,-1.7870021050857812,1.6776909558585495,-0.09558595213615462,-0.2070489510288503,0.002387485357642588,0.0,-0.29999999999999993,0.3,20
DV:N | Type:E | JIF:Any | Citation:N | Y16:Any | Discipline:Econ | Var:0,1.2321491757062963,-1.100435961426546,3.444233310068354,-0.13117638472485416,-0.3231677620672701,0.0353016778262345,-0.2,-0.55,0.15000000000000002,20
DV:N | Type:Any | JIF:N | Citation:Any | Y16:Y | Discipline:Any | Var:1,0.522039297260263,-1.3198562413125965,2.521188105180331,-0.07203906189446974,-0.3155343548226528,0.21212428851342247,0.0,-0.3,0.30000000000000004,20
DV:Y | Type:T | JIF:Any | Citation:Y | Y16:Any | Discipline:Econ | Var:Any,0.0962331732523678,-2.124472678567097,2.1392018272000697,-0.06251382514285309,-0.22724764528372923,0.12642873732635823,0.0,-0.25,0.25,20
DV:Any | Type:E | JIF:Y | Citation:Y | Y16:N | Discipline:Multi | Var:0,-0.07312715254051483,-2.063698255650269,1.806444342382041,-0.17365097994149165,-0.3815331477044562,0.07474811419937366,0.04999999999999993,-0.15124999999999994,0.25,20
DV:Any | Type:T | JIF:Y | Citation:N | Y16:Y | Discipline:Any | Var:1,1.6225388956122524,-0.9233116807535434,3.829226633575943,-0.17808137729976514,-0.37863025685593293,0.055025675254602946,-0.15000000000000002,-0.5,0.20124999999999893,20
DV:N | Type:R | JIF:Any | Citation:Y | Y16:N | Discipline:Multi | Var:0,0.0824232451578526,-0.7855839447084411,1.1748708423116987,-0.05828130126211872,-0.17309372103059104,0.02449876204478361,-0.050000000000000044,-0.15000000000000002,0.0,20
DV:Y | Type:Any | JIF:Y | Citation:Any | Y16:Any | Discipline:Math | Var:Any,1.0264919090160696,-1.5596237574699248,3.082585921365455,-0.12313074979330307,-0.297314301203586,0.03253615514389124,0.0,-0.35,0.30000000000000004,20
DV:N | Type:Any | JIF:Y | Citation:Y | Y16:N | Discipline:Social | Var:Any,0.04634586762649029,-0.4996896588424354,0.5660295573296609,-0.04926721943921841,-0.11012159312685459,0.0006927123754721128,0.0,0.0,0.0,20
DV:N | Type:T | JIF:Y | Citation:Any | Y16:Y | Discipline:Bio | Var:1,0.1647931204781372,-1.6280161790186727,1.6850535496484833,-0.10170268316527786,-0.24400734139452404,-0.00367210692235804,0.15000000000000002,-0.050000000000000044,0.35,20
DV:Any | Type:E | JIF:Any | Citation:N | Y16:Y | Discipline:Multi | Var:2+,1.2409100738392862,-1.7703593150789698,3.7150123197472906,-0.03126235053108184,-0.18283715423416896,0.0698296248687447,-0.09999999999999998,-0.45125,0.29999999999999993,20
DV:Y | Type:Any | JIF:Any | Citation:Y | Y16:Any | Discipline:Bio | Var:Any,0.2069864731866966,-0.4696191471021355,0.8054607650993706,-0.026680229743700545,-0.08747819704240532,0.0201881551748302,0.0,0.0,0.0,20
DV:Any | Type:E | JIF:Y | Citation:Any | Y16:N | Discipline:Any | Var:2+,0.37658285763910904,-0.5997164993955885,1.6258595272771406,-0.07339315433230953,-0.20365384117618035,0.009743101513429749,-0.050000000000000044,-0.15000000000000002,0.0,20
DV:Any | Type:Any | JIF:N | Citation:N | Y16:Y | Discipline:Econ | Var:Any,-0.38128290266122633,-1.7485783234789167,0.9156429083052214,0.005263919741646195,-0.18104658944584692,0.20382118042982925,0.04999999999999993,-0.19999999999999996,0.29999999999999993,20
DV:Any | Type:T | JIF:Y | Citation:N | Y16:Any | Discipline:Any | Var:0,-0.08534813884242354,-0.5778026619755084,0.3900397556675688,-0.01833593130184885,-0.05992986922468378,0.015104526797729714,0.0,0.0,0.0,20
DV:Y | Type:E | JIF:Any | Citation:Any | Y16:N | Discipline:Psych | Var:Any,-0.3858456652718285,-1.5661691494938426,0.6881455903326205,-0.0737709919512396,-0.19108379259907848,0.01969420264927701,-0.15000000000000002,-0.30000000000000004,0.0,20
DV:Y | Type:Any | JIF:Y | Citation:Y | Y16:Y | Discipline:Math | Var:2+,-0.2965749239175546,-1.5108169859528793,0.6727619465971741,-0.08097061921868831,-0.2069191204960625,0.007420056859376649,0.04999999999999993,0.0,0.15000000000000002,20
DV:N | Type:Any | JIF:Y | Citation:Y | Y16:N | Discipline:Social | Var:2+,-0.6461338112902713,-1.953303223964399,0.5109725540958757,-0.044577157879617246,-0.10772151167285295,0.03534400951953779,0.09999999999999998,0.0,0.25,20
DV:Any | Type:E | JIF:N | Citation:N | Y16:Any | Discipline:Multi | Var:Any,-0.2752782563334444,-0.8235160330939973,0.33118131904881504,-0.04593962975385457,-0.1056867038979933,-0.00034850097991325667,0.0,0.0,0.0,20
DV:N | Type:Any | JIF:N | Citation:Any | Y16:Any | Discipline:Multi | Var:2+,0.48143251294732625,-0.6945370811557311,2.086995411898643,-0.09770427007184024,-0.2600170527523638,0.012197625314242498,-0.050000000000000044,-0.15000000000000002,0.0,20
DV:N | Type:T | JIF:Any | Citation:N | Y16:Y | Discipline:Psych | Var:0,-0.6904374109048987,-1.826213691921657,0.3804553109108247,-0.012209137857640329,-0.08540938710954112,0.08353971527425734,0.15000000000000002,0.0,0.30000000000000004,20
DV:Any | Type:E | JIF:Y | Citation:Any | Y16:Y | Discipline:Any | Var:Any,-0.0334552902055556,-1.12969162914792,0.9090734673264735,0.030370187180112196,-0.0615929063163353,0.12724526027030336,0.0,0.0,0.0,20
DV:N | Type:E | JIF:Any | Citation:N | Y16:Any | Discipline:Bio | Var:Any,-0.5046915482205829,-1.845399271074488,0.46939744556927204,0.02243378294355336,-0.10853146869464894,0.15772077968680248,0.15000000000000002,-0.09999999999999998,0.4,20
DV:Any | Type:Any | JIF:Any | Citation:Y | Y16:N | Discipline:Econ | Var:2+,0.2946604587647208,-1.980304787395696,2.2427034701534363,-0.06794419061969426,-0.20351078182694718,0.09362723854669222,-0.09999999999999998,-0.35000000000000003,0.15000000000000002,20
DV:Any | Type:R | JIF:N | Citation:Any | Y16:Y | Discipline:Bio | Var:Any,-0.26572088548896833,-1.2821343019004512,0.5784863713977787,-0.04944405749621883,-0.1472667831477698,0.037137261541264156,0.04999999999999993,0.0,0.19999999999999996,20
DV:Y | Type:E | JIF:Any | Citation:N | Y16:Any | Discipline:Social | Var:1,0.19488052957736102,-2.04377731023853,2.0805888048230528,-0.04571403123030493,-0.19855015192087408,0.06302252488672286,-0.2,-0.55,0.15124999999999889,20
DV:Y | Type:T | JIF:Any | Citation:Y | Y16:Any | Discipline:Multi | Var:2+,-0.15027441148815068,-0.9638292474190578,0.7171618925828559,-0.059305066680262364,-0.17643892623123894,0.01387000767486641,-0.050000000000000044,-0.15000000000000002,0.0,20
DV:N | Type:R | JIF:Any | Citation:N | Y16:N | Discipline:Any | Var:Any,-0.025886353093151904,-1.405369373728355,1.1708110419995994,-0.043940193831129015,-0.2147370197151277,0.1166962330739143,0.0,-0.25,0.25,20
DV:Any | Type:Any | JIF:N | Citation:Any | Y16:Y | Discipline:Psych | Var:0,1.1472917232752087,0.03262571246387399,2.2374467786085614,-0.055694274692534185,-0.14641500931209522,0.009883315421688115,-0.050000000000000044,-0.15000000000000002,0.0,20
DV:N | Type:R | JIF:Y | Citation:Any | Y16:Any | Discipline:Multi | Var:Any,0.15236505797750066,-0.6796534364268028,1.044016026530729,-0.058880823708397645,-0.16625709429371066,0.007232556994175124,-0.050000000000000044,-0.15000000000000002,0.0,20
DV:Any | Type:Any | JIF:N | Citation:N | Y16:N | Discipline:Psych | Var:0,-0.7915404529774337,-2.2624888499292855,0.21200001755098352,-0.002867579160201972,-0.14747835954029784,0.15200128617244504,0.04999999999999993,-0.19999999999999996,0.25,20
DV:N | Type:Any | JIF:Any | Citation:Any | Y16:Any | Discipline:Any | Var:0,-0.48978997144743186,-1.6629603624198628,0.49238887788313873,0.03411467382537514,-0.10463932709980132,0.17510955477470172,0.04999999999999993,-0.10000000000000009,0.24999999999999994,20
DV:Y | Type:T | JIF:N | Citation:N | Y16:Any | Discipline:Math | Var:2+,0.5227858382713695,-0.7214322900749074,1.9167636333421112,-0.10947907461758566,-0.2474965141556767,-0.004366295279199736,0.0,-0.14999999999999997,0.1499999999999999,20
DV:Any | Type:E | JIF:Y | Citation:Any | Y16:N | Discipline:Bio | Var:1,-0.12787428259601885,-0.6197101760167799,0.3947172220718278,-0.03521632586512857,-0.10203079614033513,0.006224372106788625,0.0,0.0,0.0,20
DV:Any | Type:R | JIF:Y | Citation:N | Y16:Any | Discipline:Econ | Var:Any,1.2380195689750257,-1.3826839617630453,3.432284518385276,-0.08192078165752503,-0.2647817872420183,0.024685546300330027,-0.25,-0.6012500000000001,0.19999999999999996,20
DV:Y | Type:Any | JIF:Any | Citation:Y | Y16:N | Discipline:Social | Var:0,9.541518759279292,5.806294128211349,13.079986251309876,-0.6427948363194544,-0.8514617395744937,-0.3017814891110534,-0.2,-0.6000000000000001,0.2,20
DV:N | Type:T | JIF:N | Citation:N | Y16:N | Discipline:Bio | Var:2+,0.39859406747877024,-0.2735545115109324,1.0227739128228959,-0.06669536053800762,-0.16129707632301218,0.00022396331010863266,0.0,0.0,0.0,20
DV:Any | Type:T | JIF:Any | Citation:Any | Y16:Any | Discipline:Any | Var:2+,-0.00593731273981124,-1.6520470204851017,1.3110812590496281,-0.06534633967034231,-0.230766315684866,0.09024133641082112,0.09999999999999998,-0.09999999999999998,0.30000000000000004,20
DV:N | Type:E | JIF:Y | Citation:N | Y16:N | Discipline:Psych | Var:1,-0.42661878909767914,-1.7400265078379067,0.8438685420591863,-0.04990670283399512,-0.1764392628265889,0.03616008440833684,-0.09999999999999998,-0.35,0.10000000000000003,20
DV:Any | Type:Any | JIF:N | Citation:Y | Y16:Y | Discipline:Econ | Var:0,0.1322326767021984,-0.857790819594872,0.9411414257432721,-0.10541197068934782,-0.2256348583164937,-0.010840134683695435,0.0,0.0,0.0,20
DV:Any | Type:T | JIF:Any | Citation:N | Y16:Y | Discipline:Multi | Var:2+,0.8937813398025112,-0.31965622128500876,2.2309645091166233,-0.08233892855216862,-0.20881609110882784,0.01109353934834572,-0.050000000000000044,-0.15000000000000002,0.0,20
DV:N | Type:E | JIF:N | Citation:Any | Y16:Any | Discipline:Bio | Var:1,-0.20703519212793964,-1.8341876896334945,1.1624839239029439,-0.08626606103830026,-0.19427425808508994,-0.0037606576255401155,0.04999999999999993,-0.09999999999999998,0.20000000000000007,20
DV:N | Type:R | JIF:Any | Citation:Y | Y16:Any | Discipline:Social | Var:Any,0.29871290247799287,-0.6510708283360591,1.1805722813741264,-0.05486566011059846,-0.17171826190793937,0.023384385730515687,-0.050000000000000044,-0.20000000000000007,0.09999999999999998,20
DV:Y | Type:Any | JIF:N | Citation:Y | Y16:N | Discipline:Econ | Var:0,-0.18728795626620798,-2.1202582540625077,1.5879782818024266,-0.03598454315084265,-0.1476495322380424,0.07565273810563591,0.0,-0.30000000000000004,0.30000000000000004,20
DV:N | Type:Any | JIF:Y | Citation:N | Y16:Any | Discipline:Bio | Var:0,0.8836740143187614,-0.25087934987775906,2.172831036838247,-0.04567416103170274,-0.1463776810938219,0.019810967230229466,-0.050000000000000044,-0.15000000000000002,0.0,20
DV:Any | Type:E | JIF:Any | Citation:N | Y16:Y | Discipline:Any | Var:1,-0.9322232475882553,-2.104161763411165,0.15696798882245808,0.08225632556614859,-0.0651685497587013,0.24222151043901766,0.0,-0.19999999999999996,0.19999999999999996,20
DV:Any | Type:T | JIF:N | Citation:Y | Y16:Any | Discipline:Bio | Var:0,2.334217747781053,0.1863409963452367,4.0490925659914865,-0.051400609827480404,-0.22226508181873877,0.11240208663969535,-0.050000000000000044,-0.15000000000000002,0.0,20
DV:N | Type:R | JIF:N | Citation:Any | Y16:N | Discipline:Any | Var:1,-0.2294192787651541,-2.003864525403767,1.4631730906257658,-0.036919340914402854,-0.12826057454551273,0.05664583828723355,0.0,-0.25,0.3,20
DV:Y | Type:Any | JIF:Any | Citation:N | Y16:Y | Discipline:Psych | Var:2+,4.249923893111739,1.5851414794890812,6.558074775211926,-0.130465708012229,-0.3183042088595973,-0.009975327123773142,-0.050000000000000044,-0.15000000000000002,0.0,20
DV:N | Type:Any | JIF:N | Citation:Any | Y16:Y | Discipline:Multi | Var:2+,0.7973672139320653,-1.4880545772956628,2.9076860419349178,-0.10743754198105882,-0.22627090194863142,-0.0014828558875665655,-0.15000000000000002,-0.5,0.19999999999999996,20
DV:Any | Type:E | JIF:Y | Citation:Y | Y16:Any | Discipline:Social | Var:Any,-0.5927701510222096,-1.1909685115546833,-0.07361056402466833,-0.007737542973249578,-0.05924526065570018,0.044151230924168616,0.04999999999999993,0.0,0.15000000000000002,20
DV:Y | Type:Any | JIF:Y | Citation:N | Y16:Any | Discipline:Any | Var:2+,-1.0217869100710306,-2.2879307365246495,-0.1064306577409309,-0.008596798222413327,-0.10402460459190181,0.10569726129480753,0.04999999999999993,-0.10000000000000009,0.20000000000000007,20
DV:N | Type:T | JIF:Y | Citation:Any | Y16:Any | Discipline:Econ | Var:0,-0.7230900591022937,-2.0177258720248368,0.4353172068261373,-0.026258725227661817,-0.14682197796696833,0.09620856686933901,0.09999999999999998,-0.09999999999999998,0.29999999999999993,20
DV:N | Type:E | JIF:Any | Citation:Y | Y16:Y | Discipline:Econ | Var:Any,0.5835163448802003,-0.821186965966293,2.086703611341454,-0.13561221959026326,-0.31940443497900295,0.00027610193919339515,0.0,-0.14999999999999997,0.15000000000000002,20
DV:Any | Type:Any | JIF:Any | Citation:Any | Y16:N | Discipline:Bio | Var:2+,1.4301982920561196,0.15738122621565595,2.726864664923956,-0.058856144347810946,-0.15517275437382463,0.009503162261808229,-0.050000000000000044,-0.15000000000000002,0.0,20
DV:Any | Type:T | JIF:Any | Citation:Any | Y16:Y | Discipline:Multi | Var:1,-0.19878862496854577,-2.2267988123006335,1.7631393125042432,-0.0696893448314555,-0.19594881007236625,0.059924795739538836,0.0,-0.25,0.25,20
DV:N | Type:R | JIF:Any | Citation:Any | Y16:N | Discipline:Any | Var:0,-0.39365165315992456,-2.0403016954994935,1.1923147026847625,-0.027718285440840984,-0.16607789552855473,0.09711842080418923,0.09999999999999998,-0.10000000000000009,0.35,20
DV:Y | Type:Any | JIF:N | Citation:N | Y16:Any | Discipline:Social | Var:Any,0.7565047096603399,-1.5500527249920133,2.8160233295295574,-0.09205239005564347,-0.2318307966944189,0.029752095316532154,-0.15000000000000002,-0.5,0.19999999999999996,20
DV:Any | Type:R | JIF:Y | Citation:N | Y16:Any | Discipline:Bio | Var:0,-0.29411169157228567,-1.3160025462387501,0.5229321243651437,-0.05945072661524453,-0.14220657661643055,0.005146864711635835,0.0,0.0,0.0,20
DV:N | Type:Any | JIF:Any | Citation:Any | Y16:N | Discipline:Math | Var:Any,-0.4532760103384108,-1.7659611905363235,0.5778459687876969,0.022243862308287676,-0.08407510089691325,0.15945806117136851,0.0,-0.15000000000000002,0.15000000000000002,20
DV:Any | Type:R | JIF:N | Citation:Any | Y16:Y | Discipline:Psych | Var:0,-0.5625090055421431,-1.7136044152445173,0.41024809731463735,-0.046946538027228035,-0.13095557261246366,0.03968961851402611,0.09999999999999998,0.0,0.25,20
DV:N | Type:Any | JIF:Y | Citation:N | Y16:Y | Discipline:Any | Var:Any,-0.524961435306647,-1.645650498219313,0.33649743126063164,-0.0013050397125986546,-0.12634439334952566,0.11444220017973096,0.0,-0.14999999999999997,0.15000000000000002,20
DV:Y | Type:E | JIF:Any | Citation:Y | Y16:N | Discipline:Bio | Var:2+,1.7548373772356554,0.046158293918508,3.6377699207578624,-0.09405585126787186,-0.24730014597080588,0.008349074067526625,-0.050000000000000044,-0.15000000000000002,0.0,20
DV:N | Type:E | JIF:N | Citation:Any | Y16:Any | Discipline:Any | Var:2+,1.3053630923007402,-1.0901636829791965,3.7337435962780594,-0.16219110208853066,-0.3789006832948121,0.027483833286215686,-0.09999999999999998,-0.4,0.19999999999999996,20
DV:Any | Type:Any | JIF:N | Citation:Any | Y16:Y | Discipline:Psych | Var:Any,-0.4397000215653666,-1.8001586035780983,0.6058324489803268,0.053710573041363285,-0.050484006858741756,0.2140844479338006,0.0,-0.15000000000000002,0.15000000000000002,20
DV:N | Type:T | JIF:Any | Citation:N | Y16:Y | Discipline:Bio | Var:Any,0.013511252985437316,-2.2241551556986714,1.6009883714840407,-0.11172224724059854,-0.2864067555678331,0.06238648927632792,0.0,-0.20000000000000007,0.25,20
DV:Y | Type:E | JIF:Y | Citation:Any | Y16:Y | Discipline:Multi | Var:0,1.571981317791331,0.14030925631610608,3.3715268979552286,-0.1091829283313176,-0.27493642901717763,0.0012469441356490983,-0.050000000000000044,-0.15000000000000002,0.0,20
DV:Y | Type:T | JIF:N | Citation:Any | Y16:Y | Discipline:Any | Var:Any,0.14527700357001638,-1.6455295498633362,1.8814689186011941,-0.10263687262722421,-0.25480041887381333,0.0373049637462845,0.04999999999999993,-0.15000000000000002,0.25,20
DV:N | Type:E | JIF:Y | Citation:N | Y16:N | Discipline:Psych | Var:0,-0.0841710574193284,-1.0749472514981577,0.8921750775589575,-0.04413715692799847,-0.171511999405013,0.04876511983794498,-0.050000000000000044,-0.15000000000000002,0.0,20
DV:Any | Type:Any | JIF:Any | Citation:N | Y16:Any | Discipline:Math | Var:1,-0.39257928833090894,-1.863140071205659,0.5693815376696009,-0.07102228619250228,-0.18006214467168918,0.06831793897945136,0.04999999999999993,0.0,0.15000000000000002,20
DV:Any | Type:T | JIF:N | Citation:N | Y16:N | Discipline:Math | Var:Any,-0.21086438133001728,-1.2839397684141685,0.6543616130620854,-0.02129618185700144,-0.11675061271048436,0.10144163840073685,0.0,0.0,0.0,20
DV:N | Type:E | JIF:Any | Citation:Any | Y16:Any | Discipline:Bio | Var:0,-1.0485639257363513,-1.9744806755650735,-0.20674623293599703,0.04857640537091923,-0.0547702410734886,0.1812061133760147,0.04999999999999993,-0.15000000000000002,0.29999999999999993,20
DV:Any | Type:Any | JIF:Any | Citation:Any | Y16:Y | Discipline:Econ | Var:1,0.006407531320860471,-1.263965935466355,1.1073024247046814,0.02598674165810988,-0.0770636679444969,0.1298286431497087,0.09999999999999998,0.0,0.25,20
DV:N | Type:Any | JIF:Y | Citation:Y | Y16:Any | Discipline:Multi | Var:1,-0.5294229549485454,-1.9801910482834262,0.7967020637362862,-0.0760196435587358,-0.1654636475038009,0.020956910889187743,0.04999999999999993,-0.15000000000000002,0.25,20
DV:Y | Type:T | JIF:Y | Citation:Any | Y16:Any | Discipline:Psych | Var:Any,-0.20514658634531013,-1.3293935571398876,0.7855687107263649,-0.07030502144155804,-0.18633284292027547,0.008202557352676547,0.0,0.0,0.0,20
DV:Any | Type:E | JIF:N | Citation:N | Y16:N | Discipline:Any | Var:0,-1.2042862715547704,-2.1899935694146353,-0.39609754346693166,0.06116654476226757,-0.0360610551501778,0.1832407364078877,0.04999999999999993,0.0,0.15000000000000002,20
DV:Any | Type:T | JIF:Y | Citation:Any | Y16:Y | Discipline:Math | Var:0,-0.21846281213472363,-1.8160029959131048,1.2191439195993923,-0.11514817315460535,-0.22724570579529482,-0.003596282510014855,0.0,-0.25,0.25,20
DV:Y | Type:E | JIF:N | Citation:N | Y16:Y | Discipline:Bio | Var:Any,0.18553235322349249,-0.6687976678343606,1.168953886058076,-0.01163880368131609,-0.1322564799629148,0.10884155195262717,-0.050000000000000044,-0.15000000000000002,0.0,20
DV:N | Type:R | JIF:Any | Citation:Any | Y16:Any | Discipline:Psych | Var:1,-1.0932194048554935,-2.592680990247366,0.12717413488509338,0.0164739418517047,-0.0611277802235977,0.10260985983895803,0.15000000000000002,0.0,0.30000000000000004,20
DV:Y | Type:Any | JIF:Y | Citation:N | Y16:N | Discipline:Any | Var:2+,-0.5209366420674684,-2.076563568732769,0.9837780402533292,-0.0756529286624179,-0.24653795537245055,0.11123366163914845,0.0,-0.25,0.25,20
DV:N | Type:Any | JIF:Any | Citation:Y | Y16:Any | Discipline:Bio | Var:2+,-0.07493973114019603,-1.9170291204850494,1.720572617508469,-0.08661524002771392,-0.23832422123215202,0.047754223336998206,0.04999999999999993,-0.19999999999999996,0.25,20
DV:N | Type:T | JIF:N | Citation:N | Y16:Any | Discipline:Social | Var:0,0.6945062193366827,-1.9342220105802281,2.9277445867827656,-0.054816518022202665,-0.16771934748861247,0.027172817386255318,-0.15000000000000002,-0.55,0.24999999999999994,20
DV:Any | Type:E | JIF:Any | Citation:Any | Y16:N | Discipline:Econ | Var:Any,-1.228073370711848,-2.3691934953202,-0.2679764291175234,0.05294036501799648,-0.027035072839816855,0.18638206612003588,0.04999999999999993,-0.09999999999999998,0.20000000000000007,20
DV:Any | Type:R | JIF:Y | Citation:Y | Y16:Y | Discipline:Any | Var:1,0.16630683914142974,-2.023618401102734,2.2430273784422092,-0.12222975723318275,-0.2590538193870278,-0.005565930458809207,0.0,-0.25,0.24999999999999994,20
DV:N | Type:Any | JIF:Any | Citation:Y | Y16:Y | Discipline:Psych | Var:2+,0.14728641491622962,-0.7717003175478337,1.2464473258569317,-0.06656317647448551,-0.21001121829603328,0.034588827881479434,-0.050000000000000044,-0.15000000000000002,0.0,20
DV:Y | Type:E | JIF:Y | Citation:N | Y16:Any | Discipline:Math | Var:Any,4.957626408211257,1.8789678087020758,7.936216655600614,-0.20139316663423412,-0.38884286720105504,-0.049064186245133916,-0.2,-0.6,0.24999999999999994,20
DV:Y | Type:T | JIF:Any | Citation:N | Y16:Any | Discipline:Econ | Var:0,-0.23927122058625194,-1.0737577160481433,0.5395822616561083,-0.06590905193777652,-0.14652724851300128,0.010068347815739145,0.0,-0.15000000000000002,0.15000000000000002,20
DV:N | Type:E | JIF:Y | Citation:Any | Y16:N | Discipline:Social | Var:Any,-0.600600132476079,-1.331207454122656,0.37486552206712126,-0.05406826955072763,-0.17774863180143116,0.05844225518297942,0.0,-0.15000000000000002,0.15000000000000002,20
DV:Any | Type:Any | JIF:N | Citation:Y | Y16:Any | Discipline:Math | Var:2+,-0.34877473269015624,-1.4317842102488936,0.6104693609333529,-0.07235475593939733,-0.17957633417928012,0.01580734120105429,0.04999999999999993,-0.10000000000000009,0.20000000000000007,20
DV:Any | Type:R | JIF:Any | Citation:N | Y16:N | Discipline:Social | Var:Any,1.1715852629330783,-1.208800847265514,3.4213952870151907,-0.06325545794024168,-0.16750743608383564,0.03165293446521254,-0.15000000000000002,-0.5,0.24999999999999994,20
DV:Y | Type:Any | JIF:Y | Citation:Any | Y16:Any | Discipline:Econ | Var:0,0.007878176967211381,-1.8886023500232332,1.6803010065795492,-0.0736353633898883,-0.24540678358674073,0.09300120909259539,-0.10526315789473684,-0.42105263157894735,0.21052631578947367,19
DV:N | Type:T | JIF:Any | Citation:Y | Y16:Y | Discipline:Math | Var:2+,-0.007803419222513597,-1.9886062982270158,1.7207579868903538,-0.10346560118219772,-0.23318513548708544,0.018695115152705256,0.04999999999999993,-0.19999999999999996,0.25,20
DV:Y | Type:T | JIF:Y | Citation:Any | Y16:N | Discipline:Psych | Var:2+,0.03598506248050448,-1.4865253098280742,1.2713734164423194,-0.10486617572469181,-0.2357825301188436,-0.00579318591838685,-0.09999999999999998,-0.29999999999999993,0.09999999999999998,20
DV:N | Type:E | JIF:Any | Citation:N | Y16:Y | Discipline:Any | Var:1,-1.1252878276331293,-2.442449296943882,0.10326535590668119,0.01947622619886169,-0.1398339334623557,0.2265828059261672,0.0,-0.25,0.25,20
DV:N | Type:R | JIF:N | Citation:Any | Y16:Any | Discipline:Econ | Var:Any,0.39322774705397023,-0.7936403025774851,1.7810543146761602,-0.10820068198143151,-0.2820178451262409,-0.00029584761604428824,-0.050000000000000044,-0.15000000000000002,0.0,20
DV:Any | Type:Any | JIF:Y | Citation:N | Y16:N | Discipline:Multi | Var:0,2.0476481330694396,0.2880417424650982,3.7230511677796834,-0.09951844093467954,-0.22597981544862045,-0.00926646691389498,-0.050000000000000044,-0.15000000000000002,0.0,20
DV:Any | Type:T | JIF:N | Citation:Y | Y16:Any | Discipline:Psych | Var:2+,0.07392271972152198,-1.7225652206308872,1.782012930579747,-0.13259156055030008,-0.25452856915241806,0.005850962630252847,-0.09999999999999998,-0.35000000000000003,0.19999999999999996,20
DV:Y | Type:E | JIF:Y | Citation:Any | Y16:N | Discipline:Multi | Var:1,-0.19175325612173033,-1.0355577181223283,0.7742298427387182,-0.048976330830149295,-0.16898545169938575,0.042957774444066066,-0.050000000000000044,-0.15000000000000002,0.0,20
DV:Any | Type:Any | JIF:Any | Citation:Any | Y16:Y | Discipline:Social | Var:0,-0.040463613663086484,-1.6105908742837096,1.5591847781562744,-0.09683888597411128,-0.27659522737593606,0.036530979871524344,-0.050000000000000044,-0.20124999999999998,0.10000000000000003,20
DV:Y | Type:R | JIF:Any | Citation:Any | Y16:Any | Discipline:Bio | Var:Any,-1.2521022967803832,-2.6476128328975936,0.06135968058596693,0.06087015224919712,0.002382122790825573,0.14780371349303595,0.09999999999999998,-0.1499999999999999,0.35,20
DV:N | Type:Any | JIF:N | Citation:N | Y16:N | Discipline:Math | Var:0,-0.42795236895083466,-1.5374360604567454,0.6775512145316568,-0.0676819513660365,-0.17310427068876266,0.033444856147118784,-0.050000000000000044,-0.25,0.15000000000000002,20
DV:Y | Type:T | JIF:Any | Citation:Y | Y16:N | Discipline:Any | Var:2+,-0.157872106370208,-0.9176995188767135,0.569375265383247,-0.06196349180932181,-0.15301972631191207,0.011724473407996507,0.0,0.0,0.0,20
DV:Any | Type:R | JIF:N | Citation:N | Y16:N | Discipline:Social | Var:2+,0.18085797100881518,-1.633634047751791,1.8686378717709373,-0.07192802365733786,-0.23414488506841724,0.07034512521649691,0.0,-0.30000000000000004,0.35,20
DV:Y | Type:Any | JIF:Y | Citation:Any | Y16:Any | Discipline:Any | Var:1,1.169621002046509,0.16665932315797904,2.182470574735795,-0.04897681783260255,-0.1203137907977942,-0.002958408935955774,-0.050000000000000044,-0.15000000000000002,0.0,20
DV:N | Type:T | JIF:N | Citation:N | Y16:Any | Discipline:Multi | Var:Any,0.5435089420226076,-1.5622475375894165,2.3926271652583497,-0.14255103891803905,-0.26988584982009245,-0.04381732877943519,-0.25,-0.55125,0.10000000000000003,20
DV:Y | Type:E | JIF:Any | Citation:Any | Y16:N | Discipline:Psych | Var:0,-0.7365802967753883,-1.6830585328372234,0.10489313390960828,-0.042666230978123165,-0.14952452567092386,0.0695145709112424,0.0,-0.15000000000000002,0.15000000000000002,20
DV:Any | Type:T | JIF:Y | Citation:Y | Y16:N | Discipline:Psych | Var:Any,-0.38191067762134967,-1.7964859447626238,0.7619954139774319,-0.039654623799420086,-0.14328334671950563,0.05926849114009436,0.09999999999999998,-0.09999999999999998,0.30000000000000004,20
DV:N | Type:E | JIF:N | Citation:Y | Y16:Any | Discipline:Any | Var:0,-0.6005472319877692,-1.5824499211101484,0.21182686877461415,-0.06361907499053432,-0.15910056300345865,0.03448755489523731,0.04999999999999993,-0.09999999999999998,0.20000000000000007,20
DV:Any | Type:Any | JIF:Y | Citation:N | Y16:Y | Discipline:Bio | Var:1,0.40355549842968585,-0.7340975132127728,1.6567249196457623,-0.10159676380001981,-0.24390269065374862,-0.006488498315593454,-0.050000000000000044,-0.15000000000000002,0.0,20
DV:Any | Type:T | JIF:Any | Citation:Y | Y16:Any | Discipline:Bio | Var:Any,0.8849886302380154,-1.2367425536008578,2.7675333180745167,-0.15140115446484126,-0.35263766566959737,0.011415354622574979,0.04999999999999993,-0.2,0.30000000000000004,20
DV:Any | Type:Any | JIF:N | Citation:Any | Y16:Any | Discipline:Social | Var:1,-0.46746840433881065,-1.8484491947102795,0.8557362526519853,-0.07859831150815277,-0.14527489568592605,-0.019778340521769817,0.04999999999999993,-0.15000000000000002,0.25,20
DV:N | Type:Any | JIF:Any | Citation:N | Y16:N | Discipline:Econ | Var:1,-0.6547915539212346,-1.9498626473945468,0.4140134845086473,-0.006178693078286779,-0.10603994259861234,0.13448015287046125,0.0,-0.19999999999999996,0.19999999999999996,20
DV:Y | Type:E | JIF:Any | Citation:N | Y16:Any | Discipline:Multi | Var:2+,-0.3927406637503914,-1.9578338589010182,0.9169642733973026,-0.08434194957426189,-0.1809155798039637,0.003846282471260958,0.09999999999999998,-0.09999999999999998,0.3,20
DV:Y | Type:Any | JIF:Y | Citation:Y | Y16:N | Discipline:Any | Var:Any,-0.3354113147930091,-1.0634827617343077,0.3118039835609723,0.04070777979832951,-0.006580647053749489,0.11555210934873734,0.04999999999999993,0.0,0.15000000000000002,20
DV:N | Type:Any | JIF:N | Citation:Any | Y16:Y | Discipline:Bio | Var:Any,0.2062272580267699,-1.6774025162193849,1.8918967377773055,-0.15783539432346944,-0.3063203932126839,0.010416859983496481,0.0,-0.25,0.25,20
DV:N | Type:T | JIF:Any | Citation:N | Y16:Any | Discipline:Social | Var:1,-0.3739720134377835,-2.011616700176665,1.056126000542297,-0.05752497042097082,-0.1361081965505055,0.01316636088881136,0.09999999999999998,-0.09999999999999998,0.29999999999999993,20
DV:Any | Type:E | JIF:N | Citation:Any | Y16:N | Discipline:Econ | Var:2+,-0.9274643781369898,-1.867645377926741,0.012781893026849116,-0.004798090307273628,-0.10421465354867276,0.0898531605624974,0.15000000000000002,-0.050000000000000044,0.35,20
DV:Any | Type:R | JIF:Y | Citation:Y | Y16:Any | Discipline:Any | Var:0,-0.35333240126968235,-1.5585356209806212,0.621024939556486,-0.046760678057436444,-0.10420685825578237,0.012697789382543791,0.04999999999999993,0.0,0.15000000000000002,20
DV:Y | Type:Any | JIF:N | Citation:N | Y16:N | Discipline:Psych | Var:Any,-0.4294294286354461,-1.3589678854402092,0.38709588994553984,-0.08716559510051924,-0.20575412962575773,-0.0010079299169641015,0.0,-0.14999999999999997,0.1499999999999999,20
DV:N | Type:T | JIF:Any | Citation:Any | Y16:Y | Discipline:Bio | Var:1,0.1737226008436119,-1.9374801808156839,2.233794307178599,-0.12496747239240324,-0.2686424996350359,0.008049115308592225,-0.09999999999999998,-0.35000000000000003,0.15000000000000002,20
DV:N | Type:E | JIF:Y | Citation:Any | Y16:Y | Discipline:Social | Var:2+,-0.0034620491273384957,-1.5379491340171154,1.4211365431131966,-0.09501487698824673,-0.27135913266235245,0.028665459012566234,0.0,-0.15000000000000002,0.15000000000000002,20
DV:Any | Type:Any | JIF:Any | Citation:Y | Y16:Any | Discipline:Multi | Var:Any,0.6771628792282405,-0.23955216452887731,1.834459713874335,-0.064814863979196,-0.17833570687128522,-0.0005896254266664055,-0.050000000000000044,-0.15000000000000002,0.0,20
DV:Any | Type:R | JIF:Y | Citation:N | Y16:Y | Discipline:Psych | Var:0,0.39354576097600447,-1.2777072144579624,1.9464800144570131,-0.13683027917420865,-0.2636853607288541,-0.021024311055145503,0.09999999999999998,-0.05124999999999997,0.30000000000000004,20
DV:Y | Type:Any | JIF:N | Citation:Any | Y16:Y | Discipline:Any | Var:Any,0.5276935381232022,-0.604922787729052,1.5439703054218736,0.04184318664045161,-0.02934496431793191,0.1384018376333623,0.0,0.0,0.0,20
DV:Any | Type:T | JIF:N | Citation:Any | Y16:Any | Discipline:Social | Var:1,-0.27101625566654874,-1.650799225440633,0.8191728934137239,-0.0887760734823404,-0.19100469623936792,-0.003253333860045739,0.09999999999999998,0.0,0.25,20
DV:Any | Type:Any | JIF:Any | Citation:N | Y16:Any | Discipline:Bio | Var:Any,-0.15983035399983603,-1.6171247426105309,1.0886915530012355,0.022452697624860685,-0.12549696019587717,0.1864124817988504,0.04999999999999993,-0.15000000000000002,0.25,20
DV:N | Type:R | JIF:N | Citation:N | Y16:Any | Discipline:Any | Var:0,-0.805183546496151,-2.1122663135371376,0.18874899488102165,-0.02631773058789244,-0.09437115597178039,0.06108402452339008,0.09999999999999998,0.0,0.25,20
DV:Y | Type:Any | JIF:Y | Citation:Any | Y16:N | Discipline:Psych | Var:Any,-0.007482299833898587,-1.0749073528646391,0.9566169494065639,-0.0773316971539304,-0.1823482533249983,-0.002396620047051576,-0.050000000000000044,-0.15000000000000002,0.0,20
DV:Y | Type:R | JIF:Any | Citation:Any | Y16:N | Discipline:Bio | Var:0,-0.42976626940103024,-1.9009515829270967,1.0351342930656717,-0.04659911238181769,-0.12681658876961935,0.035915967020566875,0.0,-0.25,0.25,20
DV:N | Type:Any | JIF:N | Citation:N | Y16:Any | Discipline:Multi | Var:Any,1.3652930263159933,-0.9842974793888042,3.597109964062174,-0.09550738170671969,-0.2379817456960573,0.05204605526497287,-0.2,-0.55,0.15000000000000002,20
DV:Y | Type:T | JIF:Any | Citation:Y | Y16:Any | Discipline:Econ | Var:1,1.8506173550582021,-0.7503474040969207,4.132270558792921,-0.17201041049704446,-0.5054789340508749,0.0955291629291316,-0.2,-0.55,0.15000000000000002,20
DV:Any | Type:T | JIF:Any | Citation:Any | Y16:Any | Discipline:Math | Var:Any,1.0035845497243114,-0.4086039973856283,2.4188455606289865,-0.1662408572620383,-0.41650868009250863,-0.0012091626703619692,-0.15000000000000002,-0.30000000000000004,0.0,20
DV:Y | Type:E | JIF:Y | Citation:N | Y16:N | Discipline:Bio | Var:0,0.36775518770690674,-0.9766037987020119,2.057401367938587,-0.08498009890140668,-0.2561366240146623,0.03039513366747487,-0.050000000000000044,-0.15000000000000002,0.0,20
DV:Y | Type:Any | JIF:N | Citation:N | Y16:Y | Discipline:Econ | Var:1,1.3165335435985979,-0.042438799148967685,2.763537657856197,-0.040971092313193624,-0.17479132562681018,0.06334153417079481,0.0,-0.15000000000000002,0.14999999999999997,20
DV:N | Type:Any | JIF:Any | Citation:Y | Y16:N | Discipline:Multi | Var:1,-0.38822482638243194,-1.8043702208637367,0.8583720565014594,-0.10266831306340518,-0.196777232054421,-0.00458777596551313,0.04999999999999993,-0.15000000000000002,0.25124999999999886,20
DV:N | Type:T | JIF:N | Citation:N | Y16:N | Discipline:Social | Var:Any,-0.13285982182087874,-1.9319506647513551,1.5793435393266637,-0.12261606323310803,-0.2341305611499472,-0.014680040684913956,0.0,-0.24999999999999994,0.24999999999999994,20
DV:Any | Type:E | JIF:Any | Citation:Any | Y16:Any | Discipline:Any | Var:0,0.19107310572809766,-1.0170000735989586,1.3405035979024496,-0.00830898004739733,-0.21428626045269084,0.15741181073259136,-0.050000000000000044,-0.25,0.15000000000000002,20
DV:Any | Type:R | JIF:N | Citation:Y | Y16:N | Discipline:Any | Var:2+,0.7086696933684022,-1.8136909300330009,3.0012939079365366,-0.07022483371580879,-0.2107032884550364,0.047534695639094654,-0.2,-0.55,0.15000000000000002,20
DV:N | Type:T | JIF:Y | Citation:Any | Y16:Y | Discipline:Psych | Var:Any,0.041455831349006544,-1.7745691531828043,1.7123245062015562,-0.1091305846314432,-0.20642559320334755,-0.01866419842731155,0.0,-0.25,0.25,20
DV:Any | Type:E | JIF:Any | Citation:N | Y16:Y | Discipline:Multi | Var:0,0.10064837809453575,-1.384304533461083,1.64983353020038,-0.13388673749097868,-0.306477521861178,0.011952164389053197,0.04999999999999993,-0.2,0.30000000000000004,20
DV:Y | Type:T | JIF:Y | Citation:N | Y16:N | Discipline:Any | Var:Any,2.6484323383343673,0.5499897885246621,4.879409644802117,-0.21646760062607762,-0.4315439869532609,0.061637457801990404,-0.09999999999999998,-0.44999999999999996,0.24999999999999994,20
DV:N | Type:E | JIF:N | Citation:Any | Y16:Any | Discipline:Psych | Var:0,0.14512218361945006,-2.2176508168169873,2.1248046603265554,-0.0943218400473006,-0.2937419405942971,0.08244443191015646,-0.050000000000000044,-0.30000000000000004,0.2,20
DV:Any | Type:T | JIF:N | Citation:Any | Y16:Y | Discipline:Multi | Var:2+,0.7960858498351984,-1.3374562940564096,2.7730263970259954,-0.09921589782260765,-0.2215231307387584,0.018447891091539464,-0.15000000000000002,-0.5,0.2,20
DV:Y | Type:Any | JIF:Any | Citation:Y | Y16:Any | Discipline:Econ | Var:0,0.8254235770788654,-1.4942085039185484,3.281871916973286,-0.09144187869600073,-0.32284321534194615,0.04640563447774654,-0.050000000000000044,-0.35,0.25,20
DV:Any | Type:R | JIF:Any | Citation:N | Y16:Any | Discipline:Math | Var:Any,0.05759734965231189,-1.6137641236050553,1.7078464495649543,-0.09217125131488446,-0.20952925199671119,-0.017395511790357254,-0.050000000000000044,-0.30000000000000004,0.25,20
DV:N | Type:Any | JIF:N | Citation:Any | Y16:N | Discipline:Bio | Var:0,-0.7615644710622798,-1.968723695539465,0.07227973053536701,0.005310443813053456,-0.0795520756260894,0.07783440016554267,0.15000000000000002,-0.050000000000000044,0.35,20
DV:Any | Type:E | JIF:N | Citation:Any | Y16:Y | Discipline:Any | Var:1,-0.789015873090702,-1.5628693055911524,-0.012700200507170998,0.038709116219777684,-0.03952705961669918,0.13572740586530274,0.09999999999999998,0.0,0.25,20
DV:N | Type:Any | JIF:Y | Citation:Y | Y16:Any | Discipline:Social | Var:0,-0.6164465156260892,-1.5052524154531381,0.16321633004999858,2.3027751545390274e-05,-0.04407535538798711,0.05494190636207293,0.04999999999999993,0.0,0.19999999999999996,20
DV:N | Type:T | JIF:Y | Citation:Any | Y16:Any | Discipline:Bio | Var:2+,1.8453565590518606,-0.6998470871802042,4.371620527356839,-0.18101847255005116,-0.45902997806283063,0.030730636706381646,-0.050000000000000044,-0.20000000000000007,0.1499999999999999,20
DV:Y | Type:T | JIF:Y | Citation:N | Y16:N | Discipline:Any | Var:2+,1.4314078179543754,-0.8246478543892382,3.5675416393571835,-0.20720910832876344,-0.4229460809582282,0.018649618986460288,-0.2,-0.5,0.09999999999999998,20
DV:N | Type:E | JIF:Any | Citation:Any | Y16:Any | Discipline:Psych | Var:1,-0.20155039533804775,-1.7932499259057662,1.2385520954460816,-0.09666551512869925,-0.2669886695124749,0.03526682391365249,0.0,-0.19999999999999996,0.19999999999999996,20
DV:Any | Type:Any | JIF:Y | Citation:Y | Y16:Y | Discipline:Econ | Var:0,0.514983550690034,-0.6745287158750636,1.997041224671248,-0.10445299007641884,-0.2696467323984285,0.0019028303218060689,-0.050000000000000044,-0.15000000000000002,0.0,20
DV:Y | Type:Any | JIF:Any | Citation:Any | Y16:N | Discipline:Any | Var:2+,-1.277269300899234,-2.0096746231805365,-0.630473091740259,0.054251739017766476,-0.004028875601743747,0.15802682421508316,0.04999999999999993,0.0,0.15000000000000002,20
DV:N | Type:T | JIF:N | Citation:N | Y16:N | Discipline:Math | Var:0,0.7614843996165659,-1.2111219371199478,2.6463517491349573,-0.14517956664531378,-0.30950688595422743,0.01586733438087168,-0.25,-0.55,0.050000000000000044,20
DV:Y | Type:E | JIF:Any | Citation:Any | Y16:Y | Discipline:Multi | Var:Any,3.549422785405688,1.4173840374175954,5.6823099865416555,-0.12339848311853374,-0.2804757957341883,-0.014491156564789245,-0.050000000000000044,-0.15000000000000002,0.0,20
DV:Any | Type:Any | JIF:N | Citation:N | Y16:Any | Discipline:Bio | Var:2+,-0.6015584508597378,-1.5878607687966704,0.15202277626120614,-0.06106720909052832,-0.15768427780279856,0.03870986553338891,0.04999999999999993,-0.10000000000000009,0.20000000000000007,20
DV:Any | Type:T | JIF:Y | Citation:Y | Y16:N | Discipline:Bio | Var:0,-0.19992908507314322,-1.7546088413662726,1.4038637592797465,-0.09313937918370341,-0.22569841496010806,0.02202176552784131,0.0,-0.25,0.25,20
DV:N | Type:R | JIF:Any | Citation:N | Y16:Any | Discipline:Any | Var:1,-0.4293014619868005,-1.8424845327521273,0.9614542119166759,-0.04941194637838109,-0.14871676076177562,0.04483172428260946,0.0,-0.15000000000000002,0.15000000000000002,20
DV:Any | Type:Any | JIF:Y | Citation:Any | Y16:N | Discipline:Psych | Var:2+,-0.0524282742833595,-2.0845019865692116,1.9815642751091198,-0.059728231024829936,-0.23817799604018103,0.08888023510333974,0.0,-0.29999999999999993,0.25,20
DV:N | Type:Any | JIF:Any | Citation:N | Y16:Y | Discipline:Multi | Var:2+,0.5147908482768919,-0.3785286884558281,1.6631443434129856,-0.057438064959727475,-0.16421539644128677,0.015400918696991133,-0.050000000000000044,-0.15000000000000002,0.0,20
DV:Y | Type:T | JIF:N | Citation:Any | Y16:Any | Discipline:Econ | Var:0,-0.636114742368961,-1.2742610808627302,-0.023851814527709663,-0.012448250075014156,-0.06523091026207098,0.04861716442764666,0.0,0.0,0.0,20
DV:Any | Type:E | JIF:Any | Citation:Y | Y16:N | Discipline:Social | Var:Any,0.47347044672412686,-1.7516087472112334,2.4457965102704806,-0.10572035272005409,-0.2731270922489383,0.047223766194112164,0.0,-0.24999999999999994,0.20124999999999893,20
DV:Any | Type:T | JIF:N | Citation:Y | Y16:N | Discipline:Bio | Var:Any,1.2763647571550365,0.12198336412606096,2.3779358165373172,-0.0960372646198645,-0.2235710805130908,-0.011284128429925978,-0.050000000000000044,-0.15000000000000002,0.0,20
DV:Y | Type:Any | JIF:Any | Citation:N | Y16:N | Discipline:Social | Var:1,-0.37808743738556405,-2.2908034620431725,1.2911936215710442,-0.047231534231989114,-0.14704600691982112,0.03759543261532312,-0.050000000000000044,-0.30000000000000004,0.19999999999999996,20
DV:N | Type:Any | JIF:Y | Citation:Any | Y16:Any | Discipline:Math | Var:1,-0.3864662594602377,-1.1217515104304214,0.21778956516578518,-0.05908515520941693,-0.12142384572697025,-0.005854985368194246,0.0,0.0,0.0,20
DV:N | Type:T | JIF:Y | Citation:Y | Y16:Y | Discipline:Any | Var:Any,-0.41502458910472306,-2.1413999965242105,1.2310706157351516,-0.05701248317848895,-0.15127352926198837,0.027850865454307924,0.04999999999999993,-0.15000000000000002,0.25,20
DV:Any | Type:E | JIF:N | Citation:Any | Y16:Y | Discipline:Psych | Var:0,0.35124632785105003,-0.3328618886356141,0.9875531901268857,-0.013154882014628333,-0.06374370071186396,0.04098333581478285,0.0,0.0,0.0,20
DV:Any | Type:R | JIF:Y | Citation:Any | Y16:Any | Discipline:Social | Var:2+,0.0507285537780815,-0.9406878700103747,0.9010172330156824,-0.051430917334977955,-0.13654783676526772,0.027303548753879428,0.0,0.0,0.0,20
DV:N | Type:Any | JIF:N | Citation:N | Y16:Y | Discipline:Econ | Var:1,-0.11241967610364156,-1.7414375516539646,1.551779190994455,-0.10104621090653731,-0.25110821293798674,0.07584979829509639,-0.050000000000000044,-0.29999999999999993,0.19999999999999996,20
DV:N | Type:T | JIF:Any | Citation:Any | Y16:N | Discipline:Multi | Var:Any,0.5579388318656591,-1.2786295196992008,2.417147156237466,-0.11452775413235572,-0.33331254658160686,0.07085135070835971,0.0,-0.24999999999999994,0.25,20
DV:Y | Type:E | JIF:Y | Citation:N | Y16:Any | Discipline:Bio | Var:0,0.0798792109307982,-1.0071553035364054,1.2329449189797,-0.08741037120196671,-0.2278873868819527,0.009825331581366009,-0.050000000000000044,-0.15000000000000002,0.0,20
DV:N | Type:E | JIF:Y | Citation:Y | Y16:N | Discipline:Any | Var:0,-0.44098954346286057,-2.0517177487106806,1.1040936996856285,-0.056844281376597805,-0.228212236214305,0.08406700244656183,0.09999999999999998,-0.15000000000000002,0.3012499999999989,20
DV:Any | Type:Any | JIF:Any | Citation:Any | Y16:Y | Discipline:Multi | Var:1,1.119932180425896,0.011058296638436918,2.1913698645590176,-0.032757884589435626,-0.11211893278687673,0.02964158652007897,-0.050000000000000044,-0.15000000000000002,0.0,20
DV:Any | Type:R | JIF:N | Citation:N | Y16:N | Discipline:Any | Var:0,-0.7839665119166002,-1.7000164782082219,0.15411226206715553,-0.021217339156591852,-0.11944799977856782,0.06791810913322041,0.0,-0.1499999999999999,0.1499999999999999,20
DV:Y | Type:Any | JIF:Y | Citation:Y | Y16:Any | Discipline:Psych | Var:Any,-0.6907906110466353,-2.0394684555964884,0.6479237438072909,-0.05928222965828711,-0.15020271629314585,0.024249688710145215,0.09999999999999998,-0.09999999999999998,0.29999999999999993,20
DV:N | Type:T | JIF:Y | Citation:N | Y16:Y | Discipline:Bio | Var:1,-0.16147279017349803,-1.9486449159741934,1.2967436684920677,-0.0881309804631426,-0.23783568122713514,0.015192028986787894,0.09999999999999998,-0.09999999999999998,0.29999999999999993,20
DV:Y | Type:T | JIF:Y | Citation:Any | Y16:Y | Discipline:Any | Var:1,0.9567086994345892,-1.687224464399021,3.31430882137796,-0.11011009668747529,-0.28274908674287597,0.028843708652303988,-0.15000000000000002,-0.5,0.19999999999999996,20
DV:N | Type:R | JIF:Any | Citation:Y | Y16:Any | Discipline:Psych | Var:0,-0.21108785203170743,-0.956466229836443,0.4913596782511696,-0.045958031349663475,-0.0915366032262477,-0.006307490763751706,0.0,0.0,0.0,20
DV:Any | Type:Any | JIF:Y | Citation:Y | Y16:N | Discipline:Multi | Var:Any,-0.16792414110952336,-1.3238136384487094,0.9531688351162138,-0.06220476822185206,-0.1802339367539404,0.028378070079553428,0.0,-0.15000000000000002,0.15000000000000002,20
DV:Any | Type:T | JIF:Any | Citation:N | Y16:Any | Discipline:Econ | Var:1,2.143113526399966,-0.2388146589367433,4.370530133871867,-0.2809433236296312,-0.5691409396240823,0.06689057204129822,-0.2,-0.5,0.14999999999999997,20
DV:Any | Type:Any | JIF:N | Citation:Y | Y16:Any | Discipline:Any | Var:Any,-1.0081049400720135,-2.439378735254945,0.04900899373105295,0.017905699262667163,-0.07649660265661797,0.12104800738391984,0.15000000000000002,0.0,0.35,20
DV:N | Type:Any | JIF:Any | Citation:N | Y16:Y | Discipline:Bio | Var:Any,0.26433432688469605,-2.146097796191178,2.4923034006580784,-0.06621711069632086,-0.2807470362805532,0.12672560330446592,0.0,-0.2,0.19999999999999996,20
DV:Any | Type:E | JIF:Y | Citation:N | Y16:Any | Discipline:Econ | Var:2+,2.2125269081691856,-0.8179131852511154,4.710189963311266,-0.021687059933232167,-0.1383143807689333,0.07115198198172988,-0.2,-0.6,0.24999999999999994,20
DV:Any | Type:R | JIF:Any | Citation:Y | Y16:Y | Discipline:Any | Var:1,0.26230162338845187,-1.8651746854122426,2.1379686262510473,-0.10131652314239614,-0.21708503281268712,0.002800886603805352,-0.050000000000000044,-0.30000000000000004,0.2,20
DV:N | Type:T | JIF:Y | Citation:N | Y16:Any | Discipline:Multi | Var:0,1.189612913771854,-0.16108830499965038,2.9449409315578574,-0.10268233690620499,-0.27724049747034546,0.004277062130244016,-0.050000000000000044,-0.15000000000000002,0.0,20
DV:Y | Type:E | JIF:N | Citation:Any | Y16:N | Discipline:Econ | Var:Any,-1.0993823588509732,-1.8394407207572008,-0.44613548879703707,0.02709534424826554,-0.037450873842899475,0.09155437129305258,0.0,-0.15000000000000002,0.15000000000000002,20
DV:Any | Type:T | JIF:Y | Citation:Any | Y16:N | Discipline:Econ | Var:0,-0.25721581826160556,-2.62285423759603,1.750491108084567,-0.01985035609474861,-0.14602549951270788,0.1205402858480851,-0.050000000000000044,-0.30000000000000004,0.2,20
DV:N | Type:E | JIF:Any | Citation:N | Y16:Any | Discipline:Social | Var:Any,-0.25622903272402286,-2.0872098225630746,1.251748338447293,-0.07796052018442834,-0.25133693636912946,0.09288332403831842,0.04999999999999993,-0.15000000000000002,0.25,20
DV:Any | Type:Any | JIF:Y | Citation:N | Y16:N | Discipline:Math | Var:2+,0.27029213449349765,-0.3644464557379565,0.99673185048421,-0.05362290790661117,-0.16524513676234365,0.0066151217127940745,-0.09999999999999998,-0.25,0.0,20
DV:Any | Type:T | JIF:N | Citation:N | Y16:Y | Discipline:Math | Var:0,-0.01686105421636963,-1.8295438777994273,1.6880604140914148,-0.061838542170876254,-0.1547401691834997,0.027175498372919698,-0.09999999999999998,-0.4,0.19999999999999996,20
DV:N | Type:E | JIF:Any | Citation:Any | Y16:Y | Discipline:Bio | Var:Any,-0.7087274433784598,-1.908891126740581,0.4090885098274412,-0.035301931110428564,-0.10939293525438855,0.03395723062019624,0.09999999999999998,0.0,0.25,20
DV:Any | Type:Any | JIF:Any | Citation:Any | Y16:Any | Discipline:Any | Var:2+,0.0419972964964801,-0.3990314448684297,0.5035197512355948,-0.0022612305586870995,-0.07776768198498783,0.05318491843308332,0.0,0.0,0.0,20
DV:N | Type:Any | JIF:N | Citation:Y | Y16:N | Discipline:Psych | Var:2+,-0.6390730176838888,-2.4346291899983648,0.8655653617790765,-0.006834582208657181,-0.09648758279970159,0.1056297859795398,0.04999999999999993,-0.19999999999999996,0.30000000000000004,20
DV:Any | Type:E | JIF:Y | Citation:N | Y16:Any | Discipline:Econ | Var:Any,-0.235512195288214,-1.929567888433156,1.2893442475512755,-0.03433805013697333,-0.15579706486533548,0.09754337632266315,-0.09999999999999998,-0.3999999999999999,0.19999999999999996,20
DV:Any | Type:T | JIF:Any | Citation:Any | Y16:N | Discipline:Bio | Var:2+,0.7100737172769218,-1.6199732210520572,3.0281741321305877,-0.0890065883373965,-0.3148637150480324,0.09194293270632685,0.04999999999999993,-0.19999999999999996,0.25,20
DV:N | Type:R | JIF:Any | Citation:Any | Y16:Y | Discipline:Econ | Var:Any,1.7539788022534752,-0.6783825252125374,4.098391048158336,-0.09607732831000781,-0.26887543365710376,0.007283902011271192,-0.25,-0.6499999999999999,0.14999999999999997,20
DV:Y | Type:Any | JIF:N | Citation:N | Y16:Y | Discipline:Social | Var:0,-0.3957025607717659,-1.7792960559826787,0.8086549897293759,-0.08827085082548292,-0.20658687277601182,0.00825876085318431,0.04999999999999993,-0.09999999999999998,0.24999999999999994,20
DV:Y | Type:R | JIF:N | Citation:N | Y16:N | Discipline:Bio | Var:Any,-0.04703772306071485,-1.2778377314440068,1.145828447753948,-0.10794469062864487,-0.261319187758848,0.002825864773788019,0.0,0.0,0.0,20
DV:N | Type:Any | JIF:Y | Citation:Any | Y16:Y | Discipline:Math | Var:0,-0.28054177188870355,-1.6459255060283642,0.9722858661301838,-0.07168997688818568,-0.24383252714736242,0.10475875336508507,-0.050000000000000044,-0.3,0.2,20
DV:N | Type:T | JIF:Y | Citation:Y | Y16:Any | Discipline:Any | Var:2+,0.46140123686707657,-1.9223267272975417,2.399841148960116,-0.1258125480163257,-0.3137954788402022,0.049019240409265155,-0.050000000000000044,-0.35,0.25,20
DV:Any | Type:E | JIF:Any | Citation:Y | Y16:N | Discipline:Psych | Var:1,-0.4158307144136071,-1.8499238161817457,0.8047154884077535,-0.04923558070183587,-0.2008578395141158,0.07887020603595364,0.0,-0.29999999999999993,0.25,20
DV:Any | Type:R | JIF:Y | Citation:Any | Y16:Any | Discipline:Social | Var:Any,0.5666627102491688,-1.6941365670598898,2.4863722653512785,-0.043345988168270844,-0.15761881559017069,0.061161065996308654,-0.15000000000000002,-0.55,0.25,20
DV:N | Type:Any | JIF:Any | Citation:N | Y16:N | Discipline:Econ | Var:0,-0.041818542757414257,-1.4925240249629883,1.4386279428854791,-0.13925496979170449,-0.27641840012481755,-0.02196202595559922,0.04999999999999993,-0.15000000000000002,0.29999999999999993,20
DV:N | Type:T | JIF:N | Citation:Y | Y16:Y | Discipline:Math | Var:2+,-0.6394637061579926,-1.670512639644209,0.3142585282769934,-0.039340269680516404,-0.12251554470489104,0.02352221218548567,0.04999999999999993,0.0,0.15000000000000002,20
DV:Y | Type:T | JIF:Any | Citation:N | Y16:Any | Discipline:Psych | Var:2+,-0.06535574131697253,-1.2888939034560245,1.056035096339755,-0.05143148428780009,-0.16190376568532355,0.023086123859603746,0.0,0.0,0.0,20
DV:N | Type:E | JIF:Y | Citation:Any | Y16:Y | Discipline:Any | Var:1,-0.6272476023840765,-1.6040022955264073,0.03535920108065587,-0.03259005658701408,-0.11732366537398503,0.028202437930211776,0.09999999999999998,0.0,0.25,20
DV:Y | Type:R | JIF:Any | Citation:N | Y16:N | Discipline:Econ | Var:Any,0.15760044212983182,-1.107891993447222,1.2489518610553114,-0.08405057922021697,-0.2098303403053568,0.006506467374327452,0.0,-0.14999999999999997,0.15000000000000002,20
DV:Any | Type:Any | JIF:N | Citation:Any | Y16:Any | Discipline:Multi | Var:0,-0.3163763295701951,-1.3266659464956232,0.6473801021670937,-0.09220441795028056,-0.25088549364608786,0.029947366459061337,0.04999999999999993,-0.15000000000000002,0.25,20
DV:Any | Type:T | JIF:Any | Citation:N | Y16:N | Discipline:Any | Var:2+,0.8856559396518398,-0.9323644051427216,2.4822212274060136,-0.13851941722477012,-0.36104221943774556,0.07467983087606958,0.0,-0.25,0.24999999999999994,20
DV:Y | Type:E | JIF:Y | Citation:Any | Y16:Any | Discipline:Social | Var:1,0.3007146896081041,-1.6264094315002136,1.947256564404647,-0.08704619932561175,-0.23296828766003044,0.00555719178275068,-0.15000000000000002,-0.45,0.15000000000000002,20
DV:N | Type:R | JIF:Y | Citation:Y | Y16:Y | Discipline:Psych | Var:Any,-0.4259150829879248,-1.3098631036380295,0.3627037130023384,-0.0435139395823525,-0.14562493117031677,0.02734574339833636,-0.050000000000000044,-0.15000000000000002,0.0,20
DV:Any | Type:R | JIF:Y | Citation:Y | Y16:Y | Discipline:Any | Var:Any,-0.5050252535362283,-1.0812826492634677,0.04561409987374412,-0.01581206617571851,-0.05789446203796221,0.022796712290966928,0.0,0.0,0.0,20
DV:N | Type:Any | JIF:Any | Citation:Y | Y16:Y | Discipline:Psych | Var:0,0.656016932986665,-0.5880214107980953,2.29354859512686,-0.09909209934498886,-0.27030856722361235,0.011068153644835163,-0.050000000000000044,-0.15000000000000002,0.0,20
DV:Y | Type:T | JIF:N | Citation:Any | Y16:Any | Discipline:Bio | Var:2+,0.3144926812925384,-1.5804068388403079,2.135292022203997,-0.15106921011697816,-0.3072583291254125,0.01195797263224073,0.0,-0.29999999999999993,0.29999999999999993,20
DV:Any | Type:R | JIF:N | Citation:Y | Y16:Any | Discipline:Math | Var:Any,-0.4887327005382103,-1.736930465188264,0.8055438237590133,-0.07368644843093286,-0.21667472317502393,0.04410252540206227,-0.050000000000000044,-0.29999999999999993,0.15000000000000002,20
DV:N | Type:Any | JIF:Y | Citation:Y | Y16:N | Discipline:Bio | Var:0,-0.5603375079012745,-1.6681989638237276,0.26802314260656646,-0.05030717061602463,-0.1600240291692386,0.05497582656247375,0.04999999999999993,-0.1499999999999999,0.20000000000000007,20
DV:Y | Type:E | JIF:Any | Citation:Any | Y16:Any | Discipline:Econ | Var:1,-0.4021173317166786,-1.1315381309891352,0.35814874154629384,-0.004421670222580554,-0.09416339489039804,0.053797155375255375,0.0,0.0,0.0,20
DV:Y | Type:T | JIF:Any | Citation:Any | Y16:Y | Discipline:Econ | Var:2+,1.1085258669159526,-2.0434068001527517,4.000895378985389,-0.044471910245171165,-0.253852807798754,0.11482995935380197,-0.2,-0.55,0.19999999999999996,20
DV:N | Type:E | JIF:N | Citation:N | Y16:Y | Discipline:Multi | Var:1,0.3917805331286903,-2.037535119466168,2.3304209196002077,-0.06496779062155644,-0.1608136446319125,0.01230518369880149,-0.15000000000000002,-0.5,0.24999999999999994,20
DV:Y | Type:R | JIF:Any | Citation:Any | Y16:N | Discipline:Psych | Var:Any,-0.2979152276780699,-1.3272688888770687,0.6546032051349132,-0.07638134199259128,-0.17655471758917257,0.02164241860099875,0.09999999999999998,0.0,0.25,20
DV:Any | Type:Any | JIF:N | Citation:N | Y16:Any | Discipline:Any | Var:0,-0.3900553329338452,-1.2276572429308268,0.3330731066743253,-0.03603688521505144,-0.14347280590792122,0.0484510581408863,0.04999999999999993,0.0,0.15000000000000002,20
DV:Y | Type:Any | JIF:N | Citation:N | Y16:Y | Discipline:Math | Var:2+,0.35148082298349337,-0.9068811759499192,1.570538557389759,-0.07583541061163912,-0.22412448697584408,0.04223637039411105,0.0,-0.15000000000000002,0.15000000000000002,20
DV:N | Type:T | JIF:Any | Citation:Y | Y16:Any | Discipline:Any | Var:0,-0.09129887155975602,-1.2773397940424354,0.9387176525895408,-0.08784001950391829,-0.19761035197719842,-0.001383894286115926,0.0,-0.15000000000000002,0.15000000000000002,20
DV:Any | Type:T | JIF:N | Citation:N | Y16:N | Discipline:Bio | Var:0,0.18717945043639972,-1.947489148901423,2.0362668166576467,-0.04884862842583371,-0.15716802982576814,0.03057211360724781,-0.15000000000000002,-0.5,0.2,20
DV:N | Type:E | JIF:Any | Citation:Y | Y16:Any | Discipline:Math | Var:Any,0.7563040664594656,-0.4807714633754925,2.346735312507972,-0.07864050100969688,-0.23342820239683637,0.03252040783957931,-0.050000000000000044,-0.15000000000000002,0.0,20
DV:Any | Type:Any | JIF:Any | Citation:Any | Y16:Y | Discipline:Social | Var:2+,-0.4198283983315063,-1.6724226676981553,0.6179446912007532,-0.07492556022114938,-0.17500827061529678,0.010296095542779172,0.09999999999999998,0.0,0.25,20
DV:Any | Type:T | JIF:N | Citation:Any | Y16:Any | Discipline:Psych | Var:0,-0.35861161986203705,-2.274462979946966,1.454323802896464,-0.01865927816399393,-0.09204620522169991,0.061510282021231946,-0.050000000000000044,-0.35,0.25,20
DV:Y | Type:E | JIF:Any | Citation:N | Y16:N | Discipline:Any | Var:Any,-1.0047129191672814,-1.7110114722055305,-0.3936926300229253,0.00228369515048088,-0.04305946359824626,0.051771922365106145,0.09999999999999998,0.0,0.25,20
DV:Any | Type:Any | JIF:Y | Citation:N | Y16:Any | Discipline:Bio | Var:2+,0.6077060690297893,0.052799076577582225,1.1420675742944053,-0.050428373108504454,-0.1648531727225624,0.02709976563937403,-0.050000000000000044,-0.15000000000000002,0.0,20
DV:N | Type:Any | JIF:Y | Citation:Any | Y16:N | Discipline:Econ | Var:2+,0.08696604744422665,-1.5759643457029944,1.5365873209893397,-0.07979671061279447,-0.23126134752454125,0.026344298196312444,0.0,-0.1499999999999999,0.15000000000000002,20
DV:Any | Type:R | JIF:Y | Citation:Any | Y16:N | Discipline:Bio | Var:0,-0.3692835763568256,-1.439577934909758,0.600868671808282,-0.08183715024315774,-0.17380509453864873,0.015502730538291888,0.04999999999999993,0.0,0.15000000000000002,20
DV:Y | Type:Any | JIF:Any | Citation:N | Y16:Any | Discipline:Math | Var:Any,0.3641474518951293,-0.40943336295904736,1.15183304902711,-0.0735389206546031,-0.17153884481969783,-0.012762163901552092,0.0,0.0,0.0,20
DV:Any | Type:T | JIF:Any | Citation:Y | Y16:N | Discipline:Bio | Var:1,2.5990815634659024,-0.07057134959911401,5.030658777152146,-0.10418291844895433,-0.27921873307070727,0.08575408944349255,-0.25,-0.6012500000000001,0.14999999999999997,20
DV:Any | Type:Any | JIF:N | Citation:Any | Y16:N | Discipline:Social | Var:Any,1.8332225242584785,-0.33372979858929636,3.811695756199424,-0.24736629706761487,-0.4841100092648369,0.05180710889855727,-0.25,-0.55,0.04999999999999999,20
DV:N | Type:E | JIF:N | Citation:Y | Y16:N | Discipline:Any | Var:2+,1.598270904473396,-0.8358245804860739,3.7825040758760586,-0.11945000268765538,-0.29974384490345135,0.04558858604090132,-0.15000000000000002,-0.5,0.2,20
DV:Y | Type:Any | JIF:Y | Citation:N | Y16:Y | Discipline:Multi | Var:Any,0.6096132524194982,-0.5566326271947161,1.6395749521978364,-0.11107069260842595,-0.27805856379176697,0.017698355646316666,-0.050000000000000044,-0.24999999999999994,0.10000000000000003,20
DV:Y | Type:R | JIF:N | Citation:N | Y16:Any | Discipline:Social | Var:0,-0.3003020712482254,-1.2198293175883168,0.5618837065454894,-0.03342678684462519,-0.11564946516504818,0.038673841205813776,0.04999999999999993,0.0,0.15000000000000002,20
DV:N | Type:Any | JIF:Y | Citation:Any | Y16:Y | Discipline:Econ | Var:Any,1.3554451026806094,-1.0642888543515667,3.639566866276586,-0.11058589218231718,-0.23990901058657507,0.032767022673958986,-0.2,-0.55,0.1012499999999989,20
DV:Any | Type:E | JIF:Any | Citation:Any | Y16:Any | Discipline:Bio | Var:2+,1.2012615186366524,-0.0959919788454989,2.534583251717441,-0.07557760823237603,-0.20150927491252751,0.000313835216208974,-0.050000000000000044,-0.15000000000000002,0.0,20
DV:Any | Type:T | JIF:N | Citation:N | Y16:Y | Discipline:Econ | Var:Any,3.2267820320740794,0.9170980717741134,5.626464565986676,-0.19790892530052756,-0.38609476075404364,0.07642269759373699,-0.2,-0.55,0.14999999999999997,20
DV:Y | Type:E | JIF:Y | Citation:Any | Y16:Y | Discipline:Social | Var:0,0.8670951668912652,-1.5604911877124577,2.9828569497286437,-0.07984703185606723,-0.20119448058542527,0.04316467679262125,-0.15000000000000002,-0.55,0.25,20
DV:N | Type:R | JIF:Y | Citation:Y | Y16:Any | Discipline:Bio | Var:2+,0.4864868710533141,-0.7178812352970074,1.9756300685496733,-0.0945052183721129,-0.25898872876555185,0.005501106788195589,-0.050000000000000044,-0.15000000000000002,0.0,20
DV:Y | Type:R | JIF:Y | Citation:Any | Y16:N | Discipline:Any | Var:2+,-1.3315324326038729,-2.802724796083889,-0.1512384267771224,0.0885041681644606,-0.01689609870384249,0.24657390434200963,0.09999999999999998,-0.09999999999999998,0.30000000000000004,20
DV:N | Type:T | JIF:Any | Citation:Any | Y16:Y | Discipline:Multi | Var:Any,0.7993317767876951,-0.3037803494364323,2.1632494748951756,-0.09420540937895694,-0.24277701762901688,-0.012918780691349746,-0.050000000000000044,-0.15000000000000002,0.0,20
DV:Any | Type:E | JIF:Y | Citation:N | Y16:N | Discipline:Econ | Var:0,0.37755089306442535,-0.6212392360190822,1.7248047381847034,-0.08633391735563378,-0.24014732273549394,7.504788773215317e-05,-0.050000000000000044,-0.15000000000000002,0.0,20
DV:N | Type:Any | JIF:Y | Citation:Any | Y16:Y | Discipline:Psych | Var:1,0.5977377480552395,-0.4921045016932239,1.906962658101754,-0.08391236142109093,-0.2143403166490212,0.007950040239604484,-0.050000000000000044,-0.15000000000000002,0.0,20
DV:N | Type:T | JIF:Y | Citation:N | Y16:N | Discipline:Social | Var:Any,-0.0601749770181117,-1.7441018370411099,1.404675769888058,-0.08103266760616412,-0.19408324655485637,0.010289980193501795,0.09999999999999998,-0.09999999999999998,0.3,20
DV:Any | Type:E | JIF:N | Citation:Any | Y16:Any | Discipline:Any | Var:0,-0.7609434936423671,-2.1671693283202726,0.5819134497556495,0.009483098154393188,-0.1606389178869841,0.21713742087778906,0.0,-0.25,0.25,20
DV:Y | Type:T | JIF:N | Citation:Any | Y16:Any | Discipline:Math | Var:Any,0.773884428166717,-0.37467204444978053,2.1138944682083523,-0.06724002693211573,-0.20003847447514977,0.01903131442072554,-0.050000000000000044,-0.15000000000000002,0.0,20
DV:N | Type:E | JIF:Any | Citation:N | Y16:N | Discipline:Bio | Var:0,-0.21055351110064002,-2.139566584478694,1.6446094537330749,-0.0635547103587869,-0.20324846556388754,0.038938718798821687,-0.09999999999999998,-0.35000000000000003,0.15000000000000002,20
DV:Any | Type:Any | JIF:Any | Citation:Y | Y16:Any | Discipline:Any | Var:1,0.03489046088515568,-0.7236838388190866,0.7472445601745646,-0.030240789794057865,-0.12082746826474917,0.036156654701190866,0.0,0.0,0.0,20
DV:Y | Type:Any | JIF:Any | Citation:N | Y16:N | Discipline:Multi | Var:2+,1.064953003297294,-1.3910900707196572,3.3642584298459295,-0.14949963994591886,-0.3085783389075402,0.02851120839845712,-0.15000000000000002,-0.45125,0.19999999999999996,20
DV:N | Type:T | JIF:N | Citation:Any | Y16:Y | Discipline:Psych | Var:0,-0.2381004047116111,-1.5535465960689125,0.950770549451128,-0.07289214554264689,-0.1663835374301823,0.014021652896171842,0.0,-0.20000000000000007,0.2,20
DV:Y | Type:E | JIF:Any | Citation:N | Y16:Y | Discipline:Any | Var:Any,0.48612949500087144,-0.6611496812040681,1.5573573928823803,0.021527518529727008,-0.07457623039538266,0.1317436148617561,0.09999999999999998,0.0,0.25,20
DV:Any | Type:T | JIF:Y | Citation:N | Y16:Any | Discipline:Math | Var:0,-0.23706242915501718,-1.8645325713276517,1.1152305909913451,-0.05422617195914814,-0.18159828438444003,0.07001463895866752,0.04999999999999993,-0.19999999999999996,0.30000000000000004,20
DV:N | Type:E | JIF:N | Citation:Any | Y16:N | Discipline:Bio | Var:Any,-0.6736996707204481,-1.8444160305629698,0.1682380479004732,-0.034313996732579954,-0.1253952470065329,0.05406994373701179,0.09999999999999998,-0.09999999999999998,0.3,20
DV:Any | Type:Any | JIF:Y | Citation:Y | Y16:Any | Discipline:Econ | Var:2+,0.16325812886754498,-1.4868081113627927,1.5839134205208316,-0.08045254075277741,-0.24629562345731948,0.030923710917955254,-0.09999999999999998,-0.3,0.09999999999999998,20
DV:Any | Type:T | JIF:Any | Citation:Any | Y16:N | Discipline:Any | Var:0,0.5415869219837495,-0.3375836822698129,1.3810499846044693,-0.0319455970783743,-0.08580130721516492,0.016448627409120543,0.0,0.0,0.0,20
DV:N | Type:E | JIF:Y | Citation:N | Y16:Any | Discipline:Psych | Var:Any,-0.23570073125732982,-0.8578263197709068,0.28606763827388104,-0.027853446396378323,-0.08368901102043085,0.025289864565626364,0.0,0.0,0.0,20
DV:N | Type:Any | JIF:Any | Citation:Any | Y16:Any | Discipline:Social | Var:2+,0.5452887429254432,-1.7749455956142601,2.644392363679433,-0.16742565023185768,-0.36752884641559685,0.04650810011044498,-0.09999999999999998,-0.39999999999999997,0.15000000000000002,20
DV:Any | Type:E | JIF:Any | Citation:Any | Y16:N | Discipline:Multi | Var:Any,0.5541599585099082,-0.26977037376997526,1.5428432133729861,-0.04914186900065809,-0.138087936585581,0.0014718069588926775,-0.050000000000000044,-0.15000000000000002,0.0,20
DV:Y | Type:Any | JIF:Y | Citation:Any | Y16:Any | Discipline:Bio | Var:0,0.2661715805242286,-0.5628656926195778,1.3225934869651201,-0.07588564661464026,-0.19600872544311967,-0.0010273847329928898,-0.050000000000000044,-0.15000000000000002,0.0,20
DV:Any | Type:R | JIF:Any | Citation:Any | Y16:Any | Discipline:Psych | Var:Any,-0.45576753863795805,-2.393410019573903,1.2073826846204043,-0.038722878881907064,-0.16492046959128095,0.10952644010272615,0.04999999999999993,-0.15000000000000002,0.25,20
DV:N | Type:Any | JIF:N | Citation:N | Y16:N | Discipline:Any | Var:0,-0.5438664646694873,-2.568450365124957,1.216247617665503,0.025256364819070898,-0.0989077696873801,0.16850551880582257,0.0,-0.25,0.3,20
DV:N | Type:T | JIF:Y | Citation:Any | Y16:N | Discipline:Math | Var:2+,-0.28672339051164375,-0.7725668184213141,0.09522249960278274,-0.006433353562483646,-0.05245565987399704,0.035324643182799216,0.0,0.0,0.0,20
DV:Any | Type:E | JIF:N | Citation:N | Y16:Y | Discipline:Bio | Var:1,0.30235736663504564,-2.4082880629572707,2.6230481996084474,0.02150532387829962,-0.09045169749951454,0.14066663340475444,0.0,-0.35,0.35000000000000003,20
DV:Any | Type:R | JIF:Any | Citation:N | Y16:Y | Discipline:Bio | Var:Any,-0.33718412335869097,-1.2747027319349042,0.4885653362370222,-0.09676085025937897,-0.22633269872459216,0.01389517512046279,0.09999999999999998,0.0,0.25,20
DV:Y | Type:Any | JIF:N | Citation:Any | Y16:Y | Discipline:Math | Var:0,-0.2406769354457019,-2.0389689777218982,1.5431241947606207,-0.08027026952106264,-0.17556146052684463,0.019686902905472717,-0.2,-0.45000000000000007,0.14999999999999997,20
DV:N | Type:T | JIF:Any | Citation:Y | Y16:Any | Discipline:Econ | Var:2+,-0.3462705685625078,-1.6214440324626007,0.8802530052366018,-0.04604249059734156,-0.14528805013353469,0.07075619322722401,0.09999999999999998,-0.05124999999999997,0.3,20
DV:Y | Type:R | JIF:Y | Citation:Any | Y16:Any | Discipline:Any | Var:Any,-1.0733716107396143,-2.1195511796136492,-0.2726256039966975,0.06977752014883198,-0.02973519555139384,0.19374194461263358,0.0,-0.15000000000000002,0.15000000000000002,20
DV:Any | Type:Any | JIF:Any | Citation:N | Y16:N | Discipline:Psych | Var:0,-0.8732437013675298,-2.5513412629029633,0.28639578082632144,-0.0032663334856370962,-0.12708995455323374,0.1548474664662121,0.09999999999999998,-0.09999999999999998,0.30000000000000004,20
DV:Any | Type:T | JIF:Y | Citation:N | Y16:Any | Discipline:Social | Var:Any,-0.4280926424948417,-2.0881046999994544,1.0132832069788282,-0.04533197337653161,-0.1282999834063672,0.05180355017538193,0.0,-0.25,0.25,20
DV:Y | Type:E | JIF:N | Citation:Any | Y16:N | Discipline:Econ | Var:0,-1.4455556497759074,-2.4536875989652054,-0.6113308166057116,0.04504944217398543,-0.04036158695332628,0.15278555339315752,0.09999999999999998,-0.09999999999999998,0.30000000000000004,20
DV:N | Type:Any | JIF:Any | Citation:N | Y16:Y | Discipline:Any | Var:1,-0.9380698106362892,-2.2303344452916107,0.14325499510128195,0.0218468644007499,-0.14405627805112642,0.1934524589746205,0.15000000000000002,-0.050000000000000044,0.35,20
DV:Any | Type:E | JIF:Any | Citation:Y | Y16:Any | Discipline:Multi | Var:0,0.13427773062412474,-1.3125421584919923,1.4415890377989358,-0.12043865996832193,-0.2692396663873644,-0.003583414553269656,0.04999999999999993,-0.09999999999999998,0.25,20
DV:N | Type:Any | JIF:Any | Citation:Any | Y16:Any | Discipline:Multi | Var:1,2.1829689666370227,-0.055159833041170864,4.461631754145988,-0.2876962373379859,-0.4952379665083276,-0.0026393946499870796,-0.25,-0.6,0.09999999999999998,20
DV:Y | Type:T | JIF:Any | Citation:Y | Y16:Y | Discipline:Multi | Var:Any,0.8409250565898976,-1.2267784432076423,2.9362175226636444,-0.11537579436686674,-0.2511080205468784,0.028426989778674902,-0.15000000000000002,-0.5,0.24999999999999994,20
DV:N | Type:E | JIF:Y | Citation:N | Y16:Y | Discipline:Math | Var:0,1.1486643531581349,-1.7086346408698847,3.5205572521958306,-0.11862150579917852,-0.27899017943242044,-0.01246858690866316,-0.15000000000000002,-0.5,0.20124999999999893,20
DV:Y | Type:R | JIF:Y | Citation:Any | Y16:Any | Discipline:Any | Var:2+,-1.3314088643834125,-2.491649702624944,-0.45286025550605585,0.038244849102809786,-0.060132456560014404,0.17346656437828226,0.09999999999999998,0.0,0.25,20
DV:Any | Type:Any | JIF:N | Citation:N | Y16:N | Discipline:Psych | Var:1,1.536157431958201,-0.9789189153089155,3.965960400359583,-0.11587749512914602,-0.2547300520325666,0.020701318906834215,-0.15000000000000002,-0.5,0.24999999999999994,20
DV:Y | Type:Any | JIF:N | Citation:Y | Y16:N | Discipline:Bio | Var:Any,6.800147870443486,3.376573381787644,9.849579209265215,-0.5724181928909433,-0.8466347775173393,-0.21869341513643986,-0.09999999999999998,-0.45000000000000007,0.29999999999999993,20
DV:N | Type:T | JIF:Any | Citation:Any | Y16:N | Discipline:Psych | Var:1,-0.052907138772291695,-1.9587433664997431,1.8936514250388354,-0.10439910187776857,-0.2425930975858865,0.025465358341766237,0.09999999999999998,-0.1499999999999999,0.35,20
DV:Y | Type:E | JIF:N | Citation:N | Y16:Any | Discipline:Any | Var:2+,-0.2886908094932803,-1.4245967725448152,0.7371640390393167,-0.07226034881489951,-0.2302550338163314,0.03386264069572053,0.0,-0.1499999999999999,0.15000000000000002,20
DV:Y | Type:T | JIF:Y | Citation:N | Y16:Any | Discipline:Multi | Var:1,-0.44184089390918757,-1.74463978653575,0.5527463972723289,-0.045656212835681,-0.16062119292941315,0.05883490784048064,0.09999999999999998,-0.09999999999999998,0.3,20
DV:N | Type:R | JIF:N | Citation:N | Y16:Y | Discipline:Social | Var:0,-0.3251381632729826,-1.1280980709321984,0.48751552022121186,-0.01719867514469753,-0.10381023253472886,0.07017935591555942,0.0,0.0,0.0,20
DV:Any | Type:Any | JIF:Y | Citation:Any | Y16:Y | Discipline:Any | Var:Any,1.0577086678481376,-0.07846269140124316,2.6401998972877485,-0.055004892787384296,-0.19971173652997132,0.0392961990567643,-0.050000000000000044,-0.15000000000000002,0.0,20
DV:Any | Type:T | JIF:N | Citation:Any | Y16:N | Discipline:Any | Var:1,0.5762175908798746,-1.1931399350577858,2.331513009125986,-0.11699729312067297,-0.28359933164770684,0.10101014793578943,-0.2,-0.5,0.10000000000000003,20
DV:N | Type:R | JIF:Y | Citation:Any | Y16:Any | Discipline:Multi | Var:0,-0.0849690073032221,-0.9665572937103518,0.764537544456127,-0.06253424355541726,-0.1627647582970026,0.0228665924438108,0.0,0.0,0.0,20
DV:Any | Type:Any | JIF:Any | Citation:Y | Y16:N | Discipline:Econ | Var:Any,-0.4062906689505903,-1.8833464399074105,0.7905021448692452,-0.01873732741137346,-0.13437024212165402,0.08015873512017409,0.04999999999999993,-0.09999999999999998,0.20000000000000007,20
DV:N | Type:Any | JIF:N | Citation:Y | Y16:Any | Discipline:Social | Var:Any,-0.11785617530759573,-2.0043751060666555,1.6070130633626156,-0.09017353258113547,-0.2380855246441101,0.0626906864162885,0.04999999999999993,-0.19999999999999996,0.30000000000000004,20
DV:Any | Type:R | JIF:Any | Citation:Any | Y16:Y | Discipline:Any | Var:2+,-0.8207509537223583,-1.8027290814177586,0.004809862864033812,0.006930895807194748,-0.0961480623645771,0.1221493571824243,0.09999999999999998,-0.09999999999999998,0.29999999999999993,20
DV:Y | Type:Any | JIF:N | Citation:N | Y16:Any | Discipline:Psych | Var:1,-0.47202477954387234,-2.598887900171368,1.5229469404273608,0.08250914727114378,-0.002879706853368204,0.2006325447343146,-0.050000000000000044,-0.35000000000000003,0.25,20
DV:N | Type:T | JIF:Any | Citation:Any | Y16:Any | Discipline:Bio | Var:Any,0.8191351990352658,-1.625450769338077,2.7918402499734603,-0.1551832456739759,-0.3735844718687809,0.0639318375281707,0.04999999999999993,-0.15000000000000002,0.25,20
DV:Any | Type:T | JIF:Y | Citation:Y | Y16:N | Discipline:Any | Var:Any,0.37002229645304396,-0.17662732606289944,0.876737731623904,-0.02502381528743769,-0.07210185580224426,0.01114685930224031,0.0,0.0,0.0,20
DV:N | Type:E | JIF:Any | Citation:Y | Y16:Any | Discipline:Social | Var:0,0.13473384015367884,-1.604006344331145,1.6691866488353622,-0.10514151955678896,-0.20609182464583206,0.02909079504121374,-0.050000000000000044,-0.30000000000000004,0.20000000000000007,20
DV:Any | Type:Any | JIF:Y | Citation:Any | Y16:Y | Discipline:Multi | Var:1,1.8822182772147373,0.41191568384815275,3.468493012785003,-0.06430296208932607,-0.18302781805909246,0.017934463063354826,-0.050000000000000044,-0.15000000000000002,0.0,20
DV:Any | Type:T | JIF:N | Citation:Y | Y16:Any | Discipline:Econ | Var:Any,-0.17475903293507855,-2.1766262490943826,1.6385547869537855,-0.008104971723548404,-0.0937740040816138,0.08743266583085026,-0.09999999999999998,-0.4,0.20000000000000007,20
DV:N | Type:E | JIF:Y | Citation:Y | Y16:N | Discipline:Multi | Var:0,0.04053396688697575,-2.1122030747005653,2.0213982093037988,-0.12656104218720265,-0.28094120039479137,0.028947545709500228,0.04999999999999993,-0.19999999999999996,0.25124999999999886,20
DV:Y | Type:Any | JIF:Any | Citation:N | Y16:Any | Discipline:Any | Var:1,0.8940284181807376,-0.4628053670152138,2.2037928820566375,0.020309198835743114,-0.09704526934767439,0.1277822847781882,0.04999999999999993,0.0,0.15000000000000002,20
DV:N | Type:Any | JIF:N | Citation:Any | Y16:N | Discipline:Bio | Var:1,0.7253550366544594,-1.5127548792316006,2.6424808877641084,-0.09362274192630426,-0.23166141642702964,0.03545133106963476,-0.050000000000000044,-0.35,0.20000000000000007,20
DV:Y | Type:T | JIF:Any | Citation:N | Y16:Y | Discipline:Social | Var:Any,1.7498854395645997,-1.1153699558507166,4.388762613409239,-0.05556758277392393,-0.19223893846668308,0.028028024996857394,-0.2,-0.6499999999999999,0.19999999999999996,20
DV:Any | Type:E | JIF:Y | Citation:Any | Y16:Y | Discipline:Econ | Var:0,0.5977847084740331,-1.5357373445145799,2.732588809839668,-0.13919362484116116,-0.2582933985788239,-0.017069623545705095,-0.15000000000000002,-0.45,0.15000000000000002,20
DV:Any | Type:T | JIF:Y | Citation:N | Y16:N | Discipline:Bio | Var:1,0.05646080461259295,-1.8364598650010735,1.8657204863627457,-0.08204168426337533,-0.19437709055117888,0.025045166695684268,-0.09999999999999998,-0.4,0.19999999999999996,20
DV:Y | Type:E | JIF:N | Citation:Any | Y16:Any | Discipline:Math | Var:2+,0.5067328025284636,-1.2543090889868251,2.140730863460283,-0.12116174340833075,-0.2893801996842738,-0.005249057912285492,-0.09999999999999998,-0.3,0.09999999999999998,20
DV:N | Type:R | JIF:Any | Citation:Y | Y16:Any | Discipline:Econ | Var:0,-0.1123082060171745,-2.5542697811359107,1.6859376387605944,-0.03394043886858589,-0.10821054767564735,0.01677428002251833,-0.15000000000000002,-0.45000000000000007,0.15000000000000002,20
DV:N | Type:Any | JIF:Y | Citation:N | Y16:Y | Discipline:Math | Var:Any,2.6254522449313162,-0.25166579485123686,5.340015002139878,-0.30704931183265366,-0.5992903888496157,-0.04049882336395867,-0.15000000000000002,-0.45,0.15000000000000002,20
DV:N | Type:T | JIF:N | Citation:Any | Y16:Any | Discipline:Any | Var:1,0.7014901010268382,-0.9422079088255791,2.2897380238664815,-0.18503836381281463,-0.4052374136521652,0.0617863841406275,-0.15000000000000002,-0.44999999999999996,0.15000000000000002,20
DV:Any | Type:R | JIF:N | Citation:N | Y16:Any | Discipline:Social | Var:0,-0.7949919817254507,-1.9717925606364142,0.12443278291134391,-0.007665386692183307,-0.1185330218841089,0.12244376841466832,0.09999999999999998,-0.09999999999999998,0.3,20
DV:Y | Type:Any | JIF:Any | Citation:Any | Y16:N | Discipline:Econ | Var:Any,-1.2434056034242822,-2.5935233078926188,0.1148918366288698,0.056334637339694016,-0.06557479750850151,0.2064654165635375,0.0,-0.25,0.24999999999999994,20
DV:Any | Type:E | JIF:Any | Citation:Any | Y16:Y | Discipline:Bio | Var:2+,1.2653292126099442,-1.1258746939009419,3.517709393596184,-0.12253731997371453,-0.3162820322490581,0.0447793609114574,-0.050000000000000044,-0.4,0.30000000000000004,20
DV:N | Type:E | JIF:Y | Citation:N | Y16:Y | Discipline:Any | Var:2+,1.6020485597893357,-1.1820734434787117,3.941187044852112,-0.10227080877514216,-0.2613050753683589,0.04098150942005578,-0.2,-0.55,0.19999999999999996,20
DV:Any | Type:Any | JIF:N | Citation:Y | Y16:Any | Discipline:Multi | Var:Any,0.7050709752083435,-0.665166438959728,2.4447059442097747,-0.09936121553678035,-0.295297350334785,0.018996666503041278,-0.050000000000000044,-0.15000000000000002,0.0,20
DV:Any | Type:T | JIF:Y | Citation:N | Y16:Y | Discipline:Bio | Var:0,-0.7392194328838668,-1.7853500247734515,0.2846334033757769,-0.0036572800905084746,-0.07728265947313849,0.06716156391994599,0.09999999999999998,0.0,0.25,20
DV:Y | Type:Any | JIF:Y | Citation:Y | Y16:N | Discipline:Social | Var:2+,-0.2677184947857567,-1.8496649327111232,1.1631381999673558,-0.0827948546405115,-0.19647162477408045,0.0006789751068855704,0.09999999999999998,-0.050000000000000044,0.29999999999999993,20
DV:Any | Type:R | JIF:Any | Citation:Y | Y16:N | Discipline:Bio | Var:1,0.28124700371135614,-2.0403042527404653,2.37651093647125,-0.07207265951741748,-0.19067564696650535,0.026223271736758508,-0.2,-0.5499999999999999,0.1012499999999989,20
DV:N | Type:Any | JIF:Y | Citation:Y | Y16:Any | Discipline:Math | Var:2+,0.38900094677861663,-1.5277456433177423,2.29221659888047,-0.12427107108315161,-0.29553701924724574,0.014151913253285556,-0.050000000000000044,-0.30000000000000004,0.2,20
DV:Y | Type:T | JIF:Any | Citation:Any | Y16:Any | Discipline:Any | Var:0,0.40414667896933754,-0.540661538788106,1.3358555425156313,-0.05039555546801411,-0.14083442484523429,0.019701906508339747,-0.050000000000000044,-0.15000000000000002,0.0,20
DV:Any | Type:E | JIF:N | Citation:N | Y16:Y | Discipline:Psych | Var:Any,-0.2609320535855506,-1.3461108786465,0.7609220259334606,0.02460042436797938,-0.08677252414352993,0.14844539770205706,0.04999999999999993,0.0,0.15000000000000002,20
DV:N | Type:T | JIF:Any | Citation:N | Y16:N | Discipline:Math | Var:0,0.030257995761429513,-1.9849408584573713,1.5860526172685905,-0.10775417131322496,-0.2694923604331107,0.07857025279147109,0.0,-0.20000000000000007,0.25,20
DV:Any | Type:E | JIF:N | Citation:Any | Y16:Any | Discipline:Bio | Var:Any,-0.10019812644077764,-1.6259538778936897,1.3925962952518876,-0.005132135736646282,-0.1591264927171342,0.1307262910561372,0.0,-0.29999999999999993,0.25,20
DV:N | Type:E | JIF:Y | Citation:N | Y16:N | Discipline:Any | Var:Any,0.15396389000718536,-1.157991568579637,1.2330616392042888,0.007963727342450433,-0.12036965862405873,0.16705639448426607,0.0,0.0,0.0,20
DV:Y | Type:R | JIF:Y | Citation:Any | Y16:N | Discipline:Econ | Var:1,-0.619587684853971,-2.154944679286667,0.7881130093575187,0.018048590069707715,-0.03919035331119085,0.09333847192613726,0.0,-0.29999999999999993,0.25,20
DV:Any | Type:Any | JIF:Any | Citation:N | Y16:Any | Discipline:Multi | Var:2+,-0.320665107593503,-1.7270118163035777,0.5782663215812434,-0.08218507034529754,-0.1991684342158758,0.041353126081379275,0.04999999999999993,-0.09999999999999998,0.20000000000000007,20
DV:Any | Type:R | JIF:N | Citation:Any | Y16:N | Discipline:Any | Var:Any,-0.3095726977271607,-2.100375049368375,1.3096428570127872,-0.019035340657488353,-0.1450043525836006,0.11150706537733115,0.0,-0.3,0.25,20
DV:Y | Type:Any | JIF:Any | Citation:N | Y16:Any | Discipline:Psych | Var:0,1.0828436514951685,-0.20210271892982512,2.550942996262674,-0.0701614676952328,-0.20627461302510713,0.013312882926251893,-0.050000000000000044,-0.15000000000000002,0.0,20
DV:N | Type:E | JIF:N | Citation:Any | Y16:Any | Discipline:Social | Var:1,-0.9734924178474635,-1.97911415623243,-0.014940284107563016,0.016079581901135676,-0.03845952937678995,0.1011972305214494,0.09999999999999998,0.0,0.25,20
DV:N | Type:R | JIF:Any | Citation:N | Y16:Any | Discipline:Bio | Var:Any,-0.45231898441993135,-1.206579092591227,0.01708830144989234,-0.004781296383457145,-0.08669981369397833,0.06940270091440068,0.0,-0.1499999999999999,0.14999999999999997,20
DV:Any | Type:Any | JIF:Y | Citation:Any | Y16:N | Discipline:Math | Var:0,0.987378909272917,-0.6467619507066541,2.7663198643564546,-0.11900616939855513,-0.2892209469107417,0.07311822474673127,-0.30000000000000004,-0.6000000000000001,0.050000000000000044,20
DV:Any | Type:T | JIF:Any | Citation:Any | Y16:Any | Discipline:Math | Var:2+,0.7421348812565594,-1.4621589095575227,2.5022178540587707,-0.12723828348709287,-0.34383991121731866,0.04600122697290209,-0.050000000000000044,-0.35,0.25,20
DV:N | Type:R | JIF:Y | Citation:Any | Y16:Y | Discipline:Psych | Var:Any,-1.227364498846872,-2.2479888143851454,-0.2703937577094456,0.015677997569073177,-0.039647085074297865,0.09837371100045016,0.15000000000000002,0.0,0.30000000000000004,20
DV:Any | Type:Any | JIF:N | Citation:N | Y16:Y | Discipline:Any | Var:0,-0.2126425685674711,-0.9219197265194448,0.30969691715401193,-0.025137601766600515,-0.08440142021907739,0.01878717812879994,0.04999999999999993,0.0,0.15000000000000002,20
DV:N | Type:Any | JIF:Any | Citation:Any | Y16:N | Discipline:Psych | Var:0,1.145677235790135,-0.9426051151716327,3.3037460375644585,-0.17118372601343024,-0.38532211676656014,0.0789988019643887,-0.09999999999999998,-0.45,0.24999999999999994,20
DV:Any | Type:E | JIF:Y | Citation:Y | Y16:Any | Discipline:Econ | Var:1,-0.5206884655100685,-1.6211331627960281,0.37119511883062417,-0.04168581318030207,-0.1175262224715211,0.034545678474329725,0.04999999999999993,-0.10000000000000009,0.20000000000000007,20
DV:Any | Type:T | JIF:N | Citation:N | Y16:Y | Discipline:Math | Var:1,0.1340641395028106,-1.6234562750835253,1.7690289118411084,-0.1347803774321027,-0.2752651985394971,0.011242814929699082,-0.09999999999999998,-0.35000000000000003,0.15000000000000002,20
DV:Y | Type:Any | JIF:Any | Citation:Any | Y16:Any | Discipline:Econ | Var:Any,-1.0456344710175536,-2.1693492961378875,0.08363286584458676,0.029037989862124247,-0.09400796711502282,0.16816440908282385,0.04999999999999993,-0.10000000000000003,0.20000000000000007,20
DV:Any | Type:R | JIF:Y | Citation:Any | Y16:Any | Discipline:Econ | Var:0,1.4902327705850213,-1.1647780499040015,3.7189445621575135,-0.09935035517557889,-0.30318680262441183,0.01286205953277341,-0.25,-0.6000000000000001,0.14999999999999997,20
DV:N | Type:Any | JIF:N | Citation:N | Y16:N | Discipline:Multi | Var:Any,0.0982795007201247,-1.8813027119960357,1.7018733646829782,-0.07830064963903294,-0.19666357419191768,0.01761054749636683,-0.050000000000000044,-0.35,0.25,20
DV:Any | Type:E | JIF:Y | Citation:Y | Y16:Any | Discipline:Any | Var:2+,1.2919595221409184,0.02455981244273906,2.673261840809967,-0.06491168409678394,-0.19545497575716572,0.019296443967438386,-0.050000000000000044,-0.15000000000000002,0.0,20
DV:Any | Type:R | JIF:Any | Citation:N | Y16:Y | Discipline:Any | Var:0,-0.20802449813549373,-2.0612458583198627,1.5593501784623842,-0.06163776792934583,-0.16708150954382467,0.034300165955323286,0.0,-0.25,0.29999999999999993,20
DV:N | Type:Any | JIF:Y | Citation:Any | Y16:Y | Discipline:Social | Var:Any,-0.29614569705256866,-0.873990817844917,0.41865157780935314,-0.017229589108771814,-0.08616147793741162,0.0355623376622255,0.0,0.0,0.0,20
DV:Any | Type:Any | JIF:Any | Citation:N | Y16:N | Discipline:Math | Var:Any,0.5258895205621279,-0.37239654427400287,1.3666529974979607,-0.048227398417030276,-0.1309090252134219,0.021847408787696043,0.0,0.0,0.0,20
DV:Any | Type:R | JIF:Y | Citation:Y | Y16:Any | Discipline:Psych | Var:2+,0.2503445588009292,-0.5103325460544567,1.162513088420537,-0.07148795082212289,-0.16899665351211196,-0.0035616592804249146,-0.050000000000000044,-0.15000000000000002,0.0,20
DV:Y | Type:Any | JIF:Any | Citation:Y | Y16:N | Discipline:Any | Var:1,-0.08692751409687993,-1.1874653868405618,0.8873566511077191,-0.08964421427826796,-0.21072111371385338,-0.013464507319110182,-0.050000000000000044,-0.15000000000000002,0.0,20
DV:N | Type:T | JIF:N | Citation:Any | Y16:Y | Discipline:Math | Var:Any,-0.650113823781659,-2.0630918855232077,0.5109189943260793,-0.024902993097376647,-0.17194687021247446,0.1448786614817164,0.0,-0.19999999999999996,0.19999999999999996,20
DV:Y | Type:E | JIF:Y | Citation:N | Y16:Y | Discipline:Bio | Var:0,-0.1703531453577556,-1.8118548382509345,1.5038064439683412,-0.0725550431011257,-0.19559578257323318,0.021013734805461634,-0.09999999999999998,-0.4,0.19999999999999996,20
DV:Y | Type:T | JIF:Any | Citation:N | Y16:Any | Discipline:Social | Var:Any,1.3192483085720523,-1.3767372782398641,3.632322280364792,-0.0710350176938146,-0.19830837261533477,0.027583302539119874,-0.09999999999999998,-0.45000000000000007,0.25,20
DV:N | Type:E | JIF:N | Citation:Any | Y16:N | Discipline:Econ | Var:0,0.5269136198005668,-1.6927398356866292,2.6525447695069007,-0.10552802318446663,-0.23166196012319848,0.047075065850857876,-0.15000000000000002,-0.45,0.19999999999999996,20
DV:Any | Type:Any | JIF:N | Citation:Any | Y16:Any | Discipline:Bio | Var:1,0.9344534413474967,-1.520929127233824,3.278961806056625,-0.0950989992003326,-0.23801390852050872,0.05988790742625997,-0.15000000000000002,-0.45125,0.19999999999999996,20
DV:Any | Type:T | JIF:Y | Citation:Any | Y16:N | Discipline:Multi | Var:Any,-1.05142689212009,-1.7065329015410944,-0.543379885721871,0.05249568349103495,-0.004426964859786875,0.15230337317302045,0.04999999999999993,0.0,0.15000000000000002,20
DV:Y | Type:E | JIF:N | Citation:N | Y16:Any | Discipline:Math | Var:0,0.1316056875355791,-1.4491267252438553,1.408234009582082,-0.12469549766935983,-0.27757115680452066,-0.01827247200872361,0.0,-0.15000000000000002,0.1499999999999999,20
DV:N | Type:R | JIF:Any | Citation:Y | Y16:Y | Discipline:Any | Var:2+,-0.099205273650818,-1.3645302080124742,1.3613073374056794,-0.032043796277825276,-0.19140278624373275,0.0711281467710053,0.0,-0.15000000000000002,0.15000000000000002,20
DV:Any | Type:Any | JIF:N | Citation:N | Y16:Y | Discipline:Psych | Var:1,1.755276189508355,-0.7661183086287772,4.04619675668504,-0.05984489857384656,-0.18721983274580223,0.04144082501185702,-0.2,-0.55,0.15124999999999889,20
DV:Y | Type:T | JIF:Y | Citation:N | Y16:Any | Discipline:Econ | Var:Any,-0.5305342440549685,-1.485200077662861,0.40069708186191727,-0.04188642040040569,-0.1306772830715891,0.0539277036276231,0.09999999999999998,0.0,0.25,20
DV:Any | Type:E | JIF:Any | Citation:Any | Y16:N | Discipline:Social | Var:0,-0.34131528379192044,-2.177950935605731,1.2890382686809974,-0.04203958198084845,-0.2098269698917051,0.14108438564254283,0.09999999999999998,-0.15000000000000002,0.35,20
DV:Any | Type:R | JIF:Y | Citation:Any | Y16:Any | Discipline:Psych | Var:Any,-0.3089672081644048,-1.99973664963786,1.2856139526181571,-0.051485576890388796,-0.16373760111525973,0.0712340695120361,0.04999999999999993,-0.20000000000000007,0.30000000000000004,20
DV:Y | Type:Any | JIF:N | Citation:N | Y16:Y | Discipline:Any | Var:0,0.8453500508377116,-0.30972201119608406,2.2888281627251215,-0.06408254612992748,-0.1838539720516476,0.020668247264174707,-0.050000000000000044,-0.15000000000000002,0.0,20
DV:N | Type:T | JIF:Any | Citation:Any | Y16:N | Discipline:Math | Var:2+,-0.5147747739711193,-1.7479762348109122,0.33574196336728895,0.002937466123744681,-0.12182492142179513,0.12059906767591078,0.0,-0.14999999999999997,0.15000000000000002,20
DV:Y | Type:E | JIF:Y | Citation:N | Y16:Any | Discipline:Multi | Var:1,4.8323135309801275,2.2837210200736604,7.136862675332388,-0.09301378944347927,-0.24688107839514456,0.03565583867418498,-0.050000000000000044,-0.15000000000000002,0.0,20
DV:Any | Type:T | JIF:N | Citation:N | Y16:Any | Discipline:Social | Var:2+,-1.0961681760341513,-2.2582553203514784,-0.09845576940936084,-0.0018692627210885604,-0.08018923952855646,0.09166857989747554,0.15000000000000002,0.0,0.30000000000000004,20
DV:N | Type:E | JIF:Any | Citation:Any | Y16:N | Discipline:Econ | Var:1,0.7799991018133019,-0.21086835860536773,1.9050295923267488,-0.06727160353214601,-0.19170826061595805,0.0047027623352636685,-0.050000000000000044,-0.15000000000000002,0.0,20
DV:Any | Type:Any | JIF:Any | Citation:Y | Y16:Y | Discipline:Bio | Var:0,0.12174856920824517,-0.7791257202827524,0.9581010141956644,-0.07510529411966549,-0.17330244688247892,-0.0054700247456131446,-0.050000000000000044,-0.15000000000000002,0.0,20
DV:Any | Type:T | JIF:Y | Citation:Any | Y16:N | Discipline:Bio | Var:2+,1.8924558497247714,-1.2115464189607021,4.56454813881025,-0.15538123073336624,-0.3951123393849343,0.0714852569319698,-0.09999999999999998,-0.35,0.14999999999999997,20
DV:N | Type:E | JIF:Any | Citation:N | Y16:Any | Discipline:Math | Var:1,0.6843957979086355,-1.7732093819986543,2.851009823534233,-0.09751916033646957,-0.28187416952494887,0.01945101523072803,-0.050000000000000044,-0.39999999999999997,0.3,20
DV:N | Type:R | JIF:N | Citation:Y | Y16:Any | Discipline:Any | Var:Any,-0.14698536974733134,-1.7208511153059178,1.417109527589262,-0.05525712642051561,-0.17480860459533673,0.05648769790711956,-0.050000000000000044,-0.30000000000000004,0.19999999999999996,20
DV:Any | Type:Any | JIF:Any | Citation:Y | Y16:N | Discipline:Psych | Var:0,0.6160092954308327,-1.3711658011782275,2.506782032196001,-0.1376025621214405,-0.2988051053285304,0.06423100197906545,-0.09999999999999998,-0.4,0.2,20
DV:Y | Type:R | JIF:Any | Citation:Y | Y16:N | Discipline:Psych | Var:Any,-0.9912234075047968,-3.2273562666912725,0.7739379052719791,0.03881706047242506,-0.025139623908900482,0.13443720913242152,0.09999999999999998,-0.15000000000000002,0.35,20
DV:N | Type:Any | JIF:Y | Citation:Y | Y16:Any | Discipline:Multi | Var:0,0.011942455804704544,-2.1569416170869746,2.100143601703087,-0.11502680198473592,-0.29883035600684255,0.08103840466600148,0.04999999999999993,-0.15000000000000002,0.29999999999999993,20
DV:Any | Type:E | JIF:N | Citation:Any | Y16:Y | Discipline:Social | Var:1,-0.9811285892042605,-2.0195561169209637,-0.060364073035977815,0.011845281737409286,-0.07607868771813829,0.11372714575370012,0.0,-0.19999999999999996,0.19999999999999996,20
DV:Any | Type:T | JIF:Any | Citation:Y | Y16:Any | Discipline:Multi | Var:0,0.45529789283345234,-0.6208405463397898,1.9572747937533204,-0.0625550993787507,-0.2163943294469599,0.03724730242759351,-0.050000000000000044,-0.15124999999999994,0.0,20
DV:Y | Type:Any | JIF:N | Citation:Any | Y16:Any | Discipline:Any | Var:2+,-0.893580273162474,-1.8311405619211556,-0.1514158866374644,-0.013396253718901852,-0.08282287567895234,0.06013590719169644,0.15000000000000002,0.0,0.30000000000000004,20
DV:N | Type:Any | JIF:Any | Citation:N | Y16:Y | Discipline:Bio | Var:2+,-0.2607214223356573,-1.6375780481778057,0.9393708997886963,-0.08532132275060245,-0.190909817334794,0.019198225325601965,0.0,-0.2,0.19999999999999996,20
DV:Any | Type:E | JIF:Y | Citation:N | Y16:Any | Discipline:Any | Var:Any,-0.2763780137342753,-1.3296215672525793,0.616872219395241,0.04945544295160509,-0.06694535495971397,0.21387823899339767,0.04999999999999993,0.0,0.15000000000000002,20
DV:Y | Type:Any | JIF:Y | Citation:Any | Y16:Any | Discipline:Social | Var:2+,0.08558364615015002,-0.6577177374865693,1.1073361357043054,-0.04499886412663123,-0.15567459280604515,0.025603125912509905,-0.050000000000000044,-0.15000000000000002,0.0,20
DV:Any | Type:E | JIF:Any | Citation:Any | Y16:N | Discipline:Math | Var:Any,0.23614724588068547,-0.5870024470104926,1.1855234413063347,-0.08382827445650032,-0.23009041057504293,0.007065164530403201,-0.050000000000000044,-0.15000000000000002,0.0,20
DV:Any | Type:Any | JIF:N | Citation:N | Y16:N | Discipline:Econ | Var:2+,-0.9824047489770011,-2.080465307978711,0.14636436549567014,-0.006136234771825455,-0.09719780576622321,0.1097247949102196,0.04999999999999993,-0.15000000000000002,0.29999999999999993,20
DV:Any | Type:T | JIF:Any | Citation:Any | Y16:Any | Discipline:Social | Var:0,0.9923081198593549,-1.310806850828356,3.11849067863178,-0.14152405119298067,-0.28323926450573494,0.02367184211592471,-0.15000000000000002,-0.5,0.20000000000000007,20
DV:Y | Type:E | JIF:N | Citation:N | Y16:N | Discipline:Econ | Var:Any,-0.8438330395831617,-2.0690854547732926,0.3690345800019009,-0.01173202221449643,-0.11413205170990985,0.10076810982588744,0.09999999999999998,-0.15000000000000002,0.35,20
DV:N | Type:Any | JIF:Y | Citation:Any | Y16:Y | Discipline:Any | Var:2+,-0.6136106628486333,-1.5747852531679525,0.2182659410599414,-0.05513628223058431,-0.21155916209681377,0.05199795921734055,0.0,-0.15000000000000002,0.15000000000000002,20
DV:N | Type:T | JIF:Y | Citation:N | Y16:N | Discipline:Math | Var:0,-0.8008174749029662,-1.9577885404872302,0.30531344232392327,-0.00905117754283391,-0.09340710182748022,0.1054237389174347,0.09999999999999998,-0.09999999999999998,0.29999999999999993,20
DV:Any | Type:E | JIF:Any | Citation:Any | Y16:Any | Discipline:Bio | Var:Any,-0.1968222647604092,-1.3275961086656418,0.8042310455212623,0.04587693688565797,-0.06812247638934053,0.1570938746640302,0.04999999999999993,0.0,0.15000000000000002,20
DV:Any | Type:R | JIF:Y | Citation:Any | Y16:N | Discipline:Bio | Var:1,0.4247609162409818,-1.4251725639072437,2.1990037258252224,-0.0884911156563355,-0.2016102866812085,0.006372316694846453,-0.25,-0.55,0.09999999999999998,20
DV:N | Type:Any | JIF:Any | Citation:Y | Y16:Any | Discipline:Math | Var:2+,-1.0971767818252651,-2.5608692999375715,0.07697244016524202,0.009858204687429928,-0.08678091436209152,0.11901279410472344,0.15000000000000002,-0.050000000000000044,0.35,20
DV:N | Type:T | JIF:N | Citation:Any | Y16:Y | Discipline:Econ | Var:0,-0.6527479102157612,-1.92377867265751,0.4981464269277727,-0.0071269058269490815,-0.07709227807847316,0.09710492589309315,0.04999999999999993,-0.10000000000000003,0.20000000000000007,20
DV:Y | Type:E | JIF:Y | Citation:N | Y16:Y | Discipline:Social | Var:Any,-0.19522068920065117,-1.9309966878691927,1.3147546262516931,-0.08411796247557057,-0.20109049725317485,0.028616820401682643,0.0,-0.3,0.3,20
DV:N | Type:E | JIF:N | Citation:Any | Y16:Y | Discipline:Econ | Var:Any,-0.011301949254381327,-1.9821287347957142,1.6179270226464646,-0.12721015385184098,-0.28746481099322496,0.07573587221609236,-0.050000000000000044,-0.3,0.2,20
DV:Y | Type:R | JIF:Y | Citation:Y | Y16:Any | Discipline:Any | Var:1,-0.6911876973584548,-2.084416283243885,0.6266915908892434,-0.027556241567818218,-0.09720334399200888,0.02823602410959263,0.09999999999999998,-0.050000000000000044,0.30000000000000004,20
DV:Any | Type:Any | JIF:N | Citation:Y | Y16:N | Discipline:Psych | Var:2+,-0.058933389471771847,-1.60128321983025,1.524195455673968,-0.11163518525399996,-0.22728914406704892,0.004633679605060845,0.0,-0.25,0.25,20
DV:Any | Type:R | JIF:Any | Citation:N | Y16:Y | Discipline:Econ | Var:Any,1.3365522221826067,-1.1891365275075811,3.559966263351384,-0.06890458827352242,-0.2387885120640099,0.024302434428626885,-0.25,-0.6499999999999999,0.14999999999999997,20
DV:Y | Type:Any | JIF:Y | Citation:Any | Y16:Y | Discipline:Multi | Var:0,0.9034141560129596,-0.37452640153962424,2.5883223054171234,-0.0852437734060778,-0.24986064581456416,0.022310261560181763,-0.050000000000000044,-0.15000000000000002,0.0,20
DV:N | Type:T | JIF:Y | Citation:N | Y16:N | Discipline:Psych | Var:2+,0.9336814910325,-2.0225845914814005,3.5301936061787593,-0.09228867091905146,-0.29933199595234916,0.058396670952204716,-0.09999999999999998,-0.4,0.24999999999999994,20
DV:Y | Type:E | JIF:N | Citation:Any | Y16:Any | Discipline:Any | Var:1,-0.6124444702051184,-1.6675384761951415,0.31504114997149557,0.034527331207332534,-0.06021251584286027,0.12051990893347596,0.0,0.0,0.0,20
DV:Any | Type:T | JIF:Y | Citation:Y | Y16:Any | Discipline:Math | Var:2+,-0.45962753736720785,-2.0403691310724614,0.9970121223812142,-0.08710767119173923,-0.23123833366284186,0.057450331529552354,0.0,-0.25,0.25,20
DV:N | Type:E | JIF:Any | Citation:Y | Y16:N | Discipline:Bio | Var:1,-0.10529211691801432,-0.9326873193904547,0.6805915532607832,-0.053982445182886085,-0.15010249256449543,0.004906647311753958,0.0,0.0,0.0,20
DV:N | Type:R | JIF:N | Citation:Any | Y16:N | Discipline:Social | Var:Any,0.582699859361246,-1.0419722375642395,2.2469570425669803,-0.14442037080435544,-0.32686969819539385,0.015267773396874039,-0.2,-0.5,0.09999999999999998,20
DV:Any | Type:Any | JIF:Y | Citation:N | Y16:Any | Discipline:Econ | Var:0,-0.6907160904224812,-2.0720313056567305,0.4361318445355083,-0.04647054036101328,-0.1342699347266408,0.034872576731195655,0.15000000000000002,0.0,0.30000000000000004,20
DV:Any | Type:T | JIF:N | Citation:Y | Y16:Y | Discipline:Any | Var:2+,-0.5066405474240172,-1.6519802416711895,0.4920878994762116,-0.05576842280623473,-0.16875218396428526,0.020453683663040644,0.0,-0.15000000000000002,0.15000000000000002,20
DV:N | Type:R | JIF:N | Citation:N | Y16:Any | Discipline:Bio | Var:Any,-0.3236570712047593,-0.9924731129092523,0.31936888598259683,-0.043871991612351446,-0.12901361154522886,0.023788597678243654,0.0,0.0,0.0,20
DV:Any | Type:Any | JIF:Any | Citation:Any | Y16:N | Discipline:Math | Var:0,0.427739198930289,-0.3915633380658315,1.236340871172758,-0.04320535443181894,-0.11578613117891634,0.017671650852107725,0.0,0.0,0.0,20
DV:Y | Type:R | JIF:Y | Citation:Any | Y16:N | Discipline:Econ | Var:Any,-0.8685288732455039,-2.012794133006528,0.16114563117207198,0.009734783989658324,-0.031192544222397457,0.07383828500885514,0.09999999999999998,-0.09999999999999998,0.3,20
DV:N | Type:Any | JIF:N | Citation:N | Y16:Any | Discipline:Social | Var:0,0.4196592209223935,-1.8084644481161474,2.4864392425941193,-0.08840073243346735,-0.20283165638064543,0.029479760260106007,-0.2,-0.5,0.10000000000000003,20
DV:Any | Type:E | JIF:Y | Citation:Y | Y16:N | Discipline:Multi | Var:1,-0.06731059877230017,-0.9610874796932495,1.0689860456231355,-0.06025636039800142,-0.1997011893219785,0.03801585484871526,-0.050000000000000044,-0.15000000000000002,0.0,20
DV:Y | Type:Any | JIF:Y | Citation:Any | Y16:N | Discipline:Bio | Var:1,1.935263378952473,-0.8515381335943881,4.2819251314712385,-0.022273459476823354,-0.1448363406600203,0.1015301531757937,-0.2,-0.6,0.20124999999999887,20
DV:Y | Type:E | JIF:Any | Citation:Y | Y16:Any | Discipline:Any | Var:0,0.5749057482526654,-0.9538628311150079,2.272119373772243,-0.09310861570746976,-0.3094205620967245,0.05713810881335311,-0.050000000000000044,-0.20000000000000007,0.1499999999999999,20
DV:Any | Type:T | JIF:Y | Citation:Any | Y16:Y | Discipline:Multi | Var:Any,-0.013839916919318185,-0.48530899614570655,0.4392310009761687,-0.02226980558753444,-0.07208460184457503,0.008719552543295359,0.0,0.0,0.0,20
DV:N | Type:E | JIF:N | Citation:N | Y16:Y | Discipline:Psych | Var:0,-0.12171436568470373,-1.9823088219432785,1.4851300507998593,-0.10524205714135138,-0.2258136256275131,0.004973256670254966,0.0,-0.3,0.25,20
DV:Y | Type:R | JIF:Any | Citation:Any | Y16:N | Discipline:Social | Var:2+,0.17397776859257963,-1.307304559056946,1.646469183259981,-0.10801064893721224,-0.2674482271528051,0.03489660536757931,-0.09999999999999998,-0.4,0.2,20
DV:Any | Type:Any | JIF:Y | Citation:N | Y16:Any | Discipline:Any | Var:1,-0.6962045148820977,-2.1277815083846017,0.3594049048763899,-0.010986653152622039,-0.16124797384273695,0.16349973952041874,0.09999999999999998,-0.050000000000000044,0.30000000000000004,20
DV:Any | Type:T | JIF:Any | Citation:N | Y16:N | Discipline:Any | Var:Any,-0.9772490611558329,-2.382223990211057,0.20285589299354786,0.04332991447148693,-0.0811222742114635,0.2185089834436933,0.09999999999999998,0.0,0.25,20
DV:N | Type:E | JIF:N | Citation:Y | Y16:Any | Discipline:Social | Var:0,-0.2857905216165735,-1.9903668490124924,1.3313203092230568,-0.0464134733363023,-0.11598044318539158,0.029973583709167913,-0.050000000000000044,-0.35,0.24999999999999994,20
DV:Y | Type:Any | JIF:N | Citation:Any | Y16:N | Discipline:Econ | Var:1,-0.5063649686118028,-1.3735516557750818,0.36916219472182843,-0.02770307605619493,-0.14485386696826744,0.04771354982176859,0.0,0.0,0.0,20
DV:N | Type:Any | JIF:Any | Citation:N | Y16:Y | Discipline:Social | Var:1,0.11053799648000773,-1.0693698711774215,1.5728203943904404,-0.09372948428147887,-0.2513316157296407,0.02639929454843248,0.0,-0.15000000000000002,0.1499999999999999,20
DV:Y | Type:T | JIF:N | Citation:Y | Y16:Any | Discipline:Bio | Var:Any,0.5719820206793322,-1.5711246979183315,2.849908673543703,-0.1396839097136946,-0.2822506022833346,0.011894786334019615,-0.15000000000000002,-0.45000000000000007,0.19999999999999996,20
DV:Y | Type:E | JIF:Any | Citation:N | Y16:Y | Discipline:Econ | Var:2+,0.48260297086898074,-1.4927527602399069,2.540937159500189,-0.1358449702437431,-0.2809303677369749,-0.01991541755828606,-0.15000000000000002,-0.45125,0.15000000000000002,20
DV:N | Type:R | JIF:N | Citation:Any | Y16:N | Discipline:Math | Var:0,0.10918851243254313,-1.112143987522027,1.3542103737446918,-0.08396936456892412,-0.22273762653162973,-0.00027746340426677575,-0.050000000000000044,-0.15000000000000002,0.0,20
DV:Y | Type:Any | JIF:Any | Citation:N | Y16:Any | Discipline:Bio | Var:Any,0.2935284958293529,-0.2392388194246986,0.8021795462779555,-0.013772247698243478,-0.07000666212266311,0.03718955654544773,0.0,0.0,0.0,20
DV:N | Type:Any | JIF:Y | Citation:Y | Y16:N | Discipline:Any | Var:Any,-0.33360868828631585,-1.49120347665773,0.48493869066808454,0.023032480937684285,-0.08842075314647613,0.15319981238846217,0.04999999999999993,-0.09999999999999998,0.20000000000000007,20
DV:N | Type:T | JIF:Y | Citation:N | Y16:Y | Discipline:Math | Var:1,0.4661413893978157,-1.5537453263496277,2.2948692321813753,-0.13931379788510034,-0.2765926295591835,0.03584342538200426,-0.09999999999999998,-0.39999999999999997,0.20000000000000007,20
DV:Any | Type:R | JIF:Y | Citation:Y | Y16:N | Discipline:Bio | Var:0,-0.4227143280202714,-1.8732360790324218,0.9278382965746168,-0.06006181589505677,-0.16070383688478207,0.038586776691670224,0.09999999999999998,-0.09999999999999998,0.30000000000000004,20
DV:N | Type:Any | JIF:N | Citation:Y | Y16:Y | Discipline:Multi | Var:Any,0.17347042631401433,-1.2508273876744,1.3726081728810944,-0.08163348256472425,-0.23026080301132673,0.020398161945164712,-0.09999999999999998,-0.25,0.0,20
DV:N | Type:T | JIF:Any | Citation:Any | Y16:Any | Discipline:Econ | Var:1,1.9551984681342605,-0.6473694010240885,4.646677551562951,-0.2480625052610098,-0.6589909581168112,0.15663109793398827,-0.050000000000000044,-0.4,0.29999999999999993,20
DV:Any | Type:E | JIF:Y | Citation:N | Y16:N | Discipline:Social | Var:2+,3.2010797422311343,0.3510398428525611,5.785503987905078,-0.08122309946431827,-0.20981380987204754,0.05914394387413337,-0.15000000000000002,-0.5,0.25,20
DV:Any | Type:Any | JIF:Any | Citation:Any | Y16:Y | Discipline:Psych | Var:Any,-0.43286221560203764,-1.3118804574103269,0.32841124115524745,0.011747567275087967,-0.14429907170255862,0.12159838287730605,0.0,-0.19999999999999996,0.19999999999999996,20
DV:Y | Type:Any | JIF:Any | Citation:Y | Y16:Any | Discipline:Math | Var:0,0.4225485609690791,-0.5445311794639994,1.3159790677557885,-0.09243148236590182,-0.23710561433835342,0.0038378869060899986,-0.050000000000000044,-0.15000000000000002,0.0,20
DV:N | Type:T | JIF:N | Citation:N | Y16:Any | Discipline:Any | Var:2+,0.43773369063475975,-1.5132093663611543,2.2674345471312285,-0.13640542522265953,-0.3435613870266374,0.039545375657997255,-0.050000000000000044,-0.30000000000000004,0.19999999999999996,20
DV:Any | Type:T | JIF:Any | Citation:Any | Y16:Y | Discipline:Bio | Var:2+,0.5072141128991365,-0.5945644639943164,1.679602533245219,-0.1084309947984351,-0.27030542222515513,0.0030432772679603185,-0.09999999999999998,-0.25,0.0,20
DV:N | Type:E | JIF:Y | Citation:N | Y16:Y | Discipline:Math | Var:1,-0.5867785013218443,-1.7969079495646656,0.5290254112416216,-0.07462152449750026,-0.15946077097110847,-0.0017960549546138203,0.04999999999999993,-0.09999999999999998,0.20000000000000007,20
DV:Any | Type:Any | JIF:N | Citation:Y | Y16:N | Discipline:Social | Var:0,7.016010224468441,3.322566002367633,9.892315148768953,-0.4790791426058093,-0.7580174069172787,-0.13914072671980046,-0.2,-0.6,0.2,20
DV:Any | Type:T | JIF:Y | Citation:N | Y16:Any | Discipline:Psych | Var:2+,0.7923631670059414,-1.5540577115883338,2.9360632330324408,-0.11571812435009599,-0.3240396398990658,0.046324767569307417,-0.15000000000000002,-0.44999999999999996,0.10000000000000003,20
DV:N | Type:E | JIF:N | Citation:Any | Y16:N | Discipline:Any | Var:1,0.15510827097279378,-1.7304942688404465,2.074492512486545,-0.13175530929117263,-0.24882754874341614,-0.018119975521241505,-0.2,-0.49999999999999994,0.09999999999999998,20
DV:N | Type:R | JIF:Any | Citation:N | Y16:N | Discipline:Math | Var:Any,-0.025866310720950914,-1.3596266796706626,1.2992066411302718,-0.0654855644151443,-0.16317770314857083,0.0065044143129897505,0.0,-0.20000000000000007,0.19999999999999996,20
DV:N | Type:Any | JIF:Any | Citation:Y | Y16:Y | Discipline:Econ | Var:0,0.09424036689126147,-1.017986825772548,1.0173968099904276,-0.09544047600139616,-0.2091216237308624,-0.010893605502528034,0.04999999999999993,0.0,0.15000000000000002,20
DV:Any | Type:E | JIF:Any | Citation:N | Y16:Any | Discipline:Bio | Var:1,0.5565455638531125,-1.491062688169015,2.373023961007404,-0.06880853864537151,-0.22931599952117476,0.04730483489169248,-0.09999999999999998,-0.35000000000000003,0.15000000000000002,20
DV:Y | Type:E | JIF:Y | Citation:N | Y16:Any | Discipline:Social | Var:Any,-0.3147488518113626,-1.2533248910407422,0.38405897982356896,-0.07757326100790529,-0.164097136919978,-0.017211566795089974,0.04999999999999993,0.0,0.15000000000000002,20
DV:N | Type:R | JIF:Y | Citation:Any | Y16:Any | Discipline:Psych | Var:1,-0.2848560653554211,-1.7783390653590276,1.15540296850498,-0.04732240526613429,-0.14094662284959444,0.02420855422067077,-0.09999999999999998,-0.30000000000000004,0.09999999999999998,20
DV:Any | Type:R | JIF:Any | Citation:N | Y16:N | Discipline:Any | Var:1,0.14090560531025886,-1.9184112808351226,1.9446147665872464,-0.009417415605591839,-0.08133001176649737,0.07652085998789664,-0.09999999999999998,-0.44999999999999996,0.20124999999999893,20
DV:N | Type:Any | JIF:N | Citation:Any | Y16:Any | Discipline:Psych | Var:2+,0.8347825220056366,-0.08222588030576433,1.8504144002640677,-0.07535935478935707,-0.19050406347751025,0.0004970409685786531,-0.050000000000000044,-0.15000000000000002,0.0,20
DV:Y | Type:Any | JIF:Y | Citation:N | Y16:N | Discipline:Bio | Var:2+,-0.26701336710353374,-1.3665645231317158,0.6422312266910056,-0.06663812586744189,-0.15163691983022387,0.0036754143784443537,0.04999999999999993,0.0,0.15000000000000002,20
DV:Any | Type:E | JIF:N | Citation:Y | Y16:Any | Discipline:Econ | Var:Any,-0.4515481600292546,-1.2995427837328966,0.21339005108475625,-0.06653008391347026,-0.1525394235451775,-0.00608197084618516,0.04999999999999993,0.0,0.15000000000000002,20
DV:Y | Type:T | JIF:Y | Citation:N | Y16:Any | Discipline:Econ | Var:0,-0.007108227757826491,-1.1516810222562501,0.9950698014676153,-0.14578313869592419,-0.2868968529250458,-0.00583870613632761,0.09999999999999998,0.0,0.25,20
DV:N | Type:E | JIF:Any | Citation:Any | Y16:N | Discipline:Multi | Var:Any,0.8368617668362175,0.11308817076180676,1.5061156196309622,-0.03266590305437267,-0.08089868105013524,0.003547262637969688,0.0,0.0,0.0,20
DV:Any | Type:Any | JIF:Y | Citation:Any | Y16:Y | Discipline:Any | Var:2+,-0.5429434223454184,-1.4668912754332808,0.15304483250136391,0.003118628592850059,-0.11979437871079891,0.11437696359874534,-0.050000000000000044,-0.15000000000000002,0.0,20
DV:Any | Type:T | JIF:Any | Citation:Y | Y16:N | Discipline:Econ | Var:1,2.3433657372794228,-0.12929942694996613,4.714470420679367,-0.2729113285088164,-0.5485609045723548,0.04364739040225162,-0.25,-0.6,0.09999999999999998,20
DV:N | Type:R | JIF:Y | Citation:Any | Y16:Y | Discipline:Bio | Var:0,0.290451643479293,-1.4792105811859062,1.8197991325007383,-0.0892358569467595,-0.2781423852874517,0.026529952508574855,-0.09999999999999998,-0.35,0.14999999999999997,20
DV:Y | Type:Any | JIF:N | Citation:N | Y16:Y | Discipline:Math | Var:Any,0.9666282761639975,0.006911620641156256,2.204260758095941,-0.09534121788624539,-0.22237314488124887,-0.011030370833834291,-0.050000000000000044,-0.15000000000000002,0.0,20
DV:Any | Type:R | JIF:N | Citation:N | Y16:Y | Discipline:Any | Var:0,0.5992839134531041,-1.3317204655039352,2.2073977298653653,-0.1688788124883458,-0.37792579489435946,0.0012443829993343042,0.04999999999999993,-0.10000000000000003,0.20000000000000007,20
DV:N | Type:Any | JIF:Any | Citation:Any | Y16:Any | Discipline:Social | Var:Any,-0.5997978206861685,-1.5903488765827118,0.2096320147183859,0.03949752042594068,-0.03422054596396421,0.1523813516494158,0.0,0.0,0.0,20
DV:Any | Type:E | JIF:Any | Citation:Y | Y16:N | Discipline:Econ | Var:2+,0.06317865730745886,-1.9580160732230976,1.6462865924293473,-0.08168577843114566,-0.2046834397931057,0.012736411197419327,-0.050000000000000044,-0.35,0.25,20
DV:N | Type:Any | JIF:Y | Citation:N | Y16:N | Discipline:Psych | Var:Any,0.44485687047472666,-1.8128977168252889,2.5849372718533146,-0.09549665763150417,-0.2697839396769062,0.033748279347628335,-0.09999999999999998,-0.35000000000000003,0.15000000000000002,20
DV:Any | Type:E | JIF:Any | Citation:N | Y16:Y | Discipline:Any | Var:2+,0.7780851507609583,-1.6397705000295646,3.0133840301279187,-0.15044191900237897,-0.3704280572388584,0.029241522097776435,0.0,-0.19999999999999996,0.15124999999999889,20
DV:Any | Type:Any | JIF:Y | Citation:Any | Y16:Any | Discipline:Any | Var:Any,0.47446781777979297,-0.12508710150997668,1.149581705027924,-0.03309357905768717,-0.10625513107961464,0.020592356831048226,0.0,0.0,0.0,20
DV:Y | Type:Any | JIF:N | Citation:Any | Y16:Y | Discipline:Math | Var:1,0.39611713549202143,-0.8974165510161368,1.9907619222871196,-0.0866473609134587,-0.2467852159061101,0.02576020441703004,-0.050000000000000044,-0.15000000000000002,0.0,20
DV:N | Type:T | JIF:Any | Citation:N | Y16:Any | Discipline:Any | Var:Any,0.4428811763567966,-1.1801417620005026,1.5841677337306523,-0.10759336294740107,-0.23480686387527028,0.045925470611716986,0.09999999999999998,0.0,0.25,20
DV:Y | Type:E | JIF:Y | Citation:Any | Y16:N | Discipline:Psych | Var:0,0.7710154035882457,-0.5355799864745764,2.575994650354256,-0.09655414807608342,-0.286188933089641,0.008865719487116275,-0.050000000000000044,-0.15000000000000002,0.0,20
DV:Y | Type:T | JIF:N | Citation:Any | Y16:N | Discipline:Bio | Var:Any,0.36696256433974384,-1.635299107835972,2.226602783803979,-0.17331582995968742,-0.3392545023558077,-0.00733102144740016,-0.15000000000000002,-0.44999999999999996,0.10000000000000003,20
DV:N | Type:E | JIF:Y | Citation:N | Y16:Any | Discipline:Multi | Var:0,0.7640431280312567,0.06385471868326938,1.4740184872423434,-0.029384277854258345,-0.10966031113094273,0.0184937026793586,0.0,0.0,0.0,20
DV:Any | Type:Any | JIF:Any | Citation:Y | Y16:N | Discipline:Social | Var:1,0.4760871024409239,-0.5368442796265983,1.8235547189770145,-0.09544452835654005,-0.24779764601333057,0.008907681528390476,-0.050000000000000044,-0.15000000000000002,0.0,20
DV:Any | Type:T | JIF:Y | Citation:N | Y16:Y | Discipline:Psych | Var:Any,0.017845021876028433,-1.799780320038348,1.8165451548206264,-0.1088895961888725,-0.22507414937883483,-2.4519445233682537e-05,0.0,-0.24999999999999994,0.25,20
DV:Y | Type:E | JIF:Any | Citation:Any | Y16:Y | Discipline:Any | Var:0,1.0205047669153542,-0.19238825540298102,2.323857367152908,-0.053149880872597866,-0.18160531419303905,0.020780066697079855,-0.050000000000000044,-0.15000000000000002,0.0,20
DV:Any | Type:Any | JIF:Y | Citation:Y | Y16:Any | Discipline:Multi | Var:1,0.6649925944823352,-0.37996154990310743,1.9770990001036903,-0.08385096959317173,-0.2202936963191923,0.011658544544955669,-0.050000000000000044,-0.15000000000000002,0.0,20
DV:Y | Type:R | JIF:Any | Citation:Any | Y16:Any | Discipline:Social | Var:2+,0.4790580911801019,-1.4713926821639347,2.231915376200417,-0.15307122370523718,-0.3031201808880237,-0.04908330974355858,0.0,-0.29999999999999993,0.29999999999999993,20
DV:N | Type:Any | JIF:N | Citation:N | Y16:N | Discipline:Econ | Var:1,-0.6015981164527009,-1.5290161989226152,0.18078030539453788,-0.03975560053618221,-0.10310191671608818,0.02919386535326477,0.0,-0.10000000000000009,0.15000000000000002,20
DV:Y | Type:T | JIF:Any | Citation:Any | Y16:N | Discipline:Multi | Var:Any,-0.5911072642458084,-2.2053387626698693,0.8137041808325505,-0.0378830869572766,-0.16364628358073474,0.08411863559106005,0.04999999999999993,-0.15000000000000002,0.29999999999999993,20
DV:Any | Type:E | JIF:N | Citation:N | Y16:Y | Discipline:Bio | Var:0,1.1550922440089844,-0.21560469668462964,2.8855849205587023,-0.06243316062347126,-0.20925064385289496,0.04885733076939915,-0.050000000000000044,-0.15000000000000002,0.0,20
DV:Any | Type:T | JIF:Y | Citation:Y | Y16:Any | Discipline:Any | Var:Any,0.7831441841083269,-0.22843712530107718,2.104698390917553,-0.07068422167587551,-0.2070460980908181,0.003491366002983284,-0.050000000000000044,-0.15000000000000002,0.0,20
DV:Y | Type:Any | JIF:Y | Citation:N | Y16:Any | Discipline:Math | Var:1,1.8829267680767847,-0.559057972490717,4.093525739890451,-0.1890159957485416,-0.32477008464758855,-0.04281556694613496,-0.30000000000000004,-0.6499999999999999,0.09999999999999998,20
DV:N | Type:Any | JIF:N | Citation:Any | Y16:Y | Discipline:Social | Var:1,-0.16538718313208634,-1.2544502374057598,0.88306957069617,-0.03891685608156559,-0.14589066648919727,0.04197036039186342,0.04999999999999993,0.0,0.15000000000000002,20
DV:Y | Type:T | JIF:Any | Citation:Y | Y16:N | Discipline:Bio | Var:Any,2.9993499111762985,0.45737542055136615,5.214503658153896,-0.15594767795267483,-0.3618992125861218,0.07646538513300884,-0.25,-0.6000000000000001,0.14999999999999997,20
DV:Any | Type:E | JIF:N | Citation:Y | Y16:Any | Discipline:Multi | Var:0,0.365739862094558,-0.7922323240642456,1.507324442098546,-0.09191880651246565,-0.2275657060489033,0.005252932452421291,-0.09999999999999998,-0.25,0.0,20
DV:N | Type:Any | JIF:N | Citation:N | Y16:Any | Discipline:Multi | Var:1,-0.32588797414732706,-2.3026725092180653,1.5712954084374402,-0.04821439505573444,-0.11921637102700433,0.022377916313137246,-0.050000000000000044,-0.30000000000000004,0.24999999999999994,20
DV:Y | Type:E | JIF:Y | Citation:Y | Y16:N | Discipline:Any | Var:0,-0.18862136566290566,-1.398174706658495,0.7675476009908214,-0.052496142418368974,-0.19946983005277738,0.06300201266092166,0.09999999999999998,-0.09999999999999998,0.29999999999999993,20
DV:N | Type:E | JIF:Y | Citation:Any | Y16:Y | Discipline:Bio | Var:0,-0.9795686844206912,-1.9688442506376964,-0.059456856623802096,-0.024742168921135455,-0.11719937491322699,0.04944491937121777,0.09999999999999998,-0.09999999999999998,0.3,20
DV:Any | Type:Any | JIF:Any | Citation:Any | Y16:N | Discipline:Econ | Var:1,-1.0203940794410693,-2.0789627951287866,-0.10492976979386237,0.013446454299707589,-0.07716702607517306,0.11408846209692307,0.04999999999999993,0.0,0.15000000000000002,20
DV:Y | Type:Any | JIF:Any | Citation:Y | Y16:N | Discipline:Multi | Var:Any,0.5848651102932338,-0.44206832134580415,2.008117644997707,-0.09339380056727264,-0.2475127329540708,0.001594051381668648,-0.050000000000000044,-0.15000000000000002,0.0,20
DV:N | Type:T | JIF:Y | Citation:N | Y16:N | Discipline:Any | Var:1,2.167977193896969,-0.3058916312202846,4.430020910682209,-0.17233100768146126,-0.35884557059711847,0.05447941299183367,-0.25,-0.6,0.10000000000000003,20
DV:Y | Type:E | JIF:Any | Citation:Any | Y16:Any | Discipline:Social | Var:2+,-0.7785086818998819,-1.6392033808550648,0.08002699442748146,-0.01084948742281966,-0.13373629801339476,0.09278450578509043,0.15000000000000002,0.0,0.30000000000000004,20
DV:Any | Type:T | JIF:Y | Citation:Any | Y16:Any | Discipline:Bio | Var:1,1.4277909560171596,-0.882013836010547,3.4419525031026867,-0.00701018712558521,-0.1435888378861639,0.15007374400069662,-0.2,-0.55,0.2,20
DV:N | Type:R | JIF:Any | Citation:Any | Y16:Y | Discipline:Any | Var:0,-0.2632535569171077,-1.2523900911808115,0.5761433819082485,-0.07608820351911305,-0.15001330739736174,-0.006852197739784093,0.09999999999999998,0.0,0.25,20
DV:Any | Type:Any | JIF:Y | Citation:Y | Y16:Y | Discipline:Psych | Var:Any,0.08251060005489386,-0.6531500632546765,0.9152577724375572,-0.05912000350700841,-0.16961858189537707,0.011362725030769006,-0.050000000000000044,-0.15000000000000002,0.0,20
DV:Any | Type:T | JIF:Any | Citation:N | Y16:N | Discipline:Social | Var:1,-0.5703265152942301,-2.263463073776338,0.8786982108978899,-0.04919188552500742,-0.13889236022144488,0.035700864636019486,0.09999999999999998,-0.09999999999999998,0.30000000000000004,20
DV:Y | Type:E | JIF:Y | Citation:Any | Y16:Y | Discipline:Econ | Var:2+,1.8626011140648062,-0.9455935050442853,4.375045110586169,-0.03554456420500851,-0.18044112538800175,0.07456584016674962,-0.15000000000000002,-0.55,0.25,20
DV:N | Type:R | JIF:Y | Citation:N | Y16:Any | Discipline:Math | Var:0,1.013008783229206,-1.628671764452192,3.18479842741686,-0.08216148241617083,-0.20307783615067695,0.04554851798290732,-0.15000000000000002,-0.5,0.2,20
DV:Any | Type:Any | JIF:N | Citation:Any | Y16:N | Discipline:Bio | Var:Any,-1.1224767567718859,-2.280072392265263,-0.22242628298461833,0.050791744710679376,-0.04398618405548194,0.17691597309909438,0.04999999999999993,-0.09999999999999998,0.20000000000000007,20
DV:N | Type:Any | JIF:Any | Citation:Y | Y16:Any | Discipline:Any | Var:Any,-0.4095214506244833,-1.7670354097973193,0.7381709265336512,-0.02455728861233375,-0.15401312626679733,0.11785290044077566,0.09999999999999998,0.0,0.25,20
DV:Any | Type:R | JIF:Any | Citation:Y | Y16:Any | Discipline:Bio | Var:1,-0.2374941727369606,-2.322055683783843,1.7592541768240493,-0.041325587135937925,-0.14497383073176617,0.061488130202408856,-0.09999999999999998,-0.35000000000000003,0.19999999999999996,20
DV:Y | Type:Any | JIF:N | Citation:Y | Y16:N | Discipline:Math | Var:2+,0.8328308455834872,-1.7553560211871297,3.072317606392126,-0.17476635535807938,-0.3475195257590167,-0.00015400421223075533,-0.15000000000000002,-0.45,0.19999999999999996,20
DV:Y | Type:E | JIF:N | Citation:Any | Y16:Y | Discipline:Social | Var:Any,0.9224466849198487,-1.3250836765946392,3.030288457049231,-0.05686206603508348,-0.2131175038586765,0.027281716276245926,-0.2,-0.55,0.19999999999999996,20
DV:Any | Type:T | JIF:Y | Citation:Any | Y16:Any | Discipline:Multi | Var:0,0.9513447475641179,-0.42740687211865086,2.592147643190286,-0.08189893310039575,-0.23108797528580216,0.021290829727734467,-0.050000000000000044,-0.15000000000000002,0.0,20
DV:N | Type:E | JIF:Any | Citation:N | Y16:Y | Discipline:Econ | Var:Any,1.4932946588448486,-0.425120513788307,3.3810067220060493,-0.20622835023882818,-0.44352917040422707,0.04765095261791097,-0.15000000000000002,-0.45,0.15000000000000002,20
DV:Any | Type:Any | JIF:Y | Citation:Y | Y16:Any | Discipline:Psych | Var:2+,0.11409755051056258,-1.5705873940537463,1.895822108704921,-0.12738171693317146,-0.28830296555373597,-0.0033381067409308366,-0.050000000000000044,-0.25,0.15000000000000002,20
DV:Any | Type:T | JIF:N | Citation:N | Y16:N | Discipline:Social | Var:0,0.4451973944324701,-1.887786827167913,2.4258672308273357,-0.08296107838604805,-0.2179057007047215,0.006317724536992347,-0.2,-0.55,0.15000000000000002,20
DV:N | Type:E | JIF:Y | Citation:Any | Y16:Any | Discipline:Econ | Var:Any,-0.6002467461959258,-1.4859722242527806,0.20568694676023774,-0.016423129802935255,-0.08236518019022745,0.038832317289905556,0.04999999999999993,0.0,0.15000000000000002,20
DV:N | Type:Any | JIF:N | Citation:N | Y16:Any | Discipline:Any | Var:2+,-0.8314329178295425,-2.458101123103083,0.521550290149974,-0.010657788622765674,-0.1769414547245028,0.18969657584131186,0.09999999999999998,-0.15000000000000002,0.3012499999999989,20
DV:Y | Type:T | JIF:Any | Citation:Any | Y16:Any | Discipline:Math | Var:0,-0.1662899769526449,-0.8207089113671556,0.48727767048515497,-0.04068810391481492,-0.10560912578564068,0.011078473319900617,0.0,0.0,0.0,20
DV:Any | Type:E | JIF:N | Citation:N | Y16:N | Discipline:Bio | Var:Any,0.04063783343942351,-0.9259877930014134,1.0478054663634782,-0.044613313316922754,-0.16289065137053196,0.04244617742461771,0.0,-0.1499999999999999,0.1499999999999999,20
DV:Any | Type:T | JIF:Y | Citation:Y | Y16:Y | Discipline:Any | Var:2+,0.414143494963362,-1.470206345649766,2.1188232088331778,-0.10106114511617936,-0.23635543624634892,0.03271839852425089,0.04999999999999993,-0.25,0.35,20
DV:N | Type:R | JIF:Any | Citation:Any | Y16:N | Discipline:Bio | Var:Any,-0.38258670816690277,-0.8935008568490597,0.09812036531366017,-0.0036912323070028563,-0.06238652229352916,0.0636745139356741,0.0,0.0,0.0,20
DV:Y | Type:Any | JIF:Y | Citation:N | Y16:Any | Discipline:Math | Var:0,4.0638066046861825,0.9009052893347382,6.838624119924738,-0.09026199686258463,-0.2678334543696075,0.05579328176582024,-0.2,-0.6,0.2,20
DV:N | Type:Any | JIF:Any | Citation:Any | Y16:N | Discipline:Social | Var:0,-0.3001205704749488,-1.4697238937360395,0.7171112799132584,-0.0716833060535258,-0.15083576037057725,0.0068056844325985084,0.09999999999999998,0.0,0.25,20
DV:N | Type:T | JIF:N | Citation:N | Y16:Y | Discipline:Bio | Var:2+,-1.1129597975809977,-2.308356155154629,-0.16543495152474214,0.011521406846442428,-0.09844869497635647,0.12718552347287657,0.09999999999999998,-0.09999999999999998,0.3,20
DV:Any | Type:E | JIF:Any | Citation:Y | Y16:Any | Discipline:Multi | Var:1,0.7512247025524985,-0.34066193486817525,2.0896572902447703,-0.08509037357671712,-0.2306701450194661,0.010923307236401808,-0.050000000000000044,-0.15000000000000002,0.0,20
DV:Any | Type:R | JIF:Y | Citation:Any | Y16:Y | Discipline:Math | Var:Any,1.4079336153607995,-1.0993098785206816,3.649323389247431,-0.12415408155873975,-0.259684591798608,0.00197899246817664,-0.25,-0.6000000000000001,0.14999999999999997,20
DV:N | Type:Any | JIF:Any | Citation:N | Y16:Y | Discipline:Multi | Var:0,0.2806441048270809,-1.936859395197438,2.4030288815901466,-0.12911780518474425,-0.3287711623632881,0.02861653929981534,0.0,-0.29999999999999993,0.29999999999999993,20
DV:N | Type:T | JIF:N | Citation:Any | Y16:Any | Discipline:Psych | Var:2+,-0.9171227212057733,-2.502166890153805,0.38464143176078197,0.0011759072523505054,-0.08656671214823872,0.10864809607394108,0.04999999999999993,-0.15000000000000002,0.25,20
DV:Any | Type:E | JIF:Any | Citation:N | Y16:N | Discipline:Any | Var:1,1.0211503273049036,-1.0226202572371366,2.778715647060519,-0.2382406736592897,-0.43876459838859216,-0.012826801331571883,-0.09999999999999998,-0.4,0.19999999999999996,20
DV:Y | Type:T | JIF:Any | Citation:Y | Y16:N | Discipline:Math | Var:2+,0.844924336586403,-1.7100429195111044,3.124277006077071,-0.1655419173239014,-0.3418330581199627,-0.004623633883907687,-0.2,-0.5,0.1012499999999989,20
DV:N | Type:E | JIF:Y | Citation:Y | Y16:Any | Discipline:Bio | Var:1,0.3525325646065811,-0.6362637303005612,1.3862817832667769,-0.09601235018117682,-0.22658068591759914,-0.006769151112817247,-0.050000000000000044,-0.15000000000000002,0.0,20
DV:Any | Type:Any | JIF:N | Citation:Any | Y16:N | Discipline:Econ | Var:0,-0.5055388495697324,-1.2541449825218245,0.14477008656309853,-0.03326402851133836,-0.09567345038035517,0.037176613989982295,0.04999999999999993,0.0,0.15000000000000002,20
DV:Any | Type:R | JIF:Y | Citation:N | Y16:N | Discipline:Multi | Var:0,-0.1329387050719486,-1.1065362901859095,0.8288667852038697,-0.0517163535794003,-0.1711227615659614,0.0433099269247518,0.04999999999999993,0.0,0.15000000000000002,20
DV:Y | Type:Any | JIF:N | Citation:Any | Y16:Any | Discipline:Bio | Var:Any,-0.132232998501423,-1.6020287894815657,1.265119769357067,-0.0025769251423097828,-0.1738673283198069,0.17157566909503547,0.04999999999999993,-0.19999999999999996,0.29999999999999993,20
DV:N | Type:R | JIF:Y | Citation:Any | Y16:Any | Discipline:Psych | Var:0,-0.34679422839861296,-2.517752200866533,1.5919774571624739,0.0025324716684355097,-0.1125681510686174,0.11841895594470264,0.0,-0.29999999999999993,0.3,20
DV:Any | Type:Any | JIF:Any | Citation:N | Y16:N | Discipline:Any | Var:Any,-0.7804811769686406,-2.0030158499328836,0.18958633130888544,0.06060524306737369,-0.035627641318780365,0.21775658705301618,0.04999999999999993,0.0,0.15000000000000002,20
DV:N | Type:R | JIF:N | Citation:N | Y16:Y | Discipline:Bio | Var:0,-0.41416771224547766,-1.3584550813638594,0.5055594221927998,-0.020925681044705935,-0.13257469936878835,0.06393556852694111,0.04999999999999993,0.0,0.15000000000000002,20
DV:Y | Type:Any | JIF:Any | Citation:Any | Y16:Y | Discipline:Math | Var:Any,0.4275115633728772,-0.26061670467781606,1.0847306637807572,-0.048120856606139184,-0.15056839578569195,0.01070658532918544,0.0,0.0,0.0,20
DV:Y | Type:R | JIF:Any | Citation:Any | Y16:Any | Discipline:Any | Var:0,-0.411730940656982,-1.9641097420631186,1.048323602178914,-0.07488612464197164,-0.17173188208615103,0.025255497034061557,0.04999999999999993,-0.15000000000000002,0.25,20
DV:Any | Type:E | JIF:N | Citation:N | Y16:Any | Discipline:Math | Var:2+,0.34000661778705243,-1.7025386594441052,1.9139713298935992,-0.10591121008384041,-0.28196024786465373,0.013153348476013694,-0.2,-0.4,0.0,20
DV:Any | Type:T | JIF:Any | Citation:Any | Y16:Y | Discipline:Social | Var:Any,1.159314721387216,-1.0286185566284656,3.2866402474584833,-0.1266540006211756,-0.27383520179895476,0.0413645550368125,-0.15000000000000002,-0.5,0.2,20
DV:Y | Type:E | JIF:N | Citation:N | Y16:Y | Discipline:Any | Var:0,0.9896900839273419,-0.2272309094419087,2.292072172541174,-0.06738678334807824,-0.19945991009917236,0.009408172184830034,-0.050000000000000044,-0.15000000000000002,0.0,20
DV:N | Type:Any | JIF:Any | Citation:Any | Y16:Any | Discipline:Econ | Var:1,-0.7798081828477157,-2.06734081319841,0.20545928001956837,0.024440121818960048,-0.09655483844169296,0.17188367798126813,0.09999999999999998,0.0,0.25,20
DV:N | Type:T | JIF:N | Citation:N | Y16:Any | Discipline:Math | Var:Any,0.07051205431216623,-1.4207760263465419,1.4790424870041343,-0.1182955719830856,-0.32558044953928217,0.11981138492941676,0.0,-0.2512499999999999,0.25124999999999886,20
DV:Any | Type:E | JIF:Y | Citation:Any | Y16:Y | Discipline:Bio | Var:0,-0.8422523815047427,-2.040597950819446,0.25524852738457016,-0.030372885093178925,-0.10331019431685208,0.07000597017250074,0.09999999999999998,-0.09999999999999998,0.30000000000000004,20
DV:N | Type:T | JIF:Y | Citation:Any | Y16:N | Discipline:Any | Var:Any,1.0639249864786553,-1.5366502992494553,3.2710645386188895,-0.11282685187322383,-0.31771073271217726,0.09213196163367253,0.0,-0.29999999999999993,0.29999999999999993,20
DV:Any | Type:E | JIF:Any | Citation:N | Y16:Any | Discipline:Psych | Var:0,-0.48760653951884336,-1.1211087595983102,0.16511180178888205,0.017308893860296104,-0.038772851929686464,0.08644421806189397,0.04999999999999993,0.0,0.15000000000000002,20
DV:Y | Type:T | JIF:Any | Citation:N | Y16:Any | Discipline:Psych | Var:Any,-0.5045531355743478,-1.8336347790163463,0.6864496119987694,-0.029736091490262906,-0.11951159962106206,0.05455524964909808,0.15000000000000002,-0.050000000000000044,0.35000000000000003,20
DV:N | Type:E | JIF:N | Citation:Any | Y16:N | Discipline:Multi | Var:0,0.29182287531140805,-0.9524428422797092,1.5009921869139184,-0.08300970321588308,-0.22884575779324123,0.011318905209510306,-0.2,-0.4,-0.04999999999999999,20
DV:Y | Type:R | JIF:Any | Citation:Y | Y16:N | Discipline:Any | Var:2+,0.4150646086029779,-1.8334154840045311,2.543279853912575,-0.028810812339621128,-0.13418763603069545,0.054421363098007366,-0.15000000000000002,-0.5,0.2,20
DV:Any | Type:T | JIF:N | Citation:Any | Y16:N | Discipline:Psych | Var:2+,-0.539144111325399,-1.8637981181490728,0.6650917038608478,-0.06572313211255432,-0.14993873845486902,0.008442420154312574,0.0,-0.25,0.24999999999999994,20
DV:Y | Type:E | JIF:Any | Citation:N | Y16:Any | Discipline:Any | Var:1,0.6323180196994622,-0.5345243205729823,1.727020075239298,0.044894185062177794,-0.027769817984452064,0.12764830533160784,0.0,0.0,0.0,20
DV:N | Type:R | JIF:N | Citation:Any | Y16:Any | Discipline:Math | Var:Any,-0.6848534237410568,-1.6501877741224424,0.20790380035567102,-0.01917404697049141,-0.0893691078055678,0.04950352838990444,0.04999999999999993,0.0,0.15000000000000002,20
DV:Y | Type:Any | JIF:Any | Citation:N | Y16:Y | Discipline:Bio | Var:0,-0.25751955607148247,-0.8251515020049892,0.34844835752932524,-0.04210386854823556,-0.13075551517479786,0.02569034834239567,0.0,0.0,0.0,20
DV:Y | Type:T | JIF:Any | Citation:N | Y16:Any | Discipline:Multi | Var:2+,1.8991052775513824,-0.5232332140840479,4.2019042247995655,-0.13856103287940713,-0.3138084810470808,0.05706779320937264,-0.2,-0.55,0.15000000000000002,20
DV:Any | Type:E | JIF:Y | Citation:Any | Y16:N | Discipline:Psych | Var:1,-0.3715539829329675,-1.4261287899822306,0.5309877240495671,-0.05882151238046085,-0.1564369856130653,0.021041308624871677,0.04999999999999993,0.0,0.15000000000000002,20
DV:Any | Type:R | JIF:Any | Citation:Y | Y16:Any | Discipline:Multi | Var:Any,-0.38684107916796595,-1.432458740963072,0.5087618481113666,-0.03961836434217558,-0.1173114011696631,0.03281788276403768,0.04999999999999993,0.0,0.15000000000000002,20
DV:N | Type:Any | JIF:Y | Citation:Y | Y16:N | Discipline:Econ | Var:0,-0.34799984989431376,-1.5029032166882739,0.7125200002968455,-0.06375775533165784,-0.17117101814424765,0.02523805451282219,-0.050000000000000044,-0.15000000000000002,0.0,20
DV:N | Type:T | JIF:Y | Citation:Any | Y16:N | Discipline:Any | Var:2+,0.5459760699878577,-1.9318043852379767,2.868149246291295,-0.09369403810287036,-0.31580346501115586,0.11262702621758364,0.04999999999999993,-0.19999999999999996,0.29999999999999993,20
DV:Any | Type:E | JIF:N | Citation:N | Y16:Any | Discipline:Social | Var:1,-0.6300714182280984,-2.083733023744871,0.9017940922336828,0.0011205191225190925,-0.10296508104556054,0.10272472482623331,0.15000000000000002,-0.10000000000000009,0.39999999999999997,20
DV:Y | Type:T | JIF:N | Citation:N | Y16:Y | Discipline:Bio | Var:2+,-0.17674055747593354,-1.7402817288893635,1.3263124251619323,-0.10407622086411383,-0.22602057508412504,0.0042431717816154586,-0.09999999999999998,-0.35000000000000003,0.15000000000000002,20
DV:N | Type:E | JIF:Any | Citation:Any | Y16:Y | Discipline:Math | Var:1,0.778183617557124,-1.3252632577487102,2.715199395807197,-0.09193922906362972,-0.24509404495000872,0.033791325872653266,-0.15000000000000002,-0.5,0.24999999999999994,20
DV:Y | Type:R | JIF:N | Citation:Y | Y16:N | Discipline:Econ | Var:Any,1.0344668678665059,-1.3672937437527413,2.9827120411632597,-0.06307209784623735,-0.1827524249055201,0.05706854438476676,-0.09999999999999998,-0.45,0.25,20
DV:Any | Type:Any | JIF:Y | Citation:Any | Y16:Any | Discipline:Social | Var:0,-0.39936628581837663,-0.8762779595302418,0.0653100806565401,-0.0014294578273599257,-0.045236114737979116,0.049174441666899785,0.0,0.0,0.0,20
DV:Y | Type:Any | JIF:Any | Citation:Any | Y16:Any | Discipline:Bio | Var:2+,1.8542581623406713,0.4016300060684337,3.4677426438784176,-0.08184592713872552,-0.20604576204731748,-0.002253780778883692,-0.050000000000000044,-0.15000000000000002,0.0,20
DV:N | Type:T | JIF:N | Citation:Y | Y16:Any | Discipline:Social | Var:0,0.17211403980151108,-0.9991758089390974,1.1505041070252868,-0.06789964649955882,-0.2033022865255051,0.043063038253351206,-0.050000000000000044,-0.15000000000000002,0.0,20
DV:Y | Type:E | JIF:Y | Citation:Y | Y16:N | Discipline:Econ | Var:Any,-0.3489376448881343,-2.1578998139722296,1.3065284968490973,0.01255842874716917,-0.10207785977319697,0.15003296326954965,0.0,-0.25,0.25,20
DV:Y | Type:T | JIF:Any | Citation:Any | Y16:N | Discipline:Econ | Var:0,-0.8751122675747274,-2.013408586571791,0.12485840949506648,0.008991266214926519,-0.09113296845007296,0.1559524099828661,0.09999999999999998,0.0,0.25,20
DV:N | Type:E | JIF:Y | Citation:N | Y16:Any | Discipline:Multi | Var:Any,-0.45516864325625406,-1.7615277004820122,0.6139823313910063,-0.008017716191130009,-0.16296143044403635,0.11766966886040127,0.04999999999999993,-0.10000000000000009,0.20000000000000007,20
DV:Any | Type:Any | JIF:N | Citation:N | Y16:Y | Discipline:Any | Var:2+,0.22920973249165844,-0.6995808387269201,1.1122323620165209,-0.07516491081311116,-0.20794369746678143,0.033765122341837074,-0.050000000000000044,-0.15000000000000002,0.0,20
DV:Any | Type:T | JIF:Any | Citation:N | Y16:Y | Discipline:Econ | Var:0,-0.834999751646742,-2.212960958858456,0.28259184016046746,-0.004204557194627867,-0.10297628475518243,0.1239071574543326,0.04999999999999993,-0.10000000000000009,0.2,20
DV:N | Type:E | JIF:N | Citation:Y | Y16:N | Discipline:Social | Var:Any,-0.3245985574754604,-2.0375098693717066,1.250697846727971,-0.05957243738708118,-0.14419508449095242,0.018961019025222337,-0.050000000000000044,-0.35,0.25,20
DV:Any | Type:Any | JIF:N | Citation:Any | Y16:Any | Discipline:Multi | Var:2+,0.5413891630378274,-0.5141905211437047,1.9686163509725816,-0.09660271821166055,-0.2559019717440849,0.006504834298733345,-0.050000000000000044,-0.15000000000000002,0.0,20
DV:N | Type:Any | JIF:Y | Citation:N | Y16:N | Discipline:Psych | Var:2+,1.047672276540161,-1.9308915846091346,3.7727063101752667,-0.11790054694747243,-0.2998344906380197,0.024351484867490704,-0.09999999999999998,-0.40124999999999994,0.25,20
DV:N | Type:T | JIF:Y | Citation:Any | Y16:Any | Discipline:Math | Var:0,-0.7495145373912724,-2.1243255611179954,0.7545514004834307,-0.0021789905335191095,-0.13868615193601494,0.14385080347727683,0.0,-0.20000000000000007,0.25,20
DV:Y | Type:E | JIF:Any | Citation:N | Y16:N | Discipline:Bio | Var:Any,1.2897710421809752,-0.2692874609414623,3.2541444666605384,-0.07000138734400907,-0.22076246974331762,0.03653599550800765,-0.050000000000000044,-0.15000000000000002,0.0,20
DV:N | Type:E | JIF:N | Citation:Any | Y16:Any | Discipline:Any | Var:Any,2.1534352008957027,-0.146110523992537,4.353745272245141,-0.16037544386360192,-0.33989333643773945,0.06279393263600573,-0.15000000000000002,-0.45000000000000007,0.19999999999999996,20
DV:Any | Type:Any | JIF:N | Citation:Any | Y16:Y | Discipline:Multi | Var:2+,0.8152343456094959,-1.48621678212142,2.768167222944028,-0.0923633464915774,-0.2271283032363909,0.020451081932926447,-0.2,-0.55,0.15000000000000002,20
DV:Any | Type:T | JIF:Any | Citation:Any | Y16:Y | Discipline:Psych | Var:0,0.05890218903874711,-1.5286761054703029,1.648674356898768,-0.10895279169552252,-0.23283744527534925,-0.0038195381132989084,-0.050000000000000044,-0.30000000000000004,0.19999999999999996,20
DV:N | Type:E | JIF:Y | Citation:N | Y16:Y | Discipline:Multi | Var:Any,0.6216645435994899,-1.578657708257118,2.6470326524220518,-0.10848853814659598,-0.30773255506074954,0.02046020187838619,-0.09999999999999998,-0.4,0.19999999999999996,20
DV:Y | Type:R | JIF:Y | Citation:Y | Y16:Any | Discipline:Bio | Var:1,-0.22389174201118944,-1.6663975249246092,1.0045865771079376,-0.0538950024194631,-0.14739030247568935,0.025556988114731855,0.09999999999999998,-0.09999999999999998,0.30000000000000004,20
DV:N | Type:Any | JIF:Any | Citation:Y | Y16:N | Discipline:Math | Var:2+,-1.0623974558774893,-2.719838095178589,0.23257728855931176,0.02482201654138616,-0.08373720363603676,0.15962263414405906,0.04999999999999993,-0.15000000000000002,0.25,20
DV:Y | Type:T | JIF:N | Citation:N | Y16:N | Discipline:Any | Var:0,-0.15930060728638562,-0.9100819763130108,0.52878772823503,-0.0793019547935716,-0.15273404011175365,-0.019026875503088625,0.04999999999999993,0.0,0.15000000000000002,20
DV:Any | Type:E | JIF:Y | Citation:Any | Y16:Any | Discipline:Psych | Var:Any,-0.7120238752508667,-1.5242584639957741,-0.1617943107378548,-0.013760373190013997,-0.08051302043602594,0.03574354050128954,0.04999999999999993,0.0,0.15000000000000002,20
DV:Any | Type:T | JIF:Y | Citation:N | Y16:N | Discipline:Math | Var:2+,0.14167862809693954,-0.5054234707264122,0.8041723198350061,-0.03362960024664974,-0.11692270596015523,0.020717462650036333,0.0,0.0,0.0,20
DV:Y | Type:E | JIF:Any | Citation:Any | Y16:Any | Discipline:Bio | Var:1,0.5016828130500572,-2.1933791509023566,2.687709663239614,-0.0027222394577510745,-0.13438464545307882,0.1386705595899136,-0.09999999999999998,-0.44999999999999996,0.25,20
DV:N | Type:R | JIF:N | Citation:N | Y16:Y | Discipline:Psych | Var:Any,-0.9812996250772006,-1.9868232590387054,-0.09311213730771348,0.029873542730845526,-0.035450161833396956,0.12261802319608561,0.09999999999999998,0.0,0.25,20
DV:Y | Type:Any | JIF:Y | Citation:Any | Y16:Y | Discipline:Any | Var:0,0.7585409697502579,-0.16891373098924184,1.6900394675201964,-0.08530117094540945,-0.19079858199955546,-0.012059987743096025,-0.050000000000000044,-0.15000000000000002,0.0,20
DV:Any | Type:R | JIF:Any | Citation:Any | Y16:Y | Discipline:Multi | Var:Any,0.04208857766776397,-1.3210559740734142,1.3244191910801408,-0.08300331095712721,-0.2297126319942278,0.018037635611390487,-0.050000000000000044,-0.20000000000000007,0.10000000000000003,20
DV:N | Type:Any | JIF:Y | Citation:N | Y16:Any | Discipline:Psych | Var:0,0.4358918115402233,-1.8643714404964058,2.4875377417136755,-0.08817854280990411,-0.28475865043702053,0.08537843221016841,-0.050000000000000044,-0.30000000000000004,0.25,20
DV:N | Type:T | JIF:Y | Citation:Y | Y16:Any | Discipline:Social | Var:2+,-0.2627149037270291,-1.8256375382808803,1.328746311428906,-0.056020655459585456,-0.1613070137017409,0.018633840914044266,0.09999999999999998,-0.09999999999999998,0.3,20
DV:Any | Type:E | JIF:N | Citation:Y | Y16:N | Discipline:Econ | Var:1,-0.33422947692989524,-1.5527530109493548,0.7550910728130589,-0.06831939352450778,-0.2191359264923583,0.017486113664196046,0.0,-0.14999999999999997,0.14999999999999997,20
DV:Any | Type:R | JIF:Y | Citation:N | Y16:Any | Discipline:Any | Var:Any,-1.3026090508346009,-2.7195985864988965,-0.3522662931267625,0.07070924073229368,-0.023217772549900935,0.21303492489229223,0.09999999999999998,-0.09999999999999998,0.3,20
