variation,delta_rmse,delta_rmse_ci_low,delta_rmse_ci_high,delta_correlation,delta_correlation_ci_low,delta_correlation_ci_high,delta_directional_accuracy,delta_directional_accuracy_ci_low,delta_directional_accuracy_ci_high,n
DV:Any | Cat:Any | JIF:Any | Cite:Any | Y15:Any | WoS:Econ,0.2399502703944263,-0.8135496249980669,1.3468412280714277,-0.004115033042412786,-0.14697345294821634,0.11570961342726681,0.0,0.0,0.0,20
DV:Any | Cat:Any | JIF:Any | Cite:Any | Y15:Any | WoS:Multi,0.020708308128263297,-1.6919799477721646,1.6570803492824357,0.02585624482783544,-0.10549504424953218,0.16498438356376746,0.04999999999999993,-0.20000000000000007,0.30000000000000004,20
DV:Any | Cat:Any | JIF:Any | Cite:Any | Y15:Any | WoS:Other,-0.10522638936185835,-1.5376890711230007,1.0350098281477584,-0.018040445541320782,-0.16317029659243007,0.12271725450059391,0.04999999999999993,0.0,0.15000000000000002,20
DV:Any | Cat:Any | JIF:Any | Cite:Any | Y15:Y | WoS:Econ,0.8145042444653052,-1.1910738295405383,2.5109848692828622,-0.20422135658418716,-0.451403615276089,-0.018436247991817374,-0.09999999999999998,-0.30000000000000004,0.09999999999999998,20
DV:Any | Cat:Any | JIF:Any | Cite:Any | Y15:Y | WoS:Multi,1.9302251633616612,0.2622287115628728,3.4861430601359484,-0.023907253147681717,-0.1511442386145174,0.07647506723191129,0.0,0.0,0.0,20
DV:Any | Cat:Any | JIF:Any | Cite:Any | Y15:Y | WoS:Other,-0.5868192308609572,-1.4993509315095293,0.45781775422617854,-0.005618161256935483,-0.1229837399216138,0.07824032993184492,-0.050000000000000044,-0.15000000000000002,0.0,20
DV:Any | Cat:Any | JIF:Any | Cite:Any | Y15:N | WoS:Econ,-0.37172837142276016,-1.506866390039287,0.7153240628461219,0.05263980817064662,-0.07490047339463032,0.19836202790649196,-0.050000000000000044,-0.15000000000000002,0.0,20
DV:Any | Cat:Any | JIF:Any | Cite:Any | Y15:N | WoS:Multi,-0.5939746801648811,-2.7595157102742154,1.0210571779196083,0.08103666679339605,-0.04439078074822103,0.2407713429910506,0.09999999999999998,-0.15000000000000002,0.35,20
DV:Any | Cat:Any | JIF:Any | Cite:Any | Y15:N | WoS:Other,-0.605047106227425,-1.2869357151672671,0.05678797866346805,0.04867746485401969,-0.03335099140150332,0.20139540114544147,0.0,0.0,0.0,20
DV:Any | Cat:Any | JIF:Any | Cite:Y | Y15:Any | WoS:Any,-0.07006940098535441,-1.4350032650030642,1.2807097017990297,-0.031369040810352855,-0.20036083764608187,0.11922463519661179,0.0,-0.15000000000000002,0.10000000000000009,20
DV:Any | Cat:Any | JIF:Any | Cite:Y | Y15:Any | WoS:Econ,1.2450643524995977,-1.0181914756632104,3.6113280958072504,-0.3444095184663574,-0.6721364054957885,-0.09607299008319165,-0.09999999999999998,-0.35,0.10000000000000003,20
DV:Any | Cat:Any | JIF:Any | Cite:Y | Y15:Any | WoS:Multi,0.5594330185246488,-0.8865719052451003,2.1228202482993472,-0.053571872262831666,-0.27660609372166084,0.1351961978838729,0.0,-0.15000000000000002,0.1499999999999999,20
DV:Any | Cat:Any | JIF:Any | Cite:Y | Y15:Any | WoS:Other,0.9997809479421997,-0.5965870929567039,2.8823697297461175,-0.08360978255816265,-0.2626784263492992,0.022467795966016696,-0.050000000000000044,-0.15000000000000002,0.0,20
DV:Any | Cat:Any | JIF:Any | Cite:Y | Y15:Y | WoS:Any,0.6337044250942352,-0.6167446746410393,2.2286015490910316,-0.0823424688378227,-0.24128128890832165,0.02104393684446867,-0.050000000000000044,-0.15000000000000002,0.0,20
DV:Any | Cat:Any | JIF:Any | Cite:Y | Y15:Y | WoS:Multi,-0.012760889573053547,-0.5869888478269826,0.6647357661227753,-0.04494900448379546,-0.16223528807905033,0.017267766152335936,-0.050000000000000044,-0.15000000000000002,0.0,20
DV:Any | Cat:Any | JIF:Any | Cite:Y | Y15:N | WoS:Any,0.10650150184882978,-0.5412737183603467,0.9070400609107582,-0.0461622762215933,-0.17529998211776715,0.028466893006786273,-0.050000000000000044,-0.15000000000000002,0.0,20
DV:Any | Cat:Any | JIF:Any | Cite:Y | Y15:N | WoS:Econ,0.6402744136951188,-1.4793139296085498,2.6672962727524836,-0.20322812358471481,-0.45476297557740564,-0.006657981254107213,-0.050000000000000044,-0.30000000000000004,0.2,20
DV:Any | Cat:Any | JIF:Any | Cite:Y | Y15:N | WoS:Multi,0.48058253585566924,-0.6679618903636714,1.5574323535441996,-0.016177599303696444,-0.1486752305686039,0.0819035376579233,0.04999999999999993,0.0,0.15000000000000002,20
DV:Any | Cat:Any | JIF:Any | Cite:Y | Y15:N | WoS:Other,-0.2408627659858018,-1.6043105585939688,1.1623133207791656,-0.0972014162839192,-0.2862029086084257,0.015343478078150112,-0.050000000000000044,-0.15124999999999994,0.0,20
DV:Any | Cat:Any | JIF:Any | Cite:N | Y15:Any | WoS:Econ,2.530368817171154,0.5927766633802631,4.457744039687937,-0.10769398338782699,-0.3530406796332855,0.06073966719303412,-0.050000000000000044,-0.15000000000000002,0.0,20
DV:Any | Cat:Any | JIF:Any | Cite:N | Y15:Any | WoS:Multi,0.9947792775585498,-1.904264928622117,3.479411632876788,-0.16353875464473266,-0.4493735635997177,0.06949667545740924,-0.050000000000000044,-0.3,0.2,20
DV:Any | Cat:Any | JIF:Any | Cite:N | Y15:Any | WoS:Other,-0.0902249942899962,-0.874424804059103,0.7088176123021839,0.014965163030048467,-0.08988963233393817,0.10376317328385191,0.04999999999999993,0.0,0.15000000000000002,20
DV:Any | Cat:Any | JIF:Any | Cite:N | Y15:Y | WoS:Any,0.8578101273927814,-0.47302799862297334,2.3556668984981806,-0.14327814949587314,-0.3822673493536629,0.03212246575200274,-0.050000000000000044,-0.24999999999999994,0.10000000000000003,20
DV:Any | Cat:Any | JIF:Any | Cite:N | Y15:Y | WoS:Econ,0.1470494521234178,-1.134221430330153,1.2143357363076943,-0.10472753638252996,-0.25982982112374886,0.00939997471803725,-0.050000000000000044,-0.24999999999999994,0.1499999999999999,20
DV:Any | Cat:Any | JIF:Any | Cite:N | Y15:Y | WoS:Multi,0.03477829910019459,-1.974391645345115,2.013749337227481,-0.015235896636099144,-0.18259538385049215,0.14567427704489586,-0.050000000000000044,-0.35,0.2,20
DV:Any | Cat:Any | JIF:Any | Cite:N | Y15:Y | WoS:Other,-0.6746317362749226,-2.0690230775200886,0.7576846658404154,0.07029613600388118,-0.043690415282762886,0.1882171810471591,-0.050000000000000044,-0.3,0.19999999999999996,20
DV:Any | Cat:Any | JIF:Any | Cite:N | Y15:N | WoS:Any,-0.7893957008249624,-1.8999444658810785,0.23110759939795825,0.06397937704779344,-0.010040723580739852,0.16543281822183098,0.04999999999999993,-0.09999999999999998,0.20000000000000007,20
DV:Any | Cat:Any | JIF:Any | Cite:N | Y15:N | WoS:Econ,0.38625697613889454,-0.9564247785908739,1.7714086111544638,0.05500615894333705,-0.1285078634999032,0.2524022195098982,-0.050000000000000044,-0.29999999999999993,0.20000000000000007,20
DV:Any | Cat:Any | JIF:Any | Cite:N | Y15:N | WoS:Multi,-0.3703571406800199,-1.5783374016805025,0.8831077915489627,-0.04765454118778267,-0.19519741358350554,0.05576310574857287,0.0,-0.2,0.19999999999999996,20
DV:Any | Cat:Any | JIF:Any | Cite:N | Y15:N | WoS:Other,-0.7598106091037122,-1.565626087116223,-0.10755685200839919,0.03079331269258656,-0.05497775776136787,0.11152511677045457,0.0,0.0,0.0,20
DV:Any | Cat:Any | JIF:Y | Cite:Any | Y15:Any | WoS:Econ,1.1020859412375241,-1.3921928049562673,3.2701808039241658,-0.1773039065387444,-0.481044279137554,-0.02393440666108823,-0.050000000000000044,-0.35000000000000003,0.3,20
DV:Any | Cat:Any | JIF:Y | Cite:Any | Y15:Any | WoS:Multi,1.7080140686932568,0.44624479633545755,2.9534801928792307,-0.033146271810304384,-0.22112929892164374,0.07267860033310411,0.0,-0.19999999999999996,0.19999999999999996,20
DV:Any | Cat:Any | JIF:Y | Cite:Any | Y15:Any | WoS:Other,-0.2601644965706136,-1.4943355882169882,0.7924774950466061,0.08626041533153217,0.014010350926831486,0.22512927971876331,0.04999999999999993,0.0,0.15000000000000002,20
DV:Any | Cat:Any | JIF:Y | Cite:Any | Y15:Y | WoS:Any,0.5523816041577465,-0.48072550772073736,1.7827620002286555,-0.08015679895821959,-0.24738046216769582,0.015870713958735905,-0.050000000000000044,-0.25,0.15000000000000002,20
DV:Any | Cat:Any | JIF:Y | Cite:Any | Y15:Y | WoS:Multi,2.7600798956333685,1.0625874814811338,4.381014857644994,0.004392370457475869,-0.17870646873363077,0.16532662457858374,-0.25,-0.55,0.09999999999999998,20
DV:Any | Cat:Any | JIF:Y | Cite:Any | Y15:Y | WoS:Other,0.44627974249050517,-1.4692494610368807,2.3817221490740206,-0.13552499185254885,-0.3756461829803279,0.026049309993021193,-0.050000000000000044,-0.2,0.09999999999999998,20
DV:Any | Cat:Any | JIF:Y | Cite:Any | Y15:N | WoS:Any,0.9058972379644379,-0.31476876814137533,2.2131271578017784,-0.051619982212188664,-0.2120586144600457,0.07333950408208387,0.04999999999999993,0.0,0.15000000000000002,20
DV:Any | Cat:Any | JIF:Y | Cite:Any | Y15:N | WoS:Econ,2.439406641850405,-0.5042755552354118,5.015327526274496,-0.15279456677151126,-0.4372554835076117,0.004668911219079968,-0.15000000000000002,-0.55,0.24999999999999994,20
DV:Any | Cat:Any | JIF:Y | Cite:Any | Y15:N | WoS:Multi,-1.3719679118671175,-3.1564285267711467,0.08678633945307483,0.12724320511285692,0.009829871947593374,0.28489897772899586,0.04999999999999993,-0.15000000000000002,0.29999999999999993,20
DV:Any | Cat:Any | JIF:Y | Cite:Any | Y15:N | WoS:Other,-1.2812833668349226,-2.438271910054184,-0.3166058766252572,0.13647245372567196,0.035704476962002164,0.30472591592656567,0.15000000000000002,0.0,0.35,20
DV:Any | Cat:Any | JIF:Y | Cite:Y | Y15:Any | WoS:Any,0.051170320844550865,-1.3281516586807514,1.3468329443816638,-0.03168999060278399,-0.24340104160605958,0.12030246707473101,0.0,-0.15000000000000002,0.15000000000000002,20
DV:Any | Cat:Any | JIF:Y | Cite:Y | Y15:Any | WoS:Econ,1.4769253000296425,-0.9214526358568406,3.975817009172747,-0.3140636192975253,-0.7150202629712791,-0.00646531345921704,-0.09999999999999998,-0.4,0.2,20
DV:Any | Cat:Any | JIF:Y | Cite:Y | Y15:Any | WoS:Multi,-0.6989662296457846,-1.3727563368498232,-0.0027239536149008324,0.012705954449467982,-0.12424850235669503,0.09373993773980824,-0.050000000000000044,-0.20000000000000007,0.10000000000000003,20
DV:Any | Cat:Any | JIF:Y | Cite:Y | Y15:Any | WoS:Other,-0.8076259721154111,-2.1135041294028887,0.40872713037978164,-0.03348957189601254,-0.1331963925450518,0.07632199099550128,0.04999999999999993,0.0,0.15000000000000002,20
DV:Any | Cat:Any | JIF:Y | Cite:Y | Y15:Y | WoS:Any,1.061213260927751,-0.3599109157345231,2.535662871428155,-0.06830948243646462,-0.20370855284330308,0.03421003201756166,-0.050000000000000044,-0.15000000000000002,0.0,20
DV:Any | Cat:Any | JIF:Y | Cite:Y | Y15:N | WoS:Any,-0.849417382939663,-2.096428691881164,0.4077140423101015,0.005147990835732585,-0.08440368719955679,0.07778098603537088,0.0,-0.2,0.19999999999999996,20
DV:Any | Cat:Any | JIF:Y | Cite:N | Y15:Any | WoS:Any,-1.2213925309082905,-2.0447735127800875,-0.6291688473675673,0.12273375734986158,0.03616870922174366,0.2942235455458797,0.09999999999999998,0.0,0.24999999999999994,20
DV:Any | Cat:Any | JIF:Y | Cite:N | Y15:Any | WoS:Econ,0.599523547841688,-2.277095193495263,3.186070053268986,-0.12137148608398163,-0.37992603898050004,0.05398672308502594,0.04999999999999993,-0.25,0.35,20
DV:Any | Cat:Any | JIF:Y | Cite:N | Y15:Any | WoS:Multi,1.286949576465207,-1.0746293888530327,3.5061755969336548,0.028460084060357604,-0.14938385828551556,0.19564137875633714,-0.050000000000000044,-0.4,0.30000000000000004,20
DV:Any | Cat:Any | JIF:Y | Cite:N | Y15:Any | WoS:Other,-1.1099345029091268,-2.000446246904035,-0.41108412796475075,0.10297032157895425,0.018201936949596834,0.2600415905399692,0.09999999999999998,0.0,0.25,20
DV:Any | Cat:Any | JIF:Y | Cite:N | Y15:Y | WoS:Any,0.08908708082821448,-1.4540584099134233,1.731479010861467,-0.02799442459576329,-0.2494567296663838,0.1417774865527095,0.0,-0.14999999999999997,0.15000000000000002,20
DV:Any | Cat:Any | JIF:Y | Cite:N | Y15:N | WoS:Any,-0.5159865215983244,-1.6527007141370498,0.6007264334406361,0.06485658594147803,-0.03239939172326938,0.18971674910166886,0.04999999999999993,-0.09999999999999998,0.20000000000000007,20
DV:Any | Cat:Any | JIF:N | Cite:Any | Y15:Any | WoS:Any,1.1451090375727588,-0.17504218413137873,2.330898161705619,-0.07628708165467413,-0.2743249771045269,0.09296873984354535,-0.050000000000000044,-0.15000000000000002,0.0,20
DV:Any | Cat:Any | JIF:N | Cite:Any | Y15:Any | WoS:Econ,-0.8337507900014387,-1.7733896215180704,-0.11735399867109728,0.07518225614610541,-0.030555894259346406,0.23253752025261323,0.04999999999999993,-0.10000000000000009,0.20000000000000007,20
DV:Any | Cat:Any | JIF:N | Cite:Any | Y15:Any | WoS:Multi,-0.28501289986952827,-2.3186543673562188,1.273135637294408,-0.11389201456590259,-0.32354346209058343,0.08846887400485565,0.04999999999999993,-0.10000000000000009,0.20000000000000007,20
DV:Any | Cat:Any | JIF:N | Cite:Any | Y15:Any | WoS:Other,0.5569544283704131,-1.388115257277388,2.675745462151581,-0.047063478315649276,-0.26217346265681424,0.10298085651981741,-0.09999999999999998,-0.35,0.10000000000000009,20
DV:Any | Cat:Any | JIF:N | Cite:Any | Y15:Y | WoS:Any,-0.9459410240477482,-2.5758614896354532,0.6046714134415395,0.003328382651966888,-0.051479449464451016,0.048173295224654265,0.04999999999999993,-0.10000000000000009,0.20000000000000007,20
DV:Any | Cat:Any | JIF:N | Cite:Any | Y15:Y | WoS:Econ,1.6166867061100563,0.06401604480745321,3.4202605973879985,-0.12862661422769905,-0.3423433388298151,0.015088671873448561,-0.09999999999999998,-0.25,0.0,20
DV:Any | Cat:Any | JIF:N | Cite:Any | Y15:Y | WoS:Multi,0.23487847931431904,-1.7471306631997248,1.836629268564392,-0.1215967274135169,-0.33828318772955235,0.03760395479817802,-0.2,-0.45,0.05124999999999891,20
DV:Any | Cat:Any | JIF:N | Cite:Any | Y15:Y | WoS:Other,0.43500226877761783,-1.6480898616349526,2.510627241857679,-0.09865340757978636,-0.3570168683233966,0.10988381570845611,0.0,-0.25,0.25,20
DV:Any | Cat:Any | JIF:N | Cite:Any | Y15:N | WoS:Any,-0.06580220081552834,-0.8596401169261358,0.7273763516224246,0.07862648210667278,-0.03961779498226956,0.25985059419762657,0.0,-0.29999999999999993,0.25,20
DV:Any | Cat:Any | JIF:N | Cite:Any | Y15:N | WoS:Econ,-0.2565399650248805,-1.5382662106447276,0.828777783821278,0.08867546121208558,-0.04488099617491683,0.24530092005866583,0.04999999999999993,-0.09999999999999998,0.24999999999999994,20
DV:Any | Cat:Any | JIF:N | Cite:Any | Y15:N | WoS:Other,1.4999405204342482,-0.8264586456298029,3.5681621110929522,-0.23680427394510212,-0.4822784322415464,-0.011672947270501036,-0.09999999999999998,-0.29999999999999993,0.09999999999999998,20
DV:Any | Cat:Any | JIF:N | Cite:Y | Y15:Any | WoS:Any,0.3019085773363006,-1.2739792157699488,1.7914861813049479,-0.14958444971045853,-0.3798205980503699,-0.00986928288383506,-0.050000000000000044,-0.24999999999999994,0.09999999999999998,20
DV:Any | Cat:Any | JIF:N | Cite:Y | Y15:Any | WoS:Econ,-0.5607968293352164,-1.6216010646320074,0.4187877534265992,-0.005023536181474997,-0.14660046251151607,0.10969349590642122,-0.050000000000000044,-0.15000000000000002,0.0,20
DV:Any | Cat:Any | JIF:N | Cite:Y | Y15:Any | WoS:Other,0.1613158655991489,-0.8634322436618378,1.3871307039359242,-0.07311084300427839,-0.22198695958190612,0.02182605691614097,-0.09999999999999998,-0.25,0.0,20
DV:Any | Cat:Any | JIF:N | Cite:Y | Y15:N | WoS:Any,-0.5157895689562686,-1.2825249902122533,0.21868379107636013,0.0014639623136166735,-0.13994564362989734,0.1574743066762575,0.0,-0.10125,0.15000000000000002,20
DV:Any | Cat:Any | JIF:N | Cite:N | Y15:Any | WoS:Any,0.5516450731377631,-0.7973154473978539,1.886713266047598,-0.04090305302225128,-0.2391903276386854,0.11441121225396689,0.0,-0.14999999999999997,0.15000000000000002,20
DV:Any | Cat:Any | JIF:N | Cite:N | Y15:Any | WoS:Econ,-0.3698362143129339,-1.249060035213402,0.49508386136546834,-0.032601115449816365,-0.16900347708256735,0.05125360696028318,-0.050000000000000044,-0.15000000000000002,0.0,20
DV:Any | Cat:Any | JIF:N | Cite:N | Y15:Any | WoS:Other,-0.44076022129938064,-2.2360293219472234,1.2330600507026743,0.09706222886059879,-0.07247810648133345,0.29346831794421124,0.04999999999999993,-0.19999999999999996,0.30000000000000004,20
DV:Any | Cat:Any | JIF:N | Cite:N | Y15:Y | WoS:Any,0.09421342041396485,-1.8660278255567821,1.7746962638462798,-0.06965799048649035,-0.21309411386353985,0.009254460472109113,-0.050000000000000044,-0.25,0.15000000000000002,20
DV:Any | Cat:Any | JIF:N | Cite:N | Y15:N | WoS:Any,0.14424178049800318,-1.431808476076205,1.567775971250839,0.044790924088000894,-0.1431390887847388,0.23385140859005626,0.0,-0.2,0.19999999999999996,20
DV:Any | Cat:E | JIF:Any | Cite:Any | Y15:Any | WoS:Econ,0.8567514036321073,-0.5113956015708334,1.9697357182588062,-0.10029203518005425,-0.3286418856291479,0.043493584810027484,0.0,-0.14999999999999997,0.15000000000000002,20
DV:Any | Cat:E | JIF:Any | Cite:Any | Y15:Any | WoS:Multi,0.6103236965536727,-1.117659214930527,2.224078720959199,-0.03890049754828384,-0.2546659238515963,0.12611736327243875,-0.050000000000000044,-0.25,0.15000000000000002,20
DV:Any | Cat:E | JIF:Any | Cite:Any | Y15:Any | WoS:Other,1.1118486040363935,-0.4996066156870036,2.749094731677222,-0.06585169470947438,-0.28268556916013077,0.0912713579847798,-0.2,-0.40124999999999994,0.0,20
DV:Any | Cat:E | JIF:Any | Cite:Any | Y15:Y | WoS:Any,-0.6263601108188901,-1.5212609433986204,0.19133365378055,0.028805347806482806,-0.0807242390934949,0.1247386573909742,0.04999999999999993,0.0,0.15000000000000002,20
DV:Any | Cat:E | JIF:Any | Cite:Any | Y15:Y | WoS:Econ,0.5242535383898312,-1.2114780530373994,2.1982819999054533,-0.1538302884193885,-0.3514728297068177,0.0006421808366333186,-0.050000000000000044,-0.2,0.09999999999999998,20
DV:Any | Cat:E | JIF:Any | Cite:Any | Y15:Y | WoS:Multi,-0.5550710089596214,-1.546728655507042,0.37486038852801484,0.05695980116365129,-0.02777253837979516,0.19068451274932924,0.04999999999999993,0.0,0.15000000000000002,20
DV:Any | Cat:E | JIF:Any | Cite:Any | Y15:Y | WoS:Other,-0.06011961022058898,-0.5928867495262514,0.49820613112027323,-0.018512874035030658,-0.11345290123371082,0.03600050705696152,0.0,0.0,0.0,20
DV:Any | Cat:E | JIF:Any | Cite:Any | Y15:N | WoS:Any,0.020271648073256543,-0.6316217799202194,0.6618889445299057,-0.03688356317114294,-0.15545822285890215,0.04623259576459988,-0.050000000000000044,-0.15000000000000002,0.0,20
DV:Any | Cat:E | JIF:Any | Cite:Any | Y15:N | WoS:Econ,0.2329538234928492,-1.2993766160873184,1.6578978238539224,0.0172757944374492,-0.12042246532147914,0.18484753638109455,-0.09999999999999998,-0.4,0.2,20
DV:Any | Cat:E | JIF:Any | Cite:Any | Y15:N | WoS:Multi,-0.837891137009132,-1.8409675276847737,0.20625779836036973,0.06991766587648751,-0.028030576579052297,0.19528693380990694,-0.050000000000000044,-0.15000000000000002,0.0,20
DV:Any | Cat:E | JIF:Any | Cite:Any | Y15:N | WoS:Other,0.09160111070583099,-2.0495370499804144,1.8955872134160583,-0.12016504104113246,-0.3683627883186226,0.1158274006574041,0.04999999999999993,-0.25,0.30000000000000004,20
DV:Any | Cat:E | JIF:Any | Cite:Y | Y15:Any | WoS:Any,-0.7449409141496677,-2.413836086632701,0.8080642550200775,0.07079078653765103,-0.043012964593305635,0.21973123643617823,-0.09999999999999998,-0.30000000000000004,0.10124999999999895,20
DV:Any | Cat:E | JIF:Any | Cite:Y | Y15:Any | WoS:Econ,2.92870933762518,-0.15895940743581202,5.7514798106681875,-0.3233459203779338,-0.6443483043045877,-0.0903187133319482,-0.30000000000000004,-0.6499999999999999,0.04999999999999999,20
DV:Any | Cat:E | JIF:Any | Cite:Y | Y15:Any | WoS:Multi,0.37100641394841904,-0.9239656812548407,1.8361719532666425,-0.01256487237720294,-0.16422770524276012,0.09655727209522096,0.0,-0.15000000000000002,0.1499999999999999,20
DV:Any | Cat:E | JIF:Any | Cite:Y | Y15:Any | WoS:Other,-0.13966533938907588,-2.2001233464870413,1.561236405416815,-0.07458565848535015,-0.2495148103685178,0.09995824961155221,-0.09999999999999998,-0.4,0.15124999999999889,20
DV:Any | Cat:E | JIF:Any | Cite:Y | Y15:Y | WoS:Any,0.30237758670469184,-1.1048204702074103,1.8680268904887725,-0.09521119062134009,-0.279154005004378,0.02302155127229089,-0.050000000000000044,-0.15000000000000002,0.0,20
DV:Any | Cat:E | JIF:Any | Cite:Y | Y15:N | WoS:Any,0.8685145703969495,-1.1265630812069662,2.537981825459238,-0.17305194307921024,-0.372693927202152,-0.04635636022392327,-0.2,-0.5,0.09999999999999998,20
DV:Any | Cat:E | JIF:Any | Cite:N | Y15:Any | WoS:Any,-0.41642058148328864,-1.826090145894469,0.8767116389068924,0.05349034567515576,-0.08423188181900425,0.2037637738575935,0.0,-0.19999999999999996,0.19999999999999996,20
DV:Any | Cat:E | JIF:Any | Cite:N | Y15:Any | WoS:Econ,-0.033311373005696865,-1.5551812214738492,1.242542546468047,-0.02083334073160925,-0.2181962849632329,0.12328155727353357,-0.050000000000000044,-0.24999999999999994,0.10000000000000003,20
DV:Any | Cat:E | JIF:Any | Cite:N | Y15:Any | WoS:Multi,-1.1834326220033935,-2.6031617696867526,0.05389752981960892,0.07738906418371905,-0.042777783058784595,0.22892342198062202,0.04999999999999993,-0.10000000000000009,0.20000000000000007,20
DV:Any | Cat:E | JIF:Any | Cite:N | Y15:Any | WoS:Other,1.1835333723836081,-0.7010854888219691,3.6257651781642894,-0.0068991740792805345,-0.2496536965516846,0.20951606493990232,-0.050000000000000044,-0.35,0.25,20
DV:Any | Cat:E | JIF:Any | Cite:N | Y15:Y | WoS:Any,-0.4857643585389777,-1.7240291747705387,0.8136299687649172,0.04208646749696565,-0.10159722705188264,0.19722637106273339,0.09999999999999998,0.0,0.25,20
DV:Any | Cat:E | JIF:Any | Cite:N | Y15:N | WoS:Any,-0.921078620767819,-1.9681524455915442,0.21028210951377138,0.09681345195619273,-0.03635542657837446,0.23708130707575012,0.0,-0.24999999999999994,0.24999999999999994,20
DV:Any | Cat:E | JIF:Y | Cite:Any | Y15:Any | WoS:Any,0.5014809983625783,-1.6642562293782808,2.628199595566273,-0.00033572586567243157,-0.16484746952841667,0.12460093533229742,-0.09999999999999998,-0.35000000000000003,0.19999999999999996,20
DV:Any | Cat:E | JIF:Y | Cite:Any | Y15:Any | WoS:Econ,0.41592170532780326,-1.5765181042452812,2.3309065429876763,-0.13366566728467133,-0.40503992293063545,0.052218826239684955,0.0,-0.3,0.29999999999999993,20
DV:Any | Cat:E | JIF:Y | Cite:Any | Y15:Any | WoS:Multi,0.5443068988169593,-1.0910521494917975,2.2988898634920334,0.1041248514086136,-0.09727483100401892,0.30994275733147947,0.04999999999999993,-0.19999999999999996,0.30000000000000004,20
DV:Any | Cat:E | JIF:Y | Cite:Any | Y15:Any | WoS:Other,0.40350027159650903,-1.2854525071475156,1.9002663897788425,-0.10961706561197737,-0.3046576192094957,0.05034726592256074,-0.050000000000000044,-0.15000000000000002,0.0,20
DV:Any | Cat:E | JIF:Y | Cite:Any | Y15:Y | WoS:Any,-0.44684118561391983,-1.3198307037885548,0.3825938056091358,0.03684264072758936,-0.06676437390863009,0.1296517675950167,0.09999999999999998,0.0,0.25,20
DV:Any | Cat:E | JIF:Y | Cite:Any | Y15:N | WoS:Any,-0.9815484225492925,-2.397438049386729,0.34983463292916267,0.07715174156486593,0.0032037946664502997,0.1963857118160372,0.0,-0.25,0.24999999999999994,20
DV:Any | Cat:E | JIF:Y | Cite:Y | Y15:Any | WoS:Any,0.34179423425284483,-1.988129787699013,2.4485687446458573,-0.11165197960460527,-0.38584900407176304,0.10524476336087549,0.09999999999999998,-0.15000000000000002,0.35,20
DV:Any | Cat:E | JIF:Y | Cite:N | Y15:Any | WoS:Any,1.2475942905639252,-0.8974935333189079,3.4376595825084877,-0.10335952410544214,-0.36210230390813786,0.09597828174698438,0.0,-0.19999999999999996,0.20000000000000007,20
DV:Any | Cat:E | JIF:N | Cite:Any | Y15:Any | WoS:Any,-0.13854078550717563,-1.422247798713193,1.068375240350773,0.14133449565246003,0.03109357028972995,0.27787476109711534,0.09999999999999998,-0.1499999999999999,0.35,20
DV:Any | Cat:E | JIF:N | Cite:Any | Y15:Any | WoS:Econ,-0.142986662324331,-1.5064874795668082,1.0563889512503362,0.011870684002418641,-0.1206231445257688,0.14826365351874274,0.04999999999999993,0.0,0.15000000000000002,20
DV:Any | Cat:E | JIF:N | Cite:Any | Y15:Any | WoS:Other,-0.014445230929185371,-1.8248646215369708,1.9003499593368165,-0.08607584931448808,-0.22564781817796645,0.02060180591030051,0.0,-0.29999999999999993,0.29999999999999993,20
DV:Any | Cat:E | JIF:N | Cite:Any | Y15:Y | WoS:Any,-0.9309150073660231,-2.6160189241732987,0.6933625435528719,-0.00577480501426153,-0.12917876977944873,0.10408070395716,0.0,-0.19999999999999996,0.2,20
DV:Any | Cat:E | JIF:N | Cite:Any | Y15:N | WoS:Any,1.0904504042721515,-0.7313477217815437,2.802267798982032,-0.08662703920951909,-0.30155163797131557,0.10566841584997813,0.0,-0.19999999999999996,0.19999999999999996,20
DV:Any | Cat:E | JIF:N | Cite:Y | Y15:Any | WoS:Any,0.4552435542125446,-1.2359253281303975,2.200197226027675,-0.27294953083409695,-0.49199598617044066,-0.05274218297102991,-0.050000000000000044,-0.25,0.15000000000000002,20
DV:Any | Cat:E | JIF:N | Cite:N | Y15:Any | WoS:Any,-0.5946407282378949,-1.533239315134451,0.1163391511309713,0.028407346006704248,-0.06573973056973793,0.1336854826831216,-0.050000000000000044,-0.15000000000000002,0.0,20
DV:Any | Cat:T | JIF:Any | Cite:Any | Y15:Any | WoS:Econ,2.868251254819273,-0.09102179126336708,5.71002577465871,-0.22761288662286838,-0.5561075627541513,0.02792164423166433,-0.050000000000000044,-0.2512499999999999,0.19999999999999996,20
DV:Any | Cat:T | JIF:Any | Cite:Any | Y15:Any | WoS:Multi,0.042287373090683644,-0.7975426632332377,0.8805195890722689,-0.06436384744429569,-0.2282529017533684,0.05268691543138725,-0.050000000000000044,-0.15000000000000002,0.0,20
DV:Any | Cat:T | JIF:Any | Cite:Any | Y15:Any | WoS:Other,-0.050603212207830595,-1.8105585427787927,1.5679140684830837,-0.09894299212942725,-0.27728291245611225,0.0601679344229814,0.0,-0.19999999999999996,0.19999999999999996,20
DV:Any | Cat:T | JIF:Any | Cite:Any | Y15:Y | WoS:Any,0.5598688738944704,-0.42783335360309044,1.544582074115867,-0.0393300864296654,-0.12437591062827813,0.026443360978462442,0.0,0.0,0.0,20
DV:Any | Cat:T | JIF:Any | Cite:Any | Y15:Y | WoS:Econ,5.662510826523724,2.1857498501706134,8.790045625100564,-0.5888674902240844,-1.0187032864818575,-0.12078977077735745,-0.30000000000000004,-0.6000000000000001,0.0,20
DV:Any | Cat:T | JIF:Any | Cite:Any | Y15:Y | WoS:Multi,0.44235140699273856,-2.529409286693984,2.987343785695455,-0.15361169619248533,-0.4059720134702236,0.0658401059576865,0.0,-0.20124999999999998,0.24999999999999994,20
DV:Any | Cat:T | JIF:Any | Cite:Any | Y15:Y | WoS:Other,0.1328567091214783,-2.1395667004317565,2.1651314663242087,-0.11727731614265924,-0.32992896261337984,0.05284092498134782,0.0,-0.25,0.25,20
DV:Any | Cat:T | JIF:Any | Cite:Any | Y15:N | WoS:Any,1.6142731948980567,-1.1815219901230212,4.567217347837011,-0.22715807926047593,-0.5239409723850695,0.018123953661561654,-0.050000000000000044,-0.25,0.19999999999999996,20
DV:Any | Cat:T | JIF:Any | Cite:Any | Y15:N | WoS:Econ,0.8397356403300096,-2.7290530912523727,3.786857620737266,-0.05681424894115694,-0.2991647447228786,0.16875140912411218,0.0,-0.25,0.25,20
DV:Any | Cat:T | JIF:Any | Cite:Any | Y15:N | WoS:Multi,1.064635118981566,-1.7294683163455784,3.4574519558868584,-0.09371001423617564,-0.36176908662165336,0.1391263846593352,0.0,-0.29999999999999993,0.25124999999999886,20
DV:Any | Cat:T | JIF:Any | Cite:Any | Y15:N | WoS:Other,0.010823410039738413,-0.8586248050180114,0.8791172938171852,-0.06376779914601294,-0.20301209085107108,0.02132643993838291,-0.050000000000000044,-0.15000000000000002,0.0,20
DV:Any | Cat:T | JIF:Any | Cite:Y | Y15:Any | WoS:Any,1.4773432593737246,-0.10281754169878171,2.988626025393807,-0.19026938287611445,-0.4573713846368387,0.012667386937979344,-0.050000000000000044,-0.24999999999999994,0.10000000000000003,20
DV:Any | Cat:T | JIF:Any | Cite:Y | Y15:Any | WoS:Multi,0.9801796945089967,-0.6358904838841958,2.7879656815146276,-0.11892031054481667,-0.31089294111095866,0.02374853925442178,-0.09999999999999998,-0.24999999999999994,0.0,20
DV:Any | Cat:T | JIF:Any | Cite:Y | Y15:Any | WoS:Other,0.9335735198727537,-0.7219095482699852,2.6422519648585427,-0.16581241096948462,-0.41249479614282186,0.020929757389875188,-0.09999999999999998,-0.25,0.0,20
DV:Any | Cat:T | JIF:Any | Cite:Y | Y15:N | WoS:Any,2.4391577341229693,0.3117636642824419,4.640591026172335,-0.27309772817674804,-0.5486403402244898,0.01260022663498786,-0.15000000000000002,-0.30000000000000004,0.0,20
DV:Any | Cat:T | JIF:Any | Cite:N | Y15:Any | WoS:Any,0.19421539379141706,-0.617378956513557,1.0253004190927948,-0.03293266086854063,-0.16169536085787037,0.044832979259346886,-0.050000000000000044,-0.15000000000000002,0.0,20
DV:Any | Cat:T | JIF:Any | Cite:N | Y15:Any | WoS:Econ,4.282052057210694,0.9637828829887103,7.415692021138933,-0.38686133022904506,-0.7601162705913334,-0.07783841482927845,-0.15000000000000002,-0.44999999999999996,0.1499999999999999,20
DV:Any | Cat:T | JIF:Any | Cite:N | Y15:Any | WoS:Multi,1.1717255002942188,-1.8289509147785443,3.797292558096918,-0.14841088959335602,-0.39344680314938335,0.06630921381479399,0.0,-0.25,0.25,20
DV:Any | Cat:T | JIF:Any | Cite:N | Y15:Any | WoS:Other,0.8575509459052988,-1.006227279383748,2.69189915054567,-0.16276303882224924,-0.40861062829997735,0.025214572475072614,-0.050000000000000044,-0.24999999999999994,0.10000000000000003,20
DV:Any | Cat:T | JIF:Any | Cite:N | Y15:Y | WoS:Any,0.5252242213963436,-2.017454145000139,2.851096066435475,-0.10835795878078935,-0.3396177493446704,0.08196080765629486,0.0,-0.2,0.15124999999999889,20
DV:Any | Cat:T | JIF:Any | Cite:N | Y15:N | WoS:Any,0.5496300572255812,-2.1999426118873218,3.236282342580905,-0.14384186707470908,-0.41271780698737903,0.07351756628561687,0.0,-0.19999999999999996,0.2,20
DV:Any | Cat:T | JIF:Y | Cite:Any | Y15:Any | WoS:Any,1.462110704261705,-1.113907490097794,3.9074989109495455,-0.1327791953556262,-0.4021675820027907,0.11368736224287346,0.0,-0.19999999999999996,0.19999999999999996,20
DV:Any | Cat:T | JIF:Y | Cite:Any | Y15:Any | WoS:Multi,-0.16110828082403472,-1.2580153809789354,0.8711541014655828,-0.008137174071978892,-0.1686980558897726,0.10931227305458799,0.04999999999999993,-0.10000000000000003,0.20000000000000007,20
DV:Any | Cat:T | JIF:Y | Cite:Any | Y15:Any | WoS:Other,1.0665268390321776,-1.3192703373056467,3.2047860163336974,-0.1519956457814367,-0.4319548322882848,0.051033499519507496,-0.050000000000000044,-0.20000000000000007,0.10000000000000003,20
DV:Any | Cat:T | JIF:Y | Cite:Any | Y15:Y | WoS:Any,0.8413692786289051,-1.3782422601222226,2.9702895522904993,-0.1151565663128431,-0.3754149926256704,0.09775942140090699,0.0,-0.19999999999999996,0.19999999999999996,20
DV:Any | Cat:T | JIF:Y | Cite:Any | Y15:N | WoS:Any,-0.2906858588082324,-1.6987188267844326,0.9748501556121567,-0.02561394633836056,-0.20309564766663069,0.1225604724708514,0.0,-0.15000000000000002,0.10000000000000009,20
DV:Any | Cat:T | JIF:Y | Cite:Y | Y15:Any | WoS:Any,1.812178040442162,0.3918450664930228,3.4200796171803423,-0.14308322570124377,-0.35670673253306767,-0.0056698100145284565,-0.09999999999999998,-0.25,0.0,20
DV:Any | Cat:T | JIF:Y | Cite:N | Y15:Any | WoS:Any,0.7380754755388956,-2.0092749845040845,3.250149559188437,-0.12473292912254652,-0.32648326457705323,0.06824515795531473,0.0,-0.25,0.25,20
DV:Any | Cat:T | JIF:N | Cite:Any | Y15:Any | WoS:Any,0.6812394263265587,-0.914524708985279,2.6711064917106753,-0.10875756512387325,-0.29997033796244077,0.011330196639253078,-0.050000000000000044,-0.15000000000000002,0.0,20
DV:Any | Cat:T | JIF:N | Cite:Any | Y15:Any | WoS:Econ,1.2926224816048872,-0.6653769185806906,3.1601130272069664,-0.2745400485609272,-0.5217806538204712,-0.08113421943974052,-0.050000000000000044,-0.30000000000000004,0.2,20
DV:Any | Cat:T | JIF:N | Cite:Any | Y15:Any | WoS:Other,0.5986325593401611,-2.068201591875043,2.848223911455014,-0.08733934957233935,-0.3405733357492743,0.10577296627977312,0.04999999999999993,-0.15000000000000002,0.25,20
DV:Any | Cat:T | JIF:N | Cite:Any | Y15:Y | WoS:Any,1.2667243644889838,-1.3030131466333423,3.5873212064762274,-0.21268666911383316,-0.47430727798540334,0.052026350758379185,0.09999999999999998,-0.1499999999999999,0.35,20
DV:Any | Cat:T | JIF:N | Cite:Any | Y15:N | WoS:Any,0.6598826475659054,-1.7171556807177113,3.0110958422284733,-0.17674864870216517,-0.44079795104936187,0.05620672836934736,-0.050000000000000044,-0.25,0.10000000000000009,20
DV:Any | Cat:T | JIF:N | Cite:Y | Y15:Any | WoS:Any,-0.49115317756001176,-1.4981619647476552,0.44223150145976575,-0.06191851554416017,-0.1953002064704263,0.025909593116145033,0.0,0.0,0.0,20
DV:Any | Cat:T | JIF:N | Cite:N | Y15:Any | WoS:Any,0.5243869157930439,-1.90203287978365,2.6847412191160234,-0.15227903130680565,-0.37757711394866506,0.017989020992156712,-0.050000000000000044,-0.30000000000000004,0.20000000000000007,20
DV:Any | Cat:R | JIF:Any | Cite:Any | Y15:Any | WoS:Other,-0.8006973646390447,-1.742854443331821,-0.028042857164581707,0.0557162129033566,-0.022707355414787314,0.15612980006138746,0.04999999999999993,0.0,0.15000000000000002,20
DV:Any | Cat:R | JIF:Any | Cite:Any | Y15:Y | WoS:Any,0.10627826440026311,-0.8819104739422146,1.1321419842161913,-0.09186661039469379,-0.24874433328120535,-0.01121043609597986,-0.09999999999999998,-0.25,0.0,20
DV:Any | Cat:R | JIF:Any | Cite:Any | Y15:Y | WoS:Other,0.44482635013678795,-1.7427093246001897,2.072008656434664,-0.09227823503477606,-0.27780333907214233,0.029918165992138437,-0.25,-0.55,0.09999999999999998,20
DV:Any | Cat:R | JIF:Any | Cite:Any | Y15:N | WoS:Any,-0.749285536459098,-1.3960825362170144,-0.1148815903587539,0.09589927611653759,0.005535319908330811,0.2642383262517379,0.15000000000000002,0.0,0.30000000000000004,20
DV:Any | Cat:R | JIF:Any | Cite:Any | Y15:N | WoS:Other,-0.7424300457650812,-2.5710330284869816,1.0868785433030212,0.05635830858057167,-0.045812742152746486,0.175345738851174,0.09999999999999998,-0.15000000000000002,0.35,20
DV:Any | Cat:R | JIF:Any | Cite:N | Y15:Any | WoS:Any,-1.0134788554573966,-2.3657291664785354,0.1920166553638946,0.040126654068541656,-0.025092535082386725,0.12810795482649662,0.09999999999999998,0.0,0.25,20
DV:Any | Cat:R | JIF:Any | Cite:N | Y15:Any | WoS:Other,-0.3290127382358161,-1.6569343507693202,0.6234755491911291,0.026785899206644426,-0.08089336555176212,0.14122826529678448,0.04999999999999993,0.0,0.15000000000000002,20
DV:Any | Cat:R | JIF:Any | Cite:N | Y15:Y | WoS:Any,0.04437868573883641,-1.3820427411091136,1.4278418674648408,-0.09480025880321707,-0.2742691892269582,0.01793667818186107,-0.050000000000000044,-0.20000000000000007,0.10000000000000009,20
DV:Any | Cat:R | JIF:Any | Cite:N | Y15:N | WoS:Any,-1.1619301545952911,-2.2710072139193405,-0.29555057332507345,0.10342080736684778,0.001449269956535691,0.2595266677487374,0.15000000000000002,0.0,0.30000000000000004,20
DV:Any | Cat:R | JIF:Y | Cite:Any | Y15:Any | WoS:Any,-1.050543915211482,-2.0252934021826547,-0.1203788157976573,0.06860404805861198,-0.003790643152830816,0.16368956038530116,0.15000000000000002,0.0,0.30000000000000004,20
DV:Any | Cat:R | JIF:Y | Cite:Any | Y15:Any | WoS:Other,-0.6098525262101813,-1.5731480836605698,0.4182699157200164,0.1274290243836117,0.020665609780074343,0.30085287702423646,0.09999999999999998,-0.1499999999999999,0.35,20
DV:Any | Cat:R | JIF:Y | Cite:Any | Y15:N | WoS:Any,-1.0533278330119256,-2.0467092515895784,-0.04721595930411271,0.12317325903405674,0.01581905479157408,0.31314554498128727,0.09999999999999998,-0.09999999999999998,0.3,20
DV:Any | Cat:R | JIF:Y | Cite:N | Y15:Any | WoS:Any,-1.105260672638245,-2.0478050805689754,-0.12049427481317466,0.07848230430121272,-0.010554482471137877,0.2031218117617215,0.09999999999999998,0.0,0.25,20
DV:Any | Cat:R | JIF:N | Cite:Any | Y15:Any | WoS:Any,0.6789216557499396,-1.1727104094202179,2.68556579488319,-0.08607791875290172,-0.3759536331202,0.09141317812563296,-0.050000000000000044,-0.25,0.15000000000000002,20
DV:Any | Cat:R | JIF:N | Cite:Any | Y15:Any | WoS:Other,0.47872589126068466,-1.4325670542967817,2.3731461163168257,-0.18664853758254074,-0.3925355900242707,-0.005624652483214694,-0.050000000000000044,-0.2512499999999999,0.15000000000000002,20
DV:Any | Cat:R | JIF:N | Cite:Any | Y15:Y | WoS:Any,0.6498897730773443,-0.5502735533094996,2.3608312033768377,-0.07610802365347802,-0.2170450851199392,0.024486114624162704,-0.050000000000000044,-0.15000000000000002,0.0,20
DV:Any | Cat:R | JIF:N | Cite:Any | Y15:N | WoS:Any,-0.4726170192321799,-1.6305634645708433,0.4495404426650352,0.015840954561405773,-0.09557219426728845,0.1640825622264305,0.04999999999999993,0.0,0.15000000000000002,20
DV:Any | Cat:R | JIF:N | Cite:N | Y15:Any | WoS:Any,-0.08277280763006267,-1.597844549535624,1.4155383202131735,-0.13639037093619588,-0.29546390391698957,-0.008832096728823633,-0.050000000000000044,-0.29999999999999993,0.15000000000000002,20
DV:Y | Cat:Any | JIF:Any | Cite:Any | Y15:Any | WoS:Econ,-0.5669063764469255,-1.6061379715990738,0.33651888701720556,0.003199767603147441,-0.08895201670884542,0.09014074888918686,0.0,-0.1499999999999999,0.15000000000000002,20
DV:Y | Cat:Any | JIF:Any | Cite:Any | Y15:Any | WoS:Multi,-0.32368865932960045,-1.188258583432462,0.48213570446980225,0.031438508977584156,-0.051146029904328566,0.1328547481897635,-0.050000000000000044,-0.15000000000000002,0.0,20
DV:Y | Cat:Any | JIF:Any | Cite:Any | Y15:Any | WoS:Other,-0.8747899092720735,-1.9388213428236567,0.2053880342123507,0.12273838129488701,0.024439251016171084,0.3054102468907644,0.15000000000000002,-0.04999999999999993,0.35000000000000003,20
DV:Y | Cat:Any | JIF:Any | Cite:Any | Y15:Y | WoS:Any,-0.19099155529093714,-2.243374405805268,1.645930940863971,-0.059729646447000295,-0.27072358804855834,0.12772862782890557,0.04999999999999993,-0.15000000000000002,0.25,20
DV:Y | Cat:Any | JIF:Any | Cite:Any | Y15:Y | WoS:Econ,0.08189123952879918,-1.8870054550588446,1.7389059395359794,-0.1129554906424447,-0.29885770788817523,0.013130759565492492,-0.09999999999999998,-0.30000000000000004,0.09999999999999998,20
DV:Y | Cat:Any | JIF:Any | Cite:Any | Y15:Y | WoS:Multi,-0.06420300422480452,-2.6842059315854514,2.2119612152625208,-0.08468250538320687,-0.31455630676454605,0.13799254055477952,0.0,-0.20124999999999998,0.20000000000000007,20
DV:Y | Cat:Any | JIF:Any | Cite:Any | Y15:Y | WoS:Other,0.6748672471121102,-1.5155019203039082,3.0137256257188816,0.11471186980731263,-0.08542598769156004,0.3415713532511124,-0.050000000000000044,-0.35000000000000003,0.25,20
DV:Y | Cat:Any | JIF:Any | Cite:Any | Y15:N | WoS:Any,-0.45978855212811887,-1.6495790418161071,0.6954273400596062,0.07778050494483146,-0.05430731510951838,0.2197856183888646,0.04999999999999993,-0.09999999999999998,0.20000000000000007,20
DV:Y | Cat:Any | JIF:Any | Cite:Any | Y15:N | WoS:Econ,0.32909368870566613,-0.7755143266863473,1.6126827384057087,0.028689881957244312,-0.1088370292214589,0.1681266261553656,0.0,-0.15000000000000002,0.15000000000000002,20
DV:Y | Cat:Any | JIF:Any | Cite:Any | Y15:N | WoS:Multi,-1.2881578833936453,-3.222802078208859,0.31336766505248276,0.12424016841440255,-0.00103515855618241,0.30541546457881874,0.0,-0.25,0.25,20
DV:Y | Cat:Any | JIF:Any | Cite:Any | Y15:N | WoS:Other,-0.885277443890562,-1.9579970977395003,-0.03245819036796065,0.10005271343323974,0.0025335246783845357,0.23691850197838343,0.15000000000000002,0.0,0.30000000000000004,20
DV:Y | Cat:Any | JIF:Any | Cite:Y | Y15:Any | WoS:Any,0.007152540842020549,-0.7702087449775051,0.9016244997938839,-0.014879925639625258,-0.11342927964711295,0.06826058959300478,0.0,0.0,0.0,20
DV:Y | Cat:Any | JIF:Any | Cite:Y | Y15:Any | WoS:Econ,0.9218372692192451,-0.9916895670102376,2.877057113921994,-0.2469068914064878,-0.4858410904350864,-0.018145517690632117,-0.15000000000000002,-0.44999999999999996,0.14999999999999997,20
DV:Y | Cat:Any | JIF:Any | Cite:Y | Y15:Any | WoS:Multi,-0.6267507641510575,-1.6008089139927926,0.366991552192559,0.09110078586334736,-0.03995592292672916,0.23692509204797352,-0.09999999999999998,-0.3,0.09999999999999998,20
DV:Y | Cat:Any | JIF:Any | Cite:Y | Y15:N | WoS:Any,0.9502289509452213,-1.3076496819566092,3.0177592403678726,-0.15487551561619262,-0.37854047781665634,0.0007417983438643243,-0.09999999999999998,-0.4,0.15000000000000002,20
DV:Y | Cat:Any | JIF:Any | Cite:N | Y15:Any | WoS:Any,-0.3973121617855577,-1.8840238821316233,1.3401312770471998,0.1205884033099659,0.015865837996562545,0.2578022572796675,0.09999999999999998,0.0,0.25,20
DV:Y | Cat:Any | JIF:Any | Cite:N | Y15:Any | WoS:Econ,-0.5614623275941986,-1.5302705139193045,0.40079183355634923,-0.018991969237066808,-0.1330952001040531,0.06646175400456192,0.0,-0.15000000000000002,0.15000000000000002,20
DV:Y | Cat:Any | JIF:Any | Cite:N | Y15:Any | WoS:Multi,0.38791547478963206,-2.111569089137438,2.874864703683606,-0.11732953026928594,-0.3428488869456492,0.1037354957538497,-0.09999999999999998,-0.35000000000000003,0.19999999999999996,20
DV:Y | Cat:Any | JIF:Any | Cite:N | Y15:Any | WoS:Other,-0.3947003140117724,-1.4840342710531655,0.9256132467254867,0.15841322999590535,0.042863526205334096,0.3404451506729943,0.09999999999999998,-0.10000000000000009,0.35,20
DV:Y | Cat:Any | JIF:Any | Cite:N | Y15:Y | WoS:Any,-0.16882620139196725,-1.029446945335157,0.6879283491389732,-0.005488359874479154,-0.12249618723580129,0.08893993686920236,0.0,0.0,0.0,20
DV:Y | Cat:Any | JIF:Any | Cite:N | Y15:N | WoS:Any,-1.1228004456465284,-2.1046963937488714,-0.40070296634990377,0.0770444024930681,-0.019520290110519232,0.20200913664228284,0.09999999999999998,0.0,0.25,20
DV:Y | Cat:Any | JIF:Y | Cite:Any | Y15:Any | WoS:Any,-0.7803277267748854,-1.7488450770556736,0.21596508570274187,0.04314169897385378,-0.02136872357633005,0.13069864249710036,0.09999999999999998,0.0,0.25,20
DV:Y | Cat:Any | JIF:Y | Cite:Any | Y15:Any | WoS:Econ,1.1986817324080752,-1.4021822489788787,3.649757500401233,-0.19317955382827728,-0.48236084215065905,0.06301082471613666,0.09999999999999998,-0.10000000000000009,0.35,20
DV:Y | Cat:Any | JIF:Y | Cite:Any | Y15:Any | WoS:Multi,-0.5450207762545016,-2.463972694105745,1.1130724315150737,0.13324207556357825,-1.2341633632157583e-05,0.3113550049929131,0.0,-0.29999999999999993,0.29999999999999993,20
DV:Y | Cat:Any | JIF:Y | Cite:Any | Y15:Any | WoS:Other,-1.0231797630717052,-1.9394295127667818,-0.19905749128095898,0.06588649507547362,-0.013647694668920912,0.1864251930140875,0.04999999999999993,0.0,0.15000000000000002,20
DV:Y | Cat:Any | JIF:Y | Cite:Any | Y15:Y | WoS:Any,0.09261787171933111,-0.8371357475308376,1.0030211885144777,-0.08225042485682443,-0.17527088703837468,-0.0012610445021375958,0.04999999999999993,0.0,0.15000000000000002,20
DV:Y | Cat:Any | JIF:Y | Cite:Any | Y15:N | WoS:Any,-0.4761892220192445,-1.9798611298844868,0.9746024208387014,0.04059448847927516,-0.09749495799018114,0.18584725069413957,0.04999999999999993,-0.10000000000000003,0.20000000000000007,20
DV:Y | Cat:Any | JIF:Y | Cite:Y | Y15:Any | WoS:Any,1.1484431273479387,-0.35318011748267225,2.7350458757794027,-0.052097809558673935,-0.23971654615610952,0.1137278920134738,0.0,-0.15000000000000002,0.1499999999999999,20
DV:Y | Cat:Any | JIF:Y | Cite:N | Y15:Any | WoS:Any,1.6393249677667496,-0.03723305963070488,3.246699361475927,-0.08654623174288878,-0.265699558944755,0.06471798329520279,-0.050000000000000044,-0.24999999999999994,0.10000000000000003,20
DV:Y | Cat:Any | JIF:N | Cite:Any | Y15:Any | WoS:Any,0.3540383468645789,-1.5729543619103927,2.1942671062158987,-0.02199401417720348,-0.21174622305590327,0.1401644927590534,-0.050000000000000044,-0.25125,0.15000000000000002,20
DV:Y | Cat:Any | JIF:N | Cite:Any | Y15:Any | WoS:Econ,0.306967358910053,-0.8630284613106475,1.5482408959638294,0.01070263349251499,-0.1538279959471491,0.1777204619361186,0.0,-0.15000000000000002,0.1499999999999999,20
DV:Y | Cat:Any | JIF:N | Cite:Any | Y15:Any | WoS:Other,-0.8839682621781391,-2.341000983045313,0.6398808499412706,0.12168530353202889,0.018310235321311263,0.2762623201382439,0.0,-0.25,0.25,20
DV:Y | Cat:Any | JIF:N | Cite:Any | Y15:Y | WoS:Any,-0.1900276137047765,-1.2621917240208353,0.8667692087764107,0.0220962153355605,-0.10868041158791708,0.13660224406021346,0.09999999999999998,0.0,0.25,20
DV:Y | Cat:Any | JIF:N | Cite:Any | Y15:N | WoS:Any,-0.8697321644143923,-2.4402599698055387,0.7156797009115679,0.11195862379744181,0.012502855433646338,0.2335547914485209,0.09999999999999998,-0.10000000000000009,0.30000000000000004,20
DV:Y | Cat:Any | JIF:N | Cite:Y | Y15:Any | WoS:Any,0.6754067562919648,-0.5320210095028471,1.8572935644122173,-0.12798363358681852,-0.310959386417657,-0.007040955186234523,-0.050000000000000044,-0.25,0.15000000000000002,20
DV:Y | Cat:Any | JIF:N | Cite:N | Y15:Any | WoS:Any,1.001025808781809,-0.38554997577587924,2.311341171299439,0.0007106696565918336,-0.1662403593726369,0.17071358189318686,0.04999999999999993,-0.10000000000000003,0.20000000000000007,20
DV:Y | Cat:E | JIF:Any | Cite:Any | Y15:Any | WoS:Econ,0.30598413052756257,-0.9341710605125165,1.4364054365464605,-0.08317780446861789,-0.2733055379762874,0.049013289786315514,0.04999999999999993,-0.10000000000000009,0.25,20
DV:Y | Cat:E | JIF:Any | Cite:Any | Y15:Any | WoS:Multi,-0.5160437444124799,-1.2342556419951016,0.16564744865945052,0.04847331948898703,-0.022276280189556807,0.13020380294663342,0.04999999999999993,0.0,0.15000000000000002,20
DV:Y | Cat:E | JIF:Any | Cite:Any | Y15:Any | WoS:Other,0.9910057684968274,-1.3973809960862007,3.076811508622467,0.007138668832858408,-0.21732562304323638,0.23395943132582322,-0.09999999999999998,-0.4,0.25,20
DV:Y | Cat:E | JIF:Any | Cite:Any | Y15:Y | WoS:Any,-0.5875712675922014,-2.3223360878319728,1.1187515977954234,-0.012115523523020366,-0.1532725330834329,0.09341999689868956,-0.050000000000000044,-0.20000000000000007,0.10000000000000009,20
DV:Y | Cat:E | JIF:Any | Cite:Any | Y15:N | WoS:Any,-0.6342384121430573,-1.7840242152376626,0.5085490339209761,0.09208362607297205,-0.02420041859644959,0.23038490932983263,0.0,-0.20000000000000007,0.25,20
DV:Y | Cat:E | JIF:Any | Cite:Y | Y15:Any | WoS:Any,1.3217787075616085,-0.3321054536303664,3.044166148225901,-0.08660105711876898,-0.28560666169039206,0.09758425486131395,0.04999999999999993,0.0,0.15000000000000002,20
DV:Y | Cat:E | JIF:Any | Cite:N | Y15:Any | WoS:Any,0.7917778786254521,-0.6400229796826568,2.1644408403466175,0.0068876732805764895,-0.19312056088920068,0.16576405902087876,0.04999999999999993,0.0,0.15000000000000002,20
DV:Y | Cat:E | JIF:Y | Cite:Any | Y15:Any | WoS:Any,-0.9845505292437107,-2.607846941040575,0.6679736541259021,0.020196815722882566,-0.1360767077364443,0.1802006387154788,0.15000000000000002,0.0,0.30000000000000004,20
DV:Y | Cat:E | JIF:N | Cite:Any | Y15:Any | WoS:Any,-0.04882576972406927,-2.4436343747674187,1.8462802514449306,-0.029478354228657078,-0.19532904874075832,0.1268243502500773,-0.2,-0.45000000000000007,0.09999999999999998,20
DV:Y | Cat:T | JIF:Any | Cite:Any | Y15:Any | WoS:Econ,5.022154495809885,1.0517073115800866,8.546095128254686,-0.22843442619419801,-0.5406499596128642,0.06188565270148883,-0.2,-0.45000000000000007,0.050000000000000044,20
DV:Y | Cat:T | JIF:Any | Cite:Any | Y15:Any | WoS:Multi,1.0454748711875084,-1.8942837534695731,4.123911071941484,-0.11706677330397697,-0.38877378054685224,0.10547187405139893,0.0,-0.25,0.25,20
DV:Y | Cat:T | JIF:Any | Cite:Any | Y15:Any | WoS:Other,0.5569117653478486,-2.2184177912385956,2.9684469775084694,-0.13987369393958182,-0.37959860757062275,0.09317361488214866,0.04999999999999993,-0.15000000000000002,0.25,20
DV:Y | Cat:T | JIF:Any | Cite:Any | Y15:Y | WoS:Any,0.571725461285812,-1.4691448510562128,2.497745024227609,-0.12293376347274698,-0.36307591713121323,0.05618065562431478,-0.050000000000000044,-0.20000000000000007,0.09999999999999998,20
DV:Y | Cat:T | JIF:Any | Cite:Any | Y15:N | WoS:Any,1.7770260891196719,-1.5431413593975793,4.814728757218911,-0.19779624523102401,-0.5075082279355155,0.04938275312674525,0.0,-0.2,0.19999999999999996,20
DV:Y | Cat:T | JIF:Any | Cite:N | Y15:Any | WoS:Any,0.07884726954425503,-2.5490615044782436,2.3826624643060197,-0.07777323409197923,-0.3033239253457969,0.11113075741488472,0.04999999999999993,-0.15000000000000002,0.25,20
DV:Y | Cat:T | JIF:Y | Cite:Any | Y15:Any | WoS:Any,1.1052755131548757,-1.116828826237005,3.4071921633847837,-0.1730201366987238,-0.48374226749265387,0.12332312590580216,-0.050000000000000044,-0.30000000000000004,0.2,20
DV:Y | Cat:T | JIF:N | Cite:Any | Y15:Any | WoS:Any,2.0144752182107224,-1.3877336704118122,5.266044218199748,-0.24386516168102407,-0.5699356625617699,0.0392179686372767,-0.050000000000000044,-0.25,0.15000000000000002,20
DV:N | Cat:Any | JIF:Any | Cite:Any | Y15:Any | WoS:Econ,0.31734724771880174,-1.111627658104924,1.8493768234506733,-0.13030089122364996,-0.3341307302840411,0.01274020442220871,-0.050000000000000044,-0.15000000000000002,0.0,20
DV:N | Cat:Any | JIF:Any | Cite:Any | Y15:Any | WoS:Multi,0.0793981107205175,-0.9254644802991195,1.270615443140367,-0.06767210515764732,-0.2706363648482406,0.02956609894908117,-0.050000000000000044,-0.15000000000000002,0.0,20
DV:N | Cat:Any | JIF:Any | Cite:Any | Y15:Any | WoS:Other,0.13390443093979165,-1.2411553067472922,1.6234495109500366,-0.1340926789187331,-0.334529467521489,-0.005470212818567316,-0.050000000000000044,-0.25,0.09999999999999998,20
DV:N | Cat:Any | JIF:Any | Cite:Any | Y15:Y | WoS:Any,-0.23700225164629973,-2.2512067513123237,1.6252368232897794,-0.05556748888317531,-0.21623344741596842,0.08833392366302717,0.0,-0.24999999999999994,0.25,20
DV:N | Cat:Any | JIF:Any | Cite:Any | Y15:Y | WoS:Econ,-0.5698180082644999,-1.3735148325826383,0.09378043162276066,-0.013498051445799186,-0.10923317504043611,0.060962544402646715,-0.050000000000000044,-0.15000000000000002,0.0,20
DV:N | Cat:Any | JIF:Any | Cite:Any | Y15:Y | WoS:Multi,-0.3027491459486029,-1.419540120386456,0.9645066447074074,0.06630093820168503,-0.13035906690126756,0.2515896204964471,0.0,-0.25,0.20000000000000007,20
DV:N | Cat:Any | JIF:Any | Cite:Any | Y15:Y | WoS:Other,0.555486878142502,-1.1002756022364661,1.950649247040803,-0.18406987666408026,-0.39117081436470835,-0.037008677303457964,-0.050000000000000044,-0.20000000000000007,0.10000000000000003,20
DV:N | Cat:Any | JIF:Any | Cite:Any | Y15:N | WoS:Any,0.5315742577574527,-1.173170186771976,2.0499016677315427,-0.1893830015001149,-0.4154344904133247,-0.015457131519168681,-0.050000000000000044,-0.25,0.15000000000000002,20
DV:N | Cat:Any | JIF:Any | Cite:Any | Y15:N | WoS:Econ,1.9461148978672815,-1.0234844683256772,4.657254654379135,-0.15489225097132409,-0.39379469030434366,0.047451996821503244,-0.050000000000000044,-0.35124999999999995,0.25,20
DV:N | Cat:Any | JIF:Any | Cite:Any | Y15:N | WoS:Multi,1.2612591470818622,-0.275820133537602,2.7226504050041114,-0.17111385766858556,-0.42054244936572005,-0.004144176408850235,-0.09999999999999998,-0.3,0.09999999999999998,20
DV:N | Cat:Any | JIF:Any | Cite:Any | Y15:N | WoS:Other,0.4909883163541977,-1.4093698917904314,2.502279015875338,-0.158835097353677,-0.3819520525159955,0.02014073141409629,-0.09999999999999998,-0.25000000000000006,0.09999999999999998,20
DV:N | Cat:Any | JIF:Any | Cite:Y | Y15:Any | WoS:Any,0.3864657586351452,-1.3704239271023957,2.127374883504731,-0.15216479060338056,-0.4149784981265355,-2.7532020169011196e-05,-0.09999999999999998,-0.29999999999999993,0.09999999999999998,20
DV:N | Cat:Any | JIF:Any | Cite:Y | Y15:Any | WoS:Econ,0.15711438747862605,-1.3128012939562284,1.593366299954127,-0.0897883259862634,-0.24769190649443193,-0.0009125281747843949,0.0,-0.19999999999999996,0.2,20
DV:N | Cat:Any | JIF:Any | Cite:Y | Y15:Any | WoS:Multi,-0.2670657929272542,-1.3223856802112872,0.7795605971089388,-0.013434208716429863,-0.17296699898959098,0.08534043486773081,-0.050000000000000044,-0.25,0.10000000000000003,20
DV:N | Cat:Any | JIF:Any | Cite:Y | Y15:Any | WoS:Other,1.424764759460797,-0.6346266509516425,3.306222028704709,-0.1856547463171052,-0.47054228169612006,0.041748604464650826,-0.050000000000000044,-0.29999999999999993,0.15000000000000002,20
DV:N | Cat:Any | JIF:Any | Cite:Y | Y15:Y | WoS:Any,-0.16410509875628332,-1.7875515331163634,1.2211743579224867,-0.10556720083459847,-0.2644976761446921,0.020471508349160398,0.0,-0.1499999999999999,0.15000000000000002,20
DV:N | Cat:Any | JIF:Any | Cite:Y | Y15:N | WoS:Any,-0.15778826447900052,-2.1092940374463676,1.6741410369747622,-0.047451717943197025,-0.26211737399872587,0.12746666038492185,-0.050000000000000044,-0.25,0.19999999999999996,20
DV:N | Cat:Any | JIF:Any | Cite:N | Y15:Any | WoS:Any,0.3167442901810871,-1.736288794936205,2.0446027119559154,-0.1088310326232872,-0.32705841722393075,0.11010886990025959,-0.050000000000000044,-0.20000000000000007,0.09999999999999998,20
DV:N | Cat:Any | JIF:Any | Cite:N | Y15:Any | WoS:Econ,-0.399273169425844,-2.24540940731239,1.3980098666247032,-0.08846243597640413,-0.25420609129300636,0.05127812231204982,0.04999999999999993,-0.10000000000000009,0.25,20
DV:N | Cat:Any | JIF:Any | Cite:N | Y15:Any | WoS:Multi,1.3091146593331375,-1.5894218401099158,3.554554998316747,0.009101564599436895,-0.11173097283671367,0.09500063494334997,-0.25,-0.6499999999999999,0.15000000000000002,20
DV:N | Cat:Any | JIF:Any | Cite:N | Y15:Any | WoS:Other,0.4210567168230561,-1.6197873362099784,2.0617798616412815,-0.09384550782509193,-0.280963126452357,0.02351361808015061,-0.2,-0.5,0.09999999999999998,20
DV:N | Cat:Any | JIF:Any | Cite:N | Y15:Y | WoS:Any,0.9901738891601974,-1.1306555066185702,2.819670543789126,-0.17274617119019636,-0.41425071790965,0.03444650931897332,-0.050000000000000044,-0.25000000000000006,0.19999999999999996,20
DV:N | Cat:Any | JIF:Any | Cite:N | Y15:N | WoS:Any,1.1060131956646968,-0.8847283516165122,3.0577593871152677,-0.2904119730358895,-0.5531077345610363,-0.08778257686758294,-0.050000000000000044,-0.25,0.15000000000000002,20
DV:N | Cat:Any | JIF:Y | Cite:Any | Y15:Any | WoS:Any,0.9608036126127946,-1.83803792572071,3.533254370365061,-0.0860878850346476,-0.33300884731027386,0.11002238952210344,-0.09999999999999998,-0.35000000000000003,0.15000000000000002,20
DV:N | Cat:Any | JIF:Y | Cite:Any | Y15:Any | WoS:Econ,0.3581502092594082,-1.5659336513850097,1.9551352730529457,-0.13932619457546558,-0.32736770877939936,-0.00607754515664815,-0.15000000000000002,-0.35000000000000003,0.050000000000000044,20
DV:N | Cat:Any | JIF:Y | Cite:Any | Y15:Any | WoS:Multi,0.5324383874200604,-1.7674100005246662,2.640191838631928,0.008240897930803404,-0.20086590129266738,0.14665981455569632,0.0,-0.29999999999999993,0.25,20
DV:N | Cat:Any | JIF:Y | Cite:Any | Y15:Any | WoS:Other,0.9690343087821871,-0.04356072633333198,1.973505950750375,-0.12729353269994514,-0.34935588816190777,0.011434994783270919,-0.050000000000000044,-0.15000000000000002,0.0,20
DV:N | Cat:Any | JIF:Y | Cite:Any | Y15:Y | WoS:Any,-0.10739437968703758,-1.8397974213461146,1.6780117394102958,-0.03751943532026403,-0.18836866666028948,0.06675129958155379,-0.09999999999999998,-0.30000000000000004,0.14999999999999997,20
DV:N | Cat:Any | JIF:Y | Cite:Any | Y15:N | WoS:Any,0.5120078654387763,-0.7008199286435823,1.5351304017967005,-0.09876119301829,-0.28893187790241803,0.015199889274265655,0.0,-0.1499999999999999,0.14999999999999997,20
DV:N | Cat:Any | JIF:Y | Cite:Y | Y15:Any | WoS:Any,1.2164272217484147,-0.8233527089388764,3.031127832789019,-0.20644643640005694,-0.4905198782094445,-0.006015380038166318,-0.09999999999999998,-0.30000000000000004,0.050000000000000044,20
DV:N | Cat:Any | JIF:Y | Cite:N | Y15:Any | WoS:Any,0.2073399821176043,-1.8164428004867812,2.026952999053395,0.012019052903857297,-0.1290980327057333,0.12359309852601316,-0.09999999999999998,-0.4,0.15000000000000002,20
DV:N | Cat:Any | JIF:N | Cite:Any | Y15:Any | WoS:Any,0.16596085811921135,-1.0789138209735225,1.4827589341497238,-0.12930995504626974,-0.29308108738395083,-0.012423529961736875,-0.050000000000000044,-0.15000000000000002,0.0,20
DV:N | Cat:Any | JIF:N | Cite:Any | Y15:Any | WoS:Econ,0.736440272855936,-1.3549972292929078,2.700075413715941,-0.23439681492809633,-0.47008477898032186,-0.015661848245524006,0.0,-0.19999999999999996,0.19999999999999996,20
DV:N | Cat:Any | JIF:N | Cite:Any | Y15:Any | WoS:Multi,1.6100014371499727,-0.6746042332140738,3.848966917557884,-0.10815742429407005,-0.2922131922296964,0.06543206456365169,-0.050000000000000044,-0.15000000000000002,0.0,20
DV:N | Cat:Any | JIF:N | Cite:Any | Y15:Any | WoS:Other,0.06531870369653081,-2.6614241876013307,2.4398700546937224,-0.10712915864816186,-0.3207654807465295,0.08617840751990738,0.04999999999999993,-0.15000000000000002,0.25,20
DV:N | Cat:Any | JIF:N | Cite:Any | Y15:Y | WoS:Any,-0.4315069804648308,-2.0661126049345815,1.0537397097608494,-0.042882081027311836,-0.20563772243769649,0.09549747052753783,0.0,-0.19999999999999996,0.19999999999999996,20
DV:N | Cat:Any | JIF:N | Cite:Any | Y15:N | WoS:Any,1.5983155091468921,-0.11759823410919953,3.3157204870331647,-0.08097278266079222,-0.24787263564882442,0.04128099578389304,-0.050000000000000044,-0.15000000000000002,0.0,20
DV:N | Cat:Any | JIF:N | Cite:Y | Y15:Any | WoS:Any,1.334356209588086,-0.27109501025172333,2.791631593266046,-0.167034281401795,-0.3979128187039477,0.013269277249669082,-0.09999999999999998,-0.25,0.0,20
DV:N | Cat:Any | JIF:N | Cite:N | Y15:Any | WoS:Any,0.301304326756318,-1.271082121403977,1.7165108437907026,-0.12349540837904083,-0.3260534012149017,0.014452632538570672,0.0,-0.15000000000000002,0.1499999999999999,20
DV:N | Cat:E | JIF:Any | Cite:Any | Y15:Any | WoS:Econ,-0.010894283364240032,-1.7948097769897613,1.9438263548390042,-0.12506430481144226,-0.3227355847225538,0.012793960181219487,0.04999999999999993,-0.15124999999999994,0.29999999999999993,20
DV:N | Cat:E | JIF:Any | Cite:Any | Y15:Any | WoS:Multi,-0.562209835026354,-1.4497286370684808,0.3498661913159417,0.03321541968876052,-0.0919305348974268,0.16958869900341636,0.0,-0.19999999999999996,0.20000000000000007,20
DV:N | Cat:E | JIF:Any | Cite:Any | Y15:Any | WoS:Other,0.31431307238008444,-1.5126288862082105,2.079934297402742,-0.17090271615810887,-0.3721291367082949,-0.031202324791110306,-0.15000000000000002,-0.39999999999999997,0.09999999999999998,20
DV:N | Cat:E | JIF:Any | Cite:Any | Y15:Y | WoS:Any,0.7783795890182938,-1.4317838823509559,3.0455317231814223,-0.0824909984819433,-0.3002996220780435,0.08349636310776187,0.04999999999999993,-0.15000000000000002,0.25,20
DV:N | Cat:E | JIF:Any | Cite:Any | Y15:N | WoS:Any,1.1648772803742817,-1.1038631847261415,3.3688155804875874,-0.1634281834736961,-0.3681654964665556,-0.011911734026462258,-0.30000000000000004,-0.6000000000000001,0.0,20
DV:N | Cat:E | JIF:Any | Cite:Y | Y15:Any | WoS:Any,0.15344927030231137,-1.1910117085838716,1.5983027094570335,-0.028626945789930636,-0.18432625152711207,0.061152519688206335,-0.09999999999999998,-0.35000000000000003,0.19999999999999996,20
DV:N | Cat:E | JIF:Any | Cite:N | Y15:Any | WoS:Any,-0.22883219619371875,-1.9108105167654714,1.482870214970199,-0.03838912161532193,-0.19995932892230805,0.07206059242978265,0.0,-0.19999999999999996,0.2,20
DV:N | Cat:E | JIF:Y | Cite:Any | Y15:Any | WoS:Any,0.33069840231047554,-1.3673060483053785,1.8164686635326417,-0.04427800451424824,-0.24494521072604877,0.13447226046976174,0.0,-0.19999999999999996,0.19999999999999996,20
DV:N | Cat:E | JIF:N | Cite:Any | Y15:Any | WoS:Any,1.9516380867508305,-0.7158046504761726,4.531472004619704,-0.11760647559051207,-0.3035489115591582,-0.0020774943398752764,-0.25,-0.6012500000000001,0.1012499999999989,20
DV:N | Cat:T | JIF:Any | Cite:Any | Y15:Any | WoS:Econ,1.2799631551563166,-0.8151181130828448,3.2844926712229423,-0.35348136789567824,-0.5982682651960595,-0.107495448750234,-0.09999999999999998,-0.35124999999999995,0.15000000000000002,20
DV:N | Cat:T | JIF:Any | Cite:Any | Y15:Any | WoS:Multi,1.5547038591503641,-1.0142627976376923,3.9212462745410237,-0.14781176857423667,-0.404002372076507,0.07077206677899894,-0.15000000000000002,-0.45000000000000007,0.15000000000000002,20
DV:N | Cat:T | JIF:Any | Cite:Any | Y15:Any | WoS:Other,0.044267775392707875,-2.2950601180898627,2.3980294669484326,-0.08932297031014103,-0.28604513342521143,0.10530025628451038,0.0,-0.25,0.24999999999999994,20
DV:N | Cat:T | JIF:Any | Cite:Any | Y15:Y | WoS:Any,0.4304325206962041,-0.9651864725440418,1.7430079754969838,-0.11300198907085313,-0.3158280671712082,0.051487671187013404,-0.09999999999999998,-0.25,0.0,20
DV:N | Cat:T | JIF:Any | Cite:Any | Y15:N | WoS:Any,2.1471056655541334,0.35082244483590364,3.8781111984570207,-0.24852814266578388,-0.5214366373980109,-0.01359329515953578,-0.09999999999999998,-0.3,0.09999999999999998,20
DV:N | Cat:T | JIF:Any | Cite:Y | Y15:Any | WoS:Any,1.9427523477950706,0.10723720456532934,3.8130739522462025,-0.09116503232392581,-0.25430362946885593,0.011384677620633688,-0.050000000000000044,-0.15000000000000002,0.0,20
DV:N | Cat:T | JIF:Any | Cite:N | Y15:Any | WoS:Any,-0.9220735564959535,-2.171730097040923,0.1992817981852286,-0.04821278715578792,-0.16835863198463918,0.08421448743295729,0.04999999999999993,-0.15000000000000002,0.25,20
DV:N | Cat:T | JIF:Y | Cite:Any | Y15:Any | WoS:Any,0.8928739862961432,-2.2413898427240335,3.6983016437406135,-0.09890638213817449,-0.3209097433710515,0.10598232663122815,0.04999999999999993,-0.2,0.3,20
DV:N | Cat:T | JIF:N | Cite:Any | Y15:Any | WoS:Any,0.6692105879442254,-1.0665333151105252,2.3214040499084847,-0.10652670587015867,-0.3492684162693521,0.07321592207099112,-0.050000000000000044,-0.20000000000000007,0.10000000000000003,20
DV:N | Cat:R | JIF:Any | Cite:Any | Y15:Any | WoS:Any,-0.11046002441273739,-1.847205045601811,1.4633948516727426,-0.11740924842013811,-0.294919891681439,0.005170735408195245,-0.050000000000000044,-0.25,0.15000000000000002,20
DV:N | Cat:R | JIF:Any | Cite:Any | Y15:Any | WoS:Other,0.2574050518681599,-1.0912462218600074,1.464919138221573,-0.18628012336997468,-0.35541899860971676,-0.030396437167843796,0.04999999999999993,-0.10000000000000009,0.20000000000000007,20
DV:N | Cat:R | JIF:Any | Cite:Any | Y15:Y | WoS:Any,0.298855443671167,-1.7340639954480508,1.969899346120721,-0.1604588969240055,-0.3832426274838138,-0.013057508122875917,-0.15000000000000002,-0.30000000000000004,0.0,20
DV:N | Cat:R | JIF:Any | Cite:Any | Y15:N | WoS:Any,0.7280038404105751,-0.877189482163018,2.073359108272841,-0.15316190203270208,-0.3443652969817159,-0.010224540435482453,-0.050000000000000044,-0.2,0.10000000000000003,20
DV:N | Cat:R | JIF:Any | Cite:N | Y15:Any | WoS:Any,-0.02938146888633586,-1.333957507478861,1.1704639668326993,-0.12244249315584477,-0.2750460752954891,-0.006354440152901577,0.04999999999999993,-0.10000000000000009,0.20000000000000007,20
DV:N | Cat:R | JIF:Y | Cite:Any | Y15:Any | WoS:Any,0.3961277746788143,-1.001040342459727,2.3727074095170164,-0.08593910534720084,-0.28136741207842897,0.04911452526007706,-0.050000000000000044,-0.15000000000000002,0.0,20
DV:N | Cat:R | JIF:N | Cite:Any | Y15:Any | WoS:Any,-0.15416021761706222,-1.1814489484744988,0.7098861842664279,-0.10257026593321283,-0.2077436637701944,-0.01795244675337933,0.04999999999999993,0.0,0.15000000000000002,20
DV:Any | Cat:Any | JIF:Y | Cite:Y | Y15:Y | WoS:Multi,1.0638136017717548,-0.37017587622611514,2.793374647497052,-0.0840987070282887,-0.23356170073888177,0.021106850537390375,-0.050000000000000044,-0.15000000000000002,0.0,20
DV:Any | Cat:Any | JIF:Y | Cite:Y | Y15:N | WoS:Econ,2.9734156792516933,0.13991988376724118,5.355674993388586,-0.39173992953913306,-0.7848900116917359,-0.07236329495655493,-0.2,-0.55,0.15000000000000002,20
DV:Any | Cat:Any | JIF:Y | Cite:Y | Y15:N | WoS:Multi,-1.0820731702542483,-1.9914668091574914,-0.1539369101447923,0.0837029634582317,-0.01556977301094408,0.1988577520203932,0.04999999999999993,-0.19999999999999996,0.29999999999999993,20
DV:Any | Cat:Any | JIF:Y | Cite:Y | Y15:N | WoS:Other,1.1303014058735998,-0.31453492377440057,2.7290563290810277,-0.1084977275318495,-0.26621584902070294,0.004263802243254238,-0.050000000000000044,-0.15000000000000002,0.0,20
DV:Any | Cat:Any | JIF:Y | Cite:N | Y15:Y | WoS:Multi,-1.0364993612252382,-2.291744989231007,-0.08108064053592758,0.10479632903316771,-0.02494599877364093,0.25920300538469276,0.04999999999999993,-0.15000000000000002,0.25,20
DV:Any | Cat:Any | JIF:Y | Cite:N | Y15:Y | WoS:Other,0.7732799611442642,-1.1123236520066113,2.6070330422666212,-0.1366076724364943,-0.40726127094704884,0.03126044104570792,-0.09999999999999998,-0.3,0.09999999999999998,20
DV:Any | Cat:Any | JIF:Y | Cite:N | Y15:N | WoS:Multi,0.09770151734654053,-1.1381964430644163,1.1536773691143554,-0.08795922704479975,-0.2660369431700428,0.02808350556115917,-0.050000000000000044,-0.2,0.10000000000000009,20
DV:Any | Cat:Any | JIF:Y | Cite:N | Y15:N | WoS:Other,-0.7487883130385473,-2.0631271679483723,0.1270327705059459,0.06629094215073095,-0.03784370757364209,0.19148396089578804,0.09999999999999998,0.0,0.25,20
DV:Any | Cat:Any | JIF:N | Cite:Y | Y15:N | WoS:Econ,0.7168120035636578,-0.9076524589319348,2.978049651921014,-0.13572656927819726,-0.4074106515452777,0.03496839981359987,-0.09999999999999998,-0.25,0.0,20
DV:Any | Cat:Any | JIF:N | Cite:Y | Y15:N | WoS:Other,-0.07245997563339035,-2.0718779770404847,1.745613515784856,-0.1277070067594348,-0.3160542237864336,0.024109261710092252,0.0,-0.20000000000000007,0.25,20
DV:Any | Cat:Any | JIF:N | Cite:N | Y15:Y | WoS:Econ,1.1306369037043655,-0.618352568277866,3.1140875728989164,-0.1116321048003539,-0.3397771569606418,0.06364079561306418,-0.050000000000000044,-0.15000000000000002,0.0,20
DV:Any | Cat:Any | JIF:N | Cite:N | Y15:Y | WoS:Other,-0.07520049953814834,-1.8441852871555138,1.7401562268299047,0.039214160839964984,-0.1036702522456744,0.18168373401097362,-0.050000000000000044,-0.30000000000000004,0.2,20
DV:Any | Cat:Any | JIF:N | Cite:N | Y15:N | WoS:Econ,-1.3542226966517,-2.734968096358462,-0.2871653377058844,0.10239770984274066,-0.006676343840590008,0.2576267973803233,0.15000000000000002,0.0,0.30000000000000004,20
DV:Any | Cat:Any | JIF:N | Cite:N | Y15:N | WoS:Other,2.037465006066614,-0.34338754161193696,4.130174304117961,-0.29069458674669935,-0.5224129463370896,-0.04726611342597818,-0.09999999999999998,-0.3,0.09999999999999998,20
DV:Any | Cat:E | JIF:Any | Cite:Y | Y15:N | WoS:Econ,1.8642743865654596,-0.1444899226390547,3.848581235660238,-0.28553970946275675,-0.5766205976298775,-0.05517120858876952,-0.050000000000000044,-0.25,0.15000000000000002,20
DV:Any | Cat:E | JIF:Any | Cite:Y | Y15:N | WoS:Multi,-1.287778794665063,-2.9152306332190414,0.17513881144537063,0.10344364576839316,0.02571354150260508,0.22103783031978166,-0.050000000000000044,-0.30000000000000004,0.20000000000000007,20
DV:Any | Cat:E | JIF:Any | Cite:Y | Y15:N | WoS:Other,0.01577104061354806,-1.6878182887837978,1.523626070275632,-0.1330683792299674,-0.3087025781052796,0.0038019985268131808,0.0,-0.15000000000000002,0.1499999999999999,20
DV:Any | Cat:E | JIF:Any | Cite:N | Y15:Y | WoS:Econ,0.05443259571143244,-1.4280871374455537,1.6243424282639571,-0.10508178217332453,-0.2925251357029158,0.014677389117642497,-0.050000000000000044,-0.15000000000000002,0.0,20
DV:Any | Cat:E | JIF:Any | Cite:N | Y15:Y | WoS:Multi,-0.36790226869360687,-1.6649128284734827,0.9062461029089597,0.08683359489012132,-0.07118612997970117,0.24832418445172463,0.0,-0.24999999999999994,0.24999999999999994,20
DV:Any | Cat:E | JIF:Any | Cite:N | Y15:Y | WoS:Other,-0.09080482068940121,-1.2499772985195956,1.3526983912163972,0.01870112520967393,-0.17080357109891772,0.16604090170427996,0.04999999999999993,-0.15000000000000002,0.25,20
DV:Any | Cat:E | JIF:Any | Cite:N | Y15:N | WoS:Econ,-0.7887719367203854,-2.0119826560542893,0.1797049396553597,0.08429784630805726,-0.0410290740174583,0.23943226509508814,0.09999999999999998,-0.05124999999999997,0.29999999999999993,20
DV:Any | Cat:E | JIF:Any | Cite:N | Y15:N | WoS:Multi,0.45823786733233707,-1.3760275358058622,2.312505498482384,-0.19526419103146647,-0.4041953751395813,-0.024144162789044445,0.0,-0.19999999999999996,0.19999999999999996,20
DV:Any | Cat:E | JIF:Any | Cite:N | Y15:N | WoS:Other,1.3376238795076487,-0.9379327433475302,3.3193296704139357,-0.24657219873013647,-0.5159296754552594,-0.06026566522520775,-0.25,-0.55,0.04999999999999999,20
DV:Any | Cat:E | JIF:Y | Cite:Any | Y15:Y | WoS:Multi,1.9119680110524966,0.0022489772398280984,3.989304846319245,0.02599071232385075,-0.1405730981816111,0.20098344724451972,0.0,0.0,0.0,20
DV:Any | Cat:E | JIF:Y | Cite:Any | Y15:Y | WoS:Other,2.7889887583272026,0.8322670583597728,4.799377855778771,-0.265288618846981,-0.5610585060193015,-0.03504497205126956,-0.09999999999999998,-0.3,0.09999999999999998,20
DV:Any | Cat:E | JIF:Y | Cite:Any | Y15:N | WoS:Econ,2.7302330047894445,-0.34557960084909195,5.7348746582641175,-0.31890882689057876,-0.6987339297149576,0.015494643745710282,-0.09999999999999998,-0.35,0.1499999999999999,20
DV:Any | Cat:E | JIF:Y | Cite:Any | Y15:N | WoS:Multi,-0.37490402825786084,-2.480311896459598,1.7905645437484818,0.11926576763338947,-0.07043107506999194,0.3503072547879677,0.04999999999999993,-0.25,0.35,20
DV:Any | Cat:E | JIF:Y | Cite:Any | Y15:N | WoS:Other,-0.15250144888066952,-1.5882244795812959,1.1175256385438423,-0.08833219315261409,-0.24554612026093192,0.04861342799286838,0.0,0.0,0.0,20
DV:Any | Cat:E | JIF:Y | Cite:Y | Y15:Any | WoS:Econ,0.51588786643544,-1.5902519304844889,2.30867933550487,-0.21066889801917732,-0.5048526651079859,0.004109505158762369,-0.15000000000000002,-0.39999999999999997,0.09999999999999998,20
DV:Any | Cat:E | JIF:Y | Cite:Y | Y15:Any | WoS:Multi,-0.24936244068183555,-2.1019063619419005,1.6855013744297387,-0.004780393613734835,-0.19619966137805733,0.15203665332898925,-0.050000000000000044,-0.3,0.19999999999999996,20
DV:Any | Cat:E | JIF:Y | Cite:Y | Y15:Any | WoS:Other,0.8252855649222193,-1.2091869318144965,2.7399844698847726,-0.11322658270516583,-0.336660486102361,0.10283699209025608,-0.050000000000000044,-0.15000000000000002,0.0,20
DV:Any | Cat:E | JIF:Y | Cite:Y | Y15:N | WoS:Any,0.8036303210454117,-1.8849251974860044,3.432741927706814,0.0677441052841905,-0.16981285335904428,0.33389768935889635,-0.09999999999999998,-0.45000000000000007,0.25,20
DV:Any | Cat:E | JIF:Y | Cite:Y | Y15:N | WoS:Econ,3.6586594843866207,0.727234767699425,6.622533947265876,-0.6387641852723652,-1.1057392429380188,-0.18598035293084397,-0.25,-0.6,0.10000000000000003,20
DV:Any | Cat:E | JIF:Y | Cite:Y | Y15:N | WoS:Multi,-0.3707210628011133,-1.3608505019548522,0.6646944788500831,0.09084441900940932,-0.035202314250951376,0.24509945379088144,0.0,-0.15000000000000002,0.1499999999999999,20
DV:Any | Cat:E | JIF:Y | Cite:Y | Y15:N | WoS:Other,1.050652813647952,-1.2526551734418694,3.3208718765607124,-0.18537117843789164,-0.44594492075136544,0.03455873972093662,-0.09999999999999998,-0.25,0.0,20
DV:Any | Cat:E | JIF:Y | Cite:N | Y15:Any | WoS:Multi,-0.7077743568704262,-1.800368415971782,0.32962228530231996,0.09609895442709904,-0.03828707343676646,0.24398174651591303,-0.050000000000000044,-0.30000000000000004,0.2,20
DV:Any | Cat:E | JIF:Y | Cite:N | Y15:Any | WoS:Other,1.400841175159619,-1.1227086145616008,3.711201856125661,-0.22157207749050611,-0.498405477711861,-0.02183887963117274,-0.2,-0.45000000000000007,0.050000000000000044,20
DV:Any | Cat:E | JIF:Y | Cite:N | Y15:Y | WoS:Any,-0.2003435092531598,-1.003138061568882,0.6952650815914149,-0.005845642773236848,-0.14920801870609668,0.0909905082260028,0.0,-0.15000000000000002,0.15000000000000002,20
DV:Any | Cat:E | JIF:Y | Cite:N | Y15:Y | WoS:Multi,-0.7396231348360374,-1.4820244045896114,0.0273308190494713,0.0019564435510126543,-0.10455219855272489,0.08556933348188721,0.0,-0.14999999999999997,0.15000000000000002,20
DV:Any | Cat:E | JIF:Y | Cite:N | Y15:Y | WoS:Other,2.2142282795165302,0.005065642766428982,4.007589683447572,-0.24572160489399075,-0.5229075026866083,-0.0184160737073319,-0.15000000000000002,-0.4,0.09999999999999998,20
DV:Any | Cat:E | JIF:Y | Cite:N | Y15:N | WoS:Any,-0.45936256269551645,-2.2248156467621287,1.1564198916285566,-0.10591088558122208,-0.3011818349878795,0.027438468033146975,0.0,-0.25,0.25,20
DV:Any | Cat:E | JIF:Y | Cite:N | Y15:N | WoS:Multi,-0.32492824229589257,-1.6234662063518561,0.9083188461755337,-0.10788693627549828,-0.252419055832178,0.020420058115577924,0.0,-0.15000000000000002,0.1499999999999999,20
DV:Any | Cat:E | JIF:N | Cite:Any | Y15:Y | WoS:Econ,0.5943876903324812,-1.0501729498929933,2.4830158561791147,-0.09344637019000224,-0.29158846098972535,0.035893555934322585,-0.050000000000000044,-0.15000000000000002,0.0,20
DV:Any | Cat:E | JIF:N | Cite:Any | Y15:Y | WoS:Other,1.1061647782408501,-1.3571376038750522,3.5265626834682795,0.13557794363149445,-0.05870583286950408,0.3442499456949806,-0.15000000000000002,-0.5,0.19999999999999996,20
DV:Any | Cat:E | JIF:N | Cite:Any | Y15:N | WoS:Econ,1.3172673452298982,-0.4301285091127138,2.8694252643429365,-0.03341582864393555,-0.2343163331467483,0.1483538610939674,0.0,-0.15000000000000002,0.15000000000000002,20
DV:Any | Cat:E | JIF:N | Cite:Any | Y15:N | WoS:Other,0.5739744075416882,-2.2437524973011453,2.8441111861755775,-0.1132313127790261,-0.32236977258438043,0.052065120578328884,0.0,-0.35,0.35,20
DV:Any | Cat:E | JIF:N | Cite:Y | Y15:Any | WoS:Econ,2.7597042031446746,1.1468451583156647,4.214462462845337,-0.4058544136277747,-0.6870679394570864,-0.17691715517582793,-0.050000000000000044,-0.30000000000000004,0.19999999999999996,20
DV:Any | Cat:E | JIF:N | Cite:Y | Y15:N | WoS:Any,1.8607540083632506,-0.7667216147337198,4.46428018250811,-0.33920631345726465,-0.6217303072215594,-0.09222132175314302,-0.2,-0.5,0.09999999999999998,20
DV:Any | Cat:E | JIF:N | Cite:Y | Y15:N | WoS:Econ,2.472012917225208,0.5227225228330185,4.293446627460419,-0.3966804491281508,-0.700738440150608,-0.163007325962615,-0.09999999999999998,-0.35,0.14999999999999997,20
DV:Any | Cat:E | JIF:N | Cite:N | Y15:Any | WoS:Econ,0.01593586151766413,-0.8936301965617683,0.9331370362072658,-0.02530532658288298,-0.16117937630703044,0.05458877386641774,0.0,0.0,0.0,20
DV:Any | Cat:E | JIF:N | Cite:N | Y15:Any | WoS:Other,-0.20853297469407028,-2.0125565745348966,1.5361149233133617,0.10839277519135615,-0.05415358988873365,0.29645254173887453,-0.050000000000000044,-0.35,0.25,20
DV:Any | Cat:E | JIF:N | Cite:N | Y15:Y | WoS:Any,1.0763271642459085,-0.390071842811094,2.4890534290209803,-0.03800847112398176,-0.22721697208949776,0.15304775738101203,0.04999999999999993,-0.09999999999999998,0.20000000000000007,20
DV:Any | Cat:E | JIF:N | Cite:N | Y15:Y | WoS:Econ,0.38897117931944614,-1.0474149811578768,2.0462943751607856,-0.1189815536682357,-0.32038495613579243,0.008185632681760353,-0.050000000000000044,-0.15000000000000002,0.0,20
DV:Any | Cat:E | JIF:N | Cite:N | Y15:Y | WoS:Other,1.505701231145797,-0.7913647143388204,4.111712801029287,0.07742274913644243,-0.16053961631445593,0.2915845280261538,-0.2,-0.55,0.1499999999999999,20
DV:Any | Cat:E | JIF:N | Cite:N | Y15:N | WoS:Any,0.13957471997258697,-1.4427850798535817,1.6400595620189788,0.09272586917223158,-0.04172839943805482,0.2319763608403721,-0.050000000000000044,-0.30000000000000004,0.19999999999999996,20
DV:Any | Cat:E | JIF:N | Cite:N | Y15:N | WoS:Econ,-1.3978086499152615,-2.3874040156934946,-0.6633596607833623,0.12038594168716454,0.023896460336391156,0.2809167828473951,0.09999999999999998,0.0,0.25,20
DV:Any | Cat:E | JIF:N | Cite:N | Y15:N | WoS:Other,0.42771679286726183,-1.471429716664079,2.281697913085999,-0.09691152120258617,-0.28378905260869425,0.022609838943449836,-0.050000000000000044,-0.35000000000000003,0.25,20
DV:Any | Cat:T | JIF:Any | Cite:Y | Y15:N | WoS:Multi,0.3434779427791943,-1.0629998979465094,1.6506005786297864,-0.12257636447263776,-0.29706679714554013,0.006041766193655073,-0.09999999999999998,-0.25,0.0,20
DV:Any | Cat:T | JIF:Any | Cite:Y | Y15:N | WoS:Other,0.5589510683727585,-0.650737347745136,1.5719852186661634,-0.11019531057456289,-0.3138844115992859,0.03566057863865708,0.0,-0.15000000000000002,0.15000000000000002,20
DV:Any | Cat:T | JIF:Any | Cite:N | Y15:Y | WoS:Econ,2.2640603228832417,-0.37083140988174923,4.724516661246141,-0.2177099265935672,-0.48680254439544374,0.031475032756756983,-0.050000000000000044,-0.35,0.25,20
DV:Any | Cat:T | JIF:Any | Cite:N | Y15:Y | WoS:Multi,-0.15869647569525913,-2.13718825368434,1.639934547670068,-0.06666953263559339,-0.23344007884732826,0.10250883175429618,0.0,-0.25,0.25,20
DV:Any | Cat:T | JIF:Any | Cite:N | Y15:Y | WoS:Other,-0.09060018595574615,-1.1866772970797357,0.9890470139136958,-0.07171056806457321,-0.23911044522628636,0.029042222370742422,0.0,-0.10000000000000009,0.15000000000000002,20
DV:Any | Cat:T | JIF:Any | Cite:N | Y15:N | WoS:Econ,-1.226845349935335,-2.4226467381470878,-0.049196096838244524,0.04723231973858344,-0.05133030552297385,0.1611057956912207,0.0,-0.2,0.2,20
DV:Any | Cat:T | JIF:Any | Cite:N | Y15:N | WoS:Multi,0.43865708525715696,-2.0616634449215216,2.8229411640425033,-0.1429481513185395,-0.3646797471622979,0.039888096823461235,0.04999999999999993,-0.15000000000000002,0.25,20
DV:Any | Cat:T | JIF:Any | Cite:N | Y15:N | WoS:Other,2.240821615597464,-0.4022671160500213,4.941062635391651,-0.23637373747751644,-0.5303852617948948,0.03985461212930704,-0.050000000000000044,-0.24999999999999994,0.10000000000000003,20
DV:Any | Cat:T | JIF:Y | Cite:Any | Y15:Y | WoS:Multi,-0.5833207051468197,-2.6316334756519644,1.402165336830893,-0.04862363508584089,-0.21610978582005672,0.09039444121930845,0.04999999999999993,-0.19999999999999996,0.25,20
DV:Any | Cat:T | JIF:Y | Cite:Any | Y15:Y | WoS:Other,0.15158556031224446,-1.9955563770593252,2.1924878187410957,-0.13554249536064078,-0.3231740661672652,0.02841277283550797,0.04999999999999993,-0.15000000000000002,0.25,20
DV:Any | Cat:T | JIF:Y | Cite:Any | Y15:N | WoS:Multi,0.38216068935744385,-2.0130181346149874,2.749971782757124,-0.1033844456860602,-0.35323514477852075,0.06422805093933072,-0.050000000000000044,-0.29999999999999993,0.15000000000000002,20
DV:Any | Cat:T | JIF:Y | Cite:Any | Y15:N | WoS:Other,0.46302245731267266,-2.038873670529048,2.8397815272052247,-0.13928721768089847,-0.38595698673963635,0.0879347899686498,-0.050000000000000044,-0.29999999999999993,0.15000000000000002,20
DV:Any | Cat:T | JIF:Y | Cite:Y | Y15:Any | WoS:Multi,-0.492415211361787,-1.1917412658253754,0.25515279593180085,-0.029364269174798396,-0.15313666303471915,0.03247772724075552,0.0,-0.15000000000000002,0.14999999999999997,20
DV:Any | Cat:T | JIF:Y | Cite:Y | Y15:N | WoS:Any,0.5397656984826353,-0.4312906874398192,1.4877715976428278,-0.11929956353847238,-0.30366198295486446,0.0011550079208085195,0.0,-0.15000000000000002,0.15000000000000002,20
DV:Any | Cat:T | JIF:Y | Cite:Y | Y15:N | WoS:Multi,0.27751175608396395,-1.1599641404626115,1.860982290105848,-0.08076432271916845,-0.2828256470515297,0.07462855636379404,-0.09999999999999998,-0.25,0.0,20
DV:Any | Cat:T | JIF:Y | Cite:N | Y15:Any | WoS:Multi,1.6732645145728169,-1.4625913471624759,4.4432049669525,-0.19248892483031022,-0.4934086675929576,0.13198675207517738,0.0,-0.30000000000000004,0.29999999999999993,20
DV:Any | Cat:T | JIF:Y | Cite:N | Y15:Any | WoS:Other,0.3316684976182671,-1.396687459747349,2.1144760387310444,-0.10355769519946512,-0.3191706939476572,0.07485130172750992,-0.050000000000000044,-0.20000000000000007,0.09999999999999998,20
DV:Any | Cat:T | JIF:Y | Cite:N | Y15:Y | WoS:Any,1.0865700251346313,-2.0785181594841355,3.994706556197494,-0.15161408918729463,-0.41835576794244783,0.10231070207392738,0.0,-0.20000000000000007,0.25,20
DV:Any | Cat:T | JIF:Y | Cite:N | Y15:Y | WoS:Multi,2.2244217195926295,-0.18528472709938465,4.492658644527306,-0.2576048247152357,-0.5386717065590232,0.03956945938210961,-0.2,-0.45000000000000007,0.09999999999999998,20
DV:Any | Cat:T | JIF:Y | Cite:N | Y15:Y | WoS:Other,-0.06915162997485425,-1.0185712161985994,0.9378469688256352,-0.06671680226039578,-0.25775741802109836,0.04314638216291655,-0.050000000000000044,-0.25,0.09999999999999998,20
DV:Any | Cat:T | JIF:Y | Cite:N | Y15:N | WoS:Any,0.9822426810031386,-2.146197364695423,3.653321008989289,-0.11470148008158276,-0.36554273000078874,0.09509846642114074,0.0,-0.25,0.25,20
DV:Any | Cat:T | JIF:Y | Cite:N | Y15:N | WoS:Multi,0.6434134117310943,-1.8779239580913434,3.133050236767475,-0.13092594488250042,-0.37471226968538934,0.06630919148104111,0.0,-0.20000000000000007,0.20000000000000007,20
DV:Any | Cat:T | JIF:Y | Cite:N | Y15:N | WoS:Other,4.229155032962578,0.5739617476004187,7.489872210615085,-0.20504484208604934,-0.48569667657692767,0.0428144032685295,0.0,-0.25,0.25,20
DV:Any | Cat:T | JIF:N | Cite:Any | Y15:Y | WoS:Econ,2.8928239731919367,-0.2999059876311985,6.038032628217418,-0.33095568909682177,-0.6533607396098103,-0.02664890911886617,0.04999999999999993,-0.20000000000000007,0.30000000000000004,20
DV:Any | Cat:T | JIF:N | Cite:Any | Y15:Y | WoS:Other,1.7085019631010026,-1.581335218922321,4.713875092158938,-0.2654904080436345,-0.5789454311336016,0.024956416966129547,0.04999999999999993,-0.20124999999999998,0.30000000000000004,20
DV:Any | Cat:T | JIF:N | Cite:Any | Y15:N | WoS:Econ,-0.33410211833587056,-1.6062020269054242,0.87365596941059,-0.09607326962009033,-0.2370633725591163,-0.009159373933429324,0.0,-0.24999999999999994,0.24999999999999994,20
DV:Any | Cat:T | JIF:N | Cite:Any | Y15:N | WoS:Other,1.454017149782616,-1.24484765018108,4.374545920580189,-0.2816508215482841,-0.5796383270742723,-0.024420332925771386,-0.050000000000000044,-0.20000000000000007,0.1499999999999999,20
DV:Any | Cat:T | JIF:N | Cite:Y | Y15:Any | WoS:Other,0.2141056157722483,-0.5746855404501785,1.0369665409720858,-0.07500046525593707,-0.22042316612393628,-0.0019749842470867043,-0.050000000000000044,-0.15000000000000002,0.0,20
DV:Any | Cat:T | JIF:N | Cite:Y | Y15:N | WoS:Any,-0.208314149679663,-1.8042663753338541,1.2723282903795543,-0.16901444979003638,-0.3791758871461512,-0.042492122559456454,-0.09999999999999998,-0.25,0.0,20
DV:Any | Cat:T | JIF:N | Cite:N | Y15:Any | WoS:Econ,1.1438352179944973,-1.0559850661177426,3.168341092297835,-0.2741220262083894,-0.5436306435452565,-0.03519450777298876,0.0,-0.20000000000000007,0.25,20
DV:Any | Cat:T | JIF:N | Cite:N | Y15:Any | WoS:Other,1.79719716151478,-0.6141077391035913,4.262406665675701,-0.3162623336879531,-0.6206429971053986,-0.04609442225226041,-0.050000000000000044,-0.20000000000000007,0.09999999999999998,20
DV:Any | Cat:T | JIF:N | Cite:N | Y15:Y | WoS:Any,0.540695546276595,-1.2924671843755695,2.2234619061631133,-0.19944890826211864,-0.46989155748261124,-0.021748457676674528,-0.050000000000000044,-0.25,0.19999999999999996,20
DV:Any | Cat:T | JIF:N | Cite:N | Y15:Y | WoS:Econ,5.100158572710412,1.372833393572351,8.776973413283962,-0.4545963125243675,-0.8115885294231815,-0.085767064720114,0.04999999999999993,-0.2,0.30000000000000004,20
DV:Any | Cat:T | JIF:N | Cite:N | Y15:Y | WoS:Other,1.9221072385064994,-0.6229823453044188,4.322671166401506,-0.19886319758564963,-0.42230089306308033,-0.013759172666921612,-0.15000000000000002,-0.45000000000000007,0.19999999999999996,20
DV:Any | Cat:T | JIF:N | Cite:N | Y15:N | WoS:Any,0.9035418041314891,-1.74129480978652,3.133445823813344,-0.16539133962610036,-0.3945322383344224,0.03933272853811343,0.04999999999999993,-0.15000000000000002,0.25,20
DV:Any | Cat:T | JIF:N | Cite:N | Y15:N | WoS:Econ,0.7237971494777469,-1.822518163923745,3.04688851996282,-0.09759190829130693,-0.24649441707297673,0.0270631880327203,-0.09999999999999998,-0.45,0.25,20
DV:Any | Cat:T | JIF:N | Cite:N | Y15:N | WoS:Other,2.1436747233515687,-0.9732911885394291,5.235792186344573,-0.24522157921184923,-0.5405659161948851,0.03366137531632901,0.0,-0.19999999999999996,0.2,20
DV:Any | Cat:R | JIF:Any | Cite:N | Y15:Y | WoS:Other,-0.3479367770676465,-1.5679517520409028,0.6823952274734137,-0.05326452939021198,-0.18162431863100037,0.021411993689613197,0.0,0.0,0.0,20
DV:Any | Cat:R | JIF:Any | Cite:N | Y15:N | WoS:Other,-0.751933132704484,-1.981794455730543,0.29266691246084975,0.032920378777025805,-0.060512187119617644,0.16167374556728809,0.04999999999999993,0.0,0.15000000000000002,20
DV:Any | Cat:R | JIF:N | Cite:Any | Y15:N | WoS:Other,0.7756642897933483,-1.3167645290442356,2.6407106768027213,-0.25255814638326163,-0.4858799278271496,-0.03581521401688317,-0.09999999999999998,-0.35,0.10000000000000003,20
DV:Any | Cat:R | JIF:N | Cite:N | Y15:Any | WoS:Other,0.8996412764053066,-1.0782673627320405,2.7937887199774085,-0.26275053067500553,-0.49134326756859475,-0.07133045483846671,-0.050000000000000044,-0.25,0.19999999999999996,20
DV:Any | Cat:R | JIF:N | Cite:N | Y15:Y | WoS:Any,0.523726618634738,-0.9207549020272311,1.9010380503815762,-0.12881940052260998,-0.32758677159767274,0.002596482273729677,-0.09999999999999998,-0.3,0.050000000000000044,20
DV:Any | Cat:R | JIF:N | Cite:N | Y15:N | WoS:Any,1.1433753473930297,-0.9572914242277305,2.7273292526795654,-0.20585582194573043,-0.4192495700763645,0.0013164715545859289,-0.050000000000000044,-0.20000000000000007,0.10000000000000003,20
DV:Any | Cat:R | JIF:N | Cite:N | Y15:N | WoS:Other,1.12523268404043,-0.8360929275257287,3.317580436051857,-0.31884856478734985,-0.5703628792686667,-0.06721219624676993,0.0,-0.19999999999999996,0.19999999999999996,20
DV:Y | Cat:Any | JIF:Any | Cite:Y | Y15:N | WoS:Econ,0.2377271985151186,-1.6637653066518687,1.8200394780519276,-0.06964337525325881,-0.24883461167789991,0.10770344604205404,-0.09999999999999998,-0.3,0.09999999999999998,20
DV:Y | Cat:Any | JIF:Any | Cite:Y | Y15:N | WoS:Multi,-1.2692749391002573,-3.1440476918213234,0.2022786522496181,0.04991992202856843,-0.09451503397752105,0.22903071256371577,0.09999999999999998,0.0,0.25,20
DV:Y | Cat:Any | JIF:Any | Cite:N | Y15:Y | WoS:Econ,-0.18454752023720733,-1.5669693028309448,1.0402115565000507,-0.0953205283473939,-0.24965825172671094,0.010322212790703037,-0.050000000000000044,-0.15000000000000002,0.0,20
DV:Y | Cat:Any | JIF:Any | Cite:N | Y15:Y | WoS:Multi,1.6252063068092246,-1.331735988550566,4.047186406599744,-0.2512844764826318,-0.5730462250878475,0.0645456539288881,-0.050000000000000044,-0.35000000000000003,0.25,20
DV:Y | Cat:Any | JIF:Any | Cite:N | Y15:Y | WoS:Other,0.5403466934186039,-2.3057523933808737,3.2111360063317216,0.05497945074521071,-0.2081380895607154,0.291014709666258,0.0,-0.3,0.30000000000000004,20
DV:Y | Cat:Any | JIF:Any | Cite:N | Y15:N | WoS:Econ,-0.021390397810842288,-1.5110292203772213,1.529622732338779,0.011456833284033463,-0.15902365492556172,0.1754633807537439,0.09999999999999998,0.0,0.25,20
DV:Y | Cat:Any | JIF:Any | Cite:N | Y15:N | WoS:Other,0.41501641687115054,-0.9879208648058191,1.8631589869371283,0.010064107225730479,-0.1375357060762719,0.14664902105585034,0.0,-0.19999999999999996,0.20000000000000007,20
DV:Y | Cat:Any | JIF:Y | Cite:Any | Y15:Y | WoS:Multi,1.4947946856128764,0.35838754292192826,2.6405711902463067,-0.08982456975977315,-0.21475024758864905,-0.0006235906833243199,-0.050000000000000044,-0.15000000000000002,0.0,20
DV:Y | Cat:Any | JIF:Y | Cite:Any | Y15:N | WoS:Econ,0.5514836985490801,-1.5299795254218895,2.316629196887854,-0.17137312848277264,-0.4361035852115947,0.014347771709820113,0.0,-0.19999999999999996,0.2,20
DV:Y | Cat:Any | JIF:Y | Cite:Any | Y15:N | WoS:Multi,-0.12178272587601846,-1.4349013637221368,1.4317952975550483,-0.022257563032353378,-0.17399666809703274,0.07489580054142085,0.04999999999999993,-0.09999999999999998,0.20000000000000007,20
DV:Y | Cat:Any | JIF:Y | Cite:Y | Y15:Any | WoS:Multi,-0.09180359007146333,-0.9973620688939944,0.9192173041586277,0.04060299464720929,-0.056714413495445586,0.1395744395507126,-0.050000000000000044,-0.15000000000000002,0.0,20
DV:Y | Cat:Any | JIF:Y | Cite:Y | Y15:N | WoS:Any,0.28898447588887244,-1.2731795497829528,1.698894870012797,-0.07876685985802767,-0.193339006358128,0.01755034924165729,0.0,0.0,0.0,20
DV:Y | Cat:Any | JIF:Y | Cite:Y | Y15:N | WoS:Multi,1.1868310159963062,-0.38762377810055754,2.7353123956172207,0.015161109154948615,-0.10814033221950729,0.10521703785079121,-0.050000000000000044,-0.15000000000000002,0.0,20
DV:Y | Cat:Any | JIF:Y | Cite:N | Y15:Any | WoS:Multi,-0.03368418498564463,-1.8536220547223419,1.689446063901732,-0.10578101914451099,-0.2865298789985328,0.058949140324734736,0.09999999999999998,-0.09999999999999998,0.25,20
DV:Y | Cat:Any | JIF:Y | Cite:N | Y15:Any | WoS:Other,-0.3384040001433508,-2.1938580982701597,1.4643670981325472,0.04797624373361298,-0.06315415539716321,0.2198776375093164,0.04999999999999993,-0.15000000000000002,0.25,20
DV:Y | Cat:Any | JIF:Y | Cite:N | Y15:Y | WoS:Any,2.0097582352981407,0.35121589180350454,3.6322028103492805,-0.22775945904352674,-0.5010619422750546,-0.020035932469147342,-0.09999999999999998,-0.30000000000000004,0.09999999999999998,20
DV:Y | Cat:Any | JIF:Y | Cite:N | Y15:Y | WoS:Multi,2.1570552655587774,0.46665474375892585,3.9062545418811645,-0.088557939831574,-0.21738439812735366,0.010314616784447991,-0.050000000000000044,-0.15000000000000002,0.0,20
DV:Y | Cat:Any | JIF:Y | Cite:N | Y15:N | WoS:Any,-0.9742744270716486,-2.0394146806804883,-0.18453912616368157,0.09690719473384801,0.013408466773402981,0.2324847365177418,0.15000000000000002,0.04875000000000001,0.30000000000000004,20
DV:Y | Cat:Any | JIF:N | Cite:Any | Y15:Y | WoS:Econ,0.5754198731757993,-1.7236714667071211,2.488070770509194,-0.14092616376187783,-0.3465872305190692,-0.014361702769075191,0.0,-0.30000000000000004,0.29999999999999993,20
DV:Y | Cat:Any | JIF:N | Cite:Any | Y15:Y | WoS:Other,-0.20592307032462287,-2.47558900128502,2.024685393911748,0.14869079107415117,-0.04067679362370647,0.3761642062611734,-0.050000000000000044,-0.39999999999999997,0.25,20
DV:Y | Cat:Any | JIF:N | Cite:Any | Y15:N | WoS:Econ,-0.6277368614538803,-1.4488682554869916,-0.05611540508973229,0.058548135699141635,-0.038237030485442094,0.2007934129302208,0.04999999999999993,0.0,0.15000000000000002,20
DV:Y | Cat:Any | JIF:N | Cite:Any | Y15:N | WoS:Other,2.015087390897114,-0.5753599244204602,4.591179972898369,-0.2575600380446374,-0.5416762177375558,-0.014042180586080527,-0.050000000000000044,-0.24999999999999994,0.1499999999999999,20
DV:Y | Cat:Any | JIF:N | Cite:Y | Y15:Any | WoS:Econ,0.29343813977690214,-0.6353958954080869,1.4035210521953339,-0.017159948066635344,-0.22610681442285593,0.17652825188845062,-0.09999999999999998,-0.3,0.09999999999999998,20
DV:Y | Cat:Any | JIF:N | Cite:Y | Y15:N | WoS:Any,-0.011876119371518001,-1.762853382388861,1.7384020837869603,-0.1294202550692659,-0.391688059374958,0.015166958606566359,-0.15000000000000002,-0.30000000000000004,0.0,20
DV:Y | Cat:Any | JIF:N | Cite:N | Y15:Any | WoS:Econ,-0.969435691034402,-2.088535742038921,-0.09795618877491025,0.06458770170917227,-0.052604825112960024,0.18936826734896917,0.09999999999999998,0.0,0.25,20
DV:Y | Cat:Any | JIF:N | Cite:N | Y15:Any | WoS:Other,1.5824434189029946,-0.634901043531771,3.7032811543414352,0.10348367663022584,-0.03326267461445867,0.25395207870295067,-0.09999999999999998,-0.44999999999999996,0.2,20
DV:Y | Cat:Any | JIF:N | Cite:N | Y15:Y | WoS:Any,-0.4914657778280471,-1.7791018782689836,0.7947434682793284,-0.02810208558450089,-0.18369356594936959,0.09149600467866299,-0.050000000000000044,-0.20000000000000007,0.10000000000000009,20
DV:Y | Cat:Any | JIF:N | Cite:N | Y15:Y | WoS:Econ,0.23596134076597952,-1.348119968859697,1.6587305754113273,-0.13209917816572758,-0.3210416511594269,-0.0014633312205260252,-0.050000000000000044,-0.15000000000000002,0.0,20
DV:Y | Cat:Any | JIF:N | Cite:N | Y15:Y | WoS:Other,0.019477546629679487,-2.1939322299262556,2.194596119704325,0.09860601239675082,-0.0610644840808901,0.2776195578643752,-0.050000000000000044,-0.35,0.30000000000000004,20
DV:Y | Cat:Any | JIF:N | Cite:N | Y15:N | WoS:Any,-0.09813247095663247,-0.9550463968864776,0.7679694533769096,0.04495120382671902,-0.0509906792684239,0.13090249690847078,0.09999999999999998,0.0,0.25,20
DV:Y | Cat:Any | JIF:N | Cite:N | Y15:N | WoS:Econ,0.19827906005830265,-0.9569719406778998,1.397773006572444,0.07721873705379423,-0.039176442053757275,0.2235195592666224,0.04999999999999993,0.0,0.15000000000000002,20
DV:Y | Cat:Any | JIF:N | Cite:N | Y15:N | WoS:Other,2.611570422206861,-0.5185589662299581,5.335800364614354,-0.2955813249353543,-0.5814142223375102,-0.018081433865813335,-0.050000000000000044,-0.2512499999999999,0.15000000000000002,20
DV:Y | Cat:E | JIF:Any | Cite:Any | Y15:Y | WoS:Econ,1.4054107972466499,-0.38911416816716066,2.8610205226927894,-0.164645790432986,-0.3847502981727203,0.010962107926646064,-0.09999999999999998,-0.25,0.0,20
DV:Y | Cat:E | JIF:Any | Cite:Any | Y15:Y | WoS:Multi,5.437461126985478,1.236933894350211,9.389273475835079,-0.3730238530730849,-0.6937140845043759,-0.06032431168497896,-0.050000000000000044,-0.15000000000000002,0.0,20
DV:Y | Cat:E | JIF:Any | Cite:Any | Y15:Y | WoS:Other,4.663286263332938,1.4064141730071957,7.928278719096968,0.07218669300118574,-0.19705077653610995,0.3334330250856043,-0.09999999999999998,-0.4,0.25,20
DV:Y | Cat:E | JIF:Any | Cite:Any | Y15:N | WoS:Econ,1.3094033631863509,-1.045088202297712,3.6110993659561292,-0.14666271112322432,-0.44266881360002885,0.09369830087903112,0.04999999999999993,-0.15124999999999994,0.25,20
DV:Y | Cat:E | JIF:Any | Cite:Any | Y15:N | WoS:Multi,-0.803513470055865,-2.7876187026698873,0.97556489575285,0.12899235902960116,-0.021008640842684407,0.3256400285228825,0.0,-0.35,0.30000000000000004,20
DV:Y | Cat:E | JIF:Any | Cite:Y | Y15:Any | WoS:Econ,1.227182760453167,-0.9201461930757379,3.1417284243871815,-0.2931362606818064,-0.5701668466978445,-0.04778467423614032,-0.050000000000000044,-0.30000000000000004,0.19999999999999996,20
DV:Y | Cat:E | JIF:Any | Cite:Y | Y15:Any | WoS:Multi,-0.724678135703563,-1.719179274424868,0.3315947802806656,0.07269484289842731,-0.05597516330065114,0.19029099132772395,0.0,-0.19999999999999996,0.2,20
DV:Y | Cat:E | JIF:Any | Cite:Y | Y15:N | WoS:Any,1.2802318787548526,-0.22564852172962926,2.7102005951828914,-0.2130422155858242,-0.43809657024333415,-0.04465310037429304,0.04999999999999993,-0.15000000000000002,0.25,20
DV:Y | Cat:E | JIF:Any | Cite:Y | Y15:N | WoS:Econ,3.1797944964719056,0.27560258344652316,5.731878057400045,-0.4937013116181596,-0.8310118176363497,-0.23777062052574155,-0.25,-0.55,0.04999999999999999,20
DV:Y | Cat:E | JIF:Any | Cite:N | Y15:Any | WoS:Econ,0.2887983409177952,-1.0762590733761475,1.6696090450151029,-0.05123550229317919,-0.26958026724733136,0.09831851703429147,0.0,-0.15000000000000002,0.15000000000000002,20
DV:Y | Cat:E | JIF:Any | Cite:N | Y15:Any | WoS:Multi,0.7016969347763569,-0.5811364081242485,2.193003597041261,-0.04630640011502596,-0.16619535472325145,0.0514712334534808,-0.050000000000000044,-0.15000000000000002,0.0,20
DV:Y | Cat:E | JIF:Any | Cite:N | Y15:Any | WoS:Other,3.359761243463125,0.5452163325382303,6.417857408442246,-0.007208092353302775,-0.30534656213428585,0.26347370991007363,-0.09999999999999998,-0.45,0.25,20
DV:Y | Cat:E | JIF:Any | Cite:N | Y15:Y | WoS:Any,-0.5342815670386543,-2.7460996652377125,1.3938434270520612,-0.002794494678880044,-0.22127149673271773,0.23593045701601906,0.04999999999999993,-0.2,0.30000000000000004,20
DV:Y | Cat:E | JIF:Any | Cite:N | Y15:Y | WoS:Econ,0.3104211816738811,-1.3875383489104036,1.9470863306816624,-0.13383216851214952,-0.33896363790149664,0.017164764827962246,-0.050000000000000044,-0.15000000000000002,0.0,20
DV:Y | Cat:E | JIF:Any | Cite:N | Y15:Y | WoS:Other,-0.22232944543669042,-2.1750388008457873,1.4417068989099169,0.08771224561799762,-0.05860057690211476,0.26413438031909536,-0.050000000000000044,-0.35,0.25,20
DV:Y | Cat:E | JIF:Any | Cite:N | Y15:N | WoS:Any,-0.07567802660631795,-1.3138405813499956,1.1782034951894162,0.11118653611748308,0.007644634764638056,0.2662031829913835,0.04999999999999993,-0.19999999999999996,0.30000000000000004,20
DV:Y | Cat:E | JIF:Any | Cite:N | Y15:N | WoS:Econ,-0.7326291667605265,-1.7113429394943545,0.22842218973845083,0.11477793143604409,-0.041503706239194825,0.2748094746895116,0.04999999999999993,-0.19999999999999996,0.3,20
DV:Y | Cat:E | JIF:Y | Cite:Any | Y15:Any | WoS:Econ,1.8536239142729931,-1.1714062069209237,4.2865591629014785,-0.29090556259778083,-0.7087959015164575,0.004248174533022452,-0.15000000000000002,-0.5,0.19999999999999996,20
DV:Y | Cat:E | JIF:Y | Cite:Any | Y15:Any | WoS:Multi,0.14280040586027098,-1.279905250434585,1.612244999322575,0.10430395532288006,0.0005152469188652903,0.24065653778670845,0.0,-0.15000000000000002,0.10000000000000009,20
DV:Y | Cat:E | JIF:Y | Cite:Any | Y15:Y | WoS:Any,2.8639703600698896,0.651354601655392,4.876799821788408,-0.2468832725560196,-0.5556122546017913,0.04450018456873753,-0.050000000000000044,-0.20000000000000007,0.10000000000000003,20
DV:Y | Cat:E | JIF:Y | Cite:Any | Y15:N | WoS:Any,-0.8376476041797103,-2.7462553640486993,0.8531235789476713,0.05809895046347524,-0.026025109509156444,0.18707071983517823,0.15000000000000002,-0.15000000000000002,0.4,20
DV:Y | Cat:E | JIF:Y | Cite:Any | Y15:N | WoS:Multi,-1.2915108675688964,-3.266649655263544,0.42858997533258775,0.11380286546008866,0.0044325752445981345,0.24504734552195623,0.15000000000000002,-0.15000000000000002,0.44999999999999996,20
DV:Y | Cat:E | JIF:Y | Cite:Y | Y15:Any | WoS:Any,-0.4091311311175083,-2.6905447581679547,1.7533883232236531,-0.023860878229977178,-0.19654251332045072,0.12831273202616275,0.04999999999999993,-0.25,0.35,20
DV:Y | Cat:E | JIF:Y | Cite:Y | Y15:Any | WoS:Multi,-0.9266262184921938,-2.678121847941568,0.6870790926533805,0.12283824296019719,0.0028225165402733436,0.2833698737162969,-0.050000000000000044,-0.35,0.24999999999999994,20
DV:Y | Cat:E | JIF:Y | Cite:Y | Y15:N | WoS:Any,1.6137171287651002,-0.8590491186271313,3.9658252599879495,-0.06940279272343053,-0.2644548650057229,0.05956946933048085,-0.25,-0.6000000000000001,0.19999999999999996,20
DV:Y | Cat:E | JIF:Y | Cite:N | Y15:Any | WoS:Any,-0.5066312253498806,-1.652289894390342,0.574533383081038,-0.1048731720353433,-0.31426004327854046,0.028997783734634925,0.04999999999999993,-0.10000000000000009,0.20000000000000007,20
DV:Y | Cat:E | JIF:Y | Cite:N | Y15:Y | WoS:Any,0.7062214633850541,-0.8331598530727732,2.2135971634189313,-0.16685787181816114,-0.40021641736318186,0.006000942851836745,0.04999999999999993,-0.09999999999999998,0.20000000000000007,20
DV:Y | Cat:E | JIF:N | Cite:Any | Y15:Any | WoS:Econ,-0.6706289213018257,-1.6204893581342514,0.09860131668165129,0.01353752088152993,-0.123721778171099,0.15556877216018528,0.04999999999999993,-0.10000000000000003,0.20000000000000007,20
DV:Y | Cat:E | JIF:N | Cite:Any | Y15:Any | WoS:Other,3.2593319311465487,0.3403266418761678,6.289174228548372,0.005066068122624667,-0.29597320452298703,0.22854390359361174,-0.050000000000000044,-0.35000000000000003,0.3,20
DV:Y | Cat:E | JIF:N | Cite:Any | Y15:Y | WoS:Any,-0.6463830217048097,-2.891245847122639,0.9710883186453518,-0.002863356775533288,-0.1543756463431503,0.1483173486541353,0.09999999999999998,-0.15000000000000002,0.30000000000000004,20
DV:Y | Cat:E | JIF:N | Cite:Any | Y15:Y | WoS:Econ,0.8917330386000062,-0.5525833932028917,2.3953357660869394,-0.10130694990096256,-0.2766534181234733,0.024209122764287213,-0.050000000000000044,-0.15000000000000002,0.0,20
DV:Y | Cat:E | JIF:N | Cite:Any | Y15:N | WoS:Any,0.13750037370140067,-1.7306363323148033,1.920341996594739,0.04286501576294022,-0.09511374633007036,0.17213822437835571,-0.050000000000000044,-0.29999999999999993,0.15000000000000002,20
DV:Y | Cat:E | JIF:N | Cite:Any | Y15:N | WoS:Econ,0.3737728918545473,-1.2054448773795257,2.023230383297569,-0.03665569300837046,-0.18997341928025696,0.10181739431969601,-0.050000000000000044,-0.25,0.15000000000000002,20
DV:Y | Cat:E | JIF:N | Cite:Y | Y15:Any | WoS:Any,1.8769261706017852,-0.32041280898963975,3.847822744785534,-0.34287631906168436,-0.5772589960662028,-0.10970573750991816,-0.050000000000000044,-0.3,0.20000000000000007,20
DV:Y | Cat:E | JIF:N | Cite:Y | Y15:Any | WoS:Econ,1.7161882585182076,-0.3258621842467126,4.017371770234471,-0.27649127810949453,-0.5558397370541364,-0.027161065687355955,0.0,-0.19999999999999996,0.19999999999999996,20
DV:Y | Cat:E | JIF:N | Cite:Y | Y15:N | WoS:Any,2.863159856723491,-0.05530188491427878,6.10242220020933,-0.38957945440600783,-0.6941930023389558,-0.14139316373611657,-0.25,-0.5499999999999999,0.050000000000000044,20
DV:Y | Cat:E | JIF:N | Cite:N | Y15:Any | WoS:Any,-1.1915293989045113,-2.858216913119607,0.44499921683850513,0.10210873543544974,0.013240905089707496,0.22111302600631308,0.0,-0.19999999999999996,0.19999999999999996,20
DV:Y | Cat:E | JIF:N | Cite:N | Y15:Any | WoS:Econ,-0.12546696408992286,-1.14993653899903,0.8788478602166337,-0.008296228215549206,-0.12724406449687647,0.07887630363946521,0.0,-0.1499999999999999,0.15000000000000002,20
DV:Y | Cat:E | JIF:N | Cite:N | Y15:Any | WoS:Other,0.9211852082512992,-1.5604084107609222,3.0734299415396453,0.05982740438358192,-0.0918092146613713,0.23982593568426547,-0.09999999999999998,-0.40124999999999994,0.25,20
DV:Y | Cat:E | JIF:N | Cite:N | Y15:Y | WoS:Any,-0.007028373160128609,-1.6367225427758318,1.4865728049618094,-0.004459318441466964,-0.15984055589009347,0.12337644669556085,-0.15000000000000002,-0.35000000000000003,0.050000000000000044,20
DV:Y | Cat:E | JIF:N | Cite:N | Y15:Y | WoS:Econ,1.3034753967327122,-0.2816419355970372,3.072327482721196,-0.13927850003462672,-0.319439009917569,0.016438894121795024,-0.050000000000000044,-0.15000000000000002,0.0,20
DV:Y | Cat:E | JIF:N | Cite:N | Y15:N | WoS:Any,-0.9703071826044116,-1.852606161779553,-0.07204019650776008,0.03030740677897059,-0.08232523817365643,0.13620270255596767,0.09999999999999998,0.0,0.25,20
DV:Y | Cat:T | JIF:Any | Cite:N | Y15:Any | WoS:Other,0.02671456106430181,-1.3775970008817457,1.6116853366976873,-0.10511960929159858,-0.30129632432326736,0.01676428473996515,-0.050000000000000044,-0.24999999999999994,0.10000000000000009,20
DV:Y | Cat:T | JIF:Any | Cite:N | Y15:Y | WoS:Any,2.460954134591751,-0.26511551896623914,4.8605095274635115,-0.27652098039013856,-0.5396586245739469,0.02062232086430818,-0.050000000000000044,-0.30000000000000004,0.19999999999999996,20
DV:Y | Cat:T | JIF:Any | Cite:N | Y15:N | WoS:Any,2.0324784349116234,-1.3702349319221585,5.151298391373316,-0.21184529184469064,-0.5282225642977424,0.05878761175580321,-0.050000000000000044,-0.2512499999999999,0.15000000000000002,20
DV:Y | Cat:T | JIF:Y | Cite:Any | Y15:Any | WoS:Multi,0.9769459230391879,-1.9913130596267712,3.6282947621584887,-0.15458898621380424,-0.4306340866536787,0.06755620310960514,0.0,-0.25,0.25,20
DV:Y | Cat:T | JIF:Y | Cite:Any | Y15:Y | WoS:Any,0.4062023999842257,-2.1914106888969775,2.5390046684509624,-0.11120564853994297,-0.31657790381065354,0.09097627182432055,0.0,-0.25,0.29999999999999993,20
DV:Y | Cat:T | JIF:Y | Cite:Any | Y15:N | WoS:Any,0.03878761524906604,-1.4936904167279652,1.4792387030040266,-0.13209023434428913,-0.33105089735282417,0.0007702366803582416,-0.09999999999999998,-0.3,0.050000000000000044,20
DV:Y | Cat:T | JIF:Y | Cite:N | Y15:Any | WoS:Any,0.7816710623767698,-1.7693452898371675,3.2358155079120765,-0.10802374438565765,-0.3674552292538216,0.11135609095500257,0.0,-0.25,0.24999999999999994,20
DV:Y | Cat:T | JIF:Y | Cite:N | Y15:Y | WoS:Any,-0.7696474183036104,-2.3363614894080755,0.607390800828327,-0.05617879445025575,-0.18083620670400888,0.04856023007619416,0.04999999999999993,-0.10000000000000009,0.20124999999999893,20
DV:Y | Cat:T | JIF:N | Cite:Any | Y15:Any | WoS:Other,2.6012388682311753,-0.04577149998281014,5.245590147976461,-0.32102319288591413,-0.624826088164246,-0.042702811672770145,-0.050000000000000044,-0.24999999999999994,0.10000000000000009,20
DV:Y | Cat:T | JIF:N | Cite:Any | Y15:N | WoS:Any,1.6677312271276223,-1.2737377575864286,4.490727751676597,-0.25505806149292626,-0.5298885643357387,-0.020424613288998736,-0.050000000000000044,-0.20000000000000007,0.09999999999999998,20
DV:Y | Cat:T | JIF:N | Cite:N | Y15:Any | WoS:Any,3.6652159743933614,-0.4584822486382917,6.952422283269134,-0.28050002219502806,-0.6006098236886419,0.0022972624595386814,-0.050000000000000044,-0.25,0.15000000000000002,20
DV:N | Cat:Any | JIF:Any | Cite:Y | Y15:Y | WoS:Multi,0.11082753144351987,-1.7893502121441547,1.7071949783139415,-0.07790478803502343,-0.2630384734812582,0.04277329851270451,-0.15000000000000002,-0.45,0.1499999999999999,20
DV:N | Cat:Any | JIF:Any | Cite:Y | Y15:N | WoS:Multi,1.146394973542825,-0.46358857922326824,2.7547483580288223,-0.20969535277141788,-0.4441631939277638,-0.020658232565556857,-0.09999999999999998,-0.25125,0.09999999999999998,20
DV:N | Cat:Any | JIF:Any | Cite:Y | Y15:N | WoS:Other,1.0862536975482149,-1.1106229771804184,3.115104553961194,-0.17181085989720818,-0.4168929183622843,0.0714406614612214,-0.050000000000000044,-0.20000000000000007,0.10000000000000009,20
DV:N | Cat:Any | JIF:Any | Cite:N | Y15:Y | WoS:Econ,-0.22234309385661266,-1.1083600315296958,0.5531434237341757,-0.05967676872715877,-0.1881054982501075,0.018517221456614576,0.0,-0.15000000000000002,0.15000000000000002,20
DV:N | Cat:Any | JIF:Any | Cite:N | Y15:Y | WoS:Multi,0.5801508177438706,-1.9392998497128233,2.6191516305453892,0.04418958852239041,-0.10236152282736453,0.18449303220582597,-0.050000000000000044,-0.4,0.3,20
DV:N | Cat:Any | JIF:Any | Cite:N | Y15:Y | WoS:Other,0.49895448809329945,-0.7236312693382805,2.0202679879353482,-0.09929486723685921,-0.2602575085001446,0.00747525391290043,-0.050000000000000044,-0.15000000000000002,0.0,20
DV:N | Cat:Any | JIF:Any | Cite:N | Y15:N | WoS:Econ,1.4533523485122393,-1.1997610227637172,3.8518690298522595,-0.10068479042907597,-0.2818797561628674,0.06796631651516265,-0.09999999999999998,-0.44999999999999996,0.25,20
DV:N | Cat:Any | JIF:Any | Cite:N | Y15:N | WoS:Multi,0.927808637935442,-0.5065009557612876,2.2153982998508237,-0.1848238934149627,-0.4309807806765308,-0.03534119147249308,-0.050000000000000044,-0.29999999999999993,0.15000000000000002,20
DV:N | Cat:Any | JIF:Any | Cite:N | Y15:N | WoS:Other,-0.18629332833368473,-1.9626056203022177,1.632374758382668,-0.11411852510565856,-0.3109880139978249,0.027289515624875194,0.0,-0.19999999999999996,0.19999999999999996,20
DV:N | Cat:Any | JIF:Y | Cite:Any | Y15:Y | WoS:Multi,-0.9371160331107546,-1.9254721251092455,0.022635399872546095,-0.004872354889790542,-0.11097480655422125,0.056343215768936306,-0.050000000000000044,-0.15000000000000002,0.0,20
DV:N | Cat:Any | JIF:Y | Cite:Any | Y15:Y | WoS:Other,0.5932807931708179,-1.4202288898275923,2.726763228840493,-0.14235894674025007,-0.3473277924015034,0.023136820470896078,-0.050000000000000044,-0.25,0.15000000000000002,20
DV:N | Cat:Any | JIF:Y | Cite:Any | Y15:N | WoS:Multi,-0.01750731292594576,-1.9377251953522598,1.721977869981969,-0.06015028505755238,-0.23270874730152252,0.07566741821543238,-0.050000000000000044,-0.20000000000000007,0.10000000000000003,20
DV:N | Cat:Any | JIF:Y | Cite:Any | Y15:N | WoS:Other,0.7503631089274077,-2.000199783374073,3.1814850370968046,-0.1200029953118038,-0.3742921510918483,0.08391485172670463,0.0,-0.19999999999999996,0.19999999999999996,20
DV:N | Cat:Any | JIF:Y | Cite:Y | Y15:Any | WoS:Multi,-0.2756838906690682,-1.5185459000929467,0.8115013816662988,-0.013278988367061206,-0.14709021782413637,0.07405054456216041,0.0,-0.15000000000000002,0.14999999999999997,20
DV:N | Cat:Any | JIF:Y | Cite:Y | Y15:Any | WoS:Other,0.1664828393023594,-2.1912946436459313,2.4726910759031413,-0.12786232154773292,-0.3401814667976799,0.05700793766390254,0.0,-0.20000000000000007,0.25,20
DV:N | Cat:Any | JIF:Y | Cite:Y | Y15:Y | WoS:Any,0.24338949877715432,-1.8852232284206139,2.347093730550108,-0.09047235648936214,-0.2580732144721791,0.03496835400154532,-0.050000000000000044,-0.35,0.29999999999999993,20
DV:N | Cat:Any | JIF:Y | Cite:Y | Y15:N | WoS:Any,1.136298506090843,-1.3334471647016348,3.5959055849172965,-0.13889823663920164,-0.4016177928915137,0.09289480870579757,0.0,-0.19999999999999996,0.19999999999999996,20
DV:N | Cat:Any | JIF:Y | Cite:Y | Y15:N | WoS:Multi,0.4518868015012325,-1.279872464539864,2.1217160571121956,-0.06342530618544218,-0.27200542329604077,0.09317506921103211,0.0,-0.19999999999999996,0.19999999999999996,20
DV:N | Cat:Any | JIF:Y | Cite:Y | Y15:N | WoS:Other,0.2486138509429079,-1.6918028576953932,2.0263739142000534,-0.13267611473608898,-0.3631498888962833,0.0024049205275820545,-0.09999999999999998,-0.3,0.09999999999999998,20
DV:N | Cat:Any | JIF:Y | Cite:N | Y15:Any | WoS:Multi,1.0895883512461761,-0.6005903216956505,2.9682502133303683,-0.16413055080305788,-0.40150328624449894,-0.015039402732085323,-0.050000000000000044,-0.3,0.19999999999999996,20
DV:N | Cat:Any | JIF:Y | Cite:N | Y15:Any | WoS:Other,2.4513967287214795,-0.2403782312952129,5.097172469937184,-0.2417450046400494,-0.54801610415193,0.014963159288915255,-0.09999999999999998,-0.3,0.09999999999999998,20
DV:N | Cat:Any | JIF:Y | Cite:N | Y15:Y | WoS:Any,0.08452182184039359,-1.2985530577746993,1.3783103589948136,-0.09003588909765481,-0.26661624984442633,0.01674735074403279,-0.050000000000000044,-0.25,0.10000000000000003,20
DV:N | Cat:Any | JIF:Y | Cite:N | Y15:Y | WoS:Multi,0.1235994069058437,-2.162633944127909,2.338271362203356,-0.07309867430171679,-0.2521944669866477,0.05587366580022344,0.0,-0.25,0.25,20
DV:N | Cat:Any | JIF:Y | Cite:N | Y15:Y | WoS:Other,1.2376197999120828,-0.8672212783411707,3.11159689097622,-0.1892244988863116,-0.42758526769500294,0.011692129505491415,-0.050000000000000044,-0.24999999999999994,0.09999999999999998,20
DV:N | Cat:Any | JIF:Y | Cite:N | Y15:N | WoS:Any,0.031218807435894114,-0.9157024255978284,1.0230554174445718,-0.1097937843007376,-0.29637877439107124,-0.009112631972855827,-0.050000000000000044,-0.24999999999999994,0.10000000000000003,20
DV:N | Cat:Any | JIF:Y | Cite:N | Y15:N | WoS:Multi,0.46171594960282825,-1.4482145838652327,2.376676973235423,-0.1939660452931457,-0.4323670362686229,-0.00020344121783774354,0.0,-0.19999999999999996,0.2,20
DV:N | Cat:Any | JIF:Y | Cite:N | Y15:N | WoS:Other,0.9924324978774468,-1.7536276670064503,3.407033916502131,-0.11151576276825148,-0.3681037034348127,0.0953245957479794,0.0,-0.25,0.25,20
DV:N | Cat:Any | JIF:N | Cite:Any | Y15:Y | WoS:Econ,0.7085849408130764,-0.49129825914595826,2.098060724544473,-0.11098005965841662,-0.26760547103274174,-0.008024937899436493,-0.050000000000000044,-0.15000000000000002,0.0,20
DV:N | Cat:Any | JIF:N | Cite:Any | Y15:Y | WoS:Other,0.41092310570048696,-1.8071246719040863,2.5322620820252695,-0.16405041913321622,-0.34865511475429267,-0.01777467048815806,0.0,-0.25125,0.25,20
DV:N | Cat:Any | JIF:N | Cite:Any | Y15:N | WoS:Econ,0.3322593256334496,-1.6903737779252301,2.3298707592395735,-0.1599924206260792,-0.3748894097440743,-0.012929951217864177,-0.050000000000000044,-0.25,0.15000000000000002,20
DV:N | Cat:Any | JIF:N | Cite:Any | Y15:N | WoS:Other,0.7868695430713739,-0.7238479207114825,2.3821141713466405,-0.17930735463550757,-0.3997097152127842,-0.02975711424873665,-0.050000000000000044,-0.20000000000000007,0.10000000000000003,20
DV:N | Cat:Any | JIF:N | Cite:Y | Y15:Any | WoS:Other,-0.5089371147819222,-1.340655819482571,0.39240202638336685,-0.04222403760509863,-0.15088380218014413,0.02042908309322843,-0.050000000000000044,-0.15000000000000002,0.0,20
DV:N | Cat:Any | JIF:N | Cite:Y | Y15:N | WoS:Any,-0.2786099105463089,-1.8055060161644285,1.1845747445856936,-0.09188206697643009,-0.2838436936767551,0.05414013787507227,-0.050000000000000044,-0.20124999999999998,0.09999999999999998,20
DV:N | Cat:Any | JIF:N | Cite:Y | Y15:N | WoS:Other,0.20506192382260746,-1.9137032193245576,2.390966044899083,-0.13619950785341173,-0.35008031497994735,0.03849196860826163,0.04999999999999993,-0.15000000000000002,0.25,20
DV:N | Cat:Any | JIF:N | Cite:N | Y15:Any | WoS:Econ,0.3625661074195863,-0.5043376738457899,1.284074300114097,-0.07387532689295129,-0.1970524308178617,0.008330745172203438,-0.050000000000000044,-0.15000000000000002,0.0,20
DV:N | Cat:Any | JIF:N | Cite:N | Y15:Any | WoS:Other,0.7850919539092178,-1.789096355380088,3.2265502082955786,-0.11318956120612589,-0.3862180063140665,0.08875320270066338,0.0,-0.19999999999999996,0.2,20
DV:N | Cat:Any | JIF:N | Cite:N | Y15:Y | WoS:Any,-0.1360554258226534,-1.2196608050829703,0.8690303353528288,-0.08490583759044312,-0.22811929489991178,0.02114952390963524,-0.050000000000000044,-0.15000000000000002,0.0,20
DV:N | Cat:Any | JIF:N | Cite:N | Y15:Y | WoS:Econ,0.02373262798031117,-1.4062555854118708,1.339833368874535,-0.10521483759116934,-0.2919080863958165,0.020401355766148536,-0.050000000000000044,-0.24999999999999994,0.10000000000000003,20
DV:N | Cat:Any | JIF:N | Cite:N | Y15:Y | WoS:Other,0.4713817799476967,-2.0842460454356715,2.6864999852766984,-0.17290508699573637,-0.38638390461510785,0.03363869046624987,0.0,-0.25,0.25,20
DV:N | Cat:Any | JIF:N | Cite:N | Y15:N | WoS:Any,1.38905284764978,-1.2703186526218861,3.5396593755799186,-0.27975853732248135,-0.5198837217644069,-0.021203858934622375,-0.050000000000000044,-0.25,0.15000000000000002,20
DV:N | Cat:Any | JIF:N | Cite:N | Y15:N | WoS:Econ,1.4113886752668217,-1.377216169133946,3.689861229879469,-0.12360685614005928,-0.3498556010324546,0.052713713237047155,-0.050000000000000044,-0.35000000000000003,0.29999999999999993,20
DV:N | Cat:Any | JIF:N | Cite:N | Y15:N | WoS:Other,0.7868024743519806,-1.118488730838798,2.8532511712510034,-0.2830388889090044,-0.5252134415862028,-0.045347168931385115,-0.050000000000000044,-0.25000000000000006,0.15000000000000002,20
DV:N | Cat:E | JIF:Any | Cite:Any | Y15:Y | WoS:Econ,0.14962147663738978,-1.2287992215620274,1.802552335235373,-0.08689137534691971,-0.2683935881267376,0.02816744161026279,-0.050000000000000044,-0.15000000000000002,0.0,20
DV:N | Cat:E | JIF:Any | Cite:Any | Y15:Y | WoS:Multi,-0.8193733249296145,-2.1497167666377184,0.47081047509524765,-4.426336890739346e-05,-0.11772039928153645,0.10388456033943273,0.09999999999999998,-0.05124999999999997,0.30000000000000004,20
DV:N | Cat:E | JIF:Any | Cite:Any | Y15:Y | WoS:Other,0.04124639179099443,-1.4117007575611638,1.3119905482999468,-0.09074365649939187,-0.2459195728307457,0.035254315629733184,-0.050000000000000044,-0.24999999999999994,0.10000000000000003,20
DV:N | Cat:E | JIF:Any | Cite:Any | Y15:N | WoS:Econ,1.3948446909647467,-1.6822627959315712,3.931435711680025,-0.20278812959108738,-0.5119497411105249,0.016389815539553813,-0.09999999999999998,-0.39999999999999997,0.19999999999999996,20
DV:N | Cat:E | JIF:Any | Cite:Any | Y15:N | WoS:Multi,2.0345453890154976,0.45232490056329167,3.409704629283855,-0.21783498395670792,-0.49076480874543393,-0.044954608277738395,-0.09999999999999998,-0.30000000000000004,0.09999999999999998,20
DV:N | Cat:E | JIF:Any | Cite:Any | Y15:N | WoS:Other,0.6756757867721097,-1.7151807155742966,2.9587272274339984,-0.058101479502908004,-0.1850405182257507,0.024388790290417003,-0.09999999999999998,-0.44999999999999996,0.2,20
DV:N | Cat:E | JIF:Any | Cite:Y | Y15:Any | WoS:Multi,-0.0032353748308766583,-1.8459937413835734,1.591030289469473,0.001916529392608779,-0.161446996206076,0.14108676448518115,-0.050000000000000044,-0.35000000000000003,0.29999999999999993,20
DV:N | Cat:E | JIF:Any | Cite:Y | Y15:Any | WoS:Other,-0.04940694628399456,-1.5656758500784025,1.4333532383246788,-0.07246610638631656,-0.21014602547649935,-0.003541624732073476,-0.09999999999999998,-0.35,0.14999999999999997,20
DV:N | Cat:E | JIF:Any | Cite:Y | Y15:N | WoS:Any,0.6774310684795211,-1.418423579238048,2.8025676753324826,0.04519232097956316,-0.11040592746332072,0.1949587175390761,-0.15000000000000002,-0.5,0.20000000000000007,20
DV:N | Cat:E | JIF:Any | Cite:Y | Y15:N | WoS:Multi,1.9161653365059452,-0.8264741691659933,4.546081142242823,0.0943374875129801,-0.15428172559754666,0.39030113850422055,-0.09999999999999998,-0.45,0.2,20
DV:N | Cat:E | JIF:Any | Cite:Y | Y15:N | WoS:Other,-0.17628632400442612,-1.2125385071170653,0.8982018751501023,-0.06397933318507132,-0.23115312932495402,0.020965490702259303,-0.09999999999999998,-0.25,0.0,20
DV:N | Cat:E | JIF:Any | Cite:N | Y15:Any | WoS:Econ,-0.3981667760117391,-1.1861154634600928,0.47237713727868186,-0.028482943378324688,-0.12966502900270951,0.05192459158923701,-0.050000000000000044,-0.15000000000000002,0.0,20
DV:N | Cat:E | JIF:Any | Cite:N | Y15:Any | WoS:Multi,-0.4699235736018359,-1.2332982339483158,0.37857756002306264,0.02712252400190296,-0.06126109901784318,0.11452103624503822,0.0,0.0,0.0,20
DV:N | Cat:E | JIF:Any | Cite:N | Y15:Any | WoS:Other,0.39472160926519617,-1.7110464567784218,2.141733443606222,-0.12003225140514884,-0.3101975189139387,0.012630533090453255,-0.050000000000000044,-0.25,0.15000000000000002,20
DV:N | Cat:E | JIF:Any | Cite:N | Y15:Y | WoS:Any,-0.2608700745839574,-1.1081165967155264,0.5226008508297234,-0.05666087262453212,-0.18350368113326593,0.01296529894941237,0.0,-0.15000000000000002,0.1499999999999999,20
DV:N | Cat:E | JIF:Any | Cite:N | Y15:Y | WoS:Econ,1.1059909094023705,-0.18450137277096232,2.4503871625877878,-0.13123950024381958,-0.37014067253358635,0.025866361428011443,-0.050000000000000044,-0.15000000000000002,0.0,20
DV:N | Cat:E | JIF:Any | Cite:N | Y15:Y | WoS:Multi,-1.7868904494294302,-2.9804850430918615,-0.6482872748882862,0.09248855337626893,0.0008472567482650358,0.20764328332491241,0.09999999999999998,-0.09999999999999998,0.30000000000000004,20
DV:N | Cat:E | JIF:Any | Cite:N | Y15:Y | WoS:Other,1.0563505616707412,-1.2490388926863745,3.298978837152872,-0.17722853216996248,-0.4420958715256698,-0.0006396962792045711,-0.09999999999999998,-0.35,0.15000000000000002,20
DV:N | Cat:E | JIF:Any | Cite:N | Y15:N | WoS:Any,2.312759232667628,0.0411959235191053,4.2434975284045455,-0.35041457331940623,-0.6329654848372605,-0.12608862464681342,-0.30000000000000004,-0.6000000000000001,0.04999999999999999,20
DV:N | Cat:E | JIF:Any | Cite:N | Y15:N | WoS:Other,1.9011276961250703,-1.1718419056046339,4.604821315062809,-0.10276738752143721,-0.3255130548200078,0.038885571008794334,-0.35000000000000003,-0.7000000000000001,0.0,20
DV:N | Cat:E | JIF:Y | Cite:Any | Y15:Any | WoS:Multi,0.5324578160438653,-1.7424679808009256,2.7747109724745815,-0.12248975810501062,-0.3592125760873674,0.08913587723385925,-0.050000000000000044,-0.25,0.15000000000000002,20
DV:N | Cat:E | JIF:Y | Cite:Any | Y15:Any | WoS:Other,1.8149911096469902,-0.542768890699858,3.800164915217532,-0.23843607394025468,-0.514622309193798,-0.024161892411092147,-0.15000000000000002,-0.35000000000000003,0.050000000000000044,20
DV:N | Cat:E | JIF:Y | Cite:Any | Y15:Y | WoS:Any,-0.07178178342767794,-1.390068327524458,1.5189400903963597,-0.07340253210852421,-0.25142598601081056,0.03591939462827213,-0.050000000000000044,-0.15000000000000002,0.0,20
DV:N | Cat:E | JIF:Y | Cite:Any | Y15:Y | WoS:Multi,0.18211081118546257,-2.400669886296857,2.4000258508380616,0.04679029896294229,-0.09068069558465819,0.1809593831258205,-0.09999999999999998,-0.39999999999999997,0.24999999999999994,20
DV:N | Cat:E | JIF:Y | Cite:Any | Y15:Y | WoS:Other,3.1265494744585274,1.1540760544898918,4.807044149576513,-0.28378723154016505,-0.5379678024224062,-0.06149134565062915,-0.2,-0.45,0.0,20
DV:N | Cat:E | JIF:Y | Cite:Any | Y15:N | WoS:Any,0.5866971872097855,-1.5592124090009225,2.3822509857028913,-0.1340195204741902,-0.369284002878846,-0.009355472851296386,-0.30000000000000004,-0.55,-0.04999999999999999,20
DV:N | Cat:E | JIF:Y | Cite:Any | Y15:N | WoS:Multi,1.1673919360684204,-0.563262074628345,2.806959347174814,-0.12572709960881512,-0.34232835747280194,-0.009769739371754368,-0.30000000000000004,-0.55,-0.04875000000000107,20
DV:N | Cat:E | JIF:Y | Cite:Any | Y15:N | WoS:Other,0.11371291438987363,-1.5606673756252243,1.8627930106070218,-0.0407534400406252,-0.20118959816728316,0.10044108428747588,-0.050000000000000044,-0.30000000000000004,0.2,20
DV:N | Cat:E | JIF:Y | Cite:Y | Y15:Any | WoS:Any,0.17618464822454616,-1.8676906056822946,1.7869733100496525,-0.06103540770817162,-0.22780841925562978,0.03623027294095306,-0.09999999999999998,-0.35000000000000003,0.15000000000000002,20
DV:N | Cat:E | JIF:Y | Cite:Y | Y15:Any | WoS:Multi,0.5203032777406271,-1.2442456750051656,2.1762264361111754,-0.11808977088086614,-0.3034414241896199,0.009697050291714842,-0.09999999999999998,-0.30000000000000004,0.050000000000000044,20
DV:N | Cat:E | JIF:Y | Cite:Y | Y15:Any | WoS:Other,0.4136530996011816,-1.0343361107528344,2.102332845147922,-0.1238788050202898,-0.3418193761655771,0.00889193339813104,-0.050000000000000044,-0.15000000000000002,0.0,20
DV:N | Cat:E | JIF:Y | Cite:Y | Y15:N | WoS:Any,0.5662994879539456,-1.4595250431823221,2.3119713511479474,-0.09390689425717536,-0.24853719514313305,-0.004470534925286895,-0.15000000000000002,-0.5,0.15000000000000002,20
DV:N | Cat:E | JIF:Y | Cite:Y | Y15:N | WoS:Multi,-0.6150817417419372,-2.3049801117812008,0.8707245696960748,0.054030721448215524,-0.06304937286309373,0.18573642877233926,0.09999999999999998,-0.19999999999999996,0.35000000000000003,20
DV:N | Cat:E | JIF:Y | Cite:Y | Y15:N | WoS:Other,-0.1187991623024729,-1.8194323957022684,1.4376323129706587,-0.04186586741624965,-0.14764097913875407,0.022780834644954895,-0.15000000000000002,-0.4,0.09999999999999998,20
DV:N | Cat:E | JIF:Y | Cite:N | Y15:Any | WoS:Any,0.45109369205196614,-0.9968589094453248,1.7277039552601654,-0.09766754725596194,-0.3312352244680376,0.041916450062644786,-0.09999999999999998,-0.35,0.1499999999999999,20
DV:N | Cat:E | JIF:Y | Cite:N | Y15:Any | WoS:Multi,-0.05498290546985718,-0.7773950131980508,0.6278802291346632,-0.032098627642229705,-0.13307412299722982,0.029313286859480127,0.0,0.0,0.0,20
DV:N | Cat:E | JIF:Y | Cite:N | Y15:Any | WoS:Other,3.5523825930738946,1.2427839903829052,5.633606509691739,-0.281797150545737,-0.6543039578550632,-0.026178716288009277,-0.15000000000000002,-0.35000000000000003,0.04999999999999999,20
DV:N | Cat:E | JIF:Y | Cite:N | Y15:Y | WoS:Any,0.4697720174496638,-1.3171916436258444,2.483484199693275,-0.14082840546227549,-0.3885010625507733,0.012908132155465218,-0.050000000000000044,-0.25,0.15000000000000002,20
DV:N | Cat:E | JIF:Y | Cite:N | Y15:Y | WoS:Multi,0.43833592141791655,-2.208907336881084,2.72120443077175,-0.09943025846063358,-0.36312527611750905,0.07625717985984613,-0.050000000000000044,-0.25,0.15000000000000002,20
DV:N | Cat:E | JIF:Y | Cite:N | Y15:Y | WoS:Other,2.3131145031086318,0.12968994035771444,4.679810980759568,-0.2576818418893891,-0.5164170801692941,-0.022068861278473302,-0.2,-0.45000000000000007,0.050000000000000044,20
DV:N | Cat:E | JIF:Y | Cite:N | Y15:N | WoS:Any,0.991217022558847,-1.5136469450720522,3.5103807836434697,-0.08694207937052845,-0.3014911772315102,0.02338269582071556,-0.15000000000000002,-0.45000000000000007,0.19999999999999996,20
DV:N | Cat:E | JIF:N | Cite:Any | Y15:Any | WoS:Econ,-0.5134768657970517,-1.7771039126794506,0.6969186698959665,-0.07074080679242689,-0.19549363762579108,0.013559525433580587,0.0,0.0,0.0,20
DV:N | Cat:E | JIF:N | Cite:Any | Y15:Any | WoS:Other,0.3852385651903001,-1.5773542961492082,2.089998633282408,-0.10035347183538401,-0.29470132970892,0.011507431147368612,-0.2,-0.5,0.09999999999999998,20
DV:N | Cat:E | JIF:N | Cite:Any | Y15:Y | WoS:Any,-0.3119115603463136,-0.9024649976603352,0.32878545352764854,-0.026717991778600902,-0.09347853722324465,0.01821008223282243,0.0,0.0,0.0,20
DV:N | Cat:E | JIF:N | Cite:Any | Y15:Y | WoS:Econ,-0.15274146709605052,-1.447700801480353,1.4141801680694168,-0.0745950506541132,-0.2456301076424518,0.03294133029801999,-0.050000000000000044,-0.15000000000000002,0.0,20
DV:N | Cat:E | JIF:N | Cite:Any | Y15:Y | WoS:Other,0.009160214223576268,-1.2829351596446956,1.5931993346653073,-0.07244893648060957,-0.24817316265543546,0.04259075828036939,-0.050000000000000044,-0.15000000000000002,0.0,20
DV:N | Cat:E | JIF:N | Cite:Any | Y15:N | WoS:Any,0.4826991878218969,-1.5708154411973572,2.6313948651119636,-0.13132896787741954,-0.29570975886931855,-0.01013864616812081,-0.050000000000000044,-0.30000000000000004,0.25,20
DV:N | Cat:E | JIF:N | Cite:Any | Y15:N | WoS:Econ,0.8570889746566843,-1.739364023476998,3.008073865592838,-0.14614136536621658,-0.31670090380825117,0.006149637381633763,-0.050000000000000044,-0.35,0.25,20
DV:N | Cat:E | JIF:N | Cite:Any | Y15:N | WoS:Other,0.9110907692706327,-1.57669005431105,3.147708772629515,-0.16228600654422215,-0.3467777885841221,-0.04709042774379262,-0.09999999999999998,-0.4,0.2,20
DV:N | Cat:E | JIF:N | Cite:Y | Y15:Any | WoS:Any,0.16421952942269602,-0.7308940924218057,1.2704828625932407,-0.06394017225924198,-0.19176319018745852,0.015523433481877258,-0.050000000000000044,-0.15000000000000002,0.0,20
DV:N | Cat:E | JIF:N | Cite:Y | Y15:N | WoS:Any,-0.004541763859783998,-1.6606852357422905,1.442380992386418,-0.10446107712793962,-0.27611437973054953,0.006325932900335577,-0.15000000000000002,-0.35,0.0,20
DV:N | Cat:E | JIF:N | Cite:N | Y15:Any | WoS:Any,-0.5383967688025786,-2.038548355716974,0.8669440982030441,-0.08343291605927883,-0.19833819248107343,-0.0032307791701584867,0.0,-0.19999999999999996,0.19999999999999996,20
DV:N | Cat:E | JIF:N | Cite:N | Y15:Any | WoS:Econ,-0.5078088290258833,-1.9155923666954546,0.9386058709462112,-0.07694791852780758,-0.21041027377831273,0.02865525310932167,0.04999999999999993,-0.15000000000000002,0.29999999999999993,20
DV:N | Cat:E | JIF:N | Cite:N | Y15:Any | WoS:Other,0.4237239150730341,-1.3791769508845375,2.047609205560766,-0.07330762354976339,-0.28020957427763954,0.06751721808540835,-0.09999999999999998,-0.3,0.09999999999999998,20
DV:N | Cat:E | JIF:N | Cite:N | Y15:Y | WoS:Any,-0.5444315503280963,-2.168330272050219,0.9936763292515012,-0.08984789864632803,-0.26890530229317294,0.06353581321680404,-0.050000000000000044,-0.20000000000000007,0.10000000000000003,20
DV:N | Cat:E | JIF:N | Cite:N | Y15:Y | WoS:Econ,-0.3715170749537213,-1.2436380511237315,0.5032539903345993,-0.04448126987439016,-0.14664378799351702,0.01771194227906732,0.0,0.0,0.0,20
DV:N | Cat:E | JIF:N | Cite:N | Y15:Y | WoS:Other,0.26685693686047873,-1.1588819539505366,1.6954231981021182,-0.09927416160484737,-0.27002009750767797,0.007700171924990509,-0.15000000000000002,-0.45000000000000007,0.15000000000000002,20
DV:N | Cat:E | JIF:N | Cite:N | Y15:N | WoS:Any,1.6145860839733919,-1.163405003010431,3.953254122760242,-0.07293572132952675,-0.23207631613143054,0.04770019082622823,-0.30000000000000004,-0.6499999999999999,0.09999999999999998,20
DV:N | Cat:E | JIF:N | Cite:N | Y15:N | WoS:Other,0.876871457289182,-1.5536590527878993,3.036669979069285,-0.1026627768413454,-0.2373337914945178,-0.015727469256446632,-0.25,-0.6,0.14999999999999997,20
DV:N | Cat:T | JIF:Any | Cite:Any | Y15:Y | WoS:Econ,0.37166515541390144,-2.1073811551627974,2.634309010434222,-0.1290190683142367,-0.36839786282450365,0.05651069381607571,0.04999999999999993,-0.2,0.30000000000000004,20
DV:N | Cat:T | JIF:Any | Cite:Any | Y15:Y | WoS:Multi,-0.4792900877998658,-1.7879959737689277,0.7015944554894118,-0.06833728107577419,-0.2605932929867912,0.0808478172869749,-0.050000000000000044,-0.25,0.10000000000000003,20
DV:N | Cat:T | JIF:Any | Cite:Any | Y15:Y | WoS:Other,1.5290224254422453,-1.5726778439157667,4.165188637851496,-0.17095161915787105,-0.4247496523794615,0.05121963651155273,-0.050000000000000044,-0.35,0.25,20
DV:N | Cat:T | JIF:Any | Cite:Any | Y15:N | WoS:Econ,1.0066286302049283,-1.708249511934976,3.311437848662054,-0.13969225173259792,-0.35596013878938454,0.005583527031203954,-0.15000000000000002,-0.45,0.15000000000000002,20
DV:N | Cat:T | JIF:Any | Cite:Any | Y15:N | WoS:Multi,0.9879767032587923,-2.0814149413595135,3.6618340235976605,-0.18299934961316194,-0.4564777927916372,0.05311648348087497,-0.050000000000000044,-0.30000000000000004,0.19999999999999996,20
DV:N | Cat:T | JIF:Any | Cite:Any | Y15:N | WoS:Other,0.4187474616797626,-1.7127143673493699,2.453582925079562,-0.11909744137451161,-0.3551764277366482,0.06918990657368534,-0.050000000000000044,-0.20000000000000007,0.10000000000000003,20
DV:N | Cat:T | JIF:Any | Cite:Y | Y15:Any | WoS:Multi,0.4728502074860401,-1.647967115851625,2.2863739207396407,-0.09879427295014709,-0.328224559365757,0.09473931228229689,0.0,-0.19999999999999996,0.2,20
DV:N | Cat:T | JIF:Any | Cite:Y | Y15:Any | WoS:Other,0.8895501928712211,-0.13544073689573613,1.8388281698987556,-0.11624657692213614,-0.34041924223727926,0.024397669403194887,0.0,-0.14999999999999997,0.15000000000000002,20
DV:N | Cat:T | JIF:Any | Cite:Y | Y15:N | WoS:Any,1.2590955912103956,-1.513881083249495,3.8265505365727623,-0.18252046950703515,-0.49348973282195785,0.05634069344721504,0.0,-0.19999999999999996,0.19999999999999996,20
DV:N | Cat:T | JIF:Any | Cite:Y | Y15:N | WoS:Other,0.4401836877419596,-1.3788555264028144,2.272475074255561,-0.11700144025753134,-0.351654849164854,0.07651264614578415,-0.050000000000000044,-0.2,0.10000000000000003,20
DV:N | Cat:T | JIF:Any | Cite:N | Y15:Any | WoS:Econ,1.5727031879394877,-0.7219338339965375,3.9217700383383183,-0.24785833153090797,-0.4936375341677348,-0.02958869584352231,0.0,-0.25,0.25,20
DV:N | Cat:T | JIF:Any | Cite:N | Y15:Any | WoS:Multi,2.8081807642930885,-0.6669448339929906,5.97924544442427,-0.25557936229205996,-0.5682493574521046,0.027234734131007746,-0.050000000000000044,-0.29999999999999993,0.20000000000000007,20
DV:N | Cat:T | JIF:Any | Cite:N | Y15:Any | WoS:Other,-0.01646303631713053,-1.4883955297519138,1.510977414643827,-0.10383507688603588,-0.3002352626006529,0.02596730220523001,-0.050000000000000044,-0.20000000000000007,0.09999999999999998,20
DV:N | Cat:T | JIF:Any | Cite:N | Y15:Y | WoS:Any,0.47300186966519675,-2.1683055188248237,3.1197157864472853,-0.15214983645377317,-0.4142851812084775,0.059811827166109145,0.04999999999999993,-0.15000000000000002,0.25,20
DV:N | Cat:T | JIF:Any | Cite:N | Y15:Y | WoS:Econ,0.2935492944724034,-1.5591403376256152,2.098325771119847,-0.1467288520890324,-0.3708505919277656,0.006685145093454768,0.04999999999999993,-0.19999999999999996,0.30000000000000004,20
DV:N | Cat:T | JIF:Any | Cite:N | Y15:Y | WoS:Multi,2.169412231315042,-0.45571658759073236,4.292085364981219,-0.19001576488592403,-0.4344006841329542,0.08994260245299994,-0.09999999999999998,-0.40124999999999994,0.25,20
DV:N | Cat:T | JIF:Any | Cite:N | Y15:Y | WoS:Other,0.7113535340908754,-1.6126694750670179,3.0470865821198756,-0.1664779228265742,-0.40958336139663853,0.05044159027456754,0.0,-0.19999999999999996,0.19999999999999996,20
DV:N | Cat:T | JIF:Any | Cite:N | Y15:N | WoS:Any,1.390632741849502,-1.1902809618063055,3.989661832442993,-0.18464689241769044,-0.42897869170968955,0.050672948703129383,-0.050000000000000044,-0.30000000000000004,0.2,20
DV:N | Cat:T | JIF:Any | Cite:N | Y15:N | WoS:Multi,1.0330763535040477,-1.5571579529591477,3.4926283001830543,-0.11040592236306446,-0.33634906993715374,0.07075155785588744,0.0,-0.29999999999999993,0.29999999999999993,20
DV:N | Cat:T | JIF:Any | Cite:N | Y15:N | WoS:Other,1.822534030787307,-1.2028707890055725,4.607802435914827,-0.20503596223988485,-0.5328314254718673,0.05053371677284113,-0.050000000000000044,-0.25,0.15000000000000002,20
DV:N | Cat:T | JIF:Y | Cite:Any | Y15:Any | WoS:Multi,1.6548580053034856,-1.6009850759162823,4.742192044728294,-0.19521470529637958,-0.4778146195559228,0.06539826438179551,-0.050000000000000044,-0.25,0.15000000000000002,20
DV:N | Cat:T | JIF:Y | Cite:Any | Y15:Any | WoS:Other,0.25636976590106997,-0.4669047818191975,0.9734874989206306,-0.08914744661161955,-0.2354704001987925,0.003883417222248838,-0.050000000000000044,-0.15000000000000002,0.0,20
DV:N | Cat:T | JIF:Y | Cite:Any | Y15:Y | WoS:Any,-0.13646105883140525,-1.794874953149777,1.3255763058816457,-0.0663181080526688,-0.21548548873966766,0.04095755948154511,-0.050000000000000044,-0.20000000000000007,0.09999999999999998,20
DV:N | Cat:T | JIF:Y | Cite:Any | Y15:Y | WoS:Multi,0.013080328901722282,-2.538916817090303,2.290921244227467,-0.07872924748233057,-0.29437661616611027,0.11696393540452801,0.0,-0.20000000000000007,0.24999999999999994,20
DV:N | Cat:T | JIF:Y | Cite:Any | Y15:Y | WoS:Other,-0.11618959183308863,-3.258425904895114,2.238254342510501,-0.008077181393497668,-0.16708013114653114,0.15833093489194494,0.0,-0.35,0.3,20
DV:N | Cat:T | JIF:Y | Cite:Any | Y15:N | WoS:Any,2.5226391342071866,-0.610309141325654,5.55235130207464,-0.25000025982596047,-0.5531947483239326,0.04093317847406182,-0.050000000000000044,-0.2,0.09999999999999998,20
DV:N | Cat:T | JIF:Y | Cite:Any | Y15:N | WoS:Multi,0.46131374271186765,-0.8303195760521207,1.949546015654002,-0.1289073485110287,-0.3463805276985717,0.01357997775183519,-0.050000000000000044,-0.24999999999999994,0.09999999999999998,20
DV:N | Cat:T | JIF:Y | Cite:Any | Y15:N | WoS:Other,1.7273382572612102,-1.078499288561583,4.262276506011642,-0.17709323424059875,-0.45561761953590796,0.06511191819838946,-0.050000000000000044,-0.25,0.15000000000000002,20
DV:N | Cat:T | JIF:Y | Cite:Y | Y15:Any | WoS:Any,0.49152820937303776,-1.7375498085895693,2.450718910926412,-0.1255264059303859,-0.35817863184873633,0.05275139697300803,0.0,-0.19999999999999996,0.19999999999999996,20
DV:N | Cat:T | JIF:Y | Cite:Y | Y15:Any | WoS:Multi,1.4095626372401613,-0.7156597378973126,3.2892050851702614,-0.18138940118700964,-0.49078952143711474,0.056144369856415494,-0.050000000000000044,-0.25,0.15124999999999889,20
DV:N | Cat:T | JIF:Y | Cite:Y | Y15:N | WoS:Any,0.39601302057431376,-1.105408481770507,2.257021198479481,-0.11081987739194943,-0.3556317296861159,0.06278711517296984,0.0,-0.15000000000000002,0.14999999999999997,20
DV:N | Cat:T | JIF:Y | Cite:N | Y15:Any | WoS:Any,3.2269922728421205,0.02134504905143641,6.142709343093386,-0.23643133674413946,-0.5347371647598449,0.019439734578221235,-0.050000000000000044,-0.35,0.25,20
DV:N | Cat:T | JIF:Y | Cite:N | Y15:Any | WoS:Multi,1.1982424905426,-1.7996566413182917,3.5730447747379963,-0.14577485820332997,-0.4057782511160119,0.06759445141586774,0.0,-0.29999999999999993,0.25,20
DV:N | Cat:T | JIF:Y | Cite:N | Y15:Any | WoS:Other,0.09480851270062463,-1.8887380883574578,2.158592866438422,-0.11984430535251667,-0.326081248815534,0.07021010391574985,0.04999999999999993,-0.19999999999999996,0.25,20
DV:N | Cat:T | JIF:Y | Cite:N | Y15:Y | WoS:Any,1.8246127769147682,-1.6913341213682933,5.149147227030062,-0.24555188054137933,-0.5384262046252802,0.06939404319683805,0.0,-0.25,0.24999999999999994,20
DV:N | Cat:T | JIF:Y | Cite:N | Y15:Y | WoS:Multi,1.2435332677612951,-1.7977990502034853,3.836230276554507,-0.1097486146771447,-0.3846840165300208,0.11161297686084795,-0.050000000000000044,-0.30000000000000004,0.25,20
DV:N | Cat:T | JIF:Y | Cite:N | Y15:Y | WoS:Other,-0.04531731862504884,-1.5211536615384798,1.637171908108061,-0.08104454411631767,-0.3058358364297083,0.05088309788302624,0.0,-0.15000000000000002,0.14999999999999997,20
DV:N | Cat:T | JIF:Y | Cite:N | Y15:N | WoS:Any,-0.04974297176728548,-1.6286537173523472,1.4244686811428522,-0.06565936627186408,-0.23485844688999893,0.050004983276205395,-0.050000000000000044,-0.24999999999999994,0.10000000000000003,20
DV:N | Cat:T | JIF:N | Cite:Any | Y15:Any | WoS:Econ,1.4679586988572977,-0.6325256918965376,3.960798489846136,-0.20642628537509278,-0.4978951373089101,-0.004423330889299787,-0.050000000000000044,-0.20000000000000007,0.10000000000000009,20
DV:N | Cat:T | JIF:N | Cite:Any | Y15:Any | WoS:Other,1.2535387040508637,-0.8681094218759294,3.5834066432731224,-0.20551705834272593,-0.49649755052478173,-0.01214125442617947,-0.050000000000000044,-0.20000000000000007,0.09999999999999998,20
DV:N | Cat:T | JIF:N | Cite:Any | Y15:Y | WoS:Any,0.9034123333081965,-1.8389917980649761,3.391111628823591,-0.15843652627702792,-0.4145537896052677,0.041744093215963333,0.04999999999999993,-0.20000000000000007,0.3,20
DV:N | Cat:T | JIF:N | Cite:Any | Y15:Y | WoS:Econ,1.5139706877076469,-1.1526742265635808,4.093690229764195,-0.20082838959119464,-0.417499114335654,0.003411989461742224,-0.09999999999999998,-0.44999999999999996,0.24999999999999994,20
DV:N | Cat:T | JIF:N | Cite:Any | Y15:Y | WoS:Other,0.22786332226058104,-2.1854793758683604,2.7227635958833933,-0.13281687017476984,-0.37199926977192027,0.09262885595534491,0.04999999999999993,-0.15000000000000002,0.29999999999999993,20
DV:N | Cat:T | JIF:N | Cite:Any | Y15:N | WoS:Any,1.2166483130085277,-1.4086601888527093,3.7846184594285854,-0.19111106095669372,-0.46288702636440066,0.029893528640172674,-0.050000000000000044,-0.20124999999999998,0.09999999999999998,20
DV:N | Cat:T | JIF:N | Cite:Any | Y15:N | WoS:Other,1.124981263925518,-1.591654269394912,3.8099431467107396,-0.16891346809289487,-0.4294901483965612,0.05240452592812604,-0.050000000000000044,-0.29999999999999993,0.19999999999999996,20
DV:N | Cat:T | JIF:N | Cite:Y | Y15:Any | WoS:Any,0.4004269942942562,-0.9902560891218203,1.8613028844496977,-0.12432563854284229,-0.34313360462939746,0.022177861775922677,-0.15000000000000002,-0.30000000000000004,0.0,20
DV:N | Cat:T | JIF:N | Cite:Y | Y15:Any | WoS:Other,-0.33896847223452387,-2.4895691033270015,1.5628650347146944,-0.06214905014412053,-0.25762243857074957,0.09168330153162657,0.0,-0.25,0.20124999999999893,20
DV:N | Cat:T | JIF:N | Cite:N | Y15:Any | WoS:Any,0.8238521902324738,-1.2391148744822738,2.8527431356205084,-0.21042748997139205,-0.5507809889347227,0.005977941879399691,-0.050000000000000044,-0.25,0.19999999999999996,20
DV:N | Cat:T | JIF:N | Cite:N | Y15:Any | WoS:Econ,0.2428580814126322,-1.8886449693485552,2.1582439352117366,-0.12474775945189731,-0.3438907786592932,0.0177090198199147,0.0,-0.25,0.25,20
DV:N | Cat:T | JIF:N | Cite:N | Y15:Any | WoS:Other,0.5404007642459678,-1.2901691966757718,2.4779748507334816,-0.11157681604197922,-0.35147482840813216,0.07973443963845603,-0.050000000000000044,-0.25,0.15000000000000002,20
DV:N | Cat:T | JIF:N | Cite:N | Y15:Y | WoS:Any,3.212790118789303,-0.33230507399573406,6.5737304805798145,-0.27701811158176953,-0.5998381510372053,-0.00475723524688324,0.0,-0.2512499999999999,0.25,20
DV:N | Cat:T | JIF:N | Cite:N | Y15:Y | WoS:Econ,2.1129283836633563,-0.40486385010180953,4.4500393816814565,-0.39094037478104793,-0.7157645091474211,-0.1375415849152144,-0.09999999999999998,-0.39999999999999997,0.15000000000000002,20
DV:N | Cat:T | JIF:N | Cite:N | Y15:Y | WoS:Other,0.9311362752448247,-1.4916660359789378,3.440011253331862,-0.2215810588526978,-0.5198527104869706,0.006948546477264696,-0.09999999999999998,-0.39999999999999997,0.19999999999999996,20
DV:N | Cat:T | JIF:N | Cite:N | Y15:N | WoS:Any,1.6633663137754278,-1.8556616967066064,4.748031467540834,-0.24309078118502492,-0.5204275066404138,0.028091298969475608,0.0,-0.19999999999999996,0.19999999999999996,20
DV:N | Cat:T | JIF:N | Cite:N | Y15:N | WoS:Other,1.4273049093112578,-1.1995418316147353,3.8216679153692232,-0.17444807192057704,-0.4152745494025614,0.0477428569039082,-0.050000000000000044,-0.20124999999999998,0.09999999999999998,20
DV:N | Cat:R | JIF:Any | Cite:Any | Y15:Y | WoS:Other,-0.04842190122392598,-1.3612909840169538,1.2667866569802069,-0.11127322628953651,-0.3146841771575257,0.02784299891883336,-0.050000000000000044,-0.15000000000000002,0.0,20
DV:N | Cat:R | JIF:Any | Cite:Any | Y15:N | WoS:Other,0.4204207561795892,-1.4084709991782143,1.9607680107276,-0.14048104766156566,-0.33585646757114085,0.02841416640936621,0.0,-0.15000000000000002,0.15000000000000002,20
DV:N | Cat:R | JIF:Any | Cite:N | Y15:Any | WoS:Other,1.2977034697644116,-0.7797634695605767,3.305304033299424,-0.3165462753924598,-0.5796149866648326,-0.04721282647268784,-0.050000000000000044,-0.29999999999999993,0.15124999999999889,20
DV:N | Cat:R | JIF:Any | Cite:N | Y15:Y | WoS:Any,-0.2912293439035709,-1.1268948248500807,0.7526999753917786,-0.05243733087009328,-0.19710794613053725,0.04288422454946419,-0.050000000000000044,-0.15000000000000002,0.0,20
DV:N | Cat:R | JIF:Any | Cite:N | Y15:Y | WoS:Other,0.12568407357416866,-1.756113279161127,1.6531268013311562,-0.0845568283862852,-0.2962762247926699,0.03402451489256864,-0.09999999999999998,-0.35000000000000003,0.15000000000000002,20
DV:N | Cat:R | JIF:Any | Cite:N | Y15:N | WoS:Any,0.840162156479205,-0.9351241892240243,2.534700321532331,-0.20307322717531556,-0.39518523433604924,-0.020877202233774844,-0.050000000000000044,-0.24999999999999994,0.10000000000000003,20
DV:N | Cat:R | JIF:Any | Cite:N | Y15:N | WoS:Other,0.37226512309926285,-1.6632069870750323,2.489376474243329,-0.22680234625069884,-0.4764152954738264,-0.003386054542041809,-0.050000000000000044,-0.25,0.15000000000000002,20
DV:N | Cat:R | JIF:Y | Cite:Any | Y15:Any | WoS:Other,0.510531073405601,-1.2919675042467038,2.069344058323077,-0.11697361783295535,-0.29876964506199116,0.0017821976365011564,-0.25,-0.5,0.0,20
DV:N | Cat:R | JIF:Y | Cite:Any | Y15:N | WoS:Any,-0.4310903718175956,-1.9285379200704904,1.0508228030074536,-0.04264770721477351,-0.23144305878159585,0.10345619470246316,0.0,-0.25,0.24999999999999994,20
DV:N | Cat:R | JIF:Y | Cite:N | Y15:Any | WoS:Any,0.4448263470840228,-1.3180962819933695,2.1073816684002673,-0.09227823495496312,-0.27294665604645835,0.030077676106136444,-0.25,-0.55,0.050000000000000044,20
DV:N | Cat:R | JIF:N | Cite:Any | Y15:Any | WoS:Other,0.5156336913766966,-1.0451664116946016,2.0130299015907474,-0.156289830077661,-0.367155009890293,-0.012298536921713081,-0.09999999999999998,-0.30000000000000004,0.09999999999999998,20
DV:N | Cat:R | JIF:N | Cite:Any | Y15:N | WoS:Any,1.8404803112103343,-0.4513803794137147,4.080897989998811,-0.42653153636074853,-0.7613950725730604,-0.07551812213695841,0.0,-0.19999999999999996,0.2,20
DV:N | Cat:R | JIF:N | Cite:N | Y15:Any | WoS:Any,1.8357421592617458,-0.22810350804471163,3.691621843368152,-0.4186995494772998,-0.717993912068151,-0.12448214535236021,-0.050000000000000044,-0.25,0.19999999999999996,20
DV:N | Cat:R | JIF:N | Cite:N | Y15:Any | WoS:Other,1.6979591349754442,-0.5138714549202152,3.9091760795034523,-0.4138527466497274,-0.7833321346013734,-0.0702773806345551,-0.050000000000000044,-0.25,0.15000000000000002,20
