variation,delta_rmse,delta_rmse_ci_low,delta_rmse_ci_high,delta_correlation,delta_correlation_ci_low,delta_correlation_ci_high,delta_directional_accuracy,delta_directional_accuracy_ci_low,delta_directional_accuracy_ci_high,n
10.1162_003355399556151,8.110582704594254,4.942013529662681,10.940990081175533,-0.3173228317759202,-0.6617390622452768,-0.0022669625871989288,-0.2,-0.6,0.2,20
10.1038_415137a,0.837285732863756,-1.716883290607085,3.1602827043307724,-0.2654713592295361,-0.5170687670502897,0.031412627762450095,0.0,-0.29999999999999993,0.29999999999999993,20
10.1257_aer.90.4.980,3.1145361665928677,0.17631999096048642,5.658256113692015,-0.39955008942394316,-0.6965729528522289,-0.06491454136087846,-0.2,-0.55,0.15000000000000002,20
10.1257_jep.14.3.137,-0.9541140197804259,-3.703887429824348,1.1313125554276162,0.05157180313544918,-0.08444373035564771,0.19813317777477796,0.04999999999999993,-0.25,0.3012499999999989,20
10.1126_science.1153808,0.9978876495736442,-0.3035232067640974,2.556359191541722,-0.09739682952292428,-0.2317621872155292,-0.004726294915818968,-0.050000000000000044,-0.15000000000000002,0.0,20
10.1073_pnas.0630443100,3.4972371810262652,0.6867813070188361,6.209260049262714,-0.46290861879057854,-0.7157802640101497,-0.0893403782880336,-0.25,-0.6,0.09999999999999998,20
10.1126_science.1100735,-0.6399176067991492,-1.6250118743675124,0.6635337810701692,0.008978051756276084,-0.16079735403674753,0.15008682227856984,0.0,-0.19999999999999996,0.19999999999999996,20
10.1126_science.1127333,-0.2651078759456773,-1.5969096748840637,1.000689488250825,-0.12008722538189232,-0.24044362340857603,-0.005684823087701088,-0.050000000000000044,-0.3,0.2,20
10.1007_s10683-010-9257-1,-0.17981133429160767,-1.252073994613455,1.0992356059012056,-0.030846294870043423,-0.23877309292520965,0.11732537901755938,-0.09999999999999998,-0.25,0.0,20
10.1007_s12110-002-1012-7,7.977022392929951,4.762722738413919,10.965023639183823,-0.4401266163211176,-0.7299354902190054,-0.12272225956590548,-0.15000000000000002,-0.55,0.25,20
10.1257_aer.99.1.431,0.3426979293280583,-0.6259675948151392,1.4726674827164412,-0.08623312826164586,-0.2157879911289696,0.008643963160646247,-0.050000000000000044,-0.15000000000000002,0.0,20
10.1038_nature02978,0.37806115967860343,-0.4531450984612681,1.3442055990587338,-0.06396142406923466,-0.17666902638114088,0.015228631892670716,-0.050000000000000044,-0.15000000000000002,0.0,20
10.1126_science.1123633,8.058660077501372,4.283746381789843,11.492157661416744,-0.5964881148156883,-0.9596922026851982,-0.1975889694174646,-0.15000000000000002,-0.55,0.25,20
10.1126_science.1141588,3.493831959513016,1.327773333754821,5.860059859361978,-0.006089271258292062,-0.1133948972077254,0.13453931308683093,0.0,0.0,0.0,20
10.1038_nature04981,0.10107116944504213,-0.820456116578805,0.9709898629449223,-0.0992495541799372,-0.22753006657831723,-0.011926044754021852,0.0,0.0,0.0,20
10.1038_nature06723,-0.027731062339506174,-0.9392905206417583,1.0691653061892379,-0.07088095392207294,-0.20993571172038414,0.0020450694498833116,-0.050000000000000044,-0.15000000000000002,0.0,20
10.1257_000282803321455359,-0.8163386142085747,-2.3916141226934684,0.6169214593448206,-0.05721882163590852,-0.1574477496542572,0.05058929627292321,0.0,-0.19999999999999996,0.2,20
10.1073_pnas.0913149107,0.20187872949895613,-1.8832884567416306,1.8716173343869889,-0.09459977196911118,-0.26491148087242783,0.019828633256764733,-0.09999999999999998,-0.44999999999999996,0.24999999999999994,20
10.1126_science.1177418,-0.08758106474801242,-1.9405981484304493,1.4585731397775274,-0.08406948308012696,-0.21463271391248195,0.000739590122360972,0.0,-0.25,0.25,20
10.1038_nature01474,2.2272008157298506,0.4630784757221644,3.9576111917331787,-0.0883895151131946,-0.24229138583426443,0.02036161966058486,-0.050000000000000044,-0.15000000000000002,0.0,20
10.1073_pnas.1108243108,1.345839443301899,-0.09782495040732656,3.031698315199579,-0.1058276185489696,-0.2814703468525579,0.0002385841837420185,-0.050000000000000044,-0.15000000000000002,0.0,20
10.2307_2667052,1.6118338361577544,-0.003239573165635507,2.9099833673857107,-0.039804425692140044,-0.1643078849725203,0.07356676507133396,-0.050000000000000044,-0.15000000000000002,0.0,20
10.1073_pnas.161155698,0.28456375265071543,-2.0821944688187513,2.458599974060391,0.029411169674574356,-0.10551764136627236,0.17291435685284712,0.0,-0.30000000000000004,0.35,20
10.1098_rstb.2009.0134,-0.5781353897452473,-1.3635115692875472,0.10934110760289523,-0.0175414346386098,-0.11507209526658896,0.08022203711858322,0.04999999999999993,-0.09999999999999998,0.20000000000000007,20
10.1126_science.1183665,-0.7319730640847917,-2.055884800631673,0.8943428011153456,0.1057758654348614,-0.04841763878021232,0.3043170277547419,0.09999999999999998,-0.15000000000000002,0.3512499999999989,20
10.1038_nature09203,1.4112133884825449,-0.1610125988434338,2.990092508577062,-0.059829331178183676,-0.20490308193730117,0.02399564787041363,-0.050000000000000044,-0.15000000000000002,0.0,20
10.1017_s0140525x11002202,-0.0011372129398923292,-0.7435196421912548,0.8597926746672634,-0.026828192973112452,-0.14540106164735722,0.0770358466745461,0.0,0.0,0.0,20
10.1038_nature05229,0.9500650684446192,-0.5943277483010397,2.7342420942986743,-0.08432443372904308,-0.2532562832378318,0.030284281523155175,-0.050000000000000044,-0.15000000000000002,0.0,20
10.1126_science.1193649,0.6399941983003057,-1.2141525270856417,2.4916822853633875,-0.14824715783675185,-0.29290751455915176,-0.007896870280706793,-0.15000000000000002,-0.45,0.15124999999999889,20
10.1257_000282803322157142,2.275194461083429,-0.26621684015704267,4.835040248890463,-0.19233807453950869,-0.4270106351578923,0.014528608852397215,-0.09999999999999998,-0.45,0.25,20
10.1073_pnas.0500938102,10.032606047289288,6.008889949694936,13.655953161918138,-0.8382852050126044,-1.1564225999896784,-0.41373293553773294,-0.2,-0.55,0.19999999999999996,20
10.1002_per.474,0.8608559120293471,-0.5191150953034869,2.57442905793594,-0.0913497976318337,-0.2727191228739856,0.02490266738022636,-0.050000000000000044,-0.15000000000000002,0.0,20
10.1098_rspb.2003.2336,3.7567583759931162,0.5690671543255102,6.569701848999239,-0.3470868527896738,-0.6908545006195542,-0.024613200191866483,-0.09999999999999998,-0.4,0.19999999999999996,20
10.1103_PhysRevE.83.036101,1.7242896103765988,0.2839313833197964,3.144979093140581,-0.06338903332137591,-0.1775898796307496,0.031188250372387167,-0.050000000000000044,-0.15000000000000002,0.0,20
10.1111_j.1465-7295.2007.00051.x,0.8611272129788698,-1.2391272372401776,2.7483879867774763,-0.1289579265534908,-0.3446545737173336,0.051320557397700126,-0.09999999999999998,-0.35000000000000003,0.19999999999999996,20
10.1073_pnas.0502399102,0.08231689451695612,-0.9595140971239452,1.1667309593730124,-0.04574650376896605,-0.1757546176700736,0.050856543008487784,-0.09999999999999998,-0.25,0.0,20
10.1038_nature16981,0.3488161473304121,-1.7074757548466184,2.4555610248110575,-0.10014440364811084,-0.25425075211386705,0.0065139515154097665,-0.09999999999999998,-0.45,0.25,20
10.1371_journal.pcbi.1000758,1.8974910534463012,0.1314295581633803,3.593090165385306,-0.15609333604912395,-0.41558415857278674,0.0955011221942895,-0.09999999999999998,-0.35000000000000003,0.15000000000000002,20
10.1017_s0140525x11000069,-0.4240263102472257,-1.688194463550397,0.5848380584303645,0.055187357561703565,-0.03424118090231581,0.16969700738591995,0.0,-0.25,0.20000000000000007,20
10.1111_j.1467-937X.2010.00608.x,-1.0625866784440836,-2.735186068370176,0.32989307477914886,-0.054445117395894194,-0.24986107837743307,0.10123989006440608,0.04999999999999993,-0.15000000000000002,0.25,20
10.1098_rspb.2007.1558,1.7223142537088512,-0.2656032806746028,3.7307940456808732,-0.11833667671312853,-0.3000954945276116,0.009425504188687385,-0.050000000000000044,-0.15000000000000002,0.0,20
10.1038_nature16980,0.007637568476015488,-1.071479682064202,1.1210844112404126,-0.09428327884543886,-0.26576144804584717,0.01623919451127554,-0.050000000000000044,-0.15000000000000002,0.0,20
10.1073_pnas.0504902103,-0.08360995188824649,-1.5203388297967666,1.153684772267938,-0.024317005857891538,-0.14823944657253235,0.06330863800100389,-0.050000000000000044,-0.25,0.15000000000000002,20
10.1111_j.1468-0262.2005.00644.x,-1.081770785893994,-2.576934316154659,0.3033729330854639,-0.028264121168186773,-0.15448765245125085,0.09331554611767319,0.09999999999999998,0.0,0.25,20
10.1038_nature07601,1.1023838077966186,-0.2462806906348087,2.802807063770566,-0.09306943425329794,-0.2553387052310898,0.007302894547804939,-0.050000000000000044,-0.15000000000000002,0.0,20
10.1126_science.1145850,0.836552463905706,-0.6074455700549141,2.421337685560744,-0.0749938059774603,-0.2676982265210477,0.08218428046138021,-0.15000000000000002,-0.30000000000000004,0.0,20
10.1038_ncomms1442,7.028862388892251,4.553439984185021,9.251043528574973,-0.011512410279616914,-0.16869446014744255,0.1910943346602523,-0.050000000000000044,-0.15000000000000002,0.0,20
10.1126_sciadv.1601444,0.3586542491599056,-0.7473788852624701,1.843504052881285,-0.08952020096680047,-0.26435858873273355,0.011133898928079488,-0.050000000000000044,-0.15000000000000002,0.0,20
10.1126_science.1183532,-0.05798834277918008,-0.894168974484419,0.8690396546233988,-0.00794235120100728,-0.13739786410397928,0.07908438550322364,-0.050000000000000044,-0.15000000000000002,0.0,20
10.1038_ncomms5939,0.2695230431045834,-1.2829577018326954,1.6031891577175446,-0.08148656985713298,-0.23738895498856968,0.023307821494786423,0.0,-0.25,0.25,20
10.1073_pnas.1105604108,4.153855090914408,0.9853789018720334,7.065845727688697,-0.23184196014360092,-0.5205728606195797,0.11076041922151104,-0.15000000000000002,-0.55,0.25,20
10.1073_pnas.1707505115,2.8598316317818613,0.6760214341978187,5.004588068043612,-0.12315916818390593,-0.31166691003951097,0.006269662967343517,-0.050000000000000044,-0.15000000000000002,0.0,20
10.1111_j.1468-0262.2004.00511.x,-0.20626183874479853,-1.8367804364232476,1.2853075572936568,-0.032100183687322814,-0.20161212504643872,0.1748095825561727,0.0,-0.19999999999999996,0.19999999999999996,20
10.1073_pnas.1421402112,0.0569918666081346,-0.9831877069872431,1.0457814192441,-0.06286107229158577,-0.18249601929748405,0.028903113304486583,-0.050000000000000044,-0.15000000000000002,0.0,20
10.1007_s10683-007-9171-3,2.131475812043136,-0.3572906570342374,4.659633914773858,-0.12395665920548171,-0.37659541606340774,0.08883933716858018,-0.2,-0.5,0.15000000000000002,20
10.2307_2297904,4.527013330451491,1.0890623639971355,7.80285390163576,-0.39114746363639885,-0.8200590595546184,0.10818488087050812,-0.09999999999999998,-0.44999999999999996,0.25,20
10.1111_j.1467-9442.2006.00444.x,0.7219834253549609,-0.32717754465899535,1.7886456706743366,-0.0975738478257343,-0.259888270873779,0.019473118921955253,0.0,-0.15000000000000002,0.15000000000000002,20
10.1103_PhysRevX.7.041027,1.0076327487944017,-1.7650521351705306,3.6051424194409174,-0.01994518706151671,-0.20755173775157645,0.11493131975457892,-0.15000000000000002,-0.5,0.19999999999999996,20
10.1038_nn.3087,4.759468886758932,1.6245034528147106,7.632666884944631,-0.6433686048256261,-1.001489154218819,-0.18216292668269937,-0.15000000000000002,-0.5,0.19999999999999996,20
10.1103_PhysRevX.3.041021,0.3122034405316194,-0.7092547363162008,1.2534263785896382,-0.08512175557759127,-0.22276527718919564,0.010189929975915795,-0.050000000000000044,-0.15000000000000002,0.0,20
10.1007_s12110-005-1017-0,-0.39179048054508314,-1.6727809829948823,0.8615981431883045,-0.0663652472356866,-0.2141103412968014,0.06910305052057668,0.09999999999999998,-0.15000000000000002,0.35,20
10.1126_science.1241399,1.0624370713190299,-1.2321799963682798,3.1349746062982082,-0.24632059681441854,-0.459395871367192,-0.0931717201540547,-0.15000000000000002,-0.45,0.19999999999999996,20
10.1103_PhysRevE.92.012819,0.13049870865786506,-0.7973447313615977,1.0191833710000586,-0.041117005154310715,-0.14787967293385892,0.03922521027468562,-0.050000000000000044,-0.15000000000000002,0.0,20
10.1073_pnas.0808450106,-0.12681924006380552,-0.9472874773624241,0.7100052162926367,-0.03896661893189801,-0.12695117099685072,0.02899694009463149,0.0,0.0,0.0,20
10.1007_s10683-017-9527-2,0.511771383744021,-0.6027524876428624,1.8120695743098105,-0.056869519199928664,-0.1637543409901735,0.027546576208317065,-0.050000000000000044,-0.15000000000000002,0.0,20
10.1257_aer.99.4.1335,0.7356653713349424,-1.8939769426193087,2.9245901126446747,-0.09991411151381269,-0.2865790607922981,0.05786245643021421,0.0,-0.35,0.35000000000000003,20
10.1111_j.1468-0297.2005.01031.x,-0.8155242784322185,-2.0537779871510757,0.4052946416998729,-0.04766612851346297,-0.23440772844803184,0.061343627433743046,0.0,-0.15000000000000002,0.15000000000000002,20
10.1073_pnas.1105456108,2.143473778958744,-0.7480526156100141,4.5716815188374005,-0.18169771786611139,-0.3955461213329513,-0.0049054314186369056,-0.15000000000000002,-0.5,0.19999999999999996,20
10.1098_rsbl.2005.0344,3.0270366791225696,0.10988663158124164,5.4883078364115825,-0.0956362559211058,-0.3136257209589072,0.046917722286332654,-0.30000000000000004,-0.7,0.10000000000000003,20
10.1007_s00199-007-0212-0,6.023552163627557,4.140464588115297,8.127681975553813,-0.669818506581992,-1.0007949478140823,-0.32722181802246675,-0.25,-0.55,0.050000000000000044,20
10.1098_rstb.2010.0135,-0.15535579987691328,-1.4471079484694667,1.0624697121397428,-0.08382050256987639,-0.21978972059863144,0.019343277270756916,0.0,-0.15000000000000002,0.14999999999999997,20
10.1038_srep03055,0.4036311928776586,-1.4937339323570638,2.2000679855844325,-0.1497415992389146,-0.30628874539498585,-0.013534485636341537,-0.09999999999999998,-0.39999999999999997,0.15124999999999889,20
10.1073_pnas.0507229103,-0.20221802513231246,-1.1282061117552162,0.7044138307454848,-0.09143957586230911,-0.25301731136167144,0.057795033102893315,0.09999999999999998,-0.10000000000000009,0.35,20
10.1086_425623,0.6266009871857063,-2.1183215531501527,2.9076870581013377,-0.07404317261518223,-0.29950055614492294,0.10442818873523786,0.04999999999999993,-0.15000000000000002,0.29999999999999993,20
10.1016_j.jtbi.2010.06.010,13.035459400781697,10.191146810788187,15.270117500996323,-0.0654994530384646,-0.29828074467388643,0.08567211535895061,-0.050000000000000044,-0.15000000000000002,0.0,20
10.1007_s12110-005-1000-9,-0.035991497073039724,-1.2600689961061187,1.048158743249762,-0.07174965274307255,-0.19416302766897806,0.028493859879336784,0.0,-0.25,0.25,20
10.1098_rspb.2008.1082,-0.27046985782042743,-1.5230334569715116,0.8182937150013264,-0.06014534346307332,-0.24944242436226793,0.0922205230681452,-0.09999999999999998,-0.25,0.0,20
10.1257_aer.100.1.420,13.285477628608707,5.421447756387026,19.962028454045758,-0.34129639048540233,-0.6958146150650487,0.01810696779279076,-0.09999999999999998,-0.3,0.09999999999999998,20
10.1098_rspb.2010.0065,-0.24554536328382248,-1.4424334894592103,0.858879681855236,-0.048171111835194846,-0.24269169667262994,0.10025643790359923,-0.050000000000000044,-0.15000000000000002,0.0,20
10.1257_0895330027265,-0.2662290555160265,-2.084599918040807,1.454008637028756,-0.08535294650961667,-0.2526790507159057,0.11911041873334595,0.09999999999999998,-0.09999999999999998,0.3,20
10.1098_rspb.2007.1517,-0.49889544629629956,-1.818326063629957,1.06413047342831,-0.052469223224256956,-0.2307888502811132,0.10381217752235423,0.09999999999999998,-0.19999999999999996,0.35000000000000003,20
10.3389_fphy.2018.00107,-0.6385739691615395,-1.1005959027692158,-0.21385900709614464,0.008935790472703209,-0.018814226314438336,0.046163802453604005,0.0,0.0,0.0,20
10.1038_srep00344,0.7622654455370315,-0.37459553371242665,2.1211092641503537,-0.04312848185125295,-0.1437841927970691,0.04118871860005533,-0.050000000000000044,-0.15000000000000002,0.0,20
10.1103_PhysRevE.84.046106,-0.10961692763967879,-0.9213635484042947,0.5975781943343471,-0.023177155498588342,-0.09241854871689488,0.05344953724305929,0.0,0.0,0.0,20
10.1038_nclimate1927,0.44533884841609606,-0.9897905404862941,1.719179125138867,-0.10805105548792204,-0.26821836621460593,0.01114553555308267,0.09999999999999998,-0.15000000000000002,0.3999999999999999,20
10.1073_pnas.1703857114,2.1821673641167907,-0.5349926721350191,4.774294394345748,-0.022661524665842925,-0.20731784322603455,0.09666983246944723,-0.2,-0.55,0.19999999999999996,20
10.1016_j.jtbi.2013.02.008,-0.42380473138780683,-1.2511339458249966,0.28187701096736906,-0.03139265488652343,-0.12439341380721243,0.052345963737178286,-0.050000000000000044,-0.15000000000000002,0.0,20
10.1111_j.1465-7295.2009.00268.x,0.0777450791497758,-1.9685042149967646,2.069289161413306,-0.08559731923670544,-0.2782282616372242,0.05532055014102074,0.0,-0.25,0.24999999999999994,20
10.1073_pnas.1120867109,-0.27701556949337114,-2.015922755997356,1.2702621800401124,-0.044070363665554946,-0.1539355596921735,0.05145408590724736,0.0,-0.25,0.25,20
10.1073_pnas.0407370102,0.1634575560444027,-0.4348047031555524,0.9283098781277924,-0.056958170876076575,-0.137579051355985,0.000271599534209629,0.0,0.0,0.0,20
10.1162_jeea.2005.3.2-3.303,0.29917820559972164,-1.9758928101818276,2.361349111534712,-0.10430166632807725,-0.31429150376562787,0.09159158585379512,0.0,-0.30124999999999996,0.3,20
10.1111_j.1468-0297.2009.02288.x,1.2999371737665202,-0.26460528146256806,2.9177227861916273,-0.11706728389161658,-0.26853977330355233,-0.02256183587927755,-0.050000000000000044,-0.15000000000000002,0.0,20
10.1002_hbm.21298,0.27042040817875623,-0.7901355027027085,1.4339900575470905,-0.08838663911566469,-0.2530835760589642,0.014011212591722172,-0.050000000000000044,-0.15000000000000002,0.0,20
10.1093_ei_cbi045,-0.5713014844490463,-1.4758326209713781,0.42644275065387083,-0.13163638745787454,-0.2776295752937217,0.013996429636832291,0.09999999999999998,0.0,0.25,20
10.1103_PhysRevE.81.057104,1.9380579452733597,0.05241023133512195,4.084216680335709,-0.21422473614839488,-0.5369175931620135,0.17536616451093898,0.0,-0.25,0.29999999999999993,20
10.1016_j.jtbi.2008.09.015,0.06357440932016267,-1.5239217373258735,1.498884951203266,-0.09051899063763902,-0.28406244380835666,0.02361806063513996,-0.050000000000000044,-0.24999999999999994,0.09999999999999998,20
10.1073_pnas.1115219109,2.743665895477826,-0.2795974598971068,5.652751661411946,-0.25239975894091177,-0.5446427940093258,0.010512876187829251,-0.2,-0.5,0.10000000000000003,20
10.1523_jneurosci.2761-12.2013,0.951683925094085,-0.5329692143630663,2.6266774531262027,-0.0712973773458625,-0.23216504581970335,0.05065308753797794,-0.050000000000000044,-0.15000000000000002,0.0,20
10.1037_a0019861,1.1107719209298619,-0.32112972847304233,2.7207245918947107,-0.07710655582693515,-0.24317659531552807,0.039995907281074626,-0.050000000000000044,-0.15000000000000002,0.0,20
10.1098_rspb.2012.0937,0.04464364150900124,-1.1752152189953806,1.2786885878093022,-0.07952490085031871,-0.23333251538318156,0.020206783867117103,-0.050000000000000044,-0.15000000000000002,0.0,20
10.1371_journal.pcbi.1006347,0.33821919117364185,-1.5235895604985588,2.014940391571272,-0.1238991388526478,-0.2366403958871498,-0.019429096227514674,-0.050000000000000044,-0.35,0.25,20
10.1073_pnas.0905918106,0.8498654219407626,-0.5436063896115783,2.5130754116962355,-0.0907325294970831,-0.2684238199092199,0.022066490865792175,-0.050000000000000044,-0.15000000000000002,0.0,20
10.1038_srep23919,2.375219272957481,0.29601939118275045,4.4397309491564085,-0.044706016656337555,-0.18726298563895,0.07231900346485774,-0.050000000000000044,-0.15000000000000002,0.0,20
10.1098_rspb.2011.0805,0.460192639873493,-1.3825498046475795,2.284620060700307,-0.0846049759836296,-0.23815053549145648,0.025241389193396288,-0.15000000000000002,-0.45000000000000007,0.19999999999999996,20
10.1103_PhysRevE.95.052316,0.5725419975301271,-0.5832721809885767,2.261902622650517,-0.07777270793523994,-0.23296164750718917,0.027118894908576156,-0.050000000000000044,-0.15000000000000002,0.0,20
10.1098_rspb.2010.1275,4.981553103681711,1.5519986278274605,7.560658468544049,-0.3207958165114077,-0.7478929981512064,0.06150847437445108,-0.050000000000000044,-0.4,0.30000000000000004,20
10.1073_pnas.1413170111,0.2936018448048632,-0.7154977544767775,1.4978611072540988,-0.07558040037399116,-0.23466600077006702,0.04435948448398575,-0.050000000000000044,-0.15000000000000002,0.0,20
10.1038_srep07843,0.6536761336755283,-0.09751337671765083,1.4974424116405822,-0.12480266788206706,-0.2818327338674962,-0.021244370565462342,0.0,0.0,0.0,20
10.1038_nature07184,-0.16656056578981104,-1.954333956418878,1.27399895219554,-0.07638526594649941,-0.1990519267590573,0.04998514641715412,0.04999999999999993,-0.15000000000000002,0.25,20
10.1093_restud_rdt022,1.9708153087113578,-0.695889968746168,4.450735230536679,-0.1737818573076786,-0.38500333580146123,0.03151134149953259,-0.09999999999999998,-0.44999999999999996,0.24999999999999994,20
10.1111_j.1548-1433.2008.00024.x,-0.007341840367006469,-1.2836491127784988,1.1119618609075994,-0.06994958048987654,-0.24949132448424258,0.058652081152331496,0.0,-0.1499999999999999,0.15000000000000002,20
10.1103_PhysRevE.91.042810,0.3174814202270735,-1.847453383116882,2.1547167953521678,-0.10761174996416645,-0.32277452017881203,0.098699016473844,0.0,-0.19999999999999996,0.2,20
10.1007_s10683-010-9266-0,0.11272312864830347,-1.8460838791865901,1.5921500571272973,-0.0942137937666716,-0.27572199121004154,0.029474144918580743,-0.050000000000000044,-0.30000000000000004,0.19999999999999996,20
10.1023_b_Exec.0000040559.08652.51,0.024212111941513292,-1.4317158577749642,1.48064825428359,-0.09320371934172944,-0.2707767347391591,0.035047419886282405,-0.050000000000000044,-0.15000000000000002,0.0,20
10.1111_j.1540-5907.2012.00596.x,1.6036441102268162,-1.0653372599799606,3.991943300167998,-0.2606970675868157,-0.4863841127507116,-0.07062347723244086,-0.2,-0.5,0.1499999999999999,20
10.1126_science.1178883,-0.011092895644837064,-1.5938117337185524,1.304730148365237,-0.08007762905363258,-0.2515602084766013,0.02761473135178775,-0.050000000000000044,-0.20000000000000007,0.10000000000000003,20
10.1046_j.1461-0248.2002.00358.x,0.594798668163576,-1.4376045401941424,2.528522526230961,-0.09225007977697797,-0.22329742178810907,0.017744482960349566,-0.15000000000000002,-0.45125,0.15000000000000002,20
10.1038_s41467-020-17286-2,0.09533126314529117,-0.9704323577094882,1.2892594318401425,-0.07618494252404606,-0.2244242632487336,0.018086275640447142,-0.050000000000000044,-0.15000000000000002,0.0,20
10.1086_588262,-0.41266576603517,-1.3751870354762976,0.5023154714883011,-0.03772658106977089,-0.1354345962768769,0.03163887427312968,0.04999999999999993,0.0,0.15000000000000002,20
10.1086_518568,0.23971131216854857,-0.7877275655499316,1.3861551351156804,-0.04116148548347742,-0.17425819618614516,0.057502970650569064,-0.050000000000000044,-0.15000000000000002,0.0,20
10.1063_1.5051422,1.932274347740722,0.5097812006918548,3.3899061949927414,-0.04573290300932953,-0.15236045942384321,0.03951718579374691,-0.050000000000000044,-0.15000000000000002,0.0,20
10.1098_rspb.2012.0615,-0.4151551264691271,-1.8516353002300516,1.0030045981141817,-0.049992562013786435,-0.15716075724581619,0.034226824505989184,0.04999999999999993,-0.10000000000000009,0.20000000000000007,20
10.1038_srep00458,-1.1829805591808995,-2.8580210460083775,0.6175940966230382,0.06188122140805696,-0.11541643644121664,0.25283685579186743,-0.050000000000000044,-0.25,0.15000000000000002,20
10.1037_a0027026,-0.6168189206338326,-2.0224120739090483,0.5503063646330318,0.013324614033721982,-0.1199288399946713,0.18444501196745708,0.0,-0.25,0.24999999999999994,20
10.1038_srep46634,0.036098990938540076,-0.736628038587046,0.916104958484531,-0.07978482588926117,-0.18469564690770973,-0.007465928584364528,-0.050000000000000044,-0.15000000000000002,0.0,20
10.1371_journal.pone.0045662,0.3875191917678613,-0.9383676223694678,1.5694091106865067,-0.09503787796821261,-0.2431929616176805,0.015490786495441528,-0.09999999999999998,-0.25,0.0,20
10.1257_aer.20120700,0.3700762876388701,-1.3567872279423787,1.9875231568784293,-0.14105368338300972,-0.2819481608693303,-0.032358928128932284,0.0,-0.20124999999999998,0.25,20
10.1142_s0218202519500428,0.5499071226920718,-0.7360438516425911,1.8783266329707924,-0.025405364155188237,-0.14808153806026167,0.06922277090416641,-0.050000000000000044,-0.15000000000000002,0.0,20
10.1038_s41467-021-21602-9,0.5438985724477394,-0.3984730815889833,1.8042974487141181,-0.08816435789133992,-0.22459562105096925,-0.003903131329539105,-0.050000000000000044,-0.15000000000000002,0.0,20
10.1038_s41562-017-0191-5,9.620307705829486,6.352405478818848,12.686783070151144,-0.40973060886261825,-0.5890027688014682,-0.010729011807845858,-0.25,-0.6499999999999999,0.19999999999999996,20
10.1371_journal.pcbi.1003381,0.8848742211381158,-0.3388365089293282,2.2606454983927966,-0.07273441688127358,-0.20916803476556903,0.03188234002589989,-0.050000000000000044,-0.15000000000000002,0.0,20
10.1038_ncomms4976,1.6307977612105153,-0.07133583639480826,3.4498076941328573,-0.06988063208421658,-0.21301702118401503,0.031462280578523384,-0.050000000000000044,-0.19999999999999996,0.0,20
10.1177_1043463103015002001,7.010820596119845,3.720184056169538,10.239005073621296,-0.24340350607543837,-0.45849567945105657,-0.02185950750909848,-0.2,-0.6,0.2,20
10.1257_aer.98.2.494,4.320741462762162,2.132049131728734,6.658086057045655,-0.08633110713896208,-0.2586032647691324,0.04060155442325148,-0.050000000000000044,-0.15000000000000002,0.0,20
10.1007_s13280-019-01284-w,0.022988169532499825,-1.9579534069686213,1.9928027357713933,-0.05108048348032912,-0.21715520730588633,0.07608102134435134,0.0,-0.2,0.2,20
10.1257_mic.6.2.247,0.34926944335070154,-1.4365598466247635,2.210227980575398,0.0815726205807471,-0.11081291901503179,0.3499341157855824,-0.050000000000000044,-0.30124999999999996,0.19999999999999996,20
10.1257_aer.100.1.448,0.7764448260623853,-0.4854784863947763,2.34076004174537,-0.09005901895190205,-0.25848480571947,0.02151646478007354,-0.050000000000000044,-0.15000000000000002,0.0,20
10.1073_pnas.1605115113,0.9447769061528852,-0.4174644165604372,2.5007216560948407,-0.10560249736202032,-0.2911072798466936,0.019102708055424068,-0.050000000000000044,-0.15000000000000002,0.0,20
10.1038_srep11027,1.1076980105957412,-0.7278150663262094,2.868463108686651,-0.06502561882168623,-0.23343489077177532,0.07375172053056903,-0.050000000000000044,-0.15000000000000002,0.0,20
10.1257_aer.102.7.3317,0.010663329088887785,-0.3296775993175676,0.47605531017777847,-0.024382904144460316,-0.07570869721532389,0.01335145642630432,0.0,0.0,0.0,20
10.1257_aer.99.3.979,0.21755627950694567,-1.1602032571292231,1.4676124196041658,-0.01665695154808189,-0.11913472981317016,0.1006157803283424,0.0,0.0,0.0,20
10.1111_j.1465-7295.2007.00028.x,3.51825137629769,0.48559320975565373,6.11559708909358,-0.32628012631085435,-0.5581180368385181,-0.11655026356434492,-0.2,-0.55,0.19999999999999996,20
10.1086_682418,0.6527776861387142,-1.7847155673100377,2.672772007708982,-0.15001617650320653,-0.34297959211744405,-0.014804659531430868,-0.2,-0.55,0.15000000000000002,20
10.1111_j.1467-9779.2008.00357.x,0.21404191019590169,-1.4684642334539344,1.7695510112484256,-0.06303925781393771,-0.17411523117134672,0.03851128942310447,-0.09999999999999998,-0.45,0.25,20
10.1073_pnas.1315273111,0.1954782021972825,-0.6758858157658824,1.0914534414605894,-0.004650722340973523,-0.05119493821824249,0.06847744909166374,0.0,0.0,0.0,20
10.1073_pnas.0908855106,3.090428509305414,0.8482632731543476,5.2151995423152835,-0.057198916222398366,-0.22261330053594708,0.07026350163092764,-0.050000000000000044,-0.15000000000000002,0.0,20
10.1007_s11284-006-0162-1,-0.10250540367620076,-1.6848612180698148,1.2826314072055827,-0.09552252241687487,-0.22628067173015018,0.007128514363218791,-0.050000000000000044,-0.30000000000000004,0.2,20
10.1038_ncomms6306,0.22925219562501375,-1.3463081689960634,1.5562292661411334,-0.09099259390276082,-0.27599931960964835,0.04484811387069084,-0.15000000000000002,-0.30000000000000004,0.0,20
10.1093_scan_nst023,0.9866441260045775,-0.21265035988738032,2.4958562221642397,-0.08520362095181166,-0.2372570461916683,0.013282371694896067,-0.050000000000000044,-0.15000000000000002,0.0,20
10.5751_es-05598-180302,0.2249379299912082,-1.3483451807937488,1.6048296305870888,-0.1127398211344679,-0.22044551127013998,0.002709598346994644,0.04999999999999993,-0.25,0.30000000000000004,20
10.1007_s12110-012-9148-6,-0.07652844193701203,-1.6543687767303492,1.4431135746342512,-0.07624106844341594,-0.22960023624896475,0.04686041028949326,-0.050000000000000044,-0.35,0.25,20
10.1073_pnas.93.23.13421,0.06311482662476386,-2.399038739582967,2.2452838638298567,-0.012155441120324517,-0.1053361617440515,0.09883730677445197,-0.09999999999999998,-0.44999999999999996,0.25,20
10.1007_s11031-014-9395-4,0.8026849992929312,-0.17671377934194923,1.9864140750629362,-0.06458652455964797,-0.183335403453912,0.01394068216406505,-0.050000000000000044,-0.15000000000000002,0.0,20
10.1007_s00199-005-0633-6,1.7136417549814604,-0.31203775841393794,3.596703193654767,-0.26167689985209414,-0.5897680721202982,0.0629421724582264,-0.09999999999999998,-0.35,0.1499999999999999,20
10.1111_j.1740-1461.2010.01197.x,4.901540852238914,1.364184303370173,8.052725265621019,-0.0674162957874459,-0.3240921883610886,0.16019093265472706,-0.050000000000000044,-0.35,0.25,20
10.1016_j.jtbi.2005.01.006,-0.4703119049001758,-1.0173794606538766,-0.038183197345799454,-0.003402537747836387,-0.09340737391087944,0.06343706905102253,-0.050000000000000044,-0.15000000000000002,0.0,20
10.1177_0022002708322361,1.2884062557876552,-1.6961646241297046,4.036569935458799,-0.20894701651833042,-0.4741982027548243,-0.0005118845099812575,0.0,-0.2512499999999999,0.25,20
10.1111_evo.12637,0.1344898440571738,-1.3270870235550147,1.6777396146465338,-0.09562708435214806,-0.2718656600139474,0.02196934970193488,-0.050000000000000044,-0.15000000000000002,0.0,20
10.1007_s10683-015-9466-8,-0.19678375850649843,-2.036475742670922,1.6035304597203035,-0.04670916654484747,-0.12628869926361128,0.00960761384921038,-0.15000000000000002,-0.45,0.19999999999999996,20
10.1038_srep06025,1.4536830207011908,-0.1258654347210163,3.048955985020888,-0.08635693970485403,-0.23898854200267144,0.015111435708357721,-0.050000000000000044,-0.15000000000000002,0.0,20
10.1073_pnas.1215443110,0.42483973509738604,-0.6544931182036164,1.6287752160932842,-0.10262322747899022,-0.2709439354483699,0.00759566678883495,-0.050000000000000044,-0.15000000000000002,0.0,20
10.1038_srep17050,0.8789176301852981,-1.6353304531020203,3.048571664897803,-0.12933393389277392,-0.3019302950436731,0.018605880740024186,-0.09999999999999998,-0.44999999999999996,0.25,20
10.1073_pnas.1320451111,5.05573421441295,1.5389381403224927,7.879939635853111,-0.26013642678753934,-0.6343485714606004,-0.011166777747170857,-0.15000000000000002,-0.55,0.25,20
10.1098_rspb.2011.0252,-0.1322591668318882,-1.602138879901522,1.2026850804643905,-0.1263903424242292,-0.263280169744402,-0.024808841161299482,0.04999999999999993,0.0,0.15000000000000002,20
10.1002_hbm.22316,0.7741083898126906,-0.5373314575693153,2.30292793581532,-0.10032542206701711,-0.26648353555506227,0.009861491635195185,-0.050000000000000044,-0.15000000000000002,0.0,20
10.1111_j.1749-6632.2009.04733.x,3.462732903808136,0.4292439096613303,6.361344351300028,-0.23800993622990718,-0.5263484597533435,0.009469467959778228,-0.15000000000000002,-0.5,0.20000000000000007,20
10.1038_s41559-020-01384-x,0.7501795458975531,-0.336116096559133,2.230568539774493,-0.06727200553294665,-0.21038011672790374,0.030454974707280855,-0.050000000000000044,-0.15000000000000002,0.0,20
10.3389_fnbeh.2014.00248,-0.10801332248128226,-1.3993606766180513,1.1422262592883146,-0.14104368627542874,-0.2723373664788905,-0.03864118107202076,-0.050000000000000044,-0.20000000000000007,0.10000000000000009,20
10.1371_journal.pone.0064941,1.2099204548881497,-0.48626976580906744,3.0497058806962167,-0.054565807152816115,-0.21118069013843538,0.06497987698203564,-0.050000000000000044,-0.15000000000000002,0.0,20
10.1111_j.1468-0297.2011.02476.x,1.4731525359010318,-1.3090242996594965,3.8732440524281317,-0.0389072395617277,-0.15710064014655156,0.06711665358314428,-0.2,-0.6,0.2,20
10.1086_683024,1.1425939412696868,-0.3097827343822612,2.6533421196849623,-0.1150030474740179,-0.3126419396460775,0.024069960982966106,-0.050000000000000044,-0.15000000000000002,0.0,20
10.1098_rspb.2012.2043,0.3679069336583609,-0.8443177755005584,1.9491923084471392,-0.09810743433356428,-0.24948943210250155,0.00624370600435757,-0.050000000000000044,-0.15000000000000002,0.0,20
10.1111_j.1465-7295.2010.00344.x,0.6471130560664742,-0.2696071208240551,1.7946831623806137,-0.0703727129026599,-0.1775828378570495,0.0007038530113834318,-0.050000000000000044,-0.15000000000000002,0.0,20
10.1126_science.1202599,0.3176421039812478,-1.765228586136131,2.1368131557027557,-0.055435775282432376,-0.24198523572027825,0.07667886645874757,-0.2,-0.55,0.19999999999999996,20
10.1111_j.1467-9779.2010.01472.x,-0.4532067654796501,-1.680399005065932,0.6944040119114987,-0.061676115800218256,-0.2006235294411969,0.042194151490552396,-0.050000000000000044,-0.15000000000000002,0.0,20
10.1007_s00191-004-0212-1,1.7553474944490786,-1.6483288604564477,4.704944634966298,-0.16282257086401108,-0.4472996077402531,0.08392169537512767,-0.050000000000000044,-0.35,0.2512499999999989,20
10.1038_srep08917,0.810581315724348,-0.21953301761684274,1.8232768514281015,-0.06702618878076139,-0.2026376381780874,0.02330307079210817,0.0,0.0,0.0,20
10.1098_rsbl.2012.0470,-0.09393467075925432,-1.0831583270885259,0.9381355471005378,-0.03579344790007888,-0.1580985134047975,0.07373120344198866,-0.050000000000000044,-0.15000000000000002,0.0,20
10.1177_0037549711406912,0.3556235055748198,-1.1192804535931966,2.0857056484386067,-0.12762551163164781,-0.3595505525321841,0.026287879893237075,-0.050000000000000044,-0.15000000000000002,0.0,20
10.1007_s10645-008-9094-1,0.7296873283265617,-0.4593874823660761,1.8749025268748754,-0.13551644355748238,-0.3033977852614094,-0.005562773015863693,-0.050000000000000044,-0.15000000000000002,0.0,20
10.1038_s41562-017-0138,1.393331042818537,-0.809938573069208,3.6734886719503876,-0.34023578286647743,-0.6324807581016323,-0.02373531812270854,-0.09999999999999998,-0.35000000000000003,0.19999999999999996,20
10.1038_srep10639,0.3514309883964053,-0.30582805402236063,1.0851118819301697,-0.03679314918182619,-0.10799266186289709,0.02510095459316772,0.0,0.0,0.0,20
10.1038_srep01735,0.3616982138073306,-1.7106717689916928,2.4033003300724705,-0.04557111261734381,-0.21867193603908122,0.07762582251835055,-0.09999999999999998,-0.45000000000000007,0.25,20
10.1007_s12110-003-1003-3,0.8738800048806912,-1.262160188343188,2.819966213843603,-0.1227839409283995,-0.25478654399716705,0.006217959035420991,-0.2,-0.55,0.15000000000000002,20
10.1038_s41598-019-52524-8,0.9009713572360525,-0.6158067983811768,2.4340246432038,-0.15539746441968133,-0.32836618802106443,-0.023960492615660293,-0.050000000000000044,-0.15000000000000002,0.0,20
10.1038_ncomms13327,0.18815660419743097,-1.192128372602037,1.457272429921644,-0.07411662496909033,-0.2669692751008396,0.04884414892005425,-0.050000000000000044,-0.24999999999999994,0.09999999999999998,20
10.1103_PhysRevE.91.022121,-0.8585001823773108,-2.6939134254095967,0.7874665847534295,-0.023057036816265808,-0.1721203259607474,0.13064656275857783,0.09999999999999998,-0.15000000000000002,0.35,20
10.1007_s10683-011-9281-9,0.4292572146817415,-0.6066323762937267,1.6571048277403346,-0.047246759965345775,-0.1746062647421541,0.04139366811442108,-0.050000000000000044,-0.15000000000000002,0.0,20
10.1073_pnas.0712173105,0.09037473166471877,-1.2806662155115343,1.411330632250319,-0.13009476910071283,-0.282644777637466,-0.023864847591267977,0.0,-0.25,0.24999999999999994,20
10.1111_j.1542-4774.2011.01059.x,-0.1099632862816673,-2.47323126267152,1.9018668068296316,-0.08359896283229962,-0.23835312291520802,0.018201470610074544,-0.09999999999999998,-0.4,0.20000000000000007,20
10.1086_595622,0.3338930034541363,-1.5418173378125224,2.0815759420717317,-0.08938701916540004,-0.26616832186690675,0.026526723882874317,-0.09999999999999998,-0.35000000000000003,0.15000000000000002,20
10.1007_s12110-017-9298-7,-0.74127698768842,-2.1648518129288403,0.2910434373542781,0.04325348359974568,-0.032278441956574234,0.16410741540371862,0.09999999999999998,0.0,0.25,20
10.1007_s10683-014-9405-0,3.368601977266631,0.7031281873763323,5.903870322127697,-0.26494386675262493,-0.5222491621904916,-0.01960000224708569,-0.25,-0.6,0.10000000000000003,20
10.1007_s10683-014-9393-0,-0.5648882580391383,-2.185746679513168,0.8457163994075436,-0.05097169870089546,-0.13948827456308743,0.006511115832605606,-0.15000000000000002,-0.35,0.0,20
10.1098_rspb.2008.1623,-0.17287863901596712,-1.2684551904872285,0.8638945655775531,-0.07000025482189032,-0.17998292731361482,0.027227933518481875,0.0,-0.1499999999999999,0.14999999999999997,20
10.1073_pnas.1604989113,0.7684933235137734,-0.3286759856194418,2.3993098891107816,-0.08326667821821987,-0.2440372465675601,0.012664231492581219,-0.050000000000000044,-0.15000000000000002,0.0,20
10.1007_s10683-013-9367-7,-0.568718677266471,-1.7098807884834173,0.4014621726149296,-0.0036362851168673105,-0.10128774644955851,0.12447331659227351,0.09999999999999998,0.0,0.25,20
10.1007_s00406-013-0392-5,1.5440366075800798,-0.05074586289697831,3.521497795083303,-0.06579891623634015,-0.2201799382195332,0.03349978483064084,-0.050000000000000044,-0.15000000000000002,0.0,20
10.1073_pnas.1108996108,0.010472429045813136,-1.8098082907744002,1.8026540324889366,-0.07688962403521238,-0.27772226728109495,0.042975246910976005,0.0,-0.30000000000000004,0.35,20
10.1098_rstb.2009.0116,-0.5360487726849197,-1.7682232918477405,0.49170911533480804,0.05938669546537634,-0.04422413126389312,0.22899716626638464,0.04999999999999993,0.0,0.15000000000000002,20
10.1038_srep02695,0.5408885108248249,-0.3987265468321244,1.4992104687866852,-0.01911287601336764,-0.0754177926116309,0.03720085946660543,-0.050000000000000044,-0.15000000000000002,0.0,20
10.1007_978-3-540-85436-4_10,0.1900272542662833,-1.4371180493370823,1.7240092687622106,-0.10118420067851608,-0.2450694384239037,0.043389307869860165,-0.09999999999999998,-0.35000000000000003,0.15000000000000002,20
10.1177_0022002703258795,0.4938097312871941,-0.5834281073248263,1.8172193585893952,-0.05875179020324073,-0.1847504633300302,0.029502912455589198,-0.050000000000000044,-0.15000000000000002,0.0,20
10.1038_s41467-017-00731-0,1.4024674748390327,-0.5998378881211304,3.400428404634155,-0.12006555861591972,-0.3704772526327097,0.09895036080357317,-0.050000000000000044,-0.25,0.15000000000000002,20
10.1038_srep21104,0.43610987155388603,-1.1484730873784983,1.9481314979185858,-0.15640134568773623,-0.31020703589935317,-0.01848947928571437,-0.050000000000000044,-0.30000000000000004,0.2,20
10.1007_s10058-012-0120-z,-0.49584848321408614,-1.5385268324898769,0.6521797519821235,-0.042898342117609456,-0.2121162620612001,0.05498398146912765,0.0,-0.15000000000000002,0.1499999999999999,20
10.1111_j.1468-0351.2005.00228.x,-0.705720198790579,-1.5910092022652254,0.20939489239652362,0.04258010135915247,-0.02673621541544526,0.1400914049681234,0.04999999999999993,-0.10000000000000009,0.24999999999999994,20
10.1038_srep06421,1.1255704807353455,-1.2048013248082896,2.9189952861959254,-0.2740053027666959,-0.5368835967984987,-0.042616230951928555,-0.050000000000000044,-0.3,0.2,20
10.1371_journal.pone.0076063,0.4537961579883403,-0.758033865463406,1.9855310424838326,-0.1027473488038324,-0.27099939762897485,0.006854952408169837,-0.050000000000000044,-0.15000000000000002,0.0,20
10.1007_s10584-010-0014-4,-1.0225112648680783,-2.0333048008759325,-0.1765751077601823,0.02168907805938136,-0.04346578042161481,0.11372849385622184,0.04999999999999993,-0.10000000000000003,0.20000000000000007,20
10.1038_srep20767,-0.20162859283200252,-0.9025870697954232,0.5200401306168754,-0.00848445048273161,-0.07108666880853767,0.06312402269727516,0.0,0.0,0.0,20
10.1111_j.1467-6419.2009.00594.x,-0.24670974049060668,-2.198450046796909,1.6053180942315068,-0.08913149949928845,-0.22832595069276604,0.0195353081485626,0.0,-0.19999999999999996,0.2,20
10.1038_s41598-017-16140-8,0.7685464151881591,-1.1131136943781876,2.4369388997799564,-0.12221916165579172,-0.33987828022808303,0.06544597831517932,0.09999999999999998,-0.09999999999999998,0.3,20
10.1093_restud_rdv040,-0.1051802286908412,-1.61614240039214,1.3128068298134403,-0.054635778253535494,-0.1662838854349782,0.034299031251848355,0.04999999999999993,-0.2,0.3,20
10.1371_journal.pone.0064677,0.5764674280857021,-0.7962497781416332,2.0383965197657177,-0.11008921163396057,-0.29352106786189247,0.00045812113523738734,-0.050000000000000044,-0.15000000000000002,0.0,20
10.1093_restud_rds016,0.13338299604206494,-1.6073358774210977,1.778853658049643,-0.007466628141746479,-0.11547772872880231,0.12477814680563785,-0.050000000000000044,-0.35,0.25,20
10.1177_1368430208098783,-0.0735293098226224,-1.5351059685115838,1.374894581545508,-0.15304820833662897,-0.32343443642517455,-0.007085719069164746,0.0,-0.19999999999999996,0.2,20
10.1007_s11071-020-05965-0,0.40465444762711655,-1.7156018495561662,2.3579056602436075,-0.09628524009113315,-0.2844732620428675,0.11439202367310398,0.04999999999999993,-0.15000000000000002,0.25,20
10.1126_sciadv.aau7296,1.534140334219324,-0.3279446063946949,3.70817925802581,-0.06972725861261098,-0.260290041167628,0.05593323776251603,-0.050000000000000044,-0.15000000000000002,0.0,20
10.1073_pnas.1608990113,0.14161816346268896,-1.3025925861225152,1.5632507816555898,-0.12468019058906754,-0.36767624135034943,0.08803842874069889,0.04999999999999993,-0.15124999999999994,0.25,20
10.1093_bjps_axu024,-0.09632812962868265,-1.2159204361249023,1.1803046945815088,-0.05220741234392301,-0.18503709676101757,0.05131303830105888,-0.050000000000000044,-0.2,0.10000000000000003,20
10.1371_journal.pone.0125193,0.29210717828771937,-0.7025646641816462,1.4429886990363807,-0.0636691325406803,-0.2100680294378181,0.03536425769676332,-0.050000000000000044,-0.15000000000000002,0.0,20
10.1111_evo.12108,-0.7054850806043316,-2.2960413477742914,0.8096673633467841,-0.03286834489764434,-0.10630550378081603,0.04299054768549554,-0.050000000000000044,-0.29999999999999993,0.20000000000000007,20
10.1111_j.1439-0310.2011.01882.x,0.5390627500724205,-0.5555064335717536,1.5388159411904565,-0.05853051420589428,-0.13725370860453734,0.021839519992783305,-0.050000000000000044,-0.15000000000000002,0.0,20
10.4284_sej.2010.76.3.638,-0.2591828871841919,-2.2647753179716377,1.5912499144678882,-0.020843251027831133,-0.09190130671836662,0.03626681592072044,0.0,-0.30000000000000004,0.30000000000000004,20
10.1177_1043463107075110,2.2727236141358267,-0.4271625102505279,4.806909106788848,-0.14460317487121355,-0.35588969923229663,-0.02082803412306858,-0.25,-0.6499999999999999,0.19999999999999996,20
10.1257_aer.p20171090,3.109996044638314,0.2695606211414073,5.44023723852905,-0.09434505295890316,-0.3351173024466976,0.16607560497445265,-0.15000000000000002,-0.55,0.2,20
10.1098_rspb.2011.0690,3.376139795036667,0.3495809624724843,6.105069395819488,-0.12830340778813853,-0.2655782744720251,0.0028307286918664415,-0.25,-0.6499999999999999,0.14999999999999997,20
10.1098_rsif.2011.0063,0.943421166218501,-0.2886008703711579,2.2076123004733033,-0.14283847780748,-0.31135938840485433,-0.014152254032810523,-0.050000000000000044,-0.15000000000000002,0.0,20
10.1111_j.1467-9779.2011.01515.x,5.222262906779318,1.9151727573956543,8.242761861820775,-0.39753664132139366,-0.8700947887183766,-0.05927293145287034,-0.15000000000000002,-0.55,0.2,20
10.1023_a_1023952115422,1.355784916080963,-0.6447456941853839,3.661581630602585,-0.33110307834715497,-0.5976792009933458,0.05466045864663331,-0.09999999999999998,-0.39999999999999997,0.19999999999999996,20
10.1073_pnas.1900078116,1.7739937389746538,-0.16097476722063875,3.7984036690035152,-0.06356199881405811,-0.21162526985211416,0.041159963706720516,-0.050000000000000044,-0.15000000000000002,0.0,20
10.1073_pnas.1718309115,0.34152595426741517,-0.7676419763380079,1.5830198089287049,-0.11611052645884501,-0.2953820270723278,-0.004247439598407875,-0.09999999999999998,-0.25,0.0,20
10.1038_srep17752,5.993968095117563,2.5348004158546207,9.45340195875422,-0.18067359566722496,-0.49142196621386985,0.016425776452144717,-0.2,-0.6,0.19999999999999996,20
10.1086_681231,0.7559348191491466,-0.7297270093680409,2.6059860135636033,-0.10614355310216295,-0.3218431969847977,0.036014531964027666,-0.050000000000000044,-0.15000000000000002,0.0,20
10.1007_s10539-012-9317-3,0.6741457269445901,-0.38624404903635595,1.9482883189824716,-0.04640098212592447,-0.17544263132656418,0.04626636282655667,-0.050000000000000044,-0.15000000000000002,0.0,20
10.1098_rspb.2010.2342,-0.6078398919112491,-1.9463546767163098,0.7029818704299938,-0.04742222644763727,-0.13038248498896254,0.01392553844381014,0.04999999999999993,-0.10000000000000009,0.20000000000000007,20
10.1155_2021_6693597,6.148126797456965,3.185525026494358,9.242346022320328,-0.25757867382392347,-0.458398937773051,-0.001068312274701441,-0.25,-0.6499999999999999,0.19999999999999996,20
10.1257_aer.20130768,0.4434883474689819,-1.662879772872755,2.16846697914727,-0.0922434181305013,-0.26492613689952493,0.02878145736941546,-0.25,-0.55,0.050000000000000044,20
10.1038_ncomms12288,3.011716728664191,0.9655975772478181,5.0485647929067525,-0.10409071519850632,-0.2746435627229924,0.008302411794617826,-0.050000000000000044,-0.15000000000000002,0.0,20
10.1111_ele.12178,-0.013171954921285867,-1.8621749190107004,1.80050537154052,0.013102687942169178,-0.1993817228980326,0.21620007537933145,-0.050000000000000044,-0.4,0.29999999999999993,20
10.1080_15534510.2012.729493,0.060653322007788724,-0.7910665043448435,0.8255640114047808,-0.059471259471709614,-0.18652120682754933,0.03137865902774895,0.0,-0.15000000000000002,0.15000000000000002,20
10.1371_journal.pone.0012530,-0.096832430572519,-1.5486071332157731,1.1692791647540037,-0.07710446752690525,-0.2025483176507237,0.026911591627190617,0.04999999999999993,-0.20000000000000007,0.30000000000000004,20
10.1007_s00191-009-0162-8,2.3905023927220173,-0.4543562042605842,4.8385388309694255,-0.023546006510482886,-0.22386270493423757,0.2251680560072873,-0.050000000000000044,-0.15000000000000002,0.0,20
10.1007_s10683-019-09629-8,5.314873650298828,2.3661041518836443,8.087891819321888,-0.1290531134606293,-0.4027099444356278,0.06486902536902708,-0.2,-0.6,0.24999999999999994,20
10.1038_srep10321,0.31649761839127954,-0.636038524331588,1.4239095374880608,-0.04096520235431955,-0.13796374354352306,0.04187828250633205,0.0,-0.15000000000000002,0.15000000000000002,20
10.1016_j.jtbi.2014.10.037,0.145172499816824,-0.7474647263178764,0.9914271069687949,0.0030997127817151693,-0.050979500030995537,0.09622987268985195,0.0,0.0,0.0,20
10.1002_bdm.1810,0.5484493681818421,-0.5284982325806208,1.9657765756175531,-0.09713875948639072,-0.2558089098476935,-0.0025461754155191125,-0.050000000000000044,-0.15000000000000002,0.0,20
10.1007_s13235-010-0001-4,-0.30031799074052046,-0.8224331011892384,0.34977350293386045,-0.005219900424124679,-0.07555963095914937,0.05391472284791205,0.0,0.0,0.0,20
10.1007_s10683-005-0869-9,2.9565736394580986,0.347520012991855,5.305810228333194,-0.196590458583437,-0.40247431592434685,0.07474534588474661,-0.15000000000000002,-0.5,0.19999999999999996,20
10.1371_journal.pone.0044747,0.5694392449811918,-0.657603326170848,2.06614495865782,-0.0966342857819622,-0.26622574245134245,0.0027478045831735506,-0.050000000000000044,-0.15000000000000002,0.0,20
10.4284_0038-4038-2012.067,3.9818962458592155,0.22165917836414897,6.892545597485462,-0.3554043690521436,-0.8454331700915035,0.03859214350383458,-0.09999999999999998,-0.44999999999999996,0.25,20
10.1007_s12110-009-9072-6,0.4390852326909691,-1.4959228367232786,2.1302571550775364,-0.09961340434958343,-0.28456942605432084,0.025616691657139472,-0.25,-0.5,0.04999999999999999,20
10.1007_s10640-006-9046-7,-0.11324362208264205,-1.9418489468883582,1.6273395881828934,-0.0308437413079794,-0.13821339162217428,0.04586581217093742,-0.050000000000000044,-0.35,0.25,20
10.1038_s41562-019-0707-2,-0.7885951653626622,-1.6766338867770325,-0.047439748055088486,-0.002959118249412085,-0.07204484861455537,0.05455365048576146,0.04999999999999993,0.0,0.15000000000000002,20
10.3389_fpsyg.2019.01374,1.1383694994133275,-0.5495650004553294,2.8700849435447062,-0.0618931982278359,-0.2396561477461068,0.05214609614766707,-0.050000000000000044,-0.15000000000000002,0.0,20
10.1017_s0033291717003075,0.9311409895314382,-0.49953293054878267,2.4670587183605117,-0.0857672565615879,-0.23928076691148967,0.0331860870575681,-0.050000000000000044,-0.15000000000000002,0.0,20
10.1038_s41467-018-04775-8,2.8669244094368116,0.016965928401439803,5.43428090632116,-0.20189401241400623,-0.4488664511943453,0.03639290463656265,-0.09999999999999998,-0.5,0.3,20
10.1371_journal.pcbi.1004232,1.8404099193251513,0.25800153741408793,3.353321471728708,-0.10939389612972594,-0.28488068585911586,-0.0016354344728549877,-0.050000000000000044,-0.15000000000000002,0.0,20
10.1371_journal.pone.0085531,-0.6048447224865114,-1.7410697475601136,0.5227750251288167,-0.07642317140490607,-0.21761626939769863,0.03919834792753242,0.0,-0.19999999999999996,0.19999999999999996,20
10.1086_381411,0.486459864223729,-1.5061541653944561,2.2577148892627843,-0.05949587281188495,-0.26261109302240754,0.13094444598234908,-0.09999999999999998,-0.40124999999999994,0.25,20
10.1086_690066,0.40933132036850317,-1.638969734144646,2.2704074327571875,-0.030559856960404752,-0.15919852214518815,0.12195146281162461,-0.15000000000000002,-0.45125,0.19999999999999996,20
10.1155_2017_1676045,14.318253251211416,11.06921413383195,17.73626610866511,-0.8046423492048294,-1.2136277787481768,-0.43081115720541024,-0.25,-0.7,0.15000000000000002,20
10.1142_s0218202515400163,-0.2166144585209695,-1.2885974915564522,0.5972163279613644,-0.0571587977531155,-0.17122772936112501,0.020305984602097277,0.0,-0.15000000000000002,0.14999999999999997,20
10.1111_jssr.12045,0.4166655379488704,-1.1188264147498246,1.8099076727240104,-0.0955627263146186,-0.20920799993581257,-0.012625468904641496,-0.09999999999999998,-0.39999999999999997,0.15000000000000002,20
10.1103_PhysRevE.80.066101,0.5644818592684784,-0.9010905429994948,2.1392858775774086,-0.11870367782977842,-0.28907266010746285,-0.0004544664469506484,-0.050000000000000044,-0.15000000000000002,0.0,20
10.1016_j.jtbi.2008.09.004,3.795121403245367,-0.16935333277270703,6.993019269760146,-0.37478388141818403,-0.7843413335071365,-0.09616761229187756,-0.15000000000000002,-0.5,0.19999999999999996,20
10.1038_s41467-020-15661-7,0.4278171882590387,-0.9074195928416475,1.9831576194644478,-0.10900169185470854,-0.3049227492545724,0.0132164728620421,-0.050000000000000044,-0.15000000000000002,0.0,20
10.1371_journal.pone.0155773,0.32289642707532273,-0.9511493936080446,1.8678227563742145,-0.10539321748725472,-0.29044038170930286,0.0322216812835325,-0.050000000000000044,-0.15000000000000002,0.0,20
10.1007_s00182-014-0419-9,0.49189526072407475,-0.16270942330604266,1.2901310363027632,-0.03215504834715577,-0.11160035534101143,0.023648111514090644,-0.050000000000000044,-0.15000000000000002,0.0,20
10.1371_journal.pone.0117183,1.0947601440081867,-0.3435865703361161,2.9369392202354074,-0.15250829562470547,-0.3621777777347931,-0.016508889250438898,-0.050000000000000044,-0.15000000000000002,0.0,20
10.1111_ajps.12139,-0.4372397986236205,-1.9822219951034714,0.7759913825418083,-0.05235560100963921,-0.17414963830047142,0.03932257202978898,0.0,0.0,0.0,20
10.1371_journal.pone.0068423,0.18750411878049977,-1.3398359867010206,1.700447689836252,-0.10911195749652447,-0.23481802395284307,0.012095534756855734,-0.050000000000000044,-0.30124999999999996,0.29999999999999993,20
10.1016_j.neuroimage.2019.06.047,0.8426368943650937,-0.471418174928429,2.5277788848116702,-0.09064054595716098,-0.26977183420512363,0.03077408730093543,-0.050000000000000044,-0.15000000000000002,0.0,20
10.1111_oik.02064,-0.46028635649248884,-1.4031649632923486,0.315594601165568,-0.04587078397229316,-0.14763486652876548,0.05154814316655857,0.04999999999999993,0.0,0.15000000000000002,20
10.1007_s10683-011-9292-6,2.43035010546049,0.29049231924471564,4.552625169807283,-0.08276586375283657,-0.23044643784245378,0.041149503382379805,-0.050000000000000044,-0.15000000000000002,0.0,20
10.1007_s11427-010-4016-2,0.3071790329163102,-1.7649347148999632,2.360576204609025,-0.09077899270095402,-0.21977336880475684,0.018340668815275532,-0.2,-0.5,0.09999999999999998,20
10.1371_journal.pone.0244592,-0.3094975265199631,-2.3212602460640013,1.5553225402426876,-0.07320622434271884,-0.19579620929428335,0.05013475970135621,-0.050000000000000044,-0.35000000000000003,0.25,20
10.1038_srep28809,0.5499645723993041,-1.1767597166373072,2.216286065881464,-0.1286032648319263,-0.27184701982059545,0.00017981804683378885,-0.25,-0.6,0.14999999999999997,20
10.1103_PhysRevE.91.062804,0.19794312371068212,-1.4058698318601648,1.6646520077928235,-0.1409730901069447,-0.2910521568620982,0.023093876573087944,-0.050000000000000044,-0.35,0.24999999999999994,20
10.1111_spc3.12581,0.30230645023034963,-0.8386198139296622,1.7639922658598988,-0.0747172779086106,-0.20886064326299927,0.02866941904321941,-0.050000000000000044,-0.15000000000000002,0.0,20
10.1038_s41598-019-44725-y,1.015376215593034,-0.4300846438851766,2.7002368861213726,-0.09644466134727825,-0.2650485778560533,0.010440553878776349,-0.050000000000000044,-0.15000000000000002,0.0,20
10.1038_s41598-017-18727-7,1.7295753817768178,-0.15437706125101947,3.7355710198536642,-0.06706223796646926,-0.2445463585340696,0.05906917554093314,-0.050000000000000044,-0.15000000000000002,0.0,20
10.1038_s41598-017-13918-8,0.9675663040782325,-0.5309974467670772,2.8443728154744674,-0.16975292647644502,-0.4235361145471744,-0.004084184032420322,-0.050000000000000044,-0.25,0.15000000000000002,20
10.1371_journal.pone.0110045,0.34718255048190816,-0.7665794286762443,1.4532984979838892,-0.10713843459001937,-0.22982940895848908,-0.0129468045378235,-0.050000000000000044,-0.15000000000000002,0.0,20
10.1007_s10339-011-0421-0,1.9765687241834398,0.5881201189554504,3.4863976747926735,-0.08780181806850773,-0.22261933393724967,0.010591350405185771,-0.050000000000000044,-0.15000000000000002,0.0,20
10.1103_PhysRevE.84.066115,4.5600055693488555,0.9066543472821839,7.671861996737507,-0.5523149235678593,-0.9673151052468624,-0.1520689330689514,0.0,-0.30000000000000004,0.30000000000000004,20
10.1017_ehs.2020.58,-0.10328529800010333,-1.9422265766070168,1.588363081388932,-0.1261548609732368,-0.2840311871238281,-0.007526023698766259,-0.050000000000000044,-0.30000000000000004,0.2,20
10.1038_srep38349,-0.10476675746663577,-1.4204359966240252,1.1189626303353462,-0.0866957787273247,-0.1984078195366838,0.024675849755691714,0.04999999999999993,-0.09999999999999998,0.20000000000000007,20
10.1007_s10683-013-9360-1,0.18922595102639583,-0.5676422163619687,1.1144134989345187,-0.0489521561629751,-0.1555571775982207,0.016168934990583625,-0.050000000000000044,-0.15000000000000002,0.0,20
10.1257_mic.5.2.213,-0.41049100861590926,-1.4446106593059531,0.5978629282100602,-0.02676618008613174,-0.10458106566029676,0.08158022917145585,0.0,-0.19999999999999996,0.19999999999999996,20
10.1111_j.1465-7295.2011.00422.x,1.5034776818973112,-1.0780081830350294,3.6478122769734362,-0.2435839708659901,-0.47144328836586386,0.009235942431980582,0.04999999999999993,-0.15000000000000002,0.29999999999999993,20
10.1007_s11211-012-0157-8,-0.20904029209274722,-2.0897252247754743,1.5397320797665388,-0.07635009503509971,-0.22184554902736114,0.02546706943277127,-0.09999999999999998,-0.35,0.15000000000000002,20
10.1093_ajae_aar154,1.8937773801290225,-0.6575514370424504,3.9255903539883095,-0.21699289914530018,-0.4154810675520952,-0.005219856187465042,-0.09999999999999998,-0.39999999999999997,0.19999999999999996,20
10.1007_s10551-011-0795-z,-0.03282691501571389,-1.2860684121987056,1.1265881937910314,-0.11169823621376418,-0.23811336676959616,-0.0336437972647435,0.0,-0.19999999999999996,0.19999999999999996,20
10.1177_0146167206289978,3.3191943628259617,-0.4559099315251122,6.4953588433014255,-0.0235918428363604,-0.28307344139549945,0.15197269477618822,-0.15000000000000002,-0.55,0.29999999999999993,20
10.1038_s41598-021-89675-6,0.4532391240017155,-0.9986019781197784,1.8821519517441134,-0.11739937835699343,-0.3062084945339403,-0.009516305025374337,-0.050000000000000044,-0.15000000000000002,0.0,20
10.1007_s00265-019-2667-y,0.5614395018611527,-0.3414466138748617,1.5601276089585423,-0.075873189670709,-0.1812749156147862,0.0024180451708702626,-0.050000000000000044,-0.15000000000000002,0.0,20
10.3390_su10124585,2.8325420196496838,0.3608116338282617,5.220301332587509,-0.22759898221745123,-0.43207001879710866,0.03607565054086043,-0.25,-0.6,0.05124999999999891,20
10.1371_journal.pone.0196524,-0.10015100650234032,-1.541090187318384,1.4374542262740477,-0.0991810834949205,-0.2566316506109267,0.016243290452258235,0.04999999999999993,-0.19999999999999996,0.3,20
10.1093_esr_jcw014,0.07046562854486016,-1.7904773508351484,1.886239592900152,-0.08207224416372394,-0.18699592663230633,0.006181550606549226,-0.15000000000000002,-0.45,0.19999999999999996,20
10.1371_journal.pone.0124561,5.758443797409048,2.469730236706683,8.752184754361613,-0.5432099424922504,-0.8549939372340893,-0.1472889178806595,-0.2,-0.55125,0.15000000000000002,20
10.1007_s10683-014-9402-3,-0.09363664326484056,-0.9898289245918733,0.9816442223358817,-0.07788421291222503,-0.21534855833944613,0.005084044748100767,-0.050000000000000044,-0.15000000000000002,0.0,20
10.1371_journal.pone.0045093,2.298244043316001,0.40029461481610257,4.147161924431206,-0.15666247561486452,-0.313956806473217,-0.04515201470193788,-0.050000000000000044,-0.15000000000000002,0.0,20
10.1093_jleo_ewp039,0.047747985235068846,-1.5099763689224444,1.5685293075047544,-0.10550705548406558,-0.2712420080539942,0.007843526655795671,-0.050000000000000044,-0.15000000000000002,0.0,20
10.1016_j.jtbi.2010.02.015,-0.8057490476821592,-2.123941172699783,0.4582006094946675,-0.0064269327469836934,-0.13627162594560593,0.12159193131895554,0.0,-0.25,0.25,20
10.1007_s11127-006-9075-3,1.973779592900219,0.29460877001619235,3.6831988230278467,-0.11801142211728632,-0.28989789038726244,-0.008128338494621036,-0.09999999999999998,-0.25,0.0,20
10.1038_s41562-022-01341-7,0.1571309699627106,-1.211963654742671,1.5643950213375337,-0.06944506228571568,-0.2630978699119885,0.08819752622156501,-0.15000000000000002,-0.39999999999999997,0.09999999999999998,20
10.1103_PhysRevE.101.062419,1.0030926653789756,-1.5967704057183236,3.2071607690903123,-0.13653544093634584,-0.3890289861739531,0.06116017955227399,0.0,-0.19999999999999996,0.19999999999999996,20
10.1257_mic.20170389,0.13859826218358418,-1.317860915306573,1.5432004350071984,-0.10361652105700891,-0.2676595872561208,-0.00820449110566785,-0.09999999999999998,-0.30000000000000004,0.10000000000000009,20
10.1007_s11269-017-1661-2,0.940338030829289,-1.389397556446984,3.0253672554596314,-0.08599857456959481,-0.2141936218382546,0.06194750478038328,0.0,-0.30000000000000004,0.30000000000000004,20
10.1038_s41598-017-02952-1,0.08296798971650254,-1.033532838699273,1.0874309472575847,-0.09837221559981457,-0.24608237852591097,-0.00031114996676679437,-0.050000000000000044,-0.15000000000000002,0.0,20
10.2753_mis0742-1222310208,-0.5009581487126002,-1.1425332423212884,0.018991815561486058,0.02852515797027233,-0.016305902061612303,0.090289084709012,0.04999999999999993,0.0,0.15000000000000002,20
10.1371_journal.pone.0085691,0.6581010780453669,-1.5585337365462222,2.836423489093765,-0.20319403467567793,-0.43086975323878096,0.0011389903549724545,-0.09999999999999998,-0.35000000000000003,0.15000000000000002,20
10.1098_rspb.2012.0063,-0.23466671673691764,-1.6282763584966649,1.0671343089690257,-0.05918188608513386,-0.21094542835892385,0.08407728948133426,-0.050000000000000044,-0.25,0.15124999999999889,20
10.1007_s10539-004-5155-2,1.9639568481511747,0.14179169229821514,3.7028442903595664,-0.25465112690491637,-0.5974747824314504,0.06942622324127495,-0.15000000000000002,-0.45,0.15000000000000002,20
10.1038_s41598-020-73855-x,0.6483967490233473,-1.1842625478826039,2.2166579112029803,-0.09220445540302014,-0.26348410691140456,0.11720044902619088,-0.15000000000000002,-0.4,0.15000000000000002,20
10.1007_s10955-018-2012-2,0.9606673402765393,-0.33154275064037625,2.1903732261476776,-0.05774423542482021,-0.19600992192412842,0.02490565569020202,-0.050000000000000044,-0.15000000000000002,0.0,20
10.1038_s41598-017-12823-4,0.6277998551937483,-0.5260134869394217,1.914934194404928,-0.07803527892165829,-0.19917879436151376,0.0010021608775195574,-0.09999999999999998,-0.25,0.0,20
10.1038_srep25413,9.70933639791804,6.584301804974038,12.969141337242304,-0.5508350342229207,-0.9089078980375419,-0.17652190751636754,-0.25,-0.6012500000000001,0.19999999999999996,20
10.1371_journal.pone.0059894,0.934056980192401,-1.469973619541733,3.081167413867359,-0.1727863307880731,-0.38254636740027204,0.0016436382028457398,-0.2,-0.45000000000000007,0.09999999999999998,20
10.1371_journal.pone.0035287,0.5336214879157533,-0.6662112782647006,1.5934738149867782,0.00150679740942683,-0.07615533327713621,0.11200657631173207,0.0,0.0,0.0,20
10.1111_j.1749-6632.2009.04503.x,0.02226518002957345,-1.833805045210045,1.9921625323685792,-0.1179908324821407,-0.3032808847597032,0.030269823556660965,0.09999999999999998,-0.05124999999999997,0.29999999999999993,20
10.1007_s13235-019-00339-7,-0.3597934267584302,-1.2863872395471323,0.40781140079535066,-0.0302291064751391,-0.17621337621242275,0.06843029075604122,0.04999999999999993,-0.09999999999999998,0.24999999999999994,20
10.1086_702414,0.9495578895601513,-0.45956167498884626,2.67055542756299,-0.07852563647045774,-0.23931083352623933,0.0349273640108012,-0.050000000000000044,-0.15000000000000002,0.0,20
10.1371_journal.pcbi.1002868,0.6705938668807763,-0.032284895523101466,1.2556416891309554,-0.042011862717032944,-0.1321005806900878,0.013978190623488138,-0.050000000000000044,-0.15000000000000002,0.0,20
10.1007_s10539-012-9341-3,1.1671745493121737,-0.17586789183246504,2.8391062060683443,-0.09670602920419868,-0.2627665689465809,0.012049528085881264,-0.050000000000000044,-0.15000000000000002,0.0,20
10.1007_s10458-010-9122-9,10.195780436862655,6.218936776024712,14.08740462819051,-0.7933605098370298,-1.133431499349096,-0.36029158451636956,-0.09999999999999998,-0.5,0.3,20
10.1103_PhysRevE.81.036115,0.20183997845439716,-1.5974878505150472,1.81621758627889,0.036497082261364944,-0.03676635102631909,0.1614078521309112,-0.050000000000000044,-0.35,0.20000000000000007,20
10.1007_978-1-4419-6896-8_17,-0.14492809204797208,-1.6676532262830868,1.2721064460339195,-0.10447769415607888,-0.2752532616258559,0.00017443086573540694,-0.050000000000000044,-0.15000000000000002,0.0,20
10.1063_5.0099697,0.7487378514718079,-0.847933396274877,1.9496236870582986,-0.15942331938964177,-0.34270329474137506,0.00485136039189762,0.04999999999999993,-0.15000000000000002,0.25,20
10.1257_mic.20180336,0.6153386286594786,-1.8251709548285453,2.9093134919383905,0.02429732437381249,-0.06496042067206449,0.1276194644379504,-0.09999999999999998,-0.5,0.30000000000000004,20
10.1109_tcsii.2019.2910893,0.7276506921414017,-0.7870949618288539,2.3198473008106264,-0.11294474780292751,-0.2998681839551897,0.01983578156203406,-0.09999999999999998,-0.25,0.0,20
10.1111_jels.12042,3.132257111358089,0.1964170677079899,5.754844042071276,-0.21566380430495707,-0.4084829848765803,0.03653249653650796,-0.09999999999999998,-0.45000000000000007,0.25,20
10.1007_s11238-013-9382-3,2.9439622976132,0.5219128338080993,5.245699333127544,-0.08581195132521457,-0.2491727093884488,0.040429256377053274,-0.050000000000000044,-0.15000000000000002,0.0,20
10.1017_epi.2013.34,1.833821148276777,-0.03550572461035829,3.6507550936150013,-0.1337360397044014,-0.35008776473357683,0.049182811677684395,-0.050000000000000044,-0.25,0.15000000000000002,20
10.1371_journal.pone.0061458,8.947822028182856,4.378070178714157,12.95994919850748,-0.7394545534416412,-1.2836565683466152,-0.20251034073915689,-0.2,-0.55,0.19999999999999996,20
10.1111_j.1558-5646.2010.01194.x,2.886889320620596,0.29837171882551305,5.545528352654138,-0.18975464887363191,-0.36193744122046945,-0.025761364817542712,-0.2,-0.6,0.19999999999999996,20
10.1257_0022051054661549,0.039235687322168644,-0.5164785606947592,0.7143869755147653,-0.03744401106428763,-0.1259716555579747,0.023524845752416125,0.0,0.0,0.0,20
10.1063_5.0037956,-0.14815461789878448,-0.9915512298023076,0.4706672892711767,-0.02828822832480693,-0.11463035114051293,0.06856446040640166,0.0,-0.1499999999999999,0.15000000000000002,20
10.1007_s12110-020-09371-8,0.008288491841534018,-1.217780685757799,1.1592022771348076,-0.08424763757948239,-0.26282233474050504,0.046483109687637844,-0.09999999999999998,-0.24999999999999994,0.0,20
10.1038_s41598-017-15188-w,0.29772124116913634,-0.8639345842884113,1.496757634677872,-0.0891728883703975,-0.2404196624900796,0.010711722812075343,-0.050000000000000044,-0.15000000000000002,0.0,20
10.1007_7854_2016_445,-0.5682038998440158,-2.3486527573067324,0.9367820331749639,-0.019852111560632824,-0.14218793444610464,0.10741088645676056,0.04999999999999993,-0.15000000000000002,0.25,20
10.1007_s10683-015-9452-1,-0.1542983140062777,-1.4435879215647573,1.0098634211125694,-0.07728344966939393,-0.20565978444445465,0.01722103062959932,0.0,-0.15000000000000002,0.15000000000000002,20
10.1371_journal.pone.0104207,3.9014596305918063,0.29332948143797893,6.9343313643436195,-0.3681293151159543,-0.7841543141078525,0.017367989249458406,-0.050000000000000044,-0.4,0.3,20
10.1111_ecoj.12088,0.8102898221295831,-0.3300008121395247,1.8100628156493896,-0.05083739274175825,-0.16282682709605376,0.02568224837551233,-0.050000000000000044,-0.15000000000000002,0.0,20
10.1163_1568539x-00003143,0.7927129590216664,-1.2383421392956857,2.7040425978410063,-0.04118278232653183,-0.2364025716948788,0.1343307512376546,-0.15000000000000002,-0.49999999999999994,0.2,20
10.1038_s41598-020-64930-4,1.252200901950732,-1.3775999447710505,3.6189662816705104,-0.12156562910933799,-0.321753385863848,0.0171481640360307,-0.09999999999999998,-0.4,0.20000000000000007,20
10.1086_708176,-0.7466187763774039,-1.688995428856305,0.11169227886559674,0.007622778346618064,-0.1130024528543869,0.11229058617364625,0.0,-0.15000000000000002,0.15000000000000002,20
10.1038_s41467-020-14712-3,0.9444116897922044,-1.549667482222005,3.2528458593209275,-0.1533393202645727,-0.30890243739209006,-0.014685575421567594,-0.15000000000000002,-0.45000000000000007,0.19999999999999996,20
10.3389_fpsyg.2019.02956,0.8505237647007995,-1.5622203105414767,3.026907222528314,-0.09902955398711988,-0.2980736957130567,0.02924597690054239,-0.09999999999999998,-0.45000000000000007,0.25,20
10.1523_jneurosci.0595-16.2016,0.5801051993630812,-0.7741968095106057,2.1944603567349468,-0.09109943841432278,-0.26795062532344266,0.03128917883436184,-0.050000000000000044,-0.15000000000000002,0.0,20
10.1007_s00355-015-0884-5,0.25505188068987295,-1.4006036228582883,1.6751948278682698,-0.1126848871914945,-0.2822728060974087,0.03086977079496804,0.0,-0.19999999999999996,0.19999999999999996,20
10.1371_journal.pone.0108423,4.447902510783437,0.7530136843762661,8.18960332413198,-0.23285266779954222,-0.6223510955507535,0.022197321993572588,-0.050000000000000044,-0.40124999999999994,0.30000000000000004,20
10.1111_ajsp.12057,1.1268856051796075,-0.2289574406906293,2.42984697000306,-0.06648193585615625,-0.20495134914360216,0.02504429627486985,-0.050000000000000044,-0.15000000000000002,0.0,20
10.1111_j.1465-7295.2011.00452.x,0.34829380901724516,-1.9101490146229123,2.57055932125817,-0.09385460776859367,-0.35990490971733463,0.09068084197665183,-0.09999999999999998,-0.3,0.09999999999999998,20
10.1007_s10614-008-9154-2,0.6346187530695717,-1.2763148801234618,2.488744793564905,-0.17465263819968574,-0.3208842440325374,0.006112169440587352,-0.09999999999999998,-0.4,0.19999999999999996,20
10.1177_0951629806065012,1.0298079163685472,-0.7379918106643466,2.6632514479643334,-0.19532620980297566,-0.5352040223831592,0.09020303455971303,0.09999999999999998,-0.1499999999999999,0.35,20
10.1023_a_1011612522206,1.0544526893794597,-0.9704467405840946,2.9730063739631865,-0.06882922066742703,-0.247210589998402,0.08363675816443339,-0.15000000000000002,-0.45,0.15000000000000002,20
10.1038_s41598-022-10582-5,0.9541320190577043,-0.28456015064568935,2.533455717947951,-0.07633131259266857,-0.20610263529204145,0.004003657461659802,-0.050000000000000044,-0.15000000000000002,0.0,20
10.1038_s41598-021-95303-0,1.7892114078858983,-1.05604964590899,4.340839723716008,-0.17852241931182133,-0.3913203229463728,0.009127140577833849,-0.2,-0.55,0.2,20
10.1038_s41598-021-85814-1,1.2809569602369333,-0.7567232699263149,3.096621062500802,-0.22433161828673343,-0.4502216990869429,0.04522112017110837,-0.050000000000000044,-0.35,0.25,20
10.1038_s41598-020-73564-5,0.2838970708421842,-1.186008615834651,1.7599405783169702,-0.12258217820734552,-0.24931040749578567,-0.01828615079547552,0.04999999999999993,-0.15000000000000002,0.25,20
10.1038_s41598-020-73314-7,-0.020719042482130412,-1.4766815691085688,1.3780806467243005,-0.16574867132946153,-0.38230618747937367,-0.010504380413351612,0.04999999999999993,-0.10000000000000009,0.20000000000000007,20
10.1093_jeea_jvz008,0.9935054526093552,-1.185962755302372,2.9734344303726417,-0.10520674827881515,-0.29055770527112607,0.07045589308975794,-0.09999999999999998,-0.35,0.15000000000000002,20
10.1017_ehs.2020.22,0.20299209251255945,-1.8344879590906524,1.8655707316135723,-0.11128353408106739,-0.29630695292903253,0.00858590269108438,-0.2,-0.45,0.050000000000000044,20
10.1093_restud_rdy048,6.330308554195315,1.1896419160752734,11.134877819177392,-0.14301786409873518,-0.35960433713742873,0.11398617800206856,0.04999999999999993,0.0,0.15000000000000002,20
10.1002_bdm.2050,4.448504985366863,1.6791223579357875,7.216556880432113,-0.08124222249402957,-0.25983621910620996,0.05892574385656975,-0.050000000000000044,-0.15000000000000002,0.0,20
10.1109_jstsp.2013.2263785,8.41928591161636,5.153729609497385,11.47550785690929,-0.4475692692451444,-0.9646554189727707,-0.011483567152474733,-0.25,-0.6499999999999999,0.14999999999999997,20
10.1007_s13235-011-0020-9,0.9986542126576454,-0.7115081570593841,2.776016347705042,-0.09079999733193012,-0.2627025677516472,0.017193081754173896,-0.050000000000000044,-0.15000000000000002,0.0,20
10.1007_978-3-642-02624-9_8,1.3403104651724762,-0.04508652380608388,2.796296603267268,-0.04324506202895895,-0.14476792182620943,0.052148761154581134,-0.050000000000000044,-0.15000000000000002,0.0,20
10.1023_B_ACBI.0000043440.36462.1a,0.5879295387280328,-0.7755057229663223,2.377417774567926,-0.09957879263063085,-0.2860959786264073,0.013945621099535198,-0.050000000000000044,-0.15000000000000002,0.0,20
10.1073_pnas.2106028118,1.628487476548469,-0.9625836816664426,3.891315117993304,-0.10601291955797432,-0.295922398568597,0.09380277904079583,-0.09999999999999998,-0.45,0.25,20
10.1038_s41598-019-49239-1,0.21247899284934757,-0.6741685311475422,1.3671236919903866,-0.06406788854383494,-0.2072370005393642,0.02666836435543472,-0.050000000000000044,-0.15000000000000002,0.0,20
10.1371_journal.pone.0208129,0.5708802287619195,-0.7922668974183983,1.963923912340397,-0.1443821162987275,-0.32430001230391353,-0.021080706725690693,-0.050000000000000044,-0.2,0.09999999999999998,20
10.1086_691630,1.765688444928709,-1.4272837927524658,4.667202519000808,-0.2135890293110107,-0.5371541335736825,0.021904687125991744,-0.050000000000000044,-0.4,0.29999999999999993,20
10.1038_sdata.2016.99,1.5456606714417225,0.16653295386943795,3.2613837985335756,-0.14996695974767582,-0.34471758963315674,-0.02477340285267071,-0.050000000000000044,-0.15000000000000002,0.0,20
10.1017_s0266267110000374,1.0032252006522562,0.011273153866082438,2.165862189904445,-0.06271724325719485,-0.15648830778842823,0.007606367564613799,-0.050000000000000044,-0.15000000000000002,0.0,20
10.1109_tnse.2023.3279094,1.4414178947010692,-0.04082130936183081,2.9803257572633015,-0.17763706319624506,-0.43807886351440617,-0.008404639321721745,-0.09999999999999998,-0.25,0.0,20
10.1007_s11071-023-08297-x,0.3077874461524308,-1.2098563446917323,1.5637422863498867,-0.08012305571833855,-0.22252770530778526,0.054435531715262844,0.04999999999999993,-0.10000000000000003,0.20000000000000007,20
10.3390_buildings12010019,5.171738300252881,2.0753634128329383,7.978255256518934,-0.0824580478202066,-0.2232307122603744,0.03979775783303351,-0.25,-0.6000000000000001,0.19999999999999996,20
10.1140_epjb_s10051-021-00185-w,0.922864050773442,-0.6073744411923202,2.7053109287962545,-0.17448006708445896,-0.49202706364402093,0.019372413475140696,-0.2,-0.45,0.050000000000000044,20
10.1371_journal.pone.0254860,-0.26896424728850477,-1.2774757961500771,0.7134563779673679,-0.0004159963217227336,-0.12624477492920055,0.11849325135976593,0.0,0.0,0.0,20
10.1038_s41562-021-01059-y,0.35843855695799665,-1.1647834914679192,1.7813386021518651,-0.07573125999134234,-0.29532341384880456,0.14060099977838247,-0.050000000000000044,-0.3,0.2,20
10.1103_PhysRevE.97.062136,1.7453929286857237,-0.9523236025558482,4.126642787369605,-0.18246149508980547,-0.4082444214213098,0.03059335330964623,-0.15000000000000002,-0.5,0.15000000000000002,20
10.1038_s41598-017-11580-8,0.6211746126465307,-0.5133560769656537,2.0624783800052384,-0.10712100611633868,-0.28739936981416286,0.008929622157241395,-0.050000000000000044,-0.15000000000000002,0.0,20
10.1111_ecin.12187,0.09623138010872179,-1.140086987053673,1.4039270435221058,-0.08887195219425192,-0.23361708700829645,0.009317003330977586,-0.050000000000000044,-0.15124999999999994,0.0,20
10.1103_PhysRevE.90.042726,-0.2265024563947815,-1.531405249911477,0.8779818199196479,0.009805650209880779,-0.1510627596753023,0.14324144268823044,0.0,-0.15000000000000002,0.15000000000000002,20
10.1007_s13235-013-0094-7,10.305436981772754,6.706491489994361,13.53683689411864,-0.6666425347977724,-1.1162062180615726,-0.21478207562328674,-0.2,-0.55125,0.19999999999999996,20
10.1007_s10539-013-9401-3,-0.6282139905723412,-2.1287751315529726,0.6528664616119728,0.004425411548361624,-0.11870059311571521,0.12269041060241616,0.15000000000000002,-0.050000000000000044,0.35,20
10.1111_j.1465-7295.2011.00433.x,0.33531547788671556,-1.1906603378424587,2.0855052897141855,-0.12125839842512898,-0.3197022963374896,-0.0014475900838284825,-0.09999999999999998,-0.25,0.0,20
10.1007_978-0-387-72596-3_7,0.31790905944876524,-1.4391076717688773,2.1557885620662622,-0.20021045254494857,-0.38375606378460175,-0.040154249296884416,-0.050000000000000044,-0.29999999999999993,0.15000000000000002,20
10.1111_bjso.12450,0.5425652582286231,-1.8325792359662,2.5282803289834708,-0.041759973523217586,-0.13537604194538252,0.04627393498567095,-0.15000000000000002,-0.5,0.2,20
10.3390_g10010012,-0.1791626981762242,-1.8587512682303,1.256796149693196,-0.05532708835834066,-0.1866617841739979,0.041251138525958846,0.0,-0.25,0.24999999999999994,20
10.3389_fpsyg.2017.01990,0.45042637939641494,-1.575575735303794,2.142936767251205,-0.09356321155492864,-0.2878568398598296,0.02569635661496164,-0.2,-0.5,0.09999999999999998,20
10.1038_srep42844,0.038290175290132566,-1.560776524525807,1.2760254540899596,-0.16299368611977888,-0.33997544819277314,-0.023008835054654626,-0.09999999999999998,-0.25,0.0,20
10.1007_s00355-014-0841-8,0.4448263501355978,-1.562500908302733,2.057869614213184,-0.09227823503502897,-0.27948696493950465,0.029776598797108377,-0.25,-0.55,0.050000000000000044,20
10.1109_tnsm.2015.2397883,10.128004364725953,6.180638095990458,13.654089357121224,-0.7692692249284115,-1.051976073899695,-0.46133140120436084,-0.25,-0.7,0.14999999999999997,20
10.1371_journal.pone.0020474,-0.07756921665825889,-1.4117164421472523,0.8825988105691035,-0.0731464888131742,-0.20349112859834498,0.06231466040780804,0.15000000000000002,0.0,0.30000000000000004,20
10.1002_cplx.20244,-0.27850167115373115,-1.5813455429029495,1.0184045086025877,-0.06054349701317796,-0.17039334432620123,0.025250272492407234,0.0,-0.25,0.24999999999999994,20
10.1023_a_1020598804674,9.21808351999119,5.679930753197407,12.283976586210773,-0.37428558352093205,-0.5916802195572527,-0.07867246219369914,-0.2,-0.6,0.2,20
10.1007_s10683-019-09609-y,0.41018320299327016,-1.496126201044739,2.3054920084649466,-0.08747453097730995,-0.27300606100197483,0.1138545399974985,-0.050000000000000044,-0.35,0.25,20
10.1038_s41598-020-57562-1,0.366933811516831,-1.4717466362768712,1.943005398630901,-0.08810999200788894,-0.294062415194272,0.05808980439034434,-0.050000000000000044,-0.35,0.25,20
10.1063_1.5085076,3.2206933630684675,0.5331722661867409,5.787281855101502,-0.08730026880042119,-0.259301191046323,0.0502394887388786,-0.2,-0.6000000000000001,0.2,20
10.1093_ajae_aay025,-0.23067086699698258,-1.947220668921486,1.14138724321616,-0.016328663774486496,-0.15429788981648843,0.12057117089465563,-0.050000000000000044,-0.30000000000000004,0.20000000000000007,20
10.1002_bdm.2012,0.07644802111011995,-1.211921176569806,1.2856240982463265,-0.11854322358815872,-0.28625211422928926,0.0028213039903955965,-0.050000000000000044,-0.20000000000000007,0.09999999999999998,20
10.1038_s41598-017-12742-4,5.63776439637416,2.306678875403553,8.41483099711787,-0.4897896917750749,-0.7961190604754056,-0.07617050336036238,-0.2,-0.6,0.19999999999999996,20
10.1103_PhysRevE.95.052309,0.5845577127892412,-0.6354685306712035,1.7949804011024002,0.009788517355459159,-0.08821303647673517,0.12586973371658836,0.0,0.0,0.0,20
10.5751_es-07532-200228,2.40331862544637,0.08660919368716012,4.6279567338783085,-0.07571075975123087,-0.268632420249619,0.05910989550637176,-0.050000000000000044,-0.15000000000000002,0.0,20
10.1371_journal.pone.0054308,1.852551546793486,-0.6959020114473371,4.257548572505596,-0.2420923863663179,-0.5019167132897802,0.01970902823504545,0.0,-0.3,0.25,20
10.1177_0048393108315509,-0.2642330318692192,-1.819009998005827,1.17316330165498,-0.024118011944546214,-0.1617706516957422,0.09213594863585713,0.0,-0.2,0.19999999999999996,20
10.1007_s11284-006-0070-4,2.2869945715208972,-0.1337251609003874,4.719789160103828,-0.11606686925401977,-0.30953267802695217,0.06943377580969443,-0.15000000000000002,-0.50125,0.24999999999999994,20
10.3197_096327105774462683,3.157790306805661,0.35152415891003597,5.770778241685284,-0.1746602132618859,-0.3713149825593842,0.003966900686511799,-0.15000000000000002,-0.55,0.25,20
10.1007_s11238-004-3672-8,1.1351860606579445,-0.4161794903090707,2.932063768072266,-0.09885710908572043,-0.27738489670613314,0.01574345225134675,-0.050000000000000044,-0.15000000000000002,0.0,20
10.1007_s001820050100,1.7500612643007143,-0.7547939984425384,4.192059342746534,0.03411999979616065,-0.11696453831838367,0.19021748637000335,-0.2,-0.6,0.19999999999999996,20
10.1038_s41562-022-01457-w,1.1073862733593058,-0.5419641098987001,2.6526846363482948,-0.12241537305513461,-0.31893448189267065,0.013258979651347442,-0.09999999999999998,-0.25,0.0,20
10.1002_bdm.2273,1.1525814116362856,-0.2153616117739451,2.7821132749248627,-0.11089642281972378,-0.28403117966562846,-0.0009496381051662397,-0.050000000000000044,-0.15000000000000002,0.0,20
10.3389_fnbeh.2020.00102,0.34182016288744776,-0.8499807062956141,1.917678214682466,-0.0926252409712286,-0.25928556234256406,0.017192226512390513,-0.050000000000000044,-0.15000000000000002,0.0,20
10.1371_journal.pone.0229510,0.39850745417336153,-1.062224911643996,1.8382464945144514,-0.14726050613885905,-0.30114001859531214,-0.03320883484960357,-0.15000000000000002,-0.44999999999999996,0.14999999999999997,20
10.1371_journal.pone.0227360,1.6414287016382572,-1.2810771539895993,3.9509245199919625,-0.25470870686248615,-0.5328851704758021,-0.08378190129005951,-0.25,-0.55,0.09999999999999998,20
10.1371_journal.pone.0200965,0.8223949072694543,-0.7111800223218324,2.7341585118925225,-0.08788878708091175,-0.2761294281630601,0.0309723826854021,-0.050000000000000044,-0.15000000000000002,0.0,20
10.1017_s0043887117000181,1.1863766928367951,-1.1117047642389288,3.4514990265743424,-0.13718680125349447,-0.3621794163930848,0.06678587024739238,-0.050000000000000044,-0.30000000000000004,0.20000000000000007,20
10.1038_s41598-017-12490-5,-0.20131380169488722,-0.7883386963570699,0.47275309847965846,-0.03575014808504706,-0.10985666276887592,0.01281861579429927,0.0,0.0,0.0,20
10.1007_s11127-016-0319-6,0.057076397668441636,-1.177114657110059,1.1537212097532792,-0.08579595464367806,-0.22529481180473473,0.01750992609509527,0.0,-0.19999999999999996,0.19999999999999996,20
10.1111_beer.12096,-0.10445219589428234,-1.4829845702819935,1.3445702685805465,-0.10586709025060437,-0.26179064354387915,0.018668747406082698,0.04999999999999993,-0.10000000000000009,0.24999999999999994,20
10.1007_s10816-013-9194-3,2.280619204718506,-0.4776911634230784,4.879448821327398,-0.1158558484943738,-0.35350068052753264,0.08170163437463043,-0.2,-0.6,0.2,20
10.1371_journal.pone.0092336,2.027724739482637,-0.15548070681665177,3.884439687247432,-0.25904764679157755,-0.504846609791464,-0.03547730688840844,-0.15000000000000002,-0.30000000000000004,0.0,20
10.1371_journal.pone.0057378,1.840051193187814,-1.023219768346529,4.557756826729693,-0.11680295383582895,-0.40314637144085386,0.08047761147873994,-0.09999999999999998,-0.35124999999999995,0.19999999999999996,20
10.1186_1744-9081-9-3,2.272036693089201,-0.6303912756758514,4.981881579963122,-0.22036771273091899,-0.5290548999036786,0.01977333421873258,-0.09999999999999998,-0.5,0.25,20
10.1007_s12110-012-9136-x,-0.22808572651096704,-1.0943238130781172,0.6178719410757066,-0.050801416614227435,-0.1594240727046693,0.013397238795072876,-0.050000000000000044,-0.15000000000000002,0.0,20
10.3982_te795,-0.26025076268785874,-1.6071229593030452,0.8480202511747603,0.010676267019564256,-0.07727573950263426,0.1262584239668125,-0.15000000000000002,-0.35124999999999995,0.050000000000000044,20
10.1111_j.1749-6632.2009.04542.x,0.5450058525588544,-0.35282598641374596,1.633186437410228,-0.04348843178219208,-0.14895048003536668,0.03086831417777039,-0.050000000000000044,-0.15000000000000002,0.0,20
10.1007_s10539-007-9065-y,-0.0011604308064843138,-1.3195764411743445,0.9223229293707752,-0.07505412009004497,-0.21322566103621496,0.044692598443227226,0.0,-0.15000000000000002,0.1499999999999999,20
10.1038_s41598-023-41519-1,0.1929098538341334,-1.1870124643778424,1.563878343758307,-0.08009204207893628,-0.27896070961858954,0.05281590576788809,0.0,-0.19999999999999996,0.19999999999999996,20
10.1002_hbm.25874,1.1218818950914837,-0.2661626315481207,2.8575404235682025,-0.09087960429895825,-0.2532265743395917,0.028603109085886636,-0.050000000000000044,-0.15000000000000002,0.0,20
10.1140_epjb_s10051-021-00212-w,2.4424777769050996,-0.43627362642271944,4.915596482819976,-0.21910489588690452,-0.5164216800931501,0.0036857443788683923,-0.15000000000000002,-0.5,0.15124999999999889,20
10.1140_epjb_e2020-100618-x,4.416402814177277,1.0360944390701337,7.995645640448496,-0.29070238036400725,-0.650138171676743,0.1112271515673249,-0.15000000000000002,-0.5,0.24999999999999994,20
10.1093_ejil_chaa009,1.0917411309316556,-0.7480840060628808,2.8737576151591844,-0.1445909266879143,-0.326697152221507,0.07352969762182392,-0.09999999999999998,-0.4,0.20124999999999893,20
10.3390_g10010011,-0.07535500732322564,-2.2357150006928137,1.8770396577460724,-0.038047902878538875,-0.20619733146091182,0.10156402636747125,0.04999999999999993,-0.20000000000000007,0.30000000000000004,20
10.1007_s11211-017-0300-7,10.146519809176393,6.449551555009665,13.333016888638207,-0.6069343662038307,-0.8153649388143276,-0.28271780114424494,-0.2,-0.6,0.15000000000000002,20
10.1073_pnas.1704032114,0.3299501852522235,-0.5681057968977214,1.2292946139408356,-0.04131285612723945,-0.14740813030521716,0.03675198182233433,-0.09999999999999998,-0.25,0.0,20
10.1080_08941920.2016.1209266,2.4952563646750514,-0.21492137093696007,4.97782876741286,-0.12171183581766076,-0.31989922130810444,-0.003733287596208769,-0.25,-0.6499999999999999,0.19999999999999996,20
10.3389_fnbeh.2016.00180,0.7454727808641621,-0.5203173355626993,2.294983970664552,-0.09312399748264577,-0.2570230121165758,0.012326507750821674,-0.050000000000000044,-0.15000000000000002,0.0,20
10.3389_fpsyg.2016.00799,0.7190870302911598,-1.7215987542262983,2.7759781756079818,-0.09975123759616611,-0.2220962931177903,0.003955405909882686,-0.25,-0.55,0.05124999999999891,20
10.3389_fpsyg.2015.00983,1.0743724887676072,-0.2660189915637582,2.747446189748078,-0.10705748317943609,-0.2708293878749129,0.0056422634822945435,-0.050000000000000044,-0.15000000000000002,0.0,20
10.1371_journal.pone.0040325,1.227215521686901,-1.4087048860819682,3.5792904690429133,-0.15272358879877562,-0.36624895570953425,0.03512273513245274,-0.050000000000000044,-0.35,0.25,20
10.1007_s11403-007-0027-x,2.4512168107965406,-0.5920220129802317,4.843277533532992,-0.2127538483170316,-0.46561151286340324,0.05207921134896132,-0.09999999999999998,-0.4,0.19999999999999996,20
10.1038_s41893-022-00877-w,-0.016622092441577863,-2.391254239880451,1.9824996355877516,-0.09511387070293897,-0.3154464410118616,0.1025181667291951,0.0,-0.25,0.25,20
10.1126_sciadv.abj7377,0.52238315615792,-1.1867926245341485,1.954130439178249,-0.2286359327797366,-0.4109846043461349,-0.06711519048570538,-0.050000000000000044,-0.3,0.20000000000000007,20
10.1027_1864-9335_a000460,0.8020335509696048,-0.5463604567898532,2.497815767081153,-0.09459507215460128,-0.23760569972775847,0.0031442079047046176,-0.050000000000000044,-0.15000000000000002,0.0,20
10.1057_s41599-020-0419-2,-0.028107306208839056,-1.5983453801328737,1.4052004505089895,-0.10560540687519093,-0.27359388078861596,0.00797845377476747,0.0,-0.1499999999999999,0.1499999999999999,20
10.1007_s10683-018-9592-1,1.143519954837715,-1.744745254738673,3.7533138129020376,-0.14289646943993706,-0.3314899570098163,0.04495635798684849,-0.09999999999999998,-0.44999999999999996,0.24999999999999994,20
10.1016_j.jtbi.2017.10.007,0.43832014430339683,-1.0318706527500692,1.723551166081665,-0.11948172768854615,-0.2836681343288251,-0.0014357823343207306,-0.09999999999999998,-0.35,0.14999999999999997,20
10.1038_s41598-017-07916-z,0.07351242831797844,-0.7310333703934999,1.0330630760774235,-0.059181522883463344,-0.17828532397173244,0.01927345389179642,-0.050000000000000044,-0.15000000000000002,0.0,20
10.1038_srep42735,0.0933835001093346,-1.2554604195302088,1.2025069653928728,-0.10475817691224554,-0.22682617757307694,-0.0016979099566483418,0.09999999999999998,-0.09999999999999998,0.3,20
10.1093_oep_gpv048,-0.7519335546057704,-2.2386114401506045,0.6495719849168615,-0.057646791747881565,-0.19637135207392795,0.08041074519169088,0.15000000000000002,0.0,0.30000000000000004,20
10.1093_jleo_ewu019,4.622188785529361,1.3193576218363547,7.3359600477119,-0.10153580074019097,-0.2610550609460188,0.011184751472746094,-0.25,-0.6499999999999999,0.19999999999999996,20
10.3389_fnbeh.2015.00107,1.6870217239349339,0.09138817456229097,3.364979388736625,-0.09283871275244915,-0.21553868344318042,0.015777006345973135,-0.050000000000000044,-0.15000000000000002,0.0,20
10.1007_s10539-012-9327-1,-0.4284120954373325,-2.405100158333785,1.2898937398817516,0.06991233797197571,-0.06090958304996849,0.24623981407631457,0.04999999999999993,-0.20000000000000007,0.35,20
10.1093_jae_ejr034,4.70783035664672,1.6764595925606491,7.886381120533567,-0.33481984410306054,-0.6368158921688253,0.037772574485240816,-0.09999999999999998,-0.45000000000000007,0.25,20
10.1007_s00191-010-0204-2,11.00916191137344,6.879436258928923,14.77036533583159,-0.6410576620504567,-1.0672913537511122,-0.14998570837415132,-0.15000000000000002,-0.55,0.24999999999999994,20
10.1111_j.1439-0310.2010.01781.x,0.24448710237674742,-0.48595941663066466,0.985570173683769,-0.06473103701631377,-0.1689604511137181,0.009022375115462016,0.0,0.0,0.0,20
10.1007_s00199-008-0421-1,1.0329358784230038,-0.23527425186083284,2.0740607050893183,-0.13209156078397366,-0.3196562921137122,0.09034745002676813,0.09999999999999998,0.0,0.25,20
10.1007_978-3-540-85436-4_5,0.22742146229798887,-0.8970863402951408,1.0860397836127975,-0.1635961487845577,-0.3197209326637263,-0.033221359073813725,0.04999999999999993,-0.10000000000000009,0.24999999999999994,20
10.1103_PhysRevE.76.026114,-0.029343384556676178,-1.5443740146671434,1.3408224942171028,-0.09687844459778361,-0.20600052242777556,0.0011194781745926747,0.04999999999999993,-0.15000000000000002,0.25,20
10.1007_s11284-006-0163-0,0.1304922149014125,-0.3557058552255967,0.6312229800686151,-0.057476864134478944,-0.1474978435475396,0.00020072628285764492,0.0,0.0,0.0,20
10.1111_j.1468-5584.2005.00267.x,-0.07458603916531459,-1.264468045803644,0.9715572194745181,-0.10278732398709489,-0.23435756480197872,-0.004931237508020995,-0.09999999999999998,-0.3,0.050000000000000044,20
10.1063_5.0147226,0.2528219282537618,-1.019561015132295,1.5688031170164702,-0.09361602932789892,-0.2278468479215053,0.00727092135658316,-0.050000000000000044,-0.15000000000000002,0.0,20
10.1155_2020_8276392,2.3021750927283327,-0.5050135171188093,4.843586298699403,-0.09240662431686841,-0.25629452632818317,0.022706201260742815,-0.2,-0.6,0.19999999999999996,20
10.1017_s1355770x19000457,1.1103071460719622,-0.42200996024295506,2.6941555848198213,-0.07937708933499599,-0.2378596913461885,0.029897722312460424,-0.050000000000000044,-0.15000000000000002,0.0,20
10.1007_s00199-018-1146-4,1.093702711166916,-0.35659025502371455,2.2846622512709964,-0.03962689039454004,-0.17976003041555932,0.06087038571462635,-0.050000000000000044,-0.15000000000000002,0.0,20
10.1093_oep_gpy045,-0.6675141969514122,-2.4469935923365154,0.9677228297018615,-0.00014539391882406605,-0.07997385954361211,0.10533422344364861,-0.050000000000000044,-0.25,0.15000000000000002,20
10.1371_journal.pone.0207937,0.3570784521740986,-0.3029788731125712,1.1756079523141025,-0.059150093178065855,-0.16266792708128602,0.0009632925079158523,-0.050000000000000044,-0.15000000000000002,0.0,20
10.1017_s1355770x16000322,0.45009130560406163,-1.5139716381991082,2.185680877909251,-0.09365411988051109,-0.2790363726016288,0.029229182247432893,-0.2,-0.49999999999999994,0.09999999999999998,20
10.1086_687873,-0.8830768609605952,-2.0164345008749693,0.1731399012259888,0.00895225005488376,-0.07216670157057743,0.11441522385230722,0.04999999999999993,-0.19999999999999996,0.25,20
10.1007_s40503-016-0035-0,1.4078853646528122,-1.3008163511632274,3.8125971438173796,-0.22980472155947307,-0.40333468424263147,-0.04066328891907932,-0.09999999999999998,-0.45000000000000007,0.25,20
10.1038_srep31927,-0.5741450311054335,-1.7709781792996686,0.576616709255423,-0.04874175917964407,-0.19808346387273207,0.07818823123345245,0.0,-0.15000000000000002,0.15000000000000002,20
10.5751_es-07493-200323,1.080527568407497,-0.24081847693385203,2.91784323512425,-0.059560317316508904,-0.23946818464618227,0.055736861560948564,-0.050000000000000044,-0.15000000000000002,0.0,20
10.1007_s00265-014-1741-8,3.4681912881605887,0.49699351926641305,6.341560069526956,-0.1584836525131012,-0.3757370917932698,0.0024471092335600574,-0.15000000000000002,-0.5,0.24999999999999994,20
10.1073_pnas.1400827111,0.2451756144751993,-0.7442243479823422,1.340830382600531,-0.06375083839754192,-0.1779101464793187,0.022572297053979864,0.0,-0.14999999999999997,0.1499999999999999,20
10.1093_aepp_ppq017,0.4577465846667481,-0.8753492430619885,1.64111153948653,-0.13321043511241748,-0.2726626151527258,-0.0009100130622219168,0.0,-0.14999999999999997,0.14999999999999997,20
10.1177_0170840610372202,-0.25259743916184085,-1.6431282659072326,1.1776373183498663,-0.09683755271638106,-0.2614674574234989,0.011512010528857804,-0.050000000000000044,-0.25,0.19999999999999996,20
10.1177_17456916231179156,-0.22912021345627132,-1.9020965307659154,1.205244088497636,-0.05345339319707898,-0.16206153513595015,0.06734117037219436,0.09999999999999998,-0.09999999999999998,0.30000000000000004,20
10.1523_jneurosci.2303-21.2022,-0.2751144781984882,-1.347014135400002,0.9125167706610013,-0.17873403533214532,-0.37188173152339893,0.018888241418331814,-0.050000000000000044,-0.3,0.19999999999999996,20
10.3389_fpubh.2022.881330,-0.18513068710393554,-1.7797226865123723,1.2094154054746562,-0.10284226010570885,-0.2654487666482727,0.06675912030585805,-0.050000000000000044,-0.35,0.25,20
10.1007_s11127-021-00925-7,3.9613488494375444,0.7674936135635563,6.730483746331046,-0.37854711064213753,-0.6717144005133086,-0.1197303359270317,-0.09999999999999998,-0.45000000000000007,0.3,20
10.1017_s0266267121000195,-1.141345172812521,-2.032636344866299,-0.3459436478003859,0.03690372517101359,-0.010205182167067086,0.1053373154370236,0.09999999999999998,0.0,0.25,20
10.1038_s41598-021-93598-7,0.23049132238431191,-0.8425078560531722,0.9849586462673273,-0.04086182215714751,-0.14429372751977235,0.028337210280774388,0.0,0.0,0.0,20
10.1017_s0266267119000233,2.7745832231560916,0.07548885716666982,5.577955934888379,-0.21970743974188522,-0.4724156894174301,0.05797249024419967,-0.050000000000000044,-0.35,0.25,20
10.1007_s40656-017-0151-4,0.01361719142744544,-1.8773814773869382,1.7131673076279355,-0.031313116515586104,-0.16793732335760075,0.09910880207204766,0.0,-0.29999999999999993,0.3,20
10.1002_bdm.1976,3.1444918558257084,-0.220212298789491,5.706456255127137,-0.3294856125386652,-0.6186882162354872,-0.003436411699129545,-0.050000000000000044,-0.2512499999999999,0.19999999999999996,20
10.1007_s11403-015-0146-8,-0.35437544072528215,-0.9696343500565732,0.25024394611709794,-0.02072200633851662,-0.09302764610741701,0.025526502359566414,0.0,0.0,0.0,20
10.1038_srep12797,7.085960033093033,3.8291447088533777,10.427004889522545,-0.19247872910973574,-0.5018302528315274,0.021655312795452297,-0.25,-0.6499999999999999,0.19999999999999996,20
10.1007_978-3-319-15515-9_15,0.7177199282249678,-0.8962695784844105,2.550849927543628,-0.028401320974991484,-0.18209955670040076,0.10284125677356536,-0.050000000000000044,-0.15000000000000002,0.0,20
10.1111_jpet.12084,-0.33550914757873507,-1.7064870017152631,0.9611318502692016,-0.10494871195296851,-0.2798866676500042,-0.006627468031925978,-0.050000000000000044,-0.25,0.15000000000000002,20
10.1371_journal.pone.0105126,2.9995532997075047,0.5646581752866583,5.122408175022853,-0.38521273863120054,-0.5960192210240315,-0.12375108981225869,-0.25,-0.55125,0.09999999999999998,20
10.1515_bejeap-2013-0110,2.615107344352203,-0.9608090546780769,5.899767175997718,-0.23823745514802486,-0.5353180931121877,-0.0010778268449912858,-0.15000000000000002,-0.55,0.29999999999999993,20
10.1007_s11238-013-9356-5,0.3653135827388905,-0.3827226292242212,1.2129377355506594,-0.06381521897014397,-0.16890661454213057,0.008785496084059262,-0.050000000000000044,-0.15000000000000002,0.0,20
10.1371_journal.pone.0083225,0.4734286486826127,-1.1451115653624397,2.098455813752334,-0.12916309717811303,-0.31594428473763553,-0.017270550165134756,-0.050000000000000044,-0.24999999999999994,0.09999999999999998,20
10.1371_journal.pone.0077041,1.319669883299853,-1.3309531195806221,3.57201580700581,-0.20952902898463122,-0.5032147288495834,0.05238172610130916,-0.050000000000000044,-0.30124999999999996,0.25,20
10.1371_journal.pone.0069871,1.6795400010907988,0.05753176871628248,3.5295799912660613,-0.08006486650306943,-0.23399609420434372,0.03199101693611717,-0.050000000000000044,-0.15000000000000002,0.0,20
10.1111_evo.12031,1.2925204564388784,-1.7683539307702862,4.135152993245133,-0.1305107351518766,-0.3982003276108,0.11279938621843077,0.04999999999999993,-0.15000000000000002,0.25,20
10.1177_147470491301100117,-0.4815081187866994,-2.434777807617421,1.2653967578886522,-0.016975569668754686,-0.168934137474129,0.15514936021132708,0.04999999999999993,-0.19999999999999996,0.30000000000000004,20
10.1371_journal.pone.0044432,4.831935331657751,2.2492141122682776,7.228503194868806,-0.41883646529383806,-0.727232449775165,-0.03771854970394506,-0.09999999999999998,-0.44999999999999996,0.25,20
10.1111_j.1559-1816.2012.00914.x,0.12860432723168547,-1.370584867419333,1.6409064719952526,-0.1236608790872199,-0.26744488490460566,-0.02559337874647696,-0.2,-0.44999999999999996,0.0,20
10.1371_journal.pone.0039002,0.16194947681980754,-0.8970399431296242,1.2662466214990618,-0.08665440602252295,-0.23072821289532244,0.0027778007667695784,-0.050000000000000044,-0.15000000000000002,0.0,20
10.1111_j.1467-9779.2011.01520.x,-0.037731522892933356,-2.0151283103308004,1.6795091425281594,-0.089037000112686,-0.2606707390817326,0.044463828330964066,-0.050000000000000044,-0.30000000000000004,0.19999999999999996,20
10.1177_0951629809103970,-0.11105153430895598,-1.790004745623885,1.495688675497994,0.01571632850535809,-0.10116850377849582,0.1552516793106395,-0.050000000000000044,-0.29999999999999993,0.15000000000000002,20
10.1093_ej_uead030,-0.03589717508696033,-1.7680856641147853,1.57237118272786,-0.13254972512566277,-0.2905856111796134,-0.021170194201587497,0.0,-0.25,0.25,20
10.1017_ehs.2022.32,0.329472809055412,-0.9971066854821955,1.4676682910468282,-0.13091575367403963,-0.30780005925088894,-0.01463335989195731,-0.050000000000000044,-0.15000000000000002,0.0,20
10.1109_tcsii.2021.3133711,4.048127889624722,0.8404725783816238,6.808590230525535,-0.28407756491411124,-0.797101552330302,0.09871916806237226,-0.09999999999999998,-0.4,0.25,20
10.1111_jpet.12540,-0.17284794300932838,-1.6537218665607678,1.245214442722899,-0.14506445953971675,-0.3000647431321486,-0.030534338079110785,-0.050000000000000044,-0.29999999999999993,0.15000000000000002,20
10.1111_apce.12343,0.4058546971656458,-1.0451097552211666,1.781953923268791,-0.1150796598532644,-0.28579335733150063,-0.0008878089640760986,-0.09999999999999998,-0.25,0.0,20
10.1111_ecin.13020,3.1287325716743757,0.9094220651727111,5.149456366965171,-0.1062046224026143,-0.2804509760449856,0.015856169885880712,-0.050000000000000044,-0.15000000000000002,0.0,20
10.1371_journal.pcbi.1008217,4.722623488961035,1.2542942731549467,7.870101443876623,-0.2435964244375881,-0.5237808598957796,-0.011478073411256728,-0.09999999999999998,-0.3999999999999999,0.19999999999999996,20
10.1109_access.2021.3084342,1.8406453351935825,-0.6366460889161993,4.1111781113805606,-0.19560927479764967,-0.36393913095816505,0.0014143440900753138,-0.2,-0.55,0.15000000000000002,20
10.1332_204378920x16026943989422,-0.715270905431046,-1.2303208690784722,-0.21576339711349102,0.03135507577236196,-0.010712728270426788,0.08265166588853298,0.04999999999999993,0.0,0.15000000000000002,20
10.1007_s00355-020-01284-w,0.3783371735872576,-1.0260646347560214,1.8595620556346812,-0.2085976670159393,-0.3920661475345044,-0.03742828502682162,-0.09999999999999998,-0.35,0.15000000000000002,20
10.1002_bdm.2208,0.56062084190481,-0.6196504204600641,2.2385283341878086,-0.09453997736063302,-0.2871682661065151,0.022614967365551308,-0.050000000000000044,-0.15000000000000002,0.0,20
10.1007_s40750-020-00143-3,-0.443332753292367,-1.6028545519144302,0.684605926332687,-0.09949520465828787,-0.22163255353348923,0.0006044916022806211,0.04999999999999993,-0.09999999999999998,0.20124999999999893,20
10.1111_ecin.12766,0.1769965101548454,-0.662924448793358,1.1034828509430414,-0.041497126940850726,-0.10996805411072037,0.01532552350833034,-0.050000000000000044,-0.15000000000000002,0.0,20
10.1111_ecin.12713,5.120980059305128,1.2072209947987145,8.428886163423906,-0.34584353820049596,-0.603500799423124,-0.05136231126925411,-0.2,-0.55,0.19999999999999996,20
10.1103_PhysRevE.100.052304,-0.5205501039533962,-1.9579510286161235,0.5563702448290515,0.005800549847935654,-0.11024376676797075,0.1521573271915288,0.09999999999999998,0.0,0.25,20
10.1086_700098,4.906630627929322,2.4663570761897757,7.264099757339102,-0.07288710117970165,-0.22942285361041953,0.06254225963801079,-0.050000000000000044,-0.15000000000000002,0.0,20
10.1007_s11127-018-0622-5,0.46507040551285694,-1.3178185954708284,2.2091680186724827,-0.18299012814674348,-0.372335674020157,0.007416622657562397,0.04999999999999993,-0.15000000000000002,0.25,20
10.3389_fpsyg.2018.00932,0.675668787745793,-0.5809837000054523,2.2484146289704325,-0.07850151117726634,-0.251132151964184,0.03850005697943608,-0.050000000000000044,-0.15000000000000002,0.0,20
10.1007_s10588-017-9244-6,0.07302718894314797,-1.5109898637546593,1.6373832069820837,-0.14482200197347067,-0.33610064487460606,0.020462709506403404,-0.15000000000000002,-0.4,0.09999999999999998,20
10.1111_jpet.12252,8.343241222386698,4.521831381910757,12.683102859654024,-0.3900330561818497,-0.9818787482965073,0.2683641986346906,-0.2,-0.6,0.19999999999999996,20
10.1007_s10640-017-0126-7,2.13068050472815,-0.2670548971751779,4.380080213399604,-0.18289689815102977,-0.3789200704319677,-0.023358068047952225,-0.25,-0.6000000000000001,0.15000000000000002,20
10.3982_te2063,-0.7948542368112497,-2.0233455453763995,0.39469056866930824,-0.0348619776510285,-0.11361590137712038,0.02856196025555198,0.09999999999999998,-0.10125000000000002,0.35,20
10.3389_fnbeh.2016.00053,0.6268283649368298,-0.4919682806939673,1.6549792836586932,-0.0017167414622747401,-0.10635496887589738,0.11299018855264051,-0.09999999999999998,-0.25,0.0,20
10.1007_s12038-013-9342-7,0.15345870549492435,-0.5894101780984838,0.8522513020648238,-0.0397052743317563,-0.13196430032350565,0.025880285140870644,-0.050000000000000044,-0.15000000000000002,0.0,20
10.1111_1475-4932.12073,1.9191885113746787,-1.7661543291835715,6.123588585606893,-0.20252832076530858,-0.6301122637938942,0.1325969126611088,-0.050000000000000044,-0.30000000000000004,0.2,20
10.1111_joes.12018,-0.41645569448724107,-2.200346896009448,1.2342799396097717,0.02094195274605004,-0.09696577357420127,0.18663559019943676,0.04999999999999993,-0.19999999999999996,0.3,20
10.1371_journal.pone.0034051,-0.3901123178556283,-1.872397421627404,0.9804390271957916,-0.017175685994653134,-0.2080307857365631,0.18535736865039432,0.0,-0.25,0.25,20
10.1080_15534510802469156,0.09020418815054931,-1.5268357054974517,1.4165181477533781,-0.04089897764646466,-0.19362818793736433,0.0739772500085281,-0.15000000000000002,-0.39999999999999997,0.09999999999999998,20
10.1196_annals.1399.012,0.07699782407740141,-1.6961670156135948,1.6840093273292758,-0.12031790040120638,-0.27652744778030336,0.028675025053151327,0.04999999999999993,-0.15000000000000002,0.25,20
10.1080_10576100490438246,1.1424805062427854,-1.1292149343135758,3.3091159635425385,-0.24486004188346938,-0.4577385665886077,-0.006841963409096078,-0.050000000000000044,-0.35,0.25,20
10.1038_s41467-023-38592-5,0.46744244529957424,-0.9770075018350195,2.0262990660204587,-0.12029411642823196,-0.2960936299036932,-0.004478598705178869,-0.050000000000000044,-0.15000000000000002,0.0,20
10.1093_pnasnexus_pgad091,1.0031728783899156,-1.6579972068730353,3.3339077415198766,-0.1924732686970943,-0.4350973647066922,0.03282794596678677,-0.09999999999999998,-0.4,0.20000000000000007,20
10.1007_s10640-023-00759-5,-0.08802589340523603,-0.9759305222986625,0.7683923539735895,0.036219113356758204,-0.055584221798719996,0.15855832404202422,0.04999999999999993,0.0,0.15000000000000002,20
10.1063_5.0088493,1.5723287235369776,-1.1932394641505877,3.8976483604729073,-0.22481018683761717,-0.4243443999259213,-0.03937130334387829,-0.25,-0.55,0.09999999999999998,20
10.1371_journal.pone.0266735,0.44983679617843997,-0.6953689483158938,1.7817895823396315,-0.08408894355515195,-0.2508497121410906,0.020270630155193953,-0.050000000000000044,-0.15000000000000002,0.0,20
10.5267_j.ijiec.2022.3.001,3.0849152156191133,0.06814204393892744,5.844894792288648,-0.36163556172797645,-0.6390189589038823,-0.06128689240901341,-0.050000000000000044,-0.39999999999999997,0.29999999999999993,20
10.1007_s10551-020-04664-5,0.10529450987606026,-1.6068548912938807,1.7269462101930684,-0.05713839835507184,-0.19352613697898513,0.03547787087282949,-0.15000000000000002,-0.45000000000000007,0.15000000000000002,20
10.1371_journal.pone.0263028,0.7836459251925003,-0.49479185091329136,1.9412129620039733,-0.12226754676528495,-0.3755794923060973,0.04772301441922559,-0.09999999999999998,-0.25,0.0,20
10.1038_s41598-021-04217-4,-0.20817263816531462,-1.9349452969738654,1.415650150960053,-0.10888576854607479,-0.2508273631931645,0.02274821813087948,0.0,-0.25,0.25,20
10.1093_scan_nsab124,-0.40564391150149337,-2.2992628982897836,1.1405997057494153,-0.09980629287236964,-0.3172306903596087,0.03513785485031943,0.0,-0.19999999999999996,0.19999999999999996,20
10.3389_fpsyg.2021.676064,0.23438421085881522,-0.8831524820288649,1.5533657587253027,-0.09025858958674915,-0.25492991426876926,0.010358716894055002,-0.050000000000000044,-0.15000000000000002,0.0,20
10.1038_s41598-021-89563-z,5.580948681502345,2.0340975135527235,8.925725630637809,-0.36631323067031263,-0.7691382803413804,-0.021933337330472678,-0.050000000000000044,-0.4,0.3012499999999989,20
10.1371_journal.pone.0248599,-0.12644866190116932,-1.9295632028766718,1.6859965546846554,-0.09490843863304166,-0.2892865987245786,0.06275963780299539,0.04999999999999993,-0.15000000000000002,0.3,20
10.1093_qje_qjaa035,19.625380333341532,16.36801522451638,22.914151833612532,-0.17816411744658534,-0.4243941179757462,0.026201748331062875,-0.050000000000000044,-0.15000000000000002,0.0,20
10.1007_s10640-020-00526-w,0.4440412676407366,-1.5296600838424264,2.0635088171046347,-0.09254341376822106,-0.27052009384919656,0.03358854604089789,-0.2,-0.5,0.09999999999999998,20
10.1038_s41598-020-60349-z,2.8367261254668863,0.8110012959761168,5.035305301200842,-0.1025687086237782,-0.2722421212177011,0.01029925208991573,-0.050000000000000044,-0.15000000000000002,0.0,20
10.1111_ecin.12720,-0.3021523634931791,-2.57662191538163,1.8422024285157663,0.00945118839233472,-0.09033646303491799,0.09075515133192022,0.0,-0.30124999999999996,0.3012499999999989,20
10.1057_s41599-019-0249-2,2.650422469334278,0.1844305032934749,5.0450582733822085,-0.08349645762316271,-0.30997269520304715,0.13380304744364177,-0.050000000000000044,-0.15000000000000002,0.0,20
10.1080_00220485.2018.1551097,-0.42826156027375717,-1.3631929648779302,0.5611553274630472,-0.002308479241771577,-0.14610824725275892,0.15032919656472443,0.04999999999999993,0.0,0.15000000000000002,20
10.1007_s10539-018-9627-1,0.650629231037108,-0.3518884742199325,2.044728304424672,-0.07134717480074648,-0.21029449510156006,0.013565842649890822,-0.050000000000000044,-0.15000000000000002,0.0,20
10.1371_journal.pone.0188503,1.96034340223152,0.1811036969103847,4.037396737203253,-0.1705045932712208,-0.3846325101591421,-0.014428933404642392,-0.09999999999999998,-0.25,0.0,20
10.1073_pnas.1606456113,-0.08047008045697535,-0.7876061149800299,0.6276140198457023,-0.028819801540951318,-0.10251904913237712,0.04580086451122326,0.0,0.0,0.0,20
10.18564_jasss.3166,6.058514243578743,2.6967477261746806,9.287219646881132,-0.32858657312199924,-0.6633575851383832,-0.009123621035035053,-0.09999999999999998,-0.4,0.20124999999999893,20
10.1111_kykl.12113,0.6086636782507435,-0.9305110608400493,1.8970480003956762,-0.09387827091687428,-0.27172276005479246,0.02565481299965793,-0.2,-0.5,0.09999999999999998,20
10.1371_journal.pone.0124513,1.77229363967023,-0.6548646616954302,4.047627811561033,-0.10010734027606205,-0.2597622731330878,0.08153477255962474,-0.30000000000000004,-0.65,0.050000000000000044,20
10.1111_jpet.12090,9.360986201075022,4.920537995854728,13.143151843042823,-0.5166576927652478,-1.0895418420414775,-0.04737403165089154,-0.2,-0.55,0.19999999999999996,20
10.1007_s10588-013-9170-1,5.394864714145462,2.215252409287267,8.048859286431068,-0.46189389238120726,-1.048411539762968,-0.056412497726812,-0.15000000000000002,-0.5,0.24999999999999994,20
10.1002_evan.21430,-0.09358943098420003,-1.6178161504602186,1.3032459278178263,0.15003319266960247,0.0034485985275193947,0.35708403016505574,0.04999999999999993,-0.15000000000000002,0.25,20
10.1111_roiw.12092,2.114938346462032,-0.8325013065532353,4.542593851562686,-0.25421970540067074,-0.5049699309752906,-0.06711276031664497,-0.09999999999999998,-0.5,0.3,20
10.3389_fevo.2014.00041,0.6248304478350191,-0.559381800228353,1.9280149953508956,-0.11231670648151992,-0.2600688692153323,-0.01264487082614052,-0.050000000000000044,-0.15000000000000002,0.0,20
10.1155_2014_108024,-0.32079464470261954,-1.1660325337612436,0.568199235399631,-0.043606612057556116,-0.14388143428337782,0.03145317054334675,0.0,0.0,0.0,20
10.3389_fnhum.2013.00252,1.6313472400746063,-0.010036106478637213,3.4404079786634494,-0.09503088642141533,-0.25851698977372545,0.017801415499933318,-0.050000000000000044,-0.15000000000000002,0.0,20
10.1080_0013791x.2011.650839,2.033965105744209,-0.4976630523637953,4.290613105354003,-0.18776915415669748,-0.47061305155227984,-0.011756577373647447,-0.2,-0.50125,0.15000000000000002,20
10.1111_j.1467-9779.2011.01519.x,1.9330755416622614,-0.03752090409039487,3.889924390637269,-0.08588986561190803,-0.25369700052336,0.02691838404385439,-0.050000000000000044,-0.19999999999999996,0.0,20
10.1007_s10588-008-9053-z,3.987971941588534,1.2183955324230733,6.691051980999441,-0.3182249086667153,-0.6089646842741366,-0.021491953886012827,-0.09999999999999998,-0.3,0.09999999999999998,20
10.1177_0959354308091842,-0.07664548819914607,-1.5203798121475434,1.5355249270608693,-0.06595174343368226,-0.247407300291277,0.17697193676721523,0.0,-0.25,0.25,20
10.1007_s10539-007-9083-9,0.9555464859660532,-0.9440598246476115,2.9253118895061876,-0.07642560999621073,-0.2831099929067036,0.10387771589777207,-0.050000000000000044,-0.35,0.25,20
10.1177_105971230601400306,0.0933764275390887,-0.5980013360639985,0.8598909678918564,-0.013542507045176677,-0.0836007435087959,0.05291751464233387,0.0,0.0,0.0,20
10.1111_j.0020-8833.2004.00306.x,1.5844617376549897,0.2114519347604339,2.5608299489792605,-0.023838492717097592,-0.06673050258809979,0.021724566105499797,-0.050000000000000044,-0.15000000000000002,0.0,20
10.1038_s41598-023-37286-8,0.3458242308863193,-0.5811236790876336,1.3422134923986382,-0.07612561852852107,-0.19729293605794085,0.0020707061623542918,-0.050000000000000044,-0.15000000000000002,0.0,20
10.3389_fpsyt.2023.1131769,0.716673017880507,-1.7835285079343708,2.9429586926510414,-0.1101087310182971,-0.30884511543613447,0.0669073623535451,-0.050000000000000044,-0.35000000000000003,0.29999999999999993,20
10.1063_5.0102483,0.27800701153923235,-0.9922426493466001,1.6508855819719699,-0.11141877569907144,-0.3111043628845141,-0.0032292816700109977,-0.050000000000000044,-0.24999999999999994,0.10000000000000003,20
10.3389_fpsyg.2022.816168,7.808481655617064,4.7464856563139906,10.57959703932847,-0.106625548241844,-0.4211262821534278,0.23250046066427013,-0.050000000000000044,-0.15000000000000002,0.0,20
10.1027_2151-2604_a000459,0.5622498320631824,-1.1700539121603797,2.0035665641852467,-0.09899321389007298,-0.2825743776538536,0.010120068377636146,-0.050000000000000044,-0.25,0.15000000000000002,20
10.1371_journal.pone.0267153,0.9730934005612539,-0.4674692222876993,2.683393815304441,-0.11924550329013128,-0.3229296192612763,0.00551426544242338,-0.050000000000000044,-0.15000000000000002,0.0,20
10.3389_fpsyg.2021.678237,0.04487934842186281,-1.177729852300014,1.3688865884599095,-0.05733846737576431,-0.2283386944697208,0.05324554250611986,-0.050000000000000044,-0.15000000000000002,0.0,20
10.3390_g12030063,-0.838978265725066,-1.761759726011429,0.00770273195358047,-0.022150600414597266,-0.09141876842681769,0.030746516520049463,0.0,0.0,0.0,20
10.1007_s40881-021-00099-4,-0.05347699808142892,-1.2496968291334842,1.0451109336309399,-0.08418568408023508,-0.23451639265102175,0.005265858463587239,-0.050000000000000044,-0.15000000000000002,0.0,20
10.1007_s40305-021-00350-z,0.9134993031607817,-0.5455616274277102,2.5777143258946977,-0.09230981146338268,-0.2704531857026467,0.02962339359122252,-0.050000000000000044,-0.15000000000000002,0.0,20
10.1093_ej_ueaa116,-0.6995060011880492,-1.6423805289964464,0.19205134525538958,-0.030540489097131585,-0.08898817905270823,0.04036335646759063,0.04999999999999993,0.0,0.15000000000000002,20
10.1140_epjb_s10051-021-00108-9,3.828279029283302,0.873397302411227,6.491632103780575,-0.11229349922761933,-0.25824220211854076,0.02904670191665429,-0.2,-0.6000000000000001,0.2,20
10.1038_s41598-021-88663-0,0.6447368678787919,-0.7532641404379149,2.3129207425957654,-0.07017053806644635,-0.24386600845407466,0.05078464533548525,-0.050000000000000044,-0.15000000000000002,0.0,20
10.1007_s12144-019-0129-3,2.8654314210828007,0.8289881718822932,4.840450207545842,-0.09534131936402301,-0.46176475462940997,0.25721161541580634,0.04999999999999993,0.0,0.15000000000000002,20
10.1002_bdm.2243,-0.31973688750580465,-1.867455028140659,0.9147769683501735,-0.08874369643421876,-0.2245966033387678,0.014102971715650283,0.09999999999999998,0.0,0.25,20
10.1111_ecin.12974,0.26783663480477227,-1.1166686983143013,1.5176206056687145,-0.165412211149779,-0.3357293398844779,-0.04583757655094324,0.0,-0.14999999999999997,0.14999999999999997,20
10.1561_102.00000099,1.7108037622107757,-0.2043295492114711,3.5441686041906326,-0.10416476862465296,-0.2822173525439581,0.013761341981087218,-0.050000000000000044,-0.15000000000000002,0.0,20
10.1038_s41598-020-79731-y,0.4003971880946544,-0.7506450709710428,1.7733502852397853,-0.08721272557458548,-0.2479290504506919,0.017634099215430365,-0.050000000000000044,-0.15000000000000002,0.0,20
10.1007_s10614-020-10017-1,0.3519437439126758,-1.3198715720607124,1.9370703217589105,-0.09863828270777109,-0.33151148754768633,0.08170368143117811,0.0,-0.2,0.19999999999999996,20
10.1038_s41598-020-65516-w,-0.3139481153842265,-1.7272963653920292,0.9299548372341847,-0.05732749329837217,-0.20832108155686233,0.057036529439604945,-0.050000000000000044,-0.15000000000000002,0.0,20
10.1086_709105,0.38357101020208884,-0.7998919690464933,1.6599555161966018,-0.10824508746748729,-0.26750194094342417,-0.005788759963724408,-0.050000000000000044,-0.15000000000000002,0.0,20
10.1371_journal.pone.0222724,0.17533835198485193,-1.0368289581606969,1.0600270312203695,-0.11326681365600144,-0.23287726481662593,-0.007158058870979345,0.0,-0.1499999999999999,0.15000000000000002,20
10.1002_bdm.2110,-0.40643681793865305,-1.4392770086111684,0.5454883079829903,-0.07767263100657418,-0.21578403961648399,0.04138194000228565,0.04999999999999993,-0.09999999999999998,0.24999999999999994,20
10.1093_jleo_ewy026,0.43697649806571004,-0.7256895991171215,1.7441321840398325,-0.06159225235624344,-0.18538057324262833,0.024415899935644508,-0.050000000000000044,-0.15000000000000002,0.0,20
10.3389_fphy.2018.00156,3.841606967822007,0.859557986022107,6.232485360144574,-0.36402368615889885,-0.5518398436235348,-0.06974996436009974,-0.2,-0.50125,0.19999999999999996,20
10.1007_s13235-017-0230-x,-0.09250008841896573,-2.2652340316956487,1.7775211148497132,-0.05787114891625389,-0.1550245864202894,0.014467147724768165,0.04999999999999993,-0.19999999999999996,0.30000000000000004,20
10.1371_journal.pone.0202878,0.3231246762329114,-1.9319889876897343,1.9318832652337212,-0.08770995143691074,-0.2551218458876667,0.03597509761093577,-0.25,-0.5499999999999999,0.050000000000000044,20
10.1111_boer.12140,4.551174361436854,1.2851906909791941,7.466919230179275,-0.1765773654891169,-0.3630107757287585,-0.027050892777046167,-0.25,-0.6499999999999999,0.19999999999999996,20
10.1140_epjb_e2018-90042-8,8.748026721586154,5.632001520345629,11.683356836731676,-0.47409576288566035,-0.7771897025652127,-0.07896198307149833,-0.2,-0.55,0.15000000000000002,20
10.1111_jlca.12283,0.3471544129913582,-0.7496630990965135,1.827444859174418,-0.1023090380829671,-0.27075295699427054,0.002383120133344191,-0.050000000000000044,-0.15000000000000002,0.0,20
10.1007_s11846-016-0209-9,1.6334668874010676,-1.0156713451545367,3.9905902968821865,-0.15790653639866142,-0.3444579003902932,-0.028750299419711592,-0.25,-0.6000000000000001,0.14999999999999997,20
10.1007_s11047-016-9546-5,0.42467800868241845,-1.071070559398242,1.939375949505243,-0.1317319131666308,-0.32917977797632403,0.002474559764125588,-0.09999999999999998,-0.25,0.0,20
10.1371_journal.pone.0166101,0.5619323307975224,-0.8492715360387662,2.2896829822466955,-0.059392873735256035,-0.2307414264140056,0.05487614378542722,-0.050000000000000044,-0.15000000000000002,0.0,20
10.1007_s11238-015-9527-7,0.5452399392948175,-0.5672101948101763,2.224408342571834,-0.07546761617323194,-0.22838770172968972,0.031877884981987195,-0.050000000000000044,-0.15000000000000002,0.0,20
10.18564_jasss.3058,3.153768750741121,1.0136798996114915,5.129140719225371,-0.061820129500045895,-0.1914737733551423,0.049427549562734346,-0.050000000000000044,-0.15000000000000002,0.0,20
10.1007_s11245-014-9294-z,8.932783609456518,5.940030055139778,11.856458977512254,-0.19873431564395838,-0.5195712247491123,0.047664646060674117,-0.15000000000000002,-0.50125,0.25,20
10.1007_s00182-015-0520-8,-0.4372061805545844,-2.062487056224321,0.9514280783766823,-0.034980157151020874,-0.1381197536163316,0.07303654720590796,0.15000000000000002,-0.09999999999999998,0.4,20
10.1086_684166,5.761717762427305,2.7426238666884823,8.870966966795539,-0.21943402492159847,-0.4233888186144716,-0.05831915072674569,-0.25,-0.6499999999999999,0.14999999999999997,20
10.1371_journal.pone.0120394,1.5784845324717987,-1.1807393761707974,3.8629101012642084,-0.06412975667306775,-0.3269717618352794,0.17297667784339335,-0.050000000000000044,-0.15000000000000002,0.0,20
10.1007_s00191-014-0375-3,0.6458570009927378,-0.623910566840892,2.262036387025612,-0.10298955591690107,-0.2705016936766916,0.005793942920358941,-0.050000000000000044,-0.15000000000000002,0.0,20
10.3390_su5020560,3.694949634833759,0.5042885763929597,6.350891148801824,-0.10003270841034906,-0.3109364597277031,0.08124499838095767,-0.15000000000000002,-0.55,0.29999999999999993,20
10.1111_j.1439-0310.2012.02075.x,-0.27567276601488366,-1.3139175454362555,0.7623332413721827,-0.06389709456463422,-0.18238968996033045,0.04237707825683726,0.0,-0.14999999999999997,0.15000000000000002,20
10.1371_journal.pone.0041338,0.04421265778663308,-1.508026445859619,1.5140166641176873,-0.11114341797786254,-0.2585286921262411,-0.0007404396689661116,0.0,-0.3,0.25124999999999886,20
10.1007_978-3-642-18137-5_14,-0.9116388685483363,-2.156661285994841,0.22921777013674732,0.03849541565167702,-0.1284050695949866,0.23422590272227403,0.0,-0.2,0.19999999999999996,20
10.1111_j.1467-8462.2010.00607.x,-0.685789390221692,-1.5893974322019842,0.06901648884574539,0.0032560465077432488,-0.067368618123389,0.10394436068502665,0.04999999999999993,0.0,0.15000000000000002,20
10.1111_1468-0262.00230,8.04896113240926,4.113888161386168,11.985938686124522,-0.46989990332603754,-0.989200067773331,0.040359102711683276,-0.09999999999999998,-0.45,0.29999999999999993,20
10.1038_s41467-024-49505-5,1.4321056127549587,-1.023959683763885,4.15032120152756,-0.16262810821369705,-0.43002222491977826,0.07456937370096652,-0.050000000000000044,-0.29999999999999993,0.19999999999999996,20
10.1073_pnas.2322072121,1.3311582400146458,-0.16111608354668466,2.8311528230378036,-0.1969992406676791,-0.3952079217648896,-0.04463480584718629,-0.09999999999999998,-0.25,0.0,20
10.1038_s41598-023-41886-9,0.33736923044444733,-1.1964739869561023,1.8644328312512786,-0.11093071769362417,-0.29576913221492696,0.01069961053121299,-0.050000000000000044,-0.15000000000000002,0.0,20
10.1017_ehs.2023.15,-0.09538675014842557,-1.722397402492788,1.4505687346914156,-0.0708298589142331,-0.2576841621730744,0.05982555273640099,0.0,-0.15000000000000002,0.15000000000000002,20
10.1038_s41598-023-33167-2,2.7143667533747324,-0.2422022353862311,5.16011022715243,-0.2731597826850047,-0.5493586711346735,-0.06273579103143977,-0.2,-0.6000000000000001,0.19999999999999996,20
10.1093_jaarel_lfad001,-0.7292726704937316,-1.5426078503518739,0.09500839495968927,-0.0009375155640265476,-0.1312496446343707,0.1299997552025594,0.0,-0.14999999999999997,0.15000000000000002,20
10.1111_ajae.12372,-0.20503426279179138,-1.6007795529117597,0.9761576437876593,-0.09914368268984941,-0.2403230797029704,-0.014836029659620768,0.0,-0.14999999999999997,0.14999999999999997,20
10.1007_s13752-022-00397-y,0.6917170233524566,0.10955416957016562,1.3408190210819597,-0.04194328951720383,-0.09888273787645714,-0.001730538483697042,0.0,0.0,0.0,20
10.1371_journal.pone.0267251,0.2257599676047981,-1.3195119719748973,1.6473659179002849,-0.09485208806811274,-0.2587522484509209,0.0007308338992782024,-0.09999999999999998,-0.25,0.0,20
10.1002_ird.2704,2.3095774908250872,0.2879678189352845,4.310634337214117,-0.07702300269692419,-0.22724622255510693,0.043713717055129823,-0.050000000000000044,-0.15000000000000002,0.0,20
10.1142_s0129183121501278,0.5108412929493316,-0.8345404913419464,1.9848263994104414,-0.0885565019915111,-0.2583972811687974,0.017704144215000266,-0.050000000000000044,-0.15000000000000002,0.0,20
10.1038_s41598-021-97001-3,8.07005625423773,5.069773928155144,11.045777510404674,-0.4687147564280302,-0.8319158406512737,-0.07029322571062566,-0.15000000000000002,-0.44999999999999996,0.15000000000000002,20
10.1086_717102,-0.05135424928575727,-1.1514021872504931,1.0622513175715147,-0.09805329486830461,-0.2352720430181445,-0.016763519784337804,-0.050000000000000044,-0.15000000000000002,0.0,20
10.1007_s00191-021-00739-2,1.7010625813415308,0.04045177963497769,3.3890914339371596,-0.0920000116698465,-0.26015928428737317,0.011510613475762828,-0.050000000000000044,-0.15000000000000002,0.0,20
10.1111_vox.13088,0.39535121616349755,-0.9147575636821882,2.00965126910345,-0.09283827379859444,-0.2773887370783296,0.02851199589325959,-0.050000000000000044,-0.15000000000000002,0.0,20
10.1038_s41598-021-87019-y,1.0513426168725983,0.11905436603098107,2.1658806899735867,-0.11347544448679603,-0.26536540248010726,-0.011546812211083474,-0.050000000000000044,-0.15000000000000002,0.0,20
10.1038_s41598-021-86668-3,1.8209330555843364,0.337924213786535,3.2539049400476223,-0.07602158587571994,-0.1811787420446891,-0.0006125167679793793,-0.050000000000000044,-0.15000000000000002,0.0,20
10.1007_s11127-020-00868-5,1.4080276105847718,-0.13836023136873452,3.206637797320382,-0.07892051935223765,-0.24896304787312792,0.017913567471360387,-0.050000000000000044,-0.15000000000000002,0.0,20
10.1007_s11229-020-02890-y,-0.7246005119849004,-1.4416676776248165,-0.14863776244551358,0.024144116503075685,-0.0177990113293078,0.09611104469607756,0.04999999999999993,0.0,0.15000000000000002,20
10.1371_journal.pone.0236544,0.8275833561717096,-0.6432976833455039,2.607817969963422,-0.07768603370745153,-0.2444946418072131,0.03119074450151168,-0.050000000000000044,-0.15000000000000002,0.0,20
10.1007_s10640-020-00419-y,-0.19612964134474264,-2.8066052087277553,2.1653439601588125,-0.05052876293564812,-0.22490675132617016,0.09755928843291954,-0.09999999999999998,-0.35000000000000003,0.19999999999999996,20
10.3389_fnins.2019.01160,1.0600320746794551,-0.2893308994342625,2.699848323696003,-0.10824736813633595,-0.2966354762990348,0.001602809529808528,-0.050000000000000044,-0.15000000000000002,0.0,20
10.1093_jleo_ewz004,0.14063774789838668,-1.2652120252601204,1.5245677909185777,-0.17587391633220079,-0.31942708934928576,-0.07608452198507193,-0.050000000000000044,-0.20000000000000007,0.10000000000000009,20
10.1007_s10657-019-09615-8,-0.3058968420142776,-2.3930935296045543,1.8098775979797221,-0.0915513875916758,-0.24566820745266219,0.06806474218345539,0.0,-0.24999999999999994,0.20124999999999893,20
10.1080_15534510.2019.1641147,0.6706499902690615,-0.8694916387616769,2.29370827651113,-0.04731731243847159,-0.19014070436788752,0.06137186884376514,-0.050000000000000044,-0.15000000000000002,0.0,20
10.1038_s41598-018-38323-7,0.4646882221870232,-1.5715902979625311,2.415814395996564,-0.08280613467228781,-0.24192384123823338,-0.0068268239800058665,0.0,-0.30000000000000004,0.3,20
10.1371_journal.pone.0166437,-0.5012518685525871,-2.1311157908959797,1.0184611607929506,-0.0558772542568271,-0.1431591086557461,0.01768001075810872,0.04999999999999993,-0.19999999999999996,0.25,20
10.1515_amcs-2015-0054,0.5463990048685687,-1.9921974421627944,2.7068891448114516,-0.04163131842255907,-0.20947605765504226,0.08653373985739417,-0.050000000000000044,-0.4,0.30000000000000004,20
10.1111_1468-0106.12034,2.1523890269148334,-0.23319442758800862,4.5475176471736924,-0.2781452332871505,-0.5718127623749564,0.018916660043207224,-0.15000000000000002,-0.5,0.15000000000000002,20
10.1007_s11284-013-1066-5,2.6306644470092815,-0.05828144337195934,4.919914244579055,-0.04590392230470919,-0.2284772485055246,0.11453974288116188,-0.2,-0.6,0.2,20
10.1007_978-3-642-13983-3_11,0.8349834627569006,-0.602159491584649,2.651265629117163,-0.07444288949752276,-0.247158503588319,0.04092557118840286,-0.050000000000000044,-0.15000000000000002,0.0,20
10.1007_s11127-007-9269-3,1.293965637986127,-1.002033234726698,3.342011238172017,-0.16715707968251914,-0.4180111530339261,0.034763874949199525,0.0,-0.24999999999999994,0.25,20
10.1007_978-0-387-72596-3_8,1.2809235908210805,-0.3331951504391512,2.856285534435689,-0.05338446712908684,-0.1974144894373088,0.056769492778312614,-0.050000000000000044,-0.15000000000000002,0.0,20
10.1111_j.0021-9029.2006.00042.x,1.21866955872797,-1.2736385535844381,3.436733754818558,-0.09073349444689649,-0.2744384346497553,0.02600809470448539,-0.2,-0.55,0.24999999999999994,20
10.1063_5.0215702,1.1768324585950616,-0.8157030597357988,3.0881926789863714,-0.09490822071496263,-0.374283585234799,0.10136259618804977,0.0,-0.19999999999999996,0.19999999999999996,20
10.1017_s0007123423000716,0.35420823574349036,-0.30004907648476836,1.1430024441104836,-0.030209964035903925,-0.12372695903457014,0.03740655124180365,0.0,0.0,0.0,20
10.1038_s41598-023-50414-8,0.28860410808677095,-1.6829051100714696,2.2695842921245033,-0.1320881801517071,-0.321270293049683,0.005526712633428407,-0.09999999999999998,-0.35124999999999995,0.15000000000000002,20
10.3389_fpsyg.2023.1251276,0.40131003184722225,-0.49076945837789887,1.3900783854451602,-0.08539425125918376,-0.20546056402495583,-0.005997526849048074,-0.050000000000000044,-0.15000000000000002,0.0,20
10.1007_s10539-023-09929-7,0.6369145242046805,-0.39682480384171115,1.9683538407724397,-0.02999501279943617,-0.15578708626042945,0.06981079448361553,-0.050000000000000044,-0.15000000000000002,0.0,20
10.3389_fpsyg.2023.1198797,0.8779122207679677,-0.5885459856508545,2.6633605233579156,-0.09548442783990818,-0.2746563387982149,0.01757586053224073,-0.050000000000000044,-0.15000000000000002,0.0,20
10.1007_s11238-023-09929-9,1.6272643636753452,-0.8417609521212687,3.7987835629224413,-0.11455757918779474,-0.28889813874588843,0.011758993125445493,-0.2,-0.6000000000000001,0.19999999999999996,20
10.1093_pnasnexus_pgad054,0.18609116206494836,-1.4050621075980236,1.4975429655542132,-0.0943632845695972,-0.24818407821087551,0.01849615918639849,0.0,-0.19999999999999996,0.2,20
10.1371_journal.pone.0275383,0.13058083604854875,-1.661594218203349,1.7639913832761993,-0.10433330974418442,-0.28704892800544785,0.003863727299083001,-0.050000000000000044,-0.20000000000000007,0.10000000000000003,20
10.1057_s41599-022-01436-6,0.8212848902963188,-0.6398636284863669,2.449588559221764,-0.08132349936405903,-0.23392477966286307,0.030854781795209098,-0.050000000000000044,-0.15000000000000002,0.0,20
10.3390_ijerph192416578,0.552319575408621,-0.8780261768283012,2.378144165915972,-0.09881926918039674,-0.2719474269889917,0.030280338680187056,-0.050000000000000044,-0.15000000000000002,0.0,20
10.3390_su141912809,0.6513061714201029,-1.408509624930881,2.305187969859524,-0.11544237069336205,-0.30580307132328394,-0.0013491553177845505,-0.15000000000000002,-0.5,0.19999999999999996,20
10.1038_s41598-022-18797-2,15.899783987191547,11.766720632013946,19.974195678912952,-0.5189877253162235,-1.0029229067910004,0.008609965181462804,-0.050000000000000044,-0.15000000000000002,0.0,20
10.3390_e24091289,1.2937865287879662,-1.3307515669578702,3.6889871283625366,-0.23441400744472518,-0.475796693074624,-0.030212767192664986,-0.2,-0.49999999999999994,0.09999999999999998,20
10.3389_fpsyg.2022.794953,0.602715609559513,-0.6508092923084903,2.096116950782869,-0.10208526717658484,-0.27785481352365954,0.01584177776542186,-0.050000000000000044,-0.15000000000000002,0.0,20
10.1007_s11238-021-09864-7,0.5218987598835279,-0.8693372839713099,2.3281164995795733,-0.0506561360545541,-0.21983641190119607,0.06739876038562777,-0.050000000000000044,-0.15000000000000002,0.0,20
10.6092_issn.1971-8853_14196,0.5013089427267898,-0.4923278829783524,1.4386257635216848,-0.014572094763322663,-0.12165622154247875,0.08142251865372717,-0.050000000000000044,-0.15000000000000002,0.0,20
10.6092_issn.1971-8853_13764,0.8818515161715714,-0.5397491201235933,2.5974771821535145,-0.07565172422917898,-0.21278625614526553,0.02817566594721255,-0.050000000000000044,-0.15000000000000002,0.0,20
10.1007_s10640-021-00591-9,0.010335542507228901,-1.1424953717322994,1.3223656839374045,-0.08083696723910794,-0.2241302776541456,0.01708615525718986,-0.050000000000000044,-0.15000000000000002,0.0,20
10.3389_fpsyg.2021.681664,0.9333730339169914,-0.41818089621546045,2.61976209405641,-0.08669684572954162,-0.2542210376382025,0.024585988988305402,-0.050000000000000044,-0.15000000000000002,0.0,20
10.3390_g12020041,-0.22067671856503956,-2.1037939434003317,1.2789522511967675,-0.04601812685444184,-0.2006162722733037,0.08628368954722414,-0.050000000000000044,-0.20000000000000007,0.09999999999999998,20
10.3390_g12010017,1.95366347989886,0.017642390525256603,3.5249828430508723,-0.24800449527132323,-0.5244689864011004,0.05192798572194693,-0.09999999999999998,-0.4,0.2,20
10.3390_g11040045,-0.3378921946671145,-0.8701914134636493,0.2809073363376739,-0.02384040797815279,-0.0849310115012051,0.027270070755867525,0.0,0.0,0.0,20
10.1103_PhysRevE.102.052414,-0.08771182212482387,-1.5007210056979345,1.1168125621916631,-0.15309952077377958,-0.32551766175825825,0.023372930518670097,-0.050000000000000044,-0.29999999999999993,0.15000000000000002,20
10.1371_journal.pone.0240324,-0.254360335228494,-1.7735250749092115,1.1268596472317687,-0.10701015814969383,-0.25481952527535795,-0.010357249552995745,0.04999999999999993,0.0,0.15000000000000002,20
10.1007_s40822-020-00144-3,0.4426859783308634,-0.7204613846903506,1.8034785856195028,-0.0622140258358026,-0.20380808622125499,0.03743309099099674,-0.050000000000000044,-0.15000000000000002,0.0,20
10.1007_s10479-017-2412-8,2.5544805030696454,-0.2658029709719717,5.1582413798924005,-0.21046035137170416,-0.35329980013837337,-0.027783341974349486,-0.09999999999999998,-0.45125,0.25,20
10.1111_soin.12218,0.3460553435084899,-1.2653232885098555,1.8177142745336108,-0.10108120210151839,-0.2666885918027444,0.0020350228908907904,0.0,-0.19999999999999996,0.19999999999999996,20
10.1007_978-981-13-2769-8_2,1.4199604713283795,-0.1759616298814758,2.8380588702904683,-0.06262623793142497,-0.19524435569898935,0.046004182631110335,-0.050000000000000044,-0.15000000000000002,0.0,20
10.1038_s41598-017-17481-0,4.1058436444593704,1.7243576786779886,6.1476379887592305,-0.021783256180094357,-0.18303387429544393,0.12492090931976012,-0.050000000000000044,-0.15000000000000002,0.0,20
10.1111_soc4.12478,0.6139439346628341,-0.6558114043155352,2.160806994866499,-0.07400108752264889,-0.23120050947222812,0.029030396566149343,-0.050000000000000044,-0.15000000000000002,0.0,20
10.1007_s10588-015-9205-x,-0.14263938280044375,-1.8947865234377403,1.8035973473673705,-0.0550466118339028,-0.18053346920439753,0.03242226018607674,0.0,-0.19999999999999996,0.19999999999999996,20
10.1007_s10955-012-0661-0,1.9706910933796093,-1.138022916857991,4.537253060996612,-0.07023347346565667,-0.21745343804083275,0.06501827551525695,-0.09999999999999998,-0.45000000000000007,0.25,20
10.1111_j.1468-5876.2011.00544.x,11.742009718501556,7.655000049350395,15.896996285958142,-0.7624054482909771,-1.3373434861340903,-0.2940753567814332,-0.25,-0.6499999999999999,0.1012499999999989,20
10.1080_13504851.2011.572844,0.44479024905990094,-1.687023182990682,2.183915662033502,-0.09227373476370948,-0.26730048418107555,0.027879878043675397,-0.25,-0.55,0.050000000000000044,20
10.1186_1471-2148-11-345,0.8162120262508994,-0.5208469005042683,2.296311168988904,-0.04030184764014422,-0.16351511817970202,0.07018302793215421,-0.050000000000000044,-0.15000000000000002,0.0,20
10.1007_978-3-642-00128-4_6,-0.22447260155826498,-0.8667355041020302,0.3452221408862285,-0.0003408595535222547,-0.07400366329345534,0.06109650467334414,0.04999999999999993,0.0,0.15000000000000002,20
10.1525_sop.2004.47.1.109,11.454429248556394,0.5119449526249363,18.73845739260354,-0.32322356739389896,-0.5766414036482943,-0.028277135321293254,-0.09999999999999998,-0.25,0.0,20
10.1007_s001820050124,-0.15943348435652283,-2.3243239094674677,1.6001767828041686,0.08156626968470915,-0.1482235674840191,0.4768850972058626,-0.050000000000000044,-0.30124999999999996,0.2,20
10.1007_s10668-024-05335-5,2.8715383586434635,0.25744359804721056,5.574430805464239,-0.1681293851657592,-0.3581679729226548,0.01647495761115591,-0.2,-0.55,0.19999999999999996,20
10.1103_PhysRevE.110.034301,1.8764200300756082,-0.3447410533474134,4.344675244732658,-0.21800079436314074,-0.4977680319433966,0.03402382546541172,-0.09999999999999998,-0.4,0.19999999999999996,20
10.1007_s11538-024-01344-7,0.08368510134253881,-0.7992118975755302,0.82895038396122,-0.07775825471232678,-0.18120293176918675,-0.008971287586769329,0.0,-0.15000000000000002,0.15000000000000002,20
10.1371_journal.pone.0307832,-0.48782118603201674,-2.1197920596722635,1.052322253149556,0.11241663545354186,-0.07811524494616387,0.3575981072843092,0.0,-0.19999999999999996,0.19999999999999996,20
10.3390_bs14080638,0.7808987654810418,-1.1575690317355376,2.527953150247746,-0.17770550422655979,-0.37775771609233477,-0.012635592146757071,-0.15000000000000002,-0.30000000000000004,0.0,20
10.3390_bs14070601,0.767889731590965,-1.295816851333069,2.9959193733885856,-0.23076882823407407,-0.45405853610716196,-0.039647356352531395,-0.050000000000000044,-0.29999999999999993,0.19999999999999996,20
10.1126_sciadv.adm7968,2.64188288499527,0.48847581868670825,4.676814085475793,-0.0636514038713979,-0.2166678277185105,0.05290411769311982,-0.050000000000000044,-0.15000000000000002,0.0,20
10.1080_13504851.2024.2363290,0.5318129378376275,-0.6700330004371784,2.046932075079219,-0.05870372704679294,-0.22155767611891286,0.04653590170574884,-0.050000000000000044,-0.15000000000000002,0.0,20
10.3390_g15030016,0.39049595586572217,-1.6319898904465808,2.0693582996310775,-0.17497721844925485,-0.3516519859503619,0.025308874179003533,0.04999999999999993,-0.15000000000000002,0.25,20
10.1093_pnasnexus_pgae200,1.1606430425836765,-1.1598506763931933,3.1776406618385487,-0.1817897119341494,-0.4956479817553183,0.023184024449540794,0.0,-0.25,0.20000000000000007,20
10.1103_PhysRevE.109.054303,0.7955929124589662,-1.3824206479940122,2.84522708394609,-0.15934335838495856,-0.33141003885411663,0.04228929647680271,-0.09999999999999998,-0.35000000000000003,0.15124999999999889,20
10.1017_ehs.2024.18,0.1938534266719545,-1.0539172057853898,1.5309991529011202,-0.08563792191883057,-0.2670340170744861,0.025778514178586003,-0.050000000000000044,-0.15000000000000002,0.0,20
10.1038_s41598-024-57842-0,4.794548794295541,0.9752897693263914,8.576139634208758,-0.6007666094710268,-0.9686309180565812,-0.16684759673892108,-0.050000000000000044,-0.35000000000000003,0.25,20
10.1007_s40881-023-00159-x,0.8505997899264619,-1.4519878094738403,3.190149041394007,-0.24013867977637438,-0.5274738611843871,0.010138157223172883,-0.050000000000000044,-0.35,0.24999999999999994,20
10.1007_s11238-024-09977-9,1.7014762000343255,-0.20656836870850068,3.534110717901308,-0.07982309697184231,-0.22185954920061834,0.020750104929931602,-0.050000000000000044,-0.15000000000000002,0.0,20
10.1007_s40881-023-00157-z,0.6079912237601137,-0.7303059521421199,2.1627956841396103,-0.06730831568767925,-0.23068729339968505,0.04364515632849283,-0.050000000000000044,-0.15000000000000002,0.0,20
10.1111_exsy.13527,0.5091754723441655,-0.11210593423487815,1.216138729668496,-0.045738812028516596,-0.11305902849548996,0.004197058443761209,-0.050000000000000044,-0.15000000000000002,0.0,20
10.1007_s40881-023-00153-3,-0.7892962417358094,-1.6072419431234644,0.04376945246826973,0.00942256163179278,-0.07286858711386666,0.08787921195081161,0.0,0.0,0.0,20
10.3390_bs14010039,0.004763744073015275,-1.5924835351412625,1.5838971328325964,-0.07640534341810046,-0.24038137731447873,0.023115955152994708,0.04999999999999993,-0.2,0.30000000000000004,20
10.1017_psrm.2023.52,0.9876012631913547,-0.40254889482714445,2.318565128975899,-0.044681211259537945,-0.13274078436358586,0.05556315352725282,-0.050000000000000044,-0.15000000000000002,0.0,20
10.1007_s10539-023-09936-8,2.139511929376712,-0.6600859287367163,4.744642472266724,-0.1780596507303399,-0.5914526033315245,0.195337068165443,-0.15000000000000002,-0.44999999999999996,0.19999999999999996,20
10.3390_g14050065,0.8587180907488285,-0.29020413030027564,2.093608899232283,-0.1572942296157953,-0.3331000448004984,-0.03589783983699688,-0.09999999999999998,-0.25,0.0,20
10.1007_s00265-023-03380-0,0.5751581040569933,-1.7579110729437921,2.5292648779323907,-0.11788980036197827,-0.25798459623998005,-0.022351477226977872,-0.30000000000000004,-0.6000000000000001,0.0,20
10.1111_ecin.13171,0.5426846725613208,-0.474782498555907,1.375767271991387,-0.05875322411626027,-0.2132163757555581,0.04971702116802371,0.04999999999999993,0.0,0.19999999999999996,20
10.1007_s40881-023-00137-3,1.0121374647965808,-0.4467874143709187,2.6663582892574804,-0.08352821716373882,-0.27066051342068687,0.04283179527974775,-0.050000000000000044,-0.15000000000000002,0.0,20
10.1073_pnas.2207029120,1.4294659402218768,-1.2797115220101671,4.429187049402278,-0.23240900690337524,-0.7865701102254966,0.2821045858962192,0.04999999999999993,-0.10000000000000009,0.24999999999999994,20
10.1007_s11238-023-09931-1,0.984634960633338,-1.2473741442685522,3.0574096409567852,-0.21608263517206572,-0.4368068029593278,-0.05440413805011948,-0.25,-0.55,0.050000000000000044,20
10.1371_journal.pone.0282112,0.003546578845848636,-0.6751932585928351,0.8486809828173109,-0.035844065322181984,-0.11461390808143952,0.025504147783216143,0.0,0.0,0.0,20
10.1002_soej.12626,0.6053776145182415,-0.7721694331794363,2.128558123933284,-0.04699137025669908,-0.18782921208322198,0.061354681391116925,-0.050000000000000044,-0.15000000000000002,0.0,20
10.1080_13504851.2022.2156458,-0.5582597246433307,-2.2788801375732497,1.0124962946917555,-0.07510409200188761,-0.19579114872218079,0.05326624812934444,0.0,-0.25,0.25,20
10.1080_02699931.2022.2146057,0.026463589897856465,-0.812952544980547,0.9537096019192483,-0.05215320835860382,-0.17885985681103228,0.03419788018593187,-0.050000000000000044,-0.15000000000000002,0.0,20
10.3389_fnhum.2022.967090,1.131298475165834,-1.1962477888809344,3.235136535882852,-0.20742720296555694,-0.424777055371339,-0.02307303403256267,-0.050000000000000044,-0.35,0.20124999999999893,20
10.1371_journal.pone.0273014,1.9587264427333642,-0.8001269087533329,4.564930468290459,-0.25956005147467687,-0.493790379001466,-0.07092231067629266,-0.2,-0.55,0.15000000000000002,20
10.1007_s11238-022-09897-6,-0.8315453055897493,-1.7198390095705365,0.10556376132963033,-0.00046744856241387467,-0.13018075806012427,0.0930263942807942,-0.050000000000000044,-0.24999999999999994,0.09999999999999998,20
10.3390_math10152823,2.925473481613083,-0.7605335696890047,6.384097834931214,-0.21692841500235538,-0.5281540313624156,0.09676242915934528,-0.09999999999999998,-0.45,0.3,20
10.1007_s11403-022-00363-8,-0.1086943161580427,-1.5338708283149651,1.1702256282542878,-0.10810749331902503,-0.30244271578318027,0.007080290361054579,-0.050000000000000044,-0.15000000000000002,0.0,20
10.1007_s10683-022-09758-7,0.12475201410730996,-1.3360757548049895,1.4405451314779003,-0.11972859610078967,-0.2843078405299086,-0.010061427919631275,0.04999999999999993,-0.15000000000000002,0.25,20
10.1007_s11229-022-03743-6,0.8772595886609693,-0.5126916219513374,2.482576045224596,-0.08293041584980676,-0.23596520124661183,0.02753726360364454,-0.050000000000000044,-0.15000000000000002,0.0,20
10.1007_s11229-022-03717-8,-0.856924523000929,-2.74112097625077,0.6262326285060057,-0.015720640749036008,-0.20105111817436253,0.1381768529517649,0.09999999999999998,-0.15000000000000002,0.39999999999999997,20
10.1142_s021759082246002x,2.1581251312775533,-0.466016418006709,4.412550695018669,-0.333366159103507,-0.7003938532417084,0.04555926005249993,0.0,-0.29999999999999993,0.29999999999999993,20
10.1155_2022_5508783,1.8531307139464124,-0.820814492341764,4.430361204812077,-0.1799269162907527,-0.36503919603275514,0.03622609160826851,-0.2,-0.55,0.15124999999999889,20
10.1371_journal.pone.0268019,0.21452283704563957,-0.6830965658362906,1.2016183557614566,-0.09910004302886244,-0.2853216239093848,0.04988067058561071,-0.050000000000000044,-0.20000000000000007,0.10000000000000003,20
10.1007_s00355-021-01363-6,0.9871266093090405,-1.078156190970127,2.857388203775337,-0.1923643695725093,-0.39905437952397815,0.008612260111494732,0.0,-0.19999999999999996,0.19999999999999996,20
10.1111_jems.12451,0.7026328811048241,-1.959828876598914,3.0936791116048656,-0.13370440322231147,-0.32171842572811565,0.006371583226568581,-0.15000000000000002,-0.5,0.19999999999999996,20
10.3390_g12020050,0.31702683640311413,-0.9810374252353652,1.5182222589588295,-0.10940869417524868,-0.26310961669755184,-0.012649537103174775,-0.09999999999999998,-0.25,0.0,20
10.1109_access.2021.3128647,1.5822070038070892,-1.0043779180291892,4.0762174091364765,-0.09126409724897722,-0.26891929104525786,0.013807185668509777,-0.15000000000000002,-0.55,0.25,20
10.1111_ssqu.12910,2.3961703482090853,-0.3223516845830575,5.051667306241211,-0.27838482358850686,-0.5620103866195583,-0.08642680024293557,-0.25,-0.6000000000000001,0.10000000000000003,20
10.1007_s12124-020-09571-y,-0.7306657632299478,-2.077091754811834,0.47705933153617114,-0.008184348226837557,-0.12262787243622314,0.079644665575259,0.09999999999999998,-0.09999999999999998,0.30000000000000004,20
10.1007_s10640-020-00471-8,0.361581985735425,-0.9243936369292516,1.7311439760569163,-0.16994903000702827,-0.362367715916533,-0.0429566981770075,-0.050000000000000044,-0.25,0.15000000000000002,20
10.1080_17419166.2020.1756264,1.136043354359213,-1.0803739349723194,3.4453368490184095,-0.23062933404379388,-0.4935883194199823,-0.022204847989701355,-0.050000000000000044,-0.24999999999999994,0.09999999999999998,20
10.1109_access.2020.2995658,2.117117959548028,-0.237440196457754,4.363304941318771,-0.06336743085358154,-0.18172235760334957,0.04417442637974872,-0.25,-0.6499999999999999,0.15000000000000002,20
10.1111_jels.12231,1.41863652913021,-0.1452115215324752,3.293253889177581,-0.14487514257799539,-0.35377212082393894,-0.01966036904320174,-0.050000000000000044,-0.15000000000000002,0.0,20
10.1002_pchj.259,2.4925999941112105,-0.5573728800141613,5.137141578674837,-0.1586703218579359,-0.39362978917315294,-0.017293287214758094,-0.15000000000000002,-0.55,0.29999999999999993,20
10.1007_s11403-017-0195-2,1.279449613636789,-1.3723115522335851,3.60556877189983,-0.09124519153423505,-0.2239304903772184,0.025617133609252635,-0.09999999999999998,-0.45,0.30000000000000004,20
10.18564_jasss.3336,30.547278226916546,21.054226983224886,38.52861338605338,-0.4949783751893603,-0.8443601808363411,-0.11168087479209786,-0.050000000000000044,-0.15000000000000002,0.0,20
10.1007_978-981-10-6439-5_8,4.360185926738134,1.1285943625034447,7.170894101184801,-0.21030275867653286,-0.47647390545911517,0.014899848020848195,-0.09999999999999998,-0.5,0.3,20
10.1007_978-3-319-29354-7_9,0.38246805981296816,-0.5744879015397448,1.4872921515918436,-0.06212393455997878,-0.1777292679015249,0.018697359488496913,-0.050000000000000044,-0.15000000000000002,0.0,20
10.1057_978-1-137-50247-6_2,0.7368516473746425,-1.8271336264212896,3.0179640148400964,-0.14658210308475977,-0.31277032425978424,-0.02233797999608999,-0.15000000000000002,-0.5,0.15000000000000002,20
10.1155_2014_148915,0.7902608955531223,-1.7347812047422155,3.0452595665579056,-0.09396399459760496,-0.3224505490174111,0.051293832634271515,-0.09999999999999998,-0.4,0.19999999999999996,20
10.1017_s1355770x12000381,1.6913609300176615,-1.2371702183729034,4.713546761736777,0.012638911466872793,-0.20485190783086452,0.1850051601332947,-0.050000000000000044,-0.39999999999999997,0.29999999999999993,20
10.1007_s00355-010-0493-2,-1.011827484074571,-2.044729329574442,0.21027731826530788,-0.03348015614454414,-0.16324680145312293,0.10931777965352103,0.0,-0.2,0.19999999999999996,20
10.1177_1046496404266546,1.4580616154266268,-0.7037581048520474,3.5447143799741685,-0.285421144955523,-0.4641600736769898,-0.11921040013997822,-0.25,-0.55,0.05124999999999891,20
