feature_key,feature_label,shap_value,feature_value_raw,feature_value_norm,y_offset
collection_size,Number of Papers,0.01704908755424398,7.247792581767846,1.0,-0.2411111111111111
collection_size,Number of Papers,0.013177456374714252,5.8522024797744745,0.7730445302507354,-0.12764705882352942
collection_size,Number of Papers,-0.0006828696984421817,2.995732273553991,0.30851591504232234,-0.20666666666666667
collection_size,Number of Papers,0.013579435836474573,5.153291594497779,0.659385334721703,0.018235294117647072
collection_size,Number of Papers,0.0007677975582257764,3.4011973816621555,0.3744539895143223,-0.31
collection_size,Number of Papers,0.004347576959194243,3.8918202981106265,0.4542407079162889,0.2066666666666666
collection_size,Number of Papers,-0.026090473077235686,2.6390573296152584,0.2505122581420729,0.0
collection_size,Number of Papers,0.010714317356937425,4.955827057601261,0.6272729998275542,0.0
collection_size,Number of Papers,0.014936517228725398,4.875197323201151,0.6141607262306022,-0.2583333333333333
collection_size,Number of Papers,0.014178845003075865,4.90527477843843,0.6190520212981789,0.2370588235294117
collection_size,Number of Papers,0.00681744487976154,3.828641396489095,0.4439663463574926,0.31
collection_size,Number of Papers,0.0023350867080322705,3.258096538021482,0.35118245789225344,0.22142857142857136
collection_size,Number of Papers,-0.004762859367672294,2.772588722239781,0.2722275740475708,0.10333333333333333
collection_size,Number of Papers,0.0037537762899321992,3.091042453358316,0.32401557113653007,0.10333333333333333
collection_size,Number of Papers,0.012161855285042048,4.59511985013459,0.5686136029203867,-0.31
collection_size,Number of Papers,0.009960417431685555,5.351858133476067,0.6916768808325087,-0.2583333333333333
collection_size,Number of Papers,0.01851719549613394,5.713732805509369,0.7505261346817376,0.2411111111111111
collection_size,Number of Papers,0.005361244963057357,3.610917912644224,0.40855943462826777,-0.155
collection_size,Number of Papers,0.0162263286330943,4.969813299576001,0.6295474886712843,0.051666666666666694
collection_size,Number of Papers,0.002103460247381746,2.995732273553991,0.30851591504232234,0.13285714285714284
collection_size,Number of Papers,0.003691216910323842,3.784189633918261,0.4367374539763869,0.0
collection_size,Number of Papers,-0.048422541054886276,1.9459101490553132,0.13779037530221605,0.31
collection_size,Number of Papers,0.013448264181955598,4.6913478822291435,0.5842625231842038,-0.054705882352941215
collection_size,Number of Papers,0.018344106355562273,4.727387818712341,0.5901234566363648,0.17222222222222222
collection_size,Number of Papers,0.014182010288799982,4.812184355372417,0.603913349373,0.27352941176470585
collection_size,Number of Papers,0.014043059039940589,3.871201010907891,0.45088753135942766,0.20058823529411757
collection_size,Number of Papers,-0.024175441837263185,2.5649493574615367,0.23846057505239648,0.0
collection_size,Number of Papers,-0.012027696727326483,3.5263605246161616,0.39480843303168944,0.0
collection_size,Number of Papers,0.009355017930070207,4.499809670330265,0.553113946826179,0.0
collection_size,Number of Papers,0.02036533774970109,4.709530201312334,0.5872193919401246,0.07750000000000001
collection_size,Number of Papers,0.005128223907450435,4.219507705176107,0.5075303158715464,-0.31
collection_size,Number of Papers,0.016374603663784727,5.736572297479192,0.7542403682675461,0.25833333333333336
collection_size,Number of Papers,-0.007533591927552987,3.4657359027997265,0.3849494568874277,0.10333333333333333
collection_size,Number of Papers,0.012296204937285822,4.787491742782046,0.599897755194036,-0.20058823529411765
collection_size,Number of Papers,-0.0351965851962141,2.4849066497880004,0.22544376567971378,0.31
collection_size,Number of Papers,0.009408349736225763,4.174387269895637,0.5001926817268618,0.10333333333333333
collection_size,Number of Papers,-0.05790508927244798,1.6094379124341005,0.08307214936260862,0.0
collection_size,Number of Papers,0.014940588812888747,4.844187086458591,0.6091177391551772,-0.20666666666666667
collection_size,Number of Papers,0.011909146288125963,5.209486152841421,0.6685238793187285,0.25833333333333336
collection_size,Number of Papers,0.011678228092132923,4.5217885770490405,0.5566882291973495,0.15499999999999997
collection_size,Number of Papers,0.00021082756774398306,3.218875824868201,0.344804256037074,0.31
collection_size,Number of Papers,-0.03978004636208482,1.791759469228055,0.11272188283985687,0.0
collection_size,Number of Papers,-0.003395542569807193,3.871201010907891,0.45088753135942766,0.10333333333333333
collection_size,Number of Papers,0.019407376867713325,5.0689042022202315,0.6456619783952927,-0.23249999999999998
collection_size,Number of Papers,0.011544289059933767,4.465908118654584,0.5476007645710216,0.10333333333333333
collection_size,Number of Papers,-0.006882261158428649,2.772588722239781,0.2722275740475708,0.31
collection_size,Number of Papers,0.010104455344402444,5.937536205082426,0.786921782378748,-0.20666666666666667
collection_size,Number of Papers,0.0012377570555253065,3.7612001156935624,0.4329988226257179,-0.13285714285714287
collection_size,Number of Papers,0.013216468550318073,4.8283137373023015,0.6065363627115394,-0.0911764705882353
collection_size,Number of Papers,-0.02472880975417104,1.9459101490553132,0.13779037530221605,-0.31
collection_size,Number of Papers,0.011747690298384728,4.653960350157523,0.5781824392885381,0.2066666666666666
collection_size,Number of Papers,0.013966433362254818,4.844187086458591,0.6091177391551772,0.16411764705882353
collection_size,Number of Papers,0.011938748241445219,5.60947179518496,0.733570864978326,0.31
collection_size,Number of Papers,0.0019862466415958625,4.110873864173311,0.4898639220068717,-0.04428571428571432
collection_size,Number of Papers,-0.0060335033484780285,3.4657359027997265,0.3849494568874277,-0.31
collection_size,Number of Papers,-0.05701941531851607,1.0986122886681098,0.0,0.31
collection_size,Number of Papers,0.01373641499617451,5.4638318050256105,0.7098864089667211,0.09117647058823525
collection_size,Number of Papers,0.016219237279873556,4.74493212836325,0.592976570192101,0.0
collection_size,Number of Papers,-0.004160842048076918,3.295836866004329,0.3573199146237135,0.31
collection_size,Number of Papers,0.01636402189263158,4.882801922586371,0.6153974112882437,0.2066666666666666
collection_size,Number of Papers,0.018529580674842717,6.331501849893691,0.8509897761653915,0.31
collection_size,Number of Papers,0.0032834795388611586,4.23410650459726,0.5099044208294925,-0.20666666666666667
collection_size,Number of Papers,0.021141252049826267,5.572154032177765,0.7275021271582509,0.31
collection_size,Number of Papers,0.01959302009384695,4.5217885770490405,0.5566882291973495,-0.155
collection_size,Number of Papers,0.016320448772978502,6.22455842927536,0.8335982840443463,0.10333333333333333
collection_size,Number of Papers,0.010120539717738805,6.551080335043404,0.8866983543308605,-0.155
collection_size,Number of Papers,0.009172369291705704,4.454347296253507,0.5457207054655747,-0.10333333333333333
collection_size,Number of Papers,0.01639847417051164,5.030437921392435,0.639406464815546,0.31
collection_size,Number of Papers,0.005432475563157554,3.295836866004329,0.3573199146237135,0.0
collection_size,Number of Papers,0.020958982663291638,5.5254529391317835,0.7199074412293985,0.23249999999999998
collection_size,Number of Papers,-0.042475289713052554,2.302585092994046,0.19579403220246552,-0.31
collection_size,Number of Papers,0.017634364088445775,5.53338948872752,0.7211981091261656,0.034444444444444444
collection_size,Number of Papers,0.014241396849024663,5.298317366548036,0.6829699045566445,0.31
collection_size,Number of Papers,0.015356357273204958,5.342334251964811,0.6901280757792656,-0.155
collection_size,Number of Papers,0.012209187142931491,4.997212273764115,0.6340032003079815,-0.23705882352941177
collection_size,Number of Papers,0.013860036116513912,4.962844630259907,0.6284142206609263,0.1276470588235294
collection_size,Number of Papers,0.017284359605627145,6.018593214496234,0.8001035408490218,-0.17222222222222222
collection_size,Number of Papers,-0.0014688612169623803,3.258096538021482,0.35118245789225344,-0.31
collection_size,Number of Papers,0.016325682911831417,5.666426688112432,0.7428330576955219,0.15499999999999997
collection_size,Number of Papers,-0.02281020853486647,2.4849066497880004,0.22544376567971378,0.31
collection_size,Number of Papers,-0.058662562762871545,1.0986122886681098,0.0,-0.31
collection_size,Number of Papers,-0.061451650347470146,1.3862943611198906,0.046783808367857,-0.31
collection_size,Number of Papers,0.012192080174165358,4.948759890378168,0.6261237137623819,-0.2735294117647059
collection_size,Number of Papers,0.0008742020799354308,4.330733340286331,0.5256181958504494,-0.22142857142857142
collection_size,Number of Papers,0.010908256269015421,4.736198448394496,0.5915562703224494,0.051666666666666694
collection_size,Number of Papers,0.013729911433126898,4.795790545596741,0.601247333905203,0.05470588235294116
collection_size,Number of Papers,0.008656853530699993,4.605170185988092,0.5702480217167878,-0.20666666666666667
collection_size,Number of Papers,0.017028003320225048,5.017279836814924,0.6372666536618096,-0.31
collection_size,Number of Papers,0.002006871998200429,2.8903717578961645,0.2913818401517136,0.04428571428571426
collection_size,Number of Papers,0.019047164375991178,4.290459441148391,0.5190687214134854,-0.31
collection_size,Number of Papers,-0.04613721246253213,1.0986122886681098,0.0,0.0
collection_size,Number of Papers,-0.0517104044766557,2.0794415416798357,0.15950569120771388,-0.31
collection_size,Number of Papers,0.007821469447936377,4.189654742026425,0.5026755284483867,-0.31
collection_size,Number of Papers,-0.0076315434347490095,3.713572066704308,0.42525339206114326,-0.10333333333333333
collection_size,Number of Papers,0.012730415311244673,3.6375861597263857,0.41289631301059254,-0.16411764705882353
collection_size,Number of Papers,0.0027571824802004184,3.6375861597263857,0.41289631301059254,0.31
collection_size,Number of Papers,-0.0037612218547458704,3.5263605246161616,0.39480843303168944,-0.31
collection_size,Number of Papers,-0.0003678671178069884,3.871201010907891,0.45088753135942766,0.10333333333333333
collection_size,Number of Papers,-0.0005229513669415458,3.58351893845611,0.4041037229915705,-0.10333333333333333
collection_size,Number of Papers,-0.0018496413851265044,3.295836866004329,0.3573199146237135,0.31
collection_size,Number of Papers,-0.0036191307567662407,3.688879454113936,0.4212377978821792,-0.10333333333333333
collection_size,Number of Papers,-0.030669391225460557,2.0794415416798357,0.15950569120771388,0.0
collection_size,Number of Papers,-0.0331247466789456,2.5649493574615367,0.23846057505239648,0.0
collection_size,Number of Papers,-0.025477142234635104,2.302585092994046,0.19579403220246552,0.31
collection_size,Number of Papers,0.00015492506086438809,2.833213344056216,0.2820865501918326,0.2066666666666666
collection_size,Number of Papers,0.01990330061808966,5.811140992976701,0.7663669757084087,-0.07750000000000001
collection_size,Number of Papers,-0.005605081665635646,3.5553480614894135,0.39952248197668144,-0.10333333333333333
collection_size,Number of Papers,0.020557472018083722,4.948759890378168,0.6261237137623819,0.15499999999999997
collection_size,Number of Papers,-0.02623359826228771,2.1972245773362196,0.17865995731185677,-0.31
collection_size,Number of Papers,0.005726436016305526,4.1588830833596715,0.4976713397272845,0.15499999999999997
collection_size,Number of Papers,-0.060703383090733386,1.3862943611198906,0.046783808367857,0.31
collection_size,Number of Papers,0.01737105993558434,4.804021044733257,0.6025858048467286,-0.034444444444444444
collection_size,Number of Papers,0.0160834828749073,5.955837369464831,0.7898979781495796,-0.051666666666666694
collection_size,Number of Papers,0.009607518164029478,3.871201010907891,0.45088753135942766,0.31
collection_size,Number of Papers,0.013578027158130656,5.030437921392435,0.639406464815546,-0.018235294117647072
collection_size,Number of Papers,-0.03615542443733414,2.4849066497880004,0.22544376567971378,-0.31
collection_size,Number of Papers,0.017332789980827157,4.48863636973214,0.551296907795682,-0.10333333333333333
collection_size,Number of Papers,-0.051194611743994936,1.791759469228055,0.11272188283985687,0.31
collection_size,Number of Papers,0.015966772250779644,4.941642422609304,0.6249662476563951,-0.10333333333333333
collection_size,Number of Papers,0.020354778253836296,5.780743515792329,0.761423637615284,0.0
collection_size,Number of Papers,-0.00816016881964214,3.1780538303479458,0.3381656485195707,-0.31
collection_size,Number of Papers,0.017692194913579345,4.976733742420574,0.6306729139336301,0.10333333333333333
collection_size,Number of Papers,0.003330875589808559,3.091042453358316,0.32401557113653007,-0.10333333333333333
collection_size,Number of Papers,0.0048876547364809725,4.07753744390572,0.4844426432870072,0.31
collection_size,Number of Papers,-0.04196386447180497,2.302585092994046,0.19579403220246552,0.31
collection_size,Number of Papers,0.014781137756432666,4.718498871295094,0.5886779066616435,-0.31
collection_size,Number of Papers,0.00979095043942584,5.69035945432406,0.7467250831478385,-0.31
collection_size,Number of Papers,-0.0004833819852742717,3.218875824868201,0.344804256037074,0.0
collection_size,Number of Papers,0.010440454637484902,4.812184355372417,0.603913349373,-0.051666666666666694
collection_size,Number of Papers,0.009521184975213556,3.258096538021482,0.35118245789225344,0.2066666666666666
collection_size,Number of Papers,0.0029894970765680573,3.9318256327243257,0.46074650750368934,-0.31
collection_size,Number of Papers,-0.048752290629239754,1.9459101490553132,0.13779037530221605,-0.31
collection_size,Number of Papers,0.01029632422384423,4.875197323201151,0.6141607262306022,-0.10333333333333333
recent,Publication Year,0.010108431000411597,2016.1880597014926,0.5943297383736109,0.15499999999999997
recent,Publication Year,-0.004640056937489124,2021.4080459770114,0.8772441152561408,0.31
recent,Publication Year,-0.002634138905269873,2020.95,0.8524188024430648,-0.31
recent,Publication Year,-0.0014188865932949998,2021.1734104046243,0.8645272663502924,0.31
recent,Publication Year,-0.002058080783256821,2022.1,0.9147468462811759,0.034444444444444444
recent,Publication Year,-0.003953531327537047,2022.2244897959183,0.9214939814615245,0.0
recent,Publication Year,-0.005648933596277718,2021.142857142857,0.8628713315339251,-0.31
recent,Publication Year,-0.005138857628551741,2021.4718309859154,0.8807011542397787,0.0
recent,Publication Year,-0.0024177814707597315,2022.4045801526718,0.9312545724620042,-0.2411111111111111
recent,Publication Year,3.416095812106516e-05,2021.1555555555556,0.8635595639020502,0.0
recent,Publication Year,0.0010227595451341282,2020.5217391304348,0.8292077917887898,0.31
recent,Publication Year,0.0028486130946964163,2021.3461538461538,0.8738896670428136,-0.22142857142857142
recent,Publication Year,-0.013123965771001202,2010.125,0.26572221587990386,0.31
recent,Publication Year,0.01301350845098458,2015.2272727272727,0.5422567186794621,0.2066666666666666
recent,Publication Year,0.007313055934384734,2019.7777777777778,0.7888863519607318,-0.31
recent,Publication Year,-0.020412420200031447,2023.6729857819905,1.0,-0.31
recent,Publication Year,0.013323004432102017,2017.7095709570958,0.6767930603209372,0.31
recent,Publication Year,0.013911190925064798,2017.8648648648648,0.6852097259654735,-0.155
recent,Publication Year,0.00991257865634675,2017.2291666666667,0.6507559649523426,0.051666666666666694
recent,Publication Year,0.00659899027270928,2017.85,0.6844040755750859,0.31
recent,Publication Year,0.005451528756877809,2018.1818181818182,0.7023880566034841,0.31
recent,Publication Year,0.004436467904997751,2013.857142857143,0.4679980103234888,-0.034444444444444444
recent,Publication Year,0.01191170026734506,2017.605504587156,0.6711528400881704,0.31
recent,Publication Year,0.011119047942437833,2018.3716814159293,0.7126783209329799,-0.124
recent,Publication Year,0.011644443128132736,2018.2276422764228,0.7048716445837918,0.124
recent,Publication Year,0.022054295526430366,2016.6458333333333,0.6191402905416946,0.31
recent,Publication Year,-0.0019871065457469726,2013.5384615384614,0.4507260249311695,0.10333333333333333
recent,Publication Year,-0.03001347397663896,2008.0882352941176,0.1553330333788841,0.0
recent,Publication Year,0.008941161950617806,2015.2666666666667,0.5443918031851138,-0.2583333333333333
recent,Publication Year,0.011880225106343073,2019.5855855855855,0.778469862064811,0.24800000000000005
recent,Publication Year,-0.010247459038905867,2022.6911764705883,0.9467876053897817,0.062
recent,Publication Year,0.009696984723096727,2015.7903225806451,0.5727730629786271,0.0
recent,Publication Year,0.006504485418410869,2015.6875,0.5672002540099333,0.15499999999999997
recent,Publication Year,0.005308811986849336,2015.1916666666666,0.5403269307608862,0.10333333333333333
recent,Publication Year,-2.6531256307702822e-05,2015.6666666666667,0.566071122780986,-0.10333333333333333
recent,Publication Year,0.009313043556595825,2017.1538461538462,0.6466737212784391,-0.155
recent,Publication Year,0.008604926399104084,2016.2,0.5949768822421407,0.22142857142857136
recent,Publication Year,0.009580946689896544,2015.4173228346456,0.5525571112218731,-0.051666666666666694
recent,Publication Year,0.0056191985204863465,2016.344262295082,0.6027956532439277,-0.155
recent,Publication Year,0.008347767457197655,2015.0869565217392,0.5346518190188613,0.13285714285714284
recent,Publication Year,0.012670632577796695,2014.96,0.5277709914949517,0.0
recent,Publication Year,-0.0021683452774491786,2013.6666666666667,0.45767452480164955,-0.10333333333333333
recent,Publication Year,-0.028124836668448457,2009.0833333333333,0.2092656544323287,0.31
recent,Publication Year,0.012470035927984855,2015.125786163522,0.5367563195538639,-0.10333333333333333
recent,Publication Year,0.00431347418572406,2019.471264367816,0.7722738465232805,-0.10333333333333333
recent,Publication Year,-0.0023770650464737283,2022.5,0.9364261658770481,-0.17222222222222222
recent,Publication Year,-0.01495764256730632,2010.5039577836412,0.28626108314215304,0.31
recent,Publication Year,-0.014964784701969925,2010.6511627906978,0.29423934412737895,0.0
recent,Publication Year,-0.012642500276950047,2009.8,0.24810776870825924,-0.10333333333333333
recent,Publication Year,-0.004242798686872751,2008.857142857143,0.1970065153751477,-0.155
recent,Publication Year,-0.009888155075262089,2011.9714285714285,0.36579550365725344,0.31
recent,Publication Year,-0.013981483086812177,2009.8267716535433,0.2495587467914518,-0.31
recent,Publication Year,-0.01049545218477532,2011.0,0.31314572749586356,-0.186
recent,Publication Year,-0.021280806386539834,2008.7377049180327,0.19053318224054414,0.31
recent,Publication Year,-0.022540013055345098,2008.78125,0.1928932516125372,-0.10333333333333333
recent,Publication Year,-0.003397964960849285,2013.0,0.4215423254752,0.15499999999999997
recent,Publication Year,-0.012676750845675924,2007.385593220339,0.11725102818150919,-0.31
recent,Publication Year,0.010299066995533785,2014.8086956521738,0.5195705532130291,0.31
recent,Publication Year,0.0007740900076722479,2019.0,0.7467321194132093,-0.31
recent,Publication Year,0.012397484644367122,2015.4545454545455,0.5545745139043878,-0.20666666666666667
recent,Publication Year,0.011157358762567595,2016.355871886121,0.603424873330202,-0.062
recent,Publication Year,0.0053434653506634604,2018.4057971014493,0.7145273330570284,0.17222222222222222
recent,Publication Year,0.010853872274518662,2016.2015209125475,0.5950593131151245,-0.186
recent,Publication Year,0.007821376688913667,2017.9259259259259,0.6885191316094884,-0.22142857142857142
recent,Publication Year,0.011711407619492768,2016.1861386138614,0.5942256186917889,0.186
recent,Publication Year,0.00309063803376003,2015.7214285714285,0.5690391248685093,0.13285714285714284
recent,Publication Year,0.008610981169296848,2015.7674418604652,0.5715329668652149,0.31
recent,Publication Year,0.009939387503681597,2015.3071895424837,0.5465880741245666,0.10333333333333333
recent,Publication Year,0.005925911346219022,2018.3703703703704,0.7126072644937922,0.0
recent,Publication Year,0.010597828362856221,2016.1912350597609,0.5945018373904306,-0.248
recent,Publication Year,0.00939129538797448,2015.5,0.5570380729493706,-0.10333333333333333
recent,Publication Year,0.01016859358958766,2015.7312252964427,0.569570090699949,0.2066666666666666
recent,Publication Year,-0.010858203096045892,2007.965,0.14865389006221608,-0.31
recent,Publication Year,0.01142216245806196,2015.1196172248804,0.5364219735729164,0.0
recent,Publication Year,-0.002134684259154611,2019.5675675675675,0.7774933161370711,-0.034444444444444444
recent,Publication Year,-0.008511451679542294,2023.4685314685314,0.9889189239894158,0.0
recent,Publication Year,0.011452200418391258,2017.0778588807786,0.6425553403333151,0.062
recent,Publication Year,0.010285353009149647,2014.6923076923076,0.5132625237654039,0.25833333333333336
recent,Publication Year,0.007996266778900807,2017.0761245674742,0.6424613435022962,-0.13285714285714287
recent,Publication Year,0.00013917044082374145,2021.6666666666667,0.8912609167189953,0.2066666666666666
recent,Publication Year,0.003914247035122786,2016.6666666666667,0.6202694217706543,-0.31
recent,Publication Year,0.00011730242124338542,2020.5,0.8280295678977116,0.10333333333333333
recent,Publication Year,0.008308971769005498,2016.7021276595744,0.6221913472667363,0.04428571428571426
recent,Publication Year,-0.028844549513934007,2008.078947368421,0.15482964360498996,-0.31
recent,Publication Year,0.008289549407871199,2015.0263157894738,0.5313651944805842,-0.04428571428571432
recent,Publication Year,0.005392190080335378,2019.5206611570247,0.7749510684739424,0.2411111111111111
recent,Publication Year,-0.019680228087849475,2023.3,0.9797848050687802,0.31
recent,Publication Year,0.017916586540558874,2015.8807947019868,0.5776764980613336,0.0
recent,Publication Year,0.015149539993652135,2016.4444444444443,0.6082253553284962,0.15499999999999997
recent,Publication Year,0.014698772401595867,2015.6712328767123,0.5663186035982868,0.0
recent,Publication Year,-0.00900442753704281,2008.6666666666667,0.18668302985330848,-0.155
recent,Publication Year,-0.00660482511856519,2021.375,0.8754530795136714,0.31
recent,Publication Year,0.013773717350225756,2015.7575757575758,0.5709982408709514,-0.31
recent,Publication Year,-0.03761447417997454,2007.0243902439024,0.0976744412686448,0.0
recent,Publication Year,0.02138351708957009,2015.1315789473683,0.5370702785847508,-0.31
recent,Publication Year,0.0029648113118044862,2019.578947368421,0.7781100819861745,-0.04428571428571432
recent,Publication Year,-0.02266391447319255,2023.264705882353,0.9778719239279701,-0.31
recent,Publication Year,0.0036300859740017698,2017.75,0.678984245676124,0.22142857142857136
recent,Publication Year,0.00483734915588566,2017.638888888889,0.6729622124550512,0.034444444444444444
recent,Publication Year,0.002878546874139242,2018.0740740740741,0.6965485092375938,-0.13285714285714287
recent,Publication Year,0.0030053333044365495,2018.5,0.7196329699183752,0.04428571428571426
recent,Publication Year,-0.00846338630053087,2007.0,0.09635253153719069,0.15499999999999997
recent,Publication Year,0.0004536895541836045,2015.3846153846155,0.550784423065952,0.31
recent,Publication Year,0.0028364055083271874,2020.0,0.8009304184028775,-0.31
recent,Publication Year,-0.0030464290590139047,2023.2941176470588,0.9794659915453118,0.31
recent,Publication Year,-0.011700109133324643,2007.8323353293413,0.14146369057649316,0.10333333333333333
recent,Publication Year,-0.018066911211836102,2008.5428571428572,0.17997276426411052,-0.31
recent,Publication Year,-0.0068565455632952806,2008.4609929078015,0.17553586197600024,0.0
recent,Publication Year,-0.00838223819658534,2005.2222222222222,0.0,0.31
recent,Publication Year,-0.015341084084765528,2008.625,0.18442476739540153,-0.31
recent,Publication Year,-0.010060944272242679,2008.75,0.19119955476911007,0.186
recent,Publication Year,-0.011136832808491667,2006.5,0.06925338204235658,0.31
recent,Publication Year,0.0105324999971214,2015.0699481865286,0.5337299961817966,-0.31
recent,Publication Year,0.015315093716842063,2014.5,0.5028397739597024,0.31
recent,Publication Year,0.0040325918181461475,2015.0392156862745,0.5320643469443254,-0.2411111111111111
recent,Publication Year,-0.0010054790324441774,2014.9166666666667,0.5254223985387348,-0.31
recent,Publication Year,0.012890198611553437,2015.1573033707866,0.5384644985765124,0.10333333333333333
recent,Publication Year,0.009298253205256141,2015.0,0.5299389234545364,-0.20666666666666667
recent,Publication Year,0.01227985857984315,2015.2285714285715,0.5423271060807509,-0.31
recent,Publication Year,0.008937163114351162,2019.5648148148148,0.7773441216203348,-0.31
recent,Publication Year,-0.000701124872580257,2019.5416666666667,0.7760895313659504,-0.20666666666666667
recent,Publication Year,0.005618986276488025,2019.4827586206898,0.772896815477193,-0.31
recent,Publication Year,0.003801910710804895,2019.7272727272727,0.7861490641329691,0.31
recent,Publication Year,-0.0015691484921425693,2019.6949152542372,0.78439534413484,0.2411111111111111
recent,Publication Year,-0.0015718302756622712,2019.8,0.7900907586049414,0.17222222222222222
recent,Publication Year,0.004167886411900735,2019.4732142857142,0.7723795287565309,-0.17222222222222222
recent,Publication Year,-0.02191070992798937,2023.3783783783783,0.9840327798544567,0.10333333333333333
recent,Publication Year,-0.007582899473152153,2023.04,0.9656932473314669,-0.31
recent,Publication Year,-0.01789390658616626,2023.3577235772357,0.9829133247665549,0.0
recent,Publication Year,-0.004417454910482289,2023.4615384615386,0.9885399149055809,-0.31
recent,Publication Year,-0.00912618834216297,2023.4901960784314,0.990093108994269,-0.31
recent,Publication Year,-0.010270382947472364,2023.0,0.9635253153718821,-0.062
recent,Publication Year,-0.017889581228226228,2023.4198473282443,0.9862803263980779,0.31
biology_share,Biology Journals,0.003973716761567744,0.09395017793594305,0.09395017793594305,0.08454545454545453
biology_share,Biology Journals,-0.0005000324642845757,0.05747126436781609,0.05747126436781609,0.0
biology_share,Biology Journals,0.009561039369837182,1.0,1.0,0.31
biology_share,Biology Journals,-0.003688644841791911,0.023121387283236993,0.023121387283236993,0.062
biology_share,Biology Journals,-0.010071857263272515,0.0,0.0,-0.31
biology_share,Biology Journals,0.0004267892704071064,0.061224489795918366,0.061224489795918366,0.31
biology_share,Biology Journals,-0.015341179196690053,0.0,0.0,-0.13285714285714287
biology_share,Biology Journals,-0.00044782174739888095,0.06338028169014084,0.06338028169014084,0.31
biology_share,Biology Journals,0.002508319838452584,0.07633587786259542,0.07633587786259542,0.0
biology_share,Biology Journals,-0.003287128873483453,0.037037037037037035,0.037037037037037035,-0.062
biology_share,Biology Journals,0.004465537214671123,0.10869565217391304,0.10869565217391304,-0.20666666666666667
biology_share,Biology Journals,-0.00999520106286779,0.0,0.0,0.0
biology_share,Biology Journals,0.0009098112003164622,0.0625,0.0625,-0.31
biology_share,Biology Journals,0.006821834546718423,0.09090909090909091,0.09090909090909091,0.0
biology_share,Biology Journals,0.003114856941794126,0.0707070707070707,0.0707070707070707,-0.25363636363636366
biology_share,Biology Journals,-0.0018781335357223987,0.04739336492890995,0.04739336492890995,-0.10333333333333333
biology_share,Biology Journals,0.005710392105617135,0.12211221122112212,0.12211221122112212,0.2066666666666666
biology_share,Biology Journals,0.018957416383542546,1.0,1.0,0.0
biology_share,Biology Journals,-0.0056895526931227845,0.020833333333333332,0.020833333333333332,0.31
biology_share,Biology Journals,-0.0014740092468277731,0.05,0.05,0.10333333333333333
biology_share,Biology Journals,-0.01465273886566042,0.0,0.0,0.31
biology_share,Biology Journals,-0.01637160506775597,0.0,0.0,-0.155
biology_share,Biology Journals,0.00718810448624969,0.14678899082568808,0.14678899082568808,0.15499999999999997
biology_share,Biology Journals,0.006790115331945212,0.1504424778761062,0.1504424778761062,-0.155
biology_share,Biology Journals,0.004595890126454338,0.10569105691056911,0.10569105691056911,0.0
biology_share,Biology Journals,0.011551222803358656,0.14583333333333334,0.14583333333333334,-0.31
biology_share,Biology Journals,-0.013168849995539371,0.0,0.0,-0.10333333333333333
biology_share,Biology Journals,-0.0035563589860048233,0.058823529411764705,0.058823529411764705,0.186
biology_share,Biology Journals,0.003590018126312064,0.16666666666666666,0.16666666666666666,-0.02818181818181814
biology_share,Biology Journals,0.0056966383458029995,0.07207207207207207,0.07207207207207207,0.10333333333333333
biology_share,Biology Journals,0.0034095954515586365,0.17647058823529413,0.17647058823529413,-0.1409090909090909
biology_share,Biology Journals,0.00403562322628606,0.1032258064516129,0.1032258064516129,0.19727272727272732
biology_share,Biology Journals,0.007692142263750914,1.0,1.0,-0.155
biology_share,Biology Journals,-0.008770130055548402,0.016666666666666666,0.016666666666666666,0.0
biology_share,Biology Journals,-0.00016660253189592072,0.08333333333333333,0.08333333333333333,-0.31
biology_share,Biology Journals,0.002257254463814672,0.07692307692307693,0.07692307692307693,-0.17714285714285716
biology_share,Biology Journals,-0.016138153412740275,0.0,0.0,0.15499999999999997
biology_share,Biology Journals,0.002067019923224136,0.07874015748031496,0.07874015748031496,-0.31
biology_share,Biology Journals,0.004026498665918421,0.14754098360655737,0.14754098360655737,0.14090909090909093
biology_share,Biology Journals,-0.00962119041845732,0.010869565217391304,0.010869565217391304,0.31
biology_share,Biology Journals,0.007247537826769592,0.12,0.12,0.31
biology_share,Biology Journals,-0.015408156579573616,0.0,0.0,-0.22142857142857142
biology_share,Biology Journals,0.0027914009905075556,0.14583333333333334,0.14583333333333334,0.22142857142857136
biology_share,Biology Journals,0.005528050271187439,0.0880503144654088,0.0880503144654088,-0.20666666666666667
biology_share,Biology Journals,0.0034631921192844807,0.09195402298850575,0.09195402298850575,-0.08454545454545453
biology_share,Biology Journals,0.007537861226568305,0.1875,0.1875,-0.31
biology_share,Biology Journals,0.0012063597796169387,0.11345646437994723,0.11345646437994723,0.0
biology_share,Biology Journals,0.010213273908379292,1.0,1.0,-0.31
biology_share,Biology Journals,-0.004404431490932225,0.016,0.016,-0.31
biology_share,Biology Journals,0.005666018936496939,0.14285714285714285,0.14285714285714285,0.0
biology_share,Biology Journals,-0.005212214603355514,0.01904761904761905,0.01904761904761905,-0.10333333333333333
biology_share,Biology Journals,0.002646990454218144,0.08661417322834646,0.08661417322834646,0.04428571428571426
biology_share,Biology Journals,0.0021103753500780037,0.11721611721611722,0.11721611721611722,-0.26571428571428574
biology_share,Biology Journals,0.0023385499656255588,0.11475409836065574,0.11475409836065574,-0.13285714285714287
biology_share,Biology Journals,0.003170807636029278,0.09375,0.09375,-0.19727272727272727
biology_share,Biology Journals,-0.017639310892788546,0.0,0.0,0.31
biology_share,Biology Journals,0.0023593278379434616,0.1059322033898305,0.1059322033898305,-0.08857142857142858
biology_share,Biology Journals,0.005460992065909243,0.14782608695652175,0.14782608695652175,-0.31
biology_share,Biology Journals,-0.003197228188800524,0.037037037037037035,0.037037037037037035,0.186
biology_share,Biology Journals,0.011800988886139141,1.0,1.0,0.31
biology_share,Biology Journals,-0.0054563368442127665,0.019572953736654804,0.019572953736654804,-0.31
biology_share,Biology Journals,-0.004102040140616185,0.043478260869565216,0.043478260869565216,-0.186
biology_share,Biology Journals,0.000203730749545988,0.03802281368821293,0.03802281368821293,-0.10333333333333333
biology_share,Biology Journals,-0.012492875168786626,0.0,0.0,0.10333333333333333
biology_share,Biology Journals,0.004115068451558197,0.09108910891089109,0.09108910891089109,0.2536363636363637
biology_share,Biology Journals,0.0011656802935007158,0.12285714285714286,0.12285714285714286,-0.10333333333333333
biology_share,Biology Journals,0.008355139157445058,1.0,1.0,0.15499999999999997
biology_share,Biology Journals,0.002707024408984057,0.0718954248366013,0.0718954248366013,0.1771428571428571
biology_share,Biology Journals,-0.006774117407120988,0.0,0.0,-0.31
biology_share,Biology Journals,0.00020618711792171743,0.0398406374501992,0.0398406374501992,0.10333333333333333
biology_share,Biology Journals,-0.016566921093696414,0.0,0.0,-0.31
biology_share,Biology Journals,0.004393214594003883,0.09090909090909091,0.09090909090909091,-0.31
biology_share,Biology Journals,0.002698381914164179,0.125,0.125,0.08857142857142852
biology_share,Biology Journals,0.004515890945997398,0.13875598086124402,0.13875598086124402,-0.10333333333333333
biology_share,Biology Journals,0.0013270244961065005,0.08783783783783784,0.08783783783783784,0.10333333333333333
biology_share,Biology Journals,0.00488492529844866,0.13286713286713286,0.13286713286713286,0.2066666666666666
biology_share,Biology Journals,0.0010341551472450481,0.06326034063260341,0.06326034063260341,-0.20666666666666667
biology_share,Biology Journals,0.016257474054236148,1.0,1.0,0.0
biology_share,Biology Journals,-0.012313624006763496,0.0,0.0,0.31
biology_share,Biology Journals,0.0030458920089235187,0.08333333333333333,0.08333333333333333,0.31
biology_share,Biology Journals,-0.015150993634043108,0.0,0.0,0.04428571428571426
biology_share,Biology Journals,-0.015202696097994305,0.0,0.0,-0.04428571428571432
biology_share,Biology Journals,-0.0034980715349943355,0.05673758865248227,0.05673758865248227,0.31
biology_share,Biology Journals,-0.0010911487076811662,0.07894736842105263,0.07894736842105263,-0.31
biology_share,Biology Journals,0.004186191868062351,0.11403508771929824,0.11403508771929824,0.31
biology_share,Biology Journals,-0.004077567844739852,0.04132231404958678,0.04132231404958678,-0.062
biology_share,Biology Journals,-0.004922694539111797,0.02,0.02,0.31
biology_share,Biology Journals,0.00909007146612823,0.11920529801324503,0.11920529801324503,-0.31
biology_share,Biology Journals,0.021757801172375548,1.0,1.0,0.0
biology_share,Biology Journals,-0.011645044596775428,0.0,0.0,0.31
biology_share,Biology Journals,0.008373492195641836,0.6666666666666666,0.6666666666666666,0.31
biology_share,Biology Journals,-0.016363437063987733,0.0,0.0,0.0
biology_share,Biology Journals,0.006416396080072715,0.19696969696969696,0.19696969696969696,-0.31
biology_share,Biology Journals,-0.002279518566089042,0.07317073170731707,0.07317073170731707,-0.31
biology_share,Biology Journals,0.012494969465446495,0.13157894736842105,0.13157894736842105,0.31
biology_share,Biology Journals,0.005789458967221799,0.15789473684210525,0.15789473684210525,0.31
biology_share,Biology Journals,0.0019367544814559955,0.11764705882352941,0.11764705882352941,0.31
biology_share,Biology Journals,-0.01332597631940311,0.0,0.0,-0.31
biology_share,Biology Journals,-0.011804982281453979,0.0,0.0,0.10333333333333333
biology_share,Biology Journals,-0.011832846586500656,0.0,0.0,-0.10333333333333333
biology_share,Biology Journals,-0.014416360207379814,0.0,0.0,-0.31
biology_share,Biology Journals,-0.010267008046034486,0.0,0.0,0.31
biology_share,Biology Journals,-0.01775549662439694,0.0,0.0,-0.31
biology_share,Biology Journals,-0.012193730470830654,0.0,0.0,-0.31
biology_share,Biology Journals,-0.010386005001128245,0.0,0.0,-0.31
biology_share,Biology Journals,0.003031290155494083,0.10479041916167664,0.10479041916167664,0.2657142857142856
biology_share,Biology Journals,0.01206521493464632,1.0,1.0,-0.31
biology_share,Biology Journals,-0.002663386672466404,0.014184397163120567,0.014184397163120567,0.31
biology_share,Biology Journals,0.004955848200108057,0.2222222222222222,0.2222222222222222,0.31
biology_share,Biology Journals,-0.005112142097838569,0.015625,0.015625,0.10333333333333333
biology_share,Biology Journals,-0.014185965095006182,0.0,0.0,0.31
biology_share,Biology Journals,0.0031114816250568654,0.09016393442622951,0.09016393442622951,-0.31
biology_share,Biology Journals,0.0038106243308030545,0.12435233160621761,0.12435233160621761,0.028181818181818197
biology_share,Biology Journals,0.016354985298417,1.0,1.0,0.0
biology_share,Biology Journals,-0.007624143998192005,0.0196078431372549,0.0196078431372549,0.0
biology_share,Biology Journals,-0.01493004924878684,0.0,0.0,0.22142857142857136
biology_share,Biology Journals,-0.0032557250234260186,0.02247191011235955,0.02247191011235955,0.062
biology_share,Biology Journals,-0.015553033880838186,0.0,0.0,-0.31
biology_share,Biology Journals,0.005537852212583184,0.10714285714285714,0.10714285714285714,-0.10333333333333333
biology_share,Biology Journals,0.0048553469706882945,0.07407407407407407,0.07407407407407407,0.10333333333333333
biology_share,Biology Journals,0.010746512632258192,1.0,1.0,0.31
biology_share,Biology Journals,-0.005719323351637481,0.013793103448275862,0.013793103448275862,0.10333333333333333
biology_share,Biology Journals,-0.0013052796805110244,0.045454545454545456,0.045454545454545456,0.31
biology_share,Biology Journals,-0.003289395836941375,0.03389830508474576,0.03389830508474576,-0.186
biology_share,Biology Journals,-0.01611409574397335,0.0,0.0,0.31
biology_share,Biology Journals,0.0021578750098590095,0.07142857142857142,0.07142857142857142,-0.22142857142857142
biology_share,Biology Journals,0.001487777197124206,0.08445945945945946,0.08445945945945946,0.2066666666666666
biology_share,Biology Journals,0.008052019078936509,1.0,1.0,0.0
biology_share,Biology Journals,-0.0033660058260342844,0.032520325203252036,0.032520325203252036,-0.31
biology_share,Biology Journals,-0.006418459712234881,0.0,0.0,-0.10333333333333333
biology_share,Biology Journals,0.0026988563596578503,0.09803921568627451,0.09803921568627451,0.13285714285714284
biology_share,Biology Journals,-0.014949704604793904,0.0,0.0,0.13285714285714284
biology_share,Biology Journals,0.002500537512925861,0.0916030534351145,0.0916030534351145,-0.04428571428571432
mathphysics_share,Math/Physics Journals,0.004146408421094633,0.04911032028469751,0.04911032028469751,-0.22142857142857142
mathphysics_share,Math/Physics Journals,0.0038270920306822656,0.08620689655172414,0.08620689655172414,0.27125000000000005
mathphysics_share,Math/Physics Journals,0.0019000956794528406,0.0,0.0,0.02384615384615385
mathphysics_share,Math/Physics Journals,0.003269565330578246,0.09248554913294797,0.09248554913294797,-0.03875000000000001
mathphysics_share,Math/Physics Journals,-0.016752226214066822,1.0,1.0,-0.31
mathphysics_share,Math/Physics Journals,0.0020673579730674267,0.02040816326530612,0.02040816326530612,0.07153846153846155
mathphysics_share,Math/Physics Journals,-0.0014332850132144788,0.0,0.0,-0.04428571428571432
mathphysics_share,Math/Physics Journals,-0.0010265634875089784,0.14788732394366197,0.14788732394366197,0.31
mathphysics_share,Math/Physics Journals,0.0037812786988470726,0.05343511450381679,0.05343511450381679,0.23249999999999998
mathphysics_share,Math/Physics Journals,0.002867593671619268,0.044444444444444446,0.044444444444444446,-0.27125
mathphysics_share,Math/Physics Journals,0.004643421408354552,0.021739130434782608,0.021739130434782608,0.0
mathphysics_share,Math/Physics Journals,-0.014875806301718966,0.6153846153846154,0.6153846153846154,0.0
mathphysics_share,Math/Physics Journals,0.002511645812714185,0.0,0.0,0.2146153846153846
mathphysics_share,Math/Physics Journals,0.008538870732365342,0.09090909090909091,0.09090909090909091,0.31
mathphysics_share,Math/Physics Journals,0.00619862552110363,0.09090909090909091,0.09090909090909091,0.31
mathphysics_share,Math/Physics Journals,0.0016339328267284958,0.09004739336492891,0.09004739336492891,-0.2623076923076923
mathphysics_share,Math/Physics Journals,0.009539585732887186,0.066006600660066,0.066006600660066,0.0
mathphysics_share,Math/Physics Journals,0.00519967529817343,0.02702702702702703,0.02702702702702703,-0.31
mathphysics_share,Math/Physics Journals,0.004885582023762625,0.04861111111111111,0.04861111111111111,0.08857142857142852
mathphysics_share,Math/Physics Journals,-0.01908876176425613,1.0,1.0,-0.31
mathphysics_share,Math/Physics Journals,-0.0004733518049981613,0.0,0.0,-0.07750000000000001
mathphysics_share,Math/Physics Journals,-0.001075505821833346,0.0,0.0,0.22142857142857136
mathphysics_share,Math/Physics Journals,0.010081280838559258,0.09174311926605505,0.09174311926605505,0.31
mathphysics_share,Math/Physics Journals,0.0060039551030525,0.05309734513274336,0.05309734513274336,0.2411111111111111
mathphysics_share,Math/Physics Journals,0.00505734997343316,0.04878048780487805,0.04878048780487805,0.1771428571428571
mathphysics_share,Math/Physics Journals,0.008138980576231844,0.0,0.0,0.10333333333333333
mathphysics_share,Math/Physics Journals,-0.018453383778741284,0.6153846153846154,0.6153846153846154,0.31
mathphysics_share,Math/Physics Journals,0.0030029249742976726,0.08823529411764706,0.08823529411764706,-0.155
mathphysics_share,Math/Physics Journals,0.003417640941429951,0.022222222222222223,0.022222222222222223,0.03875000000000001
mathphysics_share,Math/Physics Journals,0.011315389241403644,0.08108108108108109,0.08108108108108109,0.0
mathphysics_share,Math/Physics Journals,0.003725734074832094,0.08823529411764706,0.08823529411764706,0.19375000000000003
mathphysics_share,Math/Physics Journals,0.0027568143051142943,0.03870967741935484,0.03870967741935484,-0.31
mathphysics_share,Math/Physics Journals,0.0008858655837389081,0.03125,0.03125,-0.19727272727272727
mathphysics_share,Math/Physics Journals,0.0018469345223553492,0.03333333333333333,0.03333333333333333,-0.11923076923076922
mathphysics_share,Math/Physics Journals,-0.031101013795505204,1.0,1.0,-0.31
mathphysics_share,Math/Physics Journals,0.004540508742332476,0.0,0.0,-0.04428571428571432
mathphysics_share,Math/Physics Journals,-3.962784439189214e-05,0.0,0.0,0.0
mathphysics_share,Math/Physics Journals,0.005074182201136356,0.05511811023622047,0.05511811023622047,0.2657142857142856
mathphysics_share,Math/Physics Journals,-0.0011331684926111267,0.04371584699453552,0.04371584699453552,0.13285714285714284
mathphysics_share,Math/Physics Journals,0.0018837720464236728,0.0,0.0,-0.02384615384615385
mathphysics_share,Math/Physics Journals,0.0037044800215246944,0.04,0.04,0.15499999999999997
mathphysics_share,Math/Physics Journals,-0.019576114460411864,0.5,0.5,0.0
mathphysics_share,Math/Physics Journals,0.0016613067717763097,0.041666666666666664,0.041666666666666664,-0.2146153846153846
mathphysics_share,Math/Physics Journals,0.006660063954861842,0.031446540880503145,0.031446540880503145,-0.31
mathphysics_share,Math/Physics Journals,0.002237611001695683,0.04597701149425287,0.04597701149425287,0.11923076923076925
mathphysics_share,Math/Physics Journals,0.0035485905848691083,0.0625,0.0625,0.07750000000000001
mathphysics_share,Math/Physics Journals,0.0011166175433403131,0.018469656992084433,0.018469656992084433,0.08454545454545453
mathphysics_share,Math/Physics Journals,0.003980502744156264,0.023255813953488372,0.023255813953488372,-0.31
mathphysics_share,Math/Physics Journals,0.0009288795481285975,0.016,0.016,-0.1409090909090909
mathphysics_share,Math/Physics Journals,-0.013080753510961,1.0,1.0,0.0
mathphysics_share,Math/Physics Journals,-0.0006634010533883048,0.0,0.0,-0.23249999999999998
mathphysics_share,Math/Physics Journals,0.005219695001236826,0.047244094488188976,0.047244094488188976,-0.17222222222222222
mathphysics_share,Math/Physics Journals,0.004155900268372646,0.02197802197802198,0.02197802197802198,-0.17714285714285716
mathphysics_share,Math/Physics Journals,0.00023087270699002847,0.0,0.0,0.31
mathphysics_share,Math/Physics Journals,0.003840184375135246,0.03125,0.03125,0.31
mathphysics_share,Math/Physics Journals,0.0014367897085921448,0.0,0.0,0.19727272727272732
mathphysics_share,Math/Physics Journals,0.0014957120683008196,0.01694915254237288,0.01694915254237288,0.2536363636363637
mathphysics_share,Math/Physics Journals,0.007355473824719298,0.02608695652173913,0.02608695652173913,0.13285714285714284
mathphysics_share,Math/Physics Journals,0.0010990486468471308,0.0,0.0,0.028181818181818197
mathphysics_share,Math/Physics Journals,0.007607002627355916,0.022727272727272728,0.022727272727272728,0.31
mathphysics_share,Math/Physics Journals,0.006693650272310765,0.051601423487544484,0.051601423487544484,-0.22142857142857142
mathphysics_share,Math/Physics Journals,-0.02682331211995931,1.0,1.0,-0.31
mathphysics_share,Math/Physics Journals,0.0054083747517712525,0.0038022813688212928,0.0038022813688212928,0.034444444444444444
mathphysics_share,Math/Physics Journals,-0.0006298641508507953,0.0,0.0,-0.155
mathphysics_share,Math/Physics Journals,0.009739929460383365,0.08712871287128712,0.08712871287128712,0.2066666666666666
mathphysics_share,Math/Physics Journals,-0.002047992288775567,0.03857142857142857,0.03857142857142857,-0.22142857142857142
mathphysics_share,Math/Physics Journals,0.004159074647660982,0.0,0.0,-0.13285714285714287
mathphysics_share,Math/Physics Journals,0.005348836485378927,0.0196078431372549,0.0196078431372549,-0.034444444444444444
mathphysics_share,Math/Physics Journals,-0.011737284122697289,1.0,1.0,-0.31
mathphysics_share,Math/Physics Journals,0.00449905922621456,0.0,0.0,-0.08857142857142858
mathphysics_share,Math/Physics Journals,-3.6035863370025e-05,0.0,0.0,0.07750000000000001
mathphysics_share,Math/Physics Journals,0.005673334770719614,0.05138339920948617,0.05138339920948617,0.10333333333333333
mathphysics_share,Math/Physics Journals,0.00303353984225215,0.02,0.02,-0.11624999999999999
mathphysics_share,Math/Physics Journals,0.007477074937192069,0.023923444976076555,0.023923444976076555,0.22142857142857136
mathphysics_share,Math/Physics Journals,0.0005087380312783508,0.05405405405405406,0.05405405405405406,-0.31
mathphysics_share,Math/Physics Journals,0.005068038611779973,0.06993006993006994,0.06993006993006994,0.22142857142857136
mathphysics_share,Math/Physics Journals,0.0041133039027015554,0.029197080291970802,0.029197080291970802,-0.26571428571428574
mathphysics_share,Math/Physics Journals,0.0017188607532622245,0.038461538461538464,0.038461538461538464,-0.16692307692307692
mathphysics_share,Math/Physics Journals,-0.00161360843417114,0.0,0.0,-0.13285714285714287
mathphysics_share,Math/Physics Journals,-0.009347511157014049,1.0,1.0,0.0
mathphysics_share,Math/Physics Journals,-0.007904947922110696,0.3333333333333333,0.3333333333333333,0.0
mathphysics_share,Math/Physics Journals,-0.0023234522473099544,0.0,0.0,0.186
mathphysics_share,Math/Physics Journals,0.0033047326832547057,0.028368794326241134,0.028368794326241134,0.0
mathphysics_share,Math/Physics Journals,-0.0011811499543320357,0.0,0.0,0.04428571428571426
mathphysics_share,Math/Physics Journals,0.001524686449507789,0.0,0.0,-0.31
mathphysics_share,Math/Physics Journals,0.0036739803797327486,0.049586776859504134,0.049586776859504134,0.11625000000000002
mathphysics_share,Math/Physics Journals,0.0025333246684486744,0.06,0.06,0.31
mathphysics_share,Math/Physics Journals,0.00802720386184094,0.019867549668874173,0.019867549668874173,-0.10333333333333333
mathphysics_share,Math/Physics Journals,0.009299213973965088,0.1111111111111111,0.1111111111111111,-0.20666666666666667
mathphysics_share,Math/Physics Journals,0.005129498100773035,0.0,0.0,0.31
mathphysics_share,Math/Physics Journals,-0.0031032445803731152,1.0,1.0,-0.31
mathphysics_share,Math/Physics Journals,-0.0028972596405781067,0.0,0.0,-0.186
mathphysics_share,Math/Physics Journals,0.0049376934100341,0.0,0.0,0.13285714285714284
mathphysics_share,Math/Physics Journals,0.0022412755722531832,0.04878048780487805,0.04878048780487805,0.16692307692307695
mathphysics_share,Math/Physics Journals,0.009531138606991556,0.0,0.0,-0.10333333333333333
mathphysics_share,Math/Physics Journals,0.0028785267178706112,0.0,0.0,-0.23249999999999998
mathphysics_share,Math/Physics Journals,0.001022525986889631,0.029411764705882353,0.029411764705882353,-0.08454545454545453
mathphysics_share,Math/Physics Journals,-0.03281972964894193,0.5625,0.5625,-0.31
mathphysics_share,Math/Physics Journals,-0.025035913964815273,0.7222222222222222,0.7222222222222222,0.0
mathphysics_share,Math/Physics Journals,-0.026726243537562987,1.0,1.0,0.31
mathphysics_share,Math/Physics Journals,-0.03203211093006538,0.675,0.675,0.31
mathphysics_share,Math/Physics Journals,-0.006617918924091683,0.375,0.375,0.0
mathphysics_share,Math/Physics Journals,-0.030666786423035487,0.5384615384615384,0.5384615384615384,0.31
mathphysics_share,Math/Physics Journals,-0.01365577988737274,0.8,0.8,0.0
mathphysics_share,Math/Physics Journals,-0.01129887382261611,0.5294117647058824,0.5294117647058824,0.31
mathphysics_share,Math/Physics Journals,0.007210249079698057,0.02694610778443114,0.02694610778443114,0.04428571428571426
mathphysics_share,Math/Physics Journals,0.0029651006532888592,0.05714285714285714,0.05714285714285714,-0.19375
mathphysics_share,Math/Physics Journals,0.00526319450899805,0.03546099290780142,0.03546099290780142,-0.10333333333333333
mathphysics_share,Math/Physics Journals,-0.016897980120487106,1.0,1.0,0.0
mathphysics_share,Math/Physics Journals,-0.0009363961004598024,0.0,0.0,-0.31
mathphysics_share,Math/Physics Journals,-0.002786229497803962,0.0,0.0,-0.062
mathphysics_share,Math/Physics Journals,0.00670103479787034,0.05737704918032787,0.05737704918032787,-0.13285714285714287
mathphysics_share,Math/Physics Journals,0.005699781501950335,0.031088082901554404,0.031088082901554404,0.17222222222222222
mathphysics_share,Math/Physics Journals,0.007076123111637101,0.0,0.0,-0.04428571428571432
mathphysics_share,Math/Physics Journals,0.0013690746285825641,0.0457516339869281,0.0457516339869281,0.14090909090909093
mathphysics_share,Math/Physics Journals,-0.028576290106058205,1.0,1.0,0.0
mathphysics_share,Math/Physics Journals,0.004741092563886792,0.0,0.0,0.04428571428571426
mathphysics_share,Math/Physics Journals,0.00020748429787280796,0.0,0.0,0.23249999999999998
mathphysics_share,Math/Physics Journals,0.009541223355541625,0.08571428571428572,0.08571428571428572,0.10333333333333333
mathphysics_share,Math/Physics Journals,0.008914795612843522,0.06790123456790123,0.06790123456790123,-0.31
mathphysics_share,Math/Physics Journals,1.2230932294888142e-05,0.041666666666666664,0.041666666666666664,0.15499999999999997
mathphysics_share,Math/Physics Journals,0.005217219174826725,0.05517241379310345,0.05517241379310345,-0.2411111111111111
mathphysics_share,Math/Physics Journals,-0.01608051314427388,1.0,1.0,0.31
mathphysics_share,Math/Physics Journals,0.0006557761238578498,0.01694915254237288,0.01694915254237288,-0.25363636363636366
mathphysics_share,Math/Physics Journals,-0.00208847230411883,0.0,0.0,-0.31
mathphysics_share,Math/Physics Journals,0.007693240779738719,0.10714285714285714,0.10714285714285714,-0.31
mathphysics_share,Math/Physics Journals,0.0018831987844699326,0.08783783783783784,0.08783783783783784,-0.07153846153846152
mathphysics_share,Math/Physics Journals,0.0014958199203585101,0.0,0.0,0.31
mathphysics_share,Math/Physics Journals,0.003228158144007404,0.07317073170731707,0.07317073170731707,-0.07750000000000001
mathphysics_share,Math/Physics Journals,-0.002192889489566776,1.0,1.0,0.31
mathphysics_share,Math/Physics Journals,0.0010415924260713909,0.0,0.0,-0.02818181818181814
mathphysics_share,Math/Physics Journals,-0.0025622031359005346,0.0,0.0,0.062
mathphysics_share,Math/Physics Journals,0.0025310679082557255,0.09923664122137404,0.09923664122137404,0.2623076923076923
citation,Citation,0.0021132923337976645,2.8359218370204635,0.5135757894564871,0.034444444444444444
citation,Citation,-0.01074303504323871,0.8336416428526657,0.07607320754806328,0.31
citation,Citation,-0.001348555856191897,0.8129797606616009,0.07155854130304473,-0.31
citation,Citation,-0.00707270046007135,0.8299201775540286,0.0752600592777169,0.31
citation,Citation,-0.0023998594589176134,0.6980575480118746,0.04644778762364702,0.062
citation,Citation,-0.002241495714312172,0.8157940893026131,0.07217347823862852,0.31
citation,Citation,-0.004337691197642757,0.9428088870386039,0.09992648808806584,-0.31
citation,Citation,-0.007543774952791833,0.7464304259279425,0.057017366768596166,-0.31
citation,Citation,-0.0027524795297514653,0.8243076868373496,0.07403371783627608,0.22142857142857136
citation,Citation,-0.006490820823769752,0.8914392718777424,0.08870211533045588,0.10333333333333333
citation,Citation,-0.0067745155829813586,0.8027159475598964,0.06931587579334188,-0.10333333333333333
citation,Citation,7.097243207365215e-05,0.5901270954368409,0.022864748743442864,-0.31
citation,Citation,-0.0008996595100648194,1.2680875783947843,0.17100059036537985,0.10333333333333333
citation,Citation,-0.00293004791769199,1.1446478869434737,0.14402874902307783,0.04428571428571426
citation,Citation,-0.0099004582223354,1.0900986712581335,0.13210962662805512,-0.31
citation,Citation,-0.012643153899049749,0.6479425046971539,0.035497541545946774,0.31
citation,Citation,0.007843364883119812,2.2136439963408763,0.3776067264079101,0.31
citation,Citation,0.006181177220399814,2.2723514958843185,0.39043444287958945,0.31
citation,Citation,0.005882512608720675,2.2044830722225703,0.37560504454235494,0.0
citation,Citation,0.004312454951097912,2.2431740096852324,0.38405909861814197,-0.31
citation,Citation,0.001534804866199415,2.2309450662362886,0.38138704784896943,0.186
citation,Citation,0.0014769912898878463,2.142721722488241,0.36211005515494366,0.062
citation,Citation,0.005686367381800716,2.207427637207473,0.37624843840263705,-0.31
citation,Citation,0.006971198234473832,2.2333662579537137,0.3819160835107885,-0.10333333333333333
citation,Citation,0.006785495764155551,2.1941809275587536,0.3733540035028728,-0.31
citation,Citation,0.008585243921743242,2.218842200265019,0.3787425452831721,-0.31
citation,Citation,0.002488702328335111,2.2690220212776553,0.38970694542890466,-0.10333333333333333
citation,Citation,-0.0015855058469122997,2.299297325389066,0.3963221652944291,0.2411111111111111
citation,Citation,0.002754201209576757,2.288803017976027,0.39402913627585384,0.10333333333333333
citation,Citation,0.009121876076815107,2.195040495601447,0.3735418209917037,0.31
citation,Citation,0.0022174270535329607,2.101709635271386,0.353148824804121,0.2411111111111111
citation,Citation,0.0023424399568014623,3.238285534874308,0.6014931334875719,-0.31
citation,Citation,-0.0008450551668971871,3.2996463801667613,0.6149006117824314,0.2066666666666666
citation,Citation,-0.00038292895355942363,3.1908230140938816,0.5911224693588438,0.2066666666666666
citation,Citation,-0.00567797981420457,3.1095556599931222,0.5733653755477423,0.31
citation,Citation,0.002155548549492088,3.3083088510588863,0.6167933805328043,0.17222222222222222
citation,Citation,0.0018793582597652425,3.194408089498242,0.5919058161403347,-0.10333333333333333
citation,Citation,0.0024355692520017717,3.2416494267778266,0.602228151192555,-0.20666666666666667
citation,Citation,-0.0019185354319052618,3.2725088254266934,0.6089709969862388,-0.31
citation,Citation,0.0006570813985736169,3.1711896746092667,0.5868325419345886,0.0
citation,Citation,-0.0006881741438700493,3.280235940097526,0.6106593883657463,-0.31
citation,Citation,-0.002984512422042233,3.204816324991505,0.594180038257038,-0.04428571428571432
citation,Citation,-0.004628490421341377,3.4171305890594232,0.6405711672190402,0.31
citation,Citation,0.003738458763575037,3.2582948359779142,0.6058652093441428,-0.155
citation,Citation,0.0004998789842541683,3.1258673464386506,0.5769295145508578,-0.31
citation,Citation,-0.0016282963430966793,3.1141818422207552,0.5743762064368774,0.17222222222222222
citation,Citation,-0.007909086907227605,4.8428108791355475,0.9520854146760488,0.0
citation,Citation,-0.003964201601682288,4.754702089572643,0.9328334523208909,0.31
citation,Citation,-0.0063237220423038665,4.806242323962745,0.9440951057515722,-0.31
citation,Citation,-0.0031988889453601543,4.948185731633929,0.975110049375301,-0.31
citation,Citation,-0.009370734395385423,5.000101550766748,0.9864537688900111,0.0
citation,Citation,-0.0031942651236741516,4.762320069025914,0.9344979974177456,-0.22142857142857142
citation,Citation,-0.00608335510273278,4.919003644091411,0.9687336997102954,0.0
citation,Citation,-0.001778599304752748,4.643321990659954,0.9084966582051353,-0.10333333333333333
citation,Citation,-0.0025663247462013434,4.671065571442089,0.9145586910109952,-0.186
citation,Citation,-0.0003936148489727493,3.974569911518664,0.762372872866218,0.10333333333333333
citation,Citation,-0.006457614737554258,5.062097414057053,1.0,0.31
citation,Citation,0.0016984673689376876,4.473266104632126,0.8713390768523307,-0.31
citation,Citation,-0.0016868389406156582,4.498310456073777,0.8768113221703733,0.034444444444444444
citation,Citation,0.0032949637444892807,3.108920261953877,0.5732265396927411,0.31
citation,Citation,0.006010255240843033,2.5706420023194054,0.4556115679913735,0.31
citation,Citation,-0.0016732088302540747,1.9964807923973316,0.33015609352568503,0.10333333333333333
citation,Citation,0.003869843500540308,3.3391111461580265,0.6235237490765435,0.15499999999999997
citation,Citation,-0.0025788470997762337,1.7982386503008607,0.2868397538530997,-0.31
citation,Citation,0.004675095381419721,2.6992215027811035,0.4837064687931411,0.062
citation,Citation,-0.002351796255428238,3.2887311485921464,0.6125156099180908,0.186
citation,Citation,0.0012051186246159072,3.358474675250324,0.6277547223426303,-0.186
citation,Citation,0.001626432150953104,3.2659639109969647,0.6075409189333686,0.31
citation,Citation,0.001314723861167721,2.7174659642112107,0.4876929233385391,-0.062
citation,Citation,0.003760925475511388,3.3074431497935537,0.6166042229214731,0.0
citation,Citation,0.0019018197686324477,2.2619169081904396,0.38815446274967597,-0.034444444444444444
citation,Citation,0.0031921286325544093,3.1675754244188346,0.58604282039882,0.10333333333333333
citation,Citation,-0.0038569393801894587,4.808897148069971,0.9446751905992411,-0.31
citation,Citation,0.002821566027002299,3.6225009157812855,0.6854450307521784,0.31
citation,Citation,-0.0010034482335090906,2.6828150520113936,0.4801216235788654,-0.10333333333333333
citation,Citation,-0.0009537480188951348,1.3019094776540792,0.17839074899257348,0.0
citation,Citation,0.004990116738922525,2.3484687281935077,0.4070662238660835,-0.31
citation,Citation,0.0022973889489703208,2.7586725198503834,0.4966966454630463,0.31
citation,Citation,0.0029864604403363844,2.3833449771832864,0.4146867602049804,-0.10333333333333333
citation,Citation,0.0009886091087901656,1.5926454798589988,0.241917198481953,0.31
citation,Citation,-0.0006731093862219638,1.9526443848278197,0.32057774302852976,-0.20666666666666667
citation,Citation,-0.003064449902571584,1.058526626149315,0.12521106603125592,-0.13285714285714287
citation,Citation,0.0018330151029852082,2.301984159758396,0.3969092444540622,-0.17222222222222222
citation,Citation,-0.004679437264090618,3.9168313852159167,0.7497568791573364,0.15499999999999997
citation,Citation,0.0009332670594280305,2.857931993929748,0.51838505666298,0.15499999999999997
citation,Citation,-0.00017792220343453436,2.0062180140577923,0.33228369765895016,0.31
citation,Citation,-0.01035477263395693,0.9898483500213768,0.11020471316690025,0.0
citation,Citation,0.00896973225533689,2.4828434171461002,0.4364273859707384,0.0
citation,Citation,0.006045850019950336,2.3214414977300533,0.4011607151645354,-0.31
citation,Citation,0.007180836383742062,2.5210229644205193,0.44476970017696543,0.10333333333333333
citation,Citation,0.00025004946356436486,2.5465474292860044,0.45034685132344715,0.10333333333333333
citation,Citation,-0.0037624163994774092,1.7754532534671656,0.28186109503522483,0.0
citation,Citation,0.004134650058666085,2.5008310567303362,0.4403577243836458,0.31
citation,Citation,-0.006926920153976554,3.7828537787111878,0.720482480432091,-0.31
citation,Citation,0.0074983071892828134,2.7386720687971575,0.4923265033617525,-0.31
citation,Citation,-0.0017504804242085123,1.9867814549240952,0.32803676716981217,-0.034444444444444444
citation,Citation,-0.009698853890064205,1.1836799164851417,0.15255733246077352,0.0
citation,Citation,-0.004767599845759298,1.583191634218175,0.23985151262596163,0.0
citation,Citation,-0.001881391716658166,1.4243156323990744,0.20513676031426845,-0.2411111111111111
citation,Citation,-0.002822436060524268,1.3938594665017479,0.19848202175473845,0.13285714285714284
citation,Citation,-0.004844198155606808,1.5185650839804703,0.22573047069027896,-0.31
citation,Citation,-0.000486343355854919,2.7308538583712623,0.49061820736142464,-0.10333333333333333
citation,Citation,-0.0018646951956962456,2.583368379610528,0.45839230913810447,-0.17222222222222222
citation,Citation,0.0011369858128497815,1.2309350994983674,0.16288269283594026,-0.31
citation,Citation,0.0005837884536383314,0.4854839791518689,0.0,-0.155
citation,Citation,0.004712459927288265,4.362702899131321,0.8471807757256603,0.186
citation,Citation,0.0002826460505666846,4.421809383562131,0.860095671263923,0.31
citation,Citation,0.004627929827799954,4.149008071281279,0.800487990571419,-0.062
citation,Citation,-0.003609401580412357,3.8545953973981772,0.7361581803152899,0.31
citation,Citation,-0.006007936956452769,4.924690340073418,0.9699762551637745,0.31
citation,Citation,-0.0015704062742672273,2.66839894355805,0.47697167249420663,0.31
citation,Citation,0.004740127299642191,4.177456998600027,0.806704143131251,0.31
citation,Citation,0.0025416028670296946,3.273753901771455,0.609243048878423,0.0
citation,Citation,0.00281845938751786,3.299246102841534,0.6148131503153619,0.2066666666666666
citation,Citation,-0.0008379913184918016,2.9157901004585494,0.5310271789116117,0.31
citation,Citation,-0.004771106628847123,2.978022639169503,0.5446251241163158,-0.155
citation,Citation,0.005037775109347825,3.7307596086472,0.7090997908506043,0.31
citation,Citation,0.001808881085279096,2.8797153501562605,0.5231447674264834,-0.2411111111111111
citation,Citation,0.0037271837690889416,3.1992153859442465,0.5929562208805166,-0.31
citation,Citation,0.007207788066360938,2.2993027929644145,0.39632335997154705,0.31
citation,Citation,0.0021292374683423063,2.3305452188008453,0.40314989803966295,0.10333333333333333
citation,Citation,0.002929515892868369,2.087411362069249,0.35002462097840875,-0.31
citation,Citation,0.00016192186154146153,1.8348984538400956,0.2948500007443131,-0.10333333333333333
citation,Citation,-0.0004602841532671454,2.804435387951839,0.506695931780835,0.0
citation,Citation,-0.004218024004670638,1.327936712621399,0.1840777565009669,0.0
citation,Citation,0.004312881747557887,2.3248368224039053,0.4019026009982736,-0.186
citation,Citation,-0.01317953634874863,1.1295587239638767,0.14073173405901857,-0.31
citation,Citation,-0.001209752962391478,1.6526899186249298,0.2550370390846092,-0.20666666666666667
citation,Citation,-0.009594592231752703,0.9016271088020034,0.09092817987996749,0.31
citation,Citation,-0.0024114467198453875,1.0369914786275436,0.12050558941015313,-0.062
citation,Citation,-0.0027361113597762264,1.2844462081588799,0.17457498658581014,0.31
citation,Citation,-0.005723847878908289,1.0458840795342113,0.1224486420697562,-0.31
citation,Citation,-0.010839969696950771,1.1082841750673453,0.13608319880492142,-0.31
psychology_share,Psychology Journals,0.0031822977383533313,0.3594306049822064,0.3594306049822064,0.31
psychology_share,Psychology Journals,0.0029397151850599343,0.40804597701149425,0.40804597701149425,-0.020666666666666667
psychology_share,Psychology Journals,0.006836292198263293,0.45,0.45,0.10333333333333333
psychology_share,Psychology Journals,0.0008870450109472572,0.23121387283236994,0.23121387283236994,0.24800000000000005
psychology_share,Psychology Journals,0.0026375847591143553,0.7,0.7,-0.31
psychology_share,Psychology Journals,-0.0006207852828633966,0.10204081632653061,0.10204081632653061,0.0
psychology_share,Psychology Journals,-0.014851952388792559,0.0,0.0,0.31
psychology_share,Psychology Journals,-0.0030631290346382093,1.0,1.0,0.0
psychology_share,Psychology Journals,0.0028967723534675796,0.3816793893129771,0.3816793893129771,-0.062
psychology_share,Psychology Journals,0.003485435544593528,0.362962962962963,0.362962962962963,-0.155
psychology_share,Psychology Journals,0.003080715311976867,0.391304347826087,0.391304347826087,0.14466666666666667
psychology_share,Psychology Journals,-0.0003634542373335273,0.8846153846153846,0.8846153846153846,-0.10333333333333333
psychology_share,Psychology Journals,0.00644925765094108,0.4375,0.4375,-0.31
psychology_share,Psychology Journals,0.009179090870335575,0.5909090909090909,0.5909090909090909,-0.31
psychology_share,Psychology Journals,0.002296866956474008,0.2828282828282828,0.2828282828282828,0.11923076923076925
psychology_share,Psychology Journals,0.0019856859564453396,0.44549763033175355,0.44549763033175355,-0.2146153846153846
psychology_share,Psychology Journals,0.004587204109816255,0.35973597359735976,0.35973597359735976,0.10333333333333333
psychology_share,Psychology Journals,0.007770409260378984,0.43243243243243246,0.43243243243243246,0.31
psychology_share,Psychology Journals,-0.000466775921812423,0.1875,0.1875,-0.31
psychology_share,Psychology Journals,0.012228255863233995,0.5,0.5,-0.31
psychology_share,Psychology Journals,-0.001704138334611194,0.045454545454545456,0.045454545454545456,0.2066666666666666
psychology_share,Psychology Journals,-0.011517500837233007,0.0,0.0,-0.10333333333333333
psychology_share,Psychology Journals,-0.0024957570350506914,1.0,1.0,-0.31
psychology_share,Psychology Journals,0.0052009614185538075,0.34513274336283184,0.34513274336283184,0.0
psychology_share,Psychology Journals,0.002254702323740617,0.3008130081300813,0.3008130081300813,0.07153846153846155
psychology_share,Psychology Journals,0.010740757383943207,0.4583333333333333,0.4583333333333333,0.31
psychology_share,Psychology Journals,0.0033115248310482803,0.7692307692307693,0.7692307692307693,-0.31
psychology_share,Psychology Journals,0.0010812254327596895,0.35294117647058826,0.35294117647058826,-0.23705882352941177
psychology_share,Psychology Journals,0.0014733569725470397,0.3333333333333333,0.3333333333333333,0.05470588235294116
psychology_share,Psychology Journals,0.006839285059153645,0.35135135135135137,0.35135135135135137,0.31
psychology_share,Psychology Journals,0.0031763040705622535,0.4117647058823529,0.4117647058823529,0.26866666666666666
psychology_share,Psychology Journals,0.0030628049194845347,0.4096774193548387,0.4096774193548387,0.062
psychology_share,Psychology Journals,-7.100332154457281e-05,0.3125,0.3125,0.31
psychology_share,Psychology Journals,-0.0019787596079487695,0.20833333333333334,0.20833333333333334,-0.31
psychology_share,Psychology Journals,0.0030874119241391823,0.5833333333333334,0.5833333333333334,0.186
psychology_share,Psychology Journals,0.0012081175038425312,0.09230769230769231,0.09230769230769231,-0.16411764705882353
psychology_share,Psychology Journals,-0.011291555546449382,0.0,0.0,0.31
psychology_share,Psychology Journals,-0.0017643586694934706,1.0,1.0,0.0
psychology_share,Psychology Journals,0.000520472848256905,0.3879781420765027,0.3879781420765027,0.062
psychology_share,Psychology Journals,0.002350604298940884,0.3804347826086957,0.3804347826086957,0.2146153846153846
psychology_share,Psychology Journals,0.009197992501610339,0.6,0.6,0.31
psychology_share,Psychology Journals,-0.0017569643185790706,0.8333333333333334,0.8333333333333334,0.10333333333333333
psychology_share,Psychology Journals,0.0037873012791085248,0.5416666666666666,0.5416666666666666,0.31
psychology_share,Psychology Journals,0.004697451483643533,0.34591194968553457,0.34591194968553457,0.31
psychology_share,Psychology Journals,0.0035135605718522437,0.42528735632183906,0.42528735632183906,0.0
psychology_share,Psychology Journals,0.007533483312343718,0.5625,0.5625,-0.31
psychology_share,Psychology Journals,0.0014778075954133215,0.33509234828496043,0.33509234828496043,0.09117647058823525
psychology_share,Psychology Journals,0.00038816285730497094,0.2558139534883721,0.2558139534883721,-0.124
psychology_share,Psychology Journals,0.00041836181110247784,0.056,0.056,-0.062
psychology_share,Psychology Journals,0.0010550595488758583,0.8571428571428571,0.8571428571428571,-0.31
psychology_share,Psychology Journals,-0.0034605175515148084,0.01904761904761905,0.01904761904761905,-0.31
psychology_share,Psychology Journals,-0.00011542083152634678,1.0,1.0,0.2066666666666666
psychology_share,Psychology Journals,0.0021995403880754973,0.34065934065934067,0.34065934065934067,-0.02384615384615385
psychology_share,Psychology Journals,0.001969387672139092,0.32786885245901637,0.32786885245901637,-0.2623076923076923
psychology_share,Psychology Journals,0.0020695782625993267,0.34375,0.34375,-0.11923076923076922
psychology_share,Psychology Journals,0.0058773008587236115,0.6666666666666666,0.6666666666666666,-0.31
psychology_share,Psychology Journals,0.0016754133080565754,0.326271186440678,0.326271186440678,0.2370588235294117
psychology_share,Psychology Journals,0.0027287304867718064,0.3652173913043478,0.3652173913043478,-0.22733333333333333
psychology_share,Psychology Journals,0.0012738394249684377,0.2962962962962963,0.2962962962962963,-0.0911764705882353
psychology_share,Psychology Journals,0.004118516964330456,0.3484848484848485,0.3484848484848485,-0.31
psychology_share,Psychology Journals,0.0003010078307859393,0.17615658362989323,0.17615658362989323,-0.31
psychology_share,Psychology Journals,0.0017096992051310268,0.6376811594202898,0.6376811594202898,0.27352941176470585
psychology_share,Psychology Journals,0.003064198963959008,0.057034220532319393,0.057034220532319393,0.10333333333333333
psychology_share,Psychology Journals,-0.007421364191131344,0.0,0.0,0.31
psychology_share,Psychology Journals,-0.002364835767586946,1.0,1.0,0.31
psychology_share,Psychology Journals,0.000482992535445976,0.36142857142857143,0.36142857142857143,0.0
psychology_share,Psychology Journals,-0.0003456402472905298,0.26744186046511625,0.26744186046511625,0.0
psychology_share,Psychology Journals,0.00036703013297312845,0.12418300653594772,0.12418300653594772,-0.248
psychology_share,Psychology Journals,0.012436398964370172,0.48148148148148145,0.48148148148148145,0.31
psychology_share,Psychology Journals,0.0027581351470367535,0.055776892430278883,0.055776892430278883,-0.14466666666666667
psychology_share,Psychology Journals,-0.011565346873867484,0.0,0.0,-0.31
psychology_share,Psychology Journals,-0.00024649367196317214,1.0,1.0,0.10333333333333333
psychology_share,Psychology Journals,0.0022052354889970874,0.34,0.34,0.02384615384615385
psychology_share,Psychology Journals,0.0024356672475918653,0.3253588516746411,0.3253588516746411,0.31
psychology_share,Psychology Journals,0.0007740330196319825,0.38513513513513514,0.38513513513513514,0.186
psychology_share,Psychology Journals,0.0030428211689176024,0.4195804195804196,0.4195804195804196,0.020666666666666667
psychology_share,Psychology Journals,0.00457068276559084,0.34306569343065696,0.34306569343065696,-0.10333333333333333
psychology_share,Psychology Journals,0.001300531464495679,0.3076923076923077,0.3076923076923077,-0.054705882352941215
psychology_share,Psychology Journals,-0.0005506121628490744,0.17301038062283736,0.17301038062283736,0.31
psychology_share,Psychology Journals,0.00621176018825775,0.3333333333333333,0.3333333333333333,0.31
psychology_share,Psychology Journals,0.0035421589288487727,0.3333333333333333,0.3333333333333333,0.15499999999999997
psychology_share,Psychology Journals,-0.013249387056897871,0.0,0.0,0.0
psychology_share,Psychology Journals,-0.004423499441794047,1.0,1.0,-0.31
psychology_share,Psychology Journals,0.0017612450164185478,0.42105263157894735,0.42105263157894735,0.31
psychology_share,Psychology Journals,0.0014502168280136863,0.3333333333333333,0.3333333333333333,0.018235294117647072
psychology_share,Psychology Journals,0.00037634895574740264,0.2396694214876033,0.2396694214876033,-0.186
psychology_share,Psychology Journals,0.0020597334330287468,0.42,0.42,-0.16692307692307692
psychology_share,Psychology Journals,0.008022041818804039,0.4370860927152318,0.4370860927152318,0.0
psychology_share,Psychology Journals,0.010391811431275617,0.7222222222222222,0.7222222222222222,-0.31
psychology_share,Psychology Journals,0.0013054580497944375,0.0273972602739726,0.0273972602739726,-0.018235294117647072
psychology_share,Psychology Journals,-0.00876248499493499,0.0,0.0,0.31
psychology_share,Psychology Journals,-0.014998925670122063,0.0,0.0,-0.31
psychology_share,Psychology Journals,-0.0018735762414552736,1.0,1.0,-0.20666666666666667
psychology_share,Psychology Journals,0.0011157932507668182,0.3902439024390244,0.3902439024390244,-0.20058823529411765
psychology_share,Psychology Journals,0.011241677543280208,0.5789473684210527,0.5789473684210527,0.0
psychology_share,Psychology Journals,0.0028710945892366584,0.39473684210526316,0.39473684210526316,-0.10333333333333333
psychology_share,Psychology Journals,0.0015055427072612215,0.38235294117647056,0.38235294117647056,0.1276470588235294
psychology_share,Psychology Journals,-0.004235207411788725,0.8333333333333334,0.8333333333333334,-0.31
psychology_share,Psychology Journals,0.002310538213113072,0.7777777777777778,0.7777777777777778,0.16692307692307695
psychology_share,Psychology Journals,-0.007943015718016538,1.0,1.0,-0.31
psychology_share,Psychology Journals,-0.008821705143595746,1.0,1.0,-0.31
psychology_share,Psychology Journals,0.00852342981605149,0.5,0.5,0.31
psychology_share,Psychology Journals,-0.004354147680021525,0.8461538461538461,0.8461538461538461,0.31
psychology_share,Psychology Journals,-0.0029985010942801395,1.0,1.0,0.31
psychology_share,Psychology Journals,0.0010571067596449725,0.8823529411764706,0.8823529411764706,-0.2735294117647059
psychology_share,Psychology Journals,0.002691527211858812,0.3652694610778443,0.3652694610778443,-0.26866666666666666
psychology_share,Psychology Journals,0.0015127904838540237,0.3142857142857143,0.3142857142857143,0.16411764705882353
psychology_share,Psychology Journals,0.0021461676847002718,0.1276595744680851,0.1276595744680851,-0.07153846153846152
psychology_share,Psychology Journals,0.002426836361868074,0.7777777777777778,0.7777777777777778,0.2623076923076923
psychology_share,Psychology Journals,-0.003756649578670389,0.015625,0.015625,0.31
psychology_share,Psychology Journals,-0.011316511939568315,0.0,0.0,0.10333333333333333
psychology_share,Psychology Journals,-0.0004289940486083368,1.0,1.0,-0.20666666666666667
psychology_share,Psychology Journals,0.0031605745126768382,0.3626943005181347,0.3626943005181347,0.22733333333333333
psychology_share,Psychology Journals,0.0027346177955240736,0.3125,0.3125,-0.186
psychology_share,Psychology Journals,-0.0014659802377763951,0.1895424836601307,0.1895424836601307,0.31
psychology_share,Psychology Journals,-0.006897118254005739,1.0,1.0,0.0
psychology_share,Psychology Journals,0.0012585747595008341,0.033707865168539325,0.033707865168539325,-0.12764705882352942
psychology_share,Psychology Journals,-0.009954756043518078,0.0,0.0,0.0
psychology_share,Psychology Journals,-0.0009479827652888531,1.0,1.0,-0.155
psychology_share,Psychology Journals,0.006122001174505742,0.345679012345679,0.345679012345679,0.0
psychology_share,Psychology Journals,0.0015996592001319687,0.3333333333333333,0.3333333333333333,0.20058823529411757
psychology_share,Psychology Journals,0.0007697339432011793,0.15862068965517243,0.15862068965517243,0.124
psychology_share,Psychology Journals,0.008014771294916293,0.5454545454545454,0.5454545454545454,-0.31
psychology_share,Psychology Journals,-0.001092365051914438,0.03389830508474576,0.03389830508474576,-0.31
psychology_share,Psychology Journals,-0.013966799101028618,0.0,0.0,0.31
psychology_share,Psychology Journals,-0.003856870309560367,1.0,1.0,0.0
psychology_share,Psychology Journals,0.0018219520011849425,0.44256756756756754,0.44256756756756754,-0.31
psychology_share,Psychology Journals,0.006827939095024763,0.48,0.48,-0.10333333333333333
psychology_share,Psychology Journals,0.0008903872066757966,0.23577235772357724,0.23577235772357724,0.31
psychology_share,Psychology Journals,0.010633353713120837,0.5,0.5,0.0
psychology_share,Psychology Journals,-0.0005736340435423841,0.17647058823529413,0.17647058823529413,0.15499999999999997
psychology_share,Psychology Journals,-0.013977064298322761,0.0,0.0,-0.31
psychology_share,Psychology Journals,-0.0017912412902327099,1.0,1.0,-0.10333333333333333
journal_impact,Journal Impact Factor,0.0025288624386719557,1.4256792546090316,0.46718493876659084,-0.124
journal_impact,Journal Impact Factor,0.0005567116662269185,1.2338869458078827,0.37812973900422014,-0.062
journal_impact,Journal Impact Factor,-0.003265957618263304,1.7044945230014599,0.5966476350482782,0.23249999999999998
journal_impact,Journal Impact Factor,0.000623085047022788,1.074936618176606,0.3043241037940306,0.0
journal_impact,Journal Impact Factor,0.004426651023564932,0.8998111647543915,0.22300784906266435,0.31
journal_impact,Journal Impact Factor,0.001663202250703463,1.625520312196046,0.5599774256779763,-0.11624999999999999
journal_impact,Journal Impact Factor,-0.0006702239252568292,1.409377555534585,0.4596155472898656,-0.10333333333333333
journal_impact,Journal Impact Factor,-0.0006924591243609981,1.217424415711125,0.3704856686266074,-0.17222222222222222
journal_impact,Journal Impact Factor,0.0035362433873720274,1.5858257269907035,0.5415459815963926,-0.22142857142857142
journal_impact,Journal Impact Factor,-0.00025338741572483454,1.1322013434365479,0.3309139163847368,0.0
journal_impact,Journal Impact Factor,0.007106097655180429,0.938057494650037,0.24076682266449753,0.10333333333333333
journal_impact,Journal Impact Factor,0.0015992895056645014,0.5120304357479415,0.042949063068946254,-0.155
journal_impact,Journal Impact Factor,0.0021447616715034807,0.9889277503233629,0.2643874819561478,0.23249999999999998
journal_impact,Journal Impact Factor,0.0015203868462734659,1.1395015219543905,0.334303618819997,-0.23249999999999998
journal_impact,Journal Impact Factor,0.001093371127245215,1.1923852374706339,0.35885919082866574,0.27899999999999997
journal_impact,Journal Impact Factor,-0.000735160252271687,1.2764982771337843,0.39791552002478836,-0.2411111111111111
journal_impact,Journal Impact Factor,0.00387821750738457,1.2484846101483573,0.38490789357168426,0.04428571428571426
journal_impact,Journal Impact Factor,0.0033888093098923626,1.3692465670762817,0.440981467455512,0.31
journal_impact,Journal Impact Factor,0.001587682721737855,1.0876152362022677,0.31021118481434795,-0.19375
journal_impact,Journal Impact Factor,0.0021993418353769088,1.0825906570866184,0.30787811473628807,0.31
journal_impact,Journal Impact Factor,-0.0008469499748077278,1.5478692093628617,0.5239215769434613,-0.31
journal_impact,Journal Impact Factor,0.0019341914372927988,1.4924793929599798,0.49820234349039305,0.07750000000000001
journal_impact,Journal Impact Factor,0.0010634556265612678,1.2155251114188443,0.3696037619212977,0.24800000000000005
journal_impact,Journal Impact Factor,0.0028468274734277195,1.582644608431177,0.5400688882209739,0.186
journal_impact,Journal Impact Factor,-0.00019604197614742647,1.1651114835479153,0.3461951292766683,0.06888888888888889
journal_impact,Journal Impact Factor,0.02495835825794573,0.8882123127010072,0.21762213733582303,0.0
journal_impact,Journal Impact Factor,0.0035111207668543252,0.4949046509623401,0.03499702268368568,-0.31
journal_impact,Journal Impact Factor,-0.0013661328637306635,1.0632175403972803,0.29888256748221387,-0.04428571428571432
journal_impact,Journal Impact Factor,-0.0028431144808521926,1.1759475360704763,0.351226649195607,-0.31
journal_impact,Journal Impact Factor,0.0046084391383708935,1.2284495687985224,0.3756049938839455,-0.10333333333333333
journal_impact,Journal Impact Factor,0.00020995154129994575,1.4619502469037955,0.4840267010071123,-0.31
journal_impact,Journal Impact Factor,0.002703555705581757,1.4177104834120684,0.46348478772694746,0.124
journal_impact,Journal Impact Factor,-0.01321837760443546,1.8270034841487344,0.6535323979245761,0.31
journal_impact,Journal Impact Factor,-0.002299418438533822,1.218569018398669,0.37101714364573074,-0.04428571428571432
journal_impact,Journal Impact Factor,-0.0009689775019158937,1.350279074693854,0.43217426432173217,0.31
journal_impact,Journal Impact Factor,-0.004703341798524955,1.7455490891196896,0.615710561031442,0.10333333333333333
journal_impact,Journal Impact Factor,-0.0012784944425587137,1.2876512516800065,0.4030941968047224,0.08857142857142852
journal_impact,Journal Impact Factor,0.001148268183962393,1.4253273638365533,0.4670215448159498,0.31
journal_impact,Journal Impact Factor,-0.004002005543122763,1.6571836640077617,0.5746797155579221,-0.31
journal_impact,Journal Impact Factor,-0.002101277397233304,1.1213202071868404,0.3258614626736552,0.22142857142857136
journal_impact,Journal Impact Factor,0.00671364252574721,0.9709743200336741,0.25605113973855803,-0.10333333333333333
journal_impact,Journal Impact Factor,0.0004914096508058476,0.5198300581069055,0.04657067298433007,-0.093
journal_impact,Journal Impact Factor,-0.00011203722536654059,1.326127289477694,0.42095983100849127,0.2066666666666666
journal_impact,Journal Impact Factor,0.004837923814764219,1.3259273992427143,0.42086701568697005,0.10333333333333333
journal_impact,Journal Impact Factor,0.000752612156744959,1.5362399213255455,0.5185217328322403,0.124
journal_impact,Journal Impact Factor,-0.005976292243578375,1.9502494070814564,0.7107593553311473,0.31
journal_impact,Journal Impact Factor,-0.005976308331577879,1.7510674616831239,0.6182729149343263,-0.31
journal_impact,Journal Impact Factor,-0.0006856566599589686,1.6579965207095746,0.5750571504843308,-0.13777777777777778
journal_impact,Journal Impact Factor,0.0010125909141909884,1.4328618187783417,0.4705200291615198,0.21700000000000003
journal_impact,Journal Impact Factor,-0.0002444709720843507,1.7208535963167275,0.6042436671891129,0.034444444444444444
journal_impact,Journal Impact Factor,-0.003279993819788935,2.510917086521145,0.971094988730161,0.15499999999999997
journal_impact,Journal Impact Factor,0.0019763363271444825,1.523256593952991,0.5124931656807709,0.11625000000000002
journal_impact,Journal Impact Factor,-0.005034505961245355,1.9986851954249492,0.7332496148912941,-0.31
journal_impact,Journal Impact Factor,-0.002148166245289646,1.169943417361016,0.348438748083147,0.13285714285714284
journal_impact,Journal Impact Factor,0.007524888489852197,0.8559389874097981,0.20263661758912407,0.31
journal_impact,Journal Impact Factor,0.002641230971911087,0.5820796513087486,0.07547511650643259,0.0
journal_impact,Journal Impact Factor,-0.004752608072772537,1.7635002428341873,0.624045846163585,-0.10333333333333333
journal_impact,Journal Impact Factor,-0.001598720599055916,1.6961927439866709,0.5927928580076013,-0.17714285714285716
journal_impact,Journal Impact Factor,-0.007332066960414784,1.9162672105106373,0.6949803529149654,-0.31
journal_impact,Journal Impact Factor,0.0014499240198956628,1.623269040925112,0.5589320896371022,-0.31
journal_impact,Journal Impact Factor,0.00012412469047495722,1.1894902175276714,0.3575149420371051,0.31
journal_impact,Journal Impact Factor,0.0003703704750790455,1.1144271326798185,0.3226607914317432,-0.217
journal_impact,Journal Impact Factor,-0.0037371800656258165,1.980436376400722,0.724776114395949,-0.07750000000000001
journal_impact,Journal Impact Factor,0.0006803477359250779,1.3775975255393311,0.4448590800604324,0.062
journal_impact,Journal Impact Factor,0.002128936901784172,1.3464754178285503,0.4304081068356239,0.19375000000000003
journal_impact,Journal Impact Factor,-0.013830885580126575,1.7649823997899097,0.6247340582436007,-0.31
journal_impact,Journal Impact Factor,-0.01010095323812687,1.8330186554295032,0.6563254310934356,0.0
journal_impact,Journal Impact Factor,-0.0012994131457409277,1.6939191729911154,0.5917371675033848,0.04428571428571426
journal_impact,Journal Impact Factor,-0.000999307765349621,1.7030512865550147,0.5959774949845504,0.2657142857142856
journal_impact,Journal Impact Factor,-0.0039687635620709,1.9908194230865566,0.729597289460418,-0.23249999999999998
journal_impact,Journal Impact Factor,0.00037912217573121714,1.6340389502653996,0.5639328971966814,-0.186
journal_impact,Journal Impact Factor,-0.000537293693874042,1.649117604742154,0.5709343906088463,-0.06888888888888889
journal_impact,Journal Impact Factor,-0.003229430536927609,1.9779878789001843,0.7236392000150178,0.31
journal_impact,Journal Impact Factor,-9.151789957735492e-05,1.658961847100357,0.5755053818816398,0.2411111111111111
journal_impact,Journal Impact Factor,-0.008689059047787634,1.6988297730967532,0.5940173135430996,0.0
journal_impact,Journal Impact Factor,0.002334310223956969,1.6904914098643746,0.5901455492998285,-0.31
journal_impact,Journal Impact Factor,-0.00012560749984393346,1.1452163050134765,0.3369571722920144,0.17222222222222222
journal_impact,Journal Impact Factor,0.0017104185407262476,1.236980406154668,0.3795661299151068,-0.07750000000000001
journal_impact,Journal Impact Factor,-0.001322180954107403,1.1195516974175208,0.32504028797810597,0.0
journal_impact,Journal Impact Factor,0.00040292458519147745,1.1530536218066785,0.34059628491849214,-0.155
journal_impact,Journal Impact Factor,-0.0014707488354036421,1.1117214703525724,0.3214044673353883,-0.08857142857142858
journal_impact,Journal Impact Factor,0.0006319716553987344,0.9812264166147897,0.26081151055176394,0.030999999999999972
journal_impact,Journal Impact Factor,-0.0016440149072400182,1.184671408100377,0.35527741729564416,-0.22142857142857142
journal_impact,Journal Impact Factor,-0.002837235159945011,1.1494008695316718,0.33890019717875675,-0.22142857142857142
journal_impact,Journal Impact Factor,-0.0037123828514401525,1.1531806666455093,0.3406552758320047,0.07750000000000001
journal_impact,Journal Impact Factor,0.00022889109483857534,1.1299272180408448,0.329857968455099,-0.279
journal_impact,Journal Impact Factor,-0.002256204351794337,1.1514564589560154,0.33985467198516905,0.04428571428571426
journal_impact,Journal Impact Factor,0.021424430631631682,0.9102598765662612,0.2278595145099491,0.0
journal_impact,Journal Impact Factor,0.003922258493626443,1.1791044662947734,0.3526925111663919,0.13285714285714284
journal_impact,Journal Impact Factor,0.016683063839666664,0.7652229611081661,0.16051431407007952,0.0
journal_impact,Journal Impact Factor,-0.0012138438867883396,1.0873117714428826,0.31007027658431097,0.13285714285714284
journal_impact,Journal Impact Factor,-0.0017909248451108218,1.3233173494195447,0.41965508748273167,-0.26571428571428574
journal_impact,Journal Impact Factor,0.005160356325180135,1.007424223807531,0.2729759762045789,0.31
journal_impact,Journal Impact Factor,0.006683608771164333,0.8551716841899172,0.2022803345767763,-0.31
journal_impact,Journal Impact Factor,0.023785714205409682,0.8908952193505921,0.21886789525550215,0.0
journal_impact,Journal Impact Factor,0.005666274774536229,0.9628486836457849,0.25227815125824243,0.0
journal_impact,Journal Impact Factor,0.002150131366735457,0.9395568822310736,0.24146303546565254,0.27125000000000005
journal_impact,Journal Impact Factor,-0.00015788985989834177,0.5127452311359288,0.04328096504387077,0.13777777777777778
journal_impact,Journal Impact Factor,0.002345678935371419,0.4674377687651829,0.02224328560107183,-0.248
journal_impact,Journal Impact Factor,0.0009377473484562848,0.5116484682190107,0.04277170353453999,0.15499999999999997
journal_impact,Journal Impact Factor,-0.0010987350988336448,0.562057190026497,0.06617805813964489,0.22142857142857136
journal_impact,Journal Impact Factor,0.0037027944562687985,0.419533871944601,0.0,-0.13285714285714287
journal_impact,Journal Impact Factor,0.0005646431784331948,0.546381394982267,0.05889929358529941,-0.030999999999999972
journal_impact,Journal Impact Factor,0.0043690315867667105,0.48854990819796107,0.03204631579737876,0.22142857142857136
journal_impact,Journal Impact Factor,0.0007162812168273021,0.5451201707187465,0.05831366750135973,0.09300000000000003
journal_impact,Journal Impact Factor,0.0026286267676222767,1.6018504939101916,0.548986784765617,-0.062
journal_impact,Journal Impact Factor,0.002382326492690336,1.50992450625617,0.5063026581442,-0.186
journal_impact,Journal Impact Factor,0.0014552241888036155,1.3098749164224466,0.41341334315350503,-0.27125
journal_impact,Journal Impact Factor,-0.001122534326338778,1.3221281130248608,0.4191028876299051,0.1771428571428571
journal_impact,Journal Impact Factor,-0.002035122296177428,2.573167902443834,1.0,0.31
journal_impact,Journal Impact Factor,-0.004646291816981461,1.1539720388989536,0.34102273485347123,0.31
journal_impact,Journal Impact Factor,0.0026981218991498,1.3790413021388213,0.44552947093420375,0.062
journal_impact,Journal Impact Factor,0.0037949833959167504,1.388081814202285,0.4497272649583668,-0.04428571428571432
journal_impact,Journal Impact Factor,0.0029103931169511097,1.5749599809208525,0.5365006740297527,0.24800000000000005
journal_impact,Journal Impact Factor,-0.0024215610054959154,1.1943367195964811,0.359765325342799,-0.13285714285714287
journal_impact,Journal Impact Factor,9.22050061770824e-05,1.0027948047413546,0.27082639136304326,0.2755555555555556
journal_impact,Journal Impact Factor,-0.000753610575214025,1.7226908680876674,0.6050967702441913,-0.27555555555555555
journal_impact,Journal Impact Factor,0.0019265239879450492,1.3906381319547954,0.4509142436726276,0.03875000000000001
journal_impact,Journal Impact Factor,0.0019858385774488177,1.316753478284729,0.41660727571812367,0.15499999999999997
journal_impact,Journal Impact Factor,0.004540296336837783,1.3552736557153977,0.43449340534142805,-0.31
journal_impact,Journal Impact Factor,-0.0037207036454527573,1.6234622172596487,0.5590217874835333,0.0
journal_impact,Journal Impact Factor,0.00042752938125657677,1.1277946486434938,0.3288677494266336,-0.124
journal_impact,Journal Impact Factor,0.0017146393554261258,1.0841347311735925,0.3085950768872883,-0.03875000000000001
journal_impact,Journal Impact Factor,-0.007257016861410027,1.8211525205790484,0.6508156115593784,0.31
journal_impact,Journal Impact Factor,-0.0001875164594345787,1.3767885305579375,0.4444834382522436,0.10333333333333333
journal_impact,Journal Impact Factor,0.0019077204619708263,1.3565026997573233,0.4350640891365948,0.0
journal_impact,Journal Impact Factor,-0.0004966743471922161,1.3540744707628651,0.43393658606036634,-0.034444444444444444
journal_impact,Journal Impact Factor,-0.0037547574385788183,1.8680531916017247,0.6725930678766916,-0.155
journal_impact,Journal Impact Factor,-0.0018917540169902684,1.1227793277996083,0.32653897825527406,-0.31
journal_impact,Journal Impact Factor,0.0009757892164924536,1.1196852844218623,0.3251023166247793,0.186
journal_impact,Journal Impact Factor,-0.0014719902885204296,1.8309845224642145,0.655380919195647,-0.13285714285714287
journal_impact,Journal Impact Factor,0.0003543297289525305,1.4774483224192476,0.4912229447959698,-0.248
journal_impact,Journal Impact Factor,-0.0007256764210866507,1.3396324577152021,0.42723070528250956,-0.20666666666666667
economics_share,Economics Journals,0.0017179826468307366,0.4,0.4,0.186
economics_share,Economics Journals,0.0006331034185677228,0.49712643678160917,0.49712643678160917,-0.31
economics_share,Economics Journals,0.000994771541897577,0.2,0.2,-0.22142857142857142
economics_share,Economics Journals,0.0005698270211340951,1.0,1.0,0.24800000000000005
economics_share,Economics Journals,-0.0048452595348753725,0.5333333333333333,0.5333333333333333,0.0
economics_share,Economics Journals,-0.0005074157223168142,0.0,0.0,0.31
economics_share,Economics Journals,-0.003360890757232038,0.0,0.0,0.15499999999999997
economics_share,Economics Journals,0.00030107216192515535,0.28169014084507044,0.28169014084507044,-0.186
economics_share,Economics Journals,0.0024489391883682045,0.26717557251908397,0.26717557251908397,-0.04428571428571432
economics_share,Economics Journals,-0.0011123805166859291,0.6666666666666666,0.6666666666666666,-0.31
economics_share,Economics Journals,0.0014181215991855827,0.4782608695652174,0.4782608695652174,0.0
economics_share,Economics Journals,0.0010429463401115514,0.8076923076923077,0.8076923076923077,0.04428571428571426
economics_share,Economics Journals,0.0003852917336303533,0.5,0.5,0.0
economics_share,Economics Journals,-0.00011482270139778644,0.5909090909090909,0.5909090909090909,0.0
economics_share,Economics Journals,0.0013641241641312914,0.5151515151515151,0.5151515151515151,-0.23249999999999998
economics_share,Economics Journals,-0.001398414743000048,0.4786729857819905,0.4786729857819905,-0.31
economics_share,Economics Journals,0.003281260721719667,0.4752475247524752,0.4752475247524752,0.31
economics_share,Economics Journals,0.002431626226131522,0.08108108108108109,0.08108108108108109,-0.13285714285714287
economics_share,Economics Journals,0.000143159512099573,1.0,1.0,0.15499999999999997
economics_share,Economics Journals,0.0030989191950890923,0.35,0.35,0.0
economics_share,Economics Journals,-0.0022634122836683234,0.0,0.0,0.0
economics_share,Economics Journals,-0.002611871687496387,0.0,0.0,-0.31
economics_share,Economics Journals,0.0002629010430759373,0.24770642201834864,0.24770642201834864,-0.31
economics_share,Economics Journals,0.0020998267810143404,0.168141592920354,0.168141592920354,-0.186
economics_share,Economics Journals,-0.0017312708773261538,0.7154471544715447,0.7154471544715447,-0.10333333333333333
economics_share,Economics Journals,0.002933989073381022,0.5,0.5,0.31
economics_share,Economics Journals,0.0020637702196742774,0.7692307692307693,0.7692307692307693,-0.31
economics_share,Economics Journals,-0.0021810876124087335,0.5294117647058824,0.5294117647058824,0.31
economics_share,Economics Journals,0.0007552027703413552,0.5111111111111111,0.5111111111111111,0.0
economics_share,Economics Journals,0.0039344574772760465,0.5495495495495496,0.5495495495495496,0.0
economics_share,Economics Journals,0.0015488477836054972,0.27941176470588236,0.27941176470588236,0.31
economics_share,Economics Journals,0.0017036589039551109,0.3870967741935484,0.3870967741935484,0.062
economics_share,Economics Journals,0.0004189119734474568,0.0625,0.0625,0.062
economics_share,Economics Journals,-0.004109485777425655,1.0,1.0,-0.31
economics_share,Economics Journals,0.0005809993953089836,0.3333333333333333,0.3333333333333333,0.31
economics_share,Economics Journals,0.0007545302629700406,0.0,0.0,-0.07750000000000001
economics_share,Economics Journals,-0.0021664113948901137,0.0,0.0,-0.31
economics_share,Economics Journals,0.00032464389346853207,0.1968503937007874,0.1968503937007874,-0.062
economics_share,Economics Journals,-0.0011891748172639922,0.20218579234972678,0.20218579234972678,0.10333333333333333
economics_share,Economics Journals,-0.0035318497594077417,0.7608695652173914,0.7608695652173914,-0.31
economics_share,Economics Journals,0.0013004323616452728,0.28,0.28,-0.31
economics_share,Economics Journals,-0.004414345900315658,0.6666666666666666,0.6666666666666666,-0.31
economics_share,Economics Journals,0.0004495769761858078,0.4166666666666667,0.4166666666666667,0.124
economics_share,Economics Journals,0.004314913839750342,0.44654088050314467,0.44654088050314467,0.0
economics_share,Economics Journals,0.00010899300112251023,0.3103448275862069,0.3103448275862069,0.0
economics_share,Economics Journals,0.002296040564604404,0.125,0.125,0.31
economics_share,Economics Journals,-0.0005158813676328399,0.32981530343007914,0.32981530343007914,0.10333333333333333
economics_share,Economics Journals,0.0009219389356042229,0.046511627906976744,0.046511627906976744,0.31
economics_share,Economics Journals,-3.3858964517198694e-05,1.0,1.0,-0.31
economics_share,Economics Journals,0.0034234268443103853,0.2857142857142857,0.2857142857142857,0.0
economics_share,Economics Journals,-0.00022672096624854062,0.0,0.0,-0.31
economics_share,Economics Journals,0.0012718085004923745,0.05511811023622047,0.05511811023622047,0.31
economics_share,Economics Journals,0.00078430706016024,0.2271062271062271,0.2271062271062271,0.15499999999999997
economics_share,Economics Journals,-0.0025584166516873603,0.6721311475409836,0.6721311475409836,0.31
economics_share,Economics Journals,-0.002306355629202421,0.625,0.625,-0.155
economics_share,Economics Journals,0.000988713607213892,0.3333333333333333,0.3333333333333333,-0.31
economics_share,Economics Journals,0.0006771328588466972,0.4025423728813559,0.4025423728813559,-0.23249999999999998
economics_share,Economics Journals,0.001640228436813613,0.2,0.2,-0.31
economics_share,Economics Journals,0.0005575213053556431,0.2222222222222222,0.2222222222222222,0.186
economics_share,Economics Journals,0.0035818313094757985,0.08333333333333333,0.08333333333333333,0.31
economics_share,Economics Journals,0.00010424162766530683,1.0,1.0,-0.155
economics_share,Economics Journals,-0.0006590372878095838,0.42028985507246375,0.42028985507246375,0.0
economics_share,Economics Journals,0.0024589860864422525,0.0,0.0,0.04428571428571426
economics_share,Economics Journals,-0.0009738268086128092,0.0,0.0,0.10333333333333333
economics_share,Economics Journals,0.00032007223503808233,0.19603960396039605,0.19603960396039605,-0.124
economics_share,Economics Journals,-0.002020641606719801,0.21857142857142858,0.21857142857142858,0.15499999999999997
economics_share,Economics Journals,0.0015310628225344734,0.12790697674418605,0.12790697674418605,0.15499999999999997
economics_share,Economics Journals,-0.0037461795975548763,1.0,1.0,0.062
economics_share,Economics Journals,0.005439357391756557,0.1111111111111111,0.1111111111111111,0.0
economics_share,Economics Journals,0.00234024339383749,0.0,0.0,-0.31
economics_share,Economics Journals,-0.002033504577466083,0.0,0.0,0.0
economics_share,Economics Journals,0.0033698371224197797,0.07509881422924901,0.07509881422924901,-0.31
economics_share,Economics Journals,0.0010090383634450016,0.265,0.265,-0.13285714285714287
economics_share,Economics Journals,0.001020865877034503,0.19617224880382775,0.19617224880382775,-0.04428571428571432
economics_share,Economics Journals,-0.002609087978566158,0.19594594594594594,0.19594594594594594,0.0
economics_share,Economics Journals,0.003401239807104607,0.2097902097902098,0.2097902097902098,-0.155
economics_share,Economics Journals,-0.0011793488933244157,0.7031630170316302,0.7031630170316302,0.31
economics_share,Economics Journals,0.0007406856151858859,0.0,0.0,-0.155
economics_share,Economics Journals,-0.0006863036999187899,1.0,1.0,-0.10333333333333333
economics_share,Economics Journals,0.0019041429114386938,0.0,0.0,0.31
economics_share,Economics Journals,-0.0021643117649456484,0.0,0.0,-0.155
economics_share,Economics Journals,-0.004096764645852363,0.0,0.0,0.31
economics_share,Economics Journals,-0.0014907184114079455,0.3546099290780142,0.3546099290780142,0.31
economics_share,Economics Journals,-0.003866172908208393,0.7105263157894737,0.7105263157894737,-0.31
economics_share,Economics Journals,-0.0043207424872944294,0.7192982456140351,0.7192982456140351,0.31
economics_share,Economics Journals,-0.0010014326828856907,0.743801652892562,0.743801652892562,-0.10333333333333333
economics_share,Economics Journals,-0.0038062166531979236,0.63,0.63,-0.186
economics_share,Economics Journals,0.004632761706118155,0.48344370860927155,0.48344370860927155,0.0
economics_share,Economics Journals,0.0016470535935492274,0.0,0.0,-0.186
economics_share,Economics Journals,0.002374785829658448,1.0,1.0,-0.22142857142857142
economics_share,Economics Journals,0.0011676438944108046,0.0,0.0,0.13285714285714284
economics_share,Economics Journals,-0.0036006172246936404,0.0,0.0,0.31
economics_share,Economics Journals,0.00028180680055598853,0.030303030303030304,0.030303030303030304,-0.248
economics_share,Economics Journals,-0.0024979747754388854,0.5609756097560976,0.5609756097560976,-0.31
economics_share,Economics Journals,0.003467714016162222,0.42105263157894735,0.42105263157894735,0.15499999999999997
economics_share,Economics Journals,0.0014594129180210197,0.4473684210526316,0.4473684210526316,0.07750000000000001
economics_share,Economics Journals,-0.0021898472300747457,0.5,0.5,0.15499999999999997
economics_share,Economics Journals,-0.0028893204388611648,0.75,0.75,0.0
economics_share,Economics Journals,0.0007840211540709396,1.0,1.0,0.07750000000000001
economics_share,Economics Journals,-0.0008905479034414966,0.9629629629629629,0.9629629629629629,0.31
economics_share,Economics Journals,-0.006655353286307296,0.7,0.7,0.0
economics_share,Economics Journals,0.0021551581558235883,0.75,0.75,-0.062
economics_share,Economics Journals,-0.007014137914713065,0.6923076923076923,0.6923076923076923,0.0
economics_share,Economics Journals,0.0024934290933827656,0.8,0.8,0.22142857142857136
economics_share,Economics Journals,0.0007921206552118697,0.7647058823529411,0.7647058823529411,0.23249999999999998
economics_share,Economics Journals,0.0016475751314543575,0.4221556886227545,0.4221556886227545,-0.062
economics_share,Economics Journals,0.001380001654097096,0.05714285714285714,0.05714285714285714,-0.07750000000000001
economics_share,Economics Journals,-0.0005087204620651797,1.0,1.0,0.2066666666666666
economics_share,Economics Journals,-0.003665633413169391,0.5555555555555556,0.5555555555555556,0.186
economics_share,Economics Journals,-0.000714621727111755,0.0,0.0,-0.20666666666666667
economics_share,Economics Journals,-0.0034919520857752996,0.0,0.0,-0.155
economics_share,Economics Journals,0.0030361159217049444,0.14754098360655737,0.14754098360655737,-0.31
economics_share,Economics Journals,0.002170694677956398,0.3963730569948187,0.3963730569948187,0.062
economics_share,Economics Journals,0.002665939721871427,0.0625,0.0625,0.31
economics_share,Economics Journals,-0.0037671662916090153,1.0,1.0,-0.062
economics_share,Economics Journals,-0.006029172682401658,0.5833333333333334,0.5833333333333334,0.0
economics_share,Economics Journals,0.0013642842656285553,0.0,0.0,-0.155
economics_share,Economics Journals,-0.0018200890414621057,0.0,0.0,-0.31
economics_share,Economics Journals,0.001543791415689391,0.20714285714285716,0.20714285714285716,0.23249999999999998
economics_share,Economics Journals,0.0037388074422863935,0.44753086419753085,0.44753086419753085,-0.31
economics_share,Economics Journals,-9.707486096710983e-05,0.08333333333333333,0.08333333333333333,0.31
economics_share,Economics Journals,0.0012689683173044309,1.0,1.0,0.22142857142857136
economics_share,Economics Journals,0.002803012318622381,0.36363636363636365,0.36363636363636365,-0.31
economics_share,Economics Journals,-0.0019126900996121038,0.0,0.0,0.31
economics_share,Economics Journals,-0.0033854803103826516,0.0,0.0,0.0
economics_share,Economics Journals,-0.0007704070909918375,0.20535714285714285,0.20535714285714285,-0.31
economics_share,Economics Journals,-0.001224215239633335,0.4155405405405405,0.4155405405405405,-0.10333333333333333
economics_share,Economics Journals,0.002481601031997987,0.16,0.16,0.13285714285714284
economics_share,Economics Journals,-0.0015155858288568196,1.0,1.0,0.10333333333333333
economics_share,Economics Journals,0.004005545185826057,0.34615384615384615,0.34615384615384615,0.31
economics_share,Economics Journals,0.00020927606985734562,0.0,0.0,0.31
economics_share,Economics Journals,-0.0032309884078955717,0.0,0.0,0.31
economics_share,Economics Journals,0.002205540014523479,0.22137404580152673,0.22137404580152673,0.186
multidisciplinary_share,Multidisciplinary Journals,0.0008611542236345386,0.18718861209964413,0.18718861209964413,0.07750000000000001
multidisciplinary_share,Multidisciplinary Journals,0.0004766718993002692,0.14080459770114942,0.14080459770114942,0.020666666666666667
multidisciplinary_share,Multidisciplinary Journals,-0.0021370977772345364,0.15,0.15,0.0
multidisciplinary_share,Multidisciplinary Journals,-0.0005906633684269417,0.0,0.0,-0.10333333333333333
multidisciplinary_share,Multidisciplinary Journals,-0.000266390723423465,0.03333333333333333,0.03333333333333333,-0.10333333333333333
multidisciplinary_share,Multidisciplinary Journals,0.001617737217634822,1.0,1.0,0.0
multidisciplinary_share,Multidisciplinary Journals,-0.0007770080665959013,0.0,0.0,0.2411111111111111
multidisciplinary_share,Multidisciplinary Journals,-0.000789811751070403,0.035211267605633804,0.035211267605633804,0.17222222222222222
multidisciplinary_share,Multidisciplinary Journals,0.0023893053543365367,0.366412213740458,0.366412213740458,0.0
multidisciplinary_share,Multidisciplinary Journals,-0.0006985085964395916,0.007407407407407408,0.007407407407407408,-0.31
multidisciplinary_share,Multidisciplinary Journals,0.0005113915197484626,0.0,0.0,0.186
multidisciplinary_share,Multidisciplinary Journals,0.00020006501066151069,0.0,0.0,0.0
multidisciplinary_share,Multidisciplinary Journals,0.0007449855070733327,0.125,0.125,-0.23249999999999998
multidisciplinary_share,Multidisciplinary Journals,0.0012569714607203568,0.045454545454545456,0.045454545454545456,0.10333333333333333
multidisciplinary_share,Multidisciplinary Journals,0.0012973525201921503,0.13131313131313133,0.13131313131313133,0.31
multidisciplinary_share,Multidisciplinary Journals,0.00023235789875842279,0.15639810426540285,0.15639810426540285,0.13285714285714284
multidisciplinary_share,Multidisciplinary Journals,0.001496730219348888,0.14521452145214522,0.14521452145214522,-0.31
multidisciplinary_share,Multidisciplinary Journals,0.004778538387292709,0.0,0.0,0.0
multidisciplinary_share,Multidisciplinary Journals,-0.0001110676039138282,0.0,0.0,0.2841666666666666
multidisciplinary_share,Multidisciplinary Journals,0.0008982742590950805,0.0,0.0,0.15499999999999997
multidisciplinary_share,Multidisciplinary Journals,-0.0017802187646844213,1.0,1.0,0.31
multidisciplinary_share,Multidisciplinary Journals,-7.552329364079789e-05,0.0,0.0,0.31
multidisciplinary_share,Multidisciplinary Journals,-0.00019487764040353913,0.01834862385321101,0.01834862385321101,0.07750000000000001
multidisciplinary_share,Multidisciplinary Journals,-0.0008490346624551938,0.3805309734513274,0.3805309734513274,-0.10333333333333333
multidisciplinary_share,Multidisciplinary Journals,-0.0006799688896795049,0.008130081300813009,0.008130081300813009,-0.2411111111111111
multidisciplinary_share,Multidisciplinary Journals,0.003593874286976829,0.0,0.0,-0.10333333333333333
multidisciplinary_share,Multidisciplinary Journals,0.0002311242758499121,0.0,0.0,0.08857142857142852
multidisciplinary_share,Multidisciplinary Journals,-0.0010948543418407293,0.14705882352941177,0.14705882352941177,0.10333333333333333
multidisciplinary_share,Multidisciplinary Journals,-0.0014161191894944255,0.15555555555555556,0.15555555555555556,0.15499999999999997
multidisciplinary_share,Multidisciplinary Journals,0.0037317357487746308,0.11711711711711711,0.11711711711711711,0.31
multidisciplinary_share,Multidisciplinary Journals,-0.0002244007009036915,0.17647058823529413,0.17647058823529413,0.0
multidisciplinary_share,Multidisciplinary Journals,0.0005569307683924,0.20967741935483872,0.20967741935483872,0.22733333333333333
multidisciplinary_share,Multidisciplinary Journals,-0.005098789627027453,0.15625,0.15625,0.0
multidisciplinary_share,Multidisciplinary Journals,-0.0013975507620648674,0.0,0.0,0.31
multidisciplinary_share,Multidisciplinary Journals,0.00030984160184012157,0.0,0.0,0.2657142857142856
multidisciplinary_share,Multidisciplinary Journals,-0.00038173506648858386,1.0,1.0,0.31
multidisciplinary_share,Multidisciplinary Journals,-0.00015999458912155173,0.0,0.0,0.15499999999999997
multidisciplinary_share,Multidisciplinary Journals,0.001580920132223239,0.047244094488188976,0.047244094488188976,-0.10333333333333333
multidisciplinary_share,Multidisciplinary Journals,-0.006381691523340956,0.3442622950819672,0.3442622950819672,0.0
multidisciplinary_share,Multidisciplinary Journals,-0.00035760639806904507,0.010869565217391304,0.010869565217391304,-0.2841666666666667
multidisciplinary_share,Multidisciplinary Journals,0.002203850864595991,0.0,0.0,0.0
multidisciplinary_share,Multidisciplinary Journals,0.00021277054965782925,0.0,0.0,0.04428571428571426
multidisciplinary_share,Multidisciplinary Journals,-0.001286607746517461,0.125,0.125,-0.10333333333333333
multidisciplinary_share,Multidisciplinary Journals,0.0023806603505907866,0.20125786163522014,0.20125786163522014,-0.31
multidisciplinary_share,Multidisciplinary Journals,-0.0003180930303857229,0.2413793103448276,0.2413793103448276,-0.20666666666666667
multidisciplinary_share,Multidisciplinary Journals,-0.0002477669385337956,0.375,0.375,-0.07750000000000001
multidisciplinary_share,Multidisciplinary Journals,-0.0016224594861010818,0.2770448548812665,0.2770448548812665,-0.31
multidisciplinary_share,Multidisciplinary Journals,0.0004884805482869797,0.046511627906976744,0.046511627906976744,0.062
multidisciplinary_share,Multidisciplinary Journals,-0.0003490832399363966,0.0,0.0,-0.23249999999999998
multidisciplinary_share,Multidisciplinary Journals,0.0004180126799394354,0.0,0.0,-0.186
multidisciplinary_share,Multidisciplinary Journals,-0.00012221481943915866,1.0,1.0,0.23249999999999998
multidisciplinary_share,Multidisciplinary Journals,-0.00011421957046420169,0.015748031496062992,0.015748031496062992,0.25833333333333336
multidisciplinary_share,Multidisciplinary Journals,-0.0019858712385264843,0.3553113553113553,0.3553113553113553,-0.186
multidisciplinary_share,Multidisciplinary Journals,-0.00020244034794457814,0.0,0.0,0.02583333333333332
multidisciplinary_share,Multidisciplinary Journals,0.00031817058006451676,0.0,0.0,0.31
multidisciplinary_share,Multidisciplinary Journals,0.00018106936065167222,0.0,0.0,-0.08857142857142858
multidisciplinary_share,Multidisciplinary Journals,-0.0003596637694609882,0.21610169491525424,0.21610169491525424,-0.31
multidisciplinary_share,Multidisciplinary Journals,-0.0008454932391008242,0.3652173913043478,0.3652173913043478,-0.034444444444444444
multidisciplinary_share,Multidisciplinary Journals,-0.0018628036866622697,0.4444444444444444,0.4444444444444444,0.062
multidisciplinary_share,Multidisciplinary Journals,0.0018209025154729387,0.07575757575757576,0.07575757575757576,0.0
multidisciplinary_share,Multidisciplinary Journals,0.0005111167504633902,0.0,0.0,0.14466666666666667
multidisciplinary_share,Multidisciplinary Journals,-0.0001995689366128655,0.014492753623188406,0.014492753623188406,0.051666666666666694
multidisciplinary_share,Multidisciplinary Journals,0.0007865270572977302,1.0,1.0,-0.155
multidisciplinary_share,Multidisciplinary Journals,-0.0002915063727991826,0.0,0.0,-0.12916666666666665
multidisciplinary_share,Multidisciplinary Journals,0.001630445710689884,0.0297029702970297,0.0297029702970297,0.10333333333333333
multidisciplinary_share,Multidisciplinary Journals,-0.007561550807121467,0.3585714285714286,0.3585714285714286,0.0
multidisciplinary_share,Multidisciplinary Journals,-0.001088227791003548,0.11627906976744186,0.11627906976744186,0.31
multidisciplinary_share,Multidisciplinary Journals,0.0005837385599687866,0.0,0.0,0.26866666666666666
multidisciplinary_share,Multidisciplinary Journals,0.001637356986855049,0.0,0.0,0.2066666666666666
multidisciplinary_share,Multidisciplinary Journals,0.0007887792127239933,1.0,1.0,-0.07750000000000001
multidisciplinary_share,Multidisciplinary Journals,-0.00017542862404081505,0.0,0.0,0.10333333333333333
multidisciplinary_share,Multidisciplinary Journals,0.0031238133934331576,0.05533596837944664,0.05533596837944664,0.0
multidisciplinary_share,Multidisciplinary Journals,-0.0013155197635915244,0.32,0.32,-0.31
multidisciplinary_share,Multidisciplinary Journals,-0.0028019902744670405,0.3875598086124402,0.3875598086124402,0.0
multidisciplinary_share,Multidisciplinary Journals,-0.005309034469476744,0.3716216216216216,0.3716216216216216,0.0
multidisciplinary_share,Multidisciplinary Journals,0.0023751743887388743,0.35664335664335667,0.35664335664335667,0.31
multidisciplinary_share,Multidisciplinary Journals,0.0004419656822831903,0.0072992700729927005,0.0072992700729927005,-0.020666666666666667
multidisciplinary_share,Multidisciplinary Journals,0.0036767790724931792,0.0,0.0,0.10333333333333333
multidisciplinary_share,Multidisciplinary Journals,-0.0002988466773630365,0.0,0.0,-0.155
multidisciplinary_share,Multidisciplinary Journals,0.000977177410787286,0.08333333333333333,0.08333333333333333,0.31
multidisciplinary_share,Multidisciplinary Journals,-0.00014645548427348596,1.0,1.0,0.2066666666666666
multidisciplinary_share,Multidisciplinary Journals,-0.00035012429460695027,0.0,0.0,-0.2583333333333333
multidisciplinary_share,Multidisciplinary Journals,-0.0008176301918411395,0.0070921985815602835,0.0070921985815602835,0.034444444444444444
multidisciplinary_share,Multidisciplinary Journals,-0.0005229357827682064,0.0,0.0,0.034444444444444444
multidisciplinary_share,Multidisciplinary Journals,-0.0005181317933460273,0.017543859649122806,0.017543859649122806,0.10333333333333333
multidisciplinary_share,Multidisciplinary Journals,-0.0009309120035226307,0.008264462809917356,0.008264462809917356,-0.2411111111111111
multidisciplinary_share,Multidisciplinary Journals,-0.0018497224713339751,0.0,0.0,0.186
multidisciplinary_share,Multidisciplinary Journals,0.002948445308289449,0.0,0.0,0.31
multidisciplinary_share,Multidisciplinary Journals,0.004304105119302395,0.0,0.0,0.0
multidisciplinary_share,Multidisciplinary Journals,0.0008583478712519485,0.0,0.0,0.0
multidisciplinary_share,Multidisciplinary Journals,0.00027578335916246283,0.0,0.0,0.1771428571428571
multidisciplinary_share,Multidisciplinary Journals,-0.0008002523803112116,0.0,0.0,0.10333333333333333
multidisciplinary_share,Multidisciplinary Journals,0.0016591233857257733,0.0,0.0,0.31
multidisciplinary_share,Multidisciplinary Journals,0.0003041957069541189,0.0,0.0,0.22142857142857136
multidisciplinary_share,Multidisciplinary Journals,0.0035773331475626143,0.0,0.0,-0.31
multidisciplinary_share,Multidisciplinary Journals,0.0011091075122389971,0.0,0.0,-0.31
multidisciplinary_share,Multidisciplinary Journals,-0.0009600360499749581,0.0,0.0,-0.31
multidisciplinary_share,Multidisciplinary Journals,0.0005092549988077103,0.0,0.0,0.10333333333333333
multidisciplinary_share,Multidisciplinary Journals,0.000673700209107089,0.0,0.0,-0.31
multidisciplinary_share,Multidisciplinary Journals,0.0003891609582435208,0.0,0.0,-0.22733333333333333
multidisciplinary_share,Multidisciplinary Journals,0.0004340210033330467,0.0,0.0,-0.10333333333333333
multidisciplinary_share,Multidisciplinary Journals,0.0001121720552411362,0.0,0.0,-0.13285714285714287
multidisciplinary_share,Multidisciplinary Journals,0.00019759425579112406,0.0,0.0,-0.04428571428571432
multidisciplinary_share,Multidisciplinary Journals,1.1033396977535626e-05,0.0,0.0,-0.31
multidisciplinary_share,Multidisciplinary Journals,-0.00023165849308947592,0.0,0.0,-0.02583333333333332
multidisciplinary_share,Multidisciplinary Journals,0.0009689370405268116,0.19161676646706588,0.19161676646706588,0.23249999999999998
multidisciplinary_share,Multidisciplinary Journals,0.0006644879534625258,0.02857142857142857,0.02857142857142857,0.31
multidisciplinary_share,Multidisciplinary Journals,-0.0001688840267111717,0.0,0.0,0.12916666666666665
multidisciplinary_share,Multidisciplinary Journals,7.415404850294299e-05,0.0,0.0,-0.22142857142857142
multidisciplinary_share,Multidisciplinary Journals,-0.00030359543821716864,1.0,1.0,-0.18083333333333335
multidisciplinary_share,Multidisciplinary Journals,-0.00024351536578674082,0.0,0.0,-0.051666666666666694
multidisciplinary_share,Multidisciplinary Journals,4.8203318324985904e-05,0.00819672131147541,0.00819672131147541,-0.26571428571428574
multidisciplinary_share,Multidisciplinary Journals,0.00043404261892286515,0.23056994818652848,0.23056994818652848,-0.062
multidisciplinary_share,Multidisciplinary Journals,0.002860927551429543,0.041666666666666664,0.041666666666666664,-0.31
multidisciplinary_share,Multidisciplinary Journals,-0.0006726782030953136,0.0,0.0,-0.17222222222222222
multidisciplinary_share,Multidisciplinary Journals,0.00010988813428937667,0.0,0.0,-0.17714285714285716
multidisciplinary_share,Multidisciplinary Journals,0.0011752005806686598,1.0,1.0,-0.10333333333333333
multidisciplinary_share,Multidisciplinary Journals,-0.0001494937102170077,0.0,0.0,0.18083333333333335
multidisciplinary_share,Multidisciplinary Journals,0.001526422319990966,0.02142857142857143,0.02142857142857143,-0.20666666666666667
multidisciplinary_share,Multidisciplinary Journals,0.0024089408886939336,0.18209876543209877,0.18209876543209877,0.31
multidisciplinary_share,Multidisciplinary Journals,-0.0015105480002041301,0.08333333333333333,0.08333333333333333,0.0
multidisciplinary_share,Multidisciplinary Journals,-0.00041535124333409794,0.0,0.0,0.2411111111111111
multidisciplinary_share,Multidisciplinary Journals,0.00034479673581802204,0.045454545454545456,0.045454545454545456,-0.26866666666666666
multidisciplinary_share,Multidisciplinary Journals,-0.0015940874558310982,1.0,1.0,-0.155
multidisciplinary_share,Multidisciplinary Journals,-0.0007123803509443816,0.0,0.0,0.31
multidisciplinary_share,Multidisciplinary Journals,-0.0004984066937860955,0.017857142857142856,0.017857142857142856,0.17222222222222222
multidisciplinary_share,Multidisciplinary Journals,0.0003423630633804015,0.17229729729729729,0.17229729729729729,-0.31
multidisciplinary_share,Multidisciplinary Journals,-0.0020040092659514993,0.2,0.2,-0.31
multidisciplinary_share,Multidisciplinary Journals,-0.001938646227531899,0.0,0.0,-0.062
multidisciplinary_share,Multidisciplinary Journals,0.00042679986021604516,0.0,0.0,-0.14466666666666667
multidisciplinary_share,Multidisciplinary Journals,0.0020826634665444548,1.0,1.0,-0.31
multidisciplinary_share,Multidisciplinary Journals,-0.0008771749269273264,0.0,0.0,-0.17222222222222222
multidisciplinary_share,Multidisciplinary Journals,-0.0005906423509763492,0.06870229007633588,0.06870229007633588,-0.034444444444444444
